pass,client_id,t_start_utc,file,keyword,count,from_cache,server,latency_ms,source_file
1,004e732ec515,2025-10-15T11:50:11.994845,shrek,FARQUAAD,84,True,c060a1e70889,11.178457000369235,latency-004e732ec515.csv
1,004e732ec515,2025-10-15T11:50:12.117159,shrek3,Whoa,7,True,c060a1e70889,7.322250000015629,latency-004e732ec515.csv
1,004e732ec515,2025-10-15T11:50:12.233448,shrek,SHREK,433,True,c060a1e70889,5.308373999923788,latency-004e732ec515.csv
1,004e732ec515,2025-10-15T11:50:12.345684,shrek3,the,1285,True,5d32a63602e5,8.484682000016619,latency-004e732ec515.csv
1,004e732ec515,2025-10-15T11:50:12.465840,shrek,you,409,True,5d32a63602e5,6.4489579999644775,latency-004e732ec515.csv
1,004e732ec515,2025-10-15T11:50:12.580401,shrek3,Uh,18,True,c060a1e70889,14.63169199996628,latency-004e732ec515.csv
1,004e732ec515,2025-10-15T11:50:12.702934,shrek,rising,1,True,5d32a63602e5,10.52043700019567,latency-004e732ec515.csv
1,004e732ec515,2025-10-15T11:50:12.820527,shrek,lay,2,True,5d32a63602e5,6.3041810003596765,latency-004e732ec515.csv
1,004e732ec515,2025-10-15T11:50:12.933534,shrek,to,268,True,5d32a63602e5,7.650795000245125,latency-004e732ec515.csv
1,004e732ec515,2025-10-15T11:50:13.047885,shrek3,of,275,True,5d32a63602e5,15.573018999930357,latency-004e732ec515.csv
1,004e732ec515,2025-10-15T11:50:13.173065,grail,is,317,True,5d32a63602e5,6.86049300020386,latency-004e732ec515.csv
1,004e732ec515,2025-10-15T11:50:13.289978,grail,I,298,True,4ee8a2a45a7d,5.064168999979302,latency-004e732ec515.csv
1,004e732ec515,2025-10-15T11:50:13.400733,shrek,INSIDE,16,True,5d32a63602e5,4.998700999749417,latency-004e732ec515.csv
1,004e732ec515,2025-10-15T11:50:13.510921,shrek3,the,1285,True,c060a1e70889,16.038173000197276,latency-004e732ec515.csv
1,004e732ec515,2025-10-15T11:50:13.636211,shrek3,WHITE,45,True,c060a1e70889,5.756677000135824,latency-004e732ec515.csv
1,004e732ec515,2025-10-15T11:50:13.747845,shrek3,-,110,True,5d32a63602e5,6.896844000038982,latency-004e732ec515.csv
1,004e732ec515,2025-10-15T11:50:13.860635,grail,thus,5,True,c060a1e70889,6.597391000013886,latency-004e732ec515.csv
1,004e732ec515,2025-10-15T11:50:13.974955,shrek,fair,2,True,c060a1e70889,7.192770000074233,latency-004e732ec515.csv
1,004e732ec515,2025-10-15T11:50:14.088293,shrek3,you,328,True,c060a1e70889,4.987329999948997,latency-004e732ec515.csv
1,004e732ec515,2025-10-15T11:50:14.199302,shrek3,us,12,True,5d32a63602e5,6.9728720000057365,latency-004e732ec515.csv
2,004e732ec515,2025-10-15T11:50:14.314012,shrek,FARQUAAD,84,True,5d32a63602e5,6.306069999936881,latency-004e732ec515.csv
2,004e732ec515,2025-10-15T11:50:14.426302,shrek3,Whoa,7,True,c060a1e70889,9.56207799981712,latency-004e732ec515.csv
2,004e732ec515,2025-10-15T11:50:14.561958,shrek,SHREK,433,True,c060a1e70889,5.180005000056553,latency-004e732ec515.csv
2,004e732ec515,2025-10-15T11:50:14.672184,shrek3,the,1285,True,c060a1e70889,4.733651999686117,latency-004e732ec515.csv
2,004e732ec515,2025-10-15T11:50:14.782206,shrek,you,409,True,c060a1e70889,8.033740999962902,latency-004e732ec515.csv
2,004e732ec515,2025-10-15T11:50:14.896332,shrek3,Uh,18,True,5d32a63602e5,6.274410000060016,latency-004e732ec515.csv
2,004e732ec515,2025-10-15T11:50:15.008982,shrek,rising,1,True,5d32a63602e5,6.244571000024735,latency-004e732ec515.csv
2,004e732ec515,2025-10-15T11:50:15.125529,shrek,lay,2,True,5d32a63602e5,5.675880000126199,latency-004e732ec515.csv
2,004e732ec515,2025-10-15T11:50:15.237349,shrek,to,268,True,5d32a63602e5,7.074861000091914,latency-004e732ec515.csv
2,004e732ec515,2025-10-15T11:50:15.355084,shrek3,of,275,True,5d32a63602e5,10.228735000055169,latency-004e732ec515.csv
2,004e732ec515,2025-10-15T11:50:15.476511,grail,is,317,True,4ee8a2a45a7d,5.056876000253396,latency-004e732ec515.csv
2,004e732ec515,2025-10-15T11:50:15.589672,grail,I,298,True,4ee8a2a45a7d,12.099099000351998,latency-004e732ec515.csv
2,004e732ec515,2025-10-15T11:50:15.723697,shrek,INSIDE,16,True,5d32a63602e5,8.412792999934027,latency-004e732ec515.csv
2,004e732ec515,2025-10-15T11:50:15.839542,shrek3,the,1285,True,5d32a63602e5,11.022519000107422,latency-004e732ec515.csv
2,004e732ec515,2025-10-15T11:50:15.962568,shrek3,WHITE,45,True,4ee8a2a45a7d,8.871279999766557,latency-004e732ec515.csv
2,004e732ec515,2025-10-15T11:50:16.079513,shrek3,-,110,True,5d32a63602e5,11.877472999913152,latency-004e732ec515.csv
2,004e732ec515,2025-10-15T11:50:16.200601,grail,thus,5,True,5d32a63602e5,15.241434000017762,latency-004e732ec515.csv
2,004e732ec515,2025-10-15T11:50:16.338807,shrek,fair,2,True,5d32a63602e5,10.21776299967314,latency-004e732ec515.csv
2,004e732ec515,2025-10-15T11:50:16.458432,shrek3,you,328,True,c060a1e70889,7.031642000129068,latency-004e732ec515.csv
2,004e732ec515,2025-10-15T11:50:16.571253,shrek3,us,12,True,c060a1e70889,8.201100999940536,latency-004e732ec515.csv
1,01005ce12559,2025-10-15T11:50:04.043682,grail,at,104,True,c060a1e70889,5.295930000102089,latency-01005ce12559.csv
1,01005ce12559,2025-10-15T11:50:04.154675,grail,BEDEVERE,103,True,c060a1e70889,9.280729000238352,latency-01005ce12559.csv
1,01005ce12559,2025-10-15T11:50:04.272538,grail,right,66,True,c060a1e70889,5.446803000268119,latency-01005ce12559.csv
1,01005ce12559,2025-10-15T11:50:04.385582,grail,king,136,True,5d32a63602e5,7.63523899968277,latency-01005ce12559.csv
1,01005ce12559,2025-10-15T11:50:04.499642,grail,Auuuuuuuugh,2,True,5d32a63602e5,7.600966999689263,latency-01005ce12559.csv
1,01005ce12559,2025-10-15T11:50:04.615144,grail,Aaaaugh,9,True,c060a1e70889,10.47320799989393,latency-01005ce12559.csv
1,01005ce12559,2025-10-15T11:50:04.733578,shrek3,WHITE,45,True,c060a1e70889,9.166661999643113,latency-01005ce12559.csv
1,01005ce12559,2025-10-15T11:50:04.850269,shrek3,"Bay""",0,True,c060a1e70889,8.421467000061966,latency-01005ce12559.csv
1,01005ce12559,2025-10-15T11:50:04.965247,shrek3,Cinderella,21,True,5d32a63602e5,15.60538900002939,latency-01005ce12559.csv
1,01005ce12559,2025-10-15T11:50:05.093090,shrek,baby,3,True,4ee8a2a45a7d,13.929359000030672,latency-01005ce12559.csv
1,01005ce12559,2025-10-15T11:50:05.216526,grail,Butts,2,True,4ee8a2a45a7d,9.918307999669196,latency-01005ce12559.csv
1,01005ce12559,2025-10-15T11:50:05.334246,grail,To,718,True,4ee8a2a45a7d,11.19295799981046,latency-01005ce12559.csv
1,01005ce12559,2025-10-15T11:50:05.453609,grail,To,718,True,4ee8a2a45a7d,11.488582999845676,latency-01005ce12559.csv
1,01005ce12559,2025-10-15T11:50:05.572561,shrek3,SCHOOL,14,True,c060a1e70889,11.997011999937968,latency-01005ce12559.csv
1,01005ce12559,2025-10-15T11:50:05.691597,shrek,Blah,1,True,5d32a63602e5,5.8684079999693495,latency-01005ce12559.csv
1,01005ce12559,2025-10-15T11:50:05.802637,grail,CALLS,3,True,c060a1e70889,9.047470000041358,latency-01005ce12559.csv
1,01005ce12559,2025-10-15T11:50:05.918238,shrek,Nobody,4,True,5d32a63602e5,6.513963000088552,latency-01005ce12559.csv
1,01005ce12559,2025-10-15T11:50:06.037948,shrek3,boomerang,1,True,c060a1e70889,5.089228000088042,latency-01005ce12559.csv
1,01005ce12559,2025-10-15T11:50:06.151209,grail,from,94,True,c060a1e70889,5.39220100017701,latency-01005ce12559.csv
1,01005ce12559,2025-10-15T11:50:06.263663,shrek3,TO,511,True,c060a1e70889,5.761094000263256,latency-01005ce12559.csv
2,01005ce12559,2025-10-15T11:50:06.376021,grail,at,104,True,c060a1e70889,5.788131999906909,latency-01005ce12559.csv
2,01005ce12559,2025-10-15T11:50:06.488351,grail,BEDEVERE,103,True,5d32a63602e5,6.987610000123823,latency-01005ce12559.csv
2,01005ce12559,2025-10-15T11:50:06.602706,grail,right,66,True,c060a1e70889,6.8184069996277685,latency-01005ce12559.csv
2,01005ce12559,2025-10-15T11:50:06.716890,grail,king,136,True,c060a1e70889,6.037543000275036,latency-01005ce12559.csv
2,01005ce12559,2025-10-15T11:50:06.830167,grail,Auuuuuuuugh,2,True,5d32a63602e5,6.081487999836099,latency-01005ce12559.csv
2,01005ce12559,2025-10-15T11:50:06.943010,grail,Aaaaugh,9,True,c060a1e70889,7.713953000347828,latency-01005ce12559.csv
2,01005ce12559,2025-10-15T11:50:07.058433,shrek3,WHITE,45,True,c060a1e70889,7.852828000068257,latency-01005ce12559.csv
2,01005ce12559,2025-10-15T11:50:07.174375,shrek3,"Bay""",0,True,c060a1e70889,7.082965999870794,latency-01005ce12559.csv
2,01005ce12559,2025-10-15T11:50:07.288208,shrek3,Cinderella,21,True,5d32a63602e5,18.34218400017562,latency-01005ce12559.csv
2,01005ce12559,2025-10-15T11:50:07.420239,shrek,baby,3,True,c060a1e70889,6.77502700000332,latency-01005ce12559.csv
2,01005ce12559,2025-10-15T11:50:07.535320,grail,Butts,2,True,c060a1e70889,7.396961999802443,latency-01005ce12559.csv
2,01005ce12559,2025-10-15T11:50:07.653127,grail,To,718,True,c060a1e70889,6.593513000098028,latency-01005ce12559.csv
2,01005ce12559,2025-10-15T11:50:07.767501,grail,To,718,True,5d32a63602e5,4.690770000252087,latency-01005ce12559.csv
2,01005ce12559,2025-10-15T11:50:07.877762,shrek3,SCHOOL,14,True,c060a1e70889,6.637535000209027,latency-01005ce12559.csv
2,01005ce12559,2025-10-15T11:50:07.991621,shrek,Blah,1,True,c060a1e70889,7.142617999761569,latency-01005ce12559.csv
2,01005ce12559,2025-10-15T11:50:08.104414,grail,CALLS,3,True,c060a1e70889,8.072877000358858,latency-01005ce12559.csv
2,01005ce12559,2025-10-15T11:50:08.218596,shrek,Nobody,4,True,c060a1e70889,7.859475999794085,latency-01005ce12559.csv
2,01005ce12559,2025-10-15T11:50:08.333337,shrek3,boomerang,1,True,c060a1e70889,7.494340999983251,latency-01005ce12559.csv
2,01005ce12559,2025-10-15T11:50:08.447168,grail,from,94,True,c060a1e70889,7.13163499995062,latency-01005ce12559.csv
2,01005ce12559,2025-10-15T11:50:08.559674,shrek3,TO,511,True,c060a1e70889,9.04070300020976,latency-01005ce12559.csv
1,01959004bd0e,2025-10-15T11:50:04.379311,grail,Christ,8,True,c060a1e70889,10.984552000081749,latency-01959004bd0e.csv
1,01959004bd0e,2025-10-15T11:50:04.496855,shrek3,SNOW,49,True,c060a1e70889,7.753239000066969,latency-01959004bd0e.csv
1,01959004bd0e,2025-10-15T11:50:04.612672,shrek3,showing,1,True,c060a1e70889,12.465402000088943,latency-01959004bd0e.csv
1,01959004bd0e,2025-10-15T11:50:04.734090,shrek3,you,328,True,c060a1e70889,9.23408800008474,latency-01959004bd0e.csv
1,01959004bd0e,2025-10-15T11:50:04.850269,grail,grabbing,5,True,c060a1e70889,8.84788799976377,latency-01959004bd0e.csv
1,01959004bd0e,2025-10-15T11:50:04.965726,grail,-,259,True,5d32a63602e5,16.132339999785472,latency-01959004bd0e.csv
1,01959004bd0e,2025-10-15T11:50:05.094316,grail,from,94,True,4ee8a2a45a7d,12.819579999813868,latency-01959004bd0e.csv
1,01959004bd0e,2025-10-15T11:50:05.217010,shrek,(standing,0,True,4ee8a2a45a7d,9.239322999746946,latency-01959004bd0e.csv
1,01959004bd0e,2025-10-15T11:50:05.333395,shrek3,BOAT,32,True,4ee8a2a45a7d,11.261756999829233,latency-01959004bd0e.csv
1,01959004bd0e,2025-10-15T11:50:05.451945,shrek,DONKEY,320,True,4ee8a2a45a7d,11.545828000180336,latency-01959004bd0e.csv
1,01959004bd0e,2025-10-15T11:50:05.571606,grail,the,1600,True,c060a1e70889,9.43895699992936,latency-01959004bd0e.csv
1,01959004bd0e,2025-10-15T11:50:05.689566,grail,THREE-HEADED,8,True,c060a1e70889,6.885049999709736,latency-01959004bd0e.csv
1,01959004bd0e,2025-10-15T11:50:05.802226,shrek3,of,275,True,c060a1e70889,7.239779999963503,latency-01959004bd0e.csv
1,01959004bd0e,2025-10-15T11:50:05.916425,grail,Auuuuuuuugh,2,True,c060a1e70889,7.541124999988824,latency-01959004bd0e.csv
1,01959004bd0e,2025-10-15T11:50:06.043122,shrek,tell,25,True,5d32a63602e5,7.391403000383434,latency-01959004bd0e.csv
1,01959004bd0e,2025-10-15T11:50:06.157283,grail,Ecky-Ecky-Ecky,1,True,5d32a63602e5,6.9282529998417886,latency-01959004bd0e.csv
1,01959004bd0e,2025-10-15T11:50:06.270663,grail,Bridge,30,True,5d32a63602e5,7.168970999828161,latency-01959004bd0e.csv
1,01959004bd0e,2025-10-15T11:50:06.384049,grail,are,114,True,5d32a63602e5,6.409844999780034,latency-01959004bd0e.csv
1,01959004bd0e,2025-10-15T11:50:06.496341,shrek3,to,511,True,c060a1e70889,8.424264999575826,latency-01959004bd0e.csv
1,01959004bd0e,2025-10-15T11:50:06.612343,shrek,you,409,True,5d32a63602e5,6.473614999777055,latency-01959004bd0e.csv
2,01959004bd0e,2025-10-15T11:50:06.724944,grail,Christ,8,True,5d32a63602e5,6.810825999764347,latency-01959004bd0e.csv
2,01959004bd0e,2025-10-15T11:50:06.839068,shrek3,SNOW,49,True,c060a1e70889,4.877762999967672,latency-01959004bd0e.csv
2,01959004bd0e,2025-10-15T11:50:06.949387,shrek3,showing,1,True,4ee8a2a45a7d,7.041630999992776,latency-01959004bd0e.csv
2,01959004bd0e,2025-10-15T11:50:07.065058,shrek3,you,328,True,4ee8a2a45a7d,7.192249000127049,latency-01959004bd0e.csv
2,01959004bd0e,2025-10-15T11:50:07.178969,grail,grabbing,5,True,4ee8a2a45a7d,5.960868999864033,latency-01959004bd0e.csv
2,01959004bd0e,2025-10-15T11:50:07.297384,grail,-,259,True,4ee8a2a45a7d,13.565249000293989,latency-01959004bd0e.csv
2,01959004bd0e,2025-10-15T11:50:07.425998,grail,from,94,True,4ee8a2a45a7d,7.221940000363247,latency-01959004bd0e.csv
2,01959004bd0e,2025-10-15T11:50:07.542653,shrek,(standing,0,True,5d32a63602e5,19.93206099996314,latency-01959004bd0e.csv
2,01959004bd0e,2025-10-15T11:50:07.673133,shrek3,BOAT,32,True,c060a1e70889,8.135743999901024,latency-01959004bd0e.csv
2,01959004bd0e,2025-10-15T11:50:07.789863,shrek,DONKEY,320,True,c060a1e70889,7.0797600001242245,latency-01959004bd0e.csv
2,01959004bd0e,2025-10-15T11:50:07.906001,grail,the,1600,True,c060a1e70889,8.384056000068085,latency-01959004bd0e.csv
2,01959004bd0e,2025-10-15T11:50:08.022336,grail,THREE-HEADED,8,True,c060a1e70889,5.125799999859737,latency-01959004bd0e.csv
2,01959004bd0e,2025-10-15T11:50:08.134706,shrek3,of,275,True,c060a1e70889,5.302362000293215,latency-01959004bd0e.csv
2,01959004bd0e,2025-10-15T11:50:08.246103,grail,Auuuuuuuugh,2,True,5d32a63602e5,10.979784000028303,latency-01959004bd0e.csv
2,01959004bd0e,2025-10-15T11:50:08.365454,shrek,tell,25,True,c060a1e70889,5.481271000007837,latency-01959004bd0e.csv
2,01959004bd0e,2025-10-15T11:50:08.476743,grail,Ecky-Ecky-Ecky,1,True,c060a1e70889,6.400197999937518,latency-01959004bd0e.csv
2,01959004bd0e,2025-10-15T11:50:08.588458,grail,Bridge,30,True,4ee8a2a45a7d,11.116960999970615,latency-01959004bd0e.csv
2,01959004bd0e,2025-10-15T11:50:08.706106,grail,are,114,True,c060a1e70889,8.336048000273877,latency-01959004bd0e.csv
2,01959004bd0e,2025-10-15T11:50:08.821252,shrek3,to,511,True,c060a1e70889,6.622775999858277,latency-01959004bd0e.csv
2,01959004bd0e,2025-10-15T11:50:08.935852,shrek,you,409,True,c060a1e70889,8.558200000152283,latency-01959004bd0e.csv
1,01c3b3cfc1c8,2025-10-15T11:50:15.137790,grail,Christ,8,True,c060a1e70889,5.7059589998971205,latency-01c3b3cfc1c8.csv
1,01c3b3cfc1c8,2025-10-15T11:50:15.249641,grail,music,21,True,c060a1e70889,8.551062000151433,latency-01c3b3cfc1c8.csv
1,01c3b3cfc1c8,2025-10-15T11:50:15.364428,shrek3,the,1285,True,4ee8a2a45a7d,10.818592999839892,latency-01c3b3cfc1c8.csv
1,01c3b3cfc1c8,2025-10-15T11:50:15.483545,grail,pseudonym,1,True,c060a1e70889,7.069681000302808,latency-01c3b3cfc1c8.csv
1,01c3b3cfc1c8,2025-10-15T11:50:15.596474,grail,of,684,True,c060a1e70889,17.937159000211977,latency-01c3b3cfc1c8.csv
1,01c3b3cfc1c8,2025-10-15T11:50:15.728535,shrek3,at,134,True,4ee8a2a45a7d,7.252189999690017,latency-01c3b3cfc1c8.csv
1,01c3b3cfc1c8,2025-10-15T11:50:15.845814,grail,on,139,True,4ee8a2a45a7d,10.082821000196418,latency-01c3b3cfc1c8.csv
1,01c3b3cfc1c8,2025-10-15T11:50:15.966664,grail,pause,10,True,c060a1e70889,9.163462999822514,latency-01c3b3cfc1c8.csv
1,01c3b3cfc1c8,2025-10-15T11:50:16.085316,shrek3,reason,2,True,4ee8a2a45a7d,8.663831999911054,latency-01c3b3cfc1c8.csv
1,01c3b3cfc1c8,2025-10-15T11:50:16.202227,shrek,FIONA'S,3,True,5d32a63602e5,18.678169999930105,latency-01c3b3cfc1c8.csv
1,01c3b3cfc1c8,2025-10-15T11:50:16.331838,shrek,after,10,True,c060a1e70889,4.943885999637132,latency-01c3b3cfc1c8.csv
1,01c3b3cfc1c8,2025-10-15T11:50:16.445316,shrek3,Be,71,True,c060a1e70889,6.166785000004893,latency-01c3b3cfc1c8.csv
1,01c3b3cfc1c8,2025-10-15T11:50:16.557540,grail,Butts,2,True,c060a1e70889,4.992575999949622,latency-01c3b3cfc1c8.csv
1,01c3b3cfc1c8,2025-10-15T11:50:16.668128,shrek,SHREK,433,True,5d32a63602e5,9.492979999777162,latency-01c3b3cfc1c8.csv
1,01c3b3cfc1c8,2025-10-15T11:50:16.787863,shrek,I,386,True,c060a1e70889,5.00904900036403,latency-01c3b3cfc1c8.csv
1,01c3b3cfc1c8,2025-10-15T11:50:16.897684,shrek3,reason,2,True,5d32a63602e5,5.836176999764575,latency-01c3b3cfc1c8.csv
1,01c3b3cfc1c8,2025-10-15T11:50:17.008880,shrek,DONKEY,320,True,5d32a63602e5,5.962036999790144,latency-01c3b3cfc1c8.csv
1,01c3b3cfc1c8,2025-10-15T11:50:17.123231,shrek3,PUSS,196,True,c060a1e70889,23.862402999839105,latency-01c3b3cfc1c8.csv
1,01c3b3cfc1c8,2025-10-15T11:50:17.264975,grail,"Oh,",2,True,5d32a63602e5,4.8013040000114415,latency-01c3b3cfc1c8.csv
1,01c3b3cfc1c8,2025-10-15T11:50:17.375324,shrek,DONKEY,320,True,5d32a63602e5,4.981028000202059,latency-01c3b3cfc1c8.csv
2,01c3b3cfc1c8,2025-10-15T11:50:17.486142,grail,Christ,8,True,5d32a63602e5,6.060788000013417,latency-01c3b3cfc1c8.csv
2,01c3b3cfc1c8,2025-10-15T11:50:17.598751,grail,music,21,True,c060a1e70889,11.344930999712233,latency-01c3b3cfc1c8.csv
2,01c3b3cfc1c8,2025-10-15T11:50:17.717015,shrek3,the,1285,True,c060a1e70889,8.715511999980663,latency-01c3b3cfc1c8.csv
2,01c3b3cfc1c8,2025-10-15T11:50:17.833653,grail,pseudonym,1,True,c060a1e70889,10.903363000124957,latency-01c3b3cfc1c8.csv
2,01c3b3cfc1c8,2025-10-15T11:50:17.951792,grail,of,684,True,c060a1e70889,7.293125000160217,latency-01c3b3cfc1c8.csv
2,01c3b3cfc1c8,2025-10-15T11:50:18.064726,shrek3,at,134,True,c060a1e70889,6.409607000023243,latency-01c3b3cfc1c8.csv
2,01c3b3cfc1c8,2025-10-15T11:50:18.177169,grail,on,139,True,c060a1e70889,6.009663999975601,latency-01c3b3cfc1c8.csv
2,01c3b3cfc1c8,2025-10-15T11:50:18.287802,grail,pause,10,True,c060a1e70889,8.057572999859985,latency-01c3b3cfc1c8.csv
2,01c3b3cfc1c8,2025-10-15T11:50:18.401365,shrek3,reason,2,True,c060a1e70889,6.428943999708281,latency-01c3b3cfc1c8.csv
2,01c3b3cfc1c8,2025-10-15T11:50:18.513036,shrek,FIONA'S,3,True,c060a1e70889,4.9290070001006825,latency-01c3b3cfc1c8.csv
2,01c3b3cfc1c8,2025-10-15T11:50:18.622666,shrek,after,10,True,c060a1e70889,5.124367000007624,latency-01c3b3cfc1c8.csv
2,01c3b3cfc1c8,2025-10-15T11:50:18.732821,shrek3,Be,71,True,c060a1e70889,6.918256999597361,latency-01c3b3cfc1c8.csv
2,01c3b3cfc1c8,2025-10-15T11:50:18.845458,grail,Butts,2,True,c060a1e70889,5.416264999894338,latency-01c3b3cfc1c8.csv
2,01c3b3cfc1c8,2025-10-15T11:50:18.955867,shrek,SHREK,433,True,c060a1e70889,5.3814670000065234,latency-01c3b3cfc1c8.csv
2,01c3b3cfc1c8,2025-10-15T11:50:19.067199,shrek,I,386,True,c060a1e70889,6.4834899999368645,latency-01c3b3cfc1c8.csv
2,01c3b3cfc1c8,2025-10-15T11:50:19.178539,shrek3,reason,2,True,c060a1e70889,5.633216000205721,latency-01c3b3cfc1c8.csv
2,01c3b3cfc1c8,2025-10-15T11:50:19.289381,shrek,DONKEY,320,True,c060a1e70889,5.408370000168361,latency-01c3b3cfc1c8.csv
2,01c3b3cfc1c8,2025-10-15T11:50:19.399838,shrek3,PUSS,196,True,c060a1e70889,8.152035999955842,latency-01c3b3cfc1c8.csv
2,01c3b3cfc1c8,2025-10-15T11:50:19.517345,grail,"Oh,",2,True,c060a1e70889,5.729814999995142,latency-01c3b3cfc1c8.csv
2,01c3b3cfc1c8,2025-10-15T11:50:19.628725,shrek,DONKEY,320,True,c060a1e70889,4.404741999678663,latency-01c3b3cfc1c8.csv
1,021a0878b8e3,2025-10-15T11:49:53.182756,shrek3,Guards,23,True,c060a1e70889,6.700661000195396,latency-021a0878b8e3.csv
1,021a0878b8e3,2025-10-15T11:49:53.301599,shrek,"Well,",0,True,c060a1e70889,4.362032999779331,latency-021a0878b8e3.csv
1,021a0878b8e3,2025-10-15T11:49:53.410740,grail,“I,0,True,c060a1e70889,23.23634900039906,latency-021a0878b8e3.csv
1,021a0878b8e3,2025-10-15T11:49:53.554283,shrek,FARQUAAD,84,True,c060a1e70889,6.285935000050813,latency-021a0878b8e3.csv
1,021a0878b8e3,2025-10-15T11:49:53.665976,shrek,help,5,True,c060a1e70889,4.773153000314778,latency-021a0878b8e3.csv
1,021a0878b8e3,2025-10-15T11:49:53.775622,shrek3,time,23,True,c060a1e70889,4.398974999730854,latency-021a0878b8e3.csv
1,021a0878b8e3,2025-10-15T11:49:53.884458,shrek,INSIDE,16,True,c060a1e70889,6.0269509999670845,latency-021a0878b8e3.csv
1,021a0878b8e3,2025-10-15T11:49:53.996315,shrek3,right,36,True,c060a1e70889,7.94032200019501,latency-021a0878b8e3.csv
1,021a0878b8e3,2025-10-15T11:49:54.110561,shrek3,ho,8,True,c060a1e70889,6.003271000281529,latency-021a0878b8e3.csv
1,021a0878b8e3,2025-10-15T11:49:54.223051,shrek3,SNOW,49,True,c060a1e70889,4.788723000274331,latency-021a0878b8e3.csv
1,021a0878b8e3,2025-10-15T11:49:54.333006,shrek3,field,3,True,c060a1e70889,8.729472000140959,latency-021a0878b8e3.csv
1,021a0878b8e3,2025-10-15T11:49:54.449787,shrek,after,10,True,4ee8a2a45a7d,8.727252000426233,latency-021a0878b8e3.csv
1,021a0878b8e3,2025-10-15T11:49:54.565276,shrek,placed,1,True,4ee8a2a45a7d,5.1471650003804825,latency-021a0878b8e3.csv
1,021a0878b8e3,2025-10-15T11:49:54.677580,grail,from,94,True,4ee8a2a45a7d,6.278124999880674,latency-021a0878b8e3.csv
1,021a0878b8e3,2025-10-15T11:49:54.789837,shrek,token,1,True,4ee8a2a45a7d,8.818334000352479,latency-021a0878b8e3.csv
1,021a0878b8e3,2025-10-15T11:49:54.910863,grail,toward,10,True,c060a1e70889,4.888186999778554,latency-021a0878b8e3.csv
1,021a0878b8e3,2025-10-15T11:49:55.021739,shrek3,SHOUTING),0,False,5d32a63602e5,17.567505999977584,latency-021a0878b8e3.csv
1,021a0878b8e3,2025-10-15T11:49:55.150424,shrek,old,10,True,c060a1e70889,6.698688000142283,latency-021a0878b8e3.csv
1,021a0878b8e3,2025-10-15T11:49:55.264256,shrek,our,11,True,c060a1e70889,6.3668120001239,latency-021a0878b8e3.csv
1,021a0878b8e3,2025-10-15T11:49:55.377879,shrek3,Gingerbread,37,True,c060a1e70889,4.869109000082972,latency-021a0878b8e3.csv
2,021a0878b8e3,2025-10-15T11:49:55.489499,shrek3,Guards,23,True,c060a1e70889,4.513547999977163,latency-021a0878b8e3.csv
2,021a0878b8e3,2025-10-15T11:49:55.599490,shrek,"Well,",0,True,c060a1e70889,6.651835999946343,latency-021a0878b8e3.csv
2,021a0878b8e3,2025-10-15T11:49:55.713171,grail,“I,0,True,c060a1e70889,7.175685000220256,latency-021a0878b8e3.csv
2,021a0878b8e3,2025-10-15T11:49:55.827765,shrek,FARQUAAD,84,True,c060a1e70889,5.201937000038015,latency-021a0878b8e3.csv
2,021a0878b8e3,2025-10-15T11:49:55.939806,shrek,help,5,True,c060a1e70889,5.267659999844909,latency-021a0878b8e3.csv
2,021a0878b8e3,2025-10-15T11:49:56.050198,shrek3,time,23,True,c060a1e70889,7.672115999866946,latency-021a0878b8e3.csv
2,021a0878b8e3,2025-10-15T11:49:56.167805,shrek,INSIDE,16,True,c060a1e70889,7.076457000039227,latency-021a0878b8e3.csv
2,021a0878b8e3,2025-10-15T11:49:56.282239,shrek3,right,36,True,5d32a63602e5,8.354948000032891,latency-021a0878b8e3.csv
2,021a0878b8e3,2025-10-15T11:49:56.400429,shrek3,ho,8,True,c060a1e70889,6.938234000244847,latency-021a0878b8e3.csv
2,021a0878b8e3,2025-10-15T11:49:56.513652,shrek3,SNOW,49,True,5d32a63602e5,12.206132999835972,latency-021a0878b8e3.csv
2,021a0878b8e3,2025-10-15T11:49:56.671052,shrek3,field,3,True,c060a1e70889,33.86531500018464,latency-021a0878b8e3.csv
2,021a0878b8e3,2025-10-15T11:49:56.841746,shrek,after,10,True,5d32a63602e5,14.169295999636232,latency-021a0878b8e3.csv
2,021a0878b8e3,2025-10-15T11:49:56.967411,shrek,placed,1,True,5d32a63602e5,12.932620999890789,latency-021a0878b8e3.csv
2,021a0878b8e3,2025-10-15T11:49:57.091944,grail,from,94,True,5d32a63602e5,19.01307199977964,latency-021a0878b8e3.csv
2,021a0878b8e3,2025-10-15T11:49:57.232737,shrek,token,1,True,c060a1e70889,10.170218999974168,latency-021a0878b8e3.csv
2,021a0878b8e3,2025-10-15T11:49:57.352340,grail,toward,10,True,c060a1e70889,5.290368999794737,latency-021a0878b8e3.csv
2,021a0878b8e3,2025-10-15T11:49:57.465405,shrek3,SHOUTING),0,True,c060a1e70889,9.040511999955925,latency-021a0878b8e3.csv
2,021a0878b8e3,2025-10-15T11:49:57.581793,shrek,old,10,True,5d32a63602e5,7.384551000086503,latency-021a0878b8e3.csv
2,021a0878b8e3,2025-10-15T11:49:57.695619,shrek,our,11,True,5d32a63602e5,8.081716000106098,latency-021a0878b8e3.csv
2,021a0878b8e3,2025-10-15T11:49:57.810126,shrek3,Gingerbread,37,True,5d32a63602e5,7.901607000349031,latency-021a0878b8e3.csv
1,0426ba0d5b82,2025-10-15T11:50:07.307268,shrek3,Ahh,8,True,c060a1e70889,11.052876999656291,latency-0426ba0d5b82.csv
1,0426ba0d5b82,2025-10-15T11:50:07.429223,shrek3,toward,14,True,c060a1e70889,7.667793000109668,latency-0426ba0d5b82.csv
1,0426ba0d5b82,2025-10-15T11:50:07.544872,shrek3,ARTIE,213,True,5d32a63602e5,22.28395600013755,latency-0426ba0d5b82.csv
1,0426ba0d5b82,2025-10-15T11:50:07.675873,grail,"collective,",0,True,5d32a63602e5,7.028014000297844,latency-0426ba0d5b82.csv
1,0426ba0d5b82,2025-10-15T11:50:07.793530,shrek,swamp,18,True,5d32a63602e5,6.406370000149764,latency-0426ba0d5b82.csv
1,0426ba0d5b82,2025-10-15T11:50:07.911690,shrek3,Shrek,678,True,5d32a63602e5,7.910956999694463,latency-0426ba0d5b82.csv
1,0426ba0d5b82,2025-10-15T11:50:08.029251,shrek3,WHITE,45,True,5d32a63602e5,12.717024000266974,latency-0426ba0d5b82.csv
1,0426ba0d5b82,2025-10-15T11:50:08.157446,grail,3,18,True,c060a1e70889,6.069063999802893,latency-0426ba0d5b82.csv
1,0426ba0d5b82,2025-10-15T11:50:08.270428,shrek3,fall,6,True,c060a1e70889,13.500072000169894,latency-0426ba0d5b82.csv
1,0426ba0d5b82,2025-10-15T11:50:08.390979,shrek3,and,576,True,c060a1e70889,5.8001060001515725,latency-0426ba0d5b82.csv
1,0426ba0d5b82,2025-10-15T11:50:08.503255,shrek3,the,1285,True,c060a1e70889,4.744001999824832,latency-0426ba0d5b82.csv
1,0426ba0d5b82,2025-10-15T11:50:08.615098,shrek3,the,1285,True,c060a1e70889,5.085180000151013,latency-0426ba0d5b82.csv
1,0426ba0d5b82,2025-10-15T11:50:08.727463,shrek,"Ha,",0,True,c060a1e70889,5.825349999668106,latency-0426ba0d5b82.csv
1,0426ba0d5b82,2025-10-15T11:50:08.839214,shrek3,reason,2,True,c060a1e70889,6.310789000053774,latency-0426ba0d5b82.csv
1,0426ba0d5b82,2025-10-15T11:50:08.950961,grail,ANOTHER,25,True,c060a1e70889,8.155050999903324,latency-0426ba0d5b82.csv
1,0426ba0d5b82,2025-10-15T11:50:09.067628,shrek,afraid,8,True,c060a1e70889,8.512261000305443,latency-0426ba0d5b82.csv
1,0426ba0d5b82,2025-10-15T11:50:09.184433,shrek3,116,1,True,5d32a63602e5,30.45686099994782,latency-0426ba0d5b82.csv
1,0426ba0d5b82,2025-10-15T11:50:09.328176,shrek,the,535,True,c060a1e70889,5.8092989997931,latency-0426ba0d5b82.csv
1,0426ba0d5b82,2025-10-15T11:50:09.439712,shrek,SHREK,433,True,c060a1e70889,6.010595000134344,latency-0426ba0d5b82.csv
1,0426ba0d5b82,2025-10-15T11:50:09.551135,grail,and,722,True,c060a1e70889,6.619404000048235,latency-0426ba0d5b82.csv
2,0426ba0d5b82,2025-10-15T11:50:09.664537,shrek3,Ahh,8,True,5d32a63602e5,10.348071999942476,latency-0426ba0d5b82.csv
2,0426ba0d5b82,2025-10-15T11:50:09.782746,shrek3,toward,14,True,5d32a63602e5,8.549392999611882,latency-0426ba0d5b82.csv
2,0426ba0d5b82,2025-10-15T11:50:09.902127,shrek3,ARTIE,213,True,4ee8a2a45a7d,6.073612999898614,latency-0426ba0d5b82.csv
2,0426ba0d5b82,2025-10-15T11:50:10.014654,grail,"collective,",0,True,5d32a63602e5,8.748068999921088,latency-0426ba0d5b82.csv
2,0426ba0d5b82,2025-10-15T11:50:10.133363,shrek,swamp,18,True,c060a1e70889,7.833013999970717,latency-0426ba0d5b82.csv
2,0426ba0d5b82,2025-10-15T11:50:10.249737,shrek3,Shrek,678,True,c060a1e70889,7.692281000345247,latency-0426ba0d5b82.csv
2,0426ba0d5b82,2025-10-15T11:50:10.364315,shrek3,WHITE,45,True,c060a1e70889,7.178715999998531,latency-0426ba0d5b82.csv
2,0426ba0d5b82,2025-10-15T11:50:10.479940,grail,3,18,True,c060a1e70889,10.534228999858897,latency-0426ba0d5b82.csv
2,0426ba0d5b82,2025-10-15T11:50:10.598156,shrek3,fall,6,True,5d32a63602e5,8.890431000054377,latency-0426ba0d5b82.csv
2,0426ba0d5b82,2025-10-15T11:50:10.713846,shrek3,and,576,True,5d32a63602e5,6.553486000029807,latency-0426ba0d5b82.csv
2,0426ba0d5b82,2025-10-15T11:50:10.827808,shrek3,the,1285,True,5d32a63602e5,10.41658499980258,latency-0426ba0d5b82.csv
2,0426ba0d5b82,2025-10-15T11:50:10.947854,shrek3,the,1285,True,5d32a63602e5,6.772029999865481,latency-0426ba0d5b82.csv
2,0426ba0d5b82,2025-10-15T11:50:11.062193,shrek,"Ha,",0,True,5d32a63602e5,6.521007000173995,latency-0426ba0d5b82.csv
2,0426ba0d5b82,2025-10-15T11:50:11.174875,shrek3,reason,2,True,5d32a63602e5,8.77500600017811,latency-0426ba0d5b82.csv
2,0426ba0d5b82,2025-10-15T11:50:11.291944,grail,ANOTHER,25,True,5d32a63602e5,7.962979000240011,latency-0426ba0d5b82.csv
2,0426ba0d5b82,2025-10-15T11:50:11.409803,shrek,afraid,8,True,5d32a63602e5,13.195183999869188,latency-0426ba0d5b82.csv
2,0426ba0d5b82,2025-10-15T11:50:11.531453,shrek3,116,1,True,4ee8a2a45a7d,21.102223000070808,latency-0426ba0d5b82.csv
2,0426ba0d5b82,2025-10-15T11:50:11.668814,shrek,the,535,True,c060a1e70889,9.413498999947478,latency-0426ba0d5b82.csv
2,0426ba0d5b82,2025-10-15T11:50:11.787424,shrek,SHREK,433,True,c060a1e70889,13.480859000083,latency-0426ba0d5b82.csv
2,0426ba0d5b82,2025-10-15T11:50:11.916381,grail,and,722,True,5d32a63602e5,5.847803999586176,latency-0426ba0d5b82.csv
1,053ff71079bf,2025-10-15T11:50:09.356566,grail,BEDEVERE,103,True,c060a1e70889,5.692301000181033,latency-053ff71079bf.csv
1,053ff71079bf,2025-10-15T11:50:09.467945,grail,for,118,True,c060a1e70889,5.047571999966749,latency-053ff71079bf.csv
1,053ff71079bf,2025-10-15T11:50:09.578217,shrek,and,318,True,c060a1e70889,6.237637000140239,latency-053ff71079bf.csv
1,053ff71079bf,2025-10-15T11:50:09.690904,shrek,swamp,18,True,c060a1e70889,6.001306999678491,latency-053ff71079bf.csv
1,053ff71079bf,2025-10-15T11:50:09.803166,shrek3,get,39,True,c060a1e70889,6.664927999736392,latency-053ff71079bf.csv
1,053ff71079bf,2025-10-15T11:50:09.915643,shrek3,WHITE,45,True,c060a1e70889,4.933375000291562,latency-053ff71079bf.csv
1,053ff71079bf,2025-10-15T11:50:10.026062,shrek3,WOLF,7,True,c060a1e70889,10.435486999995192,latency-053ff71079bf.csv
1,053ff71079bf,2025-10-15T11:50:10.143186,shrek3,get,39,True,5d32a63602e5,7.38912499991784,latency-053ff71079bf.csv
1,053ff71079bf,2025-10-15T11:50:10.257216,grail,seek,12,True,5d32a63602e5,7.288594999863562,latency-053ff71079bf.csv
1,053ff71079bf,2025-10-15T11:50:10.372587,shrek3,get,39,True,5d32a63602e5,8.182913999917218,latency-053ff71079bf.csv
1,053ff71079bf,2025-10-15T11:50:10.486606,shrek3,Arg,1,True,5d32a63602e5,7.873322999785159,latency-053ff71079bf.csv
1,053ff71079bf,2025-10-15T11:50:10.600627,shrek,DONKEY,320,True,4ee8a2a45a7d,8.640670000204409,latency-053ff71079bf.csv
1,053ff71079bf,2025-10-15T11:50:10.716270,shrek,to,268,True,4ee8a2a45a7d,6.507095000415575,latency-053ff71079bf.csv
1,053ff71079bf,2025-10-15T11:50:10.829332,grail,grabbing,5,True,5d32a63602e5,10.00560000011319,latency-053ff71079bf.csv
1,053ff71079bf,2025-10-15T11:50:10.947403,grail,few,8,True,5d32a63602e5,7.0635880001646,latency-053ff71079bf.csv
1,053ff71079bf,2025-10-15T11:50:11.062196,shrek,He,118,True,5d32a63602e5,6.220769999799813,latency-053ff71079bf.csv
1,053ff71079bf,2025-10-15T11:50:11.174869,shrek3,glass,9,True,5d32a63602e5,9.052651999809314,latency-053ff71079bf.csv
1,053ff71079bf,2025-10-15T11:50:11.292640,grail,witch,30,True,5d32a63602e5,7.633921999968152,latency-053ff71079bf.csv
1,053ff71079bf,2025-10-15T11:50:11.410992,shrek,FIONA,211,True,5d32a63602e5,11.84164200003579,latency-053ff71079bf.csv
1,053ff71079bf,2025-10-15T11:50:11.531062,shrek3,Third,121,True,4ee8a2a45a7d,11.78703499999756,latency-053ff71079bf.csv
2,053ff71079bf,2025-10-15T11:50:11.659808,grail,BEDEVERE,103,True,5d32a63602e5,5.341238999790221,latency-053ff71079bf.csv
2,053ff71079bf,2025-10-15T11:50:11.773840,grail,for,118,True,5d32a63602e5,7.14226200034318,latency-053ff71079bf.csv
2,053ff71079bf,2025-10-15T11:50:11.888418,shrek,and,318,True,5d32a63602e5,6.377509999765607,latency-053ff71079bf.csv
2,053ff71079bf,2025-10-15T11:50:12.001285,shrek,swamp,18,True,5d32a63602e5,12.640826000279048,latency-053ff71079bf.csv
2,053ff71079bf,2025-10-15T11:50:12.124811,shrek3,get,39,True,5d32a63602e5,8.886804000212578,latency-053ff71079bf.csv
2,053ff71079bf,2025-10-15T11:50:12.240624,shrek3,WHITE,45,True,5d32a63602e5,6.087905000185856,latency-053ff71079bf.csv
2,053ff71079bf,2025-10-15T11:50:12.352942,shrek3,WOLF,7,True,4ee8a2a45a7d,14.000319999922796,latency-053ff71079bf.csv
2,053ff71079bf,2025-10-15T11:50:12.474849,shrek3,get,39,True,c060a1e70889,7.21822900004554,latency-053ff71079bf.csv
2,053ff71079bf,2025-10-15T11:50:12.587588,grail,seek,12,True,4ee8a2a45a7d,10.297649000222007,latency-053ff71079bf.csv
2,053ff71079bf,2025-10-15T11:50:12.705903,shrek3,get,39,True,4ee8a2a45a7d,9.564181999849096,latency-053ff71079bf.csv
2,053ff71079bf,2025-10-15T11:50:12.822192,shrek3,Arg,1,True,4ee8a2a45a7d,5.597347000275477,latency-053ff71079bf.csv
2,053ff71079bf,2025-10-15T11:50:12.934441,shrek,DONKEY,320,True,5d32a63602e5,7.088285999998334,latency-053ff71079bf.csv
2,053ff71079bf,2025-10-15T11:50:13.048043,shrek,to,268,True,5d32a63602e5,14.609759999984815,latency-053ff71079bf.csv
2,053ff71079bf,2025-10-15T11:50:13.170390,grail,grabbing,5,True,c060a1e70889,8.31821800011312,latency-053ff71079bf.csv
2,053ff71079bf,2025-10-15T11:50:13.288518,grail,few,8,True,5d32a63602e5,5.646091000016895,latency-053ff71079bf.csv
2,053ff71079bf,2025-10-15T11:50:13.399891,shrek,He,118,True,5d32a63602e5,5.92891199994483,latency-053ff71079bf.csv
2,053ff71079bf,2025-10-15T11:50:13.511033,shrek3,glass,9,True,c060a1e70889,16.922043000249687,latency-053ff71079bf.csv
2,053ff71079bf,2025-10-15T11:50:13.636345,grail,witch,30,True,c060a1e70889,6.095255000218458,latency-053ff71079bf.csv
2,053ff71079bf,2025-10-15T11:50:13.748796,shrek,FIONA,211,True,5d32a63602e5,6.329961000119511,latency-053ff71079bf.csv
2,053ff71079bf,2025-10-15T11:50:13.861166,shrek3,Third,121,True,c060a1e70889,5.75460700019903,latency-053ff71079bf.csv
1,06b89b6bb4bc,2025-10-15T11:49:49.666737,shrek,on,88,True,c060a1e70889,5.351075999897148,latency-06b89b6bb4bc.csv
1,06b89b6bb4bc,2025-10-15T11:49:49.779101,shrek,help,5,True,c060a1e70889,4.785627000273962,latency-06b89b6bb4bc.csv
1,06b89b6bb4bc,2025-10-15T11:49:49.889922,shrek3,WOLF,7,True,c060a1e70889,7.601892999900883,latency-06b89b6bb4bc.csv
1,06b89b6bb4bc,2025-10-15T11:49:50.005754,shrek,its,1,True,c060a1e70889,6.118317000073148,latency-06b89b6bb4bc.csv
1,06b89b6bb4bc,2025-10-15T11:49:50.118039,shrek,a,305,True,c060a1e70889,7.566063000012946,latency-06b89b6bb4bc.csv
1,06b89b6bb4bc,2025-10-15T11:49:50.236996,shrek,rising,1,True,c060a1e70889,6.428590000268741,latency-06b89b6bb4bc.csv
1,06b89b6bb4bc,2025-10-15T11:49:50.349047,shrek,don't,72,False,5d32a63602e5,15.84598499994172,latency-06b89b6bb4bc.csv
1,06b89b6bb4bc,2025-10-15T11:49:50.471544,shrek,INSIDE,16,True,c060a1e70889,5.450569999993604,latency-06b89b6bb4bc.csv
1,06b89b6bb4bc,2025-10-15T11:49:50.582697,grail,witch,30,True,c060a1e70889,6.163706999814167,latency-06b89b6bb4bc.csv
1,06b89b6bb4bc,2025-10-15T11:49:50.695439,shrek,DONKEY,320,True,c060a1e70889,6.964663999951881,latency-06b89b6bb4bc.csv
1,06b89b6bb4bc,2025-10-15T11:49:50.810367,shrek3,ARTIE,213,True,c060a1e70889,6.341361999602668,latency-06b89b6bb4bc.csv
1,06b89b6bb4bc,2025-10-15T11:49:50.924099,shrek3,Im,1,True,5d32a63602e5,6.370930000230146,latency-06b89b6bb4bc.csv
1,06b89b6bb4bc,2025-10-15T11:49:51.039204,shrek3,decree,1,False,5d32a63602e5,11.81840400022338,latency-06b89b6bb4bc.csv
1,06b89b6bb4bc,2025-10-15T11:49:51.162021,grail,Who’s,3,True,5d32a63602e5,10.34587599997394,latency-06b89b6bb4bc.csv
1,06b89b6bb4bc,2025-10-15T11:49:51.280319,grail,Yeah,13,True,c060a1e70889,6.187708999732422,latency-06b89b6bb4bc.csv
1,06b89b6bb4bc,2025-10-15T11:49:51.391816,grail,To,718,True,4ee8a2a45a7d,15.514562000134902,latency-06b89b6bb4bc.csv
1,06b89b6bb4bc,2025-10-15T11:49:51.520890,shrek,Is,132,True,5d32a63602e5,18.21509399997012,latency-06b89b6bb4bc.csv
1,06b89b6bb4bc,2025-10-15T11:49:51.648400,grail,the,1600,True,5d32a63602e5,8.61765399986325,latency-06b89b6bb4bc.csv
1,06b89b6bb4bc,2025-10-15T11:49:51.768154,grail,singing,33,True,4ee8a2a45a7d,11.4064330000474,latency-06b89b6bb4bc.csv
1,06b89b6bb4bc,2025-10-15T11:49:51.891852,shrek,(standing,0,True,5d32a63602e5,27.477157000248557,latency-06b89b6bb4bc.csv
2,06b89b6bb4bc,2025-10-15T11:49:52.035262,shrek,on,88,True,4ee8a2a45a7d,12.7590990000499,latency-06b89b6bb4bc.csv
2,06b89b6bb4bc,2025-10-15T11:49:52.168061,shrek,help,5,True,5d32a63602e5,6.951799000034953,latency-06b89b6bb4bc.csv
2,06b89b6bb4bc,2025-10-15T11:49:52.282190,shrek3,WOLF,7,True,c060a1e70889,24.24477100021249,latency-06b89b6bb4bc.csv
2,06b89b6bb4bc,2025-10-15T11:49:52.425327,shrek,its,1,True,4ee8a2a45a7d,6.312921000244387,latency-06b89b6bb4bc.csv
2,06b89b6bb4bc,2025-10-15T11:49:52.543129,shrek,a,305,True,c060a1e70889,5.321929000274395,latency-06b89b6bb4bc.csv
2,06b89b6bb4bc,2025-10-15T11:49:52.653781,shrek,rising,1,True,4ee8a2a45a7d,8.257669999693462,latency-06b89b6bb4bc.csv
2,06b89b6bb4bc,2025-10-15T11:49:52.770520,shrek,don't,72,True,4ee8a2a45a7d,9.545062000142934,latency-06b89b6bb4bc.csv
2,06b89b6bb4bc,2025-10-15T11:49:52.889195,shrek,INSIDE,16,True,c060a1e70889,8.682243999828643,latency-06b89b6bb4bc.csv
2,06b89b6bb4bc,2025-10-15T11:49:53.006056,grail,witch,30,True,c060a1e70889,8.044679999784421,latency-06b89b6bb4bc.csv
2,06b89b6bb4bc,2025-10-15T11:49:53.123058,shrek,DONKEY,320,True,c060a1e70889,9.678482999788685,latency-06b89b6bb4bc.csv
2,06b89b6bb4bc,2025-10-15T11:49:53.241126,shrek3,ARTIE,213,True,4ee8a2a45a7d,10.318683000150486,latency-06b89b6bb4bc.csv
2,06b89b6bb4bc,2025-10-15T11:49:53.365606,shrek3,Im,1,True,5d32a63602e5,7.943396999962715,latency-06b89b6bb4bc.csv
2,06b89b6bb4bc,2025-10-15T11:49:53.480762,shrek3,decree,1,True,5d32a63602e5,15.277706000233591,latency-06b89b6bb4bc.csv
2,06b89b6bb4bc,2025-10-15T11:49:53.605996,grail,Who’s,3,True,5d32a63602e5,12.935204999848793,latency-06b89b6bb4bc.csv
2,06b89b6bb4bc,2025-10-15T11:49:53.739249,grail,Yeah,13,True,5d32a63602e5,6.299326000316796,latency-06b89b6bb4bc.csv
2,06b89b6bb4bc,2025-10-15T11:49:53.851779,grail,To,718,True,5d32a63602e5,10.652225999820075,latency-06b89b6bb4bc.csv
2,06b89b6bb4bc,2025-10-15T11:49:53.970061,shrek,Is,132,True,5d32a63602e5,8.60927299981995,latency-06b89b6bb4bc.csv
2,06b89b6bb4bc,2025-10-15T11:49:54.086384,grail,the,1600,True,5d32a63602e5,6.525094999688008,latency-06b89b6bb4bc.csv
2,06b89b6bb4bc,2025-10-15T11:49:54.198641,grail,singing,33,True,5d32a63602e5,8.849996000208193,latency-06b89b6bb4bc.csv
2,06b89b6bb4bc,2025-10-15T11:49:54.314030,shrek,(standing,0,True,c060a1e70889,7.525826000346569,latency-06b89b6bb4bc.csv
1,0b2f3703bd95,2025-10-15T11:49:41.991917,shrek,HOOD,13,False,4ee8a2a45a7d,14.194904000305542,latency-0b2f3703bd95.csv
1,0b2f3703bd95,2025-10-15T11:49:42.113127,shrek,gone,3,True,5d32a63602e5,8.019993999823782,latency-0b2f3703bd95.csv
1,0b2f3703bd95,2025-10-15T11:49:42.231774,grail,to,718,True,5d32a63602e5,10.690464999697724,latency-0b2f3703bd95.csv
1,0b2f3703bd95,2025-10-15T11:49:42.353269,shrek3,-,110,False,4ee8a2a45a7d,16.304149000006873,latency-0b2f3703bd95.csv
1,0b2f3703bd95,2025-10-15T11:49:42.476090,grail,dancing,10,True,c060a1e70889,9.390520999659202,latency-0b2f3703bd95.csv
1,0b2f3703bd95,2025-10-15T11:49:42.593096,shrek3,WHITE,45,True,4ee8a2a45a7d,11.996728999747576,latency-0b2f3703bd95.csv
1,0b2f3703bd95,2025-10-15T11:49:42.718274,grail,pretty,7,True,5d32a63602e5,11.316786999941542,latency-0b2f3703bd95.csv
1,0b2f3703bd95,2025-10-15T11:49:42.842088,shrek,MAN,38,False,4ee8a2a45a7d,18.77869700001611,latency-0b2f3703bd95.csv
1,0b2f3703bd95,2025-10-15T11:49:42.973287,shrek3,CHARMING,232,True,c060a1e70889,6.427207999877282,latency-0b2f3703bd95.csv
1,0b2f3703bd95,2025-10-15T11:49:43.092242,grail,few,8,True,c060a1e70889,19.5450979999805,latency-0b2f3703bd95.csv
1,0b2f3703bd95,2025-10-15T11:49:43.222661,shrek3,showing,1,True,5d32a63602e5,5.285377999825869,latency-0b2f3703bd95.csv
1,0b2f3703bd95,2025-10-15T11:49:43.334002,shrek,GUARD,25,True,c060a1e70889,6.278584000028786,latency-0b2f3703bd95.csv
1,0b2f3703bd95,2025-10-15T11:49:43.446844,shrek,its,1,True,c060a1e70889,6.397501000265038,latency-0b2f3703bd95.csv
1,0b2f3703bd95,2025-10-15T11:49:43.560312,grail,lost,6,True,c060a1e70889,11.100181000074372,latency-0b2f3703bd95.csv
1,0b2f3703bd95,2025-10-15T11:49:43.678877,shrek,fair,2,False,c060a1e70889,18.058887999814036,latency-0b2f3703bd95.csv
1,0b2f3703bd95,2025-10-15T11:49:43.804107,shrek3,2,8,True,c060a1e70889,7.171104000008199,latency-0b2f3703bd95.csv
1,0b2f3703bd95,2025-10-15T11:49:43.917274,grail,us,32,True,c060a1e70889,9.35123499994006,latency-0b2f3703bd95.csv
1,0b2f3703bd95,2025-10-15T11:49:44.032936,grail,Bum,13,True,c060a1e70889,20.336616999884427,latency-0b2f3703bd95.csv
1,0b2f3703bd95,2025-10-15T11:49:44.168965,grail,since,10,True,c060a1e70889,6.813380000039615,latency-0b2f3703bd95.csv
1,0b2f3703bd95,2025-10-15T11:49:44.281643,shrek,placed,1,True,c060a1e70889,8.59008499992342,latency-0b2f3703bd95.csv
2,0b2f3703bd95,2025-10-15T11:49:44.398020,shrek,HOOD,13,True,5d32a63602e5,7.089756999903329,latency-0b2f3703bd95.csv
2,0b2f3703bd95,2025-10-15T11:49:44.510779,shrek,gone,3,True,5d32a63602e5,8.05522300015582,latency-0b2f3703bd95.csv
2,0b2f3703bd95,2025-10-15T11:49:44.634971,grail,to,718,True,c060a1e70889,11.507011000048806,latency-0b2f3703bd95.csv
2,0b2f3703bd95,2025-10-15T11:49:44.755678,shrek3,-,110,True,5d32a63602e5,7.300225000108185,latency-0b2f3703bd95.csv
2,0b2f3703bd95,2025-10-15T11:49:44.869306,grail,dancing,10,True,c060a1e70889,11.89400899966131,latency-0b2f3703bd95.csv
2,0b2f3703bd95,2025-10-15T11:49:44.990049,shrek3,WHITE,45,True,c060a1e70889,11.585685000227386,latency-0b2f3703bd95.csv
2,0b2f3703bd95,2025-10-15T11:49:45.118489,grail,pretty,7,True,5d32a63602e5,6.290817999797582,latency-0b2f3703bd95.csv
2,0b2f3703bd95,2025-10-15T11:49:45.233764,shrek,MAN,38,True,c060a1e70889,7.744285000171658,latency-0b2f3703bd95.csv
2,0b2f3703bd95,2025-10-15T11:49:45.355715,shrek3,CHARMING,232,True,c060a1e70889,7.711721999839938,latency-0b2f3703bd95.csv
2,0b2f3703bd95,2025-10-15T11:49:45.471788,grail,few,8,True,c060a1e70889,15.586205000090558,latency-0b2f3703bd95.csv
2,0b2f3703bd95,2025-10-15T11:49:45.595221,shrek3,showing,1,True,5d32a63602e5,11.675268999624675,latency-0b2f3703bd95.csv
2,0b2f3703bd95,2025-10-15T11:49:45.714014,shrek,GUARD,25,True,c060a1e70889,10.276656000314688,latency-0b2f3703bd95.csv
2,0b2f3703bd95,2025-10-15T11:49:45.833502,shrek,its,1,True,c060a1e70889,12.791709999874,latency-0b2f3703bd95.csv
2,0b2f3703bd95,2025-10-15T11:49:45.957724,grail,lost,6,True,4ee8a2a45a7d,11.749709000014263,latency-0b2f3703bd95.csv
2,0b2f3703bd95,2025-10-15T11:49:46.077960,shrek,fair,2,True,c060a1e70889,8.445722999567806,latency-0b2f3703bd95.csv
2,0b2f3703bd95,2025-10-15T11:49:46.194744,shrek3,2,8,True,c060a1e70889,10.453211999902123,latency-0b2f3703bd95.csv
2,0b2f3703bd95,2025-10-15T11:49:46.316234,grail,us,32,True,c060a1e70889,9.589468000285706,latency-0b2f3703bd95.csv
2,0b2f3703bd95,2025-10-15T11:49:46.439631,grail,Bum,13,True,c060a1e70889,17.15201299975888,latency-0b2f3703bd95.csv
2,0b2f3703bd95,2025-10-15T11:49:46.571963,grail,since,10,True,c060a1e70889,10.086113999932422,latency-0b2f3703bd95.csv
2,0b2f3703bd95,2025-10-15T11:49:46.692337,shrek,placed,1,True,5d32a63602e5,13.91452300003948,latency-0b2f3703bd95.csv
1,0f638bb7c2e9,2025-10-15T11:50:16.434729,shrek3,the,1285,True,c060a1e70889,5.633055999624048,latency-0f638bb7c2e9.csv
1,0f638bb7c2e9,2025-10-15T11:50:16.546243,shrek,and,318,True,c060a1e70889,4.71830200012846,latency-0f638bb7c2e9.csv
1,0f638bb7c2e9,2025-10-15T11:50:16.658594,grail,them,41,True,c060a1e70889,9.924643999966063,latency-0f638bb7c2e9.csv
1,0f638bb7c2e9,2025-10-15T11:50:16.778257,grail,(as,0,True,c060a1e70889,5.56260499979544,latency-0f638bb7c2e9.csv
1,0f638bb7c2e9,2025-10-15T11:50:16.889048,shrek,SHREK,433,True,c060a1e70889,4.571827999825473,latency-0f638bb7c2e9.csv
1,0f638bb7c2e9,2025-10-15T11:50:17.000420,shrek,"Ha,",0,True,c060a1e70889,5.445610999686323,latency-0f638bb7c2e9.csv
1,0f638bb7c2e9,2025-10-15T11:50:17.118656,shrek,at,62,True,c060a1e70889,25.658955999915637,latency-0f638bb7c2e9.csv
1,0f638bb7c2e9,2025-10-15T11:50:17.260923,shrek,your,49,True,c060a1e70889,5.738511999879847,latency-0f638bb7c2e9.csv
1,0f638bb7c2e9,2025-10-15T11:50:17.372040,shrek3,and,576,True,c060a1e70889,5.565619999742921,latency-0f638bb7c2e9.csv
1,0f638bb7c2e9,2025-10-15T11:50:17.483357,shrek3,him,87,True,c060a1e70889,7.080120999944484,latency-0f638bb7c2e9.csv
1,0f638bb7c2e9,2025-10-15T11:50:17.596571,shrek,Is,132,True,c060a1e70889,12.463858000046455,latency-0f638bb7c2e9.csv
1,0f638bb7c2e9,2025-10-15T11:50:17.716377,grail,Michael,11,True,c060a1e70889,9.273427000152878,latency-0f638bb7c2e9.csv
1,0f638bb7c2e9,2025-10-15T11:50:17.833586,shrek,who,29,True,c060a1e70889,11.174305000167806,latency-0f638bb7c2e9.csv
1,0f638bb7c2e9,2025-10-15T11:50:17.954647,shrek,Is,132,True,5d32a63602e5,5.803631999697245,latency-0f638bb7c2e9.csv
1,0f638bb7c2e9,2025-10-15T11:50:18.065935,shrek,SHREK,433,True,c060a1e70889,5.515873999684118,latency-0f638bb7c2e9.csv
1,0f638bb7c2e9,2025-10-15T11:50:18.177239,grail,Footnote,4,True,c060a1e70889,5.986133000078553,latency-0f638bb7c2e9.csv
1,0f638bb7c2e9,2025-10-15T11:50:18.287949,grail,to,718,True,c060a1e70889,7.989931000338402,latency-0f638bb7c2e9.csv
1,0f638bb7c2e9,2025-10-15T11:50:18.401481,grail,Ecky-Ecky-Ecky,1,True,c060a1e70889,6.273692999911873,latency-0f638bb7c2e9.csv
1,0f638bb7c2e9,2025-10-15T11:50:18.512881,shrek,And,318,True,c060a1e70889,5.309128000135388,latency-0f638bb7c2e9.csv
1,0f638bb7c2e9,2025-10-15T11:50:18.622803,grail,time,33,True,c060a1e70889,5.313644999660028,latency-0f638bb7c2e9.csv
2,0f638bb7c2e9,2025-10-15T11:50:18.733018,shrek3,the,1285,True,c060a1e70889,7.014437999714573,latency-0f638bb7c2e9.csv
2,0f638bb7c2e9,2025-10-15T11:50:18.845513,shrek,and,318,True,c060a1e70889,5.263087000002997,latency-0f638bb7c2e9.csv
2,0f638bb7c2e9,2025-10-15T11:50:18.955868,grail,them,41,True,c060a1e70889,5.000671000289003,latency-0f638bb7c2e9.csv
2,0f638bb7c2e9,2025-10-15T11:50:19.067270,grail,(as,0,True,c060a1e70889,6.72437399998671,latency-0f638bb7c2e9.csv
2,0f638bb7c2e9,2025-10-15T11:50:19.178618,shrek,SHREK,433,True,c060a1e70889,5.431438999949023,latency-0f638bb7c2e9.csv
2,0f638bb7c2e9,2025-10-15T11:50:19.289385,shrek,"Ha,",0,True,c060a1e70889,5.102064000311657,latency-0f638bb7c2e9.csv
2,0f638bb7c2e9,2025-10-15T11:50:19.399787,shrek,at,62,True,c060a1e70889,8.503198999733286,latency-0f638bb7c2e9.csv
2,0f638bb7c2e9,2025-10-15T11:50:19.517516,shrek,your,49,True,c060a1e70889,4.905030999907467,latency-0f638bb7c2e9.csv
2,0f638bb7c2e9,2025-10-15T11:50:19.628641,shrek3,and,576,True,c060a1e70889,4.829850000078295,latency-0f638bb7c2e9.csv
2,0f638bb7c2e9,2025-10-15T11:50:19.739437,shrek3,him,87,True,c060a1e70889,5.843480000294221,latency-0f638bb7c2e9.csv
2,0f638bb7c2e9,2025-10-15T11:50:19.850994,shrek,Is,132,True,c060a1e70889,4.474341999866738,latency-0f638bb7c2e9.csv
2,0f638bb7c2e9,2025-10-15T11:50:19.960383,grail,Michael,11,True,c060a1e70889,4.163037000125769,latency-0f638bb7c2e9.csv
2,0f638bb7c2e9,2025-10-15T11:50:20.070030,shrek,who,29,True,c060a1e70889,9.52705600002446,latency-0f638bb7c2e9.csv
2,0f638bb7c2e9,2025-10-15T11:50:20.187448,shrek,Is,132,True,c060a1e70889,5.428869000297709,latency-0f638bb7c2e9.csv
2,0f638bb7c2e9,2025-10-15T11:50:20.297760,shrek,SHREK,433,True,c060a1e70889,5.787583000255836,latency-0f638bb7c2e9.csv
2,0f638bb7c2e9,2025-10-15T11:50:20.410303,grail,Footnote,4,True,c060a1e70889,6.195810999997775,latency-0f638bb7c2e9.csv
2,0f638bb7c2e9,2025-10-15T11:50:20.522536,grail,to,718,True,c060a1e70889,4.959872000199539,latency-0f638bb7c2e9.csv
2,0f638bb7c2e9,2025-10-15T11:50:20.633302,grail,Ecky-Ecky-Ecky,1,True,c060a1e70889,4.951582000103372,latency-0f638bb7c2e9.csv
2,0f638bb7c2e9,2025-10-15T11:50:20.742907,shrek,And,318,True,c060a1e70889,7.110329000170168,latency-0f638bb7c2e9.csv
2,0f638bb7c2e9,2025-10-15T11:50:20.856497,grail,time,33,True,c060a1e70889,4.4122009999227885,latency-0f638bb7c2e9.csv
1,1178d16b509a,2025-10-15T11:49:59.028884,grail,pretty,7,True,c060a1e70889,5.569852000007813,latency-1178d16b509a.csv
1,1178d16b509a,2025-10-15T11:49:59.139837,grail,king,136,True,c060a1e70889,6.124139999883482,latency-1178d16b509a.csv
1,1178d16b509a,2025-10-15T11:49:59.254135,shrek3,RAPUNZEL,30,True,5d32a63602e5,9.719502000280045,latency-1178d16b509a.csv
1,1178d16b509a,2025-10-15T11:49:59.370628,shrek3,"Suddenly,",0,True,5d32a63602e5,8.059112999944773,latency-1178d16b509a.csv
1,1178d16b509a,2025-10-15T11:49:59.485255,grail,Launcelot,107,True,5d32a63602e5,8.123799999793846,latency-1178d16b509a.csv
1,1178d16b509a,2025-10-15T11:49:59.599936,shrek,Aah,6,True,4ee8a2a45a7d,10.128120999979728,latency-1178d16b509a.csv
1,1178d16b509a,2025-10-15T11:49:59.720673,shrek3,Artie,213,True,4ee8a2a45a7d,5.537819999972271,latency-1178d16b509a.csv
1,1178d16b509a,2025-10-15T11:49:59.831706,shrek3,ruby,1,True,4ee8a2a45a7d,7.359657000051811,latency-1178d16b509a.csv
1,1178d16b509a,2025-10-15T11:49:59.949243,grail,pathetic,4,True,5d32a63602e5,6.865801000003557,latency-1178d16b509a.csv
1,1178d16b509a,2025-10-15T11:50:00.065390,shrek3,Final,119,True,c060a1e70889,11.634491000222624,latency-1178d16b509a.csv
1,1178d16b509a,2025-10-15T11:50:00.190132,shrek,true,20,True,c060a1e70889,15.950850000081118,latency-1178d16b509a.csv
1,1178d16b509a,2025-10-15T11:50:00.319061,shrek,"Ha,",0,True,c060a1e70889,14.268327000081626,latency-1178d16b509a.csv
1,1178d16b509a,2025-10-15T11:50:00.440458,grail,time,33,True,5d32a63602e5,12.312333999943805,latency-1178d16b509a.csv
1,1178d16b509a,2025-10-15T11:50:00.567285,grail,king,136,True,5d32a63602e5,6.547253000007913,latency-1178d16b509a.csv
1,1178d16b509a,2025-10-15T11:50:00.694251,grail,To,718,True,c060a1e70889,4.868673000146373,latency-1178d16b509a.csv
1,1178d16b509a,2025-10-15T11:50:00.805045,shrek3,Cinderella,21,True,5d32a63602e5,6.218432999958168,latency-1178d16b509a.csv
1,1178d16b509a,2025-10-15T11:50:00.917345,shrek3,toward,14,True,5d32a63602e5,6.813530999806972,latency-1178d16b509a.csv
1,1178d16b509a,2025-10-15T11:50:01.029910,grail,going,21,True,c060a1e70889,6.895269999859011,latency-1178d16b509a.csv
1,1178d16b509a,2025-10-15T11:50:01.144700,shrek,our,11,True,c060a1e70889,7.339903999763919,latency-1178d16b509a.csv
1,1178d16b509a,2025-10-15T11:50:01.259021,grail,time,33,True,c060a1e70889,7.697178999933385,latency-1178d16b509a.csv
2,1178d16b509a,2025-10-15T11:50:01.373693,grail,pretty,7,True,c060a1e70889,11.26891500007332,latency-1178d16b509a.csv
2,1178d16b509a,2025-10-15T11:50:01.492543,grail,king,136,True,4ee8a2a45a7d,9.818780999921728,latency-1178d16b509a.csv
2,1178d16b509a,2025-10-15T11:50:01.611837,shrek3,RAPUNZEL,30,True,4ee8a2a45a7d,8.447994000107428,latency-1178d16b509a.csv
2,1178d16b509a,2025-10-15T11:50:01.727656,shrek3,"Suddenly,",0,True,5d32a63602e5,19.009880000339763,latency-1178d16b509a.csv
2,1178d16b509a,2025-10-15T11:50:01.856128,grail,Launcelot,107,True,5d32a63602e5,21.36666699971101,latency-1178d16b509a.csv
2,1178d16b509a,2025-10-15T11:50:01.987162,shrek,Aah,6,True,5d32a63602e5,16.29201000014291,latency-1178d16b509a.csv
2,1178d16b509a,2025-10-15T11:50:02.116740,shrek3,Artie,213,True,5d32a63602e5,14.09944999977597,latency-1178d16b509a.csv
2,1178d16b509a,2025-10-15T11:50:02.242263,shrek3,ruby,1,True,5d32a63602e5,8.035904000280425,latency-1178d16b509a.csv
2,1178d16b509a,2025-10-15T11:50:02.359765,grail,pathetic,4,True,5d32a63602e5,16.099278000183403,latency-1178d16b509a.csv
2,1178d16b509a,2025-10-15T11:50:02.487167,shrek3,Final,119,True,c060a1e70889,10.561829999915062,latency-1178d16b509a.csv
2,1178d16b509a,2025-10-15T11:50:02.604621,shrek,true,20,True,4ee8a2a45a7d,12.750836000122945,latency-1178d16b509a.csv
2,1178d16b509a,2025-10-15T11:50:02.727504,shrek,"Ha,",0,True,c060a1e70889,6.998464999924181,latency-1178d16b509a.csv
2,1178d16b509a,2025-10-15T11:50:02.841828,grail,time,33,True,c060a1e70889,11.11768500004473,latency-1178d16b509a.csv
2,1178d16b509a,2025-10-15T11:50:02.959964,grail,king,136,True,c060a1e70889,16.813923999961844,latency-1178d16b509a.csv
2,1178d16b509a,2025-10-15T11:50:03.091775,grail,To,718,True,c060a1e70889,7.45000799997797,latency-1178d16b509a.csv
2,1178d16b509a,2025-10-15T11:50:03.206016,shrek3,Cinderella,21,True,c060a1e70889,11.853766000058386,latency-1178d16b509a.csv
2,1178d16b509a,2025-10-15T11:50:03.327115,shrek3,toward,14,True,c060a1e70889,7.335479999710515,latency-1178d16b509a.csv
2,1178d16b509a,2025-10-15T11:50:03.442733,grail,going,21,True,c060a1e70889,5.321739000009984,latency-1178d16b509a.csv
2,1178d16b509a,2025-10-15T11:50:03.554672,shrek,our,11,True,c060a1e70889,6.141172999832634,latency-1178d16b509a.csv
2,1178d16b509a,2025-10-15T11:50:03.666627,grail,time,33,True,5d32a63602e5,4.785727000125917,latency-1178d16b509a.csv
1,1197e602116f,2025-10-15T11:49:50.493472,shrek,Blah,1,True,5d32a63602e5,5.756274999839661,latency-1197e602116f.csv
1,1197e602116f,2025-10-15T11:49:50.605390,grail,LTD,6,True,5d32a63602e5,6.494278999980452,latency-1197e602116f.csv
1,1197e602116f,2025-10-15T11:49:50.717529,grail,-,259,True,5d32a63602e5,6.343517000004795,latency-1197e602116f.csv
1,1197e602116f,2025-10-15T11:49:50.830548,shrek,DONKEY,320,True,c060a1e70889,10.359296999922664,latency-1197e602116f.csv
1,1197e602116f,2025-10-15T11:49:50.948396,grail,them,41,True,5d32a63602e5,12.3709129998133,latency-1197e602116f.csv
1,1197e602116f,2025-10-15T11:49:51.068964,grail,Eolio,2,False,c060a1e70889,17.780122999738524,latency-1197e602116f.csv
1,1197e602116f,2025-10-15T11:49:51.198539,shrek3,Cinderella,21,True,4ee8a2a45a7d,6.0630910002146265,latency-1197e602116f.csv
1,1197e602116f,2025-10-15T11:49:51.312439,shrek3,and,576,True,c060a1e70889,6.352064000111568,latency-1197e602116f.csv
1,1197e602116f,2025-10-15T11:49:51.426218,shrek3,decree,1,True,5d32a63602e5,10.030783000274823,latency-1197e602116f.csv
1,1197e602116f,2025-10-15T11:49:51.553910,grail,-,259,True,c060a1e70889,27.667231000123135,latency-1197e602116f.csv
1,1197e602116f,2025-10-15T11:49:51.703862,shrek,But,73,True,5d32a63602e5,14.67480900009832,latency-1197e602116f.csv
1,1197e602116f,2025-10-15T11:49:51.834115,grail,BEDEVERE,103,False,5d32a63602e5,22.65286500005459,latency-1197e602116f.csv
1,1197e602116f,2025-10-15T11:49:51.981799,shrek,way,26,True,5d32a63602e5,7.741489999716578,latency-1197e602116f.csv
1,1197e602116f,2025-10-15T11:49:52.097748,grail,pseudonym,1,True,5d32a63602e5,7.982530000390398,latency-1197e602116f.csv
1,1197e602116f,2025-10-15T11:49:52.214372,shrek3,Ahh,8,False,5d32a63602e5,19.14373899990096,latency-1197e602116f.csv
1,1197e602116f,2025-10-15T11:49:52.342778,grail,lost,6,True,5d32a63602e5,4.955836999670282,latency-1197e602116f.csv
1,1197e602116f,2025-10-15T11:49:52.455144,grail,elected,2,True,5d32a63602e5,7.036859999971057,latency-1197e602116f.csv
1,1197e602116f,2025-10-15T11:49:52.572487,grail,a,666,True,c060a1e70889,4.961951000041154,latency-1197e602116f.csv
1,1197e602116f,2025-10-15T11:49:52.682728,grail,"Oh,",2,False,c060a1e70889,12.671131999923093,latency-1197e602116f.csv
1,1197e602116f,2025-10-15T11:49:52.803047,shrek3,and,576,True,c060a1e70889,8.74291699983587,latency-1197e602116f.csv
2,1197e602116f,2025-10-15T11:49:52.918742,shrek,Blah,1,True,c060a1e70889,5.607289999716159,latency-1197e602116f.csv
2,1197e602116f,2025-10-15T11:49:53.030040,grail,LTD,6,True,c060a1e70889,5.917917999795463,latency-1197e602116f.csv
2,1197e602116f,2025-10-15T11:49:53.141993,grail,-,259,True,c060a1e70889,7.600245000048744,latency-1197e602116f.csv
2,1197e602116f,2025-10-15T11:49:53.256083,shrek,DONKEY,320,True,5d32a63602e5,10.53130099990085,latency-1197e602116f.csv
2,1197e602116f,2025-10-15T11:49:53.372390,grail,them,41,True,c060a1e70889,6.3502989996777615,latency-1197e602116f.csv
2,1197e602116f,2025-10-15T11:49:53.497178,grail,Eolio,2,True,c060a1e70889,13.960039000266988,latency-1197e602116f.csv
2,1197e602116f,2025-10-15T11:49:53.621144,shrek3,Cinderella,21,True,c060a1e70889,17.883088000417047,latency-1197e602116f.csv
2,1197e602116f,2025-10-15T11:49:53.744862,shrek3,and,576,True,c060a1e70889,5.338757000117766,latency-1197e602116f.csv
2,1197e602116f,2025-10-15T11:49:53.855633,shrek3,decree,1,True,4ee8a2a45a7d,9.26801900004648,latency-1197e602116f.csv
2,1197e602116f,2025-10-15T11:49:53.971315,grail,-,259,True,5d32a63602e5,7.423786999879667,latency-1197e602116f.csv
2,1197e602116f,2025-10-15T11:49:54.090594,shrek,But,73,True,c060a1e70889,6.003134999900794,latency-1197e602116f.csv
2,1197e602116f,2025-10-15T11:49:54.202137,grail,BEDEVERE,103,True,4ee8a2a45a7d,8.19244800004526,latency-1197e602116f.csv
2,1197e602116f,2025-10-15T11:49:54.316145,shrek,way,26,True,5d32a63602e5,7.862680000016553,latency-1197e602116f.csv
2,1197e602116f,2025-10-15T11:49:54.437624,grail,pseudonym,1,True,c060a1e70889,7.905813999968814,latency-1197e602116f.csv
2,1197e602116f,2025-10-15T11:49:54.555535,shrek3,Ahh,8,True,c060a1e70889,5.305497999870568,latency-1197e602116f.csv
2,1197e602116f,2025-10-15T11:49:54.667124,grail,lost,6,True,c060a1e70889,6.006092000006902,latency-1197e602116f.csv
2,1197e602116f,2025-10-15T11:49:54.779901,grail,elected,2,True,c060a1e70889,8.080194000285701,latency-1197e602116f.csv
2,1197e602116f,2025-10-15T11:49:54.896755,grail,a,666,True,c060a1e70889,5.214711999997235,latency-1197e602116f.csv
2,1197e602116f,2025-10-15T11:49:55.007997,grail,"Oh,",2,True,5d32a63602e5,4.212192000068171,latency-1197e602116f.csv
2,1197e602116f,2025-10-15T11:49:55.118185,shrek3,and,576,True,5d32a63602e5,5.520364999938465,latency-1197e602116f.csv
1,11f540d8474c,2025-10-15T11:49:55.797649,grail,Get,47,True,c060a1e70889,8.84792099986953,latency-11f540d8474c.csv
1,11f540d8474c,2025-10-15T11:49:55.913653,grail,CALLS,3,True,c060a1e70889,5.748641000081989,latency-11f540d8474c.csv
1,11f540d8474c,2025-10-15T11:49:56.025729,grail,Get,47,True,c060a1e70889,9.812418000365142,latency-11f540d8474c.csv
1,11f540d8474c,2025-10-15T11:49:56.144841,shrek3,true,1,True,c060a1e70889,8.611622999978863,latency-11f540d8474c.csv
1,11f540d8474c,2025-10-15T11:49:56.261690,shrek3,time,23,True,c060a1e70889,9.73039800010156,latency-11f540d8474c.csv
1,11f540d8474c,2025-10-15T11:49:56.383046,shrek,And,318,True,c060a1e70889,9.484189000431796,latency-11f540d8474c.csv
1,11f540d8474c,2025-10-15T11:49:56.500527,grail,Butts,2,True,c060a1e70889,12.360112999886042,latency-11f540d8474c.csv
1,11f540d8474c,2025-10-15T11:49:56.626913,shrek,your,49,True,c060a1e70889,10.201390000020185,latency-11f540d8474c.csv
1,11f540d8474c,2025-10-15T11:49:56.749878,grail,thus,5,True,c060a1e70889,18.96125499979462,latency-11f540d8474c.csv
1,11f540d8474c,2025-10-15T11:49:56.876286,grail,the,1600,True,5d32a63602e5,8.468169000025227,latency-11f540d8474c.csv
1,11f540d8474c,2025-10-15T11:49:56.993372,shrek,FIONA,211,True,5d32a63602e5,12.709527999959391,latency-11f540d8474c.csv
1,11f540d8474c,2025-10-15T11:49:57.131522,shrek,"Well,",0,True,c060a1e70889,11.96552100009285,latency-11f540d8474c.csv
1,11f540d8474c,2025-10-15T11:49:57.260809,shrek,you,409,True,c060a1e70889,11.30451400013044,latency-11f540d8474c.csv
1,11f540d8474c,2025-10-15T11:49:57.382480,grail,for,118,True,c060a1e70889,7.280728999830899,latency-11f540d8474c.csv
1,11f540d8474c,2025-10-15T11:49:57.495736,shrek3,Donkey,243,True,c060a1e70889,6.892633999996178,latency-11f540d8474c.csv
1,11f540d8474c,2025-10-15T11:49:57.611856,shrek3,WHITE,45,True,c060a1e70889,11.52754900022046,latency-11f540d8474c.csv
1,11f540d8474c,2025-10-15T11:49:57.733422,shrek3,"Bay""",0,True,c060a1e70889,7.018278000032296,latency-11f540d8474c.csv
1,11f540d8474c,2025-10-15T11:49:57.850900,grail,from,94,True,5d32a63602e5,5.643290000080015,latency-11f540d8474c.csv
1,11f540d8474c,2025-10-15T11:49:57.967555,grail,19Prince,0,True,5d32a63602e5,5.510105000212207,latency-11f540d8474c.csv
1,11f540d8474c,2025-10-15T11:49:58.078144,grail,19Prince,0,True,5d32a63602e5,7.435139999870444,latency-11f540d8474c.csv
2,11f540d8474c,2025-10-15T11:49:58.194168,grail,Get,47,True,c060a1e70889,6.25574100013182,latency-11f540d8474c.csv
2,11f540d8474c,2025-10-15T11:49:58.307659,grail,CALLS,3,True,c060a1e70889,7.744456000182254,latency-11f540d8474c.csv
2,11f540d8474c,2025-10-15T11:49:58.423766,grail,Get,47,True,5d32a63602e5,7.698430999880657,latency-11f540d8474c.csv
2,11f540d8474c,2025-10-15T11:49:58.539329,shrek3,true,1,True,c060a1e70889,10.809405999680166,latency-11f540d8474c.csv
2,11f540d8474c,2025-10-15T11:49:58.658576,shrek3,time,23,True,c060a1e70889,6.692550000025221,latency-11f540d8474c.csv
2,11f540d8474c,2025-10-15T11:49:58.771291,shrek,And,318,True,c060a1e70889,7.866008000291913,latency-11f540d8474c.csv
2,11f540d8474c,2025-10-15T11:49:58.885799,grail,Butts,2,True,c060a1e70889,10.761673999695631,latency-11f540d8474c.csv
2,11f540d8474c,2025-10-15T11:49:59.006000,shrek,your,49,True,c060a1e70889,9.91470200006006,latency-11f540d8474c.csv
2,11f540d8474c,2025-10-15T11:49:59.124016,grail,thus,5,True,5d32a63602e5,5.49446499962869,latency-11f540d8474c.csv
2,11f540d8474c,2025-10-15T11:49:59.239382,grail,the,1600,True,5d32a63602e5,9.831133999796291,latency-11f540d8474c.csv
2,11f540d8474c,2025-10-15T11:49:59.363373,shrek,FIONA,211,True,5d32a63602e5,5.819457000143302,latency-11f540d8474c.csv
2,11f540d8474c,2025-10-15T11:49:59.478531,shrek,"Well,",0,True,5d32a63602e5,6.8067029997109785,latency-11f540d8474c.csv
2,11f540d8474c,2025-10-15T11:49:59.594494,shrek,you,409,True,5d32a63602e5,10.643523999988249,latency-11f540d8474c.csv
2,11f540d8474c,2025-10-15T11:49:59.716772,grail,for,118,True,5d32a63602e5,6.285604000368039,latency-11f540d8474c.csv
2,11f540d8474c,2025-10-15T11:49:59.828985,shrek3,Donkey,243,True,5d32a63602e5,7.4591560000953905,latency-11f540d8474c.csv
2,11f540d8474c,2025-10-15T11:49:59.945136,shrek3,WHITE,45,True,c060a1e70889,7.85132999999405,latency-11f540d8474c.csv
2,11f540d8474c,2025-10-15T11:50:00.062681,shrek3,"Bay""",0,True,4ee8a2a45a7d,9.238079999704496,latency-11f540d8474c.csv
2,11f540d8474c,2025-10-15T11:50:00.187348,grail,from,94,True,4ee8a2a45a7d,12.966892999884294,latency-11f540d8474c.csv
2,11f540d8474c,2025-10-15T11:50:00.315913,grail,19Prince,0,True,c060a1e70889,13.666047000242544,latency-11f540d8474c.csv
2,11f540d8474c,2025-10-15T11:50:00.439643,grail,19Prince,0,True,5d32a63602e5,12.12222499998461,latency-11f540d8474c.csv
1,12329be24c94,2025-10-15T11:49:37.102598,grail,witch,30,False,5d32a63602e5,33.93945800007714,latency-12329be24c94.csv
1,12329be24c94,2025-10-15T11:49:37.245285,shrek,on,88,False,c060a1e70889,33.20652299998983,latency-12329be24c94.csv
1,12329be24c94,2025-10-15T11:49:37.385497,shrek,ogre,27,False,c060a1e70889,23.07093600029475,latency-12329be24c94.csv
1,12329be24c94,2025-10-15T11:49:37.519573,shrek3,DONKEY,243,False,c060a1e70889,20.539493999876868,latency-12329be24c94.csv
1,12329be24c94,2025-10-15T11:49:37.646958,grail,To,718,False,c060a1e70889,27.692342000136705,latency-12329be24c94.csv
1,12329be24c94,2025-10-15T11:49:37.783160,grail,Cleveland,3,False,5d32a63602e5,19.166675000178657,latency-12329be24c94.csv
1,12329be24c94,2025-10-15T11:49:37.911304,grail,few,8,False,c060a1e70889,51.45133999985774,latency-12329be24c94.csv
1,12329be24c94,2025-10-15T11:49:38.076390,grail,the,1600,True,4ee8a2a45a7d,17.646830000103364,latency-12329be24c94.csv
1,12329be24c94,2025-10-15T11:49:38.209771,shrek3,Gingerbread,37,False,4ee8a2a45a7d,40.67970200003401,latency-12329be24c94.csv
1,12329be24c94,2025-10-15T11:49:38.362717,shrek3,youre,0,False,5d32a63602e5,32.383227000082115,latency-12329be24c94.csv
1,12329be24c94,2025-10-15T11:49:38.510570,shrek3,of,275,False,c060a1e70889,30.1543790001233,latency-12329be24c94.csv
1,12329be24c94,2025-10-15T11:49:38.670392,grail,a,666,False,5d32a63602e5,17.226522999862937,latency-12329be24c94.csv
1,12329be24c94,2025-10-15T11:49:38.793224,shrek,Aah,6,False,5d32a63602e5,10.239492999971844,latency-12329be24c94.csv
1,12329be24c94,2025-10-15T11:49:38.910478,shrek3,ruby,1,False,c060a1e70889,15.95380800017665,latency-12329be24c94.csv
1,12329be24c94,2025-10-15T11:49:39.033751,shrek,rising,1,False,c060a1e70889,12.055658999997831,latency-12329be24c94.csv
1,12329be24c94,2025-10-15T11:49:39.154509,shrek3,bed,10,True,c060a1e70889,6.437656999878527,latency-12329be24c94.csv
1,12329be24c94,2025-10-15T11:49:39.268314,shrek,field,4,False,c060a1e70889,13.398726000104944,latency-12329be24c94.csv
1,12329be24c94,2025-10-15T11:49:39.391371,grail,Christ,8,True,c060a1e70889,7.056615000237798,latency-12329be24c94.csv
1,12329be24c94,2025-10-15T11:49:39.504956,shrek,and,318,True,c060a1e70889,6.62981999994372,latency-12329be24c94.csv
1,12329be24c94,2025-10-15T11:49:39.621633,shrek3,youre,0,True,c060a1e70889,7.88731500006179,latency-12329be24c94.csv
2,12329be24c94,2025-10-15T11:49:39.741438,grail,witch,30,True,c060a1e70889,5.097711999951571,latency-12329be24c94.csv
2,12329be24c94,2025-10-15T11:49:39.852306,shrek,on,88,True,c060a1e70889,6.704235000142944,latency-12329be24c94.csv
2,12329be24c94,2025-10-15T11:49:39.966365,shrek,ogre,27,True,5d32a63602e5,7.215910000013537,latency-12329be24c94.csv
2,12329be24c94,2025-10-15T11:49:40.080236,shrek3,DONKEY,243,True,5d32a63602e5,6.588258999727259,latency-12329be24c94.csv
2,12329be24c94,2025-10-15T11:49:40.192518,grail,To,718,True,5d32a63602e5,6.978237000112131,latency-12329be24c94.csv
2,12329be24c94,2025-10-15T11:49:40.305611,grail,Cleveland,3,True,c060a1e70889,5.735620999985258,latency-12329be24c94.csv
2,12329be24c94,2025-10-15T11:49:40.416985,grail,few,8,True,c060a1e70889,11.8139850001171,latency-12329be24c94.csv
2,12329be24c94,2025-10-15T11:49:40.537208,grail,the,1600,True,5d32a63602e5,7.791929999712011,latency-12329be24c94.csv
2,12329be24c94,2025-10-15T11:49:40.654404,shrek3,Gingerbread,37,True,c060a1e70889,6.203050999829429,latency-12329be24c94.csv
2,12329be24c94,2025-10-15T11:49:40.767731,shrek3,youre,0,True,5d32a63602e5,6.183883000176138,latency-12329be24c94.csv
2,12329be24c94,2025-10-15T11:49:40.880631,shrek3,of,275,True,5d32a63602e5,8.411167999838653,latency-12329be24c94.csv
2,12329be24c94,2025-10-15T11:49:41.002640,grail,a,666,True,5d32a63602e5,18.5837009998977,latency-12329be24c94.csv
2,12329be24c94,2025-10-15T11:49:41.129218,shrek,Aah,6,True,c060a1e70889,9.547828999984633,latency-12329be24c94.csv
2,12329be24c94,2025-10-15T11:49:41.252885,shrek3,ruby,1,True,c060a1e70889,5.4828110000926245,latency-12329be24c94.csv
2,12329be24c94,2025-10-15T11:49:41.364294,shrek,rising,1,True,c060a1e70889,7.257279999976163,latency-12329be24c94.csv
2,12329be24c94,2025-10-15T11:49:41.480573,shrek3,bed,10,True,c060a1e70889,8.184924000033789,latency-12329be24c94.csv
2,12329be24c94,2025-10-15T11:49:41.595719,shrek,field,4,True,c060a1e70889,8.629927999663778,latency-12329be24c94.csv
2,12329be24c94,2025-10-15T11:49:41.711777,grail,Christ,8,True,c060a1e70889,6.380970999998681,latency-12329be24c94.csv
2,12329be24c94,2025-10-15T11:49:41.823760,shrek,and,318,True,c060a1e70889,7.72793099986302,latency-12329be24c94.csv
2,12329be24c94,2025-10-15T11:49:41.938059,shrek3,youre,0,True,c060a1e70889,9.062745999926848,latency-12329be24c94.csv
1,12a837478137,2025-10-15T11:50:13.739328,shrek3,"Suddenly,",0,True,c060a1e70889,5.1418899997770495,latency-12a837478137.csv
1,12a837478137,2025-10-15T11:50:13.850225,grail,"collective,",0,True,c060a1e70889,4.869271000188746,latency-12a837478137.csv
1,12a837478137,2025-10-15T11:50:13.960655,shrek,DONKEY,320,True,c060a1e70889,6.825103999744897,latency-12a837478137.csv
1,12a837478137,2025-10-15T11:50:14.074654,shrek3,did,14,True,c060a1e70889,5.761385999903723,latency-12a837478137.csv
1,12a837478137,2025-10-15T11:50:14.185426,grail,to,718,True,c060a1e70889,8.375179000267963,latency-12a837478137.csv
1,12a837478137,2025-10-15T11:50:14.301976,shrek,FIONA,211,True,c060a1e70889,8.351664000201708,latency-12a837478137.csv
1,12a837478137,2025-10-15T11:50:14.417150,shrek3,still,18,True,4ee8a2a45a7d,12.33549700009462,latency-12a837478137.csv
1,12a837478137,2025-10-15T11:50:14.544880,shrek3,get,39,True,c060a1e70889,7.630134999999427,latency-12a837478137.csv
1,12a837478137,2025-10-15T11:50:14.658596,grail,To,718,True,c060a1e70889,4.968433999692934,latency-12a837478137.csv
1,12a837478137,2025-10-15T11:50:14.770518,grail,to,718,True,5d32a63602e5,10.458382000251731,latency-12a837478137.csv
1,12a837478137,2025-10-15T11:50:14.890319,shrek,rising,1,True,c060a1e70889,7.531448999998247,latency-12a837478137.csv
1,12a837478137,2025-10-15T11:50:15.004862,shrek,and,318,True,c060a1e70889,8.02724400000443,latency-12a837478137.csv
1,12a837478137,2025-10-15T11:50:15.121122,grail,at,104,True,c060a1e70889,6.375781999850005,latency-12a837478137.csv
1,12a837478137,2025-10-15T11:50:15.233703,shrek,Is,132,True,c060a1e70889,8.218546000080096,latency-12a837478137.csv
1,12a837478137,2025-10-15T11:50:15.352052,grail,grabbing,5,True,c060a1e70889,12.374378999993496,latency-12a837478137.csv
1,12a837478137,2025-10-15T11:50:15.475334,shrek3,true,1,True,5d32a63602e5,4.911257999992813,latency-12a837478137.csv
1,12a837478137,2025-10-15T11:50:15.587678,shrek,placed,1,True,4ee8a2a45a7d,13.301822000357788,latency-12a837478137.csv
1,12a837478137,2025-10-15T11:50:15.719497,shrek3,Whoa,7,True,c060a1e70889,6.456864000028872,latency-12a837478137.csv
1,12a837478137,2025-10-15T11:50:15.833490,shrek,Aah,6,True,c060a1e70889,7.389442000203417,latency-12a837478137.csv
1,12a837478137,2025-10-15T11:50:15.951103,grail,elected,2,True,c060a1e70889,8.572705999995378,latency-12a837478137.csv
2,12a837478137,2025-10-15T11:50:16.072503,shrek3,"Suddenly,",0,True,c060a1e70889,7.22153700007766,latency-12a837478137.csv
2,12a837478137,2025-10-15T11:50:16.190646,grail,"collective,",0,True,c060a1e70889,6.7875370000365365,latency-12a837478137.csv
2,12a837478137,2025-10-15T11:50:16.304616,shrek,DONKEY,320,True,c060a1e70889,5.528267000045162,latency-12a837478137.csv
2,12a837478137,2025-10-15T11:50:16.415080,shrek3,did,14,True,c060a1e70889,5.119046999880084,latency-12a837478137.csv
2,12a837478137,2025-10-15T11:50:16.525734,grail,to,718,True,c060a1e70889,4.855143999975553,latency-12a837478137.csv
2,12a837478137,2025-10-15T11:50:16.635588,shrek,FIONA,211,True,c060a1e70889,13.478886000029888,latency-12a837478137.csv
2,12a837478137,2025-10-15T11:50:16.757822,shrek3,still,18,True,c060a1e70889,5.054943000232015,latency-12a837478137.csv
2,12a837478137,2025-10-15T11:50:16.868895,shrek3,get,39,True,c060a1e70889,5.870899999990797,latency-12a837478137.csv
2,12a837478137,2025-10-15T11:50:16.980232,grail,To,718,True,c060a1e70889,4.7152819997791084,latency-12a837478137.csv
2,12a837478137,2025-10-15T11:50:17.090014,grail,to,718,True,5d32a63602e5,6.633732999944186,latency-12a837478137.csv
2,12a837478137,2025-10-15T11:50:17.203177,shrek,rising,1,True,4ee8a2a45a7d,21.45852200010268,latency-12a837478137.csv
2,12a837478137,2025-10-15T11:50:17.333204,shrek,and,318,True,c060a1e70889,7.787633000134519,latency-12a837478137.csv
2,12a837478137,2025-10-15T11:50:17.447136,grail,at,104,True,5d32a63602e5,6.439485000100831,latency-12a837478137.csv
2,12a837478137,2025-10-15T11:50:17.559477,shrek,Is,132,True,c060a1e70889,6.379437999839865,latency-12a837478137.csv
2,12a837478137,2025-10-15T11:50:17.673036,grail,grabbing,5,True,4ee8a2a45a7d,11.877336999987165,latency-12a837478137.csv
2,12a837478137,2025-10-15T11:50:17.794140,shrek3,true,1,True,4ee8a2a45a7d,13.210430000071938,latency-12a837478137.csv
2,12a837478137,2025-10-15T11:50:17.917351,shrek,placed,1,True,4ee8a2a45a7d,10.838190999947985,latency-12a837478137.csv
2,12a837478137,2025-10-15T11:50:18.037536,shrek3,Whoa,7,True,4ee8a2a45a7d,10.927439000170123,latency-12a837478137.csv
2,12a837478137,2025-10-15T11:50:18.159524,shrek,Aah,6,True,c060a1e70889,10.647425000115618,latency-12a837478137.csv
2,12a837478137,2025-10-15T11:50:18.275956,grail,elected,2,True,4ee8a2a45a7d,5.416205000074115,latency-12a837478137.csv
1,1437095eb74e,2025-10-15T11:49:44.296622,grail,and,722,True,5d32a63602e5,9.846878000189465,latency-1437095eb74e.csv
1,1437095eb74e,2025-10-15T11:49:44.413715,grail,CALLS,3,True,c060a1e70889,5.7312859999001375,latency-1437095eb74e.csv
1,1437095eb74e,2025-10-15T11:49:44.525646,grail,music,21,True,4ee8a2a45a7d,19.52607099974557,latency-1437095eb74e.csv
1,1437095eb74e,2025-10-15T11:49:44.656099,shrek3,cues,3,True,c060a1e70889,7.49555499987764,latency-1437095eb74e.csv
1,1437095eb74e,2025-10-15T11:49:44.771258,shrek3,them,44,True,c060a1e70889,6.85913300003449,latency-1437095eb74e.csv
1,1437095eb74e,2025-10-15T11:49:44.893660,shrek,And,318,True,c060a1e70889,15.269823999915388,latency-1437095eb74e.csv
1,1437095eb74e,2025-10-15T11:49:45.017363,shrek,looks,37,False,4ee8a2a45a7d,22.507854000195948,latency-1437095eb74e.csv
1,1437095eb74e,2025-10-15T11:49:45.156598,grail,right,66,True,5d32a63602e5,17.210642999998527,latency-1437095eb74e.csv
1,1437095eb74e,2025-10-15T11:49:45.288736,shrek3,"Suddenly,",0,True,4ee8a2a45a7d,22.507318999942072,latency-1437095eb74e.csv
1,1437095eb74e,2025-10-15T11:49:45.428234,shrek,FARQUAAD,84,True,4ee8a2a45a7d,11.628923999978724,latency-1437095eb74e.csv
1,1437095eb74e,2025-10-15T11:49:45.555206,shrek,FIONA,211,True,c060a1e70889,10.185966999870288,latency-1437095eb74e.csv
1,1437095eb74e,2025-10-15T11:49:45.679385,grail,the,1600,True,c060a1e70889,9.412093000264576,latency-1437095eb74e.csv
1,1437095eb74e,2025-10-15T11:49:45.803485,grail,-,259,True,c060a1e70889,8.744905999719776,latency-1437095eb74e.csv
1,1437095eb74e,2025-10-15T11:49:45.923762,shrek,our,11,True,c060a1e70889,11.697231000198371,latency-1437095eb74e.csv
1,1437095eb74e,2025-10-15T11:49:46.045219,shrek,happily,2,False,c060a1e70889,20.65007700002752,latency-1437095eb74e.csv
1,1437095eb74e,2025-10-15T11:49:46.174200,shrek,rising,1,True,c060a1e70889,9.062854000148944,latency-1437095eb74e.csv
1,1437095eb74e,2025-10-15T11:49:46.290218,shrek3,BOAT,32,True,c060a1e70889,8.245749999787222,latency-1437095eb74e.csv
1,1437095eb74e,2025-10-15T11:49:46.405507,shrek3,RAPUNZEL,30,False,c060a1e70889,16.00095000003421,latency-1437095eb74e.csv
1,1437095eb74e,2025-10-15T11:49:46.528284,grail,are,114,True,5d32a63602e5,5.648364000080619,latency-1437095eb74e.csv
1,1437095eb74e,2025-10-15T11:49:46.640492,shrek,its,1,True,c060a1e70889,7.325444999878528,latency-1437095eb74e.csv
2,1437095eb74e,2025-10-15T11:49:46.761536,grail,and,722,True,c060a1e70889,11.638516999937565,latency-1437095eb74e.csv
2,1437095eb74e,2025-10-15T11:49:46.889255,grail,CALLS,3,True,c060a1e70889,6.619732999752159,latency-1437095eb74e.csv
2,1437095eb74e,2025-10-15T11:49:47.001131,grail,music,21,True,c060a1e70889,6.00413500023933,latency-1437095eb74e.csv
2,1437095eb74e,2025-10-15T11:49:47.113851,shrek3,cues,3,True,c060a1e70889,11.281799000244064,latency-1437095eb74e.csv
2,1437095eb74e,2025-10-15T11:49:47.236086,shrek3,them,44,True,c060a1e70889,10.110136000093917,latency-1437095eb74e.csv
2,1437095eb74e,2025-10-15T11:49:47.353700,shrek,And,318,True,c060a1e70889,6.4244129998769495,latency-1437095eb74e.csv
2,1437095eb74e,2025-10-15T11:49:47.465796,shrek,looks,37,True,c060a1e70889,10.770613999738998,latency-1437095eb74e.csv
2,1437095eb74e,2025-10-15T11:49:47.583782,grail,right,66,True,c060a1e70889,10.301386999799432,latency-1437095eb74e.csv
2,1437095eb74e,2025-10-15T11:49:47.702383,shrek3,"Suddenly,",0,True,c060a1e70889,8.855480999955034,latency-1437095eb74e.csv
2,1437095eb74e,2025-10-15T11:49:47.821054,shrek,FARQUAAD,84,True,c060a1e70889,7.159551999848191,latency-1437095eb74e.csv
2,1437095eb74e,2025-10-15T11:49:47.934083,shrek,FIONA,211,True,c060a1e70889,6.848497999726533,latency-1437095eb74e.csv
2,1437095eb74e,2025-10-15T11:49:48.058603,grail,the,1600,True,c060a1e70889,5.945901999893977,latency-1437095eb74e.csv
2,1437095eb74e,2025-10-15T11:49:48.170387,grail,-,259,True,c060a1e70889,5.896386000131315,latency-1437095eb74e.csv
2,1437095eb74e,2025-10-15T11:49:48.283043,shrek,our,11,True,c060a1e70889,6.911766000030184,latency-1437095eb74e.csv
2,1437095eb74e,2025-10-15T11:49:48.397637,shrek,happily,2,True,c060a1e70889,8.137875000102213,latency-1437095eb74e.csv
2,1437095eb74e,2025-10-15T11:49:48.514804,shrek,rising,1,True,5d32a63602e5,5.146458000126586,latency-1437095eb74e.csv
2,1437095eb74e,2025-10-15T11:49:48.626063,shrek3,BOAT,32,True,c060a1e70889,6.489905999842449,latency-1437095eb74e.csv
2,1437095eb74e,2025-10-15T11:49:48.738281,shrek3,RAPUNZEL,30,True,c060a1e70889,5.4314629996952135,latency-1437095eb74e.csv
2,1437095eb74e,2025-10-15T11:49:48.849328,grail,are,114,True,4ee8a2a45a7d,16.826491000301758,latency-1437095eb74e.csv
2,1437095eb74e,2025-10-15T11:49:48.981324,shrek,its,1,True,c060a1e70889,9.90130499985753,latency-1437095eb74e.csv
1,148006cc7b6b,2025-10-15T11:50:05.722339,shrek3,still,18,True,c060a1e70889,4.77626700012479,latency-148006cc7b6b.csv
1,148006cc7b6b,2025-10-15T11:50:05.832674,shrek,Shrek,433,True,c060a1e70889,5.900435000057769,latency-148006cc7b6b.csv
1,148006cc7b6b,2025-10-15T11:50:05.946415,grail,since,10,True,c060a1e70889,8.523265999883733,latency-148006cc7b6b.csv
1,148006cc7b6b,2025-10-15T11:50:06.062833,shrek,What,104,True,c060a1e70889,5.579672000294522,latency-148006cc7b6b.csv
1,148006cc7b6b,2025-10-15T11:50:06.174454,shrek3,supposed,11,True,c060a1e70889,5.283445999793912,latency-148006cc7b6b.csv
1,148006cc7b6b,2025-10-15T11:50:06.285084,shrek3,cues,3,True,c060a1e70889,6.178930999794829,latency-148006cc7b6b.csv
1,148006cc7b6b,2025-10-15T11:50:06.397528,shrek3,SCHOOL,14,True,c060a1e70889,5.956069000149,latency-148006cc7b6b.csv
1,148006cc7b6b,2025-10-15T11:50:06.511598,grail,of,684,True,c060a1e70889,8.787195999957476,latency-148006cc7b6b.csv
1,148006cc7b6b,2025-10-15T11:50:06.626606,shrek3,the,1285,True,c060a1e70889,6.380183000146644,latency-148006cc7b6b.csv
1,148006cc7b6b,2025-10-15T11:50:06.740073,shrek,DONKEY,320,True,c060a1e70889,7.822003000001132,latency-148006cc7b6b.csv
1,148006cc7b6b,2025-10-15T11:50:06.854089,shrek,SHREK,433,True,c060a1e70889,5.634157999793388,latency-148006cc7b6b.csv
1,148006cc7b6b,2025-10-15T11:50:06.965558,shrek,its,1,True,c060a1e70889,6.430030000046827,latency-148006cc7b6b.csv
1,148006cc7b6b,2025-10-15T11:50:07.079265,shrek,I,386,True,c060a1e70889,7.113340999694628,latency-148006cc7b6b.csv
1,148006cc7b6b,2025-10-15T11:50:07.193247,shrek3,his,238,True,c060a1e70889,8.679996999944706,latency-148006cc7b6b.csv
1,148006cc7b6b,2025-10-15T11:50:07.310724,shrek3,the,1285,True,c060a1e70889,11.478099999749247,latency-148006cc7b6b.csv
1,148006cc7b6b,2025-10-15T11:50:07.433066,shrek3,SHREK,678,True,5d32a63602e5,7.612058999711735,latency-148006cc7b6b.csv
1,148006cc7b6b,2025-10-15T11:50:07.548832,shrek,FARQUAAD,84,True,4ee8a2a45a7d,14.800505999573945,latency-148006cc7b6b.csv
1,148006cc7b6b,2025-10-15T11:50:07.673174,grail,since,10,True,c060a1e70889,8.263914000053774,latency-148006cc7b6b.csv
1,148006cc7b6b,2025-10-15T11:50:07.790836,grail,LTD,6,True,c060a1e70889,6.562022999787587,latency-148006cc7b6b.csv
1,148006cc7b6b,2025-10-15T11:50:07.906905,grail,Michael,11,True,c060a1e70889,7.005384999956732,latency-148006cc7b6b.csv
2,148006cc7b6b,2025-10-15T11:50:08.021523,shrek3,still,18,True,c060a1e70889,5.583990000104677,latency-148006cc7b6b.csv
2,148006cc7b6b,2025-10-15T11:50:08.134497,shrek,Shrek,433,True,5d32a63602e5,5.531954000161932,latency-148006cc7b6b.csv
2,148006cc7b6b,2025-10-15T11:50:08.246234,grail,since,10,True,5d32a63602e5,9.889188999750331,latency-148006cc7b6b.csv
2,148006cc7b6b,2025-10-15T11:50:08.366007,shrek,What,104,True,c060a1e70889,4.900731999896379,latency-148006cc7b6b.csv
2,148006cc7b6b,2025-10-15T11:50:08.476661,shrek3,supposed,11,True,c060a1e70889,6.771816000309627,latency-148006cc7b6b.csv
2,148006cc7b6b,2025-10-15T11:50:08.588533,shrek3,cues,3,True,4ee8a2a45a7d,11.722178000127316,latency-148006cc7b6b.csv
2,148006cc7b6b,2025-10-15T11:50:08.706665,shrek3,SCHOOL,14,True,c060a1e70889,8.111065000321105,latency-148006cc7b6b.csv
2,148006cc7b6b,2025-10-15T11:50:08.821852,grail,of,684,True,c060a1e70889,5.697558000065328,latency-148006cc7b6b.csv
2,148006cc7b6b,2025-10-15T11:50:08.935805,shrek3,the,1285,True,c060a1e70889,7.215609000013501,latency-148006cc7b6b.csv
2,148006cc7b6b,2025-10-15T11:50:09.049476,shrek,DONKEY,320,True,c060a1e70889,8.573866000006092,latency-148006cc7b6b.csv
2,148006cc7b6b,2025-10-15T11:50:09.165657,shrek,SHREK,433,True,c060a1e70889,35.896016000151576,latency-148006cc7b6b.csv
2,148006cc7b6b,2025-10-15T11:50:09.326860,shrek,its,1,True,c060a1e70889,6.238192999717285,latency-148006cc7b6b.csv
2,148006cc7b6b,2025-10-15T11:50:09.438589,shrek,I,386,True,5d32a63602e5,6.895099999837839,latency-148006cc7b6b.csv
2,148006cc7b6b,2025-10-15T11:50:09.551131,shrek3,his,238,True,c060a1e70889,6.623376999868924,latency-148006cc7b6b.csv
2,148006cc7b6b,2025-10-15T11:50:09.664787,shrek3,the,1285,True,5d32a63602e5,10.607163999793556,latency-148006cc7b6b.csv
2,148006cc7b6b,2025-10-15T11:50:09.782840,shrek3,SHREK,678,True,5d32a63602e5,8.119105999867315,latency-148006cc7b6b.csv
2,148006cc7b6b,2025-10-15T11:50:09.898696,shrek,FARQUAAD,84,True,5d32a63602e5,7.039637000161747,latency-148006cc7b6b.csv
2,148006cc7b6b,2025-10-15T11:50:10.012473,grail,since,10,True,5d32a63602e5,11.42328700007056,latency-148006cc7b6b.csv
2,148006cc7b6b,2025-10-15T11:50:10.134603,grail,LTD,6,True,c060a1e70889,7.235692999984167,latency-148006cc7b6b.csv
2,148006cc7b6b,2025-10-15T11:50:10.250048,grail,Michael,11,True,c060a1e70889,7.729879000180517,latency-148006cc7b6b.csv
1,1d192d7f6606,2025-10-15T11:50:05.179725,shrek,He,118,True,5d32a63602e5,6.458961000134877,latency-1d192d7f6606.csv
1,1d192d7f6606,2025-10-15T11:50:05.291544,grail,To,718,True,4ee8a2a45a7d,7.024910999916756,latency-1d192d7f6606.csv
1,1d192d7f6606,2025-10-15T11:50:05.403957,grail,Bridge,30,True,4ee8a2a45a7d,8.471053999983269,latency-1d192d7f6606.csv
1,1d192d7f6606,2025-10-15T11:50:05.528663,grail,of,684,True,5d32a63602e5,9.968004999791448,latency-1d192d7f6606.csv
1,1d192d7f6606,2025-10-15T11:50:05.647120,shrek,edge,2,True,4ee8a2a45a7d,5.608322999705706,latency-1d192d7f6606.csv
1,1d192d7f6606,2025-10-15T11:50:05.758995,shrek,number,8,True,c060a1e70889,7.49084800008859,latency-1d192d7f6606.csv
1,1d192d7f6606,2025-10-15T11:50:05.874910,grail,elected,2,True,5d32a63602e5,10.240575999887367,latency-1d192d7f6606.csv
1,1d192d7f6606,2025-10-15T11:50:05.992387,shrek,tell,25,True,5d32a63602e5,8.004837000044063,latency-1d192d7f6606.csv
1,1d192d7f6606,2025-10-15T11:50:06.111427,shrek,will,16,True,5d32a63602e5,7.3195990003114275,latency-1d192d7f6606.csv
1,1d192d7f6606,2025-10-15T11:50:06.225191,grail,Gallahad,44,True,5d32a63602e5,7.705624999744032,latency-1d192d7f6606.csv
1,1d192d7f6606,2025-10-15T11:50:06.342185,grail,for,118,True,c060a1e70889,8.254498000042076,latency-1d192d7f6606.csv
1,1d192d7f6606,2025-10-15T11:50:06.459678,shrek3,its,1,True,c060a1e70889,6.191260999912629,latency-1d192d7f6606.csv
1,1d192d7f6606,2025-10-15T11:50:06.571115,shrek3,PUSS,196,True,5d32a63602e5,8.018390999950498,latency-1d192d7f6606.csv
1,1d192d7f6606,2025-10-15T11:50:06.685928,grail,-,259,True,c060a1e70889,8.44651299985344,latency-1d192d7f6606.csv
1,1d192d7f6606,2025-10-15T11:50:06.803357,shrek,GORDO,5,True,5d32a63602e5,6.188476000261289,latency-1d192d7f6606.csv
1,1d192d7f6606,2025-10-15T11:50:06.917645,shrek,after,10,True,c060a1e70889,7.159503999901062,latency-1d192d7f6606.csv
1,1d192d7f6606,2025-10-15T11:50:07.034301,shrek3,wont,0,True,c060a1e70889,10.630635999859804,latency-1d192d7f6606.csv
1,1d192d7f6606,2025-10-15T11:50:07.153337,grail,the,1600,True,c060a1e70889,7.918967000023258,latency-1d192d7f6606.csv
1,1d192d7f6606,2025-10-15T11:50:07.270519,shrek,DONKEY,320,True,c060a1e70889,13.375193999763724,latency-1d192d7f6606.csv
1,1d192d7f6606,2025-10-15T11:50:07.402902,shrek,MAN,38,True,5d32a63602e5,7.600141999773768,latency-1d192d7f6606.csv
2,1d192d7f6606,2025-10-15T11:50:07.517427,shrek,He,118,True,c060a1e70889,7.745694999812258,latency-1d192d7f6606.csv
2,1d192d7f6606,2025-10-15T11:50:07.632894,grail,To,718,True,c060a1e70889,6.65422599968224,latency-1d192d7f6606.csv
2,1d192d7f6606,2025-10-15T11:50:07.746418,grail,Bridge,30,True,5d32a63602e5,7.5846120003006945,latency-1d192d7f6606.csv
2,1d192d7f6606,2025-10-15T11:50:07.860886,grail,of,684,True,c060a1e70889,6.31543800000145,latency-1d192d7f6606.csv
2,1d192d7f6606,2025-10-15T11:50:07.974037,shrek,edge,2,True,c060a1e70889,5.689059999895108,latency-1d192d7f6606.csv
2,1d192d7f6606,2025-10-15T11:50:08.087534,shrek,number,8,True,c060a1e70889,8.247821000168187,latency-1d192d7f6606.csv
2,1d192d7f6606,2025-10-15T11:50:08.202487,grail,elected,2,True,c060a1e70889,5.673806000231707,latency-1d192d7f6606.csv
2,1d192d7f6606,2025-10-15T11:50:08.314265,shrek,tell,25,True,c060a1e70889,5.698433000361547,latency-1d192d7f6606.csv
2,1d192d7f6606,2025-10-15T11:50:08.426834,shrek,will,16,True,c060a1e70889,5.084939999960625,latency-1d192d7f6606.csv
2,1d192d7f6606,2025-10-15T11:50:08.537094,grail,Gallahad,44,True,c060a1e70889,7.069690000207629,latency-1d192d7f6606.csv
2,1d192d7f6606,2025-10-15T11:50:08.650979,grail,for,118,True,c060a1e70889,6.693583000014769,latency-1d192d7f6606.csv
2,1d192d7f6606,2025-10-15T11:50:08.764251,shrek3,its,1,True,c060a1e70889,6.987039000250661,latency-1d192d7f6606.csv
2,1d192d7f6606,2025-10-15T11:50:08.879347,shrek3,PUSS,196,True,c060a1e70889,4.428793999977643,latency-1d192d7f6606.csv
2,1d192d7f6606,2025-10-15T11:50:08.989518,grail,-,259,True,c060a1e70889,7.921607000298536,latency-1d192d7f6606.csv
2,1d192d7f6606,2025-10-15T11:50:09.108397,shrek,GORDO,5,True,4ee8a2a45a7d,56.10724500002107,latency-1d192d7f6606.csv
2,1d192d7f6606,2025-10-15T11:50:09.285457,shrek,after,10,True,5d32a63602e5,5.077585999970324,latency-1d192d7f6606.csv
2,1d192d7f6606,2025-10-15T11:50:09.397987,shrek3,wont,0,True,5d32a63602e5,7.203408999885141,latency-1d192d7f6606.csv
2,1d192d7f6606,2025-10-15T11:50:09.516343,grail,the,1600,True,5d32a63602e5,5.590192999989085,latency-1d192d7f6606.csv
2,1d192d7f6606,2025-10-15T11:50:09.629931,shrek,DONKEY,320,True,c060a1e70889,7.19023500005278,latency-1d192d7f6606.csv
2,1d192d7f6606,2025-10-15T11:50:09.745197,shrek,MAN,38,True,5d32a63602e5,5.3248409999469,latency-1d192d7f6606.csv
1,1f2a4a05fc4b,2025-10-15T11:50:01.561647,shrek3,showing,1,True,4ee8a2a45a7d,8.649561000311223,latency-1f2a4a05fc4b.csv
1,1f2a4a05fc4b,2025-10-15T11:50:01.678999,shrek,(standing,0,True,5d32a63602e5,23.21049800002584,latency-1f2a4a05fc4b.csv
1,1f2a4a05fc4b,2025-10-15T11:50:01.826456,shrek3,cosmic,1,True,5d32a63602e5,8.936659000028158,latency-1f2a4a05fc4b.csv
1,1f2a4a05fc4b,2025-10-15T11:50:01.952246,grail,I,298,True,c060a1e70889,9.223869000379636,latency-1f2a4a05fc4b.csv
1,1f2a4a05fc4b,2025-10-15T11:50:02.068162,grail,toward,10,True,c060a1e70889,8.03671999983635,latency-1f2a4a05fc4b.csv
1,1f2a4a05fc4b,2025-10-15T11:50:02.184072,grail,“I,0,True,c060a1e70889,8.315901000059966,latency-1f2a4a05fc4b.csv
1,1f2a4a05fc4b,2025-10-15T11:50:02.298971,shrek3,Hold,8,True,5d32a63602e5,5.97735500014096,latency-1f2a4a05fc4b.csv
1,1f2a4a05fc4b,2025-10-15T11:50:02.410575,grail,LANCELOT,59,True,c060a1e70889,5.310116000146081,latency-1f2a4a05fc4b.csv
1,1f2a4a05fc4b,2025-10-15T11:50:02.523159,shrek3,SHREK,678,True,c060a1e70889,5.652753000049415,latency-1f2a4a05fc4b.csv
1,1f2a4a05fc4b,2025-10-15T11:50:02.634982,shrek,rising,1,True,c060a1e70889,6.96444999994128,latency-1f2a4a05fc4b.csv
1,1f2a4a05fc4b,2025-10-15T11:50:02.749078,shrek,whole,10,True,c060a1e70889,5.797484000140685,latency-1f2a4a05fc4b.csv
1,1f2a4a05fc4b,2025-10-15T11:50:02.860291,shrek,tell,25,True,c060a1e70889,5.980724000437476,latency-1f2a4a05fc4b.csv
1,1f2a4a05fc4b,2025-10-15T11:50:02.971781,grail,Cleveland,3,True,5d32a63602e5,11.20599800015043,latency-1f2a4a05fc4b.csv
1,1f2a4a05fc4b,2025-10-15T11:50:03.093709,grail,Guard,106,True,5d32a63602e5,7.768347999899561,latency-1f2a4a05fc4b.csv
1,1f2a4a05fc4b,2025-10-15T11:50:03.209736,shrek3,still,18,True,5d32a63602e5,10.835067000243724,latency-1f2a4a05fc4b.csv
1,1f2a4a05fc4b,2025-10-15T11:50:03.337797,grail,door,14,True,4ee8a2a45a7d,10.11495000011564,latency-1f2a4a05fc4b.csv
1,1f2a4a05fc4b,2025-10-15T11:50:03.457491,grail,-,259,True,c060a1e70889,13.410640999609312,latency-1f2a4a05fc4b.csv
1,1f2a4a05fc4b,2025-10-15T11:50:03.579931,shrek,and,318,True,5d32a63602e5,8.355925000159914,latency-1f2a4a05fc4b.csv
1,1f2a4a05fc4b,2025-10-15T11:50:03.700644,grail,pathetic,4,True,c060a1e70889,9.646760000123322,latency-1f2a4a05fc4b.csv
1,1f2a4a05fc4b,2025-10-15T11:50:03.824443,shrek,the,535,True,c060a1e70889,15.098642999873846,latency-1f2a4a05fc4b.csv
2,1f2a4a05fc4b,2025-10-15T11:50:03.953199,shrek3,showing,1,True,c060a1e70889,7.829886999843438,latency-1f2a4a05fc4b.csv
2,1f2a4a05fc4b,2025-10-15T11:50:04.073542,shrek,(standing,0,True,c060a1e70889,6.793761999688286,latency-1f2a4a05fc4b.csv
2,1f2a4a05fc4b,2025-10-15T11:50:04.191821,shrek3,cosmic,1,True,c060a1e70889,18.954151999878377,latency-1f2a4a05fc4b.csv
2,1f2a4a05fc4b,2025-10-15T11:50:04.324160,grail,I,298,True,c060a1e70889,10.866998999972566,latency-1f2a4a05fc4b.csv
2,1f2a4a05fc4b,2025-10-15T11:50:04.448283,grail,toward,10,True,c060a1e70889,6.420645999696717,latency-1f2a4a05fc4b.csv
2,1f2a4a05fc4b,2025-10-15T11:50:04.570600,grail,“I,0,True,c060a1e70889,6.629206000070553,latency-1f2a4a05fc4b.csv
2,1f2a4a05fc4b,2025-10-15T11:50:04.684243,shrek3,Hold,8,True,c060a1e70889,7.783927999753359,latency-1f2a4a05fc4b.csv
2,1f2a4a05fc4b,2025-10-15T11:50:04.798366,grail,LANCELOT,59,True,c060a1e70889,9.529502000077628,latency-1f2a4a05fc4b.csv
2,1f2a4a05fc4b,2025-10-15T11:50:04.919237,shrek3,SHREK,678,True,c060a1e70889,11.787323000135077,latency-1f2a4a05fc4b.csv
2,1f2a4a05fc4b,2025-10-15T11:50:05.040519,shrek,rising,1,True,c060a1e70889,10.96206300007907,latency-1f2a4a05fc4b.csv
2,1f2a4a05fc4b,2025-10-15T11:50:05.164815,shrek,whole,10,True,c060a1e70889,7.734255999821471,latency-1f2a4a05fc4b.csv
2,1f2a4a05fc4b,2025-10-15T11:50:05.281127,shrek,tell,25,True,c060a1e70889,6.794764000005671,latency-1f2a4a05fc4b.csv
2,1f2a4a05fc4b,2025-10-15T11:50:05.395487,grail,Cleveland,3,True,c060a1e70889,13.259766999908608,latency-1f2a4a05fc4b.csv
2,1f2a4a05fc4b,2025-10-15T11:50:05.522125,grail,Guard,106,True,5d32a63602e5,8.594584000093164,latency-1f2a4a05fc4b.csv
2,1f2a4a05fc4b,2025-10-15T11:50:05.640974,shrek3,still,18,True,5d32a63602e5,5.117120000249997,latency-1f2a4a05fc4b.csv
2,1f2a4a05fc4b,2025-10-15T11:50:05.752120,grail,door,14,True,5d32a63602e5,7.850922999750765,latency-1f2a4a05fc4b.csv
2,1f2a4a05fc4b,2025-10-15T11:50:05.869279,grail,-,259,True,c060a1e70889,9.416472999873804,latency-1f2a4a05fc4b.csv
2,1f2a4a05fc4b,2025-10-15T11:50:05.987759,shrek,and,318,True,c060a1e70889,7.826805000149761,latency-1f2a4a05fc4b.csv
2,1f2a4a05fc4b,2025-10-15T11:50:06.103695,grail,pathetic,4,True,c060a1e70889,5.2539879998221295,latency-1f2a4a05fc4b.csv
2,1f2a4a05fc4b,2025-10-15T11:50:06.217187,shrek,the,535,True,c060a1e70889,4.832428000099753,latency-1f2a4a05fc4b.csv
1,1fdf873df613,2025-10-15T11:49:48.427464,shrek3,cosmic,1,True,c060a1e70889,6.904948000283184,latency-1fdf873df613.csv
1,1fdf873df613,2025-10-15T11:49:48.543129,shrek3,showing,1,True,c060a1e70889,5.1644889999806765,latency-1fdf873df613.csv
1,1fdf873df613,2025-10-15T11:49:48.653436,shrek,SHREK,433,True,c060a1e70889,5.45276399998329,latency-1fdf873df613.csv
1,1fdf873df613,2025-10-15T11:49:48.765484,shrek,the,535,True,c060a1e70889,5.421552999905543,latency-1fdf873df613.csv
1,1fdf873df613,2025-10-15T11:49:48.876560,shrek3,his,238,True,c060a1e70889,8.546449999812467,latency-1fdf873df613.csv
1,1fdf873df613,2025-10-15T11:49:48.990825,grail,seek,12,True,5d32a63602e5,6.861754000055953,latency-1fdf873df613.csv
1,1fdf873df613,2025-10-15T11:49:49.106152,shrek3,toward,14,True,c060a1e70889,5.1877089999834425,latency-1fdf873df613.csv
1,1fdf873df613,2025-10-15T11:49:49.217138,shrek3,bed,10,True,c060a1e70889,7.139563999771781,latency-1fdf873df613.csv
1,1fdf873df613,2025-10-15T11:49:49.332870,shrek3,Whoa,7,True,c060a1e70889,8.191504000023997,latency-1fdf873df613.csv
1,1fdf873df613,2025-10-15T11:49:49.447295,shrek,FIONA,211,True,c060a1e70889,7.342737999806559,latency-1fdf873df613.csv
1,1fdf873df613,2025-10-15T11:49:49.561388,grail,Ecky-Ecky-Ecky,1,True,c060a1e70889,5.271292000088579,latency-1fdf873df613.csv
1,1fdf873df613,2025-10-15T11:49:49.672131,shrek3,and,576,True,5d32a63602e5,7.317419000173686,latency-1fdf873df613.csv
1,1fdf873df613,2025-10-15T11:49:49.788700,shrek,And,318,True,c060a1e70889,4.814402000192786,latency-1fdf873df613.csv
1,1fdf873df613,2025-10-15T11:49:49.898673,shrek3,cosmic,1,True,5d32a63602e5,8.772210000188352,latency-1fdf873df613.csv
1,1fdf873df613,2025-10-15T11:49:50.016615,shrek3,you,328,True,c060a1e70889,5.913058999794885,latency-1fdf873df613.csv
1,1fdf873df613,2025-10-15T11:49:50.128616,shrek,the,535,True,5d32a63602e5,12.764657999923656,latency-1fdf873df613.csv
1,1fdf873df613,2025-10-15T11:49:50.249517,grail,Tm,5,False,5d32a63602e5,14.212598000085563,latency-1fdf873df613.csv
1,1fdf873df613,2025-10-15T11:49:50.370506,shrek3,CHARMING,232,True,5d32a63602e5,8.326386000135244,latency-1fdf873df613.csv
1,1fdf873df613,2025-10-15T11:49:50.485180,shrek3,get,39,True,c060a1e70889,7.852051000099891,latency-1fdf873df613.csv
1,1fdf873df613,2025-10-15T11:49:50.599017,shrek,after,10,True,c060a1e70889,7.432083999901806,latency-1fdf873df613.csv
2,1fdf873df613,2025-10-15T11:49:50.713454,shrek3,cosmic,1,True,c060a1e70889,8.567326000047615,latency-1fdf873df613.csv
2,1fdf873df613,2025-10-15T11:49:50.828827,shrek3,showing,1,True,c060a1e70889,11.212591000003158,latency-1fdf873df613.csv
2,1fdf873df613,2025-10-15T11:49:50.947275,shrek,SHREK,433,True,5d32a63602e5,11.99962600003346,latency-1fdf873df613.csv
2,1fdf873df613,2025-10-15T11:49:51.067841,shrek,the,535,True,c060a1e70889,8.216900000206806,latency-1fdf873df613.csv
2,1fdf873df613,2025-10-15T11:49:51.191053,shrek3,his,238,True,c060a1e70889,7.403674000215688,latency-1fdf873df613.csv
2,1fdf873df613,2025-10-15T11:49:51.305349,grail,seek,12,True,c060a1e70889,6.051574000139226,latency-1fdf873df613.csv
2,1fdf873df613,2025-10-15T11:49:51.420043,shrek3,toward,14,True,c060a1e70889,9.779389000414085,latency-1fdf873df613.csv
2,1fdf873df613,2025-10-15T11:49:51.548077,shrek3,bed,10,True,c060a1e70889,29.886866999731865,latency-1fdf873df613.csv
2,1fdf873df613,2025-10-15T11:49:51.707514,shrek3,Whoa,7,True,4ee8a2a45a7d,14.685341000131302,latency-1fdf873df613.csv
2,1fdf873df613,2025-10-15T11:49:51.851418,shrek,FIONA,211,True,c060a1e70889,14.406623000013496,latency-1fdf873df613.csv
2,1fdf873df613,2025-10-15T11:49:52.010703,grail,Ecky-Ecky-Ecky,1,True,5d32a63602e5,7.466887000191491,latency-1fdf873df613.csv
2,1fdf873df613,2025-10-15T11:49:52.126758,shrek3,and,576,True,5d32a63602e5,6.30790800005343,latency-1fdf873df613.csv
2,1fdf873df613,2025-10-15T11:49:52.240401,shrek,And,318,True,4ee8a2a45a7d,7.086149999850022,latency-1fdf873df613.csv
2,1fdf873df613,2025-10-15T11:49:52.354130,shrek3,cosmic,1,True,c060a1e70889,7.454061000316869,latency-1fdf873df613.csv
2,1fdf873df613,2025-10-15T11:49:52.467770,shrek3,you,328,True,c060a1e70889,10.23827099970731,latency-1fdf873df613.csv
2,1fdf873df613,2025-10-15T11:49:52.585231,shrek,the,535,True,5d32a63602e5,7.938332999856357,latency-1fdf873df613.csv
2,1fdf873df613,2025-10-15T11:49:52.700254,grail,Tm,5,True,5d32a63602e5,20.290214999931777,latency-1fdf873df613.csv
2,1fdf873df613,2025-10-15T11:49:52.833250,shrek3,CHARMING,232,True,c060a1e70889,11.758467000163364,latency-1fdf873df613.csv
2,1fdf873df613,2025-10-15T11:49:52.956146,shrek3,get,39,True,c060a1e70889,9.344282999791176,latency-1fdf873df613.csv
2,1fdf873df613,2025-10-15T11:49:53.076022,shrek,after,10,True,c060a1e70889,8.874699999978475,latency-1fdf873df613.csv
1,23c940ec6a18,2025-10-15T11:50:14.605790,shrek3,flaming,2,True,5d32a63602e5,5.940204000125959,latency-23c940ec6a18.csv
1,23c940ec6a18,2025-10-15T11:50:14.716627,grail,LTD,6,True,5d32a63602e5,3.864746999624913,latency-23c940ec6a18.csv
1,23c940ec6a18,2025-10-15T11:50:14.825365,grail,I,298,True,5d32a63602e5,6.045414000254823,latency-23c940ec6a18.csv
1,23c940ec6a18,2025-10-15T11:50:14.941420,shrek3,the,1285,True,5d32a63602e5,6.354596000164747,latency-23c940ec6a18.csv
1,23c940ec6a18,2025-10-15T11:50:15.054370,grail,few,8,True,5d32a63602e5,5.636342999878252,latency-23c940ec6a18.csv
1,23c940ec6a18,2025-10-15T11:50:15.165498,grail,Footnote,4,True,5d32a63602e5,7.339384999795584,latency-23c940ec6a18.csv
1,23c940ec6a18,2025-10-15T11:50:15.278755,shrek,And,318,True,5d32a63602e5,6.272744999932911,latency-23c940ec6a18.csv
1,23c940ec6a18,2025-10-15T11:50:15.391240,shrek,this,79,True,c060a1e70889,8.238300000357413,latency-23c940ec6a18.csv
1,23c940ec6a18,2025-10-15T11:50:15.507466,grail,pseudonym,1,True,c060a1e70889,6.859994000024017,latency-23c940ec6a18.csv
1,23c940ec6a18,2025-10-15T11:50:15.621727,shrek,will,16,True,5d32a63602e5,10.26131400021768,latency-23c940ec6a18.csv
1,23c940ec6a18,2025-10-15T11:50:15.739977,grail,(as,0,True,c060a1e70889,8.874086000105308,latency-23c940ec6a18.csv
1,23c940ec6a18,2025-10-15T11:50:15.856704,shrek3,the,1285,True,c060a1e70889,10.205404999851453,latency-23c940ec6a18.csv
1,23c940ec6a18,2025-10-15T11:50:15.976453,shrek,FIONA'S,3,True,c060a1e70889,8.551863999855414,latency-23c940ec6a18.csv
1,23c940ec6a18,2025-10-15T11:50:16.092836,grail,dancing,10,True,c060a1e70889,7.405072999972617,latency-23c940ec6a18.csv
1,23c940ec6a18,2025-10-15T11:50:16.213348,grail,THREE-HEADED,8,True,c060a1e70889,13.711113999761436,latency-23c940ec6a18.csv
1,23c940ec6a18,2025-10-15T11:50:16.339428,grail,a,666,True,5d32a63602e5,10.053845000129511,latency-23c940ec6a18.csv
1,23c940ec6a18,2025-10-15T11:50:16.460620,shrek,on,88,True,5d32a63602e5,6.630486000176461,latency-23c940ec6a18.csv
1,23c940ec6a18,2025-10-15T11:50:16.575680,shrek3,Whoa,7,True,5d32a63602e5,9.645557000112603,latency-23c940ec6a18.csv
1,23c940ec6a18,2025-10-15T11:50:16.696902,shrek3,time,23,True,c060a1e70889,7.867231999625801,latency-23c940ec6a18.csv
1,23c940ec6a18,2025-10-15T11:50:16.813266,shrek,FIONA,211,True,c060a1e70889,4.719946000022901,latency-23c940ec6a18.csv
2,23c940ec6a18,2025-10-15T11:50:16.924691,shrek3,flaming,2,True,c060a1e70889,4.983744000128354,latency-23c940ec6a18.csv
2,23c940ec6a18,2025-10-15T11:50:17.036204,grail,LTD,6,True,c060a1e70889,6.370981999680225,latency-23c940ec6a18.csv
2,23c940ec6a18,2025-10-15T11:50:17.152816,grail,I,298,True,5d32a63602e5,33.38866300009613,latency-23c940ec6a18.csv
2,23c940ec6a18,2025-10-15T11:50:17.306104,shrek3,the,1285,True,c060a1e70889,5.217999000251439,latency-23c940ec6a18.csv
2,23c940ec6a18,2025-10-15T11:50:17.416662,grail,few,8,True,c060a1e70889,4.96982200002094,latency-23c940ec6a18.csv
2,23c940ec6a18,2025-10-15T11:50:17.527092,grail,Footnote,4,True,c060a1e70889,4.688620000251831,latency-23c940ec6a18.csv
2,23c940ec6a18,2025-10-15T11:50:17.637934,shrek,And,318,True,c060a1e70889,7.065939000312937,latency-23c940ec6a18.csv
2,23c940ec6a18,2025-10-15T11:50:17.753464,shrek,this,79,True,5d32a63602e5,9.681481999905373,latency-23c940ec6a18.csv
2,23c940ec6a18,2025-10-15T11:50:17.871326,grail,pseudonym,1,True,5d32a63602e5,8.2803549998971,latency-23c940ec6a18.csv
2,23c940ec6a18,2025-10-15T11:50:17.987665,shrek,will,16,True,c060a1e70889,5.37592599994241,latency-23c940ec6a18.csv
2,23c940ec6a18,2025-10-15T11:50:18.097769,grail,(as,0,True,c060a1e70889,4.638713000076677,latency-23c940ec6a18.csv
2,23c940ec6a18,2025-10-15T11:50:18.207607,shrek3,the,1285,True,c060a1e70889,4.762082000070222,latency-23c940ec6a18.csv
2,23c940ec6a18,2025-10-15T11:50:18.317333,shrek,FIONA'S,3,True,c060a1e70889,6.812399999944319,latency-23c940ec6a18.csv
2,23c940ec6a18,2025-10-15T11:50:18.430264,grail,dancing,10,True,c060a1e70889,4.417751999881148,latency-23c940ec6a18.csv
2,23c940ec6a18,2025-10-15T11:50:18.539245,grail,THREE-HEADED,8,True,c060a1e70889,4.046281000228191,latency-23c940ec6a18.csv
2,23c940ec6a18,2025-10-15T11:50:18.647640,grail,a,666,True,c060a1e70889,4.05290300022898,latency-23c940ec6a18.csv
2,23c940ec6a18,2025-10-15T11:50:18.756640,shrek,on,88,True,c060a1e70889,5.2475569996204285,latency-23c940ec6a18.csv
2,23c940ec6a18,2025-10-15T11:50:18.866626,shrek3,Whoa,7,True,c060a1e70889,4.5992949999345,latency-23c940ec6a18.csv
2,23c940ec6a18,2025-10-15T11:50:18.976299,shrek3,time,23,True,c060a1e70889,9.204623999721662,latency-23c940ec6a18.csv
2,23c940ec6a18,2025-10-15T11:50:19.092399,shrek,FIONA,211,True,c060a1e70889,4.828755999824352,latency-23c940ec6a18.csv
1,24f054f74da5,2025-10-15T11:49:57.820991,grail,lost,6,True,c060a1e70889,6.559055000252556,latency-24f054f74da5.csv
1,24f054f74da5,2025-10-15T11:49:57.935593,shrek3,SCHOOL,14,True,c060a1e70889,5.538182000236702,latency-24f054f74da5.csv
1,24f054f74da5,2025-10-15T11:49:58.046197,grail,to,718,True,c060a1e70889,8.976116000212642,latency-24f054f74da5.csv
1,24f054f74da5,2025-10-15T11:49:58.163218,shrek3,decree,1,True,c060a1e70889,9.191220000047906,latency-24f054f74da5.csv
1,24f054f74da5,2025-10-15T11:49:58.282775,grail,the,1600,True,c060a1e70889,6.748214000253938,latency-24f054f74da5.csv
1,24f054f74da5,2025-10-15T11:49:58.395717,shrek3,Hold,8,True,c060a1e70889,6.094532000133768,latency-24f054f74da5.csv
1,24f054f74da5,2025-10-15T11:49:58.508719,shrek3,Third,121,True,c060a1e70889,7.643955999810714,latency-24f054f74da5.csv
1,24f054f74da5,2025-10-15T11:49:58.624160,shrek,SHREK,433,True,5d32a63602e5,6.576129000222863,latency-24f054f74da5.csv
1,24f054f74da5,2025-10-15T11:49:58.738457,shrek3,Arg,1,True,5d32a63602e5,5.425931999980094,latency-24f054f74da5.csv
1,24f054f74da5,2025-10-15T11:49:58.849144,shrek3,WOLF,7,True,5d32a63602e5,6.897934999869904,latency-24f054f74da5.csv
1,24f054f74da5,2025-10-15T11:49:58.964606,shrek,will,16,True,5d32a63602e5,5.353681000087818,latency-24f054f74da5.csv
1,24f054f74da5,2025-10-15T11:49:59.075035,shrek,FARQUAAD,84,True,5d32a63602e5,4.392737999751262,latency-24f054f74da5.csv
1,24f054f74da5,2025-10-15T11:49:59.184549,shrek,INSIDE,16,True,5d32a63602e5,6.223121999937575,latency-24f054f74da5.csv
1,24f054f74da5,2025-10-15T11:49:59.298133,shrek,and,318,True,c060a1e70889,6.885445000079926,latency-24f054f74da5.csv
1,24f054f74da5,2025-10-15T11:49:59.411065,grail,cross,13,True,c060a1e70889,5.983211000057054,latency-24f054f74da5.csv
1,24f054f74da5,2025-10-15T11:49:59.522436,grail,pathetic,4,True,5d32a63602e5,7.969729999786068,latency-24f054f74da5.csv
1,24f054f74da5,2025-10-15T11:49:59.636681,grail,for,118,True,5d32a63602e5,9.452578000036738,latency-24f054f74da5.csv
1,24f054f74da5,2025-10-15T11:49:59.758646,shrek3,Third,121,True,4ee8a2a45a7d,6.667717000254925,latency-24f054f74da5.csv
1,24f054f74da5,2025-10-15T11:49:59.873738,shrek3,SHREK,678,True,5d32a63602e5,5.222311000125046,latency-24f054f74da5.csv
1,24f054f74da5,2025-10-15T11:49:59.985321,shrek,Nobody,4,True,5d32a63602e5,7.2721730002740514,latency-24f054f74da5.csv
2,24f054f74da5,2025-10-15T11:50:00.098956,grail,lost,6,True,c060a1e70889,11.988595000275382,latency-24f054f74da5.csv
2,24f054f74da5,2025-10-15T11:50:00.221186,shrek3,SCHOOL,14,True,c060a1e70889,8.512374000019918,latency-24f054f74da5.csv
2,24f054f74da5,2025-10-15T11:50:00.339834,grail,to,718,True,c060a1e70889,7.289698000022327,latency-24f054f74da5.csv
2,24f054f74da5,2025-10-15T11:50:00.454467,shrek3,decree,1,True,c060a1e70889,14.546163999966666,latency-24f054f74da5.csv
2,24f054f74da5,2025-10-15T11:50:00.577974,grail,the,1600,True,4ee8a2a45a7d,33.87592799981576,latency-24f054f74da5.csv
2,24f054f74da5,2025-10-15T11:50:00.729301,shrek3,Hold,8,True,4ee8a2a45a7d,5.419057999915822,latency-24f054f74da5.csv
2,24f054f74da5,2025-10-15T11:50:00.841912,shrek3,Third,121,True,5d32a63602e5,8.316221999848494,latency-24f054f74da5.csv
2,24f054f74da5,2025-10-15T11:50:00.957435,shrek,SHREK,433,True,c060a1e70889,9.852600999693095,latency-24f054f74da5.csv
2,24f054f74da5,2025-10-15T11:50:01.074904,shrek3,Arg,1,True,c060a1e70889,9.865475999959015,latency-24f054f74da5.csv
2,24f054f74da5,2025-10-15T11:50:01.194489,shrek3,WOLF,7,True,c060a1e70889,12.397981000049183,latency-24f054f74da5.csv
2,24f054f74da5,2025-10-15T11:50:01.326527,shrek,will,16,True,5d32a63602e5,9.292336000271462,latency-24f054f74da5.csv
2,24f054f74da5,2025-10-15T11:50:01.443103,shrek,FARQUAAD,84,True,5d32a63602e5,6.202753000252415,latency-24f054f74da5.csv
2,24f054f74da5,2025-10-15T11:50:01.555038,shrek,INSIDE,16,True,5d32a63602e5,12.462807999781944,latency-24f054f74da5.csv
2,24f054f74da5,2025-10-15T11:50:01.680192,shrek,and,318,True,5d32a63602e5,21.372267000060678,latency-24f054f74da5.csv
2,24f054f74da5,2025-10-15T11:50:01.826458,grail,cross,13,True,5d32a63602e5,9.065750999980082,latency-24f054f74da5.csv
2,24f054f74da5,2025-10-15T11:50:01.953960,grail,pathetic,4,True,c060a1e70889,8.03960500024914,latency-24f054f74da5.csv
2,24f054f74da5,2025-10-15T11:50:02.068453,grail,for,118,True,c060a1e70889,6.824252000114939,latency-24f054f74da5.csv
2,24f054f74da5,2025-10-15T11:50:02.182782,shrek3,Third,121,True,c060a1e70889,7.935989000088739,latency-24f054f74da5.csv
2,24f054f74da5,2025-10-15T11:50:02.297428,shrek3,SHREK,678,True,c060a1e70889,6.100678999700904,latency-24f054f74da5.csv
2,24f054f74da5,2025-10-15T11:50:02.409401,shrek,Nobody,4,True,c060a1e70889,6.4775770001688215,latency-24f054f74da5.csv
1,308c52ffc176,2025-10-15T11:49:38.587952,shrek3,"Bay""",0,False,c060a1e70889,11.62421099979838,latency-308c52ffc176.csv
1,308c52ffc176,2025-10-15T11:49:38.705363,grail,the,1600,True,c060a1e70889,6.9600420001734165,latency-308c52ffc176.csv
1,308c52ffc176,2025-10-15T11:49:38.819344,shrek3,bed,10,True,5d32a63602e5,6.41249800037258,latency-308c52ffc176.csv
1,308c52ffc176,2025-10-15T11:49:38.931507,shrek3,"Bay""",0,True,4ee8a2a45a7d,5.8026820001941815,latency-308c52ffc176.csv
1,308c52ffc176,2025-10-15T11:49:39.042655,grail,the,1600,True,5d32a63602e5,7.223755000268284,latency-308c52ffc176.csv
1,308c52ffc176,2025-10-15T11:49:39.157616,shrek,edge,2,True,5d32a63602e5,5.42649099998016,latency-308c52ffc176.csv
1,308c52ffc176,2025-10-15T11:49:39.271218,grail,CALLS,3,False,5d32a63602e5,12.228865999986738,latency-308c52ffc176.csv
1,308c52ffc176,2025-10-15T11:49:39.393125,grail,"Peng,",0,False,5d32a63602e5,14.340301999709482,latency-308c52ffc176.csv
1,308c52ffc176,2025-10-15T11:49:39.522291,grail,To,718,True,c060a1e70889,5.4363499998544285,latency-308c52ffc176.csv
1,308c52ffc176,2025-10-15T11:49:39.635681,shrek3,the,1285,True,5d32a63602e5,7.896603000062896,latency-308c52ffc176.csv
1,308c52ffc176,2025-10-15T11:49:39.752329,grail,I,298,True,c060a1e70889,5.782496999927389,latency-308c52ffc176.csv
1,308c52ffc176,2025-10-15T11:49:39.863472,shrek,will,16,False,4ee8a2a45a7d,15.716396999778226,latency-308c52ffc176.csv
1,308c52ffc176,2025-10-15T11:49:39.990729,shrek3,Uh,18,False,4ee8a2a45a7d,14.351211999837687,latency-308c52ffc176.csv
1,308c52ffc176,2025-10-15T11:49:40.110442,shrek,you,409,False,c060a1e70889,10.563990000264312,latency-308c52ffc176.csv
1,308c52ffc176,2025-10-15T11:49:40.226596,grail,(as,0,True,4ee8a2a45a7d,8.609254000020883,latency-308c52ffc176.csv
1,308c52ffc176,2025-10-15T11:49:40.342530,shrek,your,49,True,c060a1e70889,4.631954999695154,latency-308c52ffc176.csv
1,308c52ffc176,2025-10-15T11:49:40.454150,shrek3,its,1,False,c060a1e70889,12.448056999801338,latency-308c52ffc176.csv
1,308c52ffc176,2025-10-15T11:49:40.576063,grail,To,718,True,c060a1e70889,7.009308000306191,latency-308c52ffc176.csv
1,308c52ffc176,2025-10-15T11:49:40.692946,grail,a,666,True,c060a1e70889,6.209263000073406,latency-308c52ffc176.csv
1,308c52ffc176,2025-10-15T11:49:40.804834,grail,Yeah,13,False,c060a1e70889,9.66474200004086,latency-308c52ffc176.csv
2,308c52ffc176,2025-10-15T11:49:40.920488,shrek3,"Bay""",0,True,5d32a63602e5,7.7509990001090046,latency-308c52ffc176.csv
2,308c52ffc176,2025-10-15T11:49:41.036822,grail,the,1600,True,5d32a63602e5,6.455140999605646,latency-308c52ffc176.csv
2,308c52ffc176,2025-10-15T11:49:41.150486,shrek3,bed,10,True,5d32a63602e5,9.66397899992444,latency-308c52ffc176.csv
2,308c52ffc176,2025-10-15T11:49:41.271777,shrek3,"Bay""",0,True,c060a1e70889,8.147160000135045,latency-308c52ffc176.csv
2,308c52ffc176,2025-10-15T11:49:41.386822,grail,the,1600,True,c060a1e70889,7.172880999860354,latency-308c52ffc176.csv
2,308c52ffc176,2025-10-15T11:49:41.501264,shrek,edge,2,True,4ee8a2a45a7d,10.777179999877262,latency-308c52ffc176.csv
2,308c52ffc176,2025-10-15T11:49:41.627855,grail,CALLS,3,True,5d32a63602e5,7.570008000129746,latency-308c52ffc176.csv
2,308c52ffc176,2025-10-15T11:49:41.742618,grail,"Peng,",0,True,c060a1e70889,8.806511999864597,latency-308c52ffc176.csv
2,308c52ffc176,2025-10-15T11:49:41.858846,grail,To,718,True,c060a1e70889,13.481801000125415,latency-308c52ffc176.csv
2,308c52ffc176,2025-10-15T11:49:41.980522,shrek3,the,1285,True,c060a1e70889,9.645373000239488,latency-308c52ffc176.csv
2,308c52ffc176,2025-10-15T11:49:42.100896,grail,I,298,True,c060a1e70889,20.1398269996389,latency-308c52ffc176.csv
2,308c52ffc176,2025-10-15T11:49:42.233025,shrek,will,16,True,5d32a63602e5,12.812555999971664,latency-308c52ffc176.csv
2,308c52ffc176,2025-10-15T11:49:42.357354,shrek3,Uh,18,True,5d32a63602e5,6.465299999945273,latency-308c52ffc176.csv
2,308c52ffc176,2025-10-15T11:49:42.470914,shrek,you,409,True,5d32a63602e5,4.856368000218936,latency-308c52ffc176.csv
2,308c52ffc176,2025-10-15T11:49:42.587136,grail,(as,0,True,c060a1e70889,12.006438999833335,latency-308c52ffc176.csv
2,308c52ffc176,2025-10-15T11:49:42.710946,shrek,your,49,True,4ee8a2a45a7d,12.93733299962696,latency-308c52ffc176.csv
2,308c52ffc176,2025-10-15T11:49:42.845620,shrek3,its,1,True,c060a1e70889,12.158183000337884,latency-308c52ffc176.csv
2,308c52ffc176,2025-10-15T11:49:42.970148,grail,To,718,True,5d32a63602e5,9.983956000269243,latency-308c52ffc176.csv
2,308c52ffc176,2025-10-15T11:49:43.092869,grail,a,666,True,c060a1e70889,16.218093000134104,latency-308c52ffc176.csv
2,308c52ffc176,2025-10-15T11:49:43.220945,grail,Yeah,13,True,c060a1e70889,6.367395999859582,latency-308c52ffc176.csv
1,346e57fb314c,2025-10-15T11:49:38.889280,shrek,No,114,True,5d32a63602e5,6.149827000172081,latency-346e57fb314c.csv
1,346e57fb314c,2025-10-15T11:49:39.003760,shrek,baby,3,True,c060a1e70889,11.225714999909542,latency-346e57fb314c.csv
1,346e57fb314c,2025-10-15T11:49:39.128599,shrek3,BOAT,32,True,5d32a63602e5,8.435987000211753,latency-346e57fb314c.csv
1,346e57fb314c,2025-10-15T11:49:39.243443,grail,them,41,False,c060a1e70889,16.205408000132593,latency-346e57fb314c.csv
1,346e57fb314c,2025-10-15T11:49:39.365177,shrek,placed,1,False,5d32a63602e5,16.280648999781988,latency-346e57fb314c.csv
1,346e57fb314c,2025-10-15T11:49:39.490303,shrek3,cues,3,False,5d32a63602e5,10.787273999994795,latency-346e57fb314c.csv
1,346e57fb314c,2025-10-15T11:49:39.606134,shrek,on,88,True,5d32a63602e5,5.181515000003856,latency-346e57fb314c.csv
1,346e57fb314c,2025-10-15T11:49:39.717105,shrek,trip,1,False,c060a1e70889,13.897314999667287,latency-346e57fb314c.csv
1,346e57fb314c,2025-10-15T11:49:39.836429,shrek3,cosmic,1,False,c060a1e70889,11.00651500019012,latency-346e57fb314c.csv
1,346e57fb314c,2025-10-15T11:49:39.953121,shrek3,time,23,False,c060a1e70889,13.142001999767672,latency-346e57fb314c.csv
1,346e57fb314c,2025-10-15T11:49:40.073922,shrek,SHREK,433,True,c060a1e70889,5.497753999861743,latency-346e57fb314c.csv
1,346e57fb314c,2025-10-15T11:49:40.186725,shrek,your,49,False,c060a1e70889,16.67662499994549,latency-346e57fb314c.csv
1,346e57fb314c,2025-10-15T11:49:40.318096,shrek,way,26,True,c060a1e70889,5.217144000198459,latency-346e57fb314c.csv
1,346e57fb314c,2025-10-15T11:49:40.429332,grail,a,666,True,5d32a63602e5,6.844707999789534,latency-346e57fb314c.csv
1,346e57fb314c,2025-10-15T11:49:40.543594,shrek3,DONKEY,243,True,4ee8a2a45a7d,9.54997300004834,latency-346e57fb314c.csv
1,346e57fb314c,2025-10-15T11:49:40.664065,shrek3,Donkey,243,True,5d32a63602e5,6.621322999762924,latency-346e57fb314c.csv
1,346e57fb314c,2025-10-15T11:49:40.776018,shrek,SHREK,433,True,c060a1e70889,7.73841000000175,latency-346e57fb314c.csv
1,346e57fb314c,2025-10-15T11:49:40.889586,shrek,And,318,True,4ee8a2a45a7d,15.943477999826428,latency-346e57fb314c.csv
1,346e57fb314c,2025-10-15T11:49:41.013977,shrek,And,318,True,c060a1e70889,7.5485460001800675,latency-346e57fb314c.csv
1,346e57fb314c,2025-10-15T11:49:41.129216,shrek,"Well,",0,True,c060a1e70889,7.5133820000701235,latency-346e57fb314c.csv
2,346e57fb314c,2025-10-15T11:49:41.252182,shrek,No,114,True,c060a1e70889,5.47970500019801,latency-346e57fb314c.csv
2,346e57fb314c,2025-10-15T11:49:41.363784,shrek,baby,3,True,c060a1e70889,7.772691999889503,latency-346e57fb314c.csv
2,346e57fb314c,2025-10-15T11:49:41.480556,shrek3,BOAT,32,True,c060a1e70889,7.592431999910332,latency-346e57fb314c.csv
2,346e57fb314c,2025-10-15T11:49:41.595724,grail,them,41,True,c060a1e70889,8.73277800019423,latency-346e57fb314c.csv
2,346e57fb314c,2025-10-15T11:49:41.711979,shrek,placed,1,True,c060a1e70889,6.520336999983556,latency-346e57fb314c.csv
2,346e57fb314c,2025-10-15T11:49:41.823760,shrek3,cues,3,True,c060a1e70889,7.214527000087401,latency-346e57fb314c.csv
2,346e57fb314c,2025-10-15T11:49:41.937804,shrek,on,88,True,c060a1e70889,9.161102000234678,latency-346e57fb314c.csv
2,346e57fb314c,2025-10-15T11:49:42.053140,shrek,trip,1,True,5d32a63602e5,5.99356299971987,latency-346e57fb314c.csv
2,346e57fb314c,2025-10-15T11:49:42.165006,shrek3,cosmic,1,True,5d32a63602e5,12.580264000007446,latency-346e57fb314c.csv
2,346e57fb314c,2025-10-15T11:49:42.293774,shrek3,time,23,True,5d32a63602e5,10.050871999737865,latency-346e57fb314c.csv
2,346e57fb314c,2025-10-15T11:49:42.414888,shrek,SHREK,433,True,5d32a63602e5,4.686557999775687,latency-346e57fb314c.csv
2,346e57fb314c,2025-10-15T11:49:42.529574,shrek,your,49,True,c060a1e70889,9.96731799978079,latency-346e57fb314c.csv
2,346e57fb314c,2025-10-15T11:49:42.658029,shrek,way,26,True,c060a1e70889,8.845080999890342,latency-346e57fb314c.csv
2,346e57fb314c,2025-10-15T11:49:42.774748,grail,a,666,True,c060a1e70889,6.435950000195589,latency-346e57fb314c.csv
2,346e57fb314c,2025-10-15T11:49:42.886984,shrek3,DONKEY,243,True,c060a1e70889,9.389218999785951,latency-346e57fb314c.csv
2,346e57fb314c,2025-10-15T11:49:43.006226,shrek3,Donkey,243,True,c060a1e70889,9.829795999849011,latency-346e57fb314c.csv
2,346e57fb314c,2025-10-15T11:49:43.125416,shrek,SHREK,433,True,c060a1e70889,13.060312000106933,latency-346e57fb314c.csv
2,346e57fb314c,2025-10-15T11:49:43.249586,shrek,And,318,True,4ee8a2a45a7d,16.011862000141264,latency-346e57fb314c.csv
2,346e57fb314c,2025-10-15T11:49:43.379389,shrek,And,318,True,4ee8a2a45a7d,10.653968000042369,latency-346e57fb314c.csv
2,346e57fb314c,2025-10-15T11:49:43.503177,shrek,"Well,",0,True,5d32a63602e5,10.330888999760646,latency-346e57fb314c.csv
1,3b4dd60a22d6,2025-10-15T11:49:52.055563,shrek,FARQUAAD,84,True,5d32a63602e5,11.43830999990314,latency-3b4dd60a22d6.csv
1,3b4dd60a22d6,2025-10-15T11:49:52.183153,grail,Aaaaugh,9,True,c060a1e70889,6.044073999873945,latency-3b4dd60a22d6.csv
1,3b4dd60a22d6,2025-10-15T11:49:52.296148,shrek,our,11,True,4ee8a2a45a7d,9.707976000299825,latency-3b4dd60a22d6.csv
1,3b4dd60a22d6,2025-10-15T11:49:52.421506,shrek,not,50,True,5d32a63602e5,6.800454999847716,latency-3b4dd60a22d6.csv
1,3b4dd60a22d6,2025-10-15T11:49:52.534744,grail,door,14,True,5d32a63602e5,4.7732579996591085,latency-3b4dd60a22d6.csv
1,3b4dd60a22d6,2025-10-15T11:49:52.647058,shrek,this,79,True,5d32a63602e5,6.305759000042599,latency-3b4dd60a22d6.csv
1,3b4dd60a22d6,2025-10-15T11:49:52.762267,grail,"collective,",0,True,5d32a63602e5,7.440885000050912,latency-3b4dd60a22d6.csv
1,3b4dd60a22d6,2025-10-15T11:49:52.881259,grail,is,317,True,5d32a63602e5,5.284622000090167,latency-3b4dd60a22d6.csv
1,3b4dd60a22d6,2025-10-15T11:49:52.995475,shrek3,Artie,213,True,5d32a63602e5,6.737432999671,latency-3b4dd60a22d6.csv
1,3b4dd60a22d6,2025-10-15T11:49:53.110576,shrek3,flaming,2,False,5d32a63602e5,17.935280000074272,latency-3b4dd60a22d6.csv
1,3b4dd60a22d6,2025-10-15T11:49:53.236473,shrek3,2,8,True,c060a1e70889,7.298959999843646,latency-3b4dd60a22d6.csv
1,3b4dd60a22d6,2025-10-15T11:49:53.357927,grail,pseudonym,1,True,c060a1e70889,4.431193000073108,latency-3b4dd60a22d6.csv
1,3b4dd60a22d6,2025-10-15T11:49:53.468489,grail,BEDEVERE,103,True,c060a1e70889,10.603351000099792,latency-3b4dd60a22d6.csv
1,3b4dd60a22d6,2025-10-15T11:49:53.593831,shrek3,They,80,True,c060a1e70889,8.754640000006475,latency-3b4dd60a22d6.csv
1,3b4dd60a22d6,2025-10-15T11:49:53.719629,grail,singing,33,True,4ee8a2a45a7d,4.699619999882998,latency-3b4dd60a22d6.csv
1,3b4dd60a22d6,2025-10-15T11:49:53.829382,shrek,its,1,True,c060a1e70889,5.779429000085656,latency-3b4dd60a22d6.csv
1,3b4dd60a22d6,2025-10-15T11:49:53.941302,shrek,GORDO,5,True,c060a1e70889,5.195654000090144,latency-3b4dd60a22d6.csv
1,3b4dd60a22d6,2025-10-15T11:49:54.053033,grail,thus,5,True,c060a1e70889,7.276800999989064,latency-3b4dd60a22d6.csv
1,3b4dd60a22d6,2025-10-15T11:49:54.166507,grail,cross,13,True,c060a1e70889,5.702620000192837,latency-3b4dd60a22d6.csv
1,3b4dd60a22d6,2025-10-15T11:49:54.278446,shrek3,of,275,True,5d32a63602e5,4.753263999646151,latency-3b4dd60a22d6.csv
2,3b4dd60a22d6,2025-10-15T11:49:54.388993,shrek,FARQUAAD,84,True,4ee8a2a45a7d,17.481407999639487,latency-3b4dd60a22d6.csv
2,3b4dd60a22d6,2025-10-15T11:49:54.519869,grail,Aaaaugh,9,True,4ee8a2a45a7d,6.225362000350287,latency-3b4dd60a22d6.csv
2,3b4dd60a22d6,2025-10-15T11:49:54.632580,shrek,our,11,True,4ee8a2a45a7d,5.398218999744131,latency-3b4dd60a22d6.csv
2,3b4dd60a22d6,2025-10-15T11:49:54.743796,shrek,not,50,True,4ee8a2a45a7d,5.322792000242771,latency-3b4dd60a22d6.csv
2,3b4dd60a22d6,2025-10-15T11:49:54.854629,grail,door,14,True,5d32a63602e5,8.249799000168423,latency-3b4dd60a22d6.csv
2,3b4dd60a22d6,2025-10-15T11:49:54.969760,shrek,this,79,True,5d32a63602e5,6.109912999818334,latency-3b4dd60a22d6.csv
2,3b4dd60a22d6,2025-10-15T11:49:55.082270,grail,"collective,",0,True,5d32a63602e5,9.642121000069892,latency-3b4dd60a22d6.csv
2,3b4dd60a22d6,2025-10-15T11:49:55.199012,grail,is,317,True,5d32a63602e5,7.673403999888251,latency-3b4dd60a22d6.csv
2,3b4dd60a22d6,2025-10-15T11:49:55.313822,shrek3,Artie,213,True,5d32a63602e5,7.582134000131191,latency-3b4dd60a22d6.csv
2,3b4dd60a22d6,2025-10-15T11:49:55.428094,shrek3,flaming,2,True,5d32a63602e5,6.861704000129976,latency-3b4dd60a22d6.csv
2,3b4dd60a22d6,2025-10-15T11:49:55.541551,shrek3,2,8,True,5d32a63602e5,6.70545699995273,latency-3b4dd60a22d6.csv
2,3b4dd60a22d6,2025-10-15T11:49:55.654463,grail,pseudonym,1,True,5d32a63602e5,9.346807999918385,latency-3b4dd60a22d6.csv
2,3b4dd60a22d6,2025-10-15T11:49:55.770937,grail,BEDEVERE,103,True,5d32a63602e5,7.021485999757715,latency-3b4dd60a22d6.csv
2,3b4dd60a22d6,2025-10-15T11:49:55.889558,shrek3,They,80,True,c060a1e70889,5.468865999773698,latency-3b4dd60a22d6.csv
2,3b4dd60a22d6,2025-10-15T11:49:56.000474,grail,singing,33,True,5d32a63602e5,8.367683000415127,latency-3b4dd60a22d6.csv
2,3b4dd60a22d6,2025-10-15T11:49:56.116845,shrek,its,1,True,c060a1e70889,6.940902999758691,latency-3b4dd60a22d6.csv
2,3b4dd60a22d6,2025-10-15T11:49:56.230600,shrek,GORDO,5,True,c060a1e70889,12.569564999921568,latency-3b4dd60a22d6.csv
2,3b4dd60a22d6,2025-10-15T11:49:56.353008,grail,thus,5,True,c060a1e70889,11.797995000051742,latency-3b4dd60a22d6.csv
2,3b4dd60a22d6,2025-10-15T11:49:56.472984,grail,cross,13,True,c060a1e70889,6.782950999877357,latency-3b4dd60a22d6.csv
2,3b4dd60a22d6,2025-10-15T11:49:56.587185,shrek3,of,275,True,c060a1e70889,19.33003300018754,latency-3b4dd60a22d6.csv
1,423109cd5833,2025-10-15T11:49:58.611602,shrek3,reason,2,False,c060a1e70889,13.825988000007785,latency-423109cd5833.csv
1,423109cd5833,2025-10-15T11:49:58.732611,shrek,What,104,True,c060a1e70889,4.872457000146824,latency-423109cd5833.csv
1,423109cd5833,2025-10-15T11:49:58.843177,shrek3,Whoa,7,True,c060a1e70889,7.167056999605848,latency-423109cd5833.csv
1,423109cd5833,2025-10-15T11:49:58.957738,shrek3,Gingerbread,37,True,c060a1e70889,6.286394999733602,latency-423109cd5833.csv
1,423109cd5833,2025-10-15T11:49:59.070287,shrek,GORDO,5,True,c060a1e70889,4.283605999717111,latency-423109cd5833.csv
1,423109cd5833,2025-10-15T11:49:59.179891,shrek3,cosmic,1,True,c060a1e70889,6.048081999779242,latency-423109cd5833.csv
1,423109cd5833,2025-10-15T11:49:59.297287,shrek,"Well,",0,True,c060a1e70889,7.489565000014409,latency-423109cd5833.csv
1,423109cd5833,2025-10-15T11:49:59.410848,shrek,baby,3,True,c060a1e70889,5.934320999585907,latency-423109cd5833.csv
1,423109cd5833,2025-10-15T11:49:59.522369,shrek3,did,14,True,5d32a63602e5,7.841349000045739,latency-423109cd5833.csv
1,423109cd5833,2025-10-15T11:49:59.636586,shrek3,cues,3,True,5d32a63602e5,8.745577999889065,latency-423109cd5833.csv
1,423109cd5833,2025-10-15T11:49:59.756964,shrek,FIONA,211,True,5d32a63602e5,6.353867000143509,latency-423109cd5833.csv
1,423109cd5833,2025-10-15T11:49:59.871532,shrek3,right,36,True,c060a1e70889,6.092278999858536,latency-423109cd5833.csv
1,423109cd5833,2025-10-15T11:49:59.983324,shrek3,ARTIE,213,True,c060a1e70889,8.601252000062232,latency-423109cd5833.csv
1,423109cd5833,2025-10-15T11:50:00.098718,shrek,one,44,True,c060a1e70889,13.963364999654004,latency-423109cd5833.csv
1,423109cd5833,2025-10-15T11:50:00.224693,grail,Who’s,3,True,5d32a63602e5,7.127231000140455,latency-423109cd5833.csv
1,423109cd5833,2025-10-15T11:50:00.342314,grail,from,94,True,5d32a63602e5,6.662646000222594,latency-423109cd5833.csv
1,423109cd5833,2025-10-15T11:50:00.456567,shrek,CROWD,5,True,c060a1e70889,13.93983899970408,latency-423109cd5833.csv
1,423109cd5833,2025-10-15T11:50:00.579191,shrek,stairs,7,True,c060a1e70889,30.605850000029022,latency-423109cd5833.csv
1,423109cd5833,2025-10-15T11:50:00.727236,shrek,tale,7,True,5d32a63602e5,6.348204999994778,latency-423109cd5833.csv
1,423109cd5833,2025-10-15T11:50:00.841453,shrek,INSIDE,16,True,5d32a63602e5,8.277247000023635,latency-423109cd5833.csv
2,423109cd5833,2025-10-15T11:50:00.956882,shrek3,reason,2,True,c060a1e70889,10.940110000319692,latency-423109cd5833.csv
2,423109cd5833,2025-10-15T11:50:01.075269,shrek,What,104,True,c060a1e70889,8.488593000038236,latency-423109cd5833.csv
2,423109cd5833,2025-10-15T11:50:01.194924,shrek3,Whoa,7,True,c060a1e70889,10.630933999891568,latency-423109cd5833.csv
2,423109cd5833,2025-10-15T11:50:01.329499,shrek3,Gingerbread,37,True,4ee8a2a45a7d,18.28628099974594,latency-423109cd5833.csv
2,423109cd5833,2025-10-15T11:50:01.467915,shrek,GORDO,5,True,c060a1e70889,5.518266999843036,latency-423109cd5833.csv
2,423109cd5833,2025-10-15T11:50:01.580686,shrek3,cosmic,1,True,c060a1e70889,8.040491999963706,latency-423109cd5833.csv
2,423109cd5833,2025-10-15T11:50:01.699492,shrek,"Well,",0,True,c060a1e70889,26.064583999868773,latency-423109cd5833.csv
2,423109cd5833,2025-10-15T11:50:01.840192,shrek,baby,3,True,4ee8a2a45a7d,18.84896599995045,latency-423109cd5833.csv
2,423109cd5833,2025-10-15T11:50:01.977725,shrek3,did,14,True,5d32a63602e5,5.685953000011068,latency-423109cd5833.csv
2,423109cd5833,2025-10-15T11:50:02.097399,shrek3,cues,3,True,c060a1e70889,7.797083999776078,latency-423109cd5833.csv
2,423109cd5833,2025-10-15T11:50:02.221784,shrek,FIONA,211,True,c060a1e70889,7.460233000074368,latency-423109cd5833.csv
2,423109cd5833,2025-10-15T11:50:02.337385,shrek3,right,36,True,c060a1e70889,7.488553000257525,latency-423109cd5833.csv
2,423109cd5833,2025-10-15T11:50:02.453548,shrek3,ARTIE,213,True,c060a1e70889,7.026899000265985,latency-423109cd5833.csv
2,423109cd5833,2025-10-15T11:50:02.569932,shrek,one,44,True,c060a1e70889,7.431861999975808,latency-423109cd5833.csv
2,423109cd5833,2025-10-15T11:50:02.685046,grail,Who’s,3,True,c060a1e70889,5.446563000077731,latency-423109cd5833.csv
2,423109cd5833,2025-10-15T11:50:02.796422,grail,from,94,True,c060a1e70889,5.643303999931959,latency-423109cd5833.csv
2,423109cd5833,2025-10-15T11:50:02.913217,shrek,CROWD,5,True,c060a1e70889,5.229245000009541,latency-423109cd5833.csv
2,423109cd5833,2025-10-15T11:50:03.024935,shrek,stairs,7,True,c060a1e70889,6.040466999820637,latency-423109cd5833.csv
2,423109cd5833,2025-10-15T11:50:03.138144,shrek,tale,7,True,c060a1e70889,4.40148899997439,latency-423109cd5833.csv
2,423109cd5833,2025-10-15T11:50:03.249173,shrek,INSIDE,16,True,c060a1e70889,7.8434490001200174,latency-423109cd5833.csv
1,44a2b5a5c130,2025-10-15T11:49:59.516790,shrek,(standing,0,True,c060a1e70889,6.8982590000814525,latency-44a2b5a5c130.csv
1,44a2b5a5c130,2025-10-15T11:49:59.630977,shrek3,time,23,True,c060a1e70889,10.435955000048123,latency-44a2b5a5c130.csv
1,44a2b5a5c130,2025-10-15T11:49:59.749438,grail,Footnote,4,False,c060a1e70889,13.892466000015702,latency-44a2b5a5c130.csv
1,44a2b5a5c130,2025-10-15T11:49:59.872161,grail,I,298,True,c060a1e70889,5.79429799972786,latency-44a2b5a5c130.csv
1,44a2b5a5c130,2025-10-15T11:49:59.983383,shrek3,Donkey,243,True,c060a1e70889,8.158322000326734,latency-44a2b5a5c130.csv
1,44a2b5a5c130,2025-10-15T11:50:00.098409,shrek,"Ha,",0,True,c060a1e70889,13.249081000139997,latency-44a2b5a5c130.csv
1,44a2b5a5c130,2025-10-15T11:50:00.221356,grail,"Peng,",0,True,c060a1e70889,9.067444000265825,latency-44a2b5a5c130.csv
1,44a2b5a5c130,2025-10-15T11:50:00.340881,shrek,FIONA,211,True,c060a1e70889,7.036688999960461,latency-44a2b5a5c130.csv
1,44a2b5a5c130,2025-10-15T11:50:00.455308,shrek3,wont,0,True,c060a1e70889,14.284959999713465,latency-44a2b5a5c130.csv
1,44a2b5a5c130,2025-10-15T11:50:00.582312,shrek3,ruby,1,True,c060a1e70889,29.02347300005204,latency-44a2b5a5c130.csv
1,44a2b5a5c130,2025-10-15T11:50:00.727959,shrek3,at,134,True,5d32a63602e5,7.15257499996369,latency-44a2b5a5c130.csv
1,44a2b5a5c130,2025-10-15T11:50:00.842448,shrek,FIONA,211,True,5d32a63602e5,7.605109999985871,latency-44a2b5a5c130.csv
1,44a2b5a5c130,2025-10-15T11:50:00.956956,shrek3,cues,3,True,c060a1e70889,10.625964000155363,latency-44a2b5a5c130.csv
1,44a2b5a5c130,2025-10-15T11:50:01.075076,shrek,trip,1,True,c060a1e70889,10.951318000024912,latency-44a2b5a5c130.csv
1,44a2b5a5c130,2025-10-15T11:50:01.195469,grail,it,279,True,c060a1e70889,11.53994700007388,latency-44a2b5a5c130.csv
1,44a2b5a5c130,2025-10-15T11:50:01.326730,shrek,fair,2,True,5d32a63602e5,8.276830999875529,latency-44a2b5a5c130.csv
1,44a2b5a5c130,2025-10-15T11:50:01.442823,shrek3,WOLF,7,True,5d32a63602e5,6.1580550000144285,latency-44a2b5a5c130.csv
1,44a2b5a5c130,2025-10-15T11:50:01.554864,grail,the,1600,True,5d32a63602e5,11.05030100006843,latency-44a2b5a5c130.csv
1,44a2b5a5c130,2025-10-15T11:50:01.675443,shrek3,still,18,True,5d32a63602e5,16.238830000020243,latency-44a2b5a5c130.csv
1,44a2b5a5c130,2025-10-15T11:50:01.820603,shrek,its,1,True,c060a1e70889,7.377612000254885,latency-44a2b5a5c130.csv
2,44a2b5a5c130,2025-10-15T11:50:01.936176,shrek,(standing,0,True,c060a1e70889,6.648288999713259,latency-44a2b5a5c130.csv
2,44a2b5a5c130,2025-10-15T11:50:02.049752,shrek3,time,23,True,c060a1e70889,8.827767000184394,latency-44a2b5a5c130.csv
2,44a2b5a5c130,2025-10-15T11:50:02.164946,grail,Footnote,4,True,c060a1e70889,5.973878000077093,latency-44a2b5a5c130.csv
2,44a2b5a5c130,2025-10-15T11:50:02.277374,grail,I,298,True,c060a1e70889,6.806628000049386,latency-44a2b5a5c130.csv
2,44a2b5a5c130,2025-10-15T11:50:02.389930,shrek3,Donkey,243,True,c060a1e70889,7.776081999963935,latency-44a2b5a5c130.csv
2,44a2b5a5c130,2025-10-15T11:50:02.505186,shrek,"Ha,",0,True,c060a1e70889,7.475371999589697,latency-44a2b5a5c130.csv
2,44a2b5a5c130,2025-10-15T11:50:02.618209,grail,"Peng,",0,True,c060a1e70889,8.506342000146105,latency-44a2b5a5c130.csv
2,44a2b5a5c130,2025-10-15T11:50:02.733301,shrek,FIONA,211,True,5d32a63602e5,6.174626999836619,latency-44a2b5a5c130.csv
2,44a2b5a5c130,2025-10-15T11:50:02.845575,shrek3,wont,0,True,5d32a63602e5,7.4418620001779345,latency-44a2b5a5c130.csv
2,44a2b5a5c130,2025-10-15T11:50:02.959847,shrek3,ruby,1,True,c060a1e70889,19.47564600004625,latency-44a2b5a5c130.csv
2,44a2b5a5c130,2025-10-15T11:50:03.093324,shrek3,at,134,True,5d32a63602e5,9.42525000027672,latency-44a2b5a5c130.csv
2,44a2b5a5c130,2025-10-15T11:50:03.210233,shrek,FIONA,211,True,5d32a63602e5,13.634464999995544,latency-44a2b5a5c130.csv
2,44a2b5a5c130,2025-10-15T11:50:03.332070,shrek3,cues,3,True,5d32a63602e5,6.8232989997341065,latency-44a2b5a5c130.csv
2,44a2b5a5c130,2025-10-15T11:50:03.449457,shrek,trip,1,True,5d32a63602e5,6.399985999905766,latency-44a2b5a5c130.csv
2,44a2b5a5c130,2025-10-15T11:50:03.570047,grail,it,279,True,c060a1e70889,5.850798000210489,latency-44a2b5a5c130.csv
2,44a2b5a5c130,2025-10-15T11:50:03.681706,shrek,fair,2,True,c060a1e70889,7.096095000179048,latency-44a2b5a5c130.csv
2,44a2b5a5c130,2025-10-15T11:50:03.794942,shrek3,WOLF,7,True,c060a1e70889,9.742271000050096,latency-44a2b5a5c130.csv
2,44a2b5a5c130,2025-10-15T11:50:03.911169,grail,the,1600,True,c060a1e70889,6.565258000136964,latency-44a2b5a5c130.csv
2,44a2b5a5c130,2025-10-15T11:50:04.022844,shrek3,still,18,True,c060a1e70889,7.454004999999597,latency-44a2b5a5c130.csv
2,44a2b5a5c130,2025-10-15T11:50:04.136022,shrek,its,1,True,c060a1e70889,5.4480600001625135,latency-44a2b5a5c130.csv
1,457a4c63e4da,2025-10-15T11:49:43.418413,shrek3,"Suddenly,",0,True,5d32a63602e5,5.346236000150384,latency-457a4c63e4da.csv
1,457a4c63e4da,2025-10-15T11:49:43.529187,shrek3,wont,0,True,c060a1e70889,7.644886999969458,latency-457a4c63e4da.csv
1,457a4c63e4da,2025-10-15T11:49:43.645798,grail,seek,12,True,5d32a63602e5,11.57210799965469,latency-457a4c63e4da.csv
1,457a4c63e4da,2025-10-15T11:49:43.769591,shrek,edge,2,True,c060a1e70889,6.929806000243843,latency-457a4c63e4da.csv
1,457a4c63e4da,2025-10-15T11:49:43.883664,shrek3,youre,0,True,5d32a63602e5,7.946530000026541,latency-457a4c63e4da.csv
1,457a4c63e4da,2025-10-15T11:49:44.008459,grail,toward,10,True,5d32a63602e5,11.871264000092197,latency-457a4c63e4da.csv
1,457a4c63e4da,2025-10-15T11:49:44.130313,grail,since,10,True,c060a1e70889,21.32531899997048,latency-457a4c63e4da.csv
1,457a4c63e4da,2025-10-15T11:49:44.264678,shrek,and,318,True,5d32a63602e5,10.294468999745732,latency-457a4c63e4da.csv
1,457a4c63e4da,2025-10-15T11:49:44.390840,shrek3,and,576,True,c060a1e70889,6.890179000038188,latency-457a4c63e4da.csv
1,457a4c63e4da,2025-10-15T11:49:44.505552,grail,3,18,False,c060a1e70889,14.43772099992202,latency-457a4c63e4da.csv
1,457a4c63e4da,2025-10-15T11:49:44.636447,shrek3,Hold,8,True,c060a1e70889,10.83128799973565,latency-457a4c63e4da.csv
1,457a4c63e4da,2025-10-15T11:49:44.757113,shrek3,cues,3,True,5d32a63602e5,6.1580500000673055,latency-457a4c63e4da.csv
1,457a4c63e4da,2025-10-15T11:49:44.869373,grail,to,718,True,c060a1e70889,11.58137699985673,latency-457a4c63e4da.csv
1,457a4c63e4da,2025-10-15T11:49:44.990299,shrek3,to,511,True,c060a1e70889,13.700520999918808,latency-457a4c63e4da.csv
1,457a4c63e4da,2025-10-15T11:49:45.123395,grail,to,718,True,c060a1e70889,8.331386000008933,latency-457a4c63e4da.csv
1,457a4c63e4da,2025-10-15T11:49:45.249118,shrek3,me,72,True,5d32a63602e5,26.93149100014125,latency-457a4c63e4da.csv
1,457a4c63e4da,2025-10-15T11:49:45.408838,grail,Jones,7,False,c060a1e70889,17.99866999999722,latency-457a4c63e4da.csv
1,457a4c63e4da,2025-10-15T11:49:45.539503,grail,elected,2,True,5d32a63602e5,7.032677000097465,latency-457a4c63e4da.csv
1,457a4c63e4da,2025-10-15T11:49:45.661589,shrek3,did,14,True,5d32a63602e5,12.454894999791575,latency-457a4c63e4da.csv
1,457a4c63e4da,2025-10-15T11:49:45.782636,shrek3,CAPTAIN,41,True,5d32a63602e5,8.23508400026185,latency-457a4c63e4da.csv
2,457a4c63e4da,2025-10-15T11:49:45.898266,shrek3,"Suddenly,",0,True,5d32a63602e5,8.753532999890012,latency-457a4c63e4da.csv
2,457a4c63e4da,2025-10-15T11:49:46.026710,shrek3,wont,0,True,5d32a63602e5,8.62459099971602,latency-457a4c63e4da.csv
2,457a4c63e4da,2025-10-15T11:49:46.141785,grail,seek,12,True,5d32a63602e5,11.997986000096716,latency-457a4c63e4da.csv
2,457a4c63e4da,2025-10-15T11:49:46.259374,shrek,edge,2,True,c060a1e70889,8.489409000048909,latency-457a4c63e4da.csv
2,457a4c63e4da,2025-10-15T11:49:46.373836,shrek3,youre,0,True,c060a1e70889,7.857501000216871,latency-457a4c63e4da.csv
2,457a4c63e4da,2025-10-15T11:49:46.488731,grail,toward,10,True,c060a1e70889,9.174430000257416,latency-457a4c63e4da.csv
2,457a4c63e4da,2025-10-15T11:49:46.604855,grail,since,10,True,c060a1e70889,5.287332000079914,latency-457a4c63e4da.csv
2,457a4c63e4da,2025-10-15T11:49:46.717029,shrek,and,318,True,4ee8a2a45a7d,17.58941100024458,latency-457a4c63e4da.csv
2,457a4c63e4da,2025-10-15T11:49:46.843910,shrek3,and,576,True,c060a1e70889,7.600308999826666,latency-457a4c63e4da.csv
2,457a4c63e4da,2025-10-15T11:49:46.958740,grail,3,18,True,c060a1e70889,7.215586000256735,latency-457a4c63e4da.csv
2,457a4c63e4da,2025-10-15T11:49:47.072259,shrek3,Hold,8,True,c060a1e70889,7.456218000243098,latency-457a4c63e4da.csv
2,457a4c63e4da,2025-10-15T11:49:47.185367,shrek3,cues,3,True,c060a1e70889,6.802058000175748,latency-457a4c63e4da.csv
2,457a4c63e4da,2025-10-15T11:49:47.297978,grail,to,718,True,5d32a63602e5,8.468617999824346,latency-457a4c63e4da.csv
2,457a4c63e4da,2025-10-15T11:49:47.413321,shrek3,to,511,True,5d32a63602e5,7.426998000028107,latency-457a4c63e4da.csv
2,457a4c63e4da,2025-10-15T11:49:47.528123,grail,to,718,True,5d32a63602e5,12.81352700016214,latency-457a4c63e4da.csv
2,457a4c63e4da,2025-10-15T11:49:47.650599,shrek3,me,72,True,c060a1e70889,8.778376000009303,latency-457a4c63e4da.csv
2,457a4c63e4da,2025-10-15T11:49:47.766302,grail,Jones,7,True,c060a1e70889,6.136873000286869,latency-457a4c63e4da.csv
2,457a4c63e4da,2025-10-15T11:49:47.878953,grail,elected,2,True,c060a1e70889,10.938281000107963,latency-457a4c63e4da.csv
2,457a4c63e4da,2025-10-15T11:49:48.001456,shrek3,did,14,True,c060a1e70889,12.551578000056908,latency-457a4c63e4da.csv
2,457a4c63e4da,2025-10-15T11:49:48.123950,shrek3,CAPTAIN,41,True,c060a1e70889,7.090774000062083,latency-457a4c63e4da.csv
1,46487ed80dd0,2025-10-15T11:49:36.741939,shrek,the,535,False,c060a1e70889,19.704380999883146,latency-46487ed80dd0.csv
1,46487ed80dd0,2025-10-15T11:49:36.868313,shrek,DONKEY,320,False,c060a1e70889,15.22027699957107,latency-46487ed80dd0.csv
1,46487ed80dd0,2025-10-15T11:49:36.991648,shrek3,CHARMING,232,False,c060a1e70889,16.871547999926406,latency-46487ed80dd0.csv
1,46487ed80dd0,2025-10-15T11:49:37.116148,grail,Who’s,3,False,c060a1e70889,20.809703999930207,latency-46487ed80dd0.csv
1,46487ed80dd0,2025-10-15T11:49:37.244570,shrek3,BOAT,32,False,c060a1e70889,32.59499900013907,latency-46487ed80dd0.csv
1,46487ed80dd0,2025-10-15T11:49:37.384058,shrek,our,11,False,c060a1e70889,24.775380000392037,latency-46487ed80dd0.csv
1,46487ed80dd0,2025-10-15T11:49:37.519039,shrek,And,318,True,c060a1e70889,8.654631999888807,latency-46487ed80dd0.csv
1,46487ed80dd0,2025-10-15T11:49:37.645658,shrek,FIONA,211,False,c060a1e70889,20.04775300019901,latency-46487ed80dd0.csv
1,46487ed80dd0,2025-10-15T11:49:37.781639,shrek3,Im,1,False,c060a1e70889,20.45014099985565,latency-46487ed80dd0.csv
1,46487ed80dd0,2025-10-15T11:49:37.910621,shrek,FARQUAAD,84,False,c060a1e70889,24.076630999843477,latency-46487ed80dd0.csv
1,46487ed80dd0,2025-10-15T11:49:38.067070,shrek3,fall,6,False,c060a1e70889,19.22525800000585,latency-46487ed80dd0.csv
1,46487ed80dd0,2025-10-15T11:49:38.196060,shrek,after,10,True,c060a1e70889,18.134081999960472,latency-46487ed80dd0.csv
1,46487ed80dd0,2025-10-15T11:49:38.329158,shrek3,"Suddenly,",0,False,c060a1e70889,49.89879599997949,latency-46487ed80dd0.csv
1,46487ed80dd0,2025-10-15T11:49:38.515737,shrek3,bed,10,False,5d32a63602e5,22.9718089999551,latency-46487ed80dd0.csv
1,46487ed80dd0,2025-10-15T11:49:38.646766,grail,“I,0,False,c060a1e70889,9.663088000252174,latency-46487ed80dd0.csv
1,46487ed80dd0,2025-10-15T11:49:38.761495,grail,about,49,False,c060a1e70889,11.945183999614528,latency-46487ed80dd0.csv
1,46487ed80dd0,2025-10-15T11:49:38.879620,shrek,our,11,True,c060a1e70889,16.5095439997458,latency-46487ed80dd0.csv
1,46487ed80dd0,2025-10-15T11:49:39.004110,grail,elected,2,False,c060a1e70889,19.84232900031202,latency-46487ed80dd0.csv
1,46487ed80dd0,2025-10-15T11:49:39.130129,grail,the,1600,True,5d32a63602e5,9.18760399963503,latency-46487ed80dd0.csv
1,46487ed80dd0,2025-10-15T11:49:39.245489,grail,them,41,False,5d32a63602e5,9.479141000156233,latency-46487ed80dd0.csv
2,46487ed80dd0,2025-10-15T11:49:39.360306,shrek,the,535,True,c060a1e70889,5.818662999899971,latency-46487ed80dd0.csv
2,46487ed80dd0,2025-10-15T11:49:39.473855,shrek,DONKEY,320,True,c060a1e70889,5.474883999795566,latency-46487ed80dd0.csv
2,46487ed80dd0,2025-10-15T11:49:39.584567,shrek3,CHARMING,232,True,c060a1e70889,6.694200999845634,latency-46487ed80dd0.csv
2,46487ed80dd0,2025-10-15T11:49:39.697546,grail,Who’s,3,True,c060a1e70889,4.943150000144669,latency-46487ed80dd0.csv
2,46487ed80dd0,2025-10-15T11:49:39.807725,shrek3,BOAT,32,True,c060a1e70889,5.562284000006912,latency-46487ed80dd0.csv
2,46487ed80dd0,2025-10-15T11:49:39.918390,shrek,our,11,True,c060a1e70889,6.809885999700782,latency-46487ed80dd0.csv
2,46487ed80dd0,2025-10-15T11:49:40.033724,shrek,And,318,True,c060a1e70889,8.13970600029279,latency-46487ed80dd0.csv
2,46487ed80dd0,2025-10-15T11:49:40.155750,shrek,FIONA,211,True,c060a1e70889,9.614081000108854,latency-46487ed80dd0.csv
2,46487ed80dd0,2025-10-15T11:49:40.279256,shrek3,Im,1,True,5d32a63602e5,9.304466000230605,latency-46487ed80dd0.csv
2,46487ed80dd0,2025-10-15T11:49:40.398594,shrek,FARQUAAD,84,True,5d32a63602e5,8.227801999964868,latency-46487ed80dd0.csv
2,46487ed80dd0,2025-10-15T11:49:40.517448,shrek3,fall,6,True,5d32a63602e5,10.353991000101814,latency-46487ed80dd0.csv
2,46487ed80dd0,2025-10-15T11:49:40.636967,shrek,after,10,True,5d32a63602e5,5.24202199994761,latency-46487ed80dd0.csv
2,46487ed80dd0,2025-10-15T11:49:40.748458,shrek3,"Suddenly,",0,True,5d32a63602e5,5.7232030003433465,latency-46487ed80dd0.csv
2,46487ed80dd0,2025-10-15T11:49:40.861339,shrek3,bed,10,True,5d32a63602e5,6.6973049997614,latency-46487ed80dd0.csv
2,46487ed80dd0,2025-10-15T11:49:40.978520,grail,“I,0,True,5d32a63602e5,8.158552000168129,latency-46487ed80dd0.csv
2,46487ed80dd0,2025-10-15T11:49:41.099312,grail,about,49,True,4ee8a2a45a7d,4.863425000166899,latency-46487ed80dd0.csv
2,46487ed80dd0,2025-10-15T11:49:41.210071,shrek,our,11,True,5d32a63602e5,7.381111000086093,latency-46487ed80dd0.csv
2,46487ed80dd0,2025-10-15T11:49:41.326410,grail,elected,2,True,5d32a63602e5,6.981789999827015,latency-46487ed80dd0.csv
2,46487ed80dd0,2025-10-15T11:49:41.443947,grail,the,1600,True,5d32a63602e5,5.560019999848009,latency-46487ed80dd0.csv
2,46487ed80dd0,2025-10-15T11:49:41.556108,grail,them,41,True,c060a1e70889,16.303147999678913,latency-46487ed80dd0.csv
1,4b6bb4ca999f,2025-10-15T11:49:50.128728,shrek,What,104,True,5d32a63602e5,13.676269999905344,latency-4b6bb4ca999f.csv
1,4b6bb4ca999f,2025-10-15T11:49:50.249794,shrek3,the,1285,True,5d32a63602e5,12.47585999999501,latency-4b6bb4ca999f.csv
1,4b6bb4ca999f,2025-10-15T11:49:50.369426,shrek,true,20,True,4ee8a2a45a7d,8.35361000008561,latency-4b6bb4ca999f.csv
1,4b6bb4ca999f,2025-10-15T11:49:50.484085,grail,from,94,True,c060a1e70889,7.568680000076711,latency-4b6bb4ca999f.csv
1,4b6bb4ca999f,2025-10-15T11:49:50.598514,shrek3,WOLF,7,True,c060a1e70889,7.622142999935022,latency-4b6bb4ca999f.csv
1,4b6bb4ca999f,2025-10-15T11:49:50.712740,shrek,DONKEY,320,True,c060a1e70889,9.549407999656978,latency-4b6bb4ca999f.csv
1,4b6bb4ca999f,2025-10-15T11:49:50.829107,shrek3,the,1285,True,c060a1e70889,10.164839000026404,latency-4b6bb4ca999f.csv
1,4b6bb4ca999f,2025-10-15T11:49:50.947006,shrek,And,318,True,5d32a63602e5,12.365979000151128,latency-4b6bb4ca999f.csv
1,4b6bb4ca999f,2025-10-15T11:49:51.067986,shrek,and,318,True,c060a1e70889,8.747252000375738,latency-4b6bb4ca999f.csv
1,4b6bb4ca999f,2025-10-15T11:49:51.195134,shrek,you,409,True,5d32a63602e5,6.71311499991134,latency-4b6bb4ca999f.csv
1,4b6bb4ca999f,2025-10-15T11:49:51.308092,shrek3,the,1285,True,5d32a63602e5,6.924997999703919,latency-4b6bb4ca999f.csv
1,4b6bb4ca999f,2025-10-15T11:49:51.421677,grail,elected,2,True,c060a1e70889,11.176995999903738,latency-4b6bb4ca999f.csv
1,4b6bb4ca999f,2025-10-15T11:49:51.547974,shrek3,SNOW,49,True,c060a1e70889,29.34067000023788,latency-4b6bb4ca999f.csv
1,4b6bb4ca999f,2025-10-15T11:49:51.700409,shrek3,"Bay""",0,True,c060a1e70889,11.209338999833562,latency-4b6bb4ca999f.csv
1,4b6bb4ca999f,2025-10-15T11:49:51.829424,shrek3,of,275,True,c060a1e70889,9.595275000265246,latency-4b6bb4ca999f.csv
1,4b6bb4ca999f,2025-10-15T11:49:51.958544,shrek3,still,18,True,c060a1e70889,7.376346999990346,latency-4b6bb4ca999f.csv
1,4b6bb4ca999f,2025-10-15T11:49:52.072785,shrek,and,318,True,4ee8a2a45a7d,15.684697999859054,latency-4b6bb4ca999f.csv
1,4b6bb4ca999f,2025-10-15T11:49:52.206041,grail,rows,1,True,c060a1e70889,5.745413999648008,latency-4b6bb4ca999f.csv
1,4b6bb4ca999f,2025-10-15T11:49:52.318740,grail,at,104,True,c060a1e70889,9.73810899995442,latency-4b6bb4ca999f.csv
1,4b6bb4ca999f,2025-10-15T11:49:52.435491,shrek,placed,1,True,c060a1e70889,11.060700999678376,latency-4b6bb4ca999f.csv
2,4b6bb4ca999f,2025-10-15T11:49:52.552949,shrek,What,104,True,c060a1e70889,5.16355299987481,latency-4b6bb4ca999f.csv
2,4b6bb4ca999f,2025-10-15T11:49:52.663666,shrek3,the,1285,True,c060a1e70889,7.594844000323064,latency-4b6bb4ca999f.csv
2,4b6bb4ca999f,2025-10-15T11:49:52.779545,shrek,true,20,True,c060a1e70889,8.269077000022662,latency-4b6bb4ca999f.csv
2,4b6bb4ca999f,2025-10-15T11:49:52.895443,grail,from,94,True,5d32a63602e5,7.440739999765356,latency-4b6bb4ca999f.csv
2,4b6bb4ca999f,2025-10-15T11:49:53.010522,shrek3,WOLF,7,True,5d32a63602e5,7.822122000106901,latency-4b6bb4ca999f.csv
2,4b6bb4ca999f,2025-10-15T11:49:53.127430,shrek,DONKEY,320,True,4ee8a2a45a7d,8.433190999767248,latency-4b6bb4ca999f.csv
2,4b6bb4ca999f,2025-10-15T11:49:53.243586,shrek3,the,1285,True,c060a1e70889,11.754469000152312,latency-4b6bb4ca999f.csv
2,4b6bb4ca999f,2025-10-15T11:49:53.366403,shrek,And,318,True,5d32a63602e5,6.0822979999102245,latency-4b6bb4ca999f.csv
2,4b6bb4ca999f,2025-10-15T11:49:53.489280,shrek,and,318,True,4ee8a2a45a7d,8.773331999691436,latency-4b6bb4ca999f.csv
2,4b6bb4ca999f,2025-10-15T11:49:53.608732,shrek,you,409,True,5d32a63602e5,10.55919600003108,latency-4b6bb4ca999f.csv
2,4b6bb4ca999f,2025-10-15T11:49:53.734159,shrek3,the,1285,True,c060a1e70889,5.201003999900422,latency-4b6bb4ca999f.csv
2,4b6bb4ca999f,2025-10-15T11:49:53.845852,grail,elected,2,True,c060a1e70889,8.501738000177284,latency-4b6bb4ca999f.csv
2,4b6bb4ca999f,2025-10-15T11:49:53.964984,shrek3,SNOW,49,True,c060a1e70889,6.117657000231702,latency-4b6bb4ca999f.csv
2,4b6bb4ca999f,2025-10-15T11:49:54.079344,shrek3,"Bay""",0,True,c060a1e70889,5.782335000276362,latency-4b6bb4ca999f.csv
2,4b6bb4ca999f,2025-10-15T11:49:54.192332,shrek3,of,275,True,c060a1e70889,5.349919000309455,latency-4b6bb4ca999f.csv
2,4b6bb4ca999f,2025-10-15T11:49:54.304459,shrek3,still,18,True,c060a1e70889,5.376651999995374,latency-4b6bb4ca999f.csv
2,4b6bb4ca999f,2025-10-15T11:49:54.416506,shrek,and,318,True,c060a1e70889,13.255750000098487,latency-4b6bb4ca999f.csv
2,4b6bb4ca999f,2025-10-15T11:49:54.536373,grail,rows,1,True,c060a1e70889,6.049265999990894,latency-4b6bb4ca999f.csv
2,4b6bb4ca999f,2025-10-15T11:49:54.647933,grail,at,104,True,c060a1e70889,6.073361999824556,latency-4b6bb4ca999f.csv
2,4b6bb4ca999f,2025-10-15T11:49:54.760480,shrek,placed,1,True,c060a1e70889,5.466380000143545,latency-4b6bb4ca999f.csv
1,527d5d03806e,2025-10-15T11:49:59.811034,shrek3,its,1,True,c060a1e70889,4.942512000070565,latency-527d5d03806e.csv
1,527d5d03806e,2025-10-15T11:49:59.922585,shrek3,boomerang,1,True,c060a1e70889,7.929529999728402,latency-527d5d03806e.csv
1,527d5d03806e,2025-10-15T11:50:00.037021,shrek3,you,328,True,c060a1e70889,4.965426000126172,latency-527d5d03806e.csv
1,527d5d03806e,2025-10-15T11:50:00.148434,shrek,I,386,True,c060a1e70889,7.166646999849036,latency-527d5d03806e.csv
1,527d5d03806e,2025-10-15T11:50:00.262412,shrek3,time,23,True,c060a1e70889,5.760864000421861,latency-527d5d03806e.csv
1,527d5d03806e,2025-10-15T11:50:00.373899,shrek3,flaming,2,True,c060a1e70889,5.068356999800017,latency-527d5d03806e.csv
1,527d5d03806e,2025-10-15T11:50:00.484392,shrek,looks,37,True,c060a1e70889,7.300666999981331,latency-527d5d03806e.csv
1,527d5d03806e,2025-10-15T11:50:00.598407,shrek,Nobody,4,True,5d32a63602e5,29.446755000208213,latency-527d5d03806e.csv
1,527d5d03806e,2025-10-15T11:50:00.735560,shrek3,Uh,18,True,c060a1e70889,6.629772999986017,latency-527d5d03806e.csv
1,527d5d03806e,2025-10-15T11:50:00.847479,grail,going,21,True,4ee8a2a45a7d,7.338161999996373,latency-527d5d03806e.csv
1,527d5d03806e,2025-10-15T11:50:00.962095,shrek3,2,8,True,5d32a63602e5,6.758387999980187,latency-527d5d03806e.csv
1,527d5d03806e,2025-10-15T11:50:01.076609,grail,Jones,7,True,c060a1e70889,10.17897500014442,latency-527d5d03806e.csv
1,527d5d03806e,2025-10-15T11:50:01.195907,shrek,your,49,True,c060a1e70889,10.987648000082118,latency-527d5d03806e.csv
1,527d5d03806e,2025-10-15T11:50:01.319513,shrek,SHREK,433,True,c060a1e70889,6.5863929999068205,latency-527d5d03806e.csv
1,527d5d03806e,2025-10-15T11:50:01.434955,shrek3,showing,1,True,c060a1e70889,4.98461999995925,latency-527d5d03806e.csv
1,527d5d03806e,2025-10-15T11:50:01.545825,shrek3,PRINCE,207,True,c060a1e70889,7.616912999765191,latency-527d5d03806e.csv
1,527d5d03806e,2025-10-15T11:50:01.665431,shrek,whole,10,True,c060a1e70889,20.17349299967464,latency-527d5d03806e.csv
1,527d5d03806e,2025-10-15T11:50:01.796774,shrek,trip,1,True,c060a1e70889,6.068130000130623,latency-527d5d03806e.csv
1,527d5d03806e,2025-10-15T11:50:01.908738,grail,lost,6,True,c060a1e70889,6.285577000198828,latency-527d5d03806e.csv
1,527d5d03806e,2025-10-15T11:50:02.021087,shrek3,PUSS,196,True,c060a1e70889,8.48967999991146,latency-527d5d03806e.csv
2,527d5d03806e,2025-10-15T11:50:02.136566,shrek3,its,1,True,c060a1e70889,8.829125999909593,latency-527d5d03806e.csv
2,527d5d03806e,2025-10-15T11:50:02.253016,shrek3,boomerang,1,True,c060a1e70889,7.952173999910883,latency-527d5d03806e.csv
2,527d5d03806e,2025-10-15T11:50:02.366868,shrek3,you,328,True,c060a1e70889,10.616316000323422,latency-527d5d03806e.csv
2,527d5d03806e,2025-10-15T11:50:02.485566,shrek,I,386,True,4ee8a2a45a7d,11.510945000281936,latency-527d5d03806e.csv
2,527d5d03806e,2025-10-15T11:50:02.604044,shrek3,time,23,True,4ee8a2a45a7d,12.271279999822582,latency-527d5d03806e.csv
2,527d5d03806e,2025-10-15T11:50:02.726799,shrek3,flaming,2,True,c060a1e70889,7.269507000273734,latency-527d5d03806e.csv
2,527d5d03806e,2025-10-15T11:50:02.841587,shrek,looks,37,True,c060a1e70889,9.386423000250945,latency-527d5d03806e.csv
2,527d5d03806e,2025-10-15T11:50:02.958035,shrek,Nobody,4,True,c060a1e70889,20.11899099989023,latency-527d5d03806e.csv
2,527d5d03806e,2025-10-15T11:50:03.092882,shrek3,Uh,18,True,5d32a63602e5,8.366650999960257,latency-527d5d03806e.csv
2,527d5d03806e,2025-10-15T11:50:03.208958,grail,going,21,True,5d32a63602e5,17.670619999989867,latency-527d5d03806e.csv
2,527d5d03806e,2025-10-15T11:50:03.339447,shrek3,2,8,True,4ee8a2a45a7d,9.67246400023214,latency-527d5d03806e.csv
2,527d5d03806e,2025-10-15T11:50:03.458488,grail,Jones,7,True,c060a1e70889,13.396242999988315,latency-527d5d03806e.csv
2,527d5d03806e,2025-10-15T11:50:03.581456,shrek,your,49,True,c060a1e70889,8.76704400025119,latency-527d5d03806e.csv
2,527d5d03806e,2025-10-15T11:50:03.700643,shrek,SHREK,433,True,c060a1e70889,9.587444999851868,latency-527d5d03806e.csv
2,527d5d03806e,2025-10-15T11:50:03.822809,shrek3,showing,1,True,c060a1e70889,14.44651999963753,latency-527d5d03806e.csv
2,527d5d03806e,2025-10-15T11:50:03.952660,shrek3,PRINCE,207,True,c060a1e70889,9.302856999966025,latency-527d5d03806e.csv
2,527d5d03806e,2025-10-15T11:50:04.074427,shrek,whole,10,True,5d32a63602e5,5.289822000122513,latency-527d5d03806e.csv
2,527d5d03806e,2025-10-15T11:50:04.191129,shrek,trip,1,True,c060a1e70889,19.83817000018462,latency-527d5d03806e.csv
2,527d5d03806e,2025-10-15T11:50:04.326113,grail,lost,6,True,5d32a63602e5,10.5462190003891,latency-527d5d03806e.csv
2,527d5d03806e,2025-10-15T11:50:04.453404,shrek3,PUSS,196,True,4ee8a2a45a7d,14.047838999886151,latency-527d5d03806e.csv
1,5eb0bf82b138,2025-10-15T11:49:46.203318,shrek,DONKEY,320,True,4ee8a2a45a7d,8.742485999846394,latency-5eb0bf82b138.csv
1,5eb0bf82b138,2025-10-15T11:49:46.321192,shrek3,SNOW,49,True,4ee8a2a45a7d,7.607714000187116,latency-5eb0bf82b138.csv
1,5eb0bf82b138,2025-10-15T11:49:46.442327,shrek3,supposed,11,True,c060a1e70889,17.337405000034778,latency-5eb0bf82b138.csv
1,5eb0bf82b138,2025-10-15T11:49:46.573301,shrek,you,409,True,c060a1e70889,11.2498720000076,latency-5eb0bf82b138.csv
1,5eb0bf82b138,2025-10-15T11:49:46.693418,shrek3,wont,0,True,5d32a63602e5,12.782847999915248,latency-5eb0bf82b138.csv
1,5eb0bf82b138,2025-10-15T11:49:46.819578,grail,Christ,8,True,c060a1e70889,6.058741999822814,latency-5eb0bf82b138.csv
1,5eb0bf82b138,2025-10-15T11:49:46.933730,shrek3,time,23,True,5d32a63602e5,5.590030999883311,latency-5eb0bf82b138.csv
1,5eb0bf82b138,2025-10-15T11:49:47.047467,grail,LANCELOT,59,True,c060a1e70889,7.347065999965707,latency-5eb0bf82b138.csv
1,5eb0bf82b138,2025-10-15T11:49:47.162842,shrek3,time,23,True,5d32a63602e5,6.096695999985968,latency-5eb0bf82b138.csv
1,5eb0bf82b138,2025-10-15T11:49:47.274208,shrek3,of,275,True,5d32a63602e5,7.580821999908949,latency-5eb0bf82b138.csv
1,5eb0bf82b138,2025-10-15T11:49:47.393629,grail,from,94,False,5d32a63602e5,9.851022000020748,latency-5eb0bf82b138.csv
1,5eb0bf82b138,2025-10-15T11:49:47.509534,grail,Boom,4,True,5d32a63602e5,7.797031999871251,latency-5eb0bf82b138.csv
1,5eb0bf82b138,2025-10-15T11:49:47.624871,shrek3,ruby,1,True,c060a1e70889,6.193147999965731,latency-5eb0bf82b138.csv
1,5eb0bf82b138,2025-10-15T11:49:47.737525,grail,us,32,True,c060a1e70889,5.224715000167635,latency-5eb0bf82b138.csv
1,5eb0bf82b138,2025-10-15T11:49:47.847928,shrek3,of,275,True,5d32a63602e5,5.57273599997643,latency-5eb0bf82b138.csv
1,5eb0bf82b138,2025-10-15T11:49:47.958618,shrek3,Gingerbread,37,True,c060a1e70889,17.23714999980075,latency-5eb0bf82b138.csv
1,5eb0bf82b138,2025-10-15T11:49:48.093975,shrek,the,535,True,5d32a63602e5,6.541220000144676,latency-5eb0bf82b138.csv
1,5eb0bf82b138,2025-10-15T11:49:48.206913,shrek,tell,25,False,5d32a63602e5,16.652120999879116,latency-5eb0bf82b138.csv
1,5eb0bf82b138,2025-10-15T11:49:48.338629,shrek,looks,37,True,c060a1e70889,4.726731000118889,latency-5eb0bf82b138.csv
1,5eb0bf82b138,2025-10-15T11:49:48.448728,shrek,(standing,0,True,c060a1e70889,9.252663000097527,latency-5eb0bf82b138.csv
2,5eb0bf82b138,2025-10-15T11:49:48.565604,shrek,DONKEY,320,True,4ee8a2a45a7d,8.480882000185375,latency-5eb0bf82b138.csv
2,5eb0bf82b138,2025-10-15T11:49:48.680473,shrek3,SNOW,49,True,4ee8a2a45a7d,7.296579000012571,latency-5eb0bf82b138.csv
2,5eb0bf82b138,2025-10-15T11:49:48.793779,shrek3,supposed,11,True,4ee8a2a45a7d,7.06604500010144,latency-5eb0bf82b138.csv
2,5eb0bf82b138,2025-10-15T11:49:48.907024,shrek,you,409,True,4ee8a2a45a7d,7.337237999763602,latency-5eb0bf82b138.csv
2,5eb0bf82b138,2025-10-15T11:49:49.020184,shrek3,wont,0,True,4ee8a2a45a7d,10.1594960001421,latency-5eb0bf82b138.csv
2,5eb0bf82b138,2025-10-15T11:49:49.139200,grail,Christ,8,True,4ee8a2a45a7d,7.744826000362082,latency-5eb0bf82b138.csv
2,5eb0bf82b138,2025-10-15T11:49:49.252890,shrek3,time,23,True,4ee8a2a45a7d,6.733875000008993,latency-5eb0bf82b138.csv
2,5eb0bf82b138,2025-10-15T11:49:49.365933,grail,LANCELOT,59,True,5d32a63602e5,5.00015900024664,latency-5eb0bf82b138.csv
2,5eb0bf82b138,2025-10-15T11:49:49.476747,shrek3,time,23,True,c060a1e70889,11.792090000199096,latency-5eb0bf82b138.csv
2,5eb0bf82b138,2025-10-15T11:49:49.600736,shrek3,of,275,True,c060a1e70889,6.475496999883035,latency-5eb0bf82b138.csv
2,5eb0bf82b138,2025-10-15T11:49:49.714398,grail,from,94,True,c060a1e70889,8.102065000002767,latency-5eb0bf82b138.csv
2,5eb0bf82b138,2025-10-15T11:49:49.830046,grail,Boom,4,True,c060a1e70889,7.102752000264445,latency-5eb0bf82b138.csv
2,5eb0bf82b138,2025-10-15T11:49:49.945049,shrek3,ruby,1,True,c060a1e70889,6.230896000033681,latency-5eb0bf82b138.csv
2,5eb0bf82b138,2025-10-15T11:49:50.059864,grail,us,32,True,5d32a63602e5,4.284536000341177,latency-5eb0bf82b138.csv
2,5eb0bf82b138,2025-10-15T11:49:50.169104,shrek3,of,275,True,c060a1e70889,6.020192000050884,latency-5eb0bf82b138.csv
2,5eb0bf82b138,2025-10-15T11:49:50.280711,shrek3,Gingerbread,37,True,c060a1e70889,8.55642499982423,latency-5eb0bf82b138.csv
2,5eb0bf82b138,2025-10-15T11:49:50.401554,shrek,the,535,True,c060a1e70889,6.384882000020298,latency-5eb0bf82b138.csv
2,5eb0bf82b138,2025-10-15T11:49:50.514893,shrek,tell,25,True,c060a1e70889,8.769299000050523,latency-5eb0bf82b138.csv
2,5eb0bf82b138,2025-10-15T11:49:50.639337,shrek,looks,37,True,c060a1e70889,6.642126999850007,latency-5eb0bf82b138.csv
2,5eb0bf82b138,2025-10-15T11:49:50.752188,shrek,(standing,0,True,c060a1e70889,8.37458699970739,latency-5eb0bf82b138.csv
1,5fad50cea2c8,2025-10-15T11:49:36.414188,grail,are,114,False,c060a1e70889,13.07967999991888,latency-5fad50cea2c8.csv
1,5fad50cea2c8,2025-10-15T11:49:36.534193,shrek,true,20,False,c060a1e70889,14.349515000048996,latency-5fad50cea2c8.csv
1,5fad50cea2c8,2025-10-15T11:49:36.655795,grail,and,722,False,c060a1e70889,14.754066000023158,latency-5fad50cea2c8.csv
1,5fad50cea2c8,2025-10-15T11:49:36.777287,shrek,I,386,False,c060a1e70889,15.484716000173648,latency-5fad50cea2c8.csv
1,5fad50cea2c8,2025-10-15T11:49:36.899380,shrek3,Guards,23,False,c060a1e70889,15.846334999878309,latency-5fad50cea2c8.csv
1,5fad50cea2c8,2025-10-15T11:49:37.023036,grail,Christ,8,False,c060a1e70889,15.328622999732032,latency-5fad50cea2c8.csv
1,5fad50cea2c8,2025-10-15T11:49:37.147407,grail,GALAHAD,87,False,c060a1e70889,15.423456999997144,latency-5fad50cea2c8.csv
1,5fad50cea2c8,2025-10-15T11:49:37.270369,grail,I,298,False,5d32a63602e5,17.71184600011111,latency-5fad50cea2c8.csv
1,5fad50cea2c8,2025-10-15T11:49:37.396983,shrek3,SHREK,678,False,5d32a63602e5,22.21721100022478,latency-5fad50cea2c8.csv
1,5fad50cea2c8,2025-10-15T11:49:37.529696,shrek3,supposed,11,False,5d32a63602e5,19.65086199970756,latency-5fad50cea2c8.csv
1,5fad50cea2c8,2025-10-15T11:49:37.656613,grail,cross,13,False,5d32a63602e5,17.013765000228886,latency-5fad50cea2c8.csv
1,5fad50cea2c8,2025-10-15T11:49:37.782556,shrek,FIONA,211,True,c060a1e70889,19.228225000006205,latency-5fad50cea2c8.csv
1,5fad50cea2c8,2025-10-15T11:49:37.910938,grail,Auuuuuuuugh,2,False,c060a1e70889,50.625564999791095,latency-5fad50cea2c8.csv
1,5fad50cea2c8,2025-10-15T11:49:38.074900,shrek,DONKEY,320,True,4ee8a2a45a7d,19.061807000070985,latency-5fad50cea2c8.csv
1,5fad50cea2c8,2025-10-15T11:49:38.209567,shrek,swamp,18,False,4ee8a2a45a7d,40.804609000133496,latency-5fad50cea2c8.csv
1,5fad50cea2c8,2025-10-15T11:49:38.361228,grail,(as,0,False,5d32a63602e5,19.831442999930005,latency-5fad50cea2c8.csv
1,5fad50cea2c8,2025-10-15T11:49:38.509499,shrek3,us,12,False,c060a1e70889,54.90027099995132,latency-5fad50cea2c8.csv
1,5fad50cea2c8,2025-10-15T11:49:38.674141,grail,for,118,False,4ee8a2a45a7d,22.368319999714004,latency-5fad50cea2c8.csv
1,5fad50cea2c8,2025-10-15T11:49:38.805070,shrek3,showing,1,False,c060a1e70889,17.18645499977356,latency-5fad50cea2c8.csv
1,5fad50cea2c8,2025-10-15T11:49:38.928324,shrek,help,5,False,5d32a63602e5,12.294047000068533,latency-5fad50cea2c8.csv
2,5fad50cea2c8,2025-10-15T11:49:39.048615,grail,are,114,True,4ee8a2a45a7d,8.666869999615301,latency-5fad50cea2c8.csv
2,5fad50cea2c8,2025-10-15T11:49:39.165114,shrek,true,20,True,4ee8a2a45a7d,12.307087999943178,latency-5fad50cea2c8.csv
2,5fad50cea2c8,2025-10-15T11:49:39.284558,grail,and,722,True,4ee8a2a45a7d,10.050671000044533,latency-5fad50cea2c8.csv
2,5fad50cea2c8,2025-10-15T11:49:39.407528,shrek,I,386,True,c060a1e70889,12.190561999886995,latency-5fad50cea2c8.csv
2,5fad50cea2c8,2025-10-15T11:49:39.526808,shrek3,Guards,23,True,5d32a63602e5,6.996789999902831,latency-5fad50cea2c8.csv
2,5fad50cea2c8,2025-10-15T11:49:39.640867,grail,Christ,8,True,4ee8a2a45a7d,7.688479000080406,latency-5fad50cea2c8.csv
2,5fad50cea2c8,2025-10-15T11:49:39.757431,grail,GALAHAD,87,True,5d32a63602e5,5.268556999908469,latency-5fad50cea2c8.csv
2,5fad50cea2c8,2025-10-15T11:49:39.870979,grail,I,298,True,c060a1e70889,7.77545699975235,latency-5fad50cea2c8.csv
2,5fad50cea2c8,2025-10-15T11:49:39.987870,shrek3,SHREK,678,True,5d32a63602e5,5.71807800042734,latency-5fad50cea2c8.csv
2,5fad50cea2c8,2025-10-15T11:49:40.098882,shrek3,supposed,11,True,c060a1e70889,5.969891999939136,latency-5fad50cea2c8.csv
2,5fad50cea2c8,2025-10-15T11:49:40.211707,grail,cross,13,True,5d32a63602e5,9.204226000292692,latency-5fad50cea2c8.csv
2,5fad50cea2c8,2025-10-15T11:49:40.329881,shrek,FIONA,211,True,c060a1e70889,6.067577000067104,latency-5fad50cea2c8.csv
2,5fad50cea2c8,2025-10-15T11:49:40.441155,grail,Auuuuuuuugh,2,True,4ee8a2a45a7d,6.02324999999837,latency-5fad50cea2c8.csv
2,5fad50cea2c8,2025-10-15T11:49:40.555276,shrek,DONKEY,320,True,c060a1e70889,14.509390000057463,latency-5fad50cea2c8.csv
2,5fad50cea2c8,2025-10-15T11:49:40.676047,shrek,swamp,18,True,c060a1e70889,7.211592000203382,latency-5fad50cea2c8.csv
2,5fad50cea2c8,2025-10-15T11:49:40.789712,grail,(as,0,True,c060a1e70889,6.006117000197264,latency-5fad50cea2c8.csv
2,5fad50cea2c8,2025-10-15T11:49:40.901684,shrek3,us,12,True,c060a1e70889,11.400399999729416,latency-5fad50cea2c8.csv
2,5fad50cea2c8,2025-10-15T11:49:41.030788,grail,for,118,True,c060a1e70889,14.204111999788438,latency-5fad50cea2c8.csv
2,5fad50cea2c8,2025-10-15T11:49:41.152323,shrek3,showing,1,True,5d32a63602e5,13.20881699984966,latency-5fad50cea2c8.csv
2,5fad50cea2c8,2025-10-15T11:49:41.273027,shrek,help,5,True,c060a1e70889,7.824883000012051,latency-5fad50cea2c8.csv
1,607d981f6ff1,2025-10-15T11:49:47.771620,shrek3,SCHOOL,14,True,4ee8a2a45a7d,5.327064000084647,latency-607d981f6ff1.csv
1,607d981f6ff1,2025-10-15T11:49:47.883923,grail,"collective,",0,True,5d32a63602e5,8.297476999814535,latency-607d981f6ff1.csv
1,607d981f6ff1,2025-10-15T11:49:48.003116,shrek3,SHREK,678,True,c060a1e70889,14.292974999989385,latency-607d981f6ff1.csv
1,607d981f6ff1,2025-10-15T11:49:48.127113,shrek3,get,39,True,5d32a63602e5,8.804139999938343,latency-607d981f6ff1.csv
1,607d981f6ff1,2025-10-15T11:49:48.246747,shrek3,fall,6,True,4ee8a2a45a7d,7.488110999929631,latency-607d981f6ff1.csv
1,607d981f6ff1,2025-10-15T11:49:48.368439,shrek,number,8,True,c060a1e70889,5.0859910002145625,latency-607d981f6ff1.csv
1,607d981f6ff1,2025-10-15T11:49:48.479513,grail,"lute,",0,True,5d32a63602e5,8.792146999894612,latency-607d981f6ff1.csv
1,607d981f6ff1,2025-10-15T11:49:48.596097,shrek3,TO,511,True,c060a1e70889,7.207956000002014,latency-607d981f6ff1.csv
1,607d981f6ff1,2025-10-15T11:49:48.717134,grail,LTD,6,True,c060a1e70889,5.587646000094537,latency-607d981f6ff1.csv
1,607d981f6ff1,2025-10-15T11:49:48.831581,shrek,But,73,True,c060a1e70889,7.482355999854917,latency-607d981f6ff1.csv
1,607d981f6ff1,2025-10-15T11:49:48.959959,shrek3,true,1,True,c060a1e70889,7.810678999703668,latency-607d981f6ff1.csv
1,607d981f6ff1,2025-10-15T11:49:49.074805,grail,I,298,True,c060a1e70889,6.516516999909072,latency-607d981f6ff1.csv
1,607d981f6ff1,2025-10-15T11:49:49.187337,shrek3,me,72,True,c060a1e70889,4.57201500012161,latency-607d981f6ff1.csv
1,607d981f6ff1,2025-10-15T11:49:49.297485,shrek,transport,1,False,c060a1e70889,9.87239400001272,latency-607d981f6ff1.csv
1,607d981f6ff1,2025-10-15T11:49:49.413770,shrek3,Gingerbread,37,True,5d32a63602e5,4.730073999780871,latency-607d981f6ff1.csv
1,607d981f6ff1,2025-10-15T11:49:49.523717,shrek,old,10,False,5d32a63602e5,15.382583999780763,latency-607d981f6ff1.csv
1,607d981f6ff1,2025-10-15T11:49:49.645732,shrek3,CHARMING,232,True,5d32a63602e5,7.013378000010562,latency-607d981f6ff1.csv
1,607d981f6ff1,2025-10-15T11:49:49.759446,shrek3,WHITE,45,True,c060a1e70889,6.178475000069739,latency-607d981f6ff1.csv
1,607d981f6ff1,2025-10-15T11:49:49.871925,grail,feel,11,True,5d32a63602e5,8.005142000001797,latency-607d981f6ff1.csv
1,607d981f6ff1,2025-10-15T11:49:49.986541,shrek,the,535,True,5d32a63602e5,8.325589999913063,latency-607d981f6ff1.csv
2,607d981f6ff1,2025-10-15T11:49:50.101868,shrek3,SCHOOL,14,True,c060a1e70889,7.015051000053063,latency-607d981f6ff1.csv
2,607d981f6ff1,2025-10-15T11:49:50.219129,grail,"collective,",0,True,5d32a63602e5,8.448483999927703,latency-607d981f6ff1.csv
2,607d981f6ff1,2025-10-15T11:49:50.335091,shrek3,SHREK,678,True,c060a1e70889,8.501398000134941,latency-607d981f6ff1.csv
2,607d981f6ff1,2025-10-15T11:49:50.451807,shrek3,get,39,True,c060a1e70889,8.638369999971474,latency-607d981f6ff1.csv
2,607d981f6ff1,2025-10-15T11:49:50.568034,shrek3,fall,6,True,5d32a63602e5,13.13981800012698,latency-607d981f6ff1.csv
2,607d981f6ff1,2025-10-15T11:49:50.688153,shrek,number,8,True,5d32a63602e5,8.663599000101385,latency-607d981f6ff1.csv
2,607d981f6ff1,2025-10-15T11:49:50.804868,grail,"lute,",0,True,5d32a63602e5,7.989923999957682,latency-607d981f6ff1.csv
2,607d981f6ff1,2025-10-15T11:49:50.919101,shrek3,TO,511,True,c060a1e70889,6.067124999844964,latency-607d981f6ff1.csv
2,607d981f6ff1,2025-10-15T11:49:51.032922,grail,LTD,6,True,c060a1e70889,6.75669000020207,latency-607d981f6ff1.csv
2,607d981f6ff1,2025-10-15T11:49:51.145809,shrek,But,73,True,c060a1e70889,10.408912999992026,latency-607d981f6ff1.csv
2,607d981f6ff1,2025-10-15T11:49:51.273981,shrek3,true,1,True,5d32a63602e5,5.234791000020778,latency-607d981f6ff1.csv
2,607d981f6ff1,2025-10-15T11:49:51.386292,grail,I,298,True,5d32a63602e5,9.013378999952693,latency-607d981f6ff1.csv
2,607d981f6ff1,2025-10-15T11:49:51.531371,shrek3,me,72,True,c060a1e70889,48.14179400000285,latency-607d981f6ff1.csv
2,607d981f6ff1,2025-10-15T11:49:51.715053,shrek,transport,1,True,c060a1e70889,14.50849599996218,latency-607d981f6ff1.csv
2,607d981f6ff1,2025-10-15T11:49:51.842059,shrek3,Gingerbread,37,True,4ee8a2a45a7d,15.452400999947711,latency-607d981f6ff1.csv
2,607d981f6ff1,2025-10-15T11:49:51.978901,shrek,old,10,True,c060a1e70889,8.063045999733731,latency-607d981f6ff1.csv
2,607d981f6ff1,2025-10-15T11:49:52.095549,shrek3,CHARMING,232,True,c060a1e70889,8.356606000234024,latency-607d981f6ff1.csv
2,607d981f6ff1,2025-10-15T11:49:52.213294,shrek3,WHITE,45,True,5d32a63602e5,6.743124999957217,latency-607d981f6ff1.csv
2,607d981f6ff1,2025-10-15T11:49:52.339286,grail,feel,11,True,c060a1e70889,6.534312999974645,latency-607d981f6ff1.csv
2,607d981f6ff1,2025-10-15T11:49:52.452629,shrek,the,535,True,c060a1e70889,7.055115999719419,latency-607d981f6ff1.csv
1,614c19246a81,2025-10-15T11:49:41.093457,grail,Michael,11,True,c060a1e70889,5.713794999792299,latency-614c19246a81.csv
1,614c19246a81,2025-10-15T11:49:41.206153,shrek,I,386,True,c060a1e70889,8.270636999895942,latency-614c19246a81.csv
1,614c19246a81,2025-10-15T11:49:41.321606,shrek3,"Bay""",0,True,c060a1e70889,8.881046999704267,latency-614c19246a81.csv
1,614c19246a81,2025-10-15T11:49:41.441608,shrek3,time,23,True,c060a1e70889,6.946665999748802,latency-614c19246a81.csv
1,614c19246a81,2025-10-15T11:49:41.554806,shrek3,and,576,False,c060a1e70889,16.776408000168885,latency-614c19246a81.csv
1,614c19246a81,2025-10-15T11:49:41.679280,shrek,on,88,True,c060a1e70889,7.041805999961071,latency-614c19246a81.csv
1,614c19246a81,2025-10-15T11:49:41.792877,grail,witch,30,True,5d32a63602e5,10.181566000028395,latency-614c19246a81.csv
1,614c19246a81,2025-10-15T11:49:41.912924,grail,TV,2,True,c060a1e70889,9.954027999810933,latency-614c19246a81.csv
1,614c19246a81,2025-10-15T11:49:42.031494,grail,us,32,True,c060a1e70889,14.531462999912035,latency-614c19246a81.csv
1,614c19246a81,2025-10-15T11:49:42.154412,grail,toward,10,False,c060a1e70889,25.030756999967707,latency-614c19246a81.csv
1,614c19246a81,2025-10-15T11:49:42.296045,shrek,he,118,True,4ee8a2a45a7d,8.966206999957649,latency-614c19246a81.csv
1,614c19246a81,2025-10-15T11:49:42.420209,shrek3,the,1285,True,4ee8a2a45a7d,16.40893400008281,latency-614c19246a81.csv
1,614c19246a81,2025-10-15T11:49:42.542359,shrek3,him,87,False,5d32a63602e5,42.66588800010141,latency-614c19246a81.csv
1,614c19246a81,2025-10-15T11:49:42.697370,grail,it,279,False,c060a1e70889,14.311490000181948,latency-614c19246a81.csv
1,614c19246a81,2025-10-15T11:49:42.830181,grail,Get,47,False,c060a1e70889,10.100322000198505,latency-614c19246a81.csv
1,614c19246a81,2025-10-15T11:49:42.950270,shrek,FIONA,211,True,c060a1e70889,5.480116999933671,latency-614c19246a81.csv
1,614c19246a81,2025-10-15T11:49:43.062243,shrek,I,386,True,c060a1e70889,7.333921999816084,latency-614c19246a81.csv
1,614c19246a81,2025-10-15T11:49:43.177208,shrek,a,305,False,c060a1e70889,11.315775000184658,latency-614c19246a81.csv
1,614c19246a81,2025-10-15T11:49:43.294829,grail,Boom,4,True,c060a1e70889,7.368624999799067,latency-614c19246a81.csv
1,614c19246a81,2025-10-15T11:49:43.409495,shrek,FIONA,211,True,c060a1e70889,5.658823999965534,latency-614c19246a81.csv
2,614c19246a81,2025-10-15T11:49:43.520696,grail,Michael,11,True,4ee8a2a45a7d,9.52674499967543,latency-614c19246a81.csv
2,614c19246a81,2025-10-15T11:49:43.638733,shrek,I,386,True,c060a1e70889,16.0336379999535,latency-614c19246a81.csv
2,614c19246a81,2025-10-15T11:49:43.762789,shrek3,"Bay""",0,True,4ee8a2a45a7d,7.992312000169477,latency-614c19246a81.csv
2,614c19246a81,2025-10-15T11:49:43.878556,shrek3,time,23,True,c060a1e70889,9.335056999589142,latency-614c19246a81.csv
2,614c19246a81,2025-10-15T11:49:43.999234,shrek3,and,576,True,c060a1e70889,5.997051999656833,latency-614c19246a81.csv
2,614c19246a81,2025-10-15T11:49:44.114813,shrek,on,88,True,c060a1e70889,7.238099999995029,latency-614c19246a81.csv
2,614c19246a81,2025-10-15T11:49:44.229091,grail,witch,30,True,c060a1e70889,9.041631999934909,latency-614c19246a81.csv
2,614c19246a81,2025-10-15T11:49:44.345211,grail,TV,2,True,c060a1e70889,6.4717699997345335,latency-614c19246a81.csv
2,614c19246a81,2025-10-15T11:49:44.457959,grail,us,32,True,c060a1e70889,6.695649999983289,latency-614c19246a81.csv
2,614c19246a81,2025-10-15T11:49:44.571159,grail,toward,10,True,c060a1e70889,11.807686999873113,latency-614c19246a81.csv
2,614c19246a81,2025-10-15T11:49:44.691170,shrek,he,118,True,5d32a63602e5,4.417123000166612,latency-614c19246a81.csv
2,614c19246a81,2025-10-15T11:49:44.803438,shrek3,the,1285,True,c060a1e70889,7.802757999797905,latency-614c19246a81.csv
2,614c19246a81,2025-10-15T11:49:44.918673,shrek3,him,87,True,c060a1e70889,7.27999600030671,latency-614c19246a81.csv
2,614c19246a81,2025-10-15T11:49:45.032485,grail,it,279,True,c060a1e70889,16.888641999685206,latency-614c19246a81.csv
2,614c19246a81,2025-10-15T11:49:45.167885,grail,Get,47,True,c060a1e70889,11.409596999783387,latency-614c19246a81.csv
2,614c19246a81,2025-10-15T11:49:45.292759,shrek,FIONA,211,True,c060a1e70889,27.45521500037285,latency-614c19246a81.csv
2,614c19246a81,2025-10-15T11:49:45.433975,shrek,I,386,True,c060a1e70889,28.680032000011124,latency-614c19246a81.csv
2,614c19246a81,2025-10-15T11:49:45.571023,shrek,a,305,True,5d32a63602e5,12.941860999944764,latency-614c19246a81.csv
2,614c19246a81,2025-10-15T11:49:45.692867,grail,Boom,4,True,5d32a63602e5,10.233921000235568,latency-614c19246a81.csv
2,614c19246a81,2025-10-15T11:49:45.814509,shrek,FIONA,211,True,5d32a63602e5,23.891680000360797,latency-614c19246a81.csv
1,66dc0d06f468,2025-10-15T11:50:03.662789,shrek3,SNOW,49,True,c060a1e70889,5.829016000006959,latency-66dc0d06f468.csv
1,66dc0d06f468,2025-10-15T11:50:03.774742,shrek3,toward,14,True,c060a1e70889,7.416964000185544,latency-66dc0d06f468.csv
1,66dc0d06f468,2025-10-15T11:50:03.889704,grail,LTD,6,True,c060a1e70889,6.808559999626596,latency-66dc0d06f468.csv
1,66dc0d06f468,2025-10-15T11:50:04.002867,grail,since,10,True,c060a1e70889,7.430018999912136,latency-66dc0d06f468.csv
1,66dc0d06f468,2025-10-15T11:50:04.117427,shrek,looks,37,True,c060a1e70889,5.966102000002138,latency-66dc0d06f468.csv
1,66dc0d06f468,2025-10-15T11:50:04.229206,shrek,old,10,True,c060a1e70889,10.49420800018197,latency-66dc0d06f468.csv
1,66dc0d06f468,2025-10-15T11:50:04.346863,grail,with/,0,True,c060a1e70889,10.79096000012214,latency-66dc0d06f468.csv
1,66dc0d06f468,2025-10-15T11:50:04.471365,shrek,SHREK,433,True,c060a1e70889,16.265461999864783,latency-66dc0d06f468.csv
1,66dc0d06f468,2025-10-15T11:50:04.594219,shrek,at,62,True,5d32a63602e5,9.158239000043976,latency-66dc0d06f468.csv
1,66dc0d06f468,2025-10-15T11:50:04.713432,shrek,baby,3,True,4ee8a2a45a7d,8.00702700007605,latency-66dc0d06f468.csv
1,66dc0d06f468,2025-10-15T11:50:04.829225,shrek,not,50,True,5d32a63602e5,9.96716400004516,latency-66dc0d06f468.csv
1,66dc0d06f468,2025-10-15T11:50:04.946835,shrek3,Shrek,678,True,c060a1e70889,18.21009900004356,latency-66dc0d06f468.csv
1,66dc0d06f468,2025-10-15T11:50:05.083306,shrek,And,318,True,c060a1e70889,6.312922999768489,latency-66dc0d06f468.csv
1,66dc0d06f468,2025-10-15T11:50:05.202572,grail,GALAHAD,87,True,c060a1e70889,5.332294999789156,latency-66dc0d06f468.csv
1,66dc0d06f468,2025-10-15T11:50:05.314151,shrek,you,409,True,c060a1e70889,5.445088999749714,latency-66dc0d06f468.csv
1,66dc0d06f468,2025-10-15T11:50:05.427230,shrek3,2,8,True,c060a1e70889,7.389128999875538,latency-66dc0d06f468.csv
1,66dc0d06f468,2025-10-15T11:50:05.540443,grail,G,6,True,c060a1e70889,8.199015000172949,latency-66dc0d06f468.csv
1,66dc0d06f468,2025-10-15T11:50:05.655179,shrek,old,10,True,5d32a63602e5,5.400809000093432,latency-66dc0d06f468.csv
1,66dc0d06f468,2025-10-15T11:50:05.765670,shrek3,PRINCE,207,True,4ee8a2a45a7d,7.634998999947129,latency-66dc0d06f468.csv
1,66dc0d06f468,2025-10-15T11:50:05.880805,shrek,FIONA,211,True,4ee8a2a45a7d,7.622118000199407,latency-66dc0d06f468.csv
2,66dc0d06f468,2025-10-15T11:50:05.994459,shrek3,SNOW,49,True,4ee8a2a45a7d,7.204991999969934,latency-66dc0d06f468.csv
2,66dc0d06f468,2025-10-15T11:50:06.112921,shrek3,toward,14,True,4ee8a2a45a7d,7.074933999774657,latency-66dc0d06f468.csv
2,66dc0d06f468,2025-10-15T11:50:06.226463,grail,LTD,6,True,4ee8a2a45a7d,6.226298000001407,latency-66dc0d06f468.csv
2,66dc0d06f468,2025-10-15T11:50:06.342198,grail,since,10,True,c060a1e70889,8.337014000062482,latency-66dc0d06f468.csv
2,66dc0d06f468,2025-10-15T11:50:06.460792,shrek,looks,37,True,c060a1e70889,5.675337999946351,latency-66dc0d06f468.csv
2,66dc0d06f468,2025-10-15T11:50:06.572323,shrek,old,10,True,5d32a63602e5,7.596084999931918,latency-66dc0d06f468.csv
2,66dc0d06f468,2025-10-15T11:50:06.686720,grail,with/,0,True,5d32a63602e5,7.069700000101875,latency-66dc0d06f468.csv
2,66dc0d06f468,2025-10-15T11:50:06.802929,shrek,SHREK,433,True,5d32a63602e5,5.772837000222353,latency-66dc0d06f468.csv
2,66dc0d06f468,2025-10-15T11:50:06.915761,shrek,at,62,True,c060a1e70889,7.931447000373737,latency-66dc0d06f468.csv
2,66dc0d06f468,2025-10-15T11:50:07.033634,shrek,baby,3,True,c060a1e70889,14.955267999994248,latency-66dc0d06f468.csv
2,66dc0d06f468,2025-10-15T11:50:07.155787,shrek,not,50,True,5d32a63602e5,6.296256000041467,latency-66dc0d06f468.csv
2,66dc0d06f468,2025-10-15T11:50:07.271284,shrek3,Shrek,678,True,c060a1e70889,11.127591999866128,latency-66dc0d06f468.csv
2,66dc0d06f468,2025-10-15T11:50:07.401572,shrek,And,318,True,c060a1e70889,7.848366000416718,latency-66dc0d06f468.csv
2,66dc0d06f468,2025-10-15T11:50:07.515869,grail,GALAHAD,87,True,c060a1e70889,8.556191000025137,latency-66dc0d06f468.csv
2,66dc0d06f468,2025-10-15T11:50:07.631688,shrek,you,409,True,c060a1e70889,6.047631999990699,latency-66dc0d06f468.csv
2,66dc0d06f468,2025-10-15T11:50:07.744651,shrek3,2,8,True,c060a1e70889,6.981237999752921,latency-66dc0d06f468.csv
2,66dc0d06f468,2025-10-15T11:50:07.860430,grail,G,6,True,c060a1e70889,6.696333000036248,latency-66dc0d06f468.csv
2,66dc0d06f468,2025-10-15T11:50:07.973563,shrek,old,10,True,c060a1e70889,6.249394999940705,latency-66dc0d06f468.csv
2,66dc0d06f468,2025-10-15T11:50:08.087823,shrek3,PRINCE,207,True,c060a1e70889,8.639468000183115,latency-66dc0d06f468.csv
2,66dc0d06f468,2025-10-15T11:50:08.202762,shrek,FIONA,211,True,c060a1e70889,4.69843899963962,latency-66dc0d06f468.csv
1,677db07e9698,2025-10-15T11:50:06.945152,grail,elected,2,True,5d32a63602e5,8.500904000356968,latency-677db07e9698.csv
1,677db07e9698,2025-10-15T11:50:07.062111,shrek3,still,18,True,5d32a63602e5,8.112143000289507,latency-677db07e9698.csv
1,677db07e9698,2025-10-15T11:50:07.176863,shrek3,the,1285,True,5d32a63602e5,6.130818999736221,latency-677db07e9698.csv
1,677db07e9698,2025-10-15T11:50:07.290673,shrek,"Ha,",0,True,5d32a63602e5,19.045252000069013,latency-677db07e9698.csv
1,677db07e9698,2025-10-15T11:50:07.422227,shrek3,RAPUNZEL,30,True,5d32a63602e5,5.9880120002162585,latency-677db07e9698.csv
1,677db07e9698,2025-10-15T11:50:07.536423,grail,Bridge,30,True,c060a1e70889,7.380950999959168,latency-677db07e9698.csv
1,677db07e9698,2025-10-15T11:50:07.653659,grail,THREE-HEADED,8,True,c060a1e70889,5.75763899996673,latency-677db07e9698.csv
1,677db07e9698,2025-10-15T11:50:07.765383,shrek3,the,1285,True,c060a1e70889,5.600762999620201,latency-677db07e9698.csv
1,677db07e9698,2025-10-15T11:50:07.876352,shrek3,SNOW,49,True,c060a1e70889,8.496604999891133,latency-677db07e9698.csv
1,677db07e9698,2025-10-15T11:50:07.991780,shrek3,the,1285,True,c060a1e70889,7.26178400009303,latency-677db07e9698.csv
1,677db07e9698,2025-10-15T11:50:08.104597,shrek,DONKEY,320,True,c060a1e70889,7.917669000107708,latency-677db07e9698.csv
1,677db07e9698,2025-10-15T11:50:08.218593,shrek,I,386,True,c060a1e70889,7.955803999720956,latency-677db07e9698.csv
1,677db07e9698,2025-10-15T11:50:08.332944,shrek,on,88,True,c060a1e70889,7.81578999976773,latency-677db07e9698.csv
1,677db07e9698,2025-10-15T11:50:08.447110,shrek,"Ha,",0,True,c060a1e70889,6.841220999831421,latency-677db07e9698.csv
1,677db07e9698,2025-10-15T11:50:08.559487,grail,TV,2,True,c060a1e70889,9.228367999639886,latency-677db07e9698.csv
1,677db07e9698,2025-10-15T11:50:08.676288,shrek3,the,1285,True,c060a1e70889,4.952908000177558,latency-677db07e9698.csv
1,677db07e9698,2025-10-15T11:50:08.786693,shrek,SHREK,433,True,c060a1e70889,5.73692799980563,latency-677db07e9698.csv
1,677db07e9698,2025-10-15T11:50:08.898762,grail,the,1600,True,c060a1e70889,4.675424000197381,latency-677db07e9698.csv
1,677db07e9698,2025-10-15T11:50:09.008541,grail,54,2,True,c060a1e70889,5.534474000342016,latency-677db07e9698.csv
1,677db07e9698,2025-10-15T11:50:09.124794,grail,of,684,True,4ee8a2a45a7d,38.68531099988104,latency-677db07e9698.csv
2,677db07e9698,2025-10-15T11:50:09.280601,grail,elected,2,True,c060a1e70889,5.488634999892383,latency-677db07e9698.csv
2,677db07e9698,2025-10-15T11:50:09.393265,shrek3,still,18,True,c060a1e70889,8.126691000143182,latency-677db07e9698.csv
2,677db07e9698,2025-10-15T11:50:09.508940,shrek3,the,1285,True,c060a1e70889,4.970197000147891,latency-677db07e9698.csv
2,677db07e9698,2025-10-15T11:50:09.620423,shrek,"Ha,",0,True,5d32a63602e5,8.583419000387948,latency-677db07e9698.csv
2,677db07e9698,2025-10-15T11:50:09.736172,shrek3,RAPUNZEL,30,True,c060a1e70889,5.487382999945112,latency-677db07e9698.csv
2,677db07e9698,2025-10-15T11:50:09.847480,grail,Bridge,30,True,4ee8a2a45a7d,6.534695000027568,latency-677db07e9698.csv
2,677db07e9698,2025-10-15T11:50:09.960918,grail,THREE-HEADED,8,True,4ee8a2a45a7d,7.558820999747695,latency-677db07e9698.csv
2,677db07e9698,2025-10-15T11:50:10.075599,shrek3,the,1285,True,4ee8a2a45a7d,8.912282999972376,latency-677db07e9698.csv
2,677db07e9698,2025-10-15T11:50:10.192244,shrek3,SNOW,49,True,4ee8a2a45a7d,13.481910999871616,latency-677db07e9698.csv
2,677db07e9698,2025-10-15T11:50:10.315236,shrek3,the,1285,True,4ee8a2a45a7d,8.099717999812128,latency-677db07e9698.csv
2,677db07e9698,2025-10-15T11:50:10.430354,shrek,DONKEY,320,True,4ee8a2a45a7d,9.23452000006364,latency-677db07e9698.csv
2,677db07e9698,2025-10-15T11:50:10.546582,shrek,I,386,True,c060a1e70889,7.187178000094718,latency-677db07e9698.csv
2,677db07e9698,2025-10-15T11:50:10.659704,shrek,on,88,True,c060a1e70889,7.826382000075682,latency-677db07e9698.csv
2,677db07e9698,2025-10-15T11:50:10.774417,shrek,"Ha,",0,True,c060a1e70889,15.790987000400492,latency-677db07e9698.csv
2,677db07e9698,2025-10-15T11:50:10.901668,grail,TV,2,True,c060a1e70889,5.9674359999917215,latency-677db07e9698.csv
2,677db07e9698,2025-10-15T11:50:11.014459,shrek3,the,1285,True,5d32a63602e5,7.891098000072816,latency-677db07e9698.csv
2,677db07e9698,2025-10-15T11:50:11.128660,shrek,SHREK,433,True,5d32a63602e5,7.568880000235367,latency-677db07e9698.csv
2,677db07e9698,2025-10-15T11:50:11.241795,grail,the,1600,True,5d32a63602e5,7.479522999801702,latency-677db07e9698.csv
2,677db07e9698,2025-10-15T11:50:11.356724,grail,54,2,True,5d32a63602e5,7.670544000120572,latency-677db07e9698.csv
2,677db07e9698,2025-10-15T11:50:11.476960,grail,of,684,True,c060a1e70889,6.613792000280228,latency-677db07e9698.csv
1,69a14142c6d0,2025-10-15T11:49:49.203717,grail,Cleese,10,True,5d32a63602e5,4.452824000054534,latency-69a14142c6d0.csv
1,69a14142c6d0,2025-10-15T11:49:49.313431,shrek,What,104,True,c060a1e70889,5.525771000066015,latency-69a14142c6d0.csv
1,69a14142c6d0,2025-10-15T11:49:49.426095,shrek3,youre,0,True,5d32a63602e5,5.306930000188004,latency-69a14142c6d0.csv
1,69a14142c6d0,2025-10-15T11:49:49.536856,shrek3,ARTIE,213,True,c060a1e70889,7.106539999767847,latency-69a14142c6d0.csv
1,69a14142c6d0,2025-10-15T11:49:49.650331,shrek3,RAPUNZEL,30,True,c060a1e70889,6.206559000020206,latency-69a14142c6d0.csv
1,69a14142c6d0,2025-10-15T11:49:49.764081,grail,is,317,True,4ee8a2a45a7d,5.441482000151154,latency-69a14142c6d0.csv
1,69a14142c6d0,2025-10-15T11:49:49.875990,shrek,not,50,True,c060a1e70889,7.071516999985761,latency-69a14142c6d0.csv
1,69a14142c6d0,2025-10-15T11:49:49.990105,shrek3,"Bay""",0,True,c060a1e70889,7.0183470002120885,latency-69a14142c6d0.csv
1,69a14142c6d0,2025-10-15T11:49:50.103894,shrek,FIONA,211,True,5d32a63602e5,8.02119899981335,latency-69a14142c6d0.csv
1,69a14142c6d0,2025-10-15T11:49:50.218640,shrek,afraid,8,True,5d32a63602e5,9.533177000321302,latency-69a14142c6d0.csv
1,69a14142c6d0,2025-10-15T11:49:50.335278,shrek,tale,7,True,c060a1e70889,9.152328000254784,latency-69a14142c6d0.csv
1,69a14142c6d0,2025-10-15T11:49:50.453863,shrek,FIONA,211,True,c060a1e70889,8.088669999779086,latency-69a14142c6d0.csv
1,69a14142c6d0,2025-10-15T11:49:50.568339,grail,singing,33,False,5d32a63602e5,12.5557569999728,latency-69a14142c6d0.csv
1,69a14142c6d0,2025-10-15T11:49:50.688082,shrek3,did,14,True,5d32a63602e5,8.711382000001322,latency-69a14142c6d0.csv
1,69a14142c6d0,2025-10-15T11:49:50.804455,shrek,SHREK,433,True,5d32a63602e5,8.246909000263258,latency-69a14142c6d0.csv
1,69a14142c6d0,2025-10-15T11:49:50.918877,shrek3,the,1285,True,c060a1e70889,6.1932500002512825,latency-69a14142c6d0.csv
1,69a14142c6d0,2025-10-15T11:49:51.032911,shrek3,Hold,8,True,c060a1e70889,6.315222000012,latency-69a14142c6d0.csv
1,69a14142c6d0,2025-10-15T11:49:51.145808,grail,rows,1,True,c060a1e70889,10.459211000124924,latency-69a14142c6d0.csv
1,69a14142c6d0,2025-10-15T11:49:51.269519,shrek,the,535,True,c060a1e70889,5.22601400007261,latency-69a14142c6d0.csv
1,69a14142c6d0,2025-10-15T11:49:51.381141,shrek,DONKEY,320,True,c060a1e70889,8.800220000011905,latency-69a14142c6d0.csv
2,69a14142c6d0,2025-10-15T11:49:51.502416,grail,Cleese,10,True,c060a1e70889,11.334837999584124,latency-69a14142c6d0.csv
2,69a14142c6d0,2025-10-15T11:49:51.629970,shrek,What,104,True,c060a1e70889,14.787503000206923,latency-69a14142c6d0.csv
2,69a14142c6d0,2025-10-15T11:49:51.755715,shrek3,youre,0,True,c060a1e70889,10.133627999948658,latency-69a14142c6d0.csv
2,69a14142c6d0,2025-10-15T11:49:51.879372,shrek3,ARTIE,213,True,4ee8a2a45a7d,32.50102699985291,latency-69a14142c6d0.csv
2,69a14142c6d0,2025-10-15T11:49:52.028257,shrek3,RAPUNZEL,30,True,5d32a63602e5,13.546540000334062,latency-69a14142c6d0.csv
2,69a14142c6d0,2025-10-15T11:49:52.154801,grail,is,317,True,5d32a63602e5,6.603340999845386,latency-69a14142c6d0.csv
2,69a14142c6d0,2025-10-15T11:49:52.267521,shrek,not,50,True,5d32a63602e5,6.421123000109219,latency-69a14142c6d0.csv
2,69a14142c6d0,2025-10-15T11:49:52.380197,shrek3,"Bay""",0,True,5d32a63602e5,6.149969999569294,latency-69a14142c6d0.csv
2,69a14142c6d0,2025-10-15T11:49:52.492299,shrek,FIONA,211,True,5d32a63602e5,6.248327999855974,latency-69a14142c6d0.csv
2,69a14142c6d0,2025-10-15T11:49:52.604957,shrek,afraid,8,True,5d32a63602e5,9.831490000124177,latency-69a14142c6d0.csv
2,69a14142c6d0,2025-10-15T11:49:52.722978,shrek,tale,7,True,4ee8a2a45a7d,9.050993000073504,latency-69a14142c6d0.csv
2,69a14142c6d0,2025-10-15T11:49:52.847065,shrek,FIONA,211,True,5d32a63602e5,9.28042799978357,latency-69a14142c6d0.csv
2,69a14142c6d0,2025-10-15T11:49:52.962401,grail,singing,33,True,5d32a63602e5,6.334264000088297,latency-69a14142c6d0.csv
2,69a14142c6d0,2025-10-15T11:49:53.078690,shrek3,did,14,True,5d32a63602e5,6.780946999697335,latency-69a14142c6d0.csv
2,69a14142c6d0,2025-10-15T11:49:53.195595,shrek,SHREK,433,True,5d32a63602e5,14.756373000182066,latency-69a14142c6d0.csv
2,69a14142c6d0,2025-10-15T11:49:53.319471,shrek3,the,1285,True,c060a1e70889,6.704939999963244,latency-69a14142c6d0.csv
2,69a14142c6d0,2025-10-15T11:49:53.440880,shrek3,Hold,8,True,5d32a63602e5,26.97205499998745,latency-69a14142c6d0.csv
2,69a14142c6d0,2025-10-15T11:49:53.580330,grail,rows,1,True,4ee8a2a45a7d,12.169756000275813,latency-69a14142c6d0.csv
2,69a14142c6d0,2025-10-15T11:49:53.717490,shrek,the,535,True,c060a1e70889,5.394741000145586,latency-69a14142c6d0.csv
2,69a14142c6d0,2025-10-15T11:49:53.828027,shrek,DONKEY,320,True,c060a1e70889,6.907928999680735,latency-69a14142c6d0.csv
1,6a958a42d5bd,2025-10-15T11:49:46.940108,shrek,will,16,True,c060a1e70889,7.53214599990315,latency-6a958a42d5bd.csv
1,6a958a42d5bd,2025-10-15T11:49:47.054047,shrek,minute,3,False,5d32a63602e5,14.708241999869642,latency-6a958a42d5bd.csv
1,6a958a42d5bd,2025-10-15T11:49:47.176374,grail,dancing,10,True,5d32a63602e5,5.905499000164127,latency-6a958a42d5bd.csv
1,6a958a42d5bd,2025-10-15T11:49:47.290343,shrek3,with,112,False,c060a1e70889,17.455147999953624,latency-6a958a42d5bd.csv
1,6a958a42d5bd,2025-10-15T11:49:47.415124,grail,"collective,",0,True,c060a1e70889,6.265583999720548,latency-6a958a42d5bd.csv
1,6a958a42d5bd,2025-10-15T11:49:47.528217,grail,“I,0,True,5d32a63602e5,10.945375000119384,latency-6a958a42d5bd.csv
1,6a958a42d5bd,2025-10-15T11:49:47.650142,shrek3,the,1285,True,c060a1e70889,9.548117000122147,latency-6a958a42d5bd.csv
1,6a958a42d5bd,2025-10-15T11:49:47.766605,grail,TV,2,True,c060a1e70889,6.140982000033546,latency-6a958a42d5bd.csv
1,6a958a42d5bd,2025-10-15T11:49:47.879272,shrek3,Cinderella,21,True,c060a1e70889,10.696310999719572,latency-6a958a42d5bd.csv
1,6a958a42d5bd,2025-10-15T11:49:48.003071,shrek3,ARTIE,213,True,c060a1e70889,14.055007000024489,latency-6a958a42d5bd.csv
1,6a958a42d5bd,2025-10-15T11:49:48.126643,grail,king,136,True,5d32a63602e5,8.352331999958551,latency-6a958a42d5bd.csv
1,6a958a42d5bd,2025-10-15T11:49:48.245892,shrek,lay,2,False,4ee8a2a45a7d,17.346272000395402,latency-6a958a42d5bd.csv
1,6a958a42d5bd,2025-10-15T11:49:48.371245,shrek,rising,1,True,5d32a63602e5,4.178986000169971,latency-6a958a42d5bd.csv
1,6a958a42d5bd,2025-10-15T11:49:48.481581,shrek,DONKEY,320,True,5d32a63602e5,7.513876000302844,latency-6a958a42d5bd.csv
1,6a958a42d5bd,2025-10-15T11:49:48.596900,shrek3,you,328,False,c060a1e70889,16.245746999629773,latency-6a958a42d5bd.csv
1,6a958a42d5bd,2025-10-15T11:49:48.721672,grail,it,279,True,4ee8a2a45a7d,6.556365000051301,latency-6a958a42d5bd.csv
1,6a958a42d5bd,2025-10-15T11:49:48.834896,shrek3,SHREK,678,True,5d32a63602e5,12.465740000152437,latency-6a958a42d5bd.csv
1,6a958a42d5bd,2025-10-15T11:49:48.963175,shrek3,SHREK,678,True,5d32a63602e5,8.909760000278766,latency-6a958a42d5bd.csv
1,6a958a42d5bd,2025-10-15T11:49:49.090294,shrek,who,29,True,c060a1e70889,5.148386999735521,latency-6a958a42d5bd.csv
1,6a958a42d5bd,2025-10-15T11:49:49.200432,shrek3,his,238,True,c060a1e70889,4.872570999850723,latency-6a958a42d5bd.csv
2,6a958a42d5bd,2025-10-15T11:49:49.310511,shrek,will,16,True,5d32a63602e5,6.319976000213501,latency-6a958a42d5bd.csv
2,6a958a42d5bd,2025-10-15T11:49:49.423657,shrek,minute,3,True,c060a1e70889,5.672292000326706,latency-6a958a42d5bd.csv
2,6a958a42d5bd,2025-10-15T11:49:49.534506,grail,dancing,10,True,4ee8a2a45a7d,6.696882999676745,latency-6a958a42d5bd.csv
2,6a958a42d5bd,2025-10-15T11:49:49.647836,shrek3,with,112,True,4ee8a2a45a7d,6.953091000013956,latency-6a958a42d5bd.csv
2,6a958a42d5bd,2025-10-15T11:49:49.762254,grail,"collective,",0,True,5d32a63602e5,5.472531999657804,latency-6a958a42d5bd.csv
2,6a958a42d5bd,2025-10-15T11:49:49.874195,grail,“I,0,True,4ee8a2a45a7d,7.105266000053234,latency-6a958a42d5bd.csv
2,6a958a42d5bd,2025-10-15T11:49:49.988116,shrek3,the,1285,True,c060a1e70889,8.764723000240338,latency-6a958a42d5bd.csv
2,6a958a42d5bd,2025-10-15T11:49:50.103646,grail,TV,2,True,5d32a63602e5,7.967111999732879,latency-6a958a42d5bd.csv
2,6a958a42d5bd,2025-10-15T11:49:50.218497,shrek3,Cinderella,21,True,5d32a63602e5,8.865985999818804,latency-6a958a42d5bd.csv
2,6a958a42d5bd,2025-10-15T11:49:50.334850,shrek3,ARTIE,213,True,c060a1e70889,8.214102999772877,latency-6a958a42d5bd.csv
2,6a958a42d5bd,2025-10-15T11:49:50.451807,grail,king,136,True,c060a1e70889,8.11836899993068,latency-6a958a42d5bd.csv
2,6a958a42d5bd,2025-10-15T11:49:50.566250,shrek,lay,2,True,c060a1e70889,6.612059000417503,latency-6a958a42d5bd.csv
2,6a958a42d5bd,2025-10-15T11:49:50.679689,shrek,rising,1,True,c060a1e70889,6.4234020001094905,latency-6a958a42d5bd.csv
2,6a958a42d5bd,2025-10-15T11:49:50.794368,shrek,DONKEY,320,True,c060a1e70889,5.565994999869872,latency-6a958a42d5bd.csv
2,6a958a42d5bd,2025-10-15T11:49:50.907609,shrek3,you,328,True,c060a1e70889,5.269196999961423,latency-6a958a42d5bd.csv
2,6a958a42d5bd,2025-10-15T11:49:51.017544,grail,it,279,True,c060a1e70889,4.67824700035635,latency-6a958a42d5bd.csv
2,6a958a42d5bd,2025-10-15T11:49:51.127904,shrek3,SHREK,678,True,c060a1e70889,7.431452000218995,latency-6a958a42d5bd.csv
2,6a958a42d5bd,2025-10-15T11:49:51.243725,shrek3,SHREK,678,True,c060a1e70889,5.948734999947192,latency-6a958a42d5bd.csv
2,6a958a42d5bd,2025-10-15T11:49:51.355886,shrek,who,29,True,c060a1e70889,7.108625000000757,latency-6a958a42d5bd.csv
2,6a958a42d5bd,2025-10-15T11:49:51.470306,shrek3,his,238,True,c060a1e70889,9.165173999917895,latency-6a958a42d5bd.csv
1,71bdef9b8f5c,2025-10-15T11:49:47.437043,grail,us,32,True,c060a1e70889,5.1347140001780645,latency-71bdef9b8f5c.csv
1,71bdef9b8f5c,2025-10-15T11:49:47.547554,shrek,afraid,8,False,c060a1e70889,16.993835999983276,latency-71bdef9b8f5c.csv
1,71bdef9b8f5c,2025-10-15T11:49:47.671889,shrek3,ruby,1,True,c060a1e70889,6.743273000211048,latency-71bdef9b8f5c.csv
1,71bdef9b8f5c,2025-10-15T11:49:47.784308,grail,of,684,True,c060a1e70889,5.445067999971798,latency-71bdef9b8f5c.csv
1,71bdef9b8f5c,2025-10-15T11:49:47.895430,shrek3,fall,6,True,4ee8a2a45a7d,9.174831000109409,latency-71bdef9b8f5c.csv
1,71bdef9b8f5c,2025-10-15T11:49:48.011086,shrek3,and,576,True,5d32a63602e5,6.282412000018667,latency-71bdef9b8f5c.csv
1,71bdef9b8f5c,2025-10-15T11:49:48.124576,grail,right,66,True,c060a1e70889,6.78792999997313,latency-71bdef9b8f5c.csv
1,71bdef9b8f5c,2025-10-15T11:49:48.239718,shrek3,-,110,True,c060a1e70889,8.674347000123817,latency-71bdef9b8f5c.csv
1,71bdef9b8f5c,2025-10-15T11:49:48.356074,grail,I,298,True,c060a1e70889,5.447351999919192,latency-71bdef9b8f5c.csv
1,71bdef9b8f5c,2025-10-15T11:49:48.466984,grail,feel,11,True,c060a1e70889,8.43768300001102,latency-71bdef9b8f5c.csv
1,71bdef9b8f5c,2025-10-15T11:49:48.583525,shrek,baby,3,True,c060a1e70889,7.44165099968086,latency-71bdef9b8f5c.csv
1,71bdef9b8f5c,2025-10-15T11:49:48.697358,shrek3,Shrek,678,True,c060a1e70889,8.316492000176368,latency-71bdef9b8f5c.csv
1,71bdef9b8f5c,2025-10-15T11:49:48.811977,grail,(as,0,True,c060a1e70889,6.358063999869046,latency-71bdef9b8f5c.csv
1,71bdef9b8f5c,2025-10-15T11:49:48.923848,shrek,its,1,True,c060a1e70889,6.668902999990678,latency-71bdef9b8f5c.csv
1,71bdef9b8f5c,2025-10-15T11:49:49.036010,grail,Rostmm,1,True,c060a1e70889,10.084601000016846,latency-71bdef9b8f5c.csv
1,71bdef9b8f5c,2025-10-15T11:49:49.154162,shrek3,body),0,False,c060a1e70889,12.623507999705907,latency-71bdef9b8f5c.csv
1,71bdef9b8f5c,2025-10-15T11:49:49.272377,shrek,ogre,27,True,5d32a63602e5,5.936679000114964,latency-71bdef9b8f5c.csv
1,71bdef9b8f5c,2025-10-15T11:49:49.383655,shrek3,of,275,True,5d32a63602e5,5.7822850003503845,latency-71bdef9b8f5c.csv
1,71bdef9b8f5c,2025-10-15T11:49:49.495282,grail,(as,0,True,4ee8a2a45a7d,10.107084000082978,latency-71bdef9b8f5c.csv
1,71bdef9b8f5c,2025-10-15T11:49:49.613338,shrek,FARQUAAD,84,True,c060a1e70889,7.479755000076693,latency-71bdef9b8f5c.csv
2,71bdef9b8f5c,2025-10-15T11:49:49.727104,grail,us,32,True,4ee8a2a45a7d,7.49575999998342,latency-71bdef9b8f5c.csv
2,71bdef9b8f5c,2025-10-15T11:49:49.840152,shrek,afraid,8,True,5d32a63602e5,7.934600000226055,latency-71bdef9b8f5c.csv
2,71bdef9b8f5c,2025-10-15T11:49:49.955011,shrek3,ruby,1,True,5d32a63602e5,9.283547999984876,latency-71bdef9b8f5c.csv
2,71bdef9b8f5c,2025-10-15T11:49:50.070771,grail,of,684,True,c060a1e70889,4.837733000385924,latency-71bdef9b8f5c.csv
2,71bdef9b8f5c,2025-10-15T11:49:50.180723,shrek3,fall,6,True,c060a1e70889,6.470308000189107,latency-71bdef9b8f5c.csv
2,71bdef9b8f5c,2025-10-15T11:49:50.292736,shrek3,and,576,True,5d32a63602e5,8.283744999971532,latency-71bdef9b8f5c.csv
2,71bdef9b8f5c,2025-10-15T11:49:50.407262,grail,right,66,True,5d32a63602e5,5.693733000043721,latency-71bdef9b8f5c.csv
2,71bdef9b8f5c,2025-10-15T11:49:50.518970,shrek3,-,110,True,5d32a63602e5,6.2655800002175965,latency-71bdef9b8f5c.csv
2,71bdef9b8f5c,2025-10-15T11:49:50.641532,grail,I,298,True,5d32a63602e5,5.615930000203662,latency-71bdef9b8f5c.csv
2,71bdef9b8f5c,2025-10-15T11:49:50.753472,grail,feel,11,True,c060a1e70889,7.763448999867251,latency-71bdef9b8f5c.csv
2,71bdef9b8f5c,2025-10-15T11:49:50.867268,shrek,baby,3,True,c060a1e70889,5.868331999863585,latency-71bdef9b8f5c.csv
2,71bdef9b8f5c,2025-10-15T11:49:50.978597,shrek3,Shrek,678,True,c060a1e70889,5.92471799973282,latency-71bdef9b8f5c.csv
2,71bdef9b8f5c,2025-10-15T11:49:51.090083,grail,(as,0,True,5d32a63602e5,10.133057000075496,latency-71bdef9b8f5c.csv
2,71bdef9b8f5c,2025-10-15T11:49:51.207122,shrek,its,1,True,c060a1e70889,7.180754999808414,latency-71bdef9b8f5c.csv
2,71bdef9b8f5c,2025-10-15T11:49:51.320236,grail,Rostmm,1,True,5d32a63602e5,7.396990999950503,latency-71bdef9b8f5c.csv
2,71bdef9b8f5c,2025-10-15T11:49:51.434678,shrek3,body),0,True,4ee8a2a45a7d,17.42514800025674,latency-71bdef9b8f5c.csv
2,71bdef9b8f5c,2025-10-15T11:49:51.564302,shrek,ogre,27,True,5d32a63602e5,37.820566999926086,latency-71bdef9b8f5c.csv
2,71bdef9b8f5c,2025-10-15T11:49:51.718565,shrek3,of,275,True,c060a1e70889,15.800127999682443,latency-71bdef9b8f5c.csv
2,71bdef9b8f5c,2025-10-15T11:49:51.863411,grail,(as,0,True,c060a1e70889,36.012676999689575,latency-71bdef9b8f5c.csv
2,71bdef9b8f5c,2025-10-15T11:49:52.021307,shrek,FARQUAAD,84,True,c060a1e70889,12.071385000126613,latency-71bdef9b8f5c.csv
1,72045cbd1053,2025-10-15T11:50:02.787165,shrek3,the,1285,True,5d32a63602e5,5.066899000212288,latency-72045cbd1053.csv
1,72045cbd1053,2025-10-15T11:50:02.896882,shrek,He,118,True,5d32a63602e5,6.1184579999462585,latency-72045cbd1053.csv
1,72045cbd1053,2025-10-15T11:50:03.008302,shrek,FIONA,211,True,5d32a63602e5,6.79849700009072,latency-72045cbd1053.csv
1,72045cbd1053,2025-10-15T11:50:03.123337,shrek,looks,37,True,5d32a63602e5,5.481180000060704,latency-72045cbd1053.csv
1,72045cbd1053,2025-10-15T11:50:03.233893,shrek3,Cinderella,21,True,4ee8a2a45a7d,8.506002000103763,latency-72045cbd1053.csv
1,72045cbd1053,2025-10-15T11:50:03.350359,shrek3,SCHOOL,14,True,5d32a63602e5,8.523089999926015,latency-72045cbd1053.csv
1,72045cbd1053,2025-10-15T11:50:03.467349,shrek,Is,132,True,5d32a63602e5,7.75817299972914,latency-72045cbd1053.csv
1,72045cbd1053,2025-10-15T11:50:03.585522,shrek3,CAPTAIN,41,True,c060a1e70889,12.117129000216664,latency-72045cbd1053.csv
1,72045cbd1053,2025-10-15T11:50:03.705549,shrek,DONKEY,320,True,5d32a63602e5,6.066872999781481,latency-72045cbd1053.csv
1,72045cbd1053,2025-10-15T11:50:03.822811,shrek,HOOD,13,True,c060a1e70889,15.125785999771324,latency-72045cbd1053.csv
1,72045cbd1053,2025-10-15T11:50:03.951963,grail,witch,30,True,c060a1e70889,6.771479000235559,latency-72045cbd1053.csv
1,72045cbd1053,2025-10-15T11:50:04.072290,shrek3,DONKEY,243,True,c060a1e70889,7.560068000202591,latency-72045cbd1053.csv
1,72045cbd1053,2025-10-15T11:50:04.191640,shrek3,time,23,True,c060a1e70889,19.01192799959972,latency-72045cbd1053.csv
1,72045cbd1053,2025-10-15T11:50:04.323971,shrek3,decree,1,True,c060a1e70889,10.391699000138033,latency-72045cbd1053.csv
1,72045cbd1053,2025-10-15T11:50:04.447836,shrek,the,535,True,c060a1e70889,6.447899999784568,latency-72045cbd1053.csv
1,72045cbd1053,2025-10-15T11:50:04.570381,shrek3,get,39,True,c060a1e70889,6.401389000075142,latency-72045cbd1053.csv
1,72045cbd1053,2025-10-15T11:50:04.683213,shrek,and,318,True,c060a1e70889,8.755045999805589,latency-72045cbd1053.csv
1,72045cbd1053,2025-10-15T11:50:04.798694,shrek3,ruby,1,True,c060a1e70889,9.711516000152187,latency-72045cbd1053.csv
1,72045cbd1053,2025-10-15T11:50:04.919314,shrek,GORDO,5,True,c060a1e70889,12.150769999607292,latency-72045cbd1053.csv
1,72045cbd1053,2025-10-15T11:50:05.040891,shrek3,WHITE,45,True,c060a1e70889,13.221573000009812,latency-72045cbd1053.csv
2,72045cbd1053,2025-10-15T11:50:05.165745,shrek3,the,1285,True,c060a1e70889,7.431316999827686,latency-72045cbd1053.csv
2,72045cbd1053,2025-10-15T11:50:05.282145,shrek,He,118,True,c060a1e70889,7.037711000066338,latency-72045cbd1053.csv
2,72045cbd1053,2025-10-15T11:50:05.397074,shrek,FIONA,211,True,c060a1e70889,8.118878999994195,latency-72045cbd1053.csv
2,72045cbd1053,2025-10-15T11:50:05.513097,shrek,looks,37,True,c060a1e70889,8.378613999866502,latency-72045cbd1053.csv
2,72045cbd1053,2025-10-15T11:50:05.633079,shrek3,Cinderella,21,True,c060a1e70889,5.04966600010448,latency-72045cbd1053.csv
2,72045cbd1053,2025-10-15T11:50:05.743993,shrek3,SCHOOL,14,True,c060a1e70889,5.532858999686141,latency-72045cbd1053.csv
2,72045cbd1053,2025-10-15T11:50:05.855942,shrek,Is,132,True,c060a1e70889,6.610797000121238,latency-72045cbd1053.csv
2,72045cbd1053,2025-10-15T11:50:05.969540,shrek3,CAPTAIN,41,True,c060a1e70889,8.797598999990441,latency-72045cbd1053.csv
2,72045cbd1053,2025-10-15T11:50:06.087325,shrek,DONKEY,320,True,c060a1e70889,6.045387000085611,latency-72045cbd1053.csv
2,72045cbd1053,2025-10-15T11:50:06.199210,shrek,HOOD,13,True,c060a1e70889,5.7564349999665865,latency-72045cbd1053.csv
2,72045cbd1053,2025-10-15T11:50:06.310206,grail,witch,30,True,c060a1e70889,8.426637999946252,latency-72045cbd1053.csv
2,72045cbd1053,2025-10-15T11:50:06.425925,shrek3,DONKEY,243,True,c060a1e70889,7.188089999999647,latency-72045cbd1053.csv
2,72045cbd1053,2025-10-15T11:50:06.538832,shrek3,time,23,True,c060a1e70889,7.9068980003285105,latency-72045cbd1053.csv
2,72045cbd1053,2025-10-15T11:50:06.652841,shrek3,decree,1,True,c060a1e70889,5.471562000366248,latency-72045cbd1053.csv
2,72045cbd1053,2025-10-15T11:50:06.764428,shrek,the,535,True,c060a1e70889,6.039385999883962,latency-72045cbd1053.csv
2,72045cbd1053,2025-10-15T11:50:06.876945,shrek3,get,39,True,c060a1e70889,5.592797999725008,latency-72045cbd1053.csv
2,72045cbd1053,2025-10-15T11:50:06.987796,shrek,and,318,True,c060a1e70889,8.732243999929779,latency-72045cbd1053.csv
2,72045cbd1053,2025-10-15T11:50:07.102671,shrek3,ruby,1,True,c060a1e70889,7.848003999697539,latency-72045cbd1053.csv
2,72045cbd1053,2025-10-15T11:50:07.218637,shrek,GORDO,5,True,c060a1e70889,8.042351999847597,latency-72045cbd1053.csv
2,72045cbd1053,2025-10-15T11:50:07.333758,shrek3,WHITE,45,True,c060a1e70889,8.611578999989433,latency-72045cbd1053.csv
1,7759d89ac50f,2025-10-15T11:49:37.823302,grail,To,718,True,c060a1e70889,6.8054619996473775,latency-7759d89ac50f.csv
1,7759d89ac50f,2025-10-15T11:49:37.936868,shrek3,Be,71,False,5d32a63602e5,23.356274999969173,latency-7759d89ac50f.csv
1,7759d89ac50f,2025-10-15T11:49:38.071616,shrek3,Whoa,7,False,5d32a63602e5,18.202093999661884,latency-7759d89ac50f.csv
1,7759d89ac50f,2025-10-15T11:49:38.203505,shrek,his,48,False,5d32a63602e5,18.15797399967778,latency-7759d89ac50f.csv
1,7759d89ac50f,2025-10-15T11:49:38.337635,shrek3,ho,8,False,c060a1e70889,54.58099500037861,latency-7759d89ac50f.csv
1,7759d89ac50f,2025-10-15T11:49:38.519434,shrek3,through,43,False,4ee8a2a45a7d,21.53801099984776,latency-7759d89ac50f.csv
1,7759d89ac50f,2025-10-15T11:49:38.649515,shrek3,WHITE,45,False,5d32a63602e5,11.572645000342163,latency-7759d89ac50f.csv
1,7759d89ac50f,2025-10-15T11:49:38.766057,shrek3,us,12,True,5d32a63602e5,6.010997999965184,latency-7759d89ac50f.csv
1,7759d89ac50f,2025-10-15T11:49:38.878311,shrek3,SNOW,49,False,c060a1e70889,19.009323999853223,latency-7759d89ac50f.csv
1,7759d89ac50f,2025-10-15T11:49:39.004896,shrek,And,318,True,c060a1e70889,10.46592700004112,latency-7759d89ac50f.csv
1,7759d89ac50f,2025-10-15T11:49:39.128937,grail,the,1600,True,5d32a63602e5,8.256722999703925,latency-7759d89ac50f.csv
1,7759d89ac50f,2025-10-15T11:49:39.243523,shrek3,at,134,False,c060a1e70889,15.655804000289208,latency-7759d89ac50f.csv
1,7759d89ac50f,2025-10-15T11:49:39.365058,shrek,our,11,True,5d32a63602e5,7.266889000220544,latency-7759d89ac50f.csv
1,7759d89ac50f,2025-10-15T11:49:39.486243,shrek3,SHREK,678,True,c060a1e70889,4.715868999937811,latency-7759d89ac50f.csv
1,7759d89ac50f,2025-10-15T11:49:39.596307,shrek3,glass,9,False,c060a1e70889,13.608668999950169,latency-7759d89ac50f.csv
1,7759d89ac50f,2025-10-15T11:49:39.715445,grail,king,136,False,c060a1e70889,15.269890000126908,latency-7759d89ac50f.csv
1,7759d89ac50f,2025-10-15T11:49:39.836211,grail,“I,0,True,c060a1e70889,5.294219000006706,latency-7759d89ac50f.csv
1,7759d89ac50f,2025-10-15T11:49:39.952057,shrek3,CHARMING,232,True,c060a1e70889,7.090436999988015,latency-7759d89ac50f.csv
1,7759d89ac50f,2025-10-15T11:49:40.072850,shrek,gone,3,True,c060a1e70889,6.156138999813265,latency-7759d89ac50f.csv
1,7759d89ac50f,2025-10-15T11:49:40.186593,shrek3,right,36,False,c060a1e70889,24.18296299993017,latency-7759d89ac50f.csv
2,7759d89ac50f,2025-10-15T11:49:40.320065,grail,To,718,True,5d32a63602e5,4.441776000021491,latency-7759d89ac50f.csv
2,7759d89ac50f,2025-10-15T11:49:40.430947,shrek3,Be,71,True,5d32a63602e5,7.063101999847277,latency-7759d89ac50f.csv
2,7759d89ac50f,2025-10-15T11:49:40.545391,shrek3,Whoa,7,True,4ee8a2a45a7d,8.486544999868784,latency-7759d89ac50f.csv
2,7759d89ac50f,2025-10-15T11:49:40.664067,shrek,his,48,True,5d32a63602e5,6.92789000004268,latency-7759d89ac50f.csv
2,7759d89ac50f,2025-10-15T11:49:40.776429,shrek3,ho,8,True,c060a1e70889,7.388406000245595,latency-7759d89ac50f.csv
2,7759d89ac50f,2025-10-15T11:49:40.893531,shrek3,through,43,True,4ee8a2a45a7d,12.554348999856302,latency-7759d89ac50f.csv
2,7759d89ac50f,2025-10-15T11:49:41.014495,shrek3,WHITE,45,True,c060a1e70889,7.453646999692864,latency-7759d89ac50f.csv
2,7759d89ac50f,2025-10-15T11:49:41.129789,shrek3,us,12,True,c060a1e70889,15.810085000339312,latency-7759d89ac50f.csv
2,7759d89ac50f,2025-10-15T11:49:41.255717,shrek3,SNOW,49,True,5d32a63602e5,6.322353000086878,latency-7759d89ac50f.csv
2,7759d89ac50f,2025-10-15T11:49:41.373122,shrek,And,318,True,5d32a63602e5,9.0493239999887,latency-7759d89ac50f.csv
2,7759d89ac50f,2025-10-15T11:49:41.488074,grail,the,1600,True,5d32a63602e5,8.052767999743082,latency-7759d89ac50f.csv
2,7759d89ac50f,2025-10-15T11:49:41.608226,shrek3,at,134,True,5d32a63602e5,12.309552999795416,latency-7759d89ac50f.csv
2,7759d89ac50f,2025-10-15T11:49:41.729188,shrek,our,11,True,c060a1e70889,4.977923000296869,latency-7759d89ac50f.csv
2,7759d89ac50f,2025-10-15T11:49:41.840231,shrek3,SHREK,678,True,c060a1e70889,6.192008999732934,latency-7759d89ac50f.csv
2,7759d89ac50f,2025-10-15T11:49:41.951840,shrek3,glass,9,True,5d32a63602e5,6.879325999761932,latency-7759d89ac50f.csv
2,7759d89ac50f,2025-10-15T11:49:42.064892,grail,king,136,True,c060a1e70889,5.868675000328949,latency-7759d89ac50f.csv
2,7759d89ac50f,2025-10-15T11:49:42.177106,grail,“I,0,True,5d32a63602e5,12.01582200019402,latency-7759d89ac50f.csv
2,7759d89ac50f,2025-10-15T11:49:42.299497,shrek3,CHARMING,232,True,4ee8a2a45a7d,7.574567000119714,latency-7759d89ac50f.csv
2,7759d89ac50f,2025-10-15T11:49:42.422424,shrek,gone,3,True,c060a1e70889,8.474208999814437,latency-7759d89ac50f.csv
2,7759d89ac50f,2025-10-15T11:49:42.537264,shrek3,right,36,True,4ee8a2a45a7d,17.959673999939696,latency-7759d89ac50f.csv
1,779ad99154a7,2025-10-15T11:50:00.310880,grail,I,298,True,4ee8a2a45a7d,10.661649000212492,latency-779ad99154a7.csv
1,779ad99154a7,2025-10-15T11:50:00.431250,grail,I,298,True,c060a1e70889,7.401444000151969,latency-779ad99154a7.csv
1,779ad99154a7,2025-10-15T11:50:00.550288,shrek3,Artie,213,True,c060a1e70889,6.956127999728778,latency-779ad99154a7.csv
1,779ad99154a7,2025-10-15T11:50:00.663288,grail,to,718,True,c060a1e70889,5.799047999971663,latency-779ad99154a7.csv
1,779ad99154a7,2025-10-15T11:50:00.774687,shrek,you,409,True,c060a1e70889,7.4454079999668465,latency-779ad99154a7.csv
1,779ad99154a7,2025-10-15T11:50:00.888843,shrek3,WHITE,45,True,c060a1e70889,7.954026999868802,latency-779ad99154a7.csv
1,779ad99154a7,2025-10-15T11:50:01.004013,shrek3,EVIL,59,True,5d32a63602e5,5.835668999679911,latency-779ad99154a7.csv
1,779ad99154a7,2025-10-15T11:50:01.117473,shrek3,the,1285,True,c060a1e70889,5.12266300029296,latency-779ad99154a7.csv
1,779ad99154a7,2025-10-15T11:50:01.230335,shrek3,Ahh,8,True,c060a1e70889,18.58027900016168,latency-779ad99154a7.csv
1,779ad99154a7,2025-10-15T11:50:01.358019,shrek3,decree,1,True,5d32a63602e5,10.288778999893111,latency-779ad99154a7.csv
1,779ad99154a7,2025-10-15T11:50:01.482042,grail,-,259,True,c060a1e70889,8.437487999799487,latency-779ad99154a7.csv
1,779ad99154a7,2025-10-15T11:50:01.599916,grail,LTD,6,True,c060a1e70889,6.931730000360403,latency-779ad99154a7.csv
1,779ad99154a7,2025-10-15T11:50:01.718407,shrek,FIONA,211,True,4ee8a2a45a7d,11.159400999986246,latency-779ad99154a7.csv
1,779ad99154a7,2025-10-15T11:50:01.848486,shrek3,PUSS,196,True,c060a1e70889,19.846666999910667,latency-779ad99154a7.csv
1,779ad99154a7,2025-10-15T11:50:01.981857,shrek,FIONA,211,True,4ee8a2a45a7d,8.344627000042237,latency-779ad99154a7.csv
1,779ad99154a7,2025-10-15T11:50:02.103573,grail,is,317,True,4ee8a2a45a7d,15.098963000127696,latency-779ad99154a7.csv
1,779ad99154a7,2025-10-15T11:50:02.231568,shrek3,Artie,213,True,4ee8a2a45a7d,7.784382999943773,latency-779ad99154a7.csv
1,779ad99154a7,2025-10-15T11:50:02.348485,shrek3,WHITE,45,True,4ee8a2a45a7d,9.601132000170765,latency-779ad99154a7.csv
1,779ad99154a7,2025-10-15T11:50:02.475812,shrek,SHREK,433,True,c060a1e70889,7.393848999981856,latency-779ad99154a7.csv
1,779ad99154a7,2025-10-15T11:50:02.595006,shrek,the,535,True,c060a1e70889,7.151828000132809,latency-779ad99154a7.csv
2,779ad99154a7,2025-10-15T11:50:02.712367,grail,I,298,True,c060a1e70889,4.886889000317751,latency-779ad99154a7.csv
2,779ad99154a7,2025-10-15T11:50:02.823069,grail,I,298,True,c060a1e70889,5.804612999781966,latency-779ad99154a7.csv
2,779ad99154a7,2025-10-15T11:50:02.935655,shrek3,Artie,213,True,c060a1e70889,6.446501000027638,latency-779ad99154a7.csv
2,779ad99154a7,2025-10-15T11:50:03.049763,grail,to,718,True,c060a1e70889,6.389140000010229,latency-779ad99154a7.csv
2,779ad99154a7,2025-10-15T11:50:03.162425,shrek,you,409,True,c060a1e70889,6.32555099991805,latency-779ad99154a7.csv
2,779ad99154a7,2025-10-15T11:50:03.274423,shrek3,WHITE,45,True,c060a1e70889,7.990163000158645,latency-779ad99154a7.csv
2,779ad99154a7,2025-10-15T11:50:03.389327,shrek3,EVIL,59,True,c060a1e70889,6.484179999915796,latency-779ad99154a7.csv
2,779ad99154a7,2025-10-15T11:50:03.502274,shrek3,the,1285,True,c060a1e70889,7.444187000146485,latency-779ad99154a7.csv
2,779ad99154a7,2025-10-15T11:50:03.615958,shrek3,Ahh,8,True,c060a1e70889,6.1966759999450005,latency-779ad99154a7.csv
2,779ad99154a7,2025-10-15T11:50:03.731463,shrek3,decree,1,True,c060a1e70889,7.0336230000975775,latency-779ad99154a7.csv
2,779ad99154a7,2025-10-15T11:50:03.845052,grail,-,259,True,5d32a63602e5,11.236822999762808,latency-779ad99154a7.csv
2,779ad99154a7,2025-10-15T11:50:03.965189,grail,LTD,6,True,5d32a63602e5,10.26200800015431,latency-779ad99154a7.csv
2,779ad99154a7,2025-10-15T11:50:04.083052,shrek,FIONA,211,True,4ee8a2a45a7d,10.504848999971728,latency-779ad99154a7.csv
2,779ad99154a7,2025-10-15T11:50:04.201336,shrek3,PUSS,196,True,5d32a63602e5,13.398104999851055,latency-779ad99154a7.csv
2,779ad99154a7,2025-10-15T11:50:04.327405,shrek,FIONA,211,True,5d32a63602e5,10.128633000022091,latency-779ad99154a7.csv
2,779ad99154a7,2025-10-15T11:50:04.454369,grail,is,317,True,4ee8a2a45a7d,15.696751000177755,latency-779ad99154a7.csv
2,779ad99154a7,2025-10-15T11:50:04.588197,shrek3,Artie,213,True,c060a1e70889,9.152368999821192,latency-779ad99154a7.csv
2,779ad99154a7,2025-10-15T11:50:04.707728,shrek3,WHITE,45,True,c060a1e70889,8.567115000005288,latency-779ad99154a7.csv
2,779ad99154a7,2025-10-15T11:50:04.823968,shrek,SHREK,433,True,c060a1e70889,12.715059000129258,latency-779ad99154a7.csv
2,779ad99154a7,2025-10-15T11:50:04.945298,shrek,the,535,True,c060a1e70889,16.896338999686122,latency-779ad99154a7.csv
1,780c63bf3c93,2025-10-15T11:49:42.336756,grail,seek,12,True,c060a1e70889,5.9292779997122125,latency-780c63bf3c93.csv
1,780c63bf3c93,2025-10-15T11:49:42.448807,grail,toward,10,True,c060a1e70889,4.795796000053088,latency-780c63bf3c93.csv
1,780c63bf3c93,2025-10-15T11:49:42.558821,grail,Ecky-Ecky-Ecky,1,True,c060a1e70889,8.50285399974382,latency-780c63bf3c93.csv
1,780c63bf3c93,2025-10-15T11:49:42.678238,shrek,SHREK,433,True,c060a1e70889,6.803816000228835,latency-780c63bf3c93.csv
1,780c63bf3c93,2025-10-15T11:49:42.791531,grail,the,1600,True,c060a1e70889,4.706573000021308,latency-780c63bf3c93.csv
1,780c63bf3c93,2025-10-15T11:49:42.901393,grail,is,317,True,5d32a63602e5,6.891355000334443,latency-780c63bf3c93.csv
1,780c63bf3c93,2025-10-15T11:49:43.014845,shrek3,PRINCE,207,True,5d32a63602e5,8.119469000121171,latency-780c63bf3c93.csv
1,780c63bf3c93,2025-10-15T11:49:43.129867,grail,Butts,2,True,5d32a63602e5,11.209757999949945,latency-780c63bf3c93.csv
1,780c63bf3c93,2025-10-15T11:49:43.251462,grail,pseudonym,1,True,4ee8a2a45a7d,14.800115000070946,latency-780c63bf3c93.csv
1,780c63bf3c93,2025-10-15T11:49:43.378161,shrek,And,318,True,4ee8a2a45a7d,12.19030099991869,latency-780c63bf3c93.csv
1,780c63bf3c93,2025-10-15T11:49:43.502681,grail,is,317,True,5d32a63602e5,10.244562000025326,latency-780c63bf3c93.csv
1,780c63bf3c93,2025-10-15T11:49:43.620625,shrek3,at,134,True,4ee8a2a45a7d,14.25489999974161,latency-780c63bf3c93.csv
1,780c63bf3c93,2025-10-15T11:49:43.749780,shrek,you,409,True,c060a1e70889,5.692479000117601,latency-780c63bf3c93.csv
1,780c63bf3c93,2025-10-15T11:49:43.865633,shrek3,BOAT,32,True,5d32a63602e5,7.183087999692361,latency-780c63bf3c93.csv
1,780c63bf3c93,2025-10-15T11:49:43.986450,shrek3,dat,1,True,5d32a63602e5,5.119795000155136,latency-780c63bf3c93.csv
1,780c63bf3c93,2025-10-15T11:49:44.096701,shrek,Is,132,True,c060a1e70889,6.752941999820905,latency-780c63bf3c93.csv
1,780c63bf3c93,2025-10-15T11:49:44.211098,shrek,And,318,True,5d32a63602e5,6.337485000130982,latency-780c63bf3c93.csv
1,780c63bf3c93,2025-10-15T11:49:44.323534,grail,at,104,False,c060a1e70889,10.916308000105346,latency-780c63bf3c93.csv
1,780c63bf3c93,2025-10-15T11:49:44.439697,grail,Who’s,3,True,c060a1e70889,5.4093290000309935,latency-780c63bf3c93.csv
1,780c63bf3c93,2025-10-15T11:49:44.552586,shrek,edge,2,True,c060a1e70889,7.134468000003835,latency-780c63bf3c93.csv
2,780c63bf3c93,2025-10-15T11:49:44.668992,grail,seek,12,True,5d32a63602e5,7.587029000205803,latency-780c63bf3c93.csv
2,780c63bf3c93,2025-10-15T11:49:44.783396,grail,toward,10,True,4ee8a2a45a7d,7.941753000068275,latency-780c63bf3c93.csv
2,780c63bf3c93,2025-10-15T11:49:44.898647,grail,Ecky-Ecky-Ecky,1,True,4ee8a2a45a7d,5.965401000139536,latency-780c63bf3c93.csv
2,780c63bf3c93,2025-10-15T11:49:45.013412,shrek,SHREK,433,True,5d32a63602e5,13.110639999922569,latency-780c63bf3c93.csv
2,780c63bf3c93,2025-10-15T11:49:45.140972,grail,the,1600,True,c060a1e70889,9.427468000012595,latency-780c63bf3c93.csv
2,780c63bf3c93,2025-10-15T11:49:45.258881,grail,is,317,True,5d32a63602e5,16.982569999981934,latency-780c63bf3c93.csv
2,780c63bf3c93,2025-10-15T11:49:45.406918,shrek3,PRINCE,207,True,c060a1e70889,10.185160999753862,latency-780c63bf3c93.csv
2,780c63bf3c93,2025-10-15T11:49:45.534901,grail,Butts,2,True,c060a1e70889,8.632697999928496,latency-780c63bf3c93.csv
2,780c63bf3c93,2025-10-15T11:49:45.655210,grail,pseudonym,1,True,c060a1e70889,6.495822000033513,latency-780c63bf3c93.csv
2,780c63bf3c93,2025-10-15T11:49:45.775111,shrek,And,318,True,c060a1e70889,6.757806000223354,latency-780c63bf3c93.csv
2,780c63bf3c93,2025-10-15T11:49:45.889501,grail,is,317,True,c060a1e70889,15.33162399982757,latency-780c63bf3c93.csv
2,780c63bf3c93,2025-10-15T11:49:46.020472,shrek3,at,134,True,c060a1e70889,5.763100999956805,latency-780c63bf3c93.csv
2,780c63bf3c93,2025-10-15T11:49:46.134985,shrek,you,409,True,c060a1e70889,5.060726000010618,latency-780c63bf3c93.csv
2,780c63bf3c93,2025-10-15T11:49:46.246983,shrek3,BOAT,32,True,c060a1e70889,6.782092999856104,latency-780c63bf3c93.csv
2,780c63bf3c93,2025-10-15T11:49:46.359696,shrek3,dat,1,True,c060a1e70889,6.14950899989708,latency-780c63bf3c93.csv
2,780c63bf3c93,2025-10-15T11:49:46.472279,shrek,Is,132,True,5d32a63602e5,7.076030000007449,latency-780c63bf3c93.csv
2,780c63bf3c93,2025-10-15T11:49:46.586021,shrek,And,318,True,5d32a63602e5,7.14587600032246,latency-780c63bf3c93.csv
2,780c63bf3c93,2025-10-15T11:49:46.699087,grail,at,104,True,c060a1e70889,11.19694899989554,latency-780c63bf3c93.csv
2,780c63bf3c93,2025-10-15T11:49:46.826748,grail,Who’s,3,True,4ee8a2a45a7d,7.672644999729528,latency-780c63bf3c93.csv
2,780c63bf3c93,2025-10-15T11:49:46.941373,shrek,edge,2,True,c060a1e70889,7.067744000323728,latency-780c63bf3c93.csv
1,795445d344ab,2025-10-15T11:49:39.506485,grail,pathetic,4,False,c060a1e70889,10.76070700037235,latency-795445d344ab.csv
1,795445d344ab,2025-10-15T11:49:39.623317,shrek,who,29,False,c060a1e70889,12.013191000278312,latency-795445d344ab.csv
1,795445d344ab,2025-10-15T11:49:39.744101,shrek,DONKEY,320,True,5d32a63602e5,4.86971899999844,latency-795445d344ab.csv
1,795445d344ab,2025-10-15T11:49:39.855995,shrek,"Well,",0,False,5d32a63602e5,17.25905600005717,latency-795445d344ab.csv
1,795445d344ab,2025-10-15T11:49:39.982249,grail,is,317,False,c060a1e70889,13.419366000107402,latency-795445d344ab.csv
1,795445d344ab,2025-10-15T11:49:40.101743,grail,sell,1,False,5d32a63602e5,11.89541299982011,latency-795445d344ab.csv
1,795445d344ab,2025-10-15T11:49:40.219591,shrek3,ARTIE,213,False,c060a1e70889,19.85518899982708,latency-795445d344ab.csv
1,795445d344ab,2025-10-15T11:49:40.348781,shrek3,TO,511,True,5d32a63602e5,6.528141000217147,latency-795445d344ab.csv
1,795445d344ab,2025-10-15T11:49:40.467299,shrek,baby,3,True,5d32a63602e5,10.107876999882135,latency-795445d344ab.csv
1,795445d344ab,2025-10-15T11:49:40.585071,shrek,I,386,True,5d32a63602e5,12.21411699998498,latency-795445d344ab.csv
1,795445d344ab,2025-10-15T11:49:40.706292,grail,of,684,True,5d32a63602e5,6.550736999997753,latency-795445d344ab.csv
1,795445d344ab,2025-10-15T11:49:40.820082,shrek3,us,12,True,c060a1e70889,9.148167000148533,latency-795445d344ab.csv
1,795445d344ab,2025-10-15T11:49:40.938706,shrek3,ARTIE,213,True,c060a1e70889,14.909647999957087,latency-795445d344ab.csv
1,795445d344ab,2025-10-15T11:49:41.061681,grail,"lute,",0,False,5d32a63602e5,15.037011000003986,latency-795445d344ab.csv
1,795445d344ab,2025-10-15T11:49:41.184387,grail,them,41,True,5d32a63602e5,8.913785999993706,latency-795445d344ab.csv
1,795445d344ab,2025-10-15T11:49:41.300877,shrek,he,118,True,5d32a63602e5,10.84548500011806,latency-795445d344ab.csv
1,795445d344ab,2025-10-15T11:49:41.418643,grail,them,41,True,c060a1e70889,7.730143999651773,latency-795445d344ab.csv
1,795445d344ab,2025-10-15T11:49:41.533967,shrek,DONKEY,320,True,c060a1e70889,12.395220000144036,latency-795445d344ab.csv
1,795445d344ab,2025-10-15T11:49:41.655725,shrek,you,409,True,c060a1e70889,10.309444000085932,latency-795445d344ab.csv
1,795445d344ab,2025-10-15T11:49:41.774011,grail,To,718,True,c060a1e70889,10.912401000041427,latency-795445d344ab.csv
2,795445d344ab,2025-10-15T11:49:41.897839,grail,pathetic,4,True,5d32a63602e5,8.328943999913463,latency-795445d344ab.csv
2,795445d344ab,2025-10-15T11:49:42.025903,shrek,who,29,True,c060a1e70889,11.42210799980603,latency-795445d344ab.csv
2,795445d344ab,2025-10-15T11:49:42.151370,shrek,DONKEY,320,True,4ee8a2a45a7d,25.006468999890785,latency-795445d344ab.csv
2,795445d344ab,2025-10-15T11:49:42.291316,shrek,"Well,",0,True,c060a1e70889,11.69471799994426,latency-795445d344ab.csv
2,795445d344ab,2025-10-15T11:49:42.413869,grail,is,317,True,5d32a63602e5,5.827742000292346,latency-795445d344ab.csv
2,795445d344ab,2025-10-15T11:49:42.529562,grail,sell,1,True,c060a1e70889,9.784226000192575,latency-795445d344ab.csv
2,795445d344ab,2025-10-15T11:49:42.658070,shrek3,ARTIE,213,True,c060a1e70889,8.464434999950754,latency-795445d344ab.csv
2,795445d344ab,2025-10-15T11:49:42.774468,shrek3,TO,511,True,c060a1e70889,6.361034999827098,latency-795445d344ab.csv
2,795445d344ab,2025-10-15T11:49:42.886970,shrek,baby,3,True,c060a1e70889,10.645566999755829,latency-795445d344ab.csv
2,795445d344ab,2025-10-15T11:49:43.007000,shrek,I,386,True,c060a1e70889,10.713244000271516,latency-795445d344ab.csv
2,795445d344ab,2025-10-15T11:49:43.126560,grail,of,684,True,c060a1e70889,13.373703000070236,latency-795445d344ab.csv
2,795445d344ab,2025-10-15T11:49:43.250976,shrek3,us,12,True,4ee8a2a45a7d,15.056252999784192,latency-795445d344ab.csv
2,795445d344ab,2025-10-15T11:49:43.377493,shrek3,ARTIE,213,True,4ee8a2a45a7d,11.424806999912107,latency-795445d344ab.csv
2,795445d344ab,2025-10-15T11:49:43.500606,grail,"lute,",0,True,c060a1e70889,8.164766999925632,latency-795445d344ab.csv
2,795445d344ab,2025-10-15T11:49:43.618643,grail,them,41,True,5d32a63602e5,13.86357000001226,latency-795445d344ab.csv
2,795445d344ab,2025-10-15T11:49:43.747333,shrek,he,118,True,4ee8a2a45a7d,6.607349000205431,latency-795445d344ab.csv
2,795445d344ab,2025-10-15T11:49:43.861756,grail,them,41,True,c060a1e70889,5.601051999747142,latency-795445d344ab.csv
2,795445d344ab,2025-10-15T11:49:43.978799,shrek,DONKEY,320,True,c060a1e70889,6.403802000022552,latency-795445d344ab.csv
2,795445d344ab,2025-10-15T11:49:44.091331,shrek,you,409,True,5d32a63602e5,7.701247000113653,latency-795445d344ab.csv
2,795445d344ab,2025-10-15T11:49:44.206074,grail,To,718,True,c060a1e70889,5.941237999650184,latency-795445d344ab.csv
1,7d333ecf173c,2025-10-15T11:50:08.469203,grail,-,259,True,5d32a63602e5,4.778614000315429,latency-7d333ecf173c.csv
1,7d333ecf173c,2025-10-15T11:50:08.580835,shrek,looks,37,True,c060a1e70889,9.23139499991521,latency-7d333ecf173c.csv
1,7d333ecf173c,2025-10-15T11:50:08.699396,grail,to,718,True,5d32a63602e5,5.139957000210416,latency-7d333ecf173c.csv
1,7d333ecf173c,2025-10-15T11:50:08.812033,shrek,transport,1,True,c060a1e70889,4.600763999860646,latency-7d333ecf173c.csv
1,7d333ecf173c,2025-10-15T11:50:08.921535,grail,Rostmm,1,True,c060a1e70889,5.325808000179677,latency-7d333ecf173c.csv
1,7d333ecf173c,2025-10-15T11:50:09.033527,shrek3,Guards,23,True,c060a1e70889,5.712970999866229,latency-7d333ecf173c.csv
1,7d333ecf173c,2025-10-15T11:50:09.147372,shrek,token,1,True,c060a1e70889,32.173430000057124,latency-7d333ecf173c.csv
1,7d333ecf173c,2025-10-15T11:50:09.303180,shrek,FIONA,211,True,5d32a63602e5,6.4301510001314455,latency-7d333ecf173c.csv
1,7d333ecf173c,2025-10-15T11:50:09.415361,grail,Who’s,3,True,5d32a63602e5,6.9140979999247065,latency-7d333ecf173c.csv
1,7d333ecf173c,2025-10-15T11:50:09.532228,shrek,MAN,38,True,5d32a63602e5,6.223815999874205,latency-7d333ecf173c.csv
1,7d333ecf173c,2025-10-15T11:50:09.644975,shrek,CROWD,5,True,c060a1e70889,7.898918000137201,latency-7d333ecf173c.csv
1,7d333ecf173c,2025-10-15T11:50:09.767273,grail,Gallahad,44,True,4ee8a2a45a7d,7.507091000206856,latency-7d333ecf173c.csv
1,7d333ecf173c,2025-10-15T11:50:09.881396,shrek3,Whoa,7,True,4ee8a2a45a7d,7.229029999962222,latency-7d333ecf173c.csv
1,7d333ecf173c,2025-10-15T11:50:09.997170,grail,on,139,True,4ee8a2a45a7d,12.21819400007007,latency-7d333ecf173c.csv
1,7d333ecf173c,2025-10-15T11:50:10.120350,grail,upon,13,True,c060a1e70889,7.084558999849833,latency-7d333ecf173c.csv
1,7d333ecf173c,2025-10-15T11:50:10.233661,shrek3,BOAT,32,True,c060a1e70889,7.257754999955068,latency-7d333ecf173c.csv
1,7d333ecf173c,2025-10-15T11:50:10.348143,grail,are,114,True,c060a1e70889,7.101982000222051,latency-7d333ecf173c.csv
1,7d333ecf173c,2025-10-15T11:50:10.464965,grail,for,118,True,5d32a63602e5,8.136484999795357,latency-7d333ecf173c.csv
1,7d333ecf173c,2025-10-15T11:50:10.582064,shrek3,with,112,True,5d32a63602e5,5.868682999789598,latency-7d333ecf173c.csv
1,7d333ecf173c,2025-10-15T11:50:10.696116,shrek3,DONKEY,243,True,5d32a63602e5,5.184863999602385,latency-7d333ecf173c.csv
2,7d333ecf173c,2025-10-15T11:50:10.807433,grail,-,259,True,c060a1e70889,9.153737999895384,latency-7d333ecf173c.csv
2,7d333ecf173c,2025-10-15T11:50:10.925236,shrek,looks,37,True,c060a1e70889,9.699785000066186,latency-7d333ecf173c.csv
2,7d333ecf173c,2025-10-15T11:50:11.041140,grail,to,718,True,5d32a63602e5,8.54623699979129,latency-7d333ecf173c.csv
2,7d333ecf173c,2025-10-15T11:50:11.155258,shrek,transport,1,True,5d32a63602e5,8.227257000271493,latency-7d333ecf173c.csv
2,7d333ecf173c,2025-10-15T11:50:11.270346,grail,Rostmm,1,True,5d32a63602e5,10.566065000148228,latency-7d333ecf173c.csv
2,7d333ecf173c,2025-10-15T11:50:11.389478,shrek3,Guards,23,True,5d32a63602e5,8.349493999958213,latency-7d333ecf173c.csv
2,7d333ecf173c,2025-10-15T11:50:11.509879,shrek,token,1,True,5d32a63602e5,10.06756500009942,latency-7d333ecf173c.csv
2,7d333ecf173c,2025-10-15T11:50:11.635075,shrek,FIONA,211,True,5d32a63602e5,5.749215999912849,latency-7d333ecf173c.csv
2,7d333ecf173c,2025-10-15T11:50:11.746966,grail,Who’s,3,True,5d32a63602e5,8.49926000000778,latency-7d333ecf173c.csv
2,7d333ecf173c,2025-10-15T11:50:11.863137,shrek,MAN,38,True,5d32a63602e5,6.730856000103813,latency-7d333ecf173c.csv
2,7d333ecf173c,2025-10-15T11:50:11.975881,shrek,CROWD,5,True,5d32a63602e5,8.013225000013335,latency-7d333ecf173c.csv
2,7d333ecf173c,2025-10-15T11:50:12.090295,grail,Gallahad,44,True,c060a1e70889,7.482353000341391,latency-7d333ecf173c.csv
2,7d333ecf173c,2025-10-15T11:50:12.204075,shrek3,Whoa,7,True,c060a1e70889,6.464653999955772,latency-7d333ecf173c.csv
2,7d333ecf173c,2025-10-15T11:50:12.316404,grail,on,139,True,c060a1e70889,7.323900000301364,latency-7d333ecf173c.csv
2,7d333ecf173c,2025-10-15T11:50:12.436760,grail,upon,13,True,c060a1e70889,6.959124999866617,latency-7d333ecf173c.csv
2,7d333ecf173c,2025-10-15T11:50:12.550761,shrek3,BOAT,32,True,c060a1e70889,13.278926000111824,latency-7d333ecf173c.csv
2,7d333ecf173c,2025-10-15T11:50:12.679547,grail,are,114,True,5d32a63602e5,6.483069000296382,latency-7d333ecf173c.csv
2,7d333ecf173c,2025-10-15T11:50:12.791689,grail,for,118,True,4ee8a2a45a7d,6.299080999724538,latency-7d333ecf173c.csv
2,7d333ecf173c,2025-10-15T11:50:12.903471,shrek3,with,112,True,4ee8a2a45a7d,6.310718999884557,latency-7d333ecf173c.csv
2,7d333ecf173c,2025-10-15T11:50:13.015294,shrek3,DONKEY,243,True,4ee8a2a45a7d,6.660925999767642,latency-7d333ecf173c.csv
1,7d5816c20759,2025-10-15T11:50:08.125312,grail,seek,12,True,c060a1e70889,5.324064999967959,latency-7d5816c20759.csv
1,7d5816c20759,2025-10-15T11:50:08.236192,shrek3,supposed,11,True,c060a1e70889,6.792691999635281,latency-7d5816c20759.csv
1,7d5816c20759,2025-10-15T11:50:08.351704,grail,a,666,True,c060a1e70889,5.525446000319789,latency-7d5816c20759.csv
1,7d5816c20759,2025-10-15T11:50:08.463123,shrek3,2,8,True,c060a1e70889,4.622861999905581,latency-7d5816c20759.csv
1,7d5816c20759,2025-10-15T11:50:08.573284,grail,BEDEVERE,103,True,5d32a63602e5,8.706153000275663,latency-7d5816c20759.csv
1,7d5816c20759,2025-10-15T11:50:08.690681,shrek3,what,82,True,c060a1e70889,4.83474299971931,latency-7d5816c20759.csv
1,7d5816c20759,2025-10-15T11:50:08.801557,grail,"collective,",0,True,c060a1e70889,5.26231399999233,latency-7d5816c20759.csv
1,7d5816c20759,2025-10-15T11:50:08.912357,shrek3,They,80,True,c060a1e70889,4.785917000390327,latency-7d5816c20759.csv
1,7d5816c20759,2025-10-15T11:50:09.022349,shrek,cottage,4,True,c060a1e70889,5.787847000192414,latency-7d5816c20759.csv
1,7d5816c20759,2025-10-15T11:50:09.138480,grail,sell,1,True,5d32a63602e5,33.93100899984347,latency-7d5816c20759.csv
1,7d5816c20759,2025-10-15T11:50:09.293915,shrek3,the,1285,True,c060a1e70889,6.739813999956823,latency-7d5816c20759.csv
1,7d5816c20759,2025-10-15T11:50:09.407274,grail,CALLS,3,True,c060a1e70889,10.510581999824351,latency-7d5816c20759.csv
1,7d5816c20759,2025-10-15T11:50:09.524539,shrek,SHREK,433,True,c060a1e70889,6.80192400022861,latency-7d5816c20759.csv
1,7d5816c20759,2025-10-15T11:50:09.637858,shrek,afraid,8,True,5d32a63602e5,8.716469000319194,latency-7d5816c20759.csv
1,7d5816c20759,2025-10-15T11:50:09.755442,shrek3,Donkey,243,True,c060a1e70889,7.305447999897296,latency-7d5816c20759.csv
1,7d5816c20759,2025-10-15T11:50:09.870914,grail,Yeah,13,True,c060a1e70889,6.061739999950078,latency-7d5816c20759.csv
1,7d5816c20759,2025-10-15T11:50:09.984699,shrek3,flaming,2,True,c060a1e70889,7.516488999954163,latency-7d5816c20759.csv
1,7d5816c20759,2025-10-15T11:50:10.105269,grail,from,94,True,c060a1e70889,6.180836000112322,latency-7d5816c20759.csv
1,7d5816c20759,2025-10-15T11:50:10.217411,grail,CALLS,3,True,c060a1e70889,7.169833999796538,latency-7d5816c20759.csv
1,7d5816c20759,2025-10-15T11:50:10.332445,grail,G,6,True,c060a1e70889,8.08844700031841,latency-7d5816c20759.csv
2,7d5816c20759,2025-10-15T11:50:10.448217,grail,seek,12,True,c060a1e70889,8.045629000207555,latency-7d5816c20759.csv
2,7d5816c20759,2025-10-15T11:50:10.562080,shrek3,supposed,11,True,c060a1e70889,7.138534999739932,latency-7d5816c20759.csv
2,7d5816c20759,2025-10-15T11:50:10.676491,grail,a,666,True,c060a1e70889,6.835373999820149,latency-7d5816c20759.csv
2,7d5816c20759,2025-10-15T11:50:10.788912,shrek3,2,8,True,5d32a63602e5,12.29404000014256,latency-7d5816c20759.csv
2,7d5816c20759,2025-10-15T11:50:10.914348,grail,BEDEVERE,103,True,5d32a63602e5,7.225662999644555,latency-7d5816c20759.csv
2,7d5816c20759,2025-10-15T11:50:11.032379,shrek3,what,82,True,c060a1e70889,6.583930000033433,latency-7d5816c20759.csv
2,7d5816c20759,2025-10-15T11:50:11.147432,grail,"collective,",0,True,c060a1e70889,6.104312999923423,latency-7d5816c20759.csv
2,7d5816c20759,2025-10-15T11:50:11.261363,shrek3,They,80,True,c060a1e70889,8.170069999778207,latency-7d5816c20759.csv
2,7d5816c20759,2025-10-15T11:50:11.379969,shrek,cottage,4,True,c060a1e70889,6.725800999902276,latency-7d5816c20759.csv
2,7d5816c20759,2025-10-15T11:50:11.495733,grail,sell,1,True,c060a1e70889,8.041445000344538,latency-7d5816c20759.csv
2,7d5816c20759,2025-10-15T11:50:11.612231,shrek3,the,1285,True,c060a1e70889,5.804614000226138,latency-7d5816c20759.csv
2,7d5816c20759,2025-10-15T11:50:11.723666,grail,CALLS,3,True,c060a1e70889,6.863374000204203,latency-7d5816c20759.csv
2,7d5816c20759,2025-10-15T11:50:11.836230,shrek,SHREK,433,True,c060a1e70889,7.401655999728973,latency-7d5816c20759.csv
2,7d5816c20759,2025-10-15T11:50:11.950430,shrek,afraid,8,True,5d32a63602e5,7.420669000111957,latency-7d5816c20759.csv
2,7d5816c20759,2025-10-15T11:50:12.065788,shrek3,Donkey,243,True,c060a1e70889,5.774881999968784,latency-7d5816c20759.csv
2,7d5816c20759,2025-10-15T11:50:12.177122,grail,Yeah,13,True,4ee8a2a45a7d,7.31670999994094,latency-7d5816c20759.csv
2,7d5816c20759,2025-10-15T11:50:12.290718,shrek3,flaming,2,True,4ee8a2a45a7d,6.38726300030612,latency-7d5816c20759.csv
2,7d5816c20759,2025-10-15T11:50:12.404048,grail,from,94,True,5d32a63602e5,5.977700999665103,latency-7d5816c20759.csv
2,7d5816c20759,2025-10-15T11:50:12.515453,grail,CALLS,3,True,5d32a63602e5,6.817990999934409,latency-7d5816c20759.csv
2,7d5816c20759,2025-10-15T11:50:12.633373,grail,G,6,True,5d32a63602e5,10.591886000383964,latency-7d5816c20759.csv
1,7f343a364ce4,2025-10-15T11:49:44.777897,shrek3,ruby,1,True,5d32a63602e5,6.805033000091498,latency-7f343a364ce4.csv
1,7f343a364ce4,2025-10-15T11:49:44.892828,shrek,(standing,0,False,c060a1e70889,16.878572000223357,latency-7f343a364ce4.csv
1,7f343a364ce4,2025-10-15T11:49:45.017336,grail,Cleese,10,True,4ee8a2a45a7d,22.750477000045063,latency-7f343a364ce4.csv
1,7f343a364ce4,2025-10-15T11:49:45.156056,shrek,And,318,True,5d32a63602e5,14.756426000076315,latency-7f343a364ce4.csv
1,7f343a364ce4,2025-10-15T11:49:45.282638,shrek3,CAPTAIN,41,True,4ee8a2a45a7d,37.18025199987096,latency-7f343a364ce4.csv
1,7f343a364ce4,2025-10-15T11:49:45.433815,shrek3,boomerang,1,False,c060a1e70889,29.29286900007355,latency-7f343a364ce4.csv
1,7f343a364ce4,2025-10-15T11:49:45.572308,grail,Get,47,True,5d32a63602e5,11.753986999792687,latency-7f343a364ce4.csv
1,7f343a364ce4,2025-10-15T11:49:45.692857,shrek,DONKEY,320,True,5d32a63602e5,10.65159500012669,latency-7f343a364ce4.csv
1,7f343a364ce4,2025-10-15T11:49:45.815863,shrek3,an,51,False,5d32a63602e5,23.87773800001014,latency-7f343a364ce4.csv
1,7f343a364ce4,2025-10-15T11:49:45.948676,shrek3,get,39,False,c060a1e70889,22.102810999967915,latency-7f343a364ce4.csv
1,7f343a364ce4,2025-10-15T11:49:46.081219,shrek,at,62,True,5d32a63602e5,7.662709999749495,latency-7f343a364ce4.csv
1,7f343a364ce4,2025-10-15T11:49:46.197214,shrek3,to,511,True,5d32a63602e5,10.195240000030026,latency-7f343a364ce4.csv
1,7f343a364ce4,2025-10-15T11:49:46.318364,shrek,who,29,True,5d32a63602e5,8.75361199996405,latency-7f343a364ce4.csv
1,7f343a364ce4,2025-10-15T11:49:46.441182,shrek3,showing,1,True,c060a1e70889,14.325768000162498,latency-7f343a364ce4.csv
1,7f343a364ce4,2025-10-15T11:49:46.571956,shrek3,get,39,True,c060a1e70889,10.912301000189473,latency-7f343a364ce4.csv
1,7f343a364ce4,2025-10-15T11:49:46.691850,grail,is,317,True,5d32a63602e5,11.8709339999441,latency-7f343a364ce4.csv
1,7f343a364ce4,2025-10-15T11:49:46.814774,shrek,FIONA,211,True,5d32a63602e5,7.130013999812945,latency-7f343a364ce4.csv
1,7f343a364ce4,2025-10-15T11:49:46.928312,grail,grabbing,5,True,c060a1e70889,4.9170419997608406,latency-7f343a364ce4.csv
1,7f343a364ce4,2025-10-15T11:49:47.039060,grail,witch,30,True,5d32a63602e5,6.334559000151785,latency-7f343a364ce4.csv
1,7f343a364ce4,2025-10-15T11:49:47.152399,grail,Rostmm,1,False,c060a1e70889,11.398455999824364,latency-7f343a364ce4.csv
2,7f343a364ce4,2025-10-15T11:49:47.271369,shrek3,ruby,1,True,c060a1e70889,7.831218999854173,latency-7f343a364ce4.csv
2,7f343a364ce4,2025-10-15T11:49:47.389558,shrek,(standing,0,True,c060a1e70889,4.9060010001085175,latency-7f343a364ce4.csv
2,7f343a364ce4,2025-10-15T11:49:47.500078,grail,Cleese,10,True,c060a1e70889,6.442186999720434,latency-7f343a364ce4.csv
2,7f343a364ce4,2025-10-15T11:49:47.612969,shrek,And,318,True,c060a1e70889,6.441362000259687,latency-7f343a364ce4.csv
2,7f343a364ce4,2025-10-15T11:49:47.725134,shrek3,CAPTAIN,41,True,c060a1e70889,7.081702000050427,latency-7f343a364ce4.csv
2,7f343a364ce4,2025-10-15T11:49:47.838057,shrek3,boomerang,1,True,c060a1e70889,6.665802000043186,latency-7f343a364ce4.csv
2,7f343a364ce4,2025-10-15T11:49:47.950862,grail,Get,47,True,4ee8a2a45a7d,13.635820999752468,latency-7f343a364ce4.csv
2,7f343a364ce4,2025-10-15T11:49:48.086747,shrek,DONKEY,320,True,c060a1e70889,7.407545000205573,latency-7f343a364ce4.csv
2,7f343a364ce4,2025-10-15T11:49:48.201346,shrek3,an,51,True,c060a1e70889,10.18496500000765,latency-7f343a364ce4.csv
2,7f343a364ce4,2025-10-15T11:49:48.325112,shrek3,get,39,True,5d32a63602e5,5.162980000022799,latency-7f343a364ce4.csv
2,7f343a364ce4,2025-10-15T11:49:48.435251,shrek,at,62,True,5d32a63602e5,8.022225000331673,latency-7f343a364ce4.csv
2,7f343a364ce4,2025-10-15T11:49:48.553599,shrek3,to,511,True,c060a1e70889,7.956130999900779,latency-7f343a364ce4.csv
2,7f343a364ce4,2025-10-15T11:49:48.669212,shrek,who,29,True,c060a1e70889,7.854147000216471,latency-7f343a364ce4.csv
2,7f343a364ce4,2025-10-15T11:49:48.785625,shrek3,showing,1,True,c060a1e70889,5.575072000283399,latency-7f343a364ce4.csv
2,7f343a364ce4,2025-10-15T11:49:48.898614,shrek3,get,39,True,c060a1e70889,6.135381000149209,latency-7f343a364ce4.csv
2,7f343a364ce4,2025-10-15T11:49:49.011876,grail,is,317,True,c060a1e70889,9.760007999830124,latency-7f343a364ce4.csv
2,7f343a364ce4,2025-10-15T11:49:49.130135,shrek,FIONA,211,True,c060a1e70889,6.669564999810973,latency-7f343a364ce4.csv
2,7f343a364ce4,2025-10-15T11:49:49.246097,grail,grabbing,5,True,c060a1e70889,9.517582999706065,latency-7f343a364ce4.csv
2,7f343a364ce4,2025-10-15T11:49:49.363309,grail,witch,30,True,c060a1e70889,7.186025000009977,latency-7f343a364ce4.csv
2,7f343a364ce4,2025-10-15T11:49:49.477789,grail,Rostmm,1,True,c060a1e70889,11.279574000127468,latency-7f343a364ce4.csv
1,80b1e73e2dd4,2025-10-15T11:49:48.855387,shrek3,Uh,18,True,5d32a63602e5,11.553969000033248,latency-80b1e73e2dd4.csv
1,80b1e73e2dd4,2025-10-15T11:49:48.984031,shrek3,field,3,False,4ee8a2a45a7d,19.04164799998398,latency-80b1e73e2dd4.csv
1,80b1e73e2dd4,2025-10-15T11:49:49.110729,grail,and,722,True,5d32a63602e5,4.761118000260467,latency-80b1e73e2dd4.csv
1,80b1e73e2dd4,2025-10-15T11:49:49.220586,shrek,you,409,True,5d32a63602e5,6.528069000069081,latency-80b1e73e2dd4.csv
1,80b1e73e2dd4,2025-10-15T11:49:49.335874,shrek,field,4,True,5d32a63602e5,7.204280000223662,latency-80b1e73e2dd4.csv
1,80b1e73e2dd4,2025-10-15T11:49:49.448943,grail,cross,13,True,5d32a63602e5,6.986124999912136,latency-80b1e73e2dd4.csv
1,80b1e73e2dd4,2025-10-15T11:49:49.562367,shrek,HOOD,13,True,c060a1e70889,4.796146000444423,latency-80b1e73e2dd4.csv
1,80b1e73e2dd4,2025-10-15T11:49:49.672619,shrek,afraid,8,True,5d32a63602e5,6.815973999891867,latency-80b1e73e2dd4.csv
1,80b1e73e2dd4,2025-10-15T11:49:49.787850,shrek,DONKEY,320,True,5d32a63602e5,5.607654999948863,latency-80b1e73e2dd4.csv
1,80b1e73e2dd4,2025-10-15T11:49:49.898729,shrek,token,1,True,5d32a63602e5,8.742471000005025,latency-80b1e73e2dd4.csv
1,80b1e73e2dd4,2025-10-15T11:49:50.015645,shrek,FIONA,211,True,5d32a63602e5,6.478978999894025,latency-80b1e73e2dd4.csv
1,80b1e73e2dd4,2025-10-15T11:49:50.128289,shrek,I,386,True,5d32a63602e5,11.93254000008892,latency-80b1e73e2dd4.csv
1,80b1e73e2dd4,2025-10-15T11:49:50.247853,grail,CALLS,3,True,c060a1e70889,6.529390999730822,latency-80b1e73e2dd4.csv
1,80b1e73e2dd4,2025-10-15T11:49:50.361120,shrek3,ruby,1,True,c060a1e70889,6.480496000222047,latency-80b1e73e2dd4.csv
1,80b1e73e2dd4,2025-10-15T11:49:50.476768,shrek,But,73,True,5d32a63602e5,5.1419800001895055,latency-80b1e73e2dd4.csv
1,80b1e73e2dd4,2025-10-15T11:49:50.589513,shrek3,SHREK,678,True,5d32a63602e5,6.528657000217208,latency-80b1e73e2dd4.csv
1,80b1e73e2dd4,2025-10-15T11:49:50.703086,shrek3,did,14,True,4ee8a2a45a7d,7.680035999783286,latency-80b1e73e2dd4.csv
1,80b1e73e2dd4,2025-10-15T11:49:50.819944,grail,LTD,6,True,5d32a63602e5,6.838134000190621,latency-80b1e73e2dd4.csv
1,80b1e73e2dd4,2025-10-15T11:49:50.936982,shrek3,through,43,True,c060a1e70889,6.954304999908345,latency-80b1e73e2dd4.csv
1,80b1e73e2dd4,2025-10-15T11:49:51.053824,grail,54,2,True,c060a1e70889,6.733977000294544,latency-80b1e73e2dd4.csv
2,80b1e73e2dd4,2025-10-15T11:49:51.168738,shrek3,Uh,18,True,4ee8a2a45a7d,8.150695999574964,latency-80b1e73e2dd4.csv
2,80b1e73e2dd4,2025-10-15T11:49:51.284135,shrek3,field,3,True,4ee8a2a45a7d,5.138549000093917,latency-80b1e73e2dd4.csv
2,80b1e73e2dd4,2025-10-15T11:49:51.394781,grail,and,722,True,4ee8a2a45a7d,14.294650000010732,latency-80b1e73e2dd4.csv
2,80b1e73e2dd4,2025-10-15T11:49:51.522598,shrek,you,409,True,5d32a63602e5,18.61900899984903,latency-80b1e73e2dd4.csv
2,80b1e73e2dd4,2025-10-15T11:49:51.660916,shrek,field,4,True,c060a1e70889,8.879469000021345,latency-80b1e73e2dd4.csv
2,80b1e73e2dd4,2025-10-15T11:49:51.778152,grail,cross,13,True,c060a1e70889,9.715865000089252,latency-80b1e73e2dd4.csv
2,80b1e73e2dd4,2025-10-15T11:49:51.905517,shrek,HOOD,13,True,5d32a63602e5,29.84699000035107,latency-80b1e73e2dd4.csv
2,80b1e73e2dd4,2025-10-15T11:49:52.042869,shrek,afraid,8,True,c060a1e70889,22.10375100003148,latency-80b1e73e2dd4.csv
2,80b1e73e2dd4,2025-10-15T11:49:52.175750,shrek,DONKEY,320,True,4ee8a2a45a7d,6.161347000215756,latency-80b1e73e2dd4.csv
2,80b1e73e2dd4,2025-10-15T11:49:52.288551,shrek,token,1,True,5d32a63602e5,17.583519999789132,latency-80b1e73e2dd4.csv
2,80b1e73e2dd4,2025-10-15T11:49:52.423777,shrek,FIONA,211,True,4ee8a2a45a7d,7.165084000007482,latency-80b1e73e2dd4.csv
2,80b1e73e2dd4,2025-10-15T11:49:52.541009,shrek,I,386,True,4ee8a2a45a7d,6.261814000026789,latency-80b1e73e2dd4.csv
2,80b1e73e2dd4,2025-10-15T11:49:52.652734,grail,CALLS,3,True,4ee8a2a45a7d,8.669610000197281,latency-80b1e73e2dd4.csv
2,80b1e73e2dd4,2025-10-15T11:49:52.769122,shrek3,ruby,1,True,4ee8a2a45a7d,9.81119000016406,latency-80b1e73e2dd4.csv
2,80b1e73e2dd4,2025-10-15T11:49:52.888627,shrek,But,73,True,c060a1e70889,9.66421899966008,latency-80b1e73e2dd4.csv
2,80b1e73e2dd4,2025-10-15T11:49:53.005682,shrek3,SHREK,678,True,c060a1e70889,8.665302000281372,latency-80b1e73e2dd4.csv
2,80b1e73e2dd4,2025-10-15T11:49:53.123059,shrek3,did,14,True,c060a1e70889,9.052024000084202,latency-80b1e73e2dd4.csv
2,80b1e73e2dd4,2025-10-15T11:49:53.239475,grail,LTD,6,True,5d32a63602e5,9.992121999857773,latency-80b1e73e2dd4.csv
2,80b1e73e2dd4,2025-10-15T11:49:53.364964,shrek3,through,43,True,5d32a63602e5,8.293077999951493,latency-80b1e73e2dd4.csv
2,80b1e73e2dd4,2025-10-15T11:49:53.480838,grail,54,2,True,5d32a63602e5,15.102626000043529,latency-80b1e73e2dd4.csv
1,886e0100ef92,2025-10-15T11:50:13.236719,shrek,What,104,True,c060a1e70889,6.332557000405359,latency-886e0100ef92.csv
1,886e0100ef92,2025-10-15T11:50:13.348571,shrek3,"Suddenly,",0,True,c060a1e70889,4.582894000122906,latency-886e0100ef92.csv
1,886e0100ef92,2025-10-15T11:50:13.458317,shrek3,SHREK,678,True,c060a1e70889,5.107324000164226,latency-886e0100ef92.csv
1,886e0100ef92,2025-10-15T11:50:13.569421,shrek3,CAPTAIN,41,True,c060a1e70889,8.034982000026503,latency-886e0100ef92.csv
1,886e0100ef92,2025-10-15T11:50:13.685198,grail,Ecky-Ecky-Ecky,1,True,c060a1e70889,6.040359000053286,latency-886e0100ef92.csv
1,886e0100ef92,2025-10-15T11:50:13.796660,shrek,stairs,7,True,5d32a63602e5,5.139034999956493,latency-886e0100ef92.csv
1,886e0100ef92,2025-10-15T11:50:13.907787,grail,-,259,True,5d32a63602e5,9.988561999762169,latency-886e0100ef92.csv
1,886e0100ef92,2025-10-15T11:50:14.044173,shrek3,DONKEY,243,True,4ee8a2a45a7d,8.827017999919917,latency-886e0100ef92.csv
1,886e0100ef92,2025-10-15T11:50:14.161419,shrek3,SHREK,678,True,5d32a63602e5,6.077105000258598,latency-886e0100ef92.csv
1,886e0100ef92,2025-10-15T11:50:14.276223,shrek3,SHOUTING),0,True,5d32a63602e5,12.1000140002252,latency-886e0100ef92.csv
1,886e0100ef92,2025-10-15T11:50:14.397384,grail,Cleveland,3,True,5d32a63602e5,11.15759699996488,latency-886e0100ef92.csv
1,886e0100ef92,2025-10-15T11:50:14.525447,grail,Boom,4,True,c060a1e70889,9.017299000333878,latency-886e0100ef92.csv
1,886e0100ef92,2025-10-15T11:50:14.642039,shrek3,Im,1,True,c060a1e70889,7.018311000138056,latency-886e0100ef92.csv
1,886e0100ef92,2025-10-15T11:50:14.754452,shrek3,fall,6,True,c060a1e70889,9.513473999959388,latency-886e0100ef92.csv
1,886e0100ef92,2025-10-15T11:50:14.877145,shrek3,CAPTAIN,41,True,5d32a63602e5,5.124983999849064,latency-886e0100ef92.csv
1,886e0100ef92,2025-10-15T11:50:14.988427,grail,from,94,True,c060a1e70889,7.242066999879171,latency-886e0100ef92.csv
1,886e0100ef92,2025-10-15T11:50:15.101742,shrek,Is,132,True,c060a1e70889,5.628808999972534,latency-886e0100ef92.csv
1,886e0100ef92,2025-10-15T11:50:15.212771,grail,sell,1,True,c060a1e70889,5.825341000218032,latency-886e0100ef92.csv
1,886e0100ef92,2025-10-15T11:50:15.325454,grail,door,14,True,c060a1e70889,10.371307999776036,latency-886e0100ef92.csv
1,886e0100ef92,2025-10-15T11:50:15.443985,grail,dancing,10,True,c060a1e70889,5.778879999979836,latency-886e0100ef92.csv
2,886e0100ef92,2025-10-15T11:50:15.555539,shrek,What,104,True,c060a1e70889,7.875528000113263,latency-886e0100ef92.csv
2,886e0100ef92,2025-10-15T11:50:15.670391,shrek3,"Suddenly,",0,True,c060a1e70889,7.518955000250571,latency-886e0100ef92.csv
2,886e0100ef92,2025-10-15T11:50:15.784153,shrek3,SHREK,678,True,c060a1e70889,7.170596999912959,latency-886e0100ef92.csv
2,886e0100ef92,2025-10-15T11:50:15.897844,shrek3,CAPTAIN,41,True,c060a1e70889,7.805472000200098,latency-886e0100ef92.csv
2,886e0100ef92,2025-10-15T11:50:16.012756,grail,Ecky-Ecky-Ecky,1,True,c060a1e70889,7.533522999892739,latency-886e0100ef92.csv
2,886e0100ef92,2025-10-15T11:50:16.126502,shrek,stairs,7,True,c060a1e70889,6.3808209997660015,latency-886e0100ef92.csv
2,886e0100ef92,2025-10-15T11:50:16.239932,grail,-,259,True,c060a1e70889,11.023440999906596,latency-886e0100ef92.csv
2,886e0100ef92,2025-10-15T11:50:16.358413,shrek3,DONKEY,243,True,c060a1e70889,6.709531000069546,latency-886e0100ef92.csv
2,886e0100ef92,2025-10-15T11:50:16.470960,shrek3,SHREK,678,True,c060a1e70889,7.7318080002442,latency-886e0100ef92.csv
2,886e0100ef92,2025-10-15T11:50:16.583910,shrek3,SHOUTING),0,True,4ee8a2a45a7d,11.5289790001043,latency-886e0100ef92.csv
2,886e0100ef92,2025-10-15T11:50:16.703525,grail,Cleveland,3,True,5d32a63602e5,8.153018000029988,latency-886e0100ef92.csv
2,886e0100ef92,2025-10-15T11:50:16.820851,grail,Boom,4,True,5d32a63602e5,6.475911000052292,latency-886e0100ef92.csv
2,886e0100ef92,2025-10-15T11:50:16.932486,shrek3,Im,1,True,5d32a63602e5,5.804679999982909,latency-886e0100ef92.csv
2,886e0100ef92,2025-10-15T11:50:17.043505,shrek3,fall,6,True,5d32a63602e5,6.543853000039235,latency-886e0100ef92.csv
2,886e0100ef92,2025-10-15T11:50:17.156032,shrek3,CAPTAIN,41,True,5d32a63602e5,34.505910000007134,latency-886e0100ef92.csv
2,886e0100ef92,2025-10-15T11:50:17.309335,grail,from,94,True,5d32a63602e5,5.311951999829034,latency-886e0100ef92.csv
2,886e0100ef92,2025-10-15T11:50:17.423427,shrek,Is,132,True,5d32a63602e5,5.1984269998683885,latency-886e0100ef92.csv
2,886e0100ef92,2025-10-15T11:50:17.533428,grail,sell,1,True,5d32a63602e5,5.613048000213894,latency-886e0100ef92.csv
2,886e0100ef92,2025-10-15T11:50:17.643809,grail,door,14,True,5d32a63602e5,7.75626100039517,latency-886e0100ef92.csv
2,886e0100ef92,2025-10-15T11:50:17.758764,grail,dancing,10,True,c060a1e70889,7.123305999812146,latency-886e0100ef92.csv
1,89c041a32e9e,2025-10-15T11:50:01.994813,grail,Guard,106,True,c060a1e70889,7.920844000182114,latency-89c041a32e9e.csv
1,89c041a32e9e,2025-10-15T11:50:02.115652,shrek,gone,3,True,5d32a63602e5,12.163009000232703,latency-89c041a32e9e.csv
1,89c041a32e9e,2025-10-15T11:50:02.238347,grail,witch,30,True,c060a1e70889,8.108164000077522,latency-89c041a32e9e.csv
1,89c041a32e9e,2025-10-15T11:50:02.352800,grail,Aaaaugh,9,True,c060a1e70889,9.58635899996807,latency-89c041a32e9e.csv
1,89c041a32e9e,2025-10-15T11:50:02.479217,grail,feel,11,True,5d32a63602e5,7.118904999970255,latency-89c041a32e9e.csv
1,89c041a32e9e,2025-10-15T11:50:02.598110,shrek,a,305,True,5d32a63602e5,7.287578000159556,latency-89c041a32e9e.csv
1,89c041a32e9e,2025-10-15T11:50:02.716386,shrek3,PRINCE,207,True,5d32a63602e5,5.061839000063628,latency-89c041a32e9e.csv
1,89c041a32e9e,2025-10-15T11:50:02.826939,shrek3,-,110,True,5d32a63602e5,7.165906999944127,latency-89c041a32e9e.csv
1,89c041a32e9e,2025-10-15T11:50:02.941046,grail,of,684,True,5d32a63602e5,6.231979999938631,latency-89c041a32e9e.csv
1,89c041a32e9e,2025-10-15T11:50:03.054438,grail,king,136,True,5d32a63602e5,5.886381999971491,latency-89c041a32e9e.csv
1,89c041a32e9e,2025-10-15T11:50:03.166203,grail,the,1600,True,5d32a63602e5,5.103033000068535,latency-89c041a32e9e.csv
1,89c041a32e9e,2025-10-15T11:50:03.276708,shrek,its,1,True,5d32a63602e5,7.160365000345337,latency-89c041a32e9e.csv
1,89c041a32e9e,2025-10-15T11:50:03.390691,shrek,ogre,27,True,c060a1e70889,5.884263000098144,latency-89c041a32e9e.csv
1,89c041a32e9e,2025-10-15T11:50:03.502271,shrek3,bed,10,True,c060a1e70889,7.660287999897264,latency-89c041a32e9e.csv
1,89c041a32e9e,2025-10-15T11:50:03.615954,shrek,cottage,4,True,c060a1e70889,6.523135999941587,latency-89c041a32e9e.csv
1,89c041a32e9e,2025-10-15T11:50:03.730560,shrek,GUARD,25,True,c060a1e70889,7.885104000251886,latency-89c041a32e9e.csv
1,89c041a32e9e,2025-10-15T11:50:03.844493,grail,grabbing,5,True,5d32a63602e5,12.20901800024876,latency-89c041a32e9e.csv
1,89c041a32e9e,2025-10-15T11:50:03.965711,shrek,tell,25,True,5d32a63602e5,9.709093000310531,latency-89c041a32e9e.csv
1,89c041a32e9e,2025-10-15T11:50:04.082517,grail,on,139,True,4ee8a2a45a7d,10.54160600006071,latency-89c041a32e9e.csv
1,89c041a32e9e,2025-10-15T11:50:04.200609,shrek3,PRINCE,207,True,5d32a63602e5,14.524571000038122,latency-89c041a32e9e.csv
2,89c041a32e9e,2025-10-15T11:50:04.328656,grail,Guard,106,True,4ee8a2a45a7d,8.230386999912298,latency-89c041a32e9e.csv
2,89c041a32e9e,2025-10-15T11:50:04.454992,shrek,gone,3,True,4ee8a2a45a7d,16.052518999913445,latency-89c041a32e9e.csv
2,89c041a32e9e,2025-10-15T11:50:04.588132,grail,witch,30,True,c060a1e70889,11.390742000003227,latency-89c041a32e9e.csv
2,89c041a32e9e,2025-10-15T11:50:04.709151,grail,Aaaaugh,9,True,5d32a63602e5,7.8513980001844175,latency-89c041a32e9e.csv
2,89c041a32e9e,2025-10-15T11:50:04.824806,grail,feel,11,True,c060a1e70889,12.9149059998781,latency-89c041a32e9e.csv
2,89c041a32e9e,2025-10-15T11:50:04.946510,shrek,a,305,True,c060a1e70889,21.67219099965223,latency-89c041a32e9e.csv
2,89c041a32e9e,2025-10-15T11:50:05.087012,shrek3,PRINCE,207,True,5d32a63602e5,7.269962999998825,latency-89c041a32e9e.csv
2,89c041a32e9e,2025-10-15T11:50:05.207422,shrek3,-,110,True,5d32a63602e5,5.811848000121245,latency-89c041a32e9e.csv
2,89c041a32e9e,2025-10-15T11:50:05.322493,grail,of,684,True,5d32a63602e5,6.708331000027101,latency-89c041a32e9e.csv
2,89c041a32e9e,2025-10-15T11:50:05.441599,grail,king,136,True,c060a1e70889,6.166410999867367,latency-89c041a32e9e.csv
2,89c041a32e9e,2025-10-15T11:50:05.557917,grail,the,1600,True,c060a1e70889,6.620174000090628,latency-89c041a32e9e.csv
2,89c041a32e9e,2025-10-15T11:50:05.672261,shrek,its,1,True,c060a1e70889,4.907069000182673,latency-89c041a32e9e.csv
2,89c041a32e9e,2025-10-15T11:50:05.783047,shrek,ogre,27,True,c060a1e70889,5.811511000047176,latency-89c041a32e9e.csv
2,89c041a32e9e,2025-10-15T11:50:05.894690,shrek3,bed,10,True,c060a1e70889,6.4819850003914325,latency-89c041a32e9e.csv
2,89c041a32e9e,2025-10-15T11:50:06.007235,shrek,cottage,4,True,c060a1e70889,7.582510999782244,latency-89c041a32e9e.csv
2,89c041a32e9e,2025-10-15T11:50:06.123002,shrek,GUARD,25,True,c060a1e70889,5.93661399989287,latency-89c041a32e9e.csv
2,89c041a32e9e,2025-10-15T11:50:06.236571,grail,grabbing,5,True,c060a1e70889,8.648628999708308,latency-89c041a32e9e.csv
2,89c041a32e9e,2025-10-15T11:50:06.352807,shrek,tell,25,True,5d32a63602e5,9.253866000108246,latency-89c041a32e9e.csv
2,89c041a32e9e,2025-10-15T11:50:06.470090,grail,on,139,True,4ee8a2a45a7d,7.201164999969478,latency-89c041a32e9e.csv
2,89c041a32e9e,2025-10-15T11:50:06.585207,shrek3,PRINCE,207,True,c060a1e70889,6.102133000240428,latency-89c041a32e9e.csv
1,9010c1bad135,2025-10-15T11:49:56.877002,grail,toward,10,True,5d32a63602e5,8.541170000171405,latency-9010c1bad135.csv
1,9010c1bad135,2025-10-15T11:49:56.993489,shrek3,still,18,True,5d32a63602e5,12.519917000190617,latency-9010c1bad135.csv
1,9010c1bad135,2025-10-15T11:49:57.131162,grail,king,136,True,c060a1e70889,14.991049999935058,latency-9010c1bad135.csv
1,9010c1bad135,2025-10-15T11:49:57.262101,shrek,looks,37,True,c060a1e70889,10.311243000160175,latency-9010c1bad135.csv
1,9010c1bad135,2025-10-15T11:49:57.384420,shrek,whistles,2,True,5d32a63602e5,6.288780999966548,latency-9010c1bad135.csv
1,9010c1bad135,2025-10-15T11:49:57.496745,shrek,DONKEY,320,True,c060a1e70889,7.741445000192471,latency-9010c1bad135.csv
1,9010c1bad135,2025-10-15T11:49:57.612191,shrek,and,318,True,c060a1e70889,10.891636999986076,latency-9010c1bad135.csv
1,9010c1bad135,2025-10-15T11:49:57.731423,shrek,Is,132,True,c060a1e70889,8.093870000266179,latency-9010c1bad135.csv
1,9010c1bad135,2025-10-15T11:49:57.848528,shrek3,CHARMING,232,True,c060a1e70889,6.517454999993788,latency-9010c1bad135.csv
1,9010c1bad135,2025-10-15T11:49:57.961858,grail,them,41,True,c060a1e70889,4.671644999689306,latency-9010c1bad135.csv
1,9010c1bad135,2025-10-15T11:49:58.072724,grail,-,259,True,c060a1e70889,7.532187999913731,latency-9010c1bad135.csv
1,9010c1bad135,2025-10-15T11:49:58.192157,grail,Guard,106,True,c060a1e70889,7.443039000008866,latency-9010c1bad135.csv
1,9010c1bad135,2025-10-15T11:49:58.306177,grail,grabbing,5,True,c060a1e70889,8.9014719997067,latency-9010c1bad135.csv
1,9010c1bad135,2025-10-15T11:49:58.422837,grail,since,10,True,c060a1e70889,7.373999999799707,latency-9010c1bad135.csv
1,9010c1bad135,2025-10-15T11:49:58.537573,shrek3,CHARMING,232,True,c060a1e70889,12.224828000398702,latency-9010c1bad135.csv
1,9010c1bad135,2025-10-15T11:49:58.657591,shrek3,ARTIE,213,True,c060a1e70889,6.994283000040014,latency-9010c1bad135.csv
1,9010c1bad135,2025-10-15T11:49:58.770319,grail,of,684,True,c060a1e70889,9.03388900042046,latency-9010c1bad135.csv
1,9010c1bad135,2025-10-15T11:49:58.886300,shrek,Shrek,433,True,c060a1e70889,11.045916000057332,latency-9010c1bad135.csv
1,9010c1bad135,2025-10-15T11:49:59.005823,shrek,help,5,True,c060a1e70889,8.26194299997951,latency-9010c1bad135.csv
1,9010c1bad135,2025-10-15T11:49:59.122284,shrek3,body),0,True,c060a1e70889,5.393102000198269,latency-9010c1bad135.csv
2,9010c1bad135,2025-10-15T11:49:59.236312,grail,toward,10,True,c060a1e70889,9.3895469999552,latency-9010c1bad135.csv
2,9010c1bad135,2025-10-15T11:49:59.361150,shrek3,still,18,True,c060a1e70889,5.490769000061846,latency-9010c1bad135.csv
2,9010c1bad135,2025-10-15T11:49:59.475887,grail,king,136,True,c060a1e70889,8.253075999618886,latency-9010c1bad135.csv
2,9010c1bad135,2025-10-15T11:49:59.592681,shrek,looks,37,True,c060a1e70889,9.255518999907508,latency-9010c1bad135.csv
2,9010c1bad135,2025-10-15T11:49:59.713462,shrek,whistles,2,True,c060a1e70889,6.451706000007107,latency-9010c1bad135.csv
2,9010c1bad135,2025-10-15T11:49:59.826631,shrek,DONKEY,320,True,c060a1e70889,9.031128000060562,latency-9010c1bad135.csv
2,9010c1bad135,2025-10-15T11:49:59.943196,shrek,and,318,True,c060a1e70889,8.498577999944246,latency-9010c1bad135.csv
2,9010c1bad135,2025-10-15T11:50:00.060817,shrek,Is,132,True,5d32a63602e5,8.246537000104581,latency-9010c1bad135.csv
2,9010c1bad135,2025-10-15T11:50:00.183328,shrek3,CHARMING,232,True,5d32a63602e5,8.328116000029695,latency-9010c1bad135.csv
2,9010c1bad135,2025-10-15T11:50:00.307695,grail,them,41,True,5d32a63602e5,5.25541000024532,latency-9010c1bad135.csv
2,9010c1bad135,2025-10-15T11:50:00.424808,grail,-,259,True,5d32a63602e5,6.473774999903981,latency-9010c1bad135.csv
2,9010c1bad135,2025-10-15T11:50:00.539948,grail,Guard,106,True,5d32a63602e5,7.696713999848725,latency-9010c1bad135.csv
2,9010c1bad135,2025-10-15T11:50:00.655151,grail,grabbing,5,True,5d32a63602e5,5.888340999717912,latency-9010c1bad135.csv
2,9010c1bad135,2025-10-15T11:50:00.767287,grail,since,10,True,5d32a63602e5,6.388413999957265,latency-9010c1bad135.csv
2,9010c1bad135,2025-10-15T11:50:00.880960,shrek3,CHARMING,232,True,5d32a63602e5,6.094813999879989,latency-9010c1bad135.csv
2,9010c1bad135,2025-10-15T11:50:00.994205,shrek3,ARTIE,213,True,c060a1e70889,5.9145370000806,latency-9010c1bad135.csv
2,9010c1bad135,2025-10-15T11:50:01.106307,grail,of,684,True,5d32a63602e5,5.498322999756056,latency-9010c1bad135.csv
2,9010c1bad135,2025-10-15T11:50:01.217270,shrek,Shrek,433,True,4ee8a2a45a7d,13.546955000037997,latency-9010c1bad135.csv
2,9010c1bad135,2025-10-15T11:50:01.346872,shrek,help,5,True,c060a1e70889,17.876315000194154,latency-9010c1bad135.csv
2,9010c1bad135,2025-10-15T11:50:01.480669,shrek3,body),0,True,c060a1e70889,7.46210199986308,latency-9010c1bad135.csv
1,922e66af72c2,2025-10-15T11:50:01.209672,shrek,true,20,True,5d32a63602e5,8.231632999923022,latency-922e66af72c2.csv
1,922e66af72c2,2025-10-15T11:50:01.339005,shrek,whole,10,True,c060a1e70889,15.443543999936082,latency-922e66af72c2.csv
1,922e66af72c2,2025-10-15T11:50:01.469856,shrek3,PUSS,196,True,5d32a63602e5,5.228387999977713,latency-922e66af72c2.csv
1,922e66af72c2,2025-10-15T11:50:01.581895,grail,king,136,True,c060a1e70889,7.840642000246589,latency-922e66af72c2.csv
1,922e66af72c2,2025-10-15T11:50:01.697380,shrek,a,305,True,c060a1e70889,21.20914599981916,latency-922e66af72c2.csv
1,922e66af72c2,2025-10-15T11:50:01.835565,shrek,after,10,True,c060a1e70889,16.60701600030734,latency-922e66af72c2.csv
1,922e66af72c2,2025-10-15T11:50:01.975557,grail,Cleveland,3,True,c060a1e70889,6.596332000299299,latency-922e66af72c2.csv
1,922e66af72c2,2025-10-15T11:50:02.096397,shrek3,TO,511,True,c060a1e70889,9.014852000291285,latency-922e66af72c2.csv
1,922e66af72c2,2025-10-15T11:50:02.224168,shrek,rising,1,True,5d32a63602e5,7.1161639998535975,latency-922e66af72c2.csv
1,922e66af72c2,2025-10-15T11:50:02.340733,shrek3,them,44,True,5d32a63602e5,7.3837990003085,latency-922e66af72c2.csv
1,922e66af72c2,2025-10-15T11:50:02.458949,grail,Tm,5,True,5d32a63602e5,7.245169999805512,latency-922e66af72c2.csv
1,922e66af72c2,2025-10-15T11:50:02.573849,shrek3,of,275,True,5d32a63602e5,7.291740000255231,latency-922e66af72c2.csv
1,922e66af72c2,2025-10-15T11:50:02.688802,shrek3,his,238,True,5d32a63602e5,5.669885999850521,latency-922e66af72c2.csv
1,922e66af72c2,2025-10-15T11:50:02.801391,shrek,FIONA'S,3,True,5d32a63602e5,10.467485999924977,latency-922e66af72c2.csv
1,922e66af72c2,2025-10-15T11:50:02.918508,grail,Auuuuuuuugh,2,True,5d32a63602e5,6.236699000055523,latency-922e66af72c2.csv
1,922e66af72c2,2025-10-15T11:50:03.030421,shrek,way,26,True,5d32a63602e5,7.63379599993641,latency-922e66af72c2.csv
1,922e66af72c2,2025-10-15T11:50:03.144064,shrek,fair,2,True,5d32a63602e5,6.585708999864437,latency-922e66af72c2.csv
1,922e66af72c2,2025-10-15T11:50:03.256181,shrek,SHREK,433,True,5d32a63602e5,6.326853999780724,latency-922e66af72c2.csv
1,922e66af72c2,2025-10-15T11:50:03.370999,grail,pseudonym,1,True,c060a1e70889,5.41192399987267,latency-922e66af72c2.csv
1,922e66af72c2,2025-10-15T11:50:03.482366,shrek,DONKEY,320,True,c060a1e70889,6.570477999957802,latency-922e66af72c2.csv
2,922e66af72c2,2025-10-15T11:50:03.595674,shrek,true,20,True,5d32a63602e5,7.429719000356272,latency-922e66af72c2.csv
2,922e66af72c2,2025-10-15T11:50:03.709241,shrek,whole,10,True,4ee8a2a45a7d,8.926654999868333,latency-922e66af72c2.csv
2,922e66af72c2,2025-10-15T11:50:03.827474,shrek3,PUSS,196,True,5d32a63602e5,7.641651000085403,latency-922e66af72c2.csv
2,922e66af72c2,2025-10-15T11:50:03.942934,grail,king,136,True,c060a1e70889,4.564846999983274,latency-922e66af72c2.csv
2,922e66af72c2,2025-10-15T11:50:04.052333,shrek,a,305,True,5d32a63602e5,5.345636000129161,latency-922e66af72c2.csv
2,922e66af72c2,2025-10-15T11:50:04.162743,shrek,after,10,True,5d32a63602e5,7.567271000425535,latency-922e66af72c2.csv
2,922e66af72c2,2025-10-15T11:50:04.278004,grail,Cleveland,3,True,5d32a63602e5,6.553368999902887,latency-922e66af72c2.csv
2,922e66af72c2,2025-10-15T11:50:04.390906,shrek3,TO,511,True,4ee8a2a45a7d,6.037760999788588,latency-922e66af72c2.csv
2,922e66af72c2,2025-10-15T11:50:04.503130,shrek,rising,1,True,4ee8a2a45a7d,7.13274999998248,latency-922e66af72c2.csv
2,922e66af72c2,2025-10-15T11:50:04.618012,shrek3,them,44,True,5d32a63602e5,8.252768999682303,latency-922e66af72c2.csv
2,922e66af72c2,2025-10-15T11:50:04.734120,grail,Tm,5,True,c060a1e70889,9.68667799998002,latency-922e66af72c2.csv
2,922e66af72c2,2025-10-15T11:50:04.850745,shrek3,of,275,True,c060a1e70889,8.452087000023312,latency-922e66af72c2.csv
2,922e66af72c2,2025-10-15T11:50:04.965782,shrek3,his,238,True,5d32a63602e5,13.99115999993228,latency-922e66af72c2.csv
2,922e66af72c2,2025-10-15T11:50:05.092798,shrek,FIONA'S,3,True,4ee8a2a45a7d,12.5057300001572,latency-922e66af72c2.csv
2,922e66af72c2,2025-10-15T11:50:05.216029,grail,Auuuuuuuugh,2,True,4ee8a2a45a7d,8.791652000127215,latency-922e66af72c2.csv
2,922e66af72c2,2025-10-15T11:50:05.333356,shrek,way,26,True,4ee8a2a45a7d,11.66293099959148,latency-922e66af72c2.csv
2,922e66af72c2,2025-10-15T11:50:05.451945,shrek,fair,2,True,4ee8a2a45a7d,12.481062000006204,latency-922e66af72c2.csv
2,922e66af72c2,2025-10-15T11:50:05.572039,shrek,SHREK,433,True,c060a1e70889,10.815943999659794,latency-922e66af72c2.csv
2,922e66af72c2,2025-10-15T11:50:05.689577,grail,pseudonym,1,True,c060a1e70889,6.820645000061631,latency-922e66af72c2.csv
2,922e66af72c2,2025-10-15T11:50:05.802122,shrek,DONKEY,320,True,c060a1e70889,8.166481999978714,latency-922e66af72c2.csv
1,942df1182b63,2025-10-15T11:50:16.059015,shrek,SHREK,433,True,c060a1e70889,6.277240000144957,latency-942df1182b63.csv
1,942df1182b63,2025-10-15T11:50:16.171548,shrek3,TO,511,True,c060a1e70889,7.071945999996387,latency-942df1182b63.csv
1,942df1182b63,2025-10-15T11:50:16.286138,shrek3,PUSS,196,True,c060a1e70889,6.760549999853538,latency-942df1182b63.csv
1,942df1182b63,2025-10-15T11:50:16.398660,shrek3,showing,1,True,c060a1e70889,5.499445999703312,latency-942df1182b63.csv
1,942df1182b63,2025-10-15T11:50:16.509078,shrek,I,386,True,c060a1e70889,4.494972999964375,latency-942df1182b63.csv
1,942df1182b63,2025-10-15T11:50:16.619102,shrek,not,50,True,5d32a63602e5,8.64793099981398,latency-942df1182b63.csv
1,942df1182b63,2025-10-15T11:50:16.744197,shrek,SHREK,433,True,c060a1e70889,6.448432999604847,latency-942df1182b63.csv
1,942df1182b63,2025-10-15T11:50:16.856639,grail,to,718,True,c060a1e70889,6.5765509998527705,latency-942df1182b63.csv
1,942df1182b63,2025-10-15T11:50:16.968639,grail,To,718,True,c060a1e70889,5.29834100007065,latency-942df1182b63.csv
1,942df1182b63,2025-10-15T11:50:17.079452,grail,going,21,True,c060a1e70889,8.059115999913047,latency-942df1182b63.csv
1,942df1182b63,2025-10-15T11:50:17.195940,grail,to,718,True,4ee8a2a45a7d,21.711225000217382,latency-942df1182b63.csv
1,942df1182b63,2025-10-15T11:50:17.327326,grail,LANCELOT,59,True,5d32a63602e5,9.412497999619518,latency-942df1182b63.csv
1,942df1182b63,2025-10-15T11:50:17.443425,shrek,DONKEY,320,True,4ee8a2a45a7d,7.954052000059164,latency-942df1182b63.csv
1,942df1182b63,2025-10-15T11:50:17.557303,shrek3,SHREK,678,True,4ee8a2a45a7d,6.920485000136978,latency-942df1182b63.csv
1,942df1182b63,2025-10-15T11:50:17.672996,shrek3,WHITE,45,True,4ee8a2a45a7d,11.5789510000468,latency-942df1182b63.csv
1,942df1182b63,2025-10-15T11:50:17.794872,shrek3,SHREK,678,True,4ee8a2a45a7d,13.576070999988588,latency-942df1182b63.csv
1,942df1182b63,2025-10-15T11:50:17.919051,shrek,stairs,7,True,c060a1e70889,11.537811000380316,latency-942df1182b63.csv
1,942df1182b63,2025-10-15T11:50:18.038796,grail,pathetic,4,True,4ee8a2a45a7d,13.296883999828424,latency-942df1182b63.csv
1,942df1182b63,2025-10-15T11:50:18.160501,grail,ANOTHER,25,True,c060a1e70889,7.0891679997657775,latency-942df1182b63.csv
1,942df1182b63,2025-10-15T11:50:18.273959,shrek3,OGRE,39,True,5d32a63602e5,7.488625999940268,latency-942df1182b63.csv
2,942df1182b63,2025-10-15T11:50:18.386719,shrek,SHREK,433,True,5d32a63602e5,6.776169999739068,latency-942df1182b63.csv
2,942df1182b63,2025-10-15T11:50:18.498374,shrek3,TO,511,True,c060a1e70889,4.75272900030177,latency-942df1182b63.csv
2,942df1182b63,2025-10-15T11:50:18.608009,shrek3,PUSS,196,True,c060a1e70889,5.950889999894571,latency-942df1182b63.csv
2,942df1182b63,2025-10-15T11:50:18.718815,shrek3,showing,1,True,c060a1e70889,6.414351999865176,latency-942df1182b63.csv
2,942df1182b63,2025-10-15T11:50:18.829988,shrek,I,386,True,c060a1e70889,6.135390000054031,latency-942df1182b63.csv
2,942df1182b63,2025-10-15T11:50:18.941011,shrek,not,50,True,c060a1e70889,4.75697299998501,latency-942df1182b63.csv
2,942df1182b63,2025-10-15T11:50:19.051268,shrek,SHREK,433,True,c060a1e70889,7.996047000233375,latency-942df1182b63.csv
2,942df1182b63,2025-10-15T11:50:19.165736,grail,to,718,True,c060a1e70889,4.959936999966885,latency-942df1182b63.csv
2,942df1182b63,2025-10-15T11:50:19.275701,grail,To,718,True,c060a1e70889,5.255095999928017,latency-942df1182b63.csv
2,942df1182b63,2025-10-15T11:50:19.386012,grail,going,21,True,c060a1e70889,7.717952000348305,latency-942df1182b63.csv
2,942df1182b63,2025-10-15T11:50:19.499430,grail,to,718,True,c060a1e70889,4.981419999694481,latency-942df1182b63.csv
2,942df1182b63,2025-10-15T11:50:19.609347,grail,LANCELOT,59,True,c060a1e70889,4.598159000124724,latency-942df1182b63.csv
2,942df1182b63,2025-10-15T11:50:19.718495,shrek,DONKEY,320,True,c060a1e70889,6.6631310000957455,latency-942df1182b63.csv
2,942df1182b63,2025-10-15T11:50:19.830900,shrek3,SHREK,678,True,c060a1e70889,5.268107000119926,latency-942df1182b63.csv
2,942df1182b63,2025-10-15T11:50:19.941315,shrek3,WHITE,45,True,c060a1e70889,6.933350000053906,latency-942df1182b63.csv
2,942df1182b63,2025-10-15T11:50:20.053254,shrek3,SHREK,678,True,c060a1e70889,6.688348999887239,latency-942df1182b63.csv
2,942df1182b63,2025-10-15T11:50:20.165456,shrek,stairs,7,True,c060a1e70889,5.219367000336206,latency-942df1182b63.csv
2,942df1182b63,2025-10-15T11:50:20.275478,grail,pathetic,4,True,c060a1e70889,4.796554000222386,latency-942df1182b63.csv
2,942df1182b63,2025-10-15T11:50:20.385358,grail,ANOTHER,25,True,c060a1e70889,5.366198000047007,latency-942df1182b63.csv
2,942df1182b63,2025-10-15T11:50:20.495535,shrek3,OGRE,39,True,c060a1e70889,5.456021000100009,latency-942df1182b63.csv
1,95f5a8a9288c,2025-10-15T11:50:17.404029,grail,Boom,4,True,c060a1e70889,4.687347000071895,latency-95f5a8a9288c.csv
1,95f5a8a9288c,2025-10-15T11:50:17.513748,shrek3,fall,6,True,c060a1e70889,5.019833999995171,latency-95f5a8a9288c.csv
1,95f5a8a9288c,2025-10-15T11:50:17.624128,grail,the,1600,True,c060a1e70889,6.3669839996691735,latency-95f5a8a9288c.csv
1,95f5a8a9288c,2025-10-15T11:50:17.739470,shrek,this,79,True,c060a1e70889,8.477383999888843,latency-95f5a8a9288c.csv
1,95f5a8a9288c,2025-10-15T11:50:17.856872,shrek,fair,2,True,c060a1e70889,7.414406999942003,latency-95f5a8a9288c.csv
1,95f5a8a9288c,2025-10-15T11:50:17.976005,shrek3,SHREK,678,True,c060a1e70889,4.961715999797889,latency-95f5a8a9288c.csv
1,95f5a8a9288c,2025-10-15T11:50:18.085970,grail,CALLS,3,True,c060a1e70889,5.543898999803787,latency-95f5a8a9288c.csv
1,95f5a8a9288c,2025-10-15T11:50:18.196429,shrek3,to,511,True,c060a1e70889,4.385199000353168,latency-95f5a8a9288c.csv
1,95f5a8a9288c,2025-10-15T11:50:18.305432,grail,Tm,5,True,c060a1e70889,5.215488999965601,latency-95f5a8a9288c.csv
1,95f5a8a9288c,2025-10-15T11:50:18.415951,shrek3,with,112,True,c060a1e70889,5.462901000100828,latency-95f5a8a9288c.csv
1,95f5a8a9288c,2025-10-15T11:50:18.526796,grail,the,1600,True,c060a1e70889,4.358386999683717,latency-95f5a8a9288c.csv
1,95f5a8a9288c,2025-10-15T11:50:18.635630,shrek,token,1,True,c060a1e70889,4.770755999743415,latency-95f5a8a9288c.csv
1,95f5a8a9288c,2025-10-15T11:50:18.745223,grail,Rostmm,1,True,c060a1e70889,5.427787999906286,latency-95f5a8a9288c.csv
1,95f5a8a9288c,2025-10-15T11:50:18.856181,shrek,MAN,38,True,c060a1e70889,4.718217000117875,latency-95f5a8a9288c.csv
1,95f5a8a9288c,2025-10-15T11:50:18.965739,shrek,Shrek,433,True,5d32a63602e5,7.837298999675113,latency-95f5a8a9288c.csv
1,95f5a8a9288c,2025-10-15T11:50:19.081808,grail,chops,3,True,c060a1e70889,4.818556999907742,latency-95f5a8a9288c.csv
1,95f5a8a9288c,2025-10-15T11:50:19.191356,shrek3,WHITE,45,True,c060a1e70889,5.110310000418394,latency-95f5a8a9288c.csv
1,95f5a8a9288c,2025-10-15T11:50:19.301231,shrek3,the,1285,True,c060a1e70889,4.610812999999325,latency-95f5a8a9288c.csv
1,95f5a8a9288c,2025-10-15T11:50:19.411382,shrek,SHREK,433,True,5d32a63602e5,9.032849000050192,latency-95f5a8a9288c.csv
1,95f5a8a9288c,2025-10-15T11:50:19.525191,shrek3,its,1,True,5d32a63602e5,5.174423999960709,latency-95f5a8a9288c.csv
2,95f5a8a9288c,2025-10-15T11:50:19.634828,grail,Boom,4,True,5d32a63602e5,5.429040000308305,latency-95f5a8a9288c.csv
2,95f5a8a9288c,2025-10-15T11:50:19.745743,shrek3,fall,6,True,5d32a63602e5,6.481065999651037,latency-95f5a8a9288c.csv
2,95f5a8a9288c,2025-10-15T11:50:19.858364,grail,the,1600,True,5d32a63602e5,4.593904999637744,latency-95f5a8a9288c.csv
2,95f5a8a9288c,2025-10-15T11:50:19.967376,shrek,this,79,True,5d32a63602e5,4.903065999769751,latency-95f5a8a9288c.csv
2,95f5a8a9288c,2025-10-15T11:50:20.077922,shrek,fair,2,True,5d32a63602e5,7.888634000210004,latency-95f5a8a9288c.csv
2,95f5a8a9288c,2025-10-15T11:50:20.191069,shrek3,SHREK,678,True,5d32a63602e5,4.829844999676425,latency-95f5a8a9288c.csv
2,95f5a8a9288c,2025-10-15T11:50:20.300437,grail,CALLS,3,True,5d32a63602e5,5.589717000020755,latency-95f5a8a9288c.csv
2,95f5a8a9288c,2025-10-15T11:50:20.413249,shrek3,to,511,True,5d32a63602e5,5.893643999570486,latency-95f5a8a9288c.csv
2,95f5a8a9288c,2025-10-15T11:50:20.525292,grail,Tm,5,True,5d32a63602e5,4.749793999963003,latency-95f5a8a9288c.csv
2,95f5a8a9288c,2025-10-15T11:50:20.636291,shrek3,with,112,True,5d32a63602e5,3.869546999794693,latency-95f5a8a9288c.csv
2,95f5a8a9288c,2025-10-15T11:50:20.744708,grail,the,1600,True,5d32a63602e5,6.315453999832243,latency-95f5a8a9288c.csv
2,95f5a8a9288c,2025-10-15T11:50:20.861713,shrek,token,1,True,5d32a63602e5,4.682378000325116,latency-95f5a8a9288c.csv
2,95f5a8a9288c,2025-10-15T11:50:20.971437,grail,Rostmm,1,True,c060a1e70889,4.515243000241753,latency-95f5a8a9288c.csv
2,95f5a8a9288c,2025-10-15T11:50:21.080972,shrek,MAN,38,True,c060a1e70889,4.350326999883691,latency-95f5a8a9288c.csv
2,95f5a8a9288c,2025-10-15T11:50:21.190510,shrek,Shrek,433,True,c060a1e70889,4.254745999787701,latency-95f5a8a9288c.csv
2,95f5a8a9288c,2025-10-15T11:50:21.299332,grail,chops,3,True,c060a1e70889,5.100780999782728,latency-95f5a8a9288c.csv
2,95f5a8a9288c,2025-10-15T11:50:21.409338,shrek3,WHITE,45,True,c060a1e70889,4.770698999891465,latency-95f5a8a9288c.csv
2,95f5a8a9288c,2025-10-15T11:50:21.519346,shrek3,the,1285,True,c060a1e70889,4.449860000022454,latency-95f5a8a9288c.csv
2,95f5a8a9288c,2025-10-15T11:50:21.628999,shrek,SHREK,433,True,c060a1e70889,4.1899090001606965,latency-95f5a8a9288c.csv
2,95f5a8a9288c,2025-10-15T11:50:21.738135,shrek3,its,1,True,c060a1e70889,4.180250999979762,latency-95f5a8a9288c.csv
1,9729b1e68af6,2025-10-15T11:49:52.830929,shrek3,They,80,True,c060a1e70889,12.514406999798666,latency-9729b1e68af6.csv
1,9729b1e68af6,2025-10-15T11:49:52.955235,shrek,CROWD,5,True,c060a1e70889,9.8751949999496,latency-9729b1e68af6.csv
1,9729b1e68af6,2025-10-15T11:49:53.075084,shrek3,us,12,True,c060a1e70889,9.639736999815796,latency-9729b1e68af6.csv
1,9729b1e68af6,2025-10-15T11:49:53.194735,shrek3,flaming,2,True,5d32a63602e5,12.744103999921208,latency-9729b1e68af6.csv
1,9729b1e68af6,2025-10-15T11:49:53.317842,shrek,HOOD,13,True,c060a1e70889,7.207937000202946,latency-9729b1e68af6.csv
1,9729b1e68af6,2025-10-15T11:49:53.435585,grail,of,684,True,5d32a63602e5,30.15702899983808,latency-9729b1e68af6.csv
1,9729b1e68af6,2025-10-15T11:49:53.578397,shrek3,They,80,True,c060a1e70889,11.588446999667212,latency-9729b1e68af6.csv
1,9729b1e68af6,2025-10-15T11:49:53.709936,shrek,DONKEY,320,True,5d32a63602e5,5.292311999710364,latency-9729b1e68af6.csv
1,9729b1e68af6,2025-10-15T11:49:53.820926,shrek3,"Suddenly,",0,True,5d32a63602e5,5.343310999705864,latency-9729b1e68af6.csv
1,9729b1e68af6,2025-10-15T11:49:53.933502,shrek,"Ha,",0,True,5d32a63602e5,6.279652000102942,latency-9729b1e68af6.csv
1,9729b1e68af6,2025-10-15T11:49:54.045855,grail,Christ,8,True,5d32a63602e5,8.745396999984223,latency-9729b1e68af6.csv
1,9729b1e68af6,2025-10-15T11:49:54.162021,shrek,baby,3,True,5d32a63602e5,7.2954069996740145,latency-9729b1e68af6.csv
1,9729b1e68af6,2025-10-15T11:49:54.275800,grail,on,139,True,c060a1e70889,5.508017000011023,latency-9729b1e68af6.csv
1,9729b1e68af6,2025-10-15T11:49:54.386586,shrek,number,8,True,5d32a63602e5,15.571889000057126,latency-9729b1e68af6.csv
1,9729b1e68af6,2025-10-15T11:49:54.518254,shrek,minute,3,True,5d32a63602e5,5.897299000025669,latency-9729b1e68af6.csv
1,9729b1e68af6,2025-10-15T11:49:54.630363,shrek3,Cinderella,21,True,5d32a63602e5,5.48506199993426,latency-9729b1e68af6.csv
1,9729b1e68af6,2025-10-15T11:49:54.741732,grail,Launcelot,107,False,5d32a63602e5,10.373770000114746,latency-9729b1e68af6.csv
1,9729b1e68af6,2025-10-15T11:49:54.857893,grail,To,718,True,4ee8a2a45a7d,8.041259000037826,latency-9729b1e68af6.csv
1,9729b1e68af6,2025-10-15T11:49:54.972543,shrek3,CAPTAIN,41,True,4ee8a2a45a7d,6.919125999957032,latency-9729b1e68af6.csv
1,9729b1e68af6,2025-10-15T11:49:55.085935,shrek3,"Suddenly,",0,True,4ee8a2a45a7d,9.215747999860469,latency-9729b1e68af6.csv
2,9729b1e68af6,2025-10-15T11:49:55.201848,shrek3,They,80,True,4ee8a2a45a7d,6.346401999962836,latency-9729b1e68af6.csv
2,9729b1e68af6,2025-10-15T11:49:55.316149,shrek,CROWD,5,True,4ee8a2a45a7d,7.322911999835924,latency-9729b1e68af6.csv
2,9729b1e68af6,2025-10-15T11:49:55.429826,shrek3,us,12,True,4ee8a2a45a7d,6.1346950001279765,latency-9729b1e68af6.csv
2,9729b1e68af6,2025-10-15T11:49:55.543647,shrek3,flaming,2,True,4ee8a2a45a7d,6.195980000029522,latency-9729b1e68af6.csv
2,9729b1e68af6,2025-10-15T11:49:55.655976,shrek,HOOD,13,True,5d32a63602e5,8.603581999977905,latency-9729b1e68af6.csv
2,9729b1e68af6,2025-10-15T11:49:55.771900,grail,of,684,True,5d32a63602e5,6.719342999986111,latency-9729b1e68af6.csv
2,9729b1e68af6,2025-10-15T11:49:55.892929,shrek3,They,80,True,5d32a63602e5,5.413146999671881,latency-9729b1e68af6.csv
2,9729b1e68af6,2025-10-15T11:49:56.003242,shrek,DONKEY,320,True,4ee8a2a45a7d,7.895124000242504,latency-9729b1e68af6.csv
2,9729b1e68af6,2025-10-15T11:49:56.119231,shrek3,"Suddenly,",0,True,5d32a63602e5,6.430184999771882,latency-9729b1e68af6.csv
2,9729b1e68af6,2025-10-15T11:49:56.232812,shrek,"Ha,",0,True,c060a1e70889,11.212050000267482,latency-9729b1e68af6.csv
2,9729b1e68af6,2025-10-15T11:49:56.353345,grail,Christ,8,True,c060a1e70889,10.998489000030531,latency-9729b1e68af6.csv
2,9729b1e68af6,2025-10-15T11:49:56.473864,shrek,baby,3,True,5d32a63602e5,7.115733000318869,latency-9729b1e68af6.csv
2,9729b1e68af6,2025-10-15T11:49:56.589365,grail,on,139,True,c060a1e70889,11.31734000000506,latency-9729b1e68af6.csv
2,9729b1e68af6,2025-10-15T11:49:56.715794,shrek,number,8,True,5d32a63602e5,27.559470000142028,latency-9729b1e68af6.csv
2,9729b1e68af6,2025-10-15T11:49:56.851931,shrek,minute,3,True,4ee8a2a45a7d,13.871457000277587,latency-9729b1e68af6.csv
2,9729b1e68af6,2025-10-15T11:49:56.974611,shrek3,Cinderella,21,True,4ee8a2a45a7d,10.34194200019556,latency-9729b1e68af6.csv
2,9729b1e68af6,2025-10-15T11:49:57.093963,grail,Launcelot,107,True,5d32a63602e5,17.975938999825303,latency-9729b1e68af6.csv
2,9729b1e68af6,2025-10-15T11:49:57.222328,grail,To,718,True,5d32a63602e5,7.1144159996947565,latency-9729b1e68af6.csv
2,9729b1e68af6,2025-10-15T11:49:57.340599,shrek3,CAPTAIN,41,True,c060a1e70889,5.1230139997642254,latency-9729b1e68af6.csv
2,9729b1e68af6,2025-10-15T11:49:57.450884,shrek3,"Suddenly,",0,True,c060a1e70889,5.779300000085641,latency-9729b1e68af6.csv
1,97554534ea8e,2025-10-15T11:49:53.680995,shrek,DONKEY,320,True,5d32a63602e5,4.704554999989341,latency-97554534ea8e.csv
1,97554534ea8e,2025-10-15T11:49:53.790937,shrek,tale,7,True,5d32a63602e5,3.8849210000080343,latency-97554534ea8e.csv
1,97554534ea8e,2025-10-15T11:49:53.900024,shrek3,him,87,True,c060a1e70889,5.609024000023055,latency-97554534ea8e.csv
1,97554534ea8e,2025-10-15T11:49:54.012096,shrek3,the,1285,True,c060a1e70889,6.091255999763234,latency-97554534ea8e.csv
1,97554534ea8e,2025-10-15T11:49:54.125157,grail,Aaaaugh,9,True,c060a1e70889,5.77086400016924,latency-97554534ea8e.csv
1,97554534ea8e,2025-10-15T11:49:54.236986,grail,"Oh,",2,True,c060a1e70889,5.908439999984694,latency-97554534ea8e.csv
1,97554534ea8e,2025-10-15T11:49:54.348326,grail,LANCELOT,59,True,c060a1e70889,10.293483999703312,latency-97554534ea8e.csv
1,97554534ea8e,2025-10-15T11:49:54.465918,shrek,DONKEY,320,True,c060a1e70889,6.859155999791256,latency-97554534ea8e.csv
1,97554534ea8e,2025-10-15T11:49:54.579692,shrek,Shrek,433,True,c060a1e70889,4.527169000084541,latency-97554534ea8e.csv
1,97554534ea8e,2025-10-15T11:49:54.690212,shrek3,TO,511,True,c060a1e70889,6.331612999929348,latency-97554534ea8e.csv
1,97554534ea8e,2025-10-15T11:49:54.802446,shrek3,EVIL,59,True,c060a1e70889,9.929537000061828,latency-97554534ea8e.csv
1,97554534ea8e,2025-10-15T11:49:54.922608,shrek,on,88,True,c060a1e70889,5.809547999888309,latency-97554534ea8e.csv
1,97554534ea8e,2025-10-15T11:49:55.035355,shrek,your,49,True,c060a1e70889,7.293484000001626,latency-97554534ea8e.csv
1,97554534ea8e,2025-10-15T11:49:55.153214,shrek3,time,23,True,5d32a63602e5,6.095813999763777,latency-97554534ea8e.csv
1,97554534ea8e,2025-10-15T11:49:55.268657,grail,witch,30,True,5d32a63602e5,6.837287000053038,latency-97554534ea8e.csv
1,97554534ea8e,2025-10-15T11:49:55.383236,shrek3,toward,14,True,5d32a63602e5,6.247099000120215,latency-97554534ea8e.csv
1,97554534ea8e,2025-10-15T11:49:55.496182,grail,dancing,10,True,5d32a63602e5,5.78262499993798,latency-97554534ea8e.csv
1,97554534ea8e,2025-10-15T11:49:55.607718,shrek,to,268,True,5d32a63602e5,7.359462000295025,latency-97554534ea8e.csv
1,97554534ea8e,2025-10-15T11:49:55.721321,shrek,help,5,True,5d32a63602e5,6.646905999787123,latency-97554534ea8e.csv
1,97554534ea8e,2025-10-15T11:49:55.835901,shrek,way,26,True,5d32a63602e5,6.375589000072068,latency-97554534ea8e.csv
2,97554534ea8e,2025-10-15T11:49:55.949561,shrek,DONKEY,320,True,c060a1e70889,4.4173500000397325,latency-97554534ea8e.csv
2,97554534ea8e,2025-10-15T11:49:56.059777,shrek,tale,7,True,5d32a63602e5,8.602990999861504,latency-97554534ea8e.csv
2,97554534ea8e,2025-10-15T11:49:56.177057,shrek3,him,87,True,5d32a63602e5,6.494761000340077,latency-97554534ea8e.csv
2,97554534ea8e,2025-10-15T11:49:56.290716,shrek3,the,1285,True,c060a1e70889,8.969042999979138,latency-97554534ea8e.csv
2,97554534ea8e,2025-10-15T11:49:56.407085,grail,Aaaaugh,9,True,5d32a63602e5,5.843217999881745,latency-97554534ea8e.csv
2,97554534ea8e,2025-10-15T11:49:56.518681,grail,"Oh,",2,True,4ee8a2a45a7d,38.41229299996485,latency-97554534ea8e.csv
2,97554534ea8e,2025-10-15T11:49:56.673871,grail,LANCELOT,59,True,c060a1e70889,30.190162000053533,latency-97554534ea8e.csv
2,97554534ea8e,2025-10-15T11:49:56.842469,shrek,DONKEY,320,True,5d32a63602e5,13.212836000093375,latency-97554534ea8e.csv
2,97554534ea8e,2025-10-15T11:49:56.966772,shrek,Shrek,433,True,5d32a63602e5,12.156521000179056,latency-97554534ea8e.csv
2,97554534ea8e,2025-10-15T11:49:57.090751,shrek3,TO,511,True,5d32a63602e5,19.93040499974086,latency-97554534ea8e.csv
2,97554534ea8e,2025-10-15T11:49:57.231376,shrek3,EVIL,59,True,c060a1e70889,10.149879999971745,latency-97554534ea8e.csv
2,97554534ea8e,2025-10-15T11:49:57.348853,shrek,on,88,True,5d32a63602e5,5.041077999976551,latency-97554534ea8e.csv
2,97554534ea8e,2025-10-15T11:49:57.459699,shrek,your,49,True,5d32a63602e5,8.537715000329626,latency-97554534ea8e.csv
2,97554534ea8e,2025-10-15T11:49:57.577230,shrek3,time,23,True,c060a1e70889,5.229060000147001,latency-97554534ea8e.csv
2,97554534ea8e,2025-10-15T11:49:57.689850,grail,witch,30,True,c060a1e70889,5.247825999958877,latency-97554534ea8e.csv
2,97554534ea8e,2025-10-15T11:49:57.803113,shrek3,toward,14,True,c060a1e70889,5.209080999975413,latency-97554534ea8e.csv
2,97554534ea8e,2025-10-15T11:49:57.915236,grail,dancing,10,True,c060a1e70889,6.542724000155431,latency-97554534ea8e.csv
2,97554534ea8e,2025-10-15T11:49:58.028743,shrek,to,268,True,c060a1e70889,7.3030429998652835,latency-97554534ea8e.csv
2,97554534ea8e,2025-10-15T11:49:58.144528,shrek,help,5,True,c060a1e70889,8.073756000158028,latency-97554534ea8e.csv
2,97554534ea8e,2025-10-15T11:49:58.260247,shrek,way,26,True,c060a1e70889,5.644117999963783,latency-97554534ea8e.csv
1,9c612ca9c6a9,2025-10-15T11:50:02.326574,shrek,one,44,True,c060a1e70889,4.99882299982346,latency-9c612ca9c6a9.csv
1,9c612ca9c6a9,2025-10-15T11:50:02.438014,shrek,And,318,True,c060a1e70889,6.951409000066633,latency-9c612ca9c6a9.csv
1,9c612ca9c6a9,2025-10-15T11:50:02.550721,shrek,the,535,True,c060a1e70889,6.815244000335952,latency-9c612ca9c6a9.csv
1,9c612ca9c6a9,2025-10-15T11:50:02.665760,grail,seek,12,True,c060a1e70889,7.97210799964887,latency-9c612ca9c6a9.csv
1,9c612ca9c6a9,2025-10-15T11:50:02.780769,shrek3,the,1285,True,c060a1e70889,4.708345999915764,latency-9c612ca9c6a9.csv
1,9c612ca9c6a9,2025-10-15T11:50:02.891425,shrek,who,29,True,c060a1e70889,4.75618000018585,latency-9c612ca9c6a9.csv
1,9c612ca9c6a9,2025-10-15T11:50:03.002284,shrek3,WHITE,45,True,c060a1e70889,7.494280000173603,latency-9c612ca9c6a9.csv
1,9c612ca9c6a9,2025-10-15T11:50:03.117133,grail,pause,10,True,c060a1e70889,5.136428999776399,latency-9c612ca9c6a9.csv
1,9c612ca9c6a9,2025-10-15T11:50:03.228251,grail,G,6,True,c060a1e70889,10.059608000119624,latency-9c612ca9c6a9.csv
1,9c612ca9c6a9,2025-10-15T11:50:03.345350,shrek,And,318,True,c060a1e70889,9.666492999713228,latency-9c612ca9c6a9.csv
1,9c612ca9c6a9,2025-10-15T11:50:03.463576,grail,grabbing,5,True,4ee8a2a45a7d,10.229459000129282,latency-9c612ca9c6a9.csv
1,9c612ca9c6a9,2025-10-15T11:50:03.583365,shrek3,Im,1,True,4ee8a2a45a7d,7.413517000259162,latency-9c612ca9c6a9.csv
1,9c612ca9c6a9,2025-10-15T11:50:03.701646,shrek,DONKEY,320,True,c060a1e70889,9.338500000012573,latency-9c612ca9c6a9.csv
1,9c612ca9c6a9,2025-10-15T11:50:03.823735,grail,To,718,True,c060a1e70889,13.383817999965686,latency-9c612ca9c6a9.csv
1,9c612ca9c6a9,2025-10-15T11:50:03.951916,shrek,trip,1,True,c060a1e70889,8.989982999992208,latency-9c612ca9c6a9.csv
1,9c612ca9c6a9,2025-10-15T11:50:04.073104,grail,seek,12,True,c060a1e70889,7.407194999814237,latency-9c612ca9c6a9.csv
1,9c612ca9c6a9,2025-10-15T11:50:04.192115,shrek,I,386,True,c060a1e70889,17.51050299981216,latency-9c612ca9c6a9.csv
1,9c612ca9c6a9,2025-10-15T11:50:04.326684,shrek,minute,3,True,5d32a63602e5,10.916115000327409,latency-9c612ca9c6a9.csv
1,9c612ca9c6a9,2025-10-15T11:50:04.454538,shrek3,youre,0,True,4ee8a2a45a7d,13.117595000039728,latency-9c612ca9c6a9.csv
1,9c612ca9c6a9,2025-10-15T11:50:04.586613,shrek,stairs,7,True,c060a1e70889,10.064804000194272,latency-9c612ca9c6a9.csv
2,9c612ca9c6a9,2025-10-15T11:50:04.707216,shrek,one,44,True,c060a1e70889,8.810427999833337,latency-9c612ca9c6a9.csv
2,9c612ca9c6a9,2025-10-15T11:50:04.823679,shrek,And,318,True,c060a1e70889,11.286835999726463,latency-9c612ca9c6a9.csv
2,9c612ca9c6a9,2025-10-15T11:50:04.944835,shrek,the,535,True,c060a1e70889,25.642502000209788,latency-9c612ca9c6a9.csv
2,9c612ca9c6a9,2025-10-15T11:50:05.087939,grail,seek,12,True,5d32a63602e5,16.538743000182876,latency-9c612ca9c6a9.csv
2,9c612ca9c6a9,2025-10-15T11:50:05.212951,shrek3,the,1285,True,c060a1e70889,8.770922000167047,latency-9c612ca9c6a9.csv
2,9c612ca9c6a9,2025-10-15T11:50:05.328145,shrek,who,29,True,c060a1e70889,10.574684999937745,latency-9c612ca9c6a9.csv
2,9c612ca9c6a9,2025-10-15T11:50:05.445856,shrek3,WHITE,45,True,5d32a63602e5,6.537549999848125,latency-9c612ca9c6a9.csv
2,9c612ca9c6a9,2025-10-15T11:50:05.563776,grail,pause,10,True,5d32a63602e5,7.740663999811659,latency-9c612ca9c6a9.csv
2,9c612ca9c6a9,2025-10-15T11:50:05.680966,grail,G,6,True,5d32a63602e5,5.454115999782516,latency-9c612ca9c6a9.csv
2,9c612ca9c6a9,2025-10-15T11:50:05.792451,shrek,And,318,True,5d32a63602e5,6.135095999979967,latency-9c612ca9c6a9.csv
2,9c612ca9c6a9,2025-10-15T11:50:05.904167,grail,grabbing,5,True,5d32a63602e5,5.949224000232789,latency-9c612ca9c6a9.csv
2,9c612ca9c6a9,2025-10-15T11:50:06.017102,shrek3,Im,1,True,5d32a63602e5,7.0704810000279394,latency-9c612ca9c6a9.csv
2,9c612ca9c6a9,2025-10-15T11:50:06.130048,shrek,DONKEY,320,True,5d32a63602e5,7.206144000065251,latency-9c612ca9c6a9.csv
2,9c612ca9c6a9,2025-10-15T11:50:06.243888,grail,To,718,True,5d32a63602e5,6.9458709999707935,latency-9c612ca9c6a9.csv
2,9c612ca9c6a9,2025-10-15T11:50:06.357411,shrek,trip,1,True,4ee8a2a45a7d,10.441981999974814,latency-9c612ca9c6a9.csv
2,9c612ca9c6a9,2025-10-15T11:50:06.474851,grail,seek,12,True,c060a1e70889,7.73001400011708,latency-9c612ca9c6a9.csv
2,9c612ca9c6a9,2025-10-15T11:50:06.590881,shrek,I,386,True,5d32a63602e5,6.277381000018067,latency-9c612ca9c6a9.csv
2,9c612ca9c6a9,2025-10-15T11:50:06.703886,shrek,minute,3,True,c060a1e70889,7.634657999915362,latency-9c612ca9c6a9.csv
2,9c612ca9c6a9,2025-10-15T11:50:06.818016,shrek3,youre,0,True,c060a1e70889,7.2747280000839964,latency-9c612ca9c6a9.csv
2,9c612ca9c6a9,2025-10-15T11:50:06.931773,shrek,stairs,7,True,4ee8a2a45a7d,8.65838600020652,latency-9c612ca9c6a9.csv
1,a06e91ab10d3,2025-10-15T11:50:10.227433,grail,"collective,",0,True,5d32a63602e5,8.43951900014872,latency-a06e91ab10d3.csv
1,a06e91ab10d3,2025-10-15T11:50:10.343936,shrek3,its,1,True,5d32a63602e5,8.32744699982868,latency-a06e91ab10d3.csv
1,a06e91ab10d3,2025-10-15T11:50:10.461077,shrek3,Donkey,243,True,c060a1e70889,8.373811999717873,latency-a06e91ab10d3.csv
1,a06e91ab10d3,2025-10-15T11:50:10.578096,shrek3,Donkey,243,True,c060a1e70889,7.137762000184011,latency-a06e91ab10d3.csv
1,a06e91ab10d3,2025-10-15T11:50:10.692129,shrek3,WHITE,45,True,c060a1e70889,6.787231000089378,latency-a06e91ab10d3.csv
1,a06e91ab10d3,2025-10-15T11:50:10.804555,shrek3,They,80,True,c060a1e70889,12.4209890000202,latency-a06e91ab10d3.csv
1,a06e91ab10d3,2025-10-15T11:50:10.924983,shrek,the,535,True,c060a1e70889,9.435856999971293,latency-a06e91ab10d3.csv
1,a06e91ab10d3,2025-10-15T11:50:11.041080,grail,Christ,8,True,5d32a63602e5,8.6405309998554,latency-a06e91ab10d3.csv
1,a06e91ab10d3,2025-10-15T11:50:11.155245,shrek,(standing,0,True,5d32a63602e5,8.775517999765725,latency-a06e91ab10d3.csv
1,a06e91ab10d3,2025-10-15T11:50:11.270907,grail,king,136,True,5d32a63602e5,9.889364000173371,latency-a06e91ab10d3.csv
1,a06e91ab10d3,2025-10-15T11:50:11.388504,shrek3,They,80,True,5d32a63602e5,9.404181000263634,latency-a06e91ab10d3.csv
1,a06e91ab10d3,2025-10-15T11:50:11.509929,shrek,old,10,True,5d32a63602e5,9.769245999905252,latency-a06e91ab10d3.csv
1,a06e91ab10d3,2025-10-15T11:50:11.629916,grail,“I,0,True,c060a1e70889,6.136033000075258,latency-a06e91ab10d3.csv
1,a06e91ab10d3,2025-10-15T11:50:11.742652,grail,I,298,True,c060a1e70889,8.546087000013358,latency-a06e91ab10d3.csv
1,a06e91ab10d3,2025-10-15T11:50:11.858716,shrek3,field,3,True,c060a1e70889,7.682081999973889,latency-a06e91ab10d3.csv
1,a06e91ab10d3,2025-10-15T11:50:11.972706,grail,“I,0,True,c060a1e70889,8.602891999998974,latency-a06e91ab10d3.csv
1,a06e91ab10d3,2025-10-15T11:50:12.090842,shrek3,"meet""",0,True,c060a1e70889,7.193927000116673,latency-a06e91ab10d3.csv
1,a06e91ab10d3,2025-10-15T11:50:12.204034,grail,BEDEVERE,103,True,c060a1e70889,7.216375000098196,latency-a06e91ab10d3.csv
1,a06e91ab10d3,2025-10-15T11:50:12.317348,shrek3,decree,1,True,c060a1e70889,7.02038999997967,latency-a06e91ab10d3.csv
1,a06e91ab10d3,2025-10-15T11:50:12.436755,grail,"Peng,",0,True,c060a1e70889,6.925107999904867,latency-a06e91ab10d3.csv
2,a06e91ab10d3,2025-10-15T11:50:12.552583,grail,"collective,",0,True,c060a1e70889,12.21544800000629,latency-a06e91ab10d3.csv
2,a06e91ab10d3,2025-10-15T11:50:12.671780,shrek3,its,1,True,c060a1e70889,7.279719000052864,latency-a06e91ab10d3.csv
2,a06e91ab10d3,2025-10-15T11:50:12.785442,shrek3,Donkey,243,True,c060a1e70889,5.495358999723976,latency-a06e91ab10d3.csv
2,a06e91ab10d3,2025-10-15T11:50:12.897573,shrek3,Donkey,243,True,c060a1e70889,6.560705000083544,latency-a06e91ab10d3.csv
2,a06e91ab10d3,2025-10-15T11:50:13.010577,shrek3,WHITE,45,True,c060a1e70889,8.39212300024883,latency-a06e91ab10d3.csv
2,a06e91ab10d3,2025-10-15T11:50:13.126070,shrek3,They,80,True,c060a1e70889,8.818101000088063,latency-a06e91ab10d3.csv
2,a06e91ab10d3,2025-10-15T11:50:13.247110,shrek,the,535,True,c060a1e70889,4.481677000057971,latency-a06e91ab10d3.csv
2,a06e91ab10d3,2025-10-15T11:50:13.356366,grail,Christ,8,True,5d32a63602e5,4.610167000009824,latency-a06e91ab10d3.csv
2,a06e91ab10d3,2025-10-15T11:50:13.465401,shrek,(standing,0,True,5d32a63602e5,5.0480580002840725,latency-a06e91ab10d3.csv
2,a06e91ab10d3,2025-10-15T11:50:13.576975,grail,king,136,True,5d32a63602e5,8.030644999962533,latency-a06e91ab10d3.csv
2,a06e91ab10d3,2025-10-15T11:50:13.695339,shrek3,They,80,True,c060a1e70889,5.448250999961601,latency-a06e91ab10d3.csv
2,a06e91ab10d3,2025-10-15T11:50:13.806198,shrek,old,10,True,c060a1e70889,5.354935000013938,latency-a06e91ab10d3.csv
2,a06e91ab10d3,2025-10-15T11:50:13.919080,grail,“I,0,True,4ee8a2a45a7d,9.779446000266034,latency-a06e91ab10d3.csv
2,a06e91ab10d3,2025-10-15T11:50:14.044324,grail,I,298,True,4ee8a2a45a7d,8.504554999944958,latency-a06e91ab10d3.csv
2,a06e91ab10d3,2025-10-15T11:50:14.161225,shrek3,field,3,True,5d32a63602e5,7.171989000198664,latency-a06e91ab10d3.csv
2,a06e91ab10d3,2025-10-15T11:50:14.276359,grail,“I,0,True,5d32a63602e5,10.5034479997812,latency-a06e91ab10d3.csv
2,a06e91ab10d3,2025-10-15T11:50:14.396956,shrek3,"meet""",0,True,5d32a63602e5,9.721431999878403,latency-a06e91ab10d3.csv
2,a06e91ab10d3,2025-10-15T11:50:14.519546,grail,BEDEVERE,103,True,4ee8a2a45a7d,9.688643999652411,latency-a06e91ab10d3.csv
2,a06e91ab10d3,2025-10-15T11:50:14.635855,shrek3,decree,1,True,4ee8a2a45a7d,5.862533999788866,latency-a06e91ab10d3.csv
2,a06e91ab10d3,2025-10-15T11:50:14.748903,grail,"Peng,",0,True,4ee8a2a45a7d,8.078292999925907,latency-a06e91ab10d3.csv
1,a19b13b65ef6,2025-10-15T11:49:36.060155,shrek,baby,3,False,c060a1e70889,32.783811000172136,latency-a19b13b65ef6.csv
1,a19b13b65ef6,2025-10-15T11:49:36.201131,grail,chops,3,False,c060a1e70889,14.362825000262092,latency-a19b13b65ef6.csv
1,a19b13b65ef6,2025-10-15T11:49:36.322213,grail,-,259,False,c060a1e70889,15.016587000445725,latency-a19b13b65ef6.csv
1,a19b13b65ef6,2025-10-15T11:49:36.443861,shrek,Nobody,4,False,c060a1e70889,13.859325999874272,latency-a19b13b65ef6.csv
1,a19b13b65ef6,2025-10-15T11:49:36.564889,shrek,And,318,False,c060a1e70889,14.601414000026123,latency-a19b13b65ef6.csv
1,a19b13b65ef6,2025-10-15T11:49:36.688935,shrek,Is,132,False,c060a1e70889,21.065488000203917,latency-a19b13b65ef6.csv
1,a19b13b65ef6,2025-10-15T11:49:36.816485,shrek,What,104,False,c060a1e70889,13.31725699992603,latency-a19b13b65ef6.csv
1,a19b13b65ef6,2025-10-15T11:49:36.938749,shrek,I,386,True,c060a1e70889,8.692806999988534,latency-a19b13b65ef6.csv
1,a19b13b65ef6,2025-10-15T11:49:37.057723,grail,music,21,False,c060a1e70889,38.736057999813056,latency-a19b13b65ef6.csv
1,a19b13b65ef6,2025-10-15T11:49:37.217409,grail,the,1600,False,c060a1e70889,17.598306000309094,latency-a19b13b65ef6.csv
1,a19b13b65ef6,2025-10-15T11:49:37.342562,shrek3,TO,511,False,c060a1e70889,16.096465999908105,latency-a19b13b65ef6.csv
1,a19b13b65ef6,2025-10-15T11:49:37.466315,grail,Michael,11,False,c060a1e70889,17.304613999840512,latency-a19b13b65ef6.csv
1,a19b13b65ef6,2025-10-15T11:49:37.601741,shrek,after,10,False,5d32a63602e5,16.67993099999876,latency-a19b13b65ef6.csv
1,a19b13b65ef6,2025-10-15T11:49:37.726589,grail,grabbing,5,False,5d32a63602e5,14.745209000011528,latency-a19b13b65ef6.csv
1,a19b13b65ef6,2025-10-15T11:49:37.850379,grail,G,6,False,5d32a63602e5,16.098205000162125,latency-a19b13b65ef6.csv
1,a19b13b65ef6,2025-10-15T11:49:37.976192,shrek3,PRINCE,207,True,c060a1e70889,7.245022000006429,latency-a19b13b65ef6.csv
1,a19b13b65ef6,2025-10-15T11:49:38.092230,shrek,way,26,False,c060a1e70889,32.646417999785626,latency-a19b13b65ef6.csv
1,a19b13b65ef6,2025-10-15T11:49:38.233159,shrek3,the,1285,False,c060a1e70889,25.379348999649665,latency-a19b13b65ef6.csv
1,a19b13b65ef6,2025-10-15T11:49:38.367834,grail,pseudonym,1,False,4ee8a2a45a7d,23.363195000001724,latency-a19b13b65ef6.csv
1,a19b13b65ef6,2025-10-15T11:49:38.510505,shrek,No,114,True,c060a1e70889,26.28601700007493,latency-a19b13b65ef6.csv
2,a19b13b65ef6,2025-10-15T11:49:38.668088,shrek,baby,3,True,c060a1e70889,7.6526889997694525,latency-a19b13b65ef6.csv
2,a19b13b65ef6,2025-10-15T11:49:38.784238,grail,chops,3,True,c060a1e70889,5.568135999965307,latency-a19b13b65ef6.csv
2,a19b13b65ef6,2025-10-15T11:49:38.895918,grail,-,259,True,4ee8a2a45a7d,6.703783999910229,latency-a19b13b65ef6.csv
2,a19b13b65ef6,2025-10-15T11:49:39.010184,shrek,Nobody,4,True,5d32a63602e5,6.5581310000197846,latency-a19b13b65ef6.csv
2,a19b13b65ef6,2025-10-15T11:49:39.122338,shrek,And,318,True,c060a1e70889,4.628027999842743,latency-a19b13b65ef6.csv
2,a19b13b65ef6,2025-10-15T11:49:39.234680,shrek,Is,132,True,c060a1e70889,4.617077000148129,latency-a19b13b65ef6.csv
2,a19b13b65ef6,2025-10-15T11:49:39.344002,shrek,What,104,True,c060a1e70889,5.432202000065445,latency-a19b13b65ef6.csv
2,a19b13b65ef6,2025-10-15T11:49:39.455635,shrek,I,386,True,c060a1e70889,5.129879000378423,latency-a19b13b65ef6.csv
2,a19b13b65ef6,2025-10-15T11:49:39.566194,grail,music,21,True,5d32a63602e5,6.711238000207231,latency-a19b13b65ef6.csv
2,a19b13b65ef6,2025-10-15T11:49:39.679067,grail,the,1600,True,5d32a63602e5,5.711844999950699,latency-a19b13b65ef6.csv
2,a19b13b65ef6,2025-10-15T11:49:39.790290,shrek3,TO,511,True,5d32a63602e5,4.312188999847422,latency-a19b13b65ef6.csv
2,a19b13b65ef6,2025-10-15T11:49:39.902855,grail,Michael,11,True,4ee8a2a45a7d,16.03970499991192,latency-a19b13b65ef6.csv
2,a19b13b65ef6,2025-10-15T11:49:40.033180,shrek,after,10,True,c060a1e70889,10.553107999839996,latency-a19b13b65ef6.csv
2,a19b13b65ef6,2025-10-15T11:49:40.156510,grail,grabbing,5,True,c060a1e70889,9.847124999851076,latency-a19b13b65ef6.csv
2,a19b13b65ef6,2025-10-15T11:49:40.279938,grail,G,6,True,5d32a63602e5,9.144679999735672,latency-a19b13b65ef6.csv
2,a19b13b65ef6,2025-10-15T11:49:40.398817,shrek3,PRINCE,207,True,5d32a63602e5,8.52963399984219,latency-a19b13b65ef6.csv
2,a19b13b65ef6,2025-10-15T11:49:40.520456,shrek,way,26,True,4ee8a2a45a7d,11.40574999999444,latency-a19b13b65ef6.csv
2,a19b13b65ef6,2025-10-15T11:49:40.641059,shrek3,the,1285,True,c060a1e70889,5.544730999645253,latency-a19b13b65ef6.csv
2,a19b13b65ef6,2025-10-15T11:49:40.753115,grail,pseudonym,1,True,4ee8a2a45a7d,6.39820000014879,latency-a19b13b65ef6.csv
2,a19b13b65ef6,2025-10-15T11:49:40.866384,shrek,No,114,True,4ee8a2a45a7d,9.047104999808653,latency-a19b13b65ef6.csv
1,a840d9c7b7f0,2025-10-15T11:50:12.789183,shrek3,Third,121,True,5d32a63602e5,6.095376000303077,latency-a840d9c7b7f0.csv
1,a840d9c7b7f0,2025-10-15T11:50:12.901075,shrek3,WHITE,45,True,5d32a63602e5,6.130517999736185,latency-a840d9c7b7f0.csv
1,a840d9c7b7f0,2025-10-15T11:50:13.013079,shrek,cottage,4,True,5d32a63602e5,7.399713000268093,latency-a840d9c7b7f0.csv
1,a840d9c7b7f0,2025-10-15T11:50:13.126969,shrek3,through,43,True,c060a1e70889,8.536702999663248,latency-a840d9c7b7f0.csv
1,a840d9c7b7f0,2025-10-15T11:50:13.255434,grail,us,32,True,c060a1e70889,4.989904000012757,latency-a840d9c7b7f0.csv
1,a840d9c7b7f0,2025-10-15T11:50:13.365409,grail,Cleese,10,True,c060a1e70889,4.417984000156139,latency-a840d9c7b7f0.csv
1,a840d9c7b7f0,2025-10-15T11:50:13.474339,shrek,DONKEY,320,True,c060a1e70889,5.270119999750023,latency-a840d9c7b7f0.csv
1,a840d9c7b7f0,2025-10-15T11:50:13.585502,shrek,the,535,True,c060a1e70889,7.698943999912444,latency-a840d9c7b7f0.csv
1,a840d9c7b7f0,2025-10-15T11:50:13.699972,shrek3,them,44,True,5d32a63602e5,5.25317699975858,latency-a840d9c7b7f0.csv
1,a840d9c7b7f0,2025-10-15T11:50:13.810337,shrek3,DONKEY,243,True,5d32a63602e5,5.524249000245618,latency-a840d9c7b7f0.csv
1,a840d9c7b7f0,2025-10-15T11:50:13.920776,shrek3,PRINCE,207,True,4ee8a2a45a7d,14.28289900013624,latency-a840d9c7b7f0.csv
1,a840d9c7b7f0,2025-10-15T11:50:14.051422,shrek3,They,80,True,5d32a63602e5,7.4887910000143165,latency-a840d9c7b7f0.csv
1,a840d9c7b7f0,2025-10-15T11:50:14.167125,shrek,you,409,True,4ee8a2a45a7d,7.120399000086763,latency-a840d9c7b7f0.csv
1,a840d9c7b7f0,2025-10-15T11:50:14.280988,grail,(as,0,True,4ee8a2a45a7d,9.905861999868648,latency-a840d9c7b7f0.csv
1,a840d9c7b7f0,2025-10-15T11:50:14.399019,shrek,Aah,6,True,4ee8a2a45a7d,8.27427300009731,latency-a840d9c7b7f0.csv
1,a840d9c7b7f0,2025-10-15T11:50:14.516779,shrek3,you,328,True,5d32a63602e5,5.845099999987724,latency-a840d9c7b7f0.csv
1,a840d9c7b7f0,2025-10-15T11:50:14.632308,shrek3,Gingerbread,37,True,5d32a63602e5,5.699144999653072,latency-a840d9c7b7f0.csv
1,a840d9c7b7f0,2025-10-15T11:50:14.744941,shrek3,CHARMING,232,True,5d32a63602e5,7.032778999928269,latency-a840d9c7b7f0.csv
1,a840d9c7b7f0,2025-10-15T11:50:14.861431,shrek,its,1,True,5d32a63602e5,6.73509499983993,latency-a840d9c7b7f0.csv
1,a840d9c7b7f0,2025-10-15T11:50:14.974384,grail,few,8,True,5d32a63602e5,6.019207999997889,latency-a840d9c7b7f0.csv
2,a840d9c7b7f0,2025-10-15T11:50:15.087956,shrek3,Third,121,True,5d32a63602e5,6.026090999966982,latency-a840d9c7b7f0.csv
2,a840d9c7b7f0,2025-10-15T11:50:15.199858,shrek3,WHITE,45,True,5d32a63602e5,4.555160000109026,latency-a840d9c7b7f0.csv
2,a840d9c7b7f0,2025-10-15T11:50:15.309991,shrek,cottage,4,True,c060a1e70889,6.712832000175695,latency-a840d9c7b7f0.csv
2,a840d9c7b7f0,2025-10-15T11:50:15.423222,shrek3,through,43,True,c060a1e70889,5.091262999940227,latency-a840d9c7b7f0.csv
2,a840d9c7b7f0,2025-10-15T11:50:15.533659,grail,us,32,True,c060a1e70889,8.816132999982074,latency-a840d9c7b7f0.csv
2,a840d9c7b7f0,2025-10-15T11:50:15.649620,grail,Cleese,10,True,c060a1e70889,6.350406000365183,latency-a840d9c7b7f0.csv
2,a840d9c7b7f0,2025-10-15T11:50:15.762083,shrek,DONKEY,320,True,c060a1e70889,5.305551000219566,latency-a840d9c7b7f0.csv
2,a840d9c7b7f0,2025-10-15T11:50:15.873962,shrek,the,535,True,5d32a63602e5,6.786168999951769,latency-a840d9c7b7f0.csv
2,a840d9c7b7f0,2025-10-15T11:50:15.987234,shrek3,them,44,True,5d32a63602e5,7.582794999962061,latency-a840d9c7b7f0.csv
2,a840d9c7b7f0,2025-10-15T11:50:16.101596,shrek3,DONKEY,243,True,5d32a63602e5,10.605402999772195,latency-a840d9c7b7f0.csv
2,a840d9c7b7f0,2025-10-15T11:50:16.218833,shrek3,PRINCE,207,True,c060a1e70889,9.285195999837017,latency-a840d9c7b7f0.csv
2,a840d9c7b7f0,2025-10-15T11:50:16.339792,shrek3,They,80,True,5d32a63602e5,10.629546000018308,latency-a840d9c7b7f0.csv
2,a840d9c7b7f0,2025-10-15T11:50:16.460570,shrek,you,409,True,5d32a63602e5,6.805683000038698,latency-a840d9c7b7f0.csv
2,a840d9c7b7f0,2025-10-15T11:50:16.575681,grail,(as,0,True,5d32a63602e5,11.136030000216124,latency-a840d9c7b7f0.csv
2,a840d9c7b7f0,2025-10-15T11:50:16.697657,shrek,Aah,6,True,c060a1e70889,6.921061999946687,latency-a840d9c7b7f0.csv
2,a840d9c7b7f0,2025-10-15T11:50:16.814242,shrek3,you,328,True,c060a1e70889,4.043505000026926,latency-a840d9c7b7f0.csv
2,a840d9c7b7f0,2025-10-15T11:50:16.925066,shrek3,Gingerbread,37,True,c060a1e70889,4.731332000119437,latency-a840d9c7b7f0.csv
2,a840d9c7b7f0,2025-10-15T11:50:17.036252,shrek3,CHARMING,232,True,c060a1e70889,6.290996999723575,latency-a840d9c7b7f0.csv
2,a840d9c7b7f0,2025-10-15T11:50:17.154380,shrek,its,1,True,5d32a63602e5,31.15836400002081,latency-a840d9c7b7f0.csv
2,a840d9c7b7f0,2025-10-15T11:50:17.305845,grail,few,8,True,c060a1e70889,5.964876999769331,latency-a840d9c7b7f0.csv
1,a844d1b767e6,2025-10-15T11:50:12.337733,shrek,No,114,True,c060a1e70889,9.289567999985591,latency-a844d1b767e6.csv
1,a844d1b767e6,2025-10-15T11:50:12.457628,shrek,SHREK,433,True,c060a1e70889,5.281789000036952,latency-a844d1b767e6.csv
1,a844d1b767e6,2025-10-15T11:50:12.570050,shrek,MAN,38,True,5d32a63602e5,15.44041000033758,latency-a844d1b767e6.csv
1,a844d1b767e6,2025-10-15T11:50:12.694877,grail,Rostmm,1,True,c060a1e70889,7.519441000113147,latency-a844d1b767e6.csv
1,a844d1b767e6,2025-10-15T11:50:12.814345,shrek3,CHARMING,232,True,c060a1e70889,4.456617999949231,latency-a844d1b767e6.csv
1,a844d1b767e6,2025-10-15T11:50:12.926227,grail,the,1600,True,c060a1e70889,5.13613000020996,latency-a844d1b767e6.csv
1,a844d1b767e6,2025-10-15T11:50:13.039131,shrek3,through,43,True,c060a1e70889,9.2390949998844,latency-a844d1b767e6.csv
1,a844d1b767e6,2025-10-15T11:50:13.159617,grail,"collective,",0,True,c060a1e70889,5.408409000210668,latency-a844d1b767e6.csv
1,a844d1b767e6,2025-10-15T11:50:13.270668,shrek,ogre,27,True,c060a1e70889,4.6688400002494745,latency-a844d1b767e6.csv
1,a844d1b767e6,2025-10-15T11:50:13.380609,shrek3,Ahh,8,True,c060a1e70889,5.199312000058853,latency-a844d1b767e6.csv
1,a844d1b767e6,2025-10-15T11:50:13.490709,shrek3,2,8,True,c060a1e70889,7.063889000164636,latency-a844d1b767e6.csv
1,a844d1b767e6,2025-10-15T11:50:13.604910,grail,THREE-HEADED,8,True,c060a1e70889,7.071178999922267,latency-a844d1b767e6.csv
1,a844d1b767e6,2025-10-15T11:50:13.718397,shrek,Nobody,4,True,c060a1e70889,4.507752999870718,latency-a844d1b767e6.csv
1,a844d1b767e6,2025-10-15T11:50:13.827801,shrek3,CAPTAIN,41,True,c060a1e70889,4.508538999743905,latency-a844d1b767e6.csv
1,a844d1b767e6,2025-10-15T11:50:13.937974,shrek,at,62,True,c060a1e70889,8.503487999860226,latency-a844d1b767e6.csv
1,a844d1b767e6,2025-10-15T11:50:14.059862,shrek,who,29,True,c060a1e70889,7.700913000007858,latency-a844d1b767e6.csv
1,a844d1b767e6,2025-10-15T11:50:14.173006,shrek3,his,238,True,c060a1e70889,6.614093999814941,latency-a844d1b767e6.csv
1,a844d1b767e6,2025-10-15T11:50:14.284996,grail,king,136,True,c060a1e70889,10.218489000180853,latency-a844d1b767e6.csv
1,a844d1b767e6,2025-10-15T11:50:14.402239,shrek3,his,238,True,c060a1e70889,10.252405000301223,latency-a844d1b767e6.csv
1,a844d1b767e6,2025-10-15T11:50:14.525433,shrek3,Cinderella,21,True,c060a1e70889,8.880412000053184,latency-a844d1b767e6.csv
2,a844d1b767e6,2025-10-15T11:50:14.642330,shrek,No,114,True,c060a1e70889,6.719209000038973,latency-a844d1b767e6.csv
2,a844d1b767e6,2025-10-15T11:50:14.754758,shrek,SHREK,433,True,c060a1e70889,8.562976000121125,latency-a844d1b767e6.csv
2,a844d1b767e6,2025-10-15T11:50:14.874999,shrek,MAN,38,True,c060a1e70889,5.925244999616552,latency-a844d1b767e6.csv
2,a844d1b767e6,2025-10-15T11:50:14.986841,grail,Rostmm,1,True,c060a1e70889,8.310785000048782,latency-a844d1b767e6.csv
2,a844d1b767e6,2025-10-15T11:50:15.101407,shrek3,CHARMING,232,True,c060a1e70889,5.846682000083092,latency-a844d1b767e6.csv
2,a844d1b767e6,2025-10-15T11:50:15.212686,grail,the,1600,True,c060a1e70889,6.397342999662214,latency-a844d1b767e6.csv
2,a844d1b767e6,2025-10-15T11:50:15.325459,shrek3,through,43,True,c060a1e70889,9.498765999978788,latency-a844d1b767e6.csv
2,a844d1b767e6,2025-10-15T11:50:15.442926,grail,"collective,",0,True,c060a1e70889,6.229957999948965,latency-a844d1b767e6.csv
2,a844d1b767e6,2025-10-15T11:50:15.554950,shrek,ogre,27,True,c060a1e70889,8.459248999770352,latency-a844d1b767e6.csv
2,a844d1b767e6,2025-10-15T11:50:15.670026,shrek3,Ahh,8,True,c060a1e70889,7.549793999714893,latency-a844d1b767e6.csv
2,a844d1b767e6,2025-10-15T11:50:15.784165,shrek3,2,8,True,c060a1e70889,7.841552000172669,latency-a844d1b767e6.csv
2,a844d1b767e6,2025-10-15T11:50:15.898014,grail,THREE-HEADED,8,True,c060a1e70889,7.425863999742432,latency-a844d1b767e6.csv
2,a844d1b767e6,2025-10-15T11:50:16.012500,shrek,Nobody,4,True,c060a1e70889,7.948464000037347,latency-a844d1b767e6.csv
2,a844d1b767e6,2025-10-15T11:50:16.126500,shrek3,CAPTAIN,41,True,c060a1e70889,6.467369999882067,latency-a844d1b767e6.csv
2,a844d1b767e6,2025-10-15T11:50:16.240255,shrek,at,62,True,c060a1e70889,9.936131000358728,latency-a844d1b767e6.csv
2,a844d1b767e6,2025-10-15T11:50:16.357236,shrek,who,29,True,c060a1e70889,7.779331000165257,latency-a844d1b767e6.csv
2,a844d1b767e6,2025-10-15T11:50:16.470870,shrek3,his,238,True,c060a1e70889,7.424573000207602,latency-a844d1b767e6.csv
2,a844d1b767e6,2025-10-15T11:50:16.583867,grail,king,136,True,4ee8a2a45a7d,11.989816000095743,latency-a844d1b767e6.csv
2,a844d1b767e6,2025-10-15T11:50:16.703592,shrek3,his,238,True,5d32a63602e5,9.345418000066276,latency-a844d1b767e6.csv
2,a844d1b767e6,2025-10-15T11:50:16.821243,shrek3,Cinderella,21,True,5d32a63602e5,6.12874099988403,latency-a844d1b767e6.csv
1,a8851748188c,2025-10-15T11:49:48.142856,shrek3,boomerang,1,True,c060a1e70889,8.064307000040571,latency-a8851748188c.csv
1,a8851748188c,2025-10-15T11:49:48.257750,shrek3,Arg,1,False,c060a1e70889,17.894929999783926,latency-a8851748188c.csv
1,a8851748188c,2025-10-15T11:49:48.382647,shrek3,cosmic,1,True,c060a1e70889,4.80762400002277,latency-a8851748188c.csv
1,a8851748188c,2025-10-15T11:49:48.493245,shrek3,EVIL,59,True,c060a1e70889,7.058266000058211,latency-a8851748188c.csv
1,a8851748188c,2025-10-15T11:49:48.606583,shrek,SHREK,433,True,5d32a63602e5,6.416467000235571,latency-a8851748188c.csv
1,a8851748188c,2025-10-15T11:49:48.719299,shrek3,showing,1,True,5d32a63602e5,5.864399000074627,latency-a8851748188c.csv
1,a8851748188c,2025-10-15T11:49:48.832900,shrek,tell,25,True,c060a1e70889,13.652717999775632,latency-a8851748188c.csv
1,a8851748188c,2025-10-15T11:49:48.963973,grail,king,136,True,5d32a63602e5,7.236010999804421,latency-a8851748188c.csv
1,a8851748188c,2025-10-15T11:49:49.077693,shrek3,PRINCE,207,True,5d32a63602e5,6.634016000134579,latency-a8851748188c.csv
1,a8851748188c,2025-10-15T11:49:49.190268,shrek,SHREK,433,True,5d32a63602e5,4.68504100035716,latency-a8851748188c.csv
1,a8851748188c,2025-10-15T11:49:49.300145,shrek,you,409,True,5d32a63602e5,4.2366980001133925,latency-a8851748188c.csv
1,a8851748188c,2025-10-15T11:49:49.409288,shrek,field,4,True,c060a1e70889,5.030427000292548,latency-a8851748188c.csv
1,a8851748188c,2025-10-15T11:49:49.519981,shrek,ogre,27,True,c060a1e70889,10.313140000107524,latency-a8851748188c.csv
1,a8851748188c,2025-10-15T11:49:49.637929,shrek,the,535,True,c060a1e70889,5.424388000392355,latency-a8851748188c.csv
1,a8851748188c,2025-10-15T11:49:49.750260,grail,witch,30,True,c060a1e70889,4.590265999922849,latency-a8851748188c.csv
1,a8851748188c,2025-10-15T11:49:49.860572,grail,GALAHAD,87,True,c060a1e70889,8.791535000000295,latency-a8851748188c.csv
1,a8851748188c,2025-10-15T11:49:49.976776,shrek3,Uh,18,True,c060a1e70889,6.125651999809634,latency-a8851748188c.csv
1,a8851748188c,2025-10-15T11:49:50.090065,shrek3,CHARMING,232,True,c060a1e70889,6.67462000001251,latency-a8851748188c.csv
1,a8851748188c,2025-10-15T11:49:50.202978,grail,pause,10,False,c060a1e70889,11.324808000154007,latency-a8851748188c.csv
1,a8851748188c,2025-10-15T11:49:50.322423,grail,Aaaaugh,9,True,c060a1e70889,6.765571999949316,latency-a8851748188c.csv
2,a8851748188c,2025-10-15T11:49:50.434854,shrek3,boomerang,1,True,c060a1e70889,5.195108999942022,latency-a8851748188c.csv
2,a8851748188c,2025-10-15T11:49:50.546498,shrek3,Arg,1,True,c060a1e70889,6.8687379998664255,latency-a8851748188c.csv
2,a8851748188c,2025-10-15T11:49:50.659929,shrek3,cosmic,1,True,c060a1e70889,5.665047000093182,latency-a8851748188c.csv
2,a8851748188c,2025-10-15T11:49:50.771794,shrek3,EVIL,59,True,c060a1e70889,7.097413000337838,latency-a8851748188c.csv
2,a8851748188c,2025-10-15T11:49:50.885240,shrek,SHREK,433,True,c060a1e70889,4.807955999694968,latency-a8851748188c.csv
2,a8851748188c,2025-10-15T11:49:50.996155,shrek3,showing,1,True,c060a1e70889,5.2531660003296565,latency-a8851748188c.csv
2,a8851748188c,2025-10-15T11:49:51.108424,shrek,tell,25,True,c060a1e70889,7.416274000206613,latency-a8851748188c.csv
2,a8851748188c,2025-10-15T11:49:51.224582,grail,king,136,True,c060a1e70889,5.746956000166392,latency-a8851748188c.csv
2,a8851748188c,2025-10-15T11:49:51.336564,shrek3,PRINCE,207,True,c060a1e70889,7.136318999982905,latency-a8851748188c.csv
2,a8851748188c,2025-10-15T11:49:51.453200,shrek,SHREK,433,True,c060a1e70889,8.652547000110644,latency-a8851748188c.csv
2,a8851748188c,2025-10-15T11:49:51.573186,shrek,you,409,True,5d32a63602e5,23.520590999851265,latency-a8851748188c.csv
2,a8851748188c,2025-10-15T11:49:51.723551,shrek,field,4,True,4ee8a2a45a7d,26.95441000014398,latency-a8851748188c.csv
2,a8851748188c,2025-10-15T11:49:51.865485,shrek,ogre,27,True,c060a1e70889,36.2892949997331,latency-a8851748188c.csv
2,a8851748188c,2025-10-15T11:49:52.026618,shrek,the,535,True,5d32a63602e5,11.641840000265802,latency-a8851748188c.csv
2,a8851748188c,2025-10-15T11:49:52.148999,grail,witch,30,True,c060a1e70889,5.676549999861891,latency-a8851748188c.csv
2,a8851748188c,2025-10-15T11:49:52.262106,grail,GALAHAD,87,True,c060a1e70889,5.660910000187869,latency-a8851748188c.csv
2,a8851748188c,2025-10-15T11:49:52.374627,shrek3,Uh,18,True,c060a1e70889,5.568239000240283,latency-a8851748188c.csv
2,a8851748188c,2025-10-15T11:49:52.486684,shrek3,CHARMING,232,True,c060a1e70889,6.64930600032676,latency-a8851748188c.csv
2,a8851748188c,2025-10-15T11:49:52.600033,grail,pause,10,True,c060a1e70889,7.348466000166809,latency-a8851748188c.csv
2,a8851748188c,2025-10-15T11:49:52.717962,grail,Aaaaugh,9,True,c060a1e70889,13.86206899996978,latency-a8851748188c.csv
1,aaf9f914a463,2025-10-15T11:50:14.185447,shrek3,Be,71,True,c060a1e70889,8.419105000029958,latency-aaf9f914a463.csv
1,aaf9f914a463,2025-10-15T11:50:14.303168,grail,To,718,True,c060a1e70889,7.426978999774292,latency-aaf9f914a463.csv
1,aaf9f914a463,2025-10-15T11:50:14.417686,shrek,I,386,True,4ee8a2a45a7d,12.686784000379705,latency-aaf9f914a463.csv
1,aaf9f914a463,2025-10-15T11:50:14.546264,shrek3,WOLF,7,True,c060a1e70889,7.807886000136932,latency-aaf9f914a463.csv
1,aaf9f914a463,2025-10-15T11:50:14.659953,shrek,you,409,True,5d32a63602e5,4.9102100001618965,latency-aaf9f914a463.csv
1,aaf9f914a463,2025-10-15T11:50:14.770517,grail,at,104,True,5d32a63602e5,10.41952700006732,latency-aaf9f914a463.csv
1,aaf9f914a463,2025-10-15T11:50:14.890183,grail,the,1600,True,c060a1e70889,7.030614000086644,latency-aaf9f914a463.csv
1,aaf9f914a463,2025-10-15T11:50:15.004818,shrek3,Ahh,8,True,c060a1e70889,8.897617000002356,latency-aaf9f914a463.csv
1,aaf9f914a463,2025-10-15T11:50:15.121129,shrek,lay,2,True,c060a1e70889,6.716683999911766,latency-aaf9f914a463.csv
1,aaf9f914a463,2025-10-15T11:50:15.233655,shrek3,DWARF,10,True,c060a1e70889,9.478505000060975,latency-aaf9f914a463.csv
1,aaf9f914a463,2025-10-15T11:50:15.352052,shrek,tell,25,True,c060a1e70889,9.77112999999008,latency-aaf9f914a463.csv
1,aaf9f914a463,2025-10-15T11:50:15.471827,shrek,DONKEY,320,True,c060a1e70889,5.324567000116076,latency-aaf9f914a463.csv
1,aaf9f914a463,2025-10-15T11:50:15.583107,shrek,He,118,True,5d32a63602e5,9.180545999697642,latency-aaf9f914a463.csv
1,aaf9f914a463,2025-10-15T11:50:15.706999,shrek,field,4,True,5d32a63602e5,6.348389000322641,latency-aaf9f914a463.csv
1,aaf9f914a463,2025-10-15T11:50:15.819624,shrek,to,268,True,5d32a63602e5,6.50505300018267,latency-aaf9f914a463.csv
1,aaf9f914a463,2025-10-15T11:50:15.932931,shrek,Blah,1,True,5d32a63602e5,6.348863999846799,latency-aaf9f914a463.csv
1,aaf9f914a463,2025-10-15T11:50:16.045854,grail,sell,1,True,5d32a63602e5,5.715676000363601,latency-aaf9f914a463.csv
1,aaf9f914a463,2025-10-15T11:50:16.157571,grail,THREE-HEADED,8,True,c060a1e70889,6.153524000183097,latency-aaf9f914a463.csv
1,aaf9f914a463,2025-10-15T11:50:16.271117,shrek3,SHOUTING),0,True,c060a1e70889,9.133039000062126,latency-aaf9f914a463.csv
1,aaf9f914a463,2025-10-15T11:50:16.386844,shrek,one,44,True,c060a1e70889,5.771765999725176,latency-aaf9f914a463.csv
2,aaf9f914a463,2025-10-15T11:50:16.497729,shrek3,Be,71,True,c060a1e70889,5.486330000167072,latency-aaf9f914a463.csv
2,aaf9f914a463,2025-10-15T11:50:16.608611,grail,To,718,True,c060a1e70889,14.68890099977216,latency-aaf9f914a463.csv
2,aaf9f914a463,2025-10-15T11:50:16.731367,shrek,I,386,True,5d32a63602e5,5.237106000095082,latency-aaf9f914a463.csv
2,aaf9f914a463,2025-10-15T11:50:16.842566,shrek3,WOLF,7,True,5d32a63602e5,6.518583999877592,latency-aaf9f914a463.csv
2,aaf9f914a463,2025-10-15T11:50:16.955324,shrek,you,409,True,5d32a63602e5,6.358787999943161,latency-aaf9f914a463.csv
2,aaf9f914a463,2025-10-15T11:50:17.067142,grail,at,104,True,5d32a63602e5,6.875051999941206,latency-aaf9f914a463.csv
2,aaf9f914a463,2025-10-15T11:50:17.180213,grail,the,1600,True,c060a1e70889,22.05710199996247,latency-aaf9f914a463.csv
2,aaf9f914a463,2025-10-15T11:50:17.318862,shrek3,Ahh,8,True,4ee8a2a45a7d,9.083998999813048,latency-aaf9f914a463.csv
2,aaf9f914a463,2025-10-15T11:50:17.437837,shrek,lay,2,True,5d32a63602e5,5.218430999775592,latency-aaf9f914a463.csv
2,aaf9f914a463,2025-10-15T11:50:17.551831,shrek3,DWARF,10,True,5d32a63602e5,5.581536000136111,latency-aaf9f914a463.csv
2,aaf9f914a463,2025-10-15T11:50:17.665872,shrek,tell,25,True,5d32a63602e5,11.140524000438743,latency-aaf9f914a463.csv
2,aaf9f914a463,2025-10-15T11:50:17.788909,shrek,DONKEY,320,True,5d32a63602e5,12.457240000003369,latency-aaf9f914a463.csv
2,aaf9f914a463,2025-10-15T11:50:17.914069,shrek,He,118,True,5d32a63602e5,10.636708999754774,latency-aaf9f914a463.csv
2,aaf9f914a463,2025-10-15T11:50:18.035207,shrek,field,4,True,5d32a63602e5,10.00879800039911,latency-aaf9f914a463.csv
2,aaf9f914a463,2025-10-15T11:50:18.154099,shrek,to,268,True,5d32a63602e5,6.624094000017067,latency-aaf9f914a463.csv
2,aaf9f914a463,2025-10-15T11:50:18.268191,shrek,Blah,1,True,c060a1e70889,4.3180289999327215,latency-aaf9f914a463.csv
2,aaf9f914a463,2025-10-15T11:50:18.379198,grail,sell,1,True,c060a1e70889,4.38006000013047,latency-aaf9f914a463.csv
2,aaf9f914a463,2025-10-15T11:50:18.489355,grail,THREE-HEADED,8,True,c060a1e70889,4.368848000012804,latency-aaf9f914a463.csv
2,aaf9f914a463,2025-10-15T11:50:18.598291,shrek3,SHOUTING),0,True,c060a1e70889,4.397277999942162,latency-aaf9f914a463.csv
2,aaf9f914a463,2025-10-15T11:50:18.707423,shrek,one,44,True,c060a1e70889,4.013455999938742,latency-aaf9f914a463.csv
1,ad9c6fc7a801,2025-10-15T11:50:03.188981,shrek,FARQUAAD,84,True,c060a1e70889,5.157424999651994,latency-ad9c6fc7a801.csv
1,ad9c6fc7a801,2025-10-15T11:50:03.299741,shrek3,Final,119,True,c060a1e70889,7.521817999986524,latency-ad9c6fc7a801.csv
1,ad9c6fc7a801,2025-10-15T11:50:03.413233,shrek3,with,112,True,c060a1e70889,4.66254699995261,latency-ad9c6fc7a801.csv
1,ad9c6fc7a801,2025-10-15T11:50:03.523206,grail,"Peng,",0,True,c060a1e70889,5.71189799984495,latency-ad9c6fc7a801.csv
1,ad9c6fc7a801,2025-10-15T11:50:03.635296,grail,Bum,13,True,c060a1e70889,5.515050000212796,latency-ad9c6fc7a801.csv
1,ad9c6fc7a801,2025-10-15T11:50:03.746180,shrek,SHREK,433,True,c060a1e70889,7.696597000176553,latency-ad9c6fc7a801.csv
1,ad9c6fc7a801,2025-10-15T11:50:03.859643,shrek,swamp,18,True,c060a1e70889,8.243336999839812,latency-ad9c6fc7a801.csv
1,ad9c6fc7a801,2025-10-15T11:50:03.974380,grail,going,21,True,c060a1e70889,6.380592999903456,latency-ad9c6fc7a801.csv
1,ad9c6fc7a801,2025-10-15T11:50:04.087033,shrek,And,318,True,5d32a63602e5,7.733004000328947,latency-ad9c6fc7a801.csv
1,ad9c6fc7a801,2025-10-15T11:50:04.202009,grail,time,33,True,5d32a63602e5,10.696761999952288,latency-ad9c6fc7a801.csv
1,ad9c6fc7a801,2025-10-15T11:50:04.325129,grail,on,139,True,c060a1e70889,10.528890999921714,latency-ad9c6fc7a801.csv
1,ad9c6fc7a801,2025-10-15T11:50:04.449814,shrek,afraid,8,True,5d32a63602e5,5.910693999794603,latency-ad9c6fc7a801.csv
1,ad9c6fc7a801,2025-10-15T11:50:04.571023,shrek3,Final,119,True,c060a1e70889,6.788873000004969,latency-ad9c6fc7a801.csv
1,ad9c6fc7a801,2025-10-15T11:50:04.683937,grail,the,1600,True,c060a1e70889,7.086569999955827,latency-ad9c6fc7a801.csv
1,ad9c6fc7a801,2025-10-15T11:50:04.798066,grail,cross,13,True,c060a1e70889,8.977949999916746,latency-ad9c6fc7a801.csv
1,ad9c6fc7a801,2025-10-15T11:50:04.919233,shrek,swamp,18,True,c060a1e70889,13.093358999867633,latency-ad9c6fc7a801.csv
1,ad9c6fc7a801,2025-10-15T11:50:05.041764,shrek3,RAPUNZEL,30,True,c060a1e70889,13.12697899993509,latency-ad9c6fc7a801.csv
1,ad9c6fc7a801,2025-10-15T11:50:05.165861,grail,"Peng,",0,True,c060a1e70889,7.694132999858994,latency-ad9c6fc7a801.csv
1,ad9c6fc7a801,2025-10-15T11:50:05.283623,shrek3,JOCKS,2,False,5d32a63602e5,12.247386999661105,latency-ad9c6fc7a801.csv
1,ad9c6fc7a801,2025-10-15T11:50:05.401879,shrek3,still,18,True,5d32a63602e5,10.361912000007578,latency-ad9c6fc7a801.csv
2,ad9c6fc7a801,2025-10-15T11:50:05.526347,shrek,FARQUAAD,84,True,4ee8a2a45a7d,10.4130299996541,latency-ad9c6fc7a801.csv
2,ad9c6fc7a801,2025-10-15T11:50:05.645489,shrek3,Final,119,True,c060a1e70889,5.994378000195866,latency-ad9c6fc7a801.csv
2,ad9c6fc7a801,2025-10-15T11:50:05.757671,shrek3,with,112,True,c060a1e70889,8.238712000093074,latency-ad9c6fc7a801.csv
2,ad9c6fc7a801,2025-10-15T11:50:05.875419,grail,"Peng,",0,True,5d32a63602e5,9.239087999958429,latency-ad9c6fc7a801.csv
2,ad9c6fc7a801,2025-10-15T11:50:05.991976,grail,Bum,13,True,5d32a63602e5,8.131883999794809,latency-ad9c6fc7a801.csv
2,ad9c6fc7a801,2025-10-15T11:50:06.110286,shrek,SHREK,433,True,5d32a63602e5,8.021463999739353,latency-ad9c6fc7a801.csv
2,ad9c6fc7a801,2025-10-15T11:50:06.224507,shrek,swamp,18,True,5d32a63602e5,8.275844000309007,latency-ad9c6fc7a801.csv
2,ad9c6fc7a801,2025-10-15T11:50:06.342674,grail,going,21,True,c060a1e70889,9.901441999772942,latency-ad9c6fc7a801.csv
2,ad9c6fc7a801,2025-10-15T11:50:06.464053,shrek,And,318,True,5d32a63602e5,4.839231000005384,latency-ad9c6fc7a801.csv
2,ad9c6fc7a801,2025-10-15T11:50:06.575947,grail,time,33,True,4ee8a2a45a7d,6.5326809999533,latency-ad9c6fc7a801.csv
2,ad9c6fc7a801,2025-10-15T11:50:06.690955,grail,on,139,True,4ee8a2a45a7d,7.932298000014271,latency-ad9c6fc7a801.csv
2,ad9c6fc7a801,2025-10-15T11:50:06.808644,shrek,afraid,8,True,4ee8a2a45a7d,6.655388999661227,latency-ad9c6fc7a801.csv
2,ad9c6fc7a801,2025-10-15T11:50:06.922448,shrek3,Final,119,True,5d32a63602e5,6.216550000317511,latency-ad9c6fc7a801.csv
2,ad9c6fc7a801,2025-10-15T11:50:07.039191,grail,the,1600,True,5d32a63602e5,11.178942000242388,latency-ad9c6fc7a801.csv
2,ad9c6fc7a801,2025-10-15T11:50:07.157153,grail,cross,13,True,4ee8a2a45a7d,6.412371999886091,latency-ad9c6fc7a801.csv
2,ad9c6fc7a801,2025-10-15T11:50:07.272447,shrek,swamp,18,True,c060a1e70889,14.690512000015588,latency-ad9c6fc7a801.csv
2,ad9c6fc7a801,2025-10-15T11:50:07.406915,shrek3,RAPUNZEL,30,True,4ee8a2a45a7d,6.288911999945412,latency-ad9c6fc7a801.csv
2,ad9c6fc7a801,2025-10-15T11:50:07.520033,grail,"Peng,",0,True,5d32a63602e5,8.19253400004527,latency-ad9c6fc7a801.csv
2,ad9c6fc7a801,2025-10-15T11:50:07.635184,shrek3,JOCKS,2,True,5d32a63602e5,7.776150000154303,latency-ad9c6fc7a801.csv
2,ad9c6fc7a801,2025-10-15T11:50:07.749984,shrek3,still,18,True,4ee8a2a45a7d,7.80526100015777,latency-ad9c6fc7a801.csv
1,af3bc8677f92,2025-10-15T11:49:54.589332,shrek3,him,87,True,c060a1e70889,6.145667000055255,latency-af3bc8677f92.csv
1,af3bc8677f92,2025-10-15T11:49:54.701661,shrek,SHREK,433,True,c060a1e70889,5.844375999913609,latency-af3bc8677f92.csv
1,af3bc8677f92,2025-10-15T11:49:54.813350,shrek3,ruby,1,True,5d32a63602e5,8.967139000105817,latency-af3bc8677f92.csv
1,af3bc8677f92,2025-10-15T11:49:54.930016,shrek,on,88,True,5d32a63602e5,5.6813740002326085,latency-af3bc8677f92.csv
1,af3bc8677f92,2025-10-15T11:49:55.041846,shrek,SHREK,433,True,4ee8a2a45a7d,10.91454099969269,latency-af3bc8677f92.csv
1,af3bc8677f92,2025-10-15T11:49:55.161630,shrek,trip,1,True,4ee8a2a45a7d,9.717027999613492,latency-af3bc8677f92.csv
1,af3bc8677f92,2025-10-15T11:49:55.279131,shrek3,SHREK,678,True,c060a1e70889,8.025930000258086,latency-af3bc8677f92.csv
1,af3bc8677f92,2025-10-15T11:49:55.395333,grail,Launcelot,107,True,c060a1e70889,6.937531999938074,latency-af3bc8677f92.csv
1,af3bc8677f92,2025-10-15T11:49:55.507859,shrek,rising,1,True,5d32a63602e5,7.576024000172765,latency-af3bc8677f92.csv
1,af3bc8677f92,2025-10-15T11:49:55.621923,shrek3,CHARMING,232,True,5d32a63602e5,8.048688000144466,latency-af3bc8677f92.csv
1,af3bc8677f92,2025-10-15T11:49:55.736271,grail,To,718,True,5d32a63602e5,8.452703999864752,latency-af3bc8677f92.csv
1,af3bc8677f92,2025-10-15T11:49:55.850475,grail,-,259,True,5d32a63602e5,7.622293000167701,latency-af3bc8677f92.csv
1,af3bc8677f92,2025-10-15T11:49:55.964078,shrek3,Final,119,True,5d32a63602e5,7.779138999921997,latency-af3bc8677f92.csv
1,af3bc8677f92,2025-10-15T11:49:56.079324,shrek3,"meet""",0,False,5d32a63602e5,22.807169999850885,latency-af3bc8677f92.csv
1,af3bc8677f92,2025-10-15T11:49:56.209697,shrek,whistles,2,True,c060a1e70889,7.105016999958025,latency-af3bc8677f92.csv
1,af3bc8677f92,2025-10-15T11:49:56.324325,shrek,will,16,True,c060a1e70889,8.267387000159943,latency-af3bc8677f92.csv
1,af3bc8677f92,2025-10-15T11:49:56.438269,shrek3,DONKEY,243,True,c060a1e70889,6.677301000308944,latency-af3bc8677f92.csv
1,af3bc8677f92,2025-10-15T11:49:56.551733,grail,on,139,True,c060a1e70889,18.99366900033783,latency-af3bc8677f92.csv
1,af3bc8677f92,2025-10-15T11:49:56.686322,grail,for,118,True,5d32a63602e5,10.381564999988768,latency-af3bc8677f92.csv
1,af3bc8677f92,2025-10-15T11:49:56.807547,shrek3,DONKEY,243,True,c060a1e70889,8.859564999966096,latency-af3bc8677f92.csv
2,af3bc8677f92,2025-10-15T11:49:56.927773,shrek3,him,87,True,c060a1e70889,7.938139000088995,latency-af3bc8677f92.csv
2,af3bc8677f92,2025-10-15T11:49:57.046571,shrek,SHREK,433,True,c060a1e70889,19.95566400000825,latency-af3bc8677f92.csv
2,af3bc8677f92,2025-10-15T11:49:57.175903,shrek3,ruby,1,True,c060a1e70889,7.260038999902463,latency-af3bc8677f92.csv
2,af3bc8677f92,2025-10-15T11:49:57.289829,shrek,on,88,True,c060a1e70889,7.269898000231478,latency-af3bc8677f92.csv
2,af3bc8677f92,2025-10-15T11:49:57.403800,shrek,SHREK,433,True,c060a1e70889,5.01743799986798,latency-af3bc8677f92.csv
2,af3bc8677f92,2025-10-15T11:49:57.514166,shrek,trip,1,True,c060a1e70889,7.451080000009824,latency-af3bc8677f92.csv
2,af3bc8677f92,2025-10-15T11:49:57.630399,shrek3,SHREK,678,True,4ee8a2a45a7d,17.328781000287563,latency-af3bc8677f92.csv
2,af3bc8677f92,2025-10-15T11:49:57.758169,grail,Launcelot,107,True,5d32a63602e5,7.249833999594557,latency-af3bc8677f92.csv
2,af3bc8677f92,2025-10-15T11:49:57.872842,shrek,rising,1,True,5d32a63602e5,8.627969999906782,latency-af3bc8677f92.csv
2,af3bc8677f92,2025-10-15T11:49:57.990086,shrek3,CHARMING,232,True,c060a1e70889,6.178786999953445,latency-af3bc8677f92.csv
2,af3bc8677f92,2025-10-15T11:49:58.102820,grail,To,718,True,4ee8a2a45a7d,12.91789200013227,latency-af3bc8677f92.csv
2,af3bc8677f92,2025-10-15T11:49:58.231066,grail,-,259,True,c060a1e70889,6.784168999729445,latency-af3bc8677f92.csv
2,af3bc8677f92,2025-10-15T11:49:58.347977,shrek3,Final,119,True,c060a1e70889,4.76906499989127,latency-af3bc8677f92.csv
2,af3bc8677f92,2025-10-15T11:49:58.460251,shrek3,"meet""",0,True,c060a1e70889,7.198149000032572,latency-af3bc8677f92.csv
2,af3bc8677f92,2025-10-15T11:49:58.575435,shrek,whistles,2,True,5d32a63602e5,11.232149999614194,latency-af3bc8677f92.csv
2,af3bc8677f92,2025-10-15T11:49:58.700099,shrek,will,16,True,5d32a63602e5,5.466455999794562,latency-af3bc8677f92.csv
2,af3bc8677f92,2025-10-15T11:49:58.811646,shrek3,DONKEY,243,True,5d32a63602e5,10.03677400012748,latency-af3bc8677f92.csv
2,af3bc8677f92,2025-10-15T11:49:58.929019,grail,on,139,True,c060a1e70889,5.25335600013932,latency-af3bc8677f92.csv
2,af3bc8677f92,2025-10-15T11:49:59.041722,grail,for,118,True,c060a1e70889,4.482327000005171,latency-af3bc8677f92.csv
2,af3bc8677f92,2025-10-15T11:49:59.152363,shrek3,DONKEY,243,True,c060a1e70889,5.028118000154791,latency-af3bc8677f92.csv
1,af9abbdebaf0,2025-10-15T11:49:55.005031,shrek3,us,12,True,c060a1e70889,5.419233999873541,latency-af9abbdebaf0.csv
1,af9abbdebaf0,2025-10-15T11:49:55.115192,grail,19Prince,0,False,c060a1e70889,11.792409000008774,latency-af9abbdebaf0.csv
1,af9abbdebaf0,2025-10-15T11:49:55.233132,shrek3,WOLF,7,True,c060a1e70889,7.973607000167249,latency-af9abbdebaf0.csv
1,af9abbdebaf0,2025-10-15T11:49:55.347639,shrek3,Final,119,True,c060a1e70889,8.027571000184253,latency-af9abbdebaf0.csv
1,af9abbdebaf0,2025-10-15T11:49:55.463250,shrek,FIONA,211,True,c060a1e70889,4.445184999894991,latency-af9abbdebaf0.csv
1,af9abbdebaf0,2025-10-15T11:49:55.573411,grail,at,104,True,c060a1e70889,6.330171000172413,latency-af9abbdebaf0.csv
1,af9abbdebaf0,2025-10-15T11:49:55.689604,shrek,Blah,1,True,c060a1e70889,4.981051999948249,latency-af9abbdebaf0.csv
1,af9abbdebaf0,2025-10-15T11:49:55.801987,shrek,SHREK,433,True,5d32a63602e5,7.407670999782567,latency-af9abbdebaf0.csv
1,af9abbdebaf0,2025-10-15T11:49:55.915499,grail,from,94,True,5d32a63602e5,5.392647000007855,latency-af9abbdebaf0.csv
1,af9abbdebaf0,2025-10-15T11:49:56.026862,grail,"lute,",0,True,c060a1e70889,9.605023999938568,latency-af9abbdebaf0.csv
1,af9abbdebaf0,2025-10-15T11:49:56.145975,shrek,on,88,True,c060a1e70889,7.931624999855558,latency-af9abbdebaf0.csv
1,af9abbdebaf0,2025-10-15T11:49:56.261693,shrek,afraid,8,True,c060a1e70889,10.780246000194891,latency-af9abbdebaf0.csv
1,af9abbdebaf0,2025-10-15T11:49:56.384247,shrek,field,4,True,c060a1e70889,9.845181999935448,latency-af9abbdebaf0.csv
1,af9abbdebaf0,2025-10-15T11:49:56.501620,shrek,you,409,True,c060a1e70889,11.447983999914868,latency-af9abbdebaf0.csv
1,af9abbdebaf0,2025-10-15T11:49:56.626963,shrek3,toward,14,True,c060a1e70889,10.898786000325345,latency-af9abbdebaf0.csv
1,af9abbdebaf0,2025-10-15T11:49:56.750355,grail,king,136,True,c060a1e70889,28.96663399997124,latency-af9abbdebaf0.csv
1,af9abbdebaf0,2025-10-15T11:49:56.894058,shrek,FARQUAAD,84,True,c060a1e70889,8.60151799997766,latency-af9abbdebaf0.csv
1,af9abbdebaf0,2025-10-15T11:49:57.011995,shrek3,Final,119,True,c060a1e70889,20.271027000035247,latency-af9abbdebaf0.csv
1,af9abbdebaf0,2025-10-15T11:49:57.140017,shrek,SHREK,433,True,5d32a63602e5,9.18129100000442,latency-af9abbdebaf0.csv
1,af9abbdebaf0,2025-10-15T11:49:57.263238,grail,pseudonym,1,True,5d32a63602e5,12.794622000001254,latency-af9abbdebaf0.csv
2,af9abbdebaf0,2025-10-15T11:49:57.387166,shrek3,us,12,True,4ee8a2a45a7d,6.837897999957932,latency-af9abbdebaf0.csv
2,af9abbdebaf0,2025-10-15T11:49:57.500501,grail,19Prince,0,True,5d32a63602e5,8.776699000009103,latency-af9abbdebaf0.csv
2,af9abbdebaf0,2025-10-15T11:49:57.616917,shrek3,WOLF,7,True,5d32a63602e5,10.160744999666347,latency-af9abbdebaf0.csv
2,af9abbdebaf0,2025-10-15T11:49:57.750747,shrek3,Final,119,True,c060a1e70889,8.777604999977484,latency-af9abbdebaf0.csv
2,af9abbdebaf0,2025-10-15T11:49:57.867230,shrek,FIONA,211,True,c060a1e70889,8.8687470001787,latency-af9abbdebaf0.csv
2,af9abbdebaf0,2025-10-15T11:49:57.982619,grail,at,104,True,5d32a63602e5,5.644806999953289,latency-af9abbdebaf0.csv
2,af9abbdebaf0,2025-10-15T11:49:58.094994,shrek,Blah,1,True,5d32a63602e5,12.088869999843157,latency-af9abbdebaf0.csv
2,af9abbdebaf0,2025-10-15T11:49:58.220912,shrek,SHREK,433,True,5d32a63602e5,5.140411999946082,latency-af9abbdebaf0.csv
2,af9abbdebaf0,2025-10-15T11:49:58.333378,grail,from,94,True,5d32a63602e5,5.797339999844553,latency-af9abbdebaf0.csv
2,af9abbdebaf0,2025-10-15T11:49:58.445423,grail,"lute,",0,True,5d32a63602e5,6.529568000132713,latency-af9abbdebaf0.csv
2,af9abbdebaf0,2025-10-15T11:49:58.562441,shrek,on,88,True,c060a1e70889,8.32413699981771,latency-af9abbdebaf0.csv
2,af9abbdebaf0,2025-10-15T11:49:58.681424,shrek,afraid,8,True,c060a1e70889,4.632859000139433,latency-af9abbdebaf0.csv
2,af9abbdebaf0,2025-10-15T11:49:58.791345,shrek,field,4,True,c060a1e70889,6.533816000228399,latency-af9abbdebaf0.csv
2,af9abbdebaf0,2025-10-15T11:49:58.904862,shrek,you,409,True,c060a1e70889,6.037320999894291,latency-af9abbdebaf0.csv
2,af9abbdebaf0,2025-10-15T11:49:59.016716,shrek3,toward,14,True,5d32a63602e5,7.249628999943525,latency-af9abbdebaf0.csv
2,af9abbdebaf0,2025-10-15T11:49:59.130403,grail,king,136,True,4ee8a2a45a7d,7.811370000126772,latency-af9abbdebaf0.csv
2,af9abbdebaf0,2025-10-15T11:49:59.245699,shrek,FARQUAAD,84,True,4ee8a2a45a7d,12.57337600009123,latency-af9abbdebaf0.csv
2,af9abbdebaf0,2025-10-15T11:49:59.365574,shrek3,Final,119,True,4ee8a2a45a7d,7.553163000011409,latency-af9abbdebaf0.csv
2,af9abbdebaf0,2025-10-15T11:49:59.480787,shrek,SHREK,433,True,4ee8a2a45a7d,7.619657999839546,latency-af9abbdebaf0.csv
2,af9abbdebaf0,2025-10-15T11:49:59.596350,grail,pseudonym,1,True,5d32a63602e5,10.624572999859083,latency-af9abbdebaf0.csv
1,b2e642864de7,2025-10-15T11:49:40.438970,shrek,whistles,2,True,c060a1e70889,7.495032000406354,latency-b2e642864de7.csv
1,b2e642864de7,2025-10-15T11:49:40.554029,shrek,one,44,False,c060a1e70889,16.383690000111528,latency-b2e642864de7.csv
1,b2e642864de7,2025-10-15T11:49:40.676554,shrek3,ho,8,True,c060a1e70889,6.693704000099388,latency-b2e642864de7.csv
1,b2e642864de7,2025-10-15T11:49:40.789717,grail,the,1600,True,c060a1e70889,5.9956769996460935,latency-b2e642864de7.csv
1,b2e642864de7,2025-10-15T11:49:40.901525,shrek,tale,7,False,c060a1e70889,20.465886000238243,latency-b2e642864de7.csv
1,b2e642864de7,2025-10-15T11:49:41.029743,grail,Ecky-Ecky-Ecky,1,False,c060a1e70889,14.46308999993562,latency-b2e642864de7.csv
1,b2e642864de7,2025-10-15T11:49:41.151417,grail,lost,6,False,5d32a63602e5,14.946826999675976,latency-b2e642864de7.csv
1,b2e642864de7,2025-10-15T11:49:41.272989,shrek,SHREK,433,True,c060a1e70889,8.827298000142036,latency-b2e642864de7.csv
1,b2e642864de7,2025-10-15T11:49:41.387836,shrek,DONKEY,320,True,c060a1e70889,7.227877999866905,latency-b2e642864de7.csv
1,b2e642864de7,2025-10-15T11:49:41.502065,shrek,baby,3,True,4ee8a2a45a7d,9.781212999769195,latency-b2e642864de7.csv
1,b2e642864de7,2025-10-15T11:49:41.626421,shrek,after,10,True,4ee8a2a45a7d,8.084909999979573,latency-b2e642864de7.csv
1,b2e642864de7,2025-10-15T11:49:41.742145,shrek3,showing,1,True,c060a1e70889,8.864463999998407,latency-b2e642864de7.csv
1,b2e642864de7,2025-10-15T11:49:41.857914,shrek3,SCHOOL,14,False,c060a1e70889,15.901457000381924,latency-b2e642864de7.csv
1,b2e642864de7,2025-10-15T11:49:41.981056,shrek3,SHREK,678,True,5d32a63602e5,7.174373999987438,latency-b2e642864de7.csv
1,b2e642864de7,2025-10-15T11:49:42.098494,grail,the,1600,True,c060a1e70889,22.41299200022695,latency-b2e642864de7.csv
1,b2e642864de7,2025-10-15T11:49:42.231331,grail,and,722,True,5d32a63602e5,12.35615899986442,latency-b2e642864de7.csv
1,b2e642864de7,2025-10-15T11:49:42.355330,shrek3,still,18,False,c060a1e70889,16.022151000015583,latency-b2e642864de7.csv
1,b2e642864de7,2025-10-15T11:49:42.477497,shrek,your,49,True,c060a1e70889,10.6571440001062,latency-b2e642864de7.csv
1,b2e642864de7,2025-10-15T11:49:42.594446,shrek3,and,576,True,4ee8a2a45a7d,12.315769999986514,latency-b2e642864de7.csv
1,b2e642864de7,2025-10-15T11:49:42.721078,shrek3,ARTIE,213,True,5d32a63602e5,12.98903800034168,latency-b2e642864de7.csv
2,b2e642864de7,2025-10-15T11:49:42.844929,shrek,whistles,2,True,c060a1e70889,12.317934000293462,latency-b2e642864de7.csv
2,b2e642864de7,2025-10-15T11:49:42.969795,shrek,one,44,True,5d32a63602e5,8.39186899975175,latency-b2e642864de7.csv
2,b2e642864de7,2025-10-15T11:49:43.092225,shrek3,ho,8,True,c060a1e70889,18.685745999846404,latency-b2e642864de7.csv
2,b2e642864de7,2025-10-15T11:49:43.221581,grail,the,1600,True,c060a1e70889,5.67618799959746,latency-b2e642864de7.csv
2,b2e642864de7,2025-10-15T11:49:43.333913,shrek,tale,7,True,c060a1e70889,7.043767000141088,latency-b2e642864de7.csv
2,b2e642864de7,2025-10-15T11:49:43.447965,grail,Ecky-Ecky-Ecky,1,True,c060a1e70889,5.6407799997941765,latency-b2e642864de7.csv
2,b2e642864de7,2025-10-15T11:49:43.558663,grail,lost,6,True,c060a1e70889,12.27545099982308,latency-b2e642864de7.csv
2,b2e642864de7,2025-10-15T11:49:43.680812,shrek,SHREK,433,True,c060a1e70889,15.962350999870978,latency-b2e642864de7.csv
2,b2e642864de7,2025-10-15T11:49:43.804160,shrek,DONKEY,320,True,c060a1e70889,7.098132999999507,latency-b2e642864de7.csv
2,b2e642864de7,2025-10-15T11:49:43.917275,shrek,baby,3,True,c060a1e70889,8.703013999820541,latency-b2e642864de7.csv
2,b2e642864de7,2025-10-15T11:49:44.032578,shrek,after,10,True,c060a1e70889,23.35717100004331,latency-b2e642864de7.csv
2,b2e642864de7,2025-10-15T11:49:44.170335,shrek3,showing,1,True,c060a1e70889,6.124289000126737,latency-b2e642864de7.csv
2,b2e642864de7,2025-10-15T11:49:44.282635,shrek3,SCHOOL,14,True,c060a1e70889,8.069922999766277,latency-b2e642864de7.csv
2,b2e642864de7,2025-10-15T11:49:44.399250,shrek3,SHREK,678,True,5d32a63602e5,6.154650000098627,latency-b2e642864de7.csv
2,b2e642864de7,2025-10-15T11:49:44.510927,grail,the,1600,True,5d32a63602e5,8.313917000123183,latency-b2e642864de7.csv
2,b2e642864de7,2025-10-15T11:49:44.636109,grail,and,722,True,c060a1e70889,9.847027999967397,latency-b2e642864de7.csv
2,b2e642864de7,2025-10-15T11:49:44.754899,shrek3,still,18,True,c060a1e70889,7.856767999783187,latency-b2e642864de7.csv
2,b2e642864de7,2025-10-15T11:49:44.868996,shrek,your,49,True,c060a1e70889,9.44868900023721,latency-b2e642864de7.csv
2,b2e642864de7,2025-10-15T11:49:44.988572,shrek3,and,576,True,c060a1e70889,11.434526000357437,latency-b2e642864de7.csv
2,b2e642864de7,2025-10-15T11:49:45.110001,shrek3,ARTIE,213,True,c060a1e70889,5.300100999647839,latency-b2e642864de7.csv
1,b362272bcc4d,2025-10-15T11:50:06.569307,shrek3,CHARMING,232,True,c060a1e70889,7.575783999982377,latency-b362272bcc4d.csv
1,b362272bcc4d,2025-10-15T11:50:06.684589,grail,of,684,True,c060a1e70889,8.479171000089991,latency-b362272bcc4d.csv
1,b362272bcc4d,2025-10-15T11:50:06.800983,grail,ANOTHER,25,True,c060a1e70889,6.447213999763335,latency-b362272bcc4d.csv
1,b362272bcc4d,2025-10-15T11:50:06.915102,grail,Christ,8,True,c060a1e70889,8.491802000207826,latency-b362272bcc4d.csv
1,b362272bcc4d,2025-10-15T11:50:07.033567,shrek3,PUSS,196,True,c060a1e70889,11.821526999938214,latency-b362272bcc4d.csv
1,b362272bcc4d,2025-10-15T11:50:07.154498,shrek3,CHARMING,232,True,c060a1e70889,7.301611999992019,latency-b362272bcc4d.csv
1,b362272bcc4d,2025-10-15T11:50:07.271480,grail,to,718,True,c060a1e70889,13.288780000038969,latency-b362272bcc4d.csv
1,b362272bcc4d,2025-10-15T11:50:07.405537,shrek,afraid,8,True,4ee8a2a45a7d,7.611708999775146,latency-b362272bcc4d.csv
1,b362272bcc4d,2025-10-15T11:50:07.519986,shrek3,at,134,True,5d32a63602e5,8.607526000105281,latency-b362272bcc4d.csv
1,b362272bcc4d,2025-10-15T11:50:07.635581,grail,Christ,8,True,5d32a63602e5,7.012994999968214,latency-b362272bcc4d.csv
1,b362272bcc4d,2025-10-15T11:50:07.749980,shrek,tell,25,True,4ee8a2a45a7d,8.724268000150914,latency-b362272bcc4d.csv
1,b362272bcc4d,2025-10-15T11:50:07.865350,shrek,your,49,True,5d32a63602e5,5.8567569999468105,latency-b362272bcc4d.csv
1,b362272bcc4d,2025-10-15T11:50:07.978661,shrek3,the,1285,True,5d32a63602e5,7.251326999721641,latency-b362272bcc4d.csv
1,b362272bcc4d,2025-10-15T11:50:08.093530,shrek,SHREK,433,True,5d32a63602e5,6.673079000393045,latency-b362272bcc4d.csv
1,b362272bcc4d,2025-10-15T11:50:08.207500,shrek,SHREK,433,True,5d32a63602e5,5.712964999929682,latency-b362272bcc4d.csv
1,b362272bcc4d,2025-10-15T11:50:08.319043,shrek,swamp,18,True,5d32a63602e5,6.177148999995552,latency-b362272bcc4d.csv
1,b362272bcc4d,2025-10-15T11:50:08.431667,shrek3,them,44,True,5d32a63602e5,4.671961999974883,latency-b362272bcc4d.csv
1,b362272bcc4d,2025-10-15T11:50:08.541163,shrek3,CAPTAIN,41,True,5d32a63602e5,8.310303000143904,latency-b362272bcc4d.csv
1,b362272bcc4d,2025-10-15T11:50:08.656900,shrek,field,4,True,5d32a63602e5,6.612280999888753,latency-b362272bcc4d.csv
1,b362272bcc4d,2025-10-15T11:50:08.769242,shrek,No,114,True,5d32a63602e5,7.450766000147269,latency-b362272bcc4d.csv
2,b362272bcc4d,2025-10-15T11:50:08.883028,shrek3,CHARMING,232,True,5d32a63602e5,5.113596000228426,latency-b362272bcc4d.csv
2,b362272bcc4d,2025-10-15T11:50:08.993701,grail,of,684,True,5d32a63602e5,6.913221000104386,latency-b362272bcc4d.csv
2,b362272bcc4d,2025-10-15T11:50:09.112561,grail,ANOTHER,25,True,4ee8a2a45a7d,48.294410000380594,latency-b362272bcc4d.csv
2,b362272bcc4d,2025-10-15T11:50:09.294259,grail,Christ,8,True,c060a1e70889,6.5025369999602844,latency-b362272bcc4d.csv
2,b362272bcc4d,2025-10-15T11:50:09.407558,shrek3,PUSS,196,True,c060a1e70889,10.323593999601144,latency-b362272bcc4d.csv
2,b362272bcc4d,2025-10-15T11:50:09.524852,shrek3,CHARMING,232,True,c060a1e70889,6.91553099977682,latency-b362272bcc4d.csv
2,b362272bcc4d,2025-10-15T11:50:09.638200,grail,to,718,True,5d32a63602e5,8.920940999814775,latency-b362272bcc4d.csv
2,b362272bcc4d,2025-10-15T11:50:09.758729,shrek,afraid,8,True,5d32a63602e5,8.071348000157741,latency-b362272bcc4d.csv
2,b362272bcc4d,2025-10-15T11:50:09.874558,shrek3,at,134,True,5d32a63602e5,6.759923000117851,latency-b362272bcc4d.csv
2,b362272bcc4d,2025-10-15T11:50:09.989037,grail,Christ,8,True,5d32a63602e5,7.365900999957375,latency-b362272bcc4d.csv
2,b362272bcc4d,2025-10-15T11:50:10.105300,shrek,tell,25,True,c060a1e70889,6.547683999997389,latency-b362272bcc4d.csv
2,b362272bcc4d,2025-10-15T11:50:10.218186,shrek,your,49,True,c060a1e70889,6.812208999690483,latency-b362272bcc4d.csv
2,b362272bcc4d,2025-10-15T11:50:10.332964,shrek3,the,1285,True,c060a1e70889,7.655387999875529,latency-b362272bcc4d.csv
2,b362272bcc4d,2025-10-15T11:50:10.448521,shrek,SHREK,433,True,c060a1e70889,7.864476000122522,latency-b362272bcc4d.csv
2,b362272bcc4d,2025-10-15T11:50:10.562070,shrek,SHREK,433,True,c060a1e70889,6.673410000075819,latency-b362272bcc4d.csv
2,b362272bcc4d,2025-10-15T11:50:10.676491,shrek,swamp,18,True,c060a1e70889,6.744818999777635,latency-b362272bcc4d.csv
2,b362272bcc4d,2025-10-15T11:50:10.788835,shrek3,them,44,True,5d32a63602e5,12.844060999668727,latency-b362272bcc4d.csv
2,b362272bcc4d,2025-10-15T11:50:10.914410,shrek3,CAPTAIN,41,True,5d32a63602e5,6.545459999870218,latency-b362272bcc4d.csv
2,b362272bcc4d,2025-10-15T11:50:11.031171,shrek,field,4,True,c060a1e70889,7.949991999794292,latency-b362272bcc4d.csv
2,b362272bcc4d,2025-10-15T11:50:11.147525,shrek,No,114,True,c060a1e70889,5.385353999827203,latency-b362272bcc4d.csv
1,b4b7f7979061,2025-10-15T11:49:41.643264,shrek,will,16,True,c060a1e70889,7.005453999681777,latency-b4b7f7979061.csv
1,b4b7f7979061,2025-10-15T11:49:41.756489,grail,lost,6,True,5d32a63602e5,5.931221000082587,latency-b4b7f7979061.csv
1,b4b7f7979061,2025-10-15T11:49:41.868025,shrek,DONKEY,320,True,5d32a63602e5,5.0018750002891466,latency-b4b7f7979061.csv
1,b4b7f7979061,2025-10-15T11:49:41.979874,shrek,help,5,True,c060a1e70889,8.296912000332668,latency-b4b7f7979061.csv
1,b4b7f7979061,2025-10-15T11:49:42.098839,shrek,SHREK,433,True,c060a1e70889,20.52340299997013,latency-b4b7f7979061.csv
1,b4b7f7979061,2025-10-15T11:49:42.229098,shrek,its,1,True,c060a1e70889,9.644361000027857,latency-b4b7f7979061.csv
1,b4b7f7979061,2025-10-15T11:49:42.346216,grail,since,10,False,5d32a63602e5,12.248885000190056,latency-b4b7f7979061.csv
1,b4b7f7979061,2025-10-15T11:49:42.466825,shrek,number,8,False,c060a1e70889,9.399567999935243,latency-b4b7f7979061.csv
1,b4b7f7979061,2025-10-15T11:49:42.587145,shrek3,Be,71,True,c060a1e70889,15.225827999984176,latency-b4b7f7979061.csv
1,b4b7f7979061,2025-10-15T11:49:42.712578,grail,time,33,False,4ee8a2a45a7d,25.53002699960416,latency-b4b7f7979061.csv
1,b4b7f7979061,2025-10-15T11:49:42.849162,grail,Butts,2,False,5d32a63602e5,21.625783999752457,latency-b4b7f7979061.csv
1,b4b7f7979061,2025-10-15T11:49:42.978402,shrek,Nobody,4,True,4ee8a2a45a7d,10.30183400007445,latency-b4b7f7979061.csv
1,b4b7f7979061,2025-10-15T11:49:43.097968,shrek3,Gingerbread,37,True,4ee8a2a45a7d,18.82718200022282,latency-b4b7f7979061.csv
1,b4b7f7979061,2025-10-15T11:49:43.242730,shrek,true,20,True,5d32a63602e5,14.547434000178328,latency-b4b7f7979061.csv
1,b4b7f7979061,2025-10-15T11:49:43.366496,shrek3,2,8,False,c060a1e70889,19.161796999924263,latency-b4b7f7979061.csv
1,b4b7f7979061,2025-10-15T11:49:43.494594,shrek,to,268,False,4ee8a2a45a7d,9.097631000258843,latency-b4b7f7979061.csv
1,b4b7f7979061,2025-10-15T11:49:43.615417,grail,music,21,True,5d32a63602e5,13.445911999951932,latency-b4b7f7979061.csv
1,b4b7f7979061,2025-10-15T11:49:43.744387,shrek3,EVIL,59,False,5d32a63602e5,15.400008000142408,latency-b4b7f7979061.csv
1,b4b7f7979061,2025-10-15T11:49:43.869175,shrek,CROWD,5,False,4ee8a2a45a7d,25.1670610000474,latency-b4b7f7979061.csv
1,b4b7f7979061,2025-10-15T11:49:44.009249,shrek,Blah,1,True,5d32a63602e5,12.565495000217195,latency-b4b7f7979061.csv
2,b4b7f7979061,2025-10-15T11:49:44.131829,shrek,will,16,True,5d32a63602e5,9.462350999910996,latency-b4b7f7979061.csv
2,b4b7f7979061,2025-10-15T11:49:44.248536,grail,lost,6,True,c060a1e70889,7.436526999754278,latency-b4b7f7979061.csv
2,b4b7f7979061,2025-10-15T11:49:44.368838,shrek,DONKEY,320,True,c060a1e70889,6.208343999787758,latency-b4b7f7979061.csv
2,b4b7f7979061,2025-10-15T11:49:44.481502,shrek,help,5,True,c060a1e70889,7.082623000314925,latency-b4b7f7979061.csv
2,b4b7f7979061,2025-10-15T11:49:44.594912,shrek,SHREK,433,True,c060a1e70889,7.960060000186786,latency-b4b7f7979061.csv
2,b4b7f7979061,2025-10-15T11:49:44.709828,shrek,its,1,True,c060a1e70889,5.943077999745583,latency-b4b7f7979061.csv
2,b4b7f7979061,2025-10-15T11:49:44.820843,grail,since,10,True,c060a1e70889,6.7768079998131725,latency-b4b7f7979061.csv
2,b4b7f7979061,2025-10-15T11:49:44.934194,shrek,number,8,True,c060a1e70889,7.15976200035584,latency-b4b7f7979061.csv
2,b4b7f7979061,2025-10-15T11:49:45.048726,shrek3,Be,71,True,5d32a63602e5,15.44463399977758,latency-b4b7f7979061.csv
2,b4b7f7979061,2025-10-15T11:49:45.171720,grail,time,33,True,4ee8a2a45a7d,9.782543999790503,latency-b4b7f7979061.csv
2,b4b7f7979061,2025-10-15T11:49:45.292052,grail,Butts,2,True,c060a1e70889,32.38968000005116,latency-b4b7f7979061.csv
2,b4b7f7979061,2025-10-15T11:49:45.439333,shrek,Nobody,4,True,5d32a63602e5,16.90998200001559,latency-b4b7f7979061.csv
2,b4b7f7979061,2025-10-15T11:49:45.575763,shrek3,Gingerbread,37,True,4ee8a2a45a7d,9.860133999609388,latency-b4b7f7979061.csv
2,b4b7f7979061,2025-10-15T11:49:45.700517,shrek,true,20,True,4ee8a2a45a7d,9.879922999971312,latency-b4b7f7979061.csv
2,b4b7f7979061,2025-10-15T11:49:45.821514,shrek3,2,8,True,4ee8a2a45a7d,8.043731999805459,latency-b4b7f7979061.csv
2,b4b7f7979061,2025-10-15T11:49:45.942249,shrek,to,268,True,5d32a63602e5,7.968895999965753,latency-b4b7f7979061.csv
2,b4b7f7979061,2025-10-15T11:49:46.065251,grail,music,21,True,5d32a63602e5,7.1688010002617375,latency-b4b7f7979061.csv
2,b4b7f7979061,2025-10-15T11:49:46.178786,shrek3,EVIL,59,True,5d32a63602e5,6.747310999799083,latency-b4b7f7979061.csv
2,b4b7f7979061,2025-10-15T11:49:46.291925,shrek,CROWD,5,True,c060a1e70889,6.553102999987459,latency-b4b7f7979061.csv
2,b4b7f7979061,2025-10-15T11:49:46.405781,shrek,Blah,1,True,c060a1e70889,8.203597999909107,latency-b4b7f7979061.csv
1,be2a48b199fe,2025-10-15T11:49:50.891130,shrek,DONKEY,320,True,5d32a63602e5,6.18215800022881,latency-be2a48b199fe.csv
1,be2a48b199fe,2025-10-15T11:49:51.002310,shrek3,SHREK,678,True,5d32a63602e5,6.496504000097048,latency-be2a48b199fe.csv
1,be2a48b199fe,2025-10-15T11:49:51.114460,shrek,DONKEY,320,True,5d32a63602e5,7.357408000189025,latency-be2a48b199fe.csv
1,be2a48b199fe,2025-10-15T11:49:51.234288,grail,chops,3,True,5d32a63602e5,7.659816999876057,latency-be2a48b199fe.csv
1,be2a48b199fe,2025-10-15T11:49:51.348589,shrek3,TO,511,True,5d32a63602e5,9.02501199971084,latency-be2a48b199fe.csv
1,be2a48b199fe,2025-10-15T11:49:51.464988,shrek,this,79,False,5d32a63602e5,26.945598000111204,latency-be2a48b199fe.csv
1,be2a48b199fe,2025-10-15T11:49:51.606986,shrek3,Uh,18,True,4ee8a2a45a7d,17.922324999744887,latency-be2a48b199fe.csv
1,be2a48b199fe,2025-10-15T11:49:51.744872,shrek,whole,10,True,5d32a63602e5,13.958506000108173,latency-be2a48b199fe.csv
1,be2a48b199fe,2025-10-15T11:49:51.874918,grail,door,14,True,4ee8a2a45a7d,31.299550000312596,latency-be2a48b199fe.csv
1,be2a48b199fe,2025-10-15T11:49:52.034301,grail,toward,10,True,4ee8a2a45a7d,12.320870999701585,latency-be2a48b199fe.csv
1,be2a48b199fe,2025-10-15T11:49:52.163985,shrek,whistles,2,True,c060a1e70889,8.072998999978154,latency-be2a48b199fe.csv
1,be2a48b199fe,2025-10-15T11:49:52.280923,grail,seek,12,True,c060a1e70889,15.985106999778507,latency-be2a48b199fe.csv
1,be2a48b199fe,2025-10-15T11:49:52.418383,shrek3,-,110,True,c060a1e70889,6.493859000329394,latency-be2a48b199fe.csv
1,be2a48b199fe,2025-10-15T11:49:52.531430,grail,I,298,True,c060a1e70889,6.544376999954693,latency-be2a48b199fe.csv
1,be2a48b199fe,2025-10-15T11:49:52.643951,shrek,What,104,True,c060a1e70889,6.310592000318138,latency-be2a48b199fe.csv
1,be2a48b199fe,2025-10-15T11:49:52.759324,shrek3,Guards,23,True,c060a1e70889,8.057866999934049,latency-be2a48b199fe.csv
1,be2a48b199fe,2025-10-15T11:49:52.876875,shrek3,dat,1,True,c060a1e70889,5.281762999857165,latency-be2a48b199fe.csv
1,be2a48b199fe,2025-10-15T11:49:52.988735,shrek,FIONA,211,True,c060a1e70889,7.453214000179287,latency-be2a48b199fe.csv
1,be2a48b199fe,2025-10-15T11:49:53.103182,grail,dancing,10,True,c060a1e70889,7.9139259996736655,latency-be2a48b199fe.csv
1,be2a48b199fe,2025-10-15T11:49:53.219108,shrek,GORDO,5,True,c060a1e70889,5.412094999883266,latency-be2a48b199fe.csv
2,be2a48b199fe,2025-10-15T11:49:53.330590,shrek,DONKEY,320,True,4ee8a2a45a7d,7.269115999861242,latency-be2a48b199fe.csv
2,be2a48b199fe,2025-10-15T11:49:53.443953,shrek3,SHREK,678,True,4ee8a2a45a7d,12.118106999878364,latency-be2a48b199fe.csv
2,be2a48b199fe,2025-10-15T11:49:53.567371,shrek,DONKEY,320,True,c060a1e70889,5.376767000143445,latency-be2a48b199fe.csv
2,be2a48b199fe,2025-10-15T11:49:53.679176,grail,chops,3,True,c060a1e70889,4.8628619997543865,latency-be2a48b199fe.csv
2,be2a48b199fe,2025-10-15T11:49:53.788885,shrek3,TO,511,True,c060a1e70889,4.767832999732491,latency-be2a48b199fe.csv
2,be2a48b199fe,2025-10-15T11:49:53.898611,shrek,this,79,True,c060a1e70889,6.300536999788164,latency-be2a48b199fe.csv
2,be2a48b199fe,2025-10-15T11:49:54.011291,shrek3,Uh,18,True,c060a1e70889,7.47727699990719,latency-be2a48b199fe.csv
2,be2a48b199fe,2025-10-15T11:49:54.125323,shrek,whole,10,True,c060a1e70889,6.194423000124516,latency-be2a48b199fe.csv
2,be2a48b199fe,2025-10-15T11:49:54.237748,grail,door,14,True,c060a1e70889,5.766975999904389,latency-be2a48b199fe.csv
2,be2a48b199fe,2025-10-15T11:49:54.349004,grail,toward,10,True,c060a1e70889,9.577460999935283,latency-be2a48b199fe.csv
2,be2a48b199fe,2025-10-15T11:49:54.474798,shrek,whistles,2,True,5d32a63602e5,6.36462299962659,latency-be2a48b199fe.csv
2,be2a48b199fe,2025-10-15T11:49:54.587425,grail,seek,12,True,5d32a63602e5,6.820057999902929,latency-be2a48b199fe.csv
2,be2a48b199fe,2025-10-15T11:49:54.700163,shrek3,-,110,True,5d32a63602e5,6.317721999948844,latency-be2a48b199fe.csv
2,be2a48b199fe,2025-10-15T11:49:54.812388,grail,I,298,True,5d32a63602e5,9.78896700007681,latency-be2a48b199fe.csv
2,be2a48b199fe,2025-10-15T11:49:54.929160,shrek,What,104,True,5d32a63602e5,6.598794000183261,latency-be2a48b199fe.csv
2,be2a48b199fe,2025-10-15T11:49:55.042265,shrek3,Guards,23,True,4ee8a2a45a7d,10.46567799994591,latency-be2a48b199fe.csv
2,be2a48b199fe,2025-10-15T11:49:55.161587,shrek3,dat,1,True,4ee8a2a45a7d,9.675501999936388,latency-be2a48b199fe.csv
2,be2a48b199fe,2025-10-15T11:49:55.279139,shrek,FIONA,211,True,c060a1e70889,7.754836999993131,latency-be2a48b199fe.csv
2,be2a48b199fe,2025-10-15T11:49:55.395254,grail,dancing,10,True,c060a1e70889,7.149214000037318,latency-be2a48b199fe.csv
2,be2a48b199fe,2025-10-15T11:49:55.508027,shrek,GORDO,5,True,5d32a63602e5,8.14044200024,latency-be2a48b199fe.csv
1,bec21248b820,2025-10-15T11:49:43.833047,shrek3,SHREK,678,True,c060a1e70889,5.568367999785551,latency-bec21248b820.csv
1,bec21248b820,2025-10-15T11:49:43.943724,shrek,I,386,True,c060a1e70889,5.752912000389188,latency-bec21248b820.csv
1,bec21248b820,2025-10-15T11:49:44.055203,shrek3,DWARF,10,False,5d32a63602e5,28.684445000180855,latency-bec21248b820.csv
1,bec21248b820,2025-10-15T11:49:44.191308,grail,feel,11,True,c060a1e70889,6.580966999990778,latency-bec21248b820.csv
1,bec21248b820,2025-10-15T11:49:44.303548,shrek,SHREK,433,True,c060a1e70889,7.009636000020691,latency-bec21248b820.csv
1,bec21248b820,2025-10-15T11:49:44.418047,shrek3,Be,71,True,5d32a63602e5,5.767236999872694,latency-bec21248b820.csv
1,bec21248b820,2025-10-15T11:49:44.531375,grail,it,279,True,5d32a63602e5,17.06236500012892,latency-bec21248b820.csv
1,bec21248b820,2025-10-15T11:49:44.657069,shrek3,Cinderella,21,True,c060a1e70889,6.913412999892898,latency-bec21248b820.csv
1,bec21248b820,2025-10-15T11:49:44.771843,grail,upon,13,False,c060a1e70889,15.282654000202456,latency-bec21248b820.csv
1,bec21248b820,2025-10-15T11:49:44.894990,shrek,Aah,6,True,5d32a63602e5,8.128617000238592,latency-bec21248b820.csv
1,bec21248b820,2025-10-15T11:49:45.008831,grail,are,114,True,5d32a63602e5,17.806672000006074,latency-bec21248b820.csv
1,bec21248b820,2025-10-15T11:49:45.142144,shrek3,PUSS,196,True,c060a1e70889,8.119925999835687,latency-bec21248b820.csv
1,bec21248b820,2025-10-15T11:49:45.261722,shrek,DONKEY,320,True,c060a1e70889,23.38548999978229,latency-bec21248b820.csv
1,bec21248b820,2025-10-15T11:49:45.421716,shrek,he,118,True,5d32a63602e5,8.01213100021414,latency-bec21248b820.csv
1,bec21248b820,2025-10-15T11:49:45.549544,shrek3,did,14,True,4ee8a2a45a7d,12.209417000121904,latency-bec21248b820.csv
1,bec21248b820,2025-10-15T11:49:45.672490,shrek,DONKEY,320,True,c060a1e70889,18.600205999973696,latency-bec21248b820.csv
1,bec21248b820,2025-10-15T11:49:45.803481,shrek3,boomerang,1,True,c060a1e70889,8.633698999801709,latency-bec21248b820.csv
1,bec21248b820,2025-10-15T11:49:45.923697,shrek,who,29,True,c060a1e70889,11.760450000110724,latency-bec21248b820.csv
1,bec21248b820,2025-10-15T11:49:46.043594,grail,door,14,False,c060a1e70889,21.85776500027714,latency-bec21248b820.csv
1,bec21248b820,2025-10-15T11:49:46.173782,shrek3,Uh,18,True,c060a1e70889,9.248264000234483,latency-bec21248b820.csv
2,bec21248b820,2025-10-15T11:49:46.290224,shrek3,SHREK,678,True,c060a1e70889,7.872910000060074,latency-bec21248b820.csv
2,bec21248b820,2025-10-15T11:49:46.405162,shrek,I,386,True,c060a1e70889,8.398938000027556,latency-bec21248b820.csv
2,bec21248b820,2025-10-15T11:49:46.526363,shrek3,DWARF,10,True,c060a1e70889,6.14695300009771,latency-bec21248b820.csv
2,bec21248b820,2025-10-15T11:49:46.639548,grail,feel,11,True,c060a1e70889,8.171128999947541,latency-bec21248b820.csv
2,bec21248b820,2025-10-15T11:49:46.760587,shrek,SHREK,433,True,c060a1e70889,11.880574000315391,latency-bec21248b820.csv
2,bec21248b820,2025-10-15T11:49:46.888203,shrek3,Be,71,True,c060a1e70889,6.620785999984946,latency-bec21248b820.csv
2,bec21248b820,2025-10-15T11:49:47.000414,grail,it,279,True,c060a1e70889,6.398762999651808,latency-bec21248b820.csv
2,bec21248b820,2025-10-15T11:49:47.113665,shrek3,Cinderella,21,True,c060a1e70889,11.740199999621836,latency-bec21248b820.csv
2,bec21248b820,2025-10-15T11:49:47.235879,grail,upon,13,True,c060a1e70889,9.676581999883638,latency-bec21248b820.csv
2,bec21248b820,2025-10-15T11:49:47.353309,shrek,Aah,6,True,c060a1e70889,6.404995000139024,latency-bec21248b820.csv
2,bec21248b820,2025-10-15T11:49:47.465319,grail,are,114,True,c060a1e70889,10.82491100032712,latency-bec21248b820.csv
2,bec21248b820,2025-10-15T11:49:47.583059,shrek3,PUSS,196,True,c060a1e70889,11.187580000296292,latency-bec21248b820.csv
2,bec21248b820,2025-10-15T11:49:47.702878,shrek,DONKEY,320,True,c060a1e70889,9.522227000161363,latency-bec21248b820.csv
2,bec21248b820,2025-10-15T11:49:47.821376,shrek,he,118,True,c060a1e70889,7.035581000309321,latency-bec21248b820.csv
2,bec21248b820,2025-10-15T11:49:47.934277,shrek3,did,14,True,c060a1e70889,7.097150999925361,latency-bec21248b820.csv
2,bec21248b820,2025-10-15T11:49:48.059351,shrek,DONKEY,320,True,c060a1e70889,5.312815999786835,latency-bec21248b820.csv
2,bec21248b820,2025-10-15T11:49:48.171070,shrek3,boomerang,1,True,c060a1e70889,5.107356999815238,latency-bec21248b820.csv
2,bec21248b820,2025-10-15T11:49:48.283346,shrek,who,29,True,c060a1e70889,7.029400000192254,latency-bec21248b820.csv
2,bec21248b820,2025-10-15T11:49:48.397649,grail,door,14,True,c060a1e70889,7.812416999968263,latency-bec21248b820.csv
2,bec21248b820,2025-10-15T11:49:48.511550,shrek3,Uh,18,True,c060a1e70889,5.811596000057762,latency-bec21248b820.csv
1,bec4bfc40728,2025-10-15T11:49:55.500251,shrek,help,5,True,c060a1e70889,5.605335999916861,latency-bec4bfc40728.csv
1,bec4bfc40728,2025-10-15T11:49:55.613042,shrek3,ruby,1,True,c060a1e70889,6.701818999772513,latency-bec4bfc40728.csv
1,bec4bfc40728,2025-10-15T11:49:55.728868,shrek,MAN,38,True,c060a1e70889,6.435074999899371,latency-bec4bfc40728.csv
1,bec4bfc40728,2025-10-15T11:49:55.844212,shrek3,MERLIN,73,True,c060a1e70889,7.419103999836807,latency-bec4bfc40728.csv
1,bec4bfc40728,2025-10-15T11:49:55.958691,shrek,FIONA,211,True,c060a1e70889,6.561108999903809,latency-bec4bfc40728.csv
1,bec4bfc40728,2025-10-15T11:49:56.073030,shrek3,DONKEY,243,True,c060a1e70889,9.001635999993596,latency-bec4bfc40728.csv
1,bec4bfc40728,2025-10-15T11:49:56.192707,shrek,and,318,True,c060a1e70889,7.578538999950979,latency-bec4bfc40728.csv
1,bec4bfc40728,2025-10-15T11:49:56.306460,shrek3,still,18,True,c060a1e70889,6.882914000016172,latency-bec4bfc40728.csv
1,bec4bfc40728,2025-10-15T11:49:56.419541,grail,king,136,True,c060a1e70889,7.355340000231081,latency-bec4bfc40728.csv
1,bec4bfc40728,2025-10-15T11:49:56.533092,grail,is,317,True,c060a1e70889,30.008850999820424,latency-bec4bfc40728.csv
1,bec4bfc40728,2025-10-15T11:49:56.677712,shrek3,Donkey,243,True,c060a1e70889,27.08793900001183,latency-bec4bfc40728.csv
1,bec4bfc40728,2025-10-15T11:49:56.829319,shrek3,2,8,True,c060a1e70889,11.90479300021252,latency-bec4bfc40728.csv
1,bec4bfc40728,2025-10-15T11:49:56.958827,shrek,edge,2,True,c060a1e70889,9.457361999920977,latency-bec4bfc40728.csv
1,bec4bfc40728,2025-10-15T11:49:57.081906,grail,"lute,",0,True,c060a1e70889,9.028463000049667,latency-bec4bfc40728.csv
1,bec4bfc40728,2025-10-15T11:49:57.211525,shrek,tale,7,True,c060a1e70889,7.639763000042876,latency-bec4bfc40728.csv
1,bec4bfc40728,2025-10-15T11:49:57.326867,shrek,and,318,True,c060a1e70889,5.094056999951135,latency-bec4bfc40728.csv
1,bec4bfc40728,2025-10-15T11:49:57.436788,shrek,not,50,True,5d32a63602e5,6.13710599964179,latency-bec4bfc40728.csv
1,bec4bfc40728,2025-10-15T11:49:57.548959,shrek,Is,132,True,5d32a63602e5,5.230041000231722,latency-bec4bfc40728.csv
1,bec4bfc40728,2025-10-15T11:49:57.659417,shrek,you,409,True,5d32a63602e5,6.934365999768488,latency-bec4bfc40728.csv
1,bec4bfc40728,2025-10-15T11:49:57.774002,shrek3,his,238,True,5d32a63602e5,6.044435000148951,latency-bec4bfc40728.csv
2,bec4bfc40728,2025-10-15T11:49:57.886788,shrek,help,5,True,4ee8a2a45a7d,8.388359000036871,latency-bec4bfc40728.csv
2,bec4bfc40728,2025-10-15T11:49:58.004251,shrek3,ruby,1,True,c060a1e70889,6.410055999822362,latency-bec4bfc40728.csv
2,bec4bfc40728,2025-10-15T11:49:58.117087,shrek,MAN,38,True,c060a1e70889,15.43837999997777,latency-bec4bfc40728.csv
2,bec4bfc40728,2025-10-15T11:49:58.240935,shrek3,MERLIN,73,True,4ee8a2a45a7d,7.511547999911272,latency-bec4bfc40728.csv
2,bec4bfc40728,2025-10-15T11:49:58.355016,shrek,FIONA,211,True,4ee8a2a45a7d,6.164013000216073,latency-bec4bfc40728.csv
2,bec4bfc40728,2025-10-15T11:49:58.466855,shrek3,DONKEY,243,True,4ee8a2a45a7d,6.1159229999248055,latency-bec4bfc40728.csv
2,bec4bfc40728,2025-10-15T11:49:58.580316,shrek,and,318,True,4ee8a2a45a7d,17.252181000003475,latency-bec4bfc40728.csv
2,bec4bfc40728,2025-10-15T11:49:58.705158,shrek3,still,18,True,c060a1e70889,5.360624999866559,latency-bec4bfc40728.csv
2,bec4bfc40728,2025-10-15T11:49:58.815828,grail,king,136,True,4ee8a2a45a7d,11.5048040001966,latency-bec4bfc40728.csv
2,bec4bfc40728,2025-10-15T11:49:58.934399,grail,is,317,True,5d32a63602e5,6.874414000321849,latency-bec4bfc40728.csv
2,bec4bfc40728,2025-10-15T11:49:59.047236,shrek3,Donkey,243,True,5d32a63602e5,7.257263000155945,latency-bec4bfc40728.csv
2,bec4bfc40728,2025-10-15T11:49:59.159606,shrek3,2,8,True,5d32a63602e5,7.759395999983099,latency-bec4bfc40728.csv
2,bec4bfc40728,2025-10-15T11:49:59.273948,shrek,edge,2,True,c060a1e70889,8.56175999979314,latency-bec4bfc40728.csv
2,bec4bfc40728,2025-10-15T11:49:59.388861,grail,"lute,",0,True,c060a1e70889,6.506468999759818,latency-bec4bfc40728.csv
2,bec4bfc40728,2025-10-15T11:49:59.500183,shrek,tale,7,True,c060a1e70889,6.909623999945325,latency-bec4bfc40728.csv
2,bec4bfc40728,2025-10-15T11:49:59.613368,shrek,and,318,True,c060a1e70889,10.06718299959175,latency-bec4bfc40728.csv
2,bec4bfc40728,2025-10-15T11:49:59.730707,shrek,not,50,True,c060a1e70889,7.118634000107704,latency-bec4bfc40728.csv
2,bec4bfc40728,2025-10-15T11:49:59.844225,shrek,Is,132,True,c060a1e70889,7.022401000085665,latency-bec4bfc40728.csv
2,bec4bfc40728,2025-10-15T11:49:59.957635,shrek,you,409,True,4ee8a2a45a7d,8.62204799977917,latency-bec4bfc40728.csv
2,bec4bfc40728,2025-10-15T11:50:00.072484,shrek3,his,238,True,5d32a63602e5,14.421846000004734,latency-bec4bfc40728.csv
1,bf2c106b2f2f,2025-10-15T11:49:40.107518,shrek,DONKEY,320,True,4ee8a2a45a7d,5.832500999986223,latency-bf2c106b2f2f.csv
1,bf2c106b2f2f,2025-10-15T11:49:40.219565,shrek,DONKEY,320,True,c060a1e70889,9.6374529998684,latency-bf2c106b2f2f.csv
1,bf2c106b2f2f,2025-10-15T11:49:40.348002,grail,TV,2,False,5d32a63602e5,13.786715000151162,latency-bf2c106b2f2f.csv
1,bf2c106b2f2f,2025-10-15T11:49:40.469236,shrek3,Artie,213,True,5d32a63602e5,8.782795999650261,latency-bf2c106b2f2f.csv
1,bf2c106b2f2f,2025-10-15T11:49:40.585602,shrek3,"Bay""",0,True,5d32a63602e5,9.901094999804627,latency-bf2c106b2f2f.csv
1,bf2c106b2f2f,2025-10-15T11:49:40.704113,shrek,But,73,False,c060a1e70889,13.56725000005099,latency-bf2c106b2f2f.csv
1,bf2c106b2f2f,2025-10-15T11:49:40.824419,shrek3,of,275,True,4ee8a2a45a7d,7.629843999893637,latency-bf2c106b2f2f.csv
1,bf2c106b2f2f,2025-10-15T11:49:40.942123,shrek3,glass,9,True,5d32a63602e5,7.23411999979362,latency-bf2c106b2f2f.csv
1,bf2c106b2f2f,2025-10-15T11:49:41.057016,shrek,Shrek,433,True,c060a1e70889,5.259346000002552,latency-bf2c106b2f2f.csv
1,bf2c106b2f2f,2025-10-15T11:49:41.170753,shrek,He,118,False,c060a1e70889,10.20041699985086,latency-bf2c106b2f2f.csv
1,bf2c106b2f2f,2025-10-15T11:49:41.288780,shrek,ogre,27,True,c060a1e70889,7.4176410003019555,latency-bf2c106b2f2f.csv
1,bf2c106b2f2f,2025-10-15T11:49:41.403494,shrek,true,20,True,c060a1e70889,6.240673999855062,latency-bf2c106b2f2f.csv
1,bf2c106b2f2f,2025-10-15T11:49:41.515752,shrek,FIONA'S,3,False,5d32a63602e5,22.088443000029656,latency-bf2c106b2f2f.csv
1,bf2c106b2f2f,2025-10-15T11:49:41.648109,shrek,its,1,False,5d32a63602e5,15.088861000094766,latency-bf2c106b2f2f.csv
1,bf2c106b2f2f,2025-10-15T11:49:41.771639,shrek,you,409,True,c060a1e70889,12.427536999894071,latency-bf2c106b2f2f.csv
1,bf2c106b2f2f,2025-10-15T11:49:41.898126,shrek3,did,14,False,5d32a63602e5,21.177134000026854,latency-bf2c106b2f2f.csv
1,bf2c106b2f2f,2025-10-15T11:49:42.028426,shrek,not,50,False,4ee8a2a45a7d,15.85818300009123,latency-bf2c106b2f2f.csv
1,bf2c106b2f2f,2025-10-15T11:49:42.152291,grail,Boom,4,False,4ee8a2a45a7d,25.13363699972615,latency-bf2c106b2f2f.csv
1,bf2c106b2f2f,2025-10-15T11:49:42.292166,shrek3,SHREK,678,True,c060a1e70889,9.755016000326576,latency-bf2c106b2f2f.csv
1,bf2c106b2f2f,2025-10-15T11:49:42.411981,grail,LANCELOT,59,False,c060a1e70889,10.4651010001362,latency-bf2c106b2f2f.csv
2,bf2c106b2f2f,2025-10-15T11:49:42.532376,shrek,DONKEY,320,True,5d32a63602e5,8.39481999992131,latency-bf2c106b2f2f.csv
2,bf2c106b2f2f,2025-10-15T11:49:42.661564,shrek,DONKEY,320,True,5d32a63602e5,7.158875999721204,latency-bf2c106b2f2f.csv
2,bf2c106b2f2f,2025-10-15T11:49:42.776369,grail,TV,2,True,5d32a63602e5,5.621973999950569,latency-bf2c106b2f2f.csv
2,bf2c106b2f2f,2025-10-15T11:49:42.887359,shrek3,Artie,213,True,c060a1e70889,11.008081999989372,latency-bf2c106b2f2f.csv
2,bf2c106b2f2f,2025-10-15T11:49:43.007029,shrek3,"Bay""",0,True,c060a1e70889,11.473627000214035,latency-bf2c106b2f2f.csv
2,bf2c106b2f2f,2025-10-15T11:49:43.126734,shrek,But,73,True,c060a1e70889,12.566151000100945,latency-bf2c106b2f2f.csv
2,bf2c106b2f2f,2025-10-15T11:49:43.250203,shrek3,of,275,True,4ee8a2a45a7d,18.9751900002193,latency-bf2c106b2f2f.csv
2,bf2c106b2f2f,2025-10-15T11:49:43.383153,shrek3,glass,9,True,5d32a63602e5,8.287034999739262,latency-bf2c106b2f2f.csv
2,bf2c106b2f2f,2025-10-15T11:49:43.503553,shrek,Shrek,433,True,5d32a63602e5,10.567284999979163,latency-bf2c106b2f2f.csv
2,bf2c106b2f2f,2025-10-15T11:49:43.622391,shrek,He,118,True,4ee8a2a45a7d,12.636283000119874,latency-bf2c106b2f2f.csv
2,bf2c106b2f2f,2025-10-15T11:49:43.750817,shrek,ogre,27,True,c060a1e70889,7.266200000231038,latency-bf2c106b2f2f.csv
2,bf2c106b2f2f,2025-10-15T11:49:43.868441,shrek,true,20,True,4ee8a2a45a7d,13.708372000110105,latency-bf2c106b2f2f.csv
2,bf2c106b2f2f,2025-10-15T11:49:44.007029,shrek,FIONA'S,3,True,5d32a63602e5,14.384300999608968,latency-bf2c106b2f2f.csv
2,bf2c106b2f2f,2025-10-15T11:49:44.131215,shrek,its,1,True,5d32a63602e5,10.624174999975368,latency-bf2c106b2f2f.csv
2,bf2c106b2f2f,2025-10-15T11:49:44.249447,shrek,you,409,True,c060a1e70889,6.789813000068534,latency-bf2c106b2f2f.csv
2,bf2c106b2f2f,2025-10-15T11:49:44.369734,shrek3,did,14,True,c060a1e70889,5.956301999958669,latency-bf2c106b2f2f.csv
2,bf2c106b2f2f,2025-10-15T11:49:44.481823,shrek,not,50,True,c060a1e70889,6.71323400001711,latency-bf2c106b2f2f.csv
2,bf2c106b2f2f,2025-10-15T11:49:44.594524,grail,Boom,4,True,c060a1e70889,8.058712000092783,latency-bf2c106b2f2f.csv
2,bf2c106b2f2f,2025-10-15T11:49:44.709648,shrek3,SHREK,678,True,c060a1e70889,5.802199000299879,latency-bf2c106b2f2f.csv
2,bf2c106b2f2f,2025-10-15T11:49:44.820715,grail,LANCELOT,59,True,c060a1e70889,6.580957000096532,latency-bf2c106b2f2f.csv
1,c37cdc242562,2025-10-15T11:49:45.181184,grail,the,1600,True,5d32a63602e5,9.09073700040608,latency-c37cdc242562.csv
1,c37cdc242562,2025-10-15T11:49:45.298286,shrek3,fall,6,True,5d32a63602e5,22.561253000276334,latency-c37cdc242562.csv
1,c37cdc242562,2025-10-15T11:49:45.437962,shrek,cottage,4,False,5d32a63602e5,28.09181800012084,latency-c37cdc242562.csv
1,c37cdc242562,2025-10-15T11:49:45.580435,shrek3,ruby,1,True,c060a1e70889,9.638332000122318,latency-c37cdc242562.csv
1,c37cdc242562,2025-10-15T11:49:45.703718,shrek3,right,36,True,c060a1e70889,10.56714500009548,latency-c37cdc242562.csv
1,c37cdc242562,2025-10-15T11:49:45.826882,shrek,But,73,True,c060a1e70889,10.050705000139716,latency-c37cdc242562.csv
1,c37cdc242562,2025-10-15T11:49:45.948745,shrek,whistles,2,True,c060a1e70889,22.8390440001931,latency-c37cdc242562.csv
1,c37cdc242562,2025-10-15T11:49:46.083496,shrek3,fall,6,True,4ee8a2a45a7d,6.964443000015308,latency-c37cdc242562.csv
1,c37cdc242562,2025-10-15T11:49:46.199055,grail,time,33,True,5d32a63602e5,8.905206999770598,latency-c37cdc242562.csv
1,c37cdc242562,2025-10-15T11:49:46.318639,shrek3,an,51,True,5d32a63602e5,8.132995999858394,latency-c37cdc242562.csv
1,c37cdc242562,2025-10-15T11:49:46.440487,shrek,SHREK,433,True,c060a1e70889,17.473339999924065,latency-c37cdc242562.csv
1,c37cdc242562,2025-10-15T11:49:46.574654,shrek,And,318,True,5d32a63602e5,5.80344599984528,latency-c37cdc242562.csv
1,c37cdc242562,2025-10-15T11:49:46.685992,shrek3,CHARMING,232,True,c060a1e70889,4.790156000126444,latency-c37cdc242562.csv
1,c37cdc242562,2025-10-15T11:49:46.800257,grail,THREE-HEADED,8,False,c060a1e70889,12.854587000219908,latency-c37cdc242562.csv
1,c37cdc242562,2025-10-15T11:49:46.920013,shrek3,Final,119,True,c060a1e70889,4.266762000042945,latency-c37cdc242562.csv
1,c37cdc242562,2025-10-15T11:49:47.029162,shrek,SHREK,433,True,c060a1e70889,6.93927399970562,latency-c37cdc242562.csv
1,c37cdc242562,2025-10-15T11:49:47.142563,grail,Bum,13,True,c060a1e70889,4.732507999960944,latency-c37cdc242562.csv
1,c37cdc242562,2025-10-15T11:49:47.252773,grail,the,1600,True,c060a1e70889,7.596291000027122,latency-c37cdc242562.csv
1,c37cdc242562,2025-10-15T11:49:47.369657,grail,to,718,True,c060a1e70889,5.275607999919885,latency-c37cdc242562.csv
1,c37cdc242562,2025-10-15T11:49:47.480008,shrek,Aah,6,True,5d32a63602e5,5.961632999969879,latency-c37cdc242562.csv
2,c37cdc242562,2025-10-15T11:49:47.591415,grail,the,1600,True,5d32a63602e5,6.912085999829287,latency-c37cdc242562.csv
2,c37cdc242562,2025-10-15T11:49:47.707149,shrek3,fall,6,True,5d32a63602e5,6.975585000418505,latency-c37cdc242562.csv
2,c37cdc242562,2025-10-15T11:49:47.823053,shrek,cottage,4,True,5d32a63602e5,7.386824000150227,latency-c37cdc242562.csv
2,c37cdc242562,2025-10-15T11:49:47.943941,shrek3,ruby,1,True,5d32a63602e5,21.55298700017738,latency-c37cdc242562.csv
2,c37cdc242562,2025-10-15T11:49:48.087785,shrek3,right,36,True,c060a1e70889,7.46770599971569,latency-c37cdc242562.csv
2,c37cdc242562,2025-10-15T11:49:48.202474,shrek,But,73,True,c060a1e70889,10.728346999712812,latency-c37cdc242562.csv
2,c37cdc242562,2025-10-15T11:49:48.328447,shrek,whistles,2,True,4ee8a2a45a7d,5.08790300000328,latency-c37cdc242562.csv
2,c37cdc242562,2025-10-15T11:49:48.438926,shrek3,fall,6,True,4ee8a2a45a7d,7.658809000076872,latency-c37cdc242562.csv
2,c37cdc242562,2025-10-15T11:49:48.556308,grail,time,33,True,5d32a63602e5,6.099349999658443,latency-c37cdc242562.csv
2,c37cdc242562,2025-10-15T11:49:48.673192,shrek3,an,51,True,5d32a63602e5,6.76789999988614,latency-c37cdc242562.csv
2,c37cdc242562,2025-10-15T11:49:48.788631,shrek,SHREK,433,True,5d32a63602e5,4.942611999922519,latency-c37cdc242562.csv
2,c37cdc242562,2025-10-15T11:49:48.901289,shrek,And,318,True,5d32a63602e5,5.834816000060528,latency-c37cdc242562.csv
2,c37cdc242562,2025-10-15T11:49:49.015132,shrek3,CHARMING,232,True,5d32a63602e5,7.895007999650261,latency-c37cdc242562.csv
2,c37cdc242562,2025-10-15T11:49:49.135828,grail,THREE-HEADED,8,True,5d32a63602e5,7.085863000156678,latency-c37cdc242562.csv
2,c37cdc242562,2025-10-15T11:49:49.250580,shrek3,Final,119,True,5d32a63602e5,6.716335999954026,latency-c37cdc242562.csv
2,c37cdc242562,2025-10-15T11:49:49.364557,shrek,SHREK,433,True,c060a1e70889,7.623545000114973,latency-c37cdc242562.csv
2,c37cdc242562,2025-10-15T11:49:49.478519,grail,Bum,13,True,c060a1e70889,11.845214999993914,latency-c37cdc242562.csv
2,c37cdc242562,2025-10-15T11:49:49.603857,grail,the,1600,True,5d32a63602e5,5.300838000039221,latency-c37cdc242562.csv
2,c37cdc242562,2025-10-15T11:49:49.717608,grail,to,718,True,5d32a63602e5,5.2928029999748105,latency-c37cdc242562.csv
2,c37cdc242562,2025-10-15T11:49:49.830641,shrek,Aah,6,True,c060a1e70889,7.100487000116118,latency-c37cdc242562.csv
1,c448210273fa,2025-10-15T11:50:15.579028,shrek3,still,18,True,c060a1e70889,9.118080000007469,latency-c448210273fa.csv
1,c448210273fa,2025-10-15T11:50:15.700353,grail,music,21,True,c060a1e70889,5.782221999652393,latency-c448210273fa.csv
1,c448210273fa,2025-10-15T11:50:15.813114,shrek,Shrek,433,True,c060a1e70889,9.687226999631092,latency-c448210273fa.csv
1,c448210273fa,2025-10-15T11:50:15.930036,shrek3,body),0,True,c060a1e70889,7.37185900015902,latency-c448210273fa.csv
1,c448210273fa,2025-10-15T11:50:16.043743,shrek,DONKEY,320,True,c060a1e70889,6.270622000101866,latency-c448210273fa.csv
1,c448210273fa,2025-10-15T11:50:16.156214,shrek3,-,110,True,c060a1e70889,7.504931999847031,latency-c448210273fa.csv
1,c448210273fa,2025-10-15T11:50:16.271152,grail,Yeah,13,True,c060a1e70889,8.902456000214443,latency-c448210273fa.csv
1,c448210273fa,2025-10-15T11:50:16.386808,shrek3,wont,0,True,c060a1e70889,5.423838999831787,latency-c448210273fa.csv
1,c448210273fa,2025-10-15T11:50:16.497634,grail,Christ,8,True,c060a1e70889,5.389970000123867,latency-c448210273fa.csv
1,c448210273fa,2025-10-15T11:50:16.608611,shrek3,SHREK,678,True,c060a1e70889,12.051120000251103,latency-c448210273fa.csv
1,c448210273fa,2025-10-15T11:50:16.729668,shrek,"Ha,",0,True,c060a1e70889,5.994951000047877,latency-c448210273fa.csv
1,c448210273fa,2025-10-15T11:50:16.841848,shrek3,MERLIN,73,True,5d32a63602e5,6.899964999774966,latency-c448210273fa.csv
1,c448210273fa,2025-10-15T11:50:16.955233,shrek,SHREK,433,True,5d32a63602e5,5.952837000222644,latency-c448210273fa.csv
1,c448210273fa,2025-10-15T11:50:17.066892,shrek3,Ahh,8,True,5d32a63602e5,7.3415400001977105,latency-c448210273fa.csv
1,c448210273fa,2025-10-15T11:50:17.182130,shrek3,SNOW,49,True,c060a1e70889,16.135957000187773,latency-c448210273fa.csv
1,c448210273fa,2025-10-15T11:50:17.316970,grail,Butts,2,True,c060a1e70889,8.45337800001289,latency-c448210273fa.csv
1,c448210273fa,2025-10-15T11:50:17.434526,shrek,ogre,27,True,c060a1e70889,6.645425999977306,latency-c448210273fa.csv
1,c448210273fa,2025-10-15T11:50:17.549239,shrek3,116,1,True,c060a1e70889,5.705247000150848,latency-c448210273fa.csv
1,c448210273fa,2025-10-15T11:50:17.661952,shrek,FIONA,211,True,c060a1e70889,10.200571000041236,latency-c448210273fa.csv
1,c448210273fa,2025-10-15T11:50:17.783540,shrek3,its,1,True,c060a1e70889,10.400538999874698,latency-c448210273fa.csv
2,c448210273fa,2025-10-15T11:50:17.905365,shrek3,still,18,True,c060a1e70889,7.221911999749864,latency-c448210273fa.csv
2,c448210273fa,2025-10-15T11:50:18.027661,grail,music,21,True,c060a1e70889,8.382474999962142,latency-c448210273fa.csv
2,c448210273fa,2025-10-15T11:50:18.146390,shrek,Shrek,433,True,c060a1e70889,5.100235000099929,latency-c448210273fa.csv
2,c448210273fa,2025-10-15T11:50:18.257349,shrek3,body),0,True,c060a1e70889,4.266840000127559,latency-c448210273fa.csv
2,c448210273fa,2025-10-15T11:50:18.366031,shrek,DONKEY,320,True,c060a1e70889,4.707046000021364,latency-c448210273fa.csv
2,c448210273fa,2025-10-15T11:50:18.475874,shrek3,-,110,True,c060a1e70889,4.276447999927768,latency-c448210273fa.csv
2,c448210273fa,2025-10-15T11:50:18.584985,grail,Yeah,13,True,c060a1e70889,4.813337000086904,latency-c448210273fa.csv
2,c448210273fa,2025-10-15T11:50:18.695143,shrek3,wont,0,True,c060a1e70889,3.9709379998384975,latency-c448210273fa.csv
2,c448210273fa,2025-10-15T11:50:18.803444,grail,Christ,8,True,c060a1e70889,4.583150000144087,latency-c448210273fa.csv
2,c448210273fa,2025-10-15T11:50:18.912556,shrek3,SHREK,678,True,c060a1e70889,4.448564000085753,latency-c448210273fa.csv
2,c448210273fa,2025-10-15T11:50:19.021806,shrek,"Ha,",0,True,c060a1e70889,5.5287029999817605,latency-c448210273fa.csv
2,c448210273fa,2025-10-15T11:50:19.132975,shrek3,MERLIN,73,True,c060a1e70889,5.652905000260944,latency-c448210273fa.csv
2,c448210273fa,2025-10-15T11:50:19.244005,shrek,SHREK,433,True,c060a1e70889,4.303516000163654,latency-c448210273fa.csv
2,c448210273fa,2025-10-15T11:50:19.353305,shrek3,Ahh,8,True,c060a1e70889,4.542987000149878,latency-c448210273fa.csv
2,c448210273fa,2025-10-15T11:50:19.462754,shrek3,SNOW,49,True,c060a1e70889,4.361783999684121,latency-c448210273fa.csv
2,c448210273fa,2025-10-15T11:50:19.572149,grail,Butts,2,True,c060a1e70889,4.099313000097027,latency-c448210273fa.csv
2,c448210273fa,2025-10-15T11:50:19.680678,shrek,ogre,27,True,c060a1e70889,4.540906999864092,latency-c448210273fa.csv
2,c448210273fa,2025-10-15T11:50:19.790392,shrek3,116,1,True,c060a1e70889,4.577076999794372,latency-c448210273fa.csv
2,c448210273fa,2025-10-15T11:50:19.900538,shrek,FIONA,211,True,c060a1e70889,4.592473000229802,latency-c448210273fa.csv
2,c448210273fa,2025-10-15T11:50:20.009845,shrek3,its,1,True,c060a1e70889,4.091165999852819,latency-c448210273fa.csv
1,c4ccf0ffd916,2025-10-15T11:49:38.194905,shrek3,me,72,False,c060a1e70889,20.078382000065176,latency-c4ccf0ffd916.csv
1,c4ccf0ffd916,2025-10-15T11:49:38.330486,shrek3,PUSS,196,False,c060a1e70889,34.937243000058515,latency-c4ccf0ffd916.csv
1,c4ccf0ffd916,2025-10-15T11:49:38.511226,shrek3,Cinderella,21,False,c060a1e70889,54.86139999993611,latency-c4ccf0ffd916.csv
1,c4ccf0ffd916,2025-10-15T11:49:38.674570,grail,54,2,False,4ee8a2a45a7d,21.718106000207623,latency-c4ccf0ffd916.csv
1,c4ccf0ffd916,2025-10-15T11:49:38.804911,grail,dancing,10,False,c060a1e70889,17.7913659999831,latency-c4ccf0ffd916.csv
1,c4ccf0ffd916,2025-10-15T11:49:38.928803,grail,music,21,True,5d32a63602e5,12.759728000219184,latency-c4ccf0ffd916.csv
1,c4ccf0ffd916,2025-10-15T11:49:39.048699,shrek3,Whoa,7,True,4ee8a2a45a7d,8.483423000143375,latency-c4ccf0ffd916.csv
1,c4ccf0ffd916,2025-10-15T11:49:39.164589,grail,LTD,6,False,4ee8a2a45a7d,13.377884999954404,latency-c4ccf0ffd916.csv
1,c4ccf0ffd916,2025-10-15T11:49:39.285042,grail,Guard,106,True,4ee8a2a45a7d,10.51654699995197,latency-c4ccf0ffd916.csv
1,c4ccf0ffd916,2025-10-15T11:49:39.409548,shrek,And,318,True,c060a1e70889,12.299302999963402,latency-c4ccf0ffd916.csv
1,c4ccf0ffd916,2025-10-15T11:49:39.528147,grail,cross,13,True,4ee8a2a45a7d,8.209781000005023,latency-c4ccf0ffd916.csv
1,c4ccf0ffd916,2025-10-15T11:49:39.646952,shrek,Aah,6,True,c060a1e70889,8.612906000053044,latency-c4ccf0ffd916.csv
1,c4ccf0ffd916,2025-10-15T11:49:39.762922,shrek3,his,238,False,c060a1e70889,13.263307000215718,latency-c4ccf0ffd916.csv
1,c4ccf0ffd916,2025-10-15T11:49:39.883139,grail,right,66,False,5d32a63602e5,22.528511000018625,latency-c4ccf0ffd916.csv
1,c4ccf0ffd916,2025-10-15T11:49:40.021387,shrek,FIONA,211,True,5d32a63602e5,5.187636999835377,latency-c4ccf0ffd916.csv
1,c4ccf0ffd916,2025-10-15T11:49:40.131599,grail,us,32,False,5d32a63602e5,13.781764999748702,latency-c4ccf0ffd916.csv
1,c4ccf0ffd916,2025-10-15T11:49:40.251264,grail,pathetic,4,True,c060a1e70889,7.321500000216474,latency-c4ccf0ffd916.csv
1,c4ccf0ffd916,2025-10-15T11:49:40.364851,shrek,Blah,1,False,4ee8a2a45a7d,11.743135999950027,latency-c4ccf0ffd916.csv
1,c4ccf0ffd916,2025-10-15T11:49:40.481985,shrek,DONKEY,320,True,c060a1e70889,6.594451000182744,latency-c4ccf0ffd916.csv
1,c4ccf0ffd916,2025-10-15T11:49:40.594394,shrek3,fall,6,True,c060a1e70889,7.666495999728795,latency-c4ccf0ffd916.csv
2,c4ccf0ffd916,2025-10-15T11:49:40.709482,shrek3,me,72,True,4ee8a2a45a7d,5.144031999861909,latency-c4ccf0ffd916.csv
2,c4ccf0ffd916,2025-10-15T11:49:40.821800,shrek3,PUSS,196,True,5d32a63602e5,8.274071999949228,latency-c4ccf0ffd916.csv
2,c4ccf0ffd916,2025-10-15T11:49:40.939299,shrek3,Cinderella,21,True,c060a1e70889,15.868597000007869,latency-c4ccf0ffd916.csv
2,c4ccf0ffd916,2025-10-15T11:49:41.064245,grail,54,2,True,5d32a63602e5,11.972892999892792,latency-c4ccf0ffd916.csv
2,c4ccf0ffd916,2025-10-15T11:49:41.183327,grail,dancing,10,True,5d32a63602e5,10.056742999950076,latency-c4ccf0ffd916.csv
2,c4ccf0ffd916,2025-10-15T11:49:41.301092,grail,music,21,True,5d32a63602e5,10.371195000061562,latency-c4ccf0ffd916.csv
2,c4ccf0ffd916,2025-10-15T11:49:41.418485,shrek3,Whoa,7,True,c060a1e70889,9.075285000108124,latency-c4ccf0ffd916.csv
2,c4ccf0ffd916,2025-10-15T11:49:41.535949,grail,LTD,6,True,c060a1e70889,11.508880999826944,latency-c4ccf0ffd916.csv
2,c4ccf0ffd916,2025-10-15T11:49:41.655418,grail,Guard,106,True,c060a1e70889,10.144674000002851,latency-c4ccf0ffd916.csv
2,c4ccf0ffd916,2025-10-15T11:49:41.773401,shrek,And,318,True,c060a1e70889,11.337577999711357,latency-c4ccf0ffd916.csv
2,c4ccf0ffd916,2025-10-15T11:49:41.895980,grail,cross,13,True,c060a1e70889,8.081082999979117,latency-c4ccf0ffd916.csv
2,c4ccf0ffd916,2025-10-15T11:49:42.011281,shrek,Aah,6,True,c060a1e70889,7.595552999646316,latency-c4ccf0ffd916.csv
2,c4ccf0ffd916,2025-10-15T11:49:42.125995,shrek3,his,238,True,4ee8a2a45a7d,9.724877000280683,latency-c4ccf0ffd916.csv
2,c4ccf0ffd916,2025-10-15T11:49:42.245401,grail,right,66,True,4ee8a2a45a7d,9.242550000180929,latency-c4ccf0ffd916.csv
2,c4ccf0ffd916,2025-10-15T11:49:42.361472,shrek,FIONA,211,True,4ee8a2a45a7d,11.508186000355636,latency-c4ccf0ffd916.csv
2,c4ccf0ffd916,2025-10-15T11:49:42.479291,grail,us,32,True,5d32a63602e5,7.643773999916448,latency-c4ccf0ffd916.csv
2,c4ccf0ffd916,2025-10-15T11:49:42.596287,grail,pathetic,4,True,5d32a63602e5,10.986249999859863,latency-c4ccf0ffd916.csv
2,c4ccf0ffd916,2025-10-15T11:49:42.719419,shrek,Blah,1,True,5d32a63602e5,12.801403000139544,latency-c4ccf0ffd916.csv
2,c4ccf0ffd916,2025-10-15T11:49:42.845438,shrek,DONKEY,320,True,c060a1e70889,12.688123999851086,latency-c4ccf0ffd916.csv
2,c4ccf0ffd916,2025-10-15T11:49:42.970504,shrek3,fall,6,True,5d32a63602e5,9.515384000224005,latency-c4ccf0ffd916.csv
1,c695c4181739,2025-10-15T11:50:00.780660,grail,lost,6,True,5d32a63602e5,7.587355999930878,latency-c695c4181739.csv
1,c695c4181739,2025-10-15T11:50:00.896760,grail,"collective,",0,True,5d32a63602e5,6.658127999799035,latency-c695c4181739.csv
1,c695c4181739,2025-10-15T11:50:01.009561,grail,singing,33,True,c060a1e70889,6.978891000017029,latency-c695c4181739.csv
1,c695c4181739,2025-10-15T11:50:01.123744,shrek,its,1,True,5d32a63602e5,6.886842999847431,latency-c695c4181739.csv
1,c695c4181739,2025-10-15T11:50:01.250948,shrek,old,10,True,5d32a63602e5,7.108553000307438,latency-c695c4181739.csv
1,c695c4181739,2025-10-15T11:50:01.365316,grail,to,718,True,4ee8a2a45a7d,12.931937999837828,latency-c695c4181739.csv
1,c695c4181739,2025-10-15T11:50:01.487886,shrek,way,26,True,5d32a63602e5,8.032341000216547,latency-c695c4181739.csv
1,c695c4181739,2025-10-15T11:50:01.604125,grail,Gallahad,44,False,5d32a63602e5,14.000863000092068,latency-c695c4181739.csv
1,c695c4181739,2025-10-15T11:50:01.725196,shrek,tale,7,True,5d32a63602e5,17.655450000347628,latency-c695c4181739.csv
1,c695c4181739,2025-10-15T11:50:01.854550,shrek3,get,39,True,5d32a63602e5,21.907327999997506,latency-c695c4181739.csv
1,c695c4181739,2025-10-15T11:50:01.986743,grail,CALLS,3,True,5d32a63602e5,16.06733299968255,latency-c695c4181739.csv
1,c695c4181739,2025-10-15T11:50:02.114935,shrek3,the,1285,True,5d32a63602e5,14.822796999851562,latency-c695c4181739.csv
1,c695c4181739,2025-10-15T11:50:02.242265,shrek3,Shrek,678,True,5d32a63602e5,7.864099000016722,latency-c695c4181739.csv
1,c695c4181739,2025-10-15T11:50:02.359086,shrek3,Guards,23,True,5d32a63602e5,16.405354000198713,latency-c695c4181739.csv
1,c695c4181739,2025-10-15T11:50:02.485106,grail,is,317,True,4ee8a2a45a7d,12.07872499981022,latency-c695c4181739.csv
1,c695c4181739,2025-10-15T11:50:02.604506,grail,Footnote,4,True,4ee8a2a45a7d,10.677194999971109,latency-c695c4181739.csv
1,c695c4181739,2025-10-15T11:50:02.725939,grail,Aaaaugh,9,True,c060a1e70889,7.893094000337442,latency-c695c4181739.csv
1,c695c4181739,2025-10-15T11:50:02.841218,shrek,What,104,True,c060a1e70889,9.15201799989518,latency-c695c4181739.csv
1,c695c4181739,2025-10-15T11:50:02.958032,shrek,DONKEY,320,True,c060a1e70889,16.26724599964291,latency-c695c4181739.csv
1,c695c4181739,2025-10-15T11:50:03.090404,shrek,tale,7,True,c060a1e70889,7.351010000093083,latency-c695c4181739.csv
2,c695c4181739,2025-10-15T11:50:03.205538,grail,lost,6,True,c060a1e70889,12.769562999892514,latency-c695c4181739.csv
2,c695c4181739,2025-10-15T11:50:03.328020,grail,"collective,",0,True,c060a1e70889,6.782702000236895,latency-c695c4181739.csv
2,c695c4181739,2025-10-15T11:50:03.443586,grail,singing,33,True,c060a1e70889,4.602970999712852,latency-c695c4181739.csv
2,c695c4181739,2025-10-15T11:50:03.554754,shrek,its,1,True,c060a1e70889,5.304756000441557,latency-c695c4181739.csv
2,c695c4181739,2025-10-15T11:50:03.665854,shrek,old,10,True,5d32a63602e5,5.127496000113752,latency-c695c4181739.csv
2,c695c4181739,2025-10-15T11:50:03.776771,grail,to,718,True,5d32a63602e5,6.883927000217227,latency-c695c4181739.csv
2,c695c4181739,2025-10-15T11:50:03.890517,shrek,way,26,True,c060a1e70889,6.39383900033863,latency-c695c4181739.csv
2,c695c4181739,2025-10-15T11:50:04.003240,grail,Gallahad,44,True,c060a1e70889,7.173956000315229,latency-c695c4181739.csv
2,c695c4181739,2025-10-15T11:50:04.117635,shrek,tale,7,True,c060a1e70889,5.463689999942289,latency-c695c4181739.csv
2,c695c4181739,2025-10-15T11:50:04.228998,shrek3,get,39,True,c060a1e70889,11.263138999765944,latency-c695c4181739.csv
2,c695c4181739,2025-10-15T11:50:04.347518,grail,CALLS,3,True,c060a1e70889,10.244423000131064,latency-c695c4181739.csv
2,c695c4181739,2025-10-15T11:50:04.472401,shrek3,the,1285,True,c060a1e70889,15.415203999964431,latency-c695c4181739.csv
2,c695c4181739,2025-10-15T11:50:04.594344,shrek3,Shrek,678,True,5d32a63602e5,8.744345000195608,latency-c695c4181739.csv
2,c695c4181739,2025-10-15T11:50:04.712676,shrek3,Guards,23,True,4ee8a2a45a7d,8.90172600020378,latency-c695c4181739.csv
2,c695c4181739,2025-10-15T11:50:04.829457,grail,is,317,True,5d32a63602e5,10.949002999950608,latency-c695c4181739.csv
2,c695c4181739,2025-10-15T11:50:04.947417,grail,Footnote,4,True,c060a1e70889,15.795156999956816,latency-c695c4181739.csv
2,c695c4181739,2025-10-15T11:50:05.081838,grail,Aaaaugh,9,True,c060a1e70889,7.784989999890968,latency-c695c4181739.csv
2,c695c4181739,2025-10-15T11:50:05.201923,shrek,What,104,True,c060a1e70889,5.339643999832333,latency-c695c4181739.csv
2,c695c4181739,2025-10-15T11:50:05.313967,shrek,DONKEY,320,True,c060a1e70889,5.024755999784247,latency-c695c4181739.csv
2,c695c4181739,2025-10-15T11:50:05.426026,shrek,tale,7,True,c060a1e70889,9.37823300000673,latency-c695c4181739.csv
1,c7089b89fca3,2025-10-15T11:49:58.305895,grail,from,94,True,c060a1e70889,8.489525000186404,latency-c7089b89fca3.csv
1,c7089b89fca3,2025-10-15T11:49:58.422051,grail,king,136,True,c060a1e70889,7.867650000207504,latency-c7089b89fca3.csv
1,c7089b89fca3,2025-10-15T11:49:58.537547,shrek3,"meet""",0,True,c060a1e70889,12.37271200034229,latency-c7089b89fca3.csv
1,c7089b89fca3,2025-10-15T11:49:58.658983,shrek3,Third,121,True,5d32a63602e5,6.025837999914074,latency-c7089b89fca3.csv
1,c7089b89fca3,2025-10-15T11:49:58.771151,shrek3,Donkey,243,True,c060a1e70889,8.692840000094293,latency-c7089b89fca3.csv
1,c7089b89fca3,2025-10-15T11:49:58.887755,grail,LANCELOT,59,True,c060a1e70889,9.480666999934328,latency-c7089b89fca3.csv
1,c7089b89fca3,2025-10-15T11:49:59.005845,shrek3,with,112,True,c060a1e70889,9.567992000029337,latency-c7089b89fca3.csv
1,c7089b89fca3,2025-10-15T11:49:59.123068,grail,Bum,13,True,c060a1e70889,5.289621999963856,latency-c7089b89fca3.csv
1,c7089b89fca3,2025-10-15T11:49:59.237377,grail,Cleveland,3,True,c060a1e70889,8.659931999773107,latency-c7089b89fca3.csv
1,c7089b89fca3,2025-10-15T11:49:59.360542,shrek,FIONA,211,True,c060a1e70889,6.07062999961272,latency-c7089b89fca3.csv
1,c7089b89fca3,2025-10-15T11:49:59.474638,shrek3,cues,3,True,c060a1e70889,9.110077000059391,latency-c7089b89fca3.csv
1,c7089b89fca3,2025-10-15T11:49:59.592113,shrek3,cosmic,1,True,c060a1e70889,10.035406000042713,latency-c7089b89fca3.csv
1,c7089b89fca3,2025-10-15T11:49:59.713487,shrek,CROWD,5,True,c060a1e70889,6.401249000191456,latency-c7089b89fca3.csv
1,c7089b89fca3,2025-10-15T11:49:59.826752,grail,and,722,True,c060a1e70889,9.010573000068687,latency-c7089b89fca3.csv
1,c7089b89fca3,2025-10-15T11:49:59.944275,shrek,HOOD,13,True,c060a1e70889,6.822339000336797,latency-c7089b89fca3.csv
1,c7089b89fca3,2025-10-15T11:50:00.058966,shrek3,the,1285,True,c060a1e70889,7.383364000361325,latency-c7089b89fca3.csv
1,c7089b89fca3,2025-10-15T11:50:00.181246,shrek,its,1,True,c060a1e70889,7.701853000071424,latency-c7089b89fca3.csv
1,c7089b89fca3,2025-10-15T11:50:00.306124,shrek3,Guards,23,True,c060a1e70889,4.605683999670873,latency-c7089b89fca3.csv
1,c7089b89fca3,2025-10-15T11:50:00.418278,shrek3,SHREK,678,True,c060a1e70889,4.960712999945827,latency-c7089b89fca3.csv
1,c7089b89fca3,2025-10-15T11:50:00.529667,grail,the,1600,True,c060a1e70889,6.992508000166708,latency-c7089b89fca3.csv
2,c7089b89fca3,2025-10-15T11:50:00.645178,grail,from,94,True,c060a1e70889,6.262012000206596,latency-c7089b89fca3.csv
2,c7089b89fca3,2025-10-15T11:50:00.758412,grail,king,136,True,c060a1e70889,4.723605999970459,latency-c7089b89fca3.csv
2,c7089b89fca3,2025-10-15T11:50:00.869882,shrek3,"meet""",0,True,c060a1e70889,7.193154000106006,latency-c7089b89fca3.csv
2,c7089b89fca3,2025-10-15T11:50:00.983571,shrek3,Third,121,True,c060a1e70889,5.813504999878205,latency-c7089b89fca3.csv
2,c7089b89fca3,2025-10-15T11:50:01.095371,shrek3,Donkey,243,True,c060a1e70889,6.442483999762771,latency-c7089b89fca3.csv
2,c7089b89fca3,2025-10-15T11:50:01.207751,grail,LANCELOT,59,True,5d32a63602e5,18.489055999907578,latency-c7089b89fca3.csv
2,c7089b89fca3,2025-10-15T11:50:01.343296,shrek3,with,112,True,5d32a63602e5,16.912310999941838,latency-c7089b89fca3.csv
2,c7089b89fca3,2025-10-15T11:50:01.475023,grail,Bum,13,True,4ee8a2a45a7d,6.471800999861443,latency-c7089b89fca3.csv
2,c7089b89fca3,2025-10-15T11:50:01.588885,grail,Cleveland,3,True,5d32a63602e5,6.83435000019017,latency-c7089b89fca3.csv
2,c7089b89fca3,2025-10-15T11:50:01.702775,shrek,FIONA,211,True,c060a1e70889,22.1217670000442,latency-c7089b89fca3.csv
2,c7089b89fca3,2025-10-15T11:50:01.844204,shrek3,cues,3,True,4ee8a2a45a7d,14.908663000369415,latency-c7089b89fca3.csv
2,c7089b89fca3,2025-10-15T11:50:01.976821,shrek3,cosmic,1,True,c060a1e70889,7.008664999830216,latency-c7089b89fca3.csv
2,c7089b89fca3,2025-10-15T11:50:02.098411,shrek,CROWD,5,True,5d32a63602e5,10.13803599971652,latency-c7089b89fca3.csv
2,c7089b89fca3,2025-10-15T11:50:02.223526,grail,and,722,True,5d32a63602e5,7.166922000124032,latency-c7089b89fca3.csv
2,c7089b89fca3,2025-10-15T11:50:02.339254,shrek,HOOD,13,True,5d32a63602e5,7.6009909998902,latency-c7089b89fca3.csv
2,c7089b89fca3,2025-10-15T11:50:02.457797,shrek3,the,1285,True,5d32a63602e5,7.629177999660897,latency-c7089b89fca3.csv
2,c7089b89fca3,2025-10-15T11:50:02.572857,shrek,its,1,True,5d32a63602e5,7.660438000129943,latency-c7089b89fca3.csv
2,c7089b89fca3,2025-10-15T11:50:02.688546,shrek3,Guards,23,True,5d32a63602e5,5.565148999721714,latency-c7089b89fca3.csv
2,c7089b89fca3,2025-10-15T11:50:02.800801,shrek3,SHREK,678,True,5d32a63602e5,8.767119999902206,latency-c7089b89fca3.csv
2,c7089b89fca3,2025-10-15T11:50:02.917411,grail,the,1600,True,5d32a63602e5,5.983687000025384,latency-c7089b89fca3.csv
1,c81068bccb54,2025-10-15T11:49:54.207472,shrek3,They,80,True,c060a1e70889,6.399105000127747,latency-c81068bccb54.csv
1,c81068bccb54,2025-10-15T11:49:54.320371,shrek,Shrek,433,True,4ee8a2a45a7d,8.795991000170034,latency-c81068bccb54.csv
1,c81068bccb54,2025-10-15T11:49:54.442604,shrek3,They,80,True,5d32a63602e5,8.479265000005398,latency-c81068bccb54.csv
1,c81068bccb54,2025-10-15T11:49:54.560821,grail,pretty,7,True,5d32a63602e5,5.5650179997428495,latency-c81068bccb54.csv
1,c81068bccb54,2025-10-15T11:49:54.672125,shrek,a,305,True,5d32a63602e5,6.471374999819091,latency-c81068bccb54.csv
1,c81068bccb54,2025-10-15T11:49:54.785176,shrek3,Final,119,True,5d32a63602e5,7.685199999741599,latency-c81068bccb54.csv
1,c81068bccb54,2025-10-15T11:49:54.903698,shrek3,to,511,True,5d32a63602e5,5.685376999736036,latency-c81068bccb54.csv
1,c81068bccb54,2025-10-15T11:49:55.015247,grail,chops,3,True,c060a1e70889,9.160064999832684,latency-c81068bccb54.csv
1,c81068bccb54,2025-10-15T11:49:55.131988,shrek3,and,576,True,c060a1e70889,7.084006999775738,latency-c81068bccb54.csv
1,c81068bccb54,2025-10-15T11:49:55.245166,grail,Butts,2,True,5d32a63602e5,6.127918000402133,latency-c81068bccb54.csv
1,c81068bccb54,2025-10-15T11:49:55.357161,shrek3,us,12,True,5d32a63602e5,6.892483999763499,latency-c81068bccb54.csv
1,c81068bccb54,2025-10-15T11:49:55.470187,shrek3,SHOUTING),0,True,5d32a63602e5,4.968872999597807,latency-c81068bccb54.csv
1,c81068bccb54,2025-10-15T11:49:55.579884,shrek,your,49,True,5d32a63602e5,7.704308000029414,latency-c81068bccb54.csv
1,c81068bccb54,2025-10-15T11:49:55.695748,shrek3,and,576,True,5d32a63602e5,5.0059240002156,latency-c81068bccb54.csv
1,c81068bccb54,2025-10-15T11:49:55.805836,shrek3,PRINCE,207,True,4ee8a2a45a7d,6.681449000097928,latency-c81068bccb54.csv
1,c81068bccb54,2025-10-15T11:49:55.918473,grail,door,14,True,4ee8a2a45a7d,5.920183999933215,latency-c81068bccb54.csv
1,c81068bccb54,2025-10-15T11:49:56.030443,grail,elected,2,True,5d32a63602e5,8.160094999766443,latency-c81068bccb54.csv
1,c81068bccb54,2025-10-15T11:49:56.147983,shrek3,of,275,True,5d32a63602e5,7.41315699997358,latency-c81068bccb54.csv
1,c81068bccb54,2025-10-15T11:49:56.263126,grail,feel,11,True,c060a1e70889,9.942556000169134,latency-c81068bccb54.csv
1,c81068bccb54,2025-10-15T11:49:56.383053,grail,54,2,True,c060a1e70889,10.098975999881077,latency-c81068bccb54.csv
2,c81068bccb54,2025-10-15T11:49:56.500703,shrek3,They,80,True,c060a1e70889,10.26853499979552,latency-c81068bccb54.csv
2,c81068bccb54,2025-10-15T11:49:56.634900,shrek,Shrek,433,True,5d32a63602e5,12.034002999826043,latency-c81068bccb54.csv
2,c81068bccb54,2025-10-15T11:49:56.784052,shrek3,They,80,True,5d32a63602e5,9.127655999691342,latency-c81068bccb54.csv
2,c81068bccb54,2025-10-15T11:49:56.901715,grail,pretty,7,True,5d32a63602e5,9.023659999911615,latency-c81068bccb54.csv
2,c81068bccb54,2025-10-15T11:49:57.017880,shrek,a,305,True,c060a1e70889,15.510997000092177,latency-c81068bccb54.csv
2,c81068bccb54,2025-10-15T11:49:57.141559,shrek3,Final,119,True,5d32a63602e5,9.095698000237462,latency-c81068bccb54.csv
2,c81068bccb54,2025-10-15T11:49:57.263812,shrek3,to,511,True,5d32a63602e5,12.581708000197978,latency-c81068bccb54.csv
2,c81068bccb54,2025-10-15T11:49:57.387159,grail,chops,3,True,4ee8a2a45a7d,6.443119999858027,latency-c81068bccb54.csv
2,c81068bccb54,2025-10-15T11:49:57.500290,shrek3,and,576,True,5d32a63602e5,9.175369999866234,latency-c81068bccb54.csv
2,c81068bccb54,2025-10-15T11:49:57.617283,grail,Butts,2,True,5d32a63602e5,10.302706999937072,latency-c81068bccb54.csv
2,c81068bccb54,2025-10-15T11:49:57.741029,shrek3,us,12,True,5d32a63602e5,9.839877000104025,latency-c81068bccb54.csv
2,c81068bccb54,2025-10-15T11:49:57.859768,shrek3,SHOUTING),0,True,4ee8a2a45a7d,8.315498000229127,latency-c81068bccb54.csv
2,c81068bccb54,2025-10-15T11:49:57.977500,shrek,your,49,True,c060a1e70889,4.463390000182699,latency-c81068bccb54.csv
2,c81068bccb54,2025-10-15T11:49:58.088119,shrek3,and,576,True,c060a1e70889,13.813614999889978,latency-c81068bccb54.csv
2,c81068bccb54,2025-10-15T11:49:58.217507,shrek3,PRINCE,207,True,c060a1e70889,6.161177000194584,latency-c81068bccb54.csv
2,c81068bccb54,2025-10-15T11:49:58.329832,grail,door,14,True,c060a1e70889,6.752402000074653,latency-c81068bccb54.csv
2,c81068bccb54,2025-10-15T11:49:58.443400,grail,elected,2,True,c060a1e70889,6.732938999903126,latency-c81068bccb54.csv
2,c81068bccb54,2025-10-15T11:49:58.559628,shrek3,of,275,True,c060a1e70889,11.253019000378115,latency-c81068bccb54.csv
2,c81068bccb54,2025-10-15T11:49:58.693519,grail,feel,11,True,c060a1e70889,4.643551999834017,latency-c81068bccb54.csv
2,c81068bccb54,2025-10-15T11:49:58.803869,grail,54,2,True,c060a1e70889,7.211040000129287,latency-c81068bccb54.csv
1,ca4509a50f59,2025-10-15T11:49:40.740284,shrek3,WOLF,7,False,c060a1e70889,11.95752800003902,latency-ca4509a50f59.csv
1,ca4509a50f59,2025-10-15T11:49:40.859549,shrek,help,5,True,5d32a63602e5,8.087373999842384,latency-ca4509a50f59.csv
1,ca4509a50f59,2025-10-15T11:49:40.977710,grail,feel,11,True,5d32a63602e5,8.444169000085822,latency-ca4509a50f59.csv
1,ca4509a50f59,2025-10-15T11:49:41.096375,shrek,will,16,True,5d32a63602e5,5.261420000351791,latency-ca4509a50f59.csv
1,ca4509a50f59,2025-10-15T11:49:41.207286,grail,GALAHAD,87,True,c060a1e70889,7.655339999928401,latency-ca4509a50f59.csv
1,ca4509a50f59,2025-10-15T11:49:41.322332,shrek3,ARTIE,213,True,c060a1e70889,8.163612999851466,latency-ca4509a50f59.csv
1,ca4509a50f59,2025-10-15T11:49:41.440859,grail,TV,2,True,c060a1e70889,7.05273199992007,latency-ca4509a50f59.csv
1,ca4509a50f59,2025-10-15T11:49:41.554633,shrek3,"Suddenly,",0,True,c060a1e70889,15.958216999933938,latency-ca4509a50f59.csv
1,ca4509a50f59,2025-10-15T11:49:41.677991,shrek,and,318,True,c060a1e70889,7.505898000090383,latency-ca4509a50f59.csv
1,ca4509a50f59,2025-10-15T11:49:41.792464,shrek3,glass,9,True,5d32a63602e5,10.84867800000211,latency-ca4509a50f59.csv
1,ca4509a50f59,2025-10-15T11:49:41.913481,grail,the,1600,True,c060a1e70889,8.851980999679654,latency-ca4509a50f59.csv
1,ca4509a50f59,2025-10-15T11:49:42.031121,grail,Aaaaugh,9,False,c060a1e70889,16.115141000227595,latency-ca4509a50f59.csv
1,ca4509a50f59,2025-10-15T11:49:42.155607,shrek3,the,1285,True,c060a1e70889,23.28902999988713,latency-ca4509a50f59.csv
1,ca4509a50f59,2025-10-15T11:49:42.293526,shrek3,the,1285,True,5d32a63602e5,10.851326999727462,latency-ca4509a50f59.csv
1,ca4509a50f59,2025-10-15T11:49:42.419633,shrek3,true,1,False,4ee8a2a45a7d,17.92704599984063,latency-ca4509a50f59.csv
1,ca4509a50f59,2025-10-15T11:49:42.542701,shrek,token,1,False,5d32a63602e5,43.91127100006997,latency-ca4509a50f59.csv
1,ca4509a50f59,2025-10-15T11:49:42.702613,grail,of,684,True,5d32a63602e5,6.600710999919102,latency-ca4509a50f59.csv
1,ca4509a50f59,2025-10-15T11:49:42.820006,shrek3,Gingerbread,37,True,c060a1e70889,5.403151999871625,latency-ca4509a50f59.csv
1,ca4509a50f59,2025-10-15T11:49:42.930408,grail,Cleese,10,False,c060a1e70889,10.485970999980054,latency-ca4509a50f59.csv
1,ca4509a50f59,2025-10-15T11:49:43.046115,grail,"collective,",0,False,c060a1e70889,11.241511000207538,latency-ca4509a50f59.csv
2,ca4509a50f59,2025-10-15T11:49:43.163652,shrek3,WOLF,7,True,c060a1e70889,6.311433000064426,latency-ca4509a50f59.csv
2,ca4509a50f59,2025-10-15T11:49:43.276115,shrek,help,5,True,c060a1e70889,9.69459799989636,latency-ca4509a50f59.csv
2,ca4509a50f59,2025-10-15T11:49:43.393673,grail,feel,11,True,c060a1e70889,10.22271500005445,latency-ca4509a50f59.csv
2,ca4509a50f59,2025-10-15T11:49:43.509807,shrek,will,16,True,c060a1e70889,8.94465900000796,latency-ca4509a50f59.csv
2,ca4509a50f59,2025-10-15T11:49:43.628936,grail,GALAHAD,87,True,c060a1e70889,12.606454999968264,latency-ca4509a50f59.csv
2,ca4509a50f59,2025-10-15T11:49:43.757000,shrek3,ARTIE,213,True,4ee8a2a45a7d,10.332382999877154,latency-ca4509a50f59.csv
2,ca4509a50f59,2025-10-15T11:49:43.875619,grail,TV,2,True,c060a1e70889,11.302247999992687,latency-ca4509a50f59.csv
2,ca4509a50f59,2025-10-15T11:49:43.998012,shrek3,"Suddenly,",0,True,c060a1e70889,6.42644699973971,latency-ca4509a50f59.csv
2,ca4509a50f59,2025-10-15T11:49:44.114297,shrek,and,318,True,c060a1e70889,7.275047000348422,latency-ca4509a50f59.csv
2,ca4509a50f59,2025-10-15T11:49:44.229085,shrek3,glass,9,True,c060a1e70889,8.649030000015046,latency-ca4509a50f59.csv
2,ca4509a50f59,2025-10-15T11:49:44.345660,grail,the,1600,True,c060a1e70889,6.22316699991643,latency-ca4509a50f59.csv
2,ca4509a50f59,2025-10-15T11:49:44.457958,grail,Aaaaugh,9,True,c060a1e70889,7.533478999903309,latency-ca4509a50f59.csv
2,ca4509a50f59,2025-10-15T11:49:44.571814,shrek3,the,1285,True,c060a1e70889,10.135230000287264,latency-ca4509a50f59.csv
2,ca4509a50f59,2025-10-15T11:49:44.689707,shrek3,the,1285,True,c060a1e70889,4.962720000094123,latency-ca4509a50f59.csv
2,ca4509a50f59,2025-10-15T11:49:44.801898,shrek3,true,1,True,c060a1e70889,9.512247000202478,latency-ca4509a50f59.csv
2,ca4509a50f59,2025-10-15T11:49:44.918854,shrek,token,1,True,c060a1e70889,7.037625000066328,latency-ca4509a50f59.csv
2,ca4509a50f59,2025-10-15T11:49:45.033715,grail,of,684,True,c060a1e70889,16.79220500000156,latency-ca4509a50f59.csv
2,ca4509a50f59,2025-10-15T11:49:45.167216,shrek3,Gingerbread,37,True,c060a1e70889,11.044792999655328,latency-ca4509a50f59.csv
2,ca4509a50f59,2025-10-15T11:49:45.290461,grail,Cleese,10,True,c060a1e70889,29.558239000380127,latency-ca4509a50f59.csv
2,ca4509a50f59,2025-10-15T11:49:45.438602,grail,"collective,",0,True,5d32a63602e5,17.544623000048887,latency-ca4509a50f59.csv
1,cc71278bf5c2,2025-10-15T11:50:07.685652,shrek,after,10,True,5d32a63602e5,10.090679999848362,latency-cc71278bf5c2.csv
1,cc71278bf5c2,2025-10-15T11:50:07.802776,shrek,don't,72,True,5d32a63602e5,13.015601000006429,latency-cc71278bf5c2.csv
1,cc71278bf5c2,2025-10-15T11:50:07.922925,grail,Jones,7,True,c060a1e70889,9.302051999839025,latency-cc71278bf5c2.csv
1,cc71278bf5c2,2025-10-15T11:50:08.038745,shrek3,and,576,True,4ee8a2a45a7d,8.875792999788246,latency-cc71278bf5c2.csv
1,cc71278bf5c2,2025-10-15T11:50:08.161253,shrek,lay,2,True,4ee8a2a45a7d,7.746670999949856,latency-cc71278bf5c2.csv
1,cc71278bf5c2,2025-10-15T11:50:08.276013,grail,since,10,True,4ee8a2a45a7d,12.121687000217207,latency-cc71278bf5c2.csv
1,cc71278bf5c2,2025-10-15T11:50:08.396914,grail,going,21,True,5d32a63602e5,6.04215600014868,latency-cc71278bf5c2.csv
1,cc71278bf5c2,2025-10-15T11:50:08.509249,grail,upon,13,True,5d32a63602e5,7.489903000077902,latency-cc71278bf5c2.csv
1,cc71278bf5c2,2025-10-15T11:50:08.626869,grail,Boom,4,True,c060a1e70889,6.934683000054065,latency-cc71278bf5c2.csv
1,cc71278bf5c2,2025-10-15T11:50:08.742362,shrek,tell,25,True,c060a1e70889,7.285369999863178,latency-cc71278bf5c2.csv
1,cc71278bf5c2,2025-10-15T11:50:08.857095,shrek3,PUSS,196,True,c060a1e70889,6.863187999897491,latency-cc71278bf5c2.csv
1,cc71278bf5c2,2025-10-15T11:50:08.969993,grail,at,104,True,c060a1e70889,6.500563999907172,latency-cc71278bf5c2.csv
1,cc71278bf5c2,2025-10-15T11:50:09.084397,shrek,HOOD,13,True,c060a1e70889,8.323920000293583,latency-cc71278bf5c2.csv
1,cc71278bf5c2,2025-10-15T11:50:09.255256,grail,Tm,5,True,5d32a63602e5,7.969060000050376,latency-cc71278bf5c2.csv
1,cc71278bf5c2,2025-10-15T11:50:09.370222,shrek3,PRINCE,207,True,c060a1e70889,8.159078999597114,latency-cc71278bf5c2.csv
1,cc71278bf5c2,2025-10-15T11:50:09.490578,shrek3,supposed,11,True,c060a1e70889,5.535935999887442,latency-cc71278bf5c2.csv
1,cc71278bf5c2,2025-10-15T11:50:09.601642,shrek,SHREK,433,True,c060a1e70889,10.148362000109046,latency-cc71278bf5c2.csv
1,cc71278bf5c2,2025-10-15T11:50:09.726117,shrek,at,62,True,5d32a63602e5,6.052953000107664,latency-cc71278bf5c2.csv
1,cc71278bf5c2,2025-10-15T11:50:09.838024,shrek,GUARD,25,True,5d32a63602e5,6.325853999896935,latency-cc71278bf5c2.csv
1,cc71278bf5c2,2025-10-15T11:50:09.951560,shrek3,us,12,True,5d32a63602e5,6.518703999972786,latency-cc71278bf5c2.csv
2,cc71278bf5c2,2025-10-15T11:50:10.066822,shrek,after,10,True,5d32a63602e5,10.42703499979325,latency-cc71278bf5c2.csv
2,cc71278bf5c2,2025-10-15T11:50:10.187697,shrek,don't,72,True,5d32a63602e5,19.10586499980127,latency-cc71278bf5c2.csv
2,cc71278bf5c2,2025-10-15T11:50:10.316306,grail,Jones,7,True,4ee8a2a45a7d,7.589621000079205,latency-cc71278bf5c2.csv
2,cc71278bf5c2,2025-10-15T11:50:10.430712,shrek3,and,576,True,4ee8a2a45a7d,9.309967999797664,latency-cc71278bf5c2.csv
2,cc71278bf5c2,2025-10-15T11:50:10.546599,shrek,lay,2,True,c060a1e70889,7.2062059998643235,latency-cc71278bf5c2.csv
2,cc71278bf5c2,2025-10-15T11:50:10.659719,grail,since,10,True,c060a1e70889,7.819880000170087,latency-cc71278bf5c2.csv
2,cc71278bf5c2,2025-10-15T11:50:10.776597,grail,going,21,True,c060a1e70889,17.758909999884054,latency-cc71278bf5c2.csv
2,cc71278bf5c2,2025-10-15T11:50:10.902732,grail,upon,13,True,c060a1e70889,5.667526999786787,latency-cc71278bf5c2.csv
2,cc71278bf5c2,2025-10-15T11:50:11.016011,grail,Boom,4,True,5d32a63602e5,7.644341999821336,latency-cc71278bf5c2.csv
2,cc71278bf5c2,2025-10-15T11:50:11.129635,shrek,tell,25,True,5d32a63602e5,6.809325000176614,latency-cc71278bf5c2.csv
2,cc71278bf5c2,2025-10-15T11:50:11.242150,shrek3,PUSS,196,True,5d32a63602e5,7.279387999915343,latency-cc71278bf5c2.csv
2,cc71278bf5c2,2025-10-15T11:50:11.356665,grail,at,104,True,5d32a63602e5,8.168050999756815,latency-cc71278bf5c2.csv
2,cc71278bf5c2,2025-10-15T11:50:11.478209,shrek,HOOD,13,True,c060a1e70889,6.086697999762691,latency-cc71278bf5c2.csv
2,cc71278bf5c2,2025-10-15T11:50:11.590661,grail,Tm,5,True,c060a1e70889,6.628266000006988,latency-cc71278bf5c2.csv
2,cc71278bf5c2,2025-10-15T11:50:11.703052,shrek3,PRINCE,207,True,c060a1e70889,5.716357999972388,latency-cc71278bf5c2.csv
2,cc71278bf5c2,2025-10-15T11:50:11.815889,shrek3,supposed,11,True,c060a1e70889,11.063332000048833,latency-cc71278bf5c2.csv
2,cc71278bf5c2,2025-10-15T11:50:11.938097,shrek,SHREK,433,True,c060a1e70889,10.885648000112267,latency-cc71278bf5c2.csv
2,cc71278bf5c2,2025-10-15T11:50:12.057296,shrek,at,62,True,5d32a63602e5,6.343198000195116,latency-cc71278bf5c2.csv
2,cc71278bf5c2,2025-10-15T11:50:12.170301,shrek,GUARD,25,True,5d32a63602e5,7.224071000109689,latency-cc71278bf5c2.csv
2,cc71278bf5c2,2025-10-15T11:50:12.286087,shrek3,us,12,True,5d32a63602e5,5.864726999789127,latency-cc71278bf5c2.csv
1,cd009bff4c59,2025-10-15T11:49:57.431238,grail,LTD,6,True,c060a1e70889,4.689208999934635,latency-cd009bff4c59.csv
1,cd009bff4c59,2025-10-15T11:49:57.541837,grail,LTD,6,True,c060a1e70889,4.78439000016806,latency-cd009bff4c59.csv
1,cd009bff4c59,2025-10-15T11:49:57.652387,grail,the,1600,True,c060a1e70889,9.258546000182832,latency-cd009bff4c59.csv
1,cd009bff4c59,2025-10-15T11:49:57.768612,shrek3,PUSS,196,True,c060a1e70889,7.226759000332095,latency-cd009bff4c59.csv
1,cd009bff4c59,2025-10-15T11:49:57.882246,shrek3,CAPTAIN,41,True,c060a1e70889,7.899131999693054,latency-cd009bff4c59.csv
1,cd009bff4c59,2025-10-15T11:49:57.998841,shrek,Aah,6,True,5d32a63602e5,6.149343999823032,latency-cd009bff4c59.csv
1,cd009bff4c59,2025-10-15T11:49:58.112844,shrek,What,104,True,c060a1e70889,16.864832999999635,latency-cd009bff4c59.csv
1,cd009bff4c59,2025-10-15T11:49:58.238074,shrek,(standing,0,True,5d32a63602e5,8.090077999895584,latency-cd009bff4c59.csv
1,cd009bff4c59,2025-10-15T11:49:58.352752,grail,LTD,6,True,5d32a63602e5,6.469311000273592,latency-cd009bff4c59.csv
1,cd009bff4c59,2025-10-15T11:49:58.465081,grail,ANOTHER,25,True,5d32a63602e5,6.610345999888523,latency-cd009bff4c59.csv
1,cd009bff4c59,2025-10-15T11:49:58.578886,shrek,DONKEY,320,True,4ee8a2a45a7d,18.037918000118225,latency-cd009bff4c59.csv
1,cd009bff4c59,2025-10-15T11:49:58.704744,shrek3,fall,6,True,c060a1e70889,5.493794999892998,latency-cd009bff4c59.csv
1,cd009bff4c59,2025-10-15T11:49:58.815863,shrek3,"Suddenly,",0,True,4ee8a2a45a7d,11.534971999935806,latency-cd009bff4c59.csv
1,cd009bff4c59,2025-10-15T11:49:58.934793,grail,at,104,True,5d32a63602e5,6.607204000374622,latency-cd009bff4c59.csv
1,cd009bff4c59,2025-10-15T11:49:59.047564,shrek3,Shrek,678,True,5d32a63602e5,6.945356999949581,latency-cd009bff4c59.csv
1,cd009bff4c59,2025-10-15T11:49:59.159706,shrek,"Ha,",0,True,5d32a63602e5,7.68682899979467,latency-cd009bff4c59.csv
1,cd009bff4c59,2025-10-15T11:49:59.273943,shrek3,SHREK,678,True,c060a1e70889,8.119865000026039,latency-cd009bff4c59.csv
1,cd009bff4c59,2025-10-15T11:49:59.388875,grail,cross,13,True,c060a1e70889,6.694484000036027,latency-cd009bff4c59.csv
1,cd009bff4c59,2025-10-15T11:49:59.500596,shrek3,SHREK,678,True,c060a1e70889,6.811157000356616,latency-cd009bff4c59.csv
1,cd009bff4c59,2025-10-15T11:49:59.613400,grail,Boom,4,True,c060a1e70889,10.423280999930284,latency-cd009bff4c59.csv
2,cd009bff4c59,2025-10-15T11:49:59.731030,grail,LTD,6,True,c060a1e70889,7.24709799987977,latency-cd009bff4c59.csv
2,cd009bff4c59,2025-10-15T11:49:59.844753,grail,LTD,6,True,c060a1e70889,7.001717000093777,latency-cd009bff4c59.csv
2,cd009bff4c59,2025-10-15T11:49:59.957785,grail,the,1600,True,4ee8a2a45a7d,8.463684000162175,latency-cd009bff4c59.csv
2,cd009bff4c59,2025-10-15T11:50:00.073190,shrek3,PUSS,196,True,5d32a63602e5,14.092276000155834,latency-cd009bff4c59.csv
2,cd009bff4c59,2025-10-15T11:50:00.196048,shrek3,CAPTAIN,41,True,5d32a63602e5,13.811114999953134,latency-cd009bff4c59.csv
2,cd009bff4c59,2025-10-15T11:50:00.321054,shrek,Aah,6,True,c060a1e70889,8.969737999905192,latency-cd009bff4c59.csv
2,cd009bff4c59,2025-10-15T11:50:00.438938,shrek,What,104,True,5d32a63602e5,12.266265000107524,latency-cd009bff4c59.csv
2,cd009bff4c59,2025-10-15T11:50:00.564921,shrek,(standing,0,True,c060a1e70889,7.433426999796211,latency-cd009bff4c59.csv
2,cd009bff4c59,2025-10-15T11:50:00.683639,grail,LTD,6,True,c060a1e70889,5.1341399998818815,latency-cd009bff4c59.csv
2,cd009bff4c59,2025-10-15T11:50:00.793861,grail,ANOTHER,25,True,c060a1e70889,7.518832000187103,latency-cd009bff4c59.csv
2,cd009bff4c59,2025-10-15T11:50:00.908663,shrek,DONKEY,320,True,c060a1e70889,5.194450999624678,latency-cd009bff4c59.csv
2,cd009bff4c59,2025-10-15T11:50:01.020314,shrek3,fall,6,True,5d32a63602e5,5.833264999637322,latency-cd009bff4c59.csv
2,cd009bff4c59,2025-10-15T11:50:01.137224,shrek3,"Suddenly,",0,True,c060a1e70889,14.43597299976318,latency-cd009bff4c59.csv
2,cd009bff4c59,2025-10-15T11:50:01.259015,grail,at,104,True,c060a1e70889,7.812201999968238,latency-cd009bff4c59.csv
2,cd009bff4c59,2025-10-15T11:50:01.374127,shrek3,Shrek,678,True,c060a1e70889,10.415265000119687,latency-cd009bff4c59.csv
2,cd009bff4c59,2025-10-15T11:50:01.492422,shrek,"Ha,",0,True,4ee8a2a45a7d,9.479394999743818,latency-cd009bff4c59.csv
2,cd009bff4c59,2025-10-15T11:50:01.611759,shrek3,SHREK,678,True,4ee8a2a45a7d,8.126022999931592,latency-cd009bff4c59.csv
2,cd009bff4c59,2025-10-15T11:50:01.727066,grail,cross,13,True,5d32a63602e5,14.657375999831856,latency-cd009bff4c59.csv
2,cd009bff4c59,2025-10-15T11:50:01.854697,shrek3,SHREK,678,True,5d32a63602e5,24.010533999899053,latency-cd009bff4c59.csv
2,cd009bff4c59,2025-10-15T11:50:01.988583,grail,Boom,4,True,5d32a63602e5,14.368845000262809,latency-cd009bff4c59.csv
1,d068609e56be,2025-10-15T11:50:09.834719,grail,king,136,True,c060a1e70889,7.421394000175496,latency-d068609e56be.csv
1,d068609e56be,2025-10-15T11:50:09.949189,shrek,Shrek,433,True,c060a1e70889,7.138352999845665,latency-d068609e56be.csv
1,d068609e56be,2025-10-15T11:50:10.063953,shrek3,cues,3,True,c060a1e70889,9.532980999665597,latency-d068609e56be.csv
1,d068609e56be,2025-10-15T11:50:10.184881,shrek3,his,238,True,c060a1e70889,10.490813999695092,latency-d068609e56be.csv
1,d068609e56be,2025-10-15T11:50:10.306287,shrek3,youre,0,True,c060a1e70889,6.382979000136402,latency-d068609e56be.csv
1,d068609e56be,2025-10-15T11:50:10.420512,shrek,I,386,True,c060a1e70889,6.526967999889166,latency-d068609e56be.csv
1,d068609e56be,2025-10-15T11:50:10.535254,shrek3,"meet""",0,True,c060a1e70889,4.964315000052011,latency-d068609e56be.csv
1,d068609e56be,2025-10-15T11:50:10.645943,shrek3,to,511,True,c060a1e70889,4.935388999911083,latency-d068609e56be.csv
1,d068609e56be,2025-10-15T11:50:10.757378,grail,time,33,True,c060a1e70889,9.361789000195133,latency-d068609e56be.csv
1,d068609e56be,2025-10-15T11:50:10.874988,shrek3,right,36,True,c060a1e70889,7.176809000156936,latency-d068609e56be.csv
1,d068609e56be,2025-10-15T11:50:10.988216,shrek3,ruby,1,True,c060a1e70889,4.940639000324154,latency-d068609e56be.csv
1,d068609e56be,2025-10-15T11:50:11.098819,grail,TV,2,True,c060a1e70889,5.068077000032645,latency-d068609e56be.csv
1,d068609e56be,2025-10-15T11:50:11.209432,shrek3,cosmic,1,True,c060a1e70889,7.09028000028411,latency-d068609e56be.csv
1,d068609e56be,2025-10-15T11:50:11.322946,shrek3,SHREK,678,True,c060a1e70889,6.112644000040746,latency-d068609e56be.csv
1,d068609e56be,2025-10-15T11:50:11.435528,grail,-,259,True,c060a1e70889,5.882140999801777,latency-d068609e56be.csv
1,d068609e56be,2025-10-15T11:50:11.547724,shrek,FIONA,211,True,c060a1e70889,14.406425000288436,latency-d068609e56be.csv
1,d068609e56be,2025-10-15T11:50:11.672445,shrek3,an,51,True,5d32a63602e5,8.028144000036264,latency-d068609e56be.csv
1,d068609e56be,2025-10-15T11:50:11.790348,shrek,you,409,True,5d32a63602e5,11.738119999790795,latency-d068609e56be.csv
1,d068609e56be,2025-10-15T11:50:11.920766,shrek,SHREK,433,True,c060a1e70889,7.577042000320944,latency-d068609e56be.csv
1,d068609e56be,2025-10-15T11:50:12.039285,shrek,DONKEY,320,True,4ee8a2a45a7d,6.257148000258894,latency-d068609e56be.csv
2,d068609e56be,2025-10-15T11:50:12.152603,grail,king,136,True,4ee8a2a45a7d,7.882365000114078,latency-d068609e56be.csv
2,d068609e56be,2025-10-15T11:50:12.270473,shrek,Shrek,433,True,4ee8a2a45a7d,5.458842999814806,latency-d068609e56be.csv
2,d068609e56be,2025-10-15T11:50:12.382821,shrek3,cues,3,True,5d32a63602e5,8.976880000318488,latency-d068609e56be.csv
2,d068609e56be,2025-10-15T11:50:12.499067,shrek3,his,238,True,5d32a63602e5,6.475349000083952,latency-d068609e56be.csv
2,d068609e56be,2025-10-15T11:50:12.613063,shrek3,youre,0,True,5d32a63602e5,13.144785999884334,latency-d068609e56be.csv
2,d068609e56be,2025-10-15T11:50:12.742650,shrek,I,386,True,5d32a63602e5,7.182939999893279,latency-d068609e56be.csv
2,d068609e56be,2025-10-15T11:50:12.857697,shrek3,"meet""",0,True,5d32a63602e5,5.146549000073719,latency-d068609e56be.csv
2,d068609e56be,2025-10-15T11:50:12.968663,shrek3,to,511,True,5d32a63602e5,9.98970000000554,latency-d068609e56be.csv
2,d068609e56be,2025-10-15T11:50:13.086143,grail,time,33,True,5d32a63602e5,10.056389000055788,latency-d068609e56be.csv
2,d068609e56be,2025-10-15T11:50:13.202686,shrek3,right,36,True,5d32a63602e5,8.676860999912606,latency-d068609e56be.csv
2,d068609e56be,2025-10-15T11:50:13.318369,shrek3,ruby,1,True,5d32a63602e5,7.832523000161018,latency-d068609e56be.csv
2,d068609e56be,2025-10-15T11:50:13.431617,grail,TV,2,True,c060a1e70889,6.3329619997603,latency-d068609e56be.csv
2,d068609e56be,2025-10-15T11:50:13.545375,shrek3,cosmic,1,True,c060a1e70889,12.53078199988522,latency-d068609e56be.csv
2,d068609e56be,2025-10-15T11:50:13.665912,shrek3,SHREK,678,True,5d32a63602e5,8.677005999743415,latency-d068609e56be.csv
2,d068609e56be,2025-10-15T11:50:13.781325,grail,-,259,True,c060a1e70889,7.46049999997922,latency-d068609e56be.csv
2,d068609e56be,2025-10-15T11:50:13.896723,shrek,FIONA,211,True,c060a1e70889,16.997358000025997,latency-d068609e56be.csv
2,d068609e56be,2025-10-15T11:50:14.025086,shrek3,an,51,True,c060a1e70889,5.450399999972433,latency-d068609e56be.csv
2,d068609e56be,2025-10-15T11:50:14.137740,shrek,you,409,True,c060a1e70889,4.882807000285538,latency-d068609e56be.csv
2,d068609e56be,2025-10-15T11:50:14.249182,shrek,SHREK,433,True,c060a1e70889,9.489041000051657,latency-d068609e56be.csv
2,d068609e56be,2025-10-15T11:50:14.366567,shrek,DONKEY,320,True,c060a1e70889,6.990240000050108,latency-d068609e56be.csv
1,d1c375edf6f0,2025-10-15T11:50:08.926598,shrek,help,5,True,5d32a63602e5,6.133999000212498,latency-d1c375edf6f0.csv
1,d1c375edf6f0,2025-10-15T11:50:09.040411,grail,the,1600,True,5d32a63602e5,6.783082999845647,latency-d1c375edf6f0.csv
1,d1c375edf6f0,2025-10-15T11:50:09.160260,grail,from,94,True,c060a1e70889,18.791256999975303,latency-d1c375edf6f0.csv
1,d1c375edf6f0,2025-10-15T11:50:09.314746,grail,Tm,5,True,c060a1e70889,4.797100000359933,latency-d1c375edf6f0.csv
1,d1c375edf6f0,2025-10-15T11:50:09.424506,grail,king,136,True,c060a1e70889,9.070691999568226,latency-d1c375edf6f0.csv
1,d1c375edf6f0,2025-10-15T11:50:09.540945,grail,Footnote,4,True,c060a1e70889,5.488253999828885,latency-d1c375edf6f0.csv
1,d1c375edf6f0,2025-10-15T11:50:09.651545,grail,few,8,True,4ee8a2a45a7d,10.17011999965689,latency-d1c375edf6f0.csv
1,d1c375edf6f0,2025-10-15T11:50:09.773830,shrek3,glass,9,True,c060a1e70889,5.9487209996405,latency-d1c375edf6f0.csv
1,d1c375edf6f0,2025-10-15T11:50:09.887970,grail,LTD,6,True,c060a1e70889,8.39214699999502,latency-d1c375edf6f0.csv
1,d1c375edf6f0,2025-10-15T11:50:10.003990,shrek,I,386,True,c060a1e70889,11.201406000054703,latency-d1c375edf6f0.csv
1,d1c375edf6f0,2025-10-15T11:50:10.124994,shrek,his,48,True,5d32a63602e5,6.805381000049238,latency-d1c375edf6f0.csv
1,d1c375edf6f0,2025-10-15T11:50:10.239959,shrek3,us,12,True,4ee8a2a45a7d,6.7012239996984135,latency-d1c375edf6f0.csv
1,d1c375edf6f0,2025-10-15T11:50:10.355509,shrek3,They,80,True,4ee8a2a45a7d,11.28718400013895,latency-d1c375edf6f0.csv
1,d1c375edf6f0,2025-10-15T11:50:10.473870,shrek,after,10,True,4ee8a2a45a7d,9.353912999813474,latency-d1c375edf6f0.csv
1,d1c375edf6f0,2025-10-15T11:50:10.592975,shrek,to,268,True,c060a1e70889,9.40426999977717,latency-d1c375edf6f0.csv
1,d1c375edf6f0,2025-10-15T11:50:10.711073,shrek,to,268,True,c060a1e70889,6.237472000066191,latency-d1c375edf6f0.csv
1,d1c375edf6f0,2025-10-15T11:50:10.824948,grail,"lute,",0,True,c060a1e70889,9.861335000096004,latency-d1c375edf6f0.csv
1,d1c375edf6f0,2025-10-15T11:50:10.943168,shrek,FIONA,211,True,c060a1e70889,7.449498999903881,latency-d1c375edf6f0.csv
1,d1c375edf6f0,2025-10-15T11:50:11.057131,grail,singing,33,True,c060a1e70889,7.0761189999757335,latency-d1c375edf6f0.csv
1,d1c375edf6f0,2025-10-15T11:50:11.169920,grail,Aaaaugh,9,True,c060a1e70889,7.928820999950403,latency-d1c375edf6f0.csv
2,d1c375edf6f0,2025-10-15T11:50:11.284858,shrek,help,5,True,c060a1e70889,8.087340999736625,latency-d1c375edf6f0.csv
2,d1c375edf6f0,2025-10-15T11:50:11.401014,grail,the,1600,True,c060a1e70889,11.468230999980731,latency-d1c375edf6f0.csv
2,d1c375edf6f0,2025-10-15T11:50:11.520940,grail,from,94,True,c060a1e70889,15.48765799998364,latency-d1c375edf6f0.csv
2,d1c375edf6f0,2025-10-15T11:50:11.655582,grail,Tm,5,True,c060a1e70889,7.1004700002959,latency-d1c375edf6f0.csv
2,d1c375edf6f0,2025-10-15T11:50:11.768720,grail,king,136,True,c060a1e70889,6.299286999819742,latency-d1c375edf6f0.csv
2,d1c375edf6f0,2025-10-15T11:50:11.882749,grail,Footnote,4,True,c060a1e70889,6.246178000310465,latency-d1c375edf6f0.csv
2,d1c375edf6f0,2025-10-15T11:50:11.995606,grail,few,8,True,c060a1e70889,8.220164000249497,latency-d1c375edf6f0.csv
2,d1c375edf6f0,2025-10-15T11:50:12.115430,shrek3,glass,9,True,c060a1e70889,9.123655000166764,latency-d1c375edf6f0.csv
2,d1c375edf6f0,2025-10-15T11:50:12.233334,grail,LTD,6,True,c060a1e70889,5.748099000356888,latency-d1c375edf6f0.csv
2,d1c375edf6f0,2025-10-15T11:50:12.346019,shrek,I,386,True,5d32a63602e5,9.094878000269093,latency-d1c375edf6f0.csv
2,d1c375edf6f0,2025-10-15T11:50:12.466993,shrek,his,48,True,5d32a63602e5,6.325994999770046,latency-d1c375edf6f0.csv
2,d1c375edf6f0,2025-10-15T11:50:12.581097,shrek3,us,12,True,c060a1e70889,11.959970999669167,latency-d1c375edf6f0.csv
2,d1c375edf6f0,2025-10-15T11:50:12.702073,shrek3,They,80,True,5d32a63602e5,10.415382000246607,latency-d1c375edf6f0.csv
2,d1c375edf6f0,2025-10-15T11:50:12.819679,shrek,after,10,True,5d32a63602e5,7.124537999970926,latency-d1c375edf6f0.csv
2,d1c375edf6f0,2025-10-15T11:50:12.933286,shrek,to,268,True,5d32a63602e5,8.950833000199054,latency-d1c375edf6f0.csv
2,d1c375edf6f0,2025-10-15T11:50:13.048587,shrek,to,268,True,5d32a63602e5,13.464367000324271,latency-d1c375edf6f0.csv
2,d1c375edf6f0,2025-10-15T11:50:13.169958,grail,"lute,",0,True,c060a1e70889,8.12857900018571,latency-d1c375edf6f0.csv
2,d1c375edf6f0,2025-10-15T11:50:13.285588,shrek,FIONA,211,True,c060a1e70889,5.165727000076004,latency-d1c375edf6f0.csv
2,d1c375edf6f0,2025-10-15T11:50:13.396678,grail,singing,33,True,c060a1e70889,5.339980999906402,latency-d1c375edf6f0.csv
2,d1c375edf6f0,2025-10-15T11:50:13.507101,grail,Aaaaugh,9,True,c060a1e70889,15.154884999901697,latency-d1c375edf6f0.csv
1,d22ab0fcaa54,2025-10-15T11:50:11.008029,shrek3,"Bay""",0,True,c060a1e70889,7.640059000095789,latency-d22ab0fcaa54.csv
1,d22ab0fcaa54,2025-10-15T11:50:11.123004,grail,To,718,True,c060a1e70889,7.216219999918394,latency-d22ab0fcaa54.csv
1,d22ab0fcaa54,2025-10-15T11:50:11.237539,shrek,baby,3,True,c060a1e70889,7.795260999955644,latency-d22ab0fcaa54.csv
1,d22ab0fcaa54,2025-10-15T11:50:11.351915,grail,to,718,True,c060a1e70889,5.744376999700762,latency-d22ab0fcaa54.csv
1,d22ab0fcaa54,2025-10-15T11:50:11.464697,shrek,FIONA,211,True,c060a1e70889,4.958253000040713,latency-d22ab0fcaa54.csv
1,d22ab0fcaa54,2025-10-15T11:50:11.575189,shrek,swamp,18,True,5d32a63602e5,6.56192300039038,latency-d22ab0fcaa54.csv
1,d22ab0fcaa54,2025-10-15T11:50:11.688263,shrek,this,79,True,c060a1e70889,7.152450999910798,latency-d22ab0fcaa54.csv
1,d22ab0fcaa54,2025-10-15T11:50:11.802211,shrek,SHREK,433,True,5d32a63602e5,19.43150200031596,latency-d22ab0fcaa54.csv
1,d22ab0fcaa54,2025-10-15T11:50:11.931092,shrek3,dat,1,True,5d32a63602e5,10.38780399994721,latency-d22ab0fcaa54.csv
1,d22ab0fcaa54,2025-10-15T11:50:12.050567,shrek,our,11,True,c060a1e70889,5.802696000046126,latency-d22ab0fcaa54.csv
1,d22ab0fcaa54,2025-10-15T11:50:12.163270,grail,the,1600,True,c060a1e70889,9.19247899992115,latency-d22ab0fcaa54.csv
1,d22ab0fcaa54,2025-10-15T11:50:12.281303,shrek,Is,132,True,c060a1e70889,5.945092999809276,latency-d22ab0fcaa54.csv
1,d22ab0fcaa54,2025-10-15T11:50:12.394236,shrek3,CHARMING,232,True,c060a1e70889,5.7606440000199655,latency-d22ab0fcaa54.csv
1,d22ab0fcaa54,2025-10-15T11:50:12.505715,grail,a,666,True,c060a1e70889,6.780942999739636,latency-d22ab0fcaa54.csv
1,d22ab0fcaa54,2025-10-15T11:50:12.619626,shrek,he,118,True,4ee8a2a45a7d,17.731822000314423,latency-d22ab0fcaa54.csv
1,d22ab0fcaa54,2025-10-15T11:50:12.746684,shrek3,wont,0,True,4ee8a2a45a7d,9.828079999806503,latency-d22ab0fcaa54.csv
1,d22ab0fcaa54,2025-10-15T11:50:12.862748,shrek,not,50,True,c060a1e70889,5.236790999788354,latency-d22ab0fcaa54.csv
1,d22ab0fcaa54,2025-10-15T11:50:12.973534,shrek,field,4,True,4ee8a2a45a7d,7.560534999811352,latency-d22ab0fcaa54.csv
1,d22ab0fcaa54,2025-10-15T11:50:13.088565,grail,Footnote,4,True,4ee8a2a45a7d,8.990466999875935,latency-d22ab0fcaa54.csv
1,d22ab0fcaa54,2025-10-15T11:50:13.210697,grail,CALLS,3,True,c060a1e70889,6.40759199995955,latency-d22ab0fcaa54.csv
2,d22ab0fcaa54,2025-10-15T11:50:13.323486,shrek3,"Bay""",0,True,c060a1e70889,5.105234999973618,latency-d22ab0fcaa54.csv
2,d22ab0fcaa54,2025-10-15T11:50:13.434449,grail,To,718,True,5d32a63602e5,5.5141150000963535,latency-d22ab0fcaa54.csv
2,d22ab0fcaa54,2025-10-15T11:50:13.546841,shrek,baby,3,True,c060a1e70889,11.562322999907336,latency-d22ab0fcaa54.csv
2,d22ab0fcaa54,2025-10-15T11:50:13.667365,grail,to,718,True,5d32a63602e5,7.579300999623229,latency-d22ab0fcaa54.csv
2,d22ab0fcaa54,2025-10-15T11:50:13.781391,shrek,FIONA,211,True,c060a1e70889,8.206731999962358,latency-d22ab0fcaa54.csv
2,d22ab0fcaa54,2025-10-15T11:50:13.896707,shrek,swamp,18,True,c060a1e70889,20.06706000020131,latency-d22ab0fcaa54.csv
2,d22ab0fcaa54,2025-10-15T11:50:14.032488,shrek,this,79,True,5d32a63602e5,6.5982280002572224,latency-d22ab0fcaa54.csv
2,d22ab0fcaa54,2025-10-15T11:50:14.149045,shrek,SHREK,433,True,c060a1e70889,4.353166000328201,latency-d22ab0fcaa54.csv
2,d22ab0fcaa54,2025-10-15T11:50:14.258360,shrek3,dat,1,True,5d32a63602e5,7.634658999904786,latency-d22ab0fcaa54.csv
2,d22ab0fcaa54,2025-10-15T11:50:14.373587,shrek,our,11,True,5d32a63602e5,7.288385000265407,latency-d22ab0fcaa54.csv
2,d22ab0fcaa54,2025-10-15T11:50:14.489885,grail,the,1600,True,c060a1e70889,7.86838500016529,latency-d22ab0fcaa54.csv
2,d22ab0fcaa54,2025-10-15T11:50:14.602965,shrek,Is,132,True,c060a1e70889,5.78388099984295,latency-d22ab0fcaa54.csv
2,d22ab0fcaa54,2025-10-15T11:50:14.713818,shrek3,CHARMING,232,True,c060a1e70889,4.535997000402858,latency-d22ab0fcaa54.csv
2,d22ab0fcaa54,2025-10-15T11:50:14.823099,grail,a,666,True,c060a1e70889,7.252366000102484,latency-d22ab0fcaa54.csv
2,d22ab0fcaa54,2025-10-15T11:50:14.936791,shrek,he,118,True,c060a1e70889,8.223826000175904,latency-d22ab0fcaa54.csv
2,d22ab0fcaa54,2025-10-15T11:50:15.051463,shrek3,wont,0,True,c060a1e70889,6.026200999713183,latency-d22ab0fcaa54.csv
2,d22ab0fcaa54,2025-10-15T11:50:15.162876,shrek,not,50,True,c060a1e70889,7.51064900032361,latency-d22ab0fcaa54.csv
2,d22ab0fcaa54,2025-10-15T11:50:15.276930,shrek,field,4,True,c060a1e70889,6.637173999934021,latency-d22ab0fcaa54.csv
2,d22ab0fcaa54,2025-10-15T11:50:15.390122,grail,Footnote,4,True,c060a1e70889,9.266693999961715,latency-d22ab0fcaa54.csv
2,d22ab0fcaa54,2025-10-15T11:50:15.506809,grail,CALLS,3,True,c060a1e70889,7.426744999975199,latency-d22ab0fcaa54.csv
1,d51c3bbbac38,2025-10-15T11:49:46.532807,shrek3,at,134,True,4ee8a2a45a7d,6.464465000135533,latency-d51c3bbbac38.csv
1,d51c3bbbac38,2025-10-15T11:49:46.647076,grail,Auuuuuuuugh,2,True,5d32a63602e5,10.678039000140416,latency-d51c3bbbac38.csv
1,d51c3bbbac38,2025-10-15T11:49:46.763568,grail,going,21,False,c060a1e70889,19.341141000040807,latency-d51c3bbbac38.csv
1,d51c3bbbac38,2025-10-15T11:49:46.892045,shrek,whistles,2,True,5d32a63602e5,5.05326700022124,latency-d51c3bbbac38.csv
1,d51c3bbbac38,2025-10-15T11:49:47.003025,shrek,who,29,True,5d32a63602e5,5.012542000258691,latency-d51c3bbbac38.csv
1,d51c3bbbac38,2025-10-15T11:49:47.114924,shrek,INSIDE,16,False,c060a1e70889,16.03130900002725,latency-d51c3bbbac38.csv
1,d51c3bbbac38,2025-10-15T11:49:47.237244,shrek,What,104,True,c060a1e70889,7.685269999910815,latency-d51c3bbbac38.csv
1,d51c3bbbac38,2025-10-15T11:49:47.353054,grail,time,33,True,c060a1e70889,6.397329999799695,latency-d51c3bbbac38.csv
1,d51c3bbbac38,2025-10-15T11:49:47.465235,shrek,whole,10,False,c060a1e70889,11.038324999844916,latency-d51c3bbbac38.csv
1,d51c3bbbac38,2025-10-15T11:49:47.583782,shrek3,2,8,True,c060a1e70889,10.471912999946651,latency-d51c3bbbac38.csv
1,d51c3bbbac38,2025-10-15T11:49:47.702494,shrek,DONKEY,320,True,c060a1e70889,9.911619999911636,latency-d51c3bbbac38.csv
1,d51c3bbbac38,2025-10-15T11:49:47.822938,shrek3,what,82,False,5d32a63602e5,16.009300999940024,latency-d51c3bbbac38.csv
1,d51c3bbbac38,2025-10-15T11:49:47.946175,shrek,I,386,True,5d32a63602e5,20.775319999756903,latency-d51c3bbbac38.csv
1,d51c3bbbac38,2025-10-15T11:49:48.087264,grail,sell,1,True,c060a1e70889,7.763225999951828,latency-d51c3bbbac38.csv
1,d51c3bbbac38,2025-10-15T11:49:48.202050,grail,Bridge,30,True,c060a1e70889,11.174603999734243,latency-d51c3bbbac38.csv
1,d51c3bbbac38,2025-10-15T11:49:48.323599,shrek3,cues,3,True,c060a1e70889,5.508671999905346,latency-d51c3bbbac38.csv
1,d51c3bbbac38,2025-10-15T11:49:48.434694,shrek,the,535,True,5d32a63602e5,8.461624000119627,latency-d51c3bbbac38.csv
1,d51c3bbbac38,2025-10-15T11:49:48.554582,shrek3,the,1285,True,c060a1e70889,7.125416999770096,latency-d51c3bbbac38.csv
1,d51c3bbbac38,2025-10-15T11:49:48.670557,shrek,tale,7,True,c060a1e70889,6.921805000274617,latency-d51c3bbbac38.csv
1,d51c3bbbac38,2025-10-15T11:49:48.785781,shrek3,2,8,True,c060a1e70889,5.8994619998884446,latency-d51c3bbbac38.csv
2,d51c3bbbac38,2025-10-15T11:49:48.899410,shrek3,at,134,True,c060a1e70889,5.953166999915993,latency-d51c3bbbac38.csv
2,d51c3bbbac38,2025-10-15T11:49:49.013062,grail,Auuuuuuuugh,2,True,c060a1e70889,8.660505999614543,latency-d51c3bbbac38.csv
2,d51c3bbbac38,2025-10-15T11:49:49.130631,grail,going,21,True,c060a1e70889,6.32524899992859,latency-d51c3bbbac38.csv
2,d51c3bbbac38,2025-10-15T11:49:49.246634,shrek,whistles,2,True,c060a1e70889,9.37559699968915,latency-d51c3bbbac38.csv
2,d51c3bbbac38,2025-10-15T11:49:49.363365,shrek,who,29,True,c060a1e70889,7.46425499983161,latency-d51c3bbbac38.csv
2,d51c3bbbac38,2025-10-15T11:49:49.476856,shrek,INSIDE,16,True,c060a1e70889,10.688824999760982,latency-d51c3bbbac38.csv
2,d51c3bbbac38,2025-10-15T11:49:49.599910,shrek,What,104,True,c060a1e70889,6.859514000097988,latency-d51c3bbbac38.csv
2,d51c3bbbac38,2025-10-15T11:49:49.714378,grail,time,33,True,c060a1e70889,7.933762999982719,latency-d51c3bbbac38.csv
2,d51c3bbbac38,2025-10-15T11:49:49.829252,shrek,whole,10,True,c060a1e70889,6.815614000061032,latency-d51c3bbbac38.csv
2,d51c3bbbac38,2025-10-15T11:49:49.943300,shrek3,2,8,True,c060a1e70889,7.070645000112563,latency-d51c3bbbac38.csv
2,d51c3bbbac38,2025-10-15T11:49:50.057866,shrek,DONKEY,320,True,c060a1e70889,5.088831999728427,latency-d51c3bbbac38.csv
2,d51c3bbbac38,2025-10-15T11:49:50.167723,shrek3,what,82,True,c060a1e70889,7.233141000142496,latency-d51c3bbbac38.csv
2,d51c3bbbac38,2025-10-15T11:49:50.280726,shrek,I,386,True,c060a1e70889,9.03047100018739,latency-d51c3bbbac38.csv
2,d51c3bbbac38,2025-10-15T11:49:50.399304,grail,sell,1,True,c060a1e70889,8.357372999853396,latency-d51c3bbbac38.csv
2,d51c3bbbac38,2025-10-15T11:49:50.514810,grail,Bridge,30,True,c060a1e70889,8.560919999581529,latency-d51c3bbbac38.csv
2,d51c3bbbac38,2025-10-15T11:49:50.639777,shrek3,cues,3,True,c060a1e70889,6.0777399999096815,latency-d51c3bbbac38.csv
2,d51c3bbbac38,2025-10-15T11:49:50.751831,shrek,the,535,True,c060a1e70889,9.036017999733303,latency-d51c3bbbac38.csv
2,d51c3bbbac38,2025-10-15T11:49:50.867172,shrek3,the,1285,True,c060a1e70889,6.010128000070836,latency-d51c3bbbac38.csv
2,d51c3bbbac38,2025-10-15T11:49:50.978592,shrek,tale,7,True,c060a1e70889,5.854842000189819,latency-d51c3bbbac38.csv
2,d51c3bbbac38,2025-10-15T11:49:51.089940,shrek3,2,8,True,5d32a63602e5,10.500040000351872,latency-d51c3bbbac38.csv
1,dd1e1f11f79b,2025-10-15T11:49:39.785143,shrek,gone,3,False,c060a1e70889,9.842219999882218,latency-dd1e1f11f79b.csv
1,dd1e1f11f79b,2025-10-15T11:49:39.906317,shrek,FARQUAAD,84,True,4ee8a2a45a7d,13.752784000189422,latency-dd1e1f11f79b.csv
1,dd1e1f11f79b,2025-10-15T11:49:40.033884,shrek,SHREK,433,False,c060a1e70889,19.659867999962444,latency-dd1e1f11f79b.csv
1,dd1e1f11f79b,2025-10-15T11:49:40.159835,shrek,No,114,True,5d32a63602e5,5.947187999936432,latency-dd1e1f11f79b.csv
1,dd1e1f11f79b,2025-10-15T11:49:40.272106,shrek,whistles,2,False,c060a1e70889,15.126099000099202,latency-dd1e1f11f79b.csv
1,dd1e1f11f79b,2025-10-15T11:49:40.394676,grail,is,317,True,c060a1e70889,7.77198000014323,latency-dd1e1f11f79b.csv
1,dd1e1f11f79b,2025-10-15T11:49:40.509912,grail,is,317,True,c060a1e70889,6.683815000087634,latency-dd1e1f11f79b.csv
1,dd1e1f11f79b,2025-10-15T11:49:40.627854,grail,To,718,True,c060a1e70889,5.65206000010221,latency-dd1e1f11f79b.csv
1,dd1e1f11f79b,2025-10-15T11:49:40.739111,grail,about,49,True,c060a1e70889,5.275387999972736,latency-dd1e1f11f79b.csv
1,dd1e1f11f79b,2025-10-15T11:49:40.856989,shrek,DONKEY,320,True,c060a1e70889,7.54107299962925,latency-dd1e1f11f79b.csv
1,dd1e1f11f79b,2025-10-15T11:49:40.972918,shrek,GORDO,5,False,c060a1e70889,18.807046000347327,latency-dd1e1f11f79b.csv
1,dd1e1f11f79b,2025-10-15T11:49:41.108240,shrek3,of,275,True,c060a1e70889,6.36876700036737,latency-dd1e1f11f79b.csv
1,dd1e1f11f79b,2025-10-15T11:49:41.221265,shrek3,cues,3,True,c060a1e70889,7.980487000168068,latency-dd1e1f11f79b.csv
1,dd1e1f11f79b,2025-10-15T11:49:41.336245,shrek3,them,44,False,4ee8a2a45a7d,17.609442000320996,latency-dd1e1f11f79b.csv
1,dd1e1f11f79b,2025-10-15T11:49:41.460248,shrek3,MERLIN,73,False,c060a1e70889,13.0497820000528,latency-dd1e1f11f79b.csv
1,dd1e1f11f79b,2025-10-15T11:49:41.579543,shrek,"Well,",0,True,c060a1e70889,7.651130000340345,latency-dd1e1f11f79b.csv
1,dd1e1f11f79b,2025-10-15T11:49:41.694574,shrek,Is,132,True,c060a1e70889,5.569629000092391,latency-dd1e1f11f79b.csv
1,dd1e1f11f79b,2025-10-15T11:49:41.807426,grail,seek,12,True,c060a1e70889,8.60651900029552,latency-dd1e1f11f79b.csv
1,dd1e1f11f79b,2025-10-15T11:49:41.923080,shrek3,time,23,True,4ee8a2a45a7d,7.071319000260701,latency-dd1e1f11f79b.csv
1,dd1e1f11f79b,2025-10-15T11:49:42.036467,shrek,FIONA'S,3,True,5d32a63602e5,6.070683999951143,latency-dd1e1f11f79b.csv
2,dd1e1f11f79b,2025-10-15T11:49:42.148811,shrek,gone,3,True,5d32a63602e5,13.5407830002805,latency-dd1e1f11f79b.csv
2,dd1e1f11f79b,2025-10-15T11:49:42.276508,shrek,FARQUAAD,84,True,c060a1e70889,6.971464999878663,latency-dd1e1f11f79b.csv
2,dd1e1f11f79b,2025-10-15T11:49:42.389894,shrek,SHREK,433,True,c060a1e70889,4.53698199999053,latency-dd1e1f11f79b.csv
2,dd1e1f11f79b,2025-10-15T11:49:42.499821,shrek,No,114,True,c060a1e70889,5.730082999889419,latency-dd1e1f11f79b.csv
2,dd1e1f11f79b,2025-10-15T11:49:42.611558,shrek,whistles,2,True,c060a1e70889,10.559044000274298,latency-dd1e1f11f79b.csv
2,dd1e1f11f79b,2025-10-15T11:49:42.729364,grail,is,317,True,c060a1e70889,12.626904000171637,latency-dd1e1f11f79b.csv
2,dd1e1f11f79b,2025-10-15T11:49:42.850891,grail,is,317,True,5d32a63602e5,18.653695000011798,latency-dd1e1f11f79b.csv
2,dd1e1f11f79b,2025-10-15T11:49:42.978600,grail,To,718,True,4ee8a2a45a7d,10.332140999707915,latency-dd1e1f11f79b.csv
2,dd1e1f11f79b,2025-10-15T11:49:43.098484,grail,about,49,True,4ee8a2a45a7d,16.91417099982573,latency-dd1e1f11f79b.csv
2,dd1e1f11f79b,2025-10-15T11:49:43.240196,shrek,DONKEY,320,True,c060a1e70889,11.48633599996174,latency-dd1e1f11f79b.csv
2,dd1e1f11f79b,2025-10-15T11:49:43.365548,shrek,GORDO,5,True,c060a1e70889,8.588462000261643,latency-dd1e1f11f79b.csv
2,dd1e1f11f79b,2025-10-15T11:49:43.491804,shrek3,of,275,True,5d32a63602e5,4.10747799969613,latency-dd1e1f11f79b.csv
2,dd1e1f11f79b,2025-10-15T11:49:43.600782,shrek3,cues,3,True,c060a1e70889,22.83929800023543,latency-dd1e1f11f79b.csv
2,dd1e1f11f79b,2025-10-15T11:49:43.739452,shrek3,them,44,True,c060a1e70889,4.333513000347011,latency-dd1e1f11f79b.csv
2,dd1e1f11f79b,2025-10-15T11:49:43.850806,shrek3,MERLIN,73,True,c060a1e70889,4.300281999803701,latency-dd1e1f11f79b.csv
2,dd1e1f11f79b,2025-10-15T11:49:43.959562,shrek,"Well,",0,True,c060a1e70889,6.32607099987581,latency-dd1e1f11f79b.csv
2,dd1e1f11f79b,2025-10-15T11:49:44.072245,shrek,Is,132,True,c060a1e70889,14.081172000260269,latency-dd1e1f11f79b.csv
2,dd1e1f11f79b,2025-10-15T11:49:44.193751,grail,seek,12,True,5d32a63602e5,5.463609999878827,latency-dd1e1f11f79b.csv
2,dd1e1f11f79b,2025-10-15T11:49:44.304783,shrek3,time,23,True,c060a1e70889,6.773857999633037,latency-dd1e1f11f79b.csv
2,dd1e1f11f79b,2025-10-15T11:49:44.418456,shrek,FIONA'S,3,True,5d32a63602e5,6.097646999933204,latency-dd1e1f11f79b.csv
1,de2ad882d471,2025-10-15T11:49:56.230346,shrek,DONKEY,320,True,c060a1e70889,11.94369299992104,latency-de2ad882d471.csv
1,de2ad882d471,2025-10-15T11:49:56.351340,shrek,"Well,",0,True,c060a1e70889,11.484074000236433,latency-de2ad882d471.csv
1,de2ad882d471,2025-10-15T11:49:56.471119,shrek3,body),0,True,c060a1e70889,7.970766999733314,latency-de2ad882d471.csv
1,de2ad882d471,2025-10-15T11:49:56.587192,grail,of,684,True,c060a1e70889,13.19349899995359,latency-de2ad882d471.csv
1,de2ad882d471,2025-10-15T11:49:56.715176,shrek3,CAPTAIN,41,True,5d32a63602e5,28.61132699990776,latency-de2ad882d471.csv
1,de2ad882d471,2025-10-15T11:49:56.864678,grail,pathetic,4,True,c060a1e70889,9.518004000256042,latency-de2ad882d471.csv
1,de2ad882d471,2025-10-15T11:49:56.983328,shrek3,its,1,True,c060a1e70889,8.995955000045797,latency-de2ad882d471.csv
1,de2ad882d471,2025-10-15T11:49:57.104724,shrek,"Well,",0,True,4ee8a2a45a7d,11.217946999749984,latency-de2ad882d471.csv
1,de2ad882d471,2025-10-15T11:49:57.235700,shrek,and,318,True,4ee8a2a45a7d,8.74786700023833,latency-de2ad882d471.csv
1,de2ad882d471,2025-10-15T11:49:57.354162,shrek,minute,3,True,4ee8a2a45a7d,5.687785999725747,latency-de2ad882d471.csv
1,de2ad882d471,2025-10-15T11:49:57.466572,shrek3,BOAT,32,True,c060a1e70889,7.985068999914802,latency-de2ad882d471.csv
1,de2ad882d471,2025-10-15T11:49:57.581299,shrek,And,318,True,5d32a63602e5,8.064534999903117,latency-de2ad882d471.csv
1,de2ad882d471,2025-10-15T11:49:57.696729,grail,sell,1,True,5d32a63602e5,7.1109600003183004,latency-de2ad882d471.csv
1,de2ad882d471,2025-10-15T11:49:57.810261,shrek,Shrek,433,True,5d32a63602e5,7.06179400003748,latency-de2ad882d471.csv
1,de2ad882d471,2025-10-15T11:49:57.923991,shrek3,BOAT,32,True,5d32a63602e5,6.999102000008861,latency-de2ad882d471.csv
1,de2ad882d471,2025-10-15T11:49:58.037213,shrek3,bed,10,True,5d32a63602e5,13.648942999680004,latency-de2ad882d471.csv
1,de2ad882d471,2025-10-15T11:49:58.162105,grail,for,118,True,c060a1e70889,10.095092000028671,latency-de2ad882d471.csv
1,de2ad882d471,2025-10-15T11:49:58.292791,shrek,who,29,True,5d32a63602e5,6.3966100001380255,latency-de2ad882d471.csv
1,de2ad882d471,2025-10-15T11:49:58.404780,grail,LANCELOT,59,True,5d32a63602e5,6.120181999904162,latency-de2ad882d471.csv
1,de2ad882d471,2025-10-15T11:49:58.516443,shrek,you,409,True,5d32a63602e5,9.04026599982899,latency-de2ad882d471.csv
2,de2ad882d471,2025-10-15T11:49:58.635538,shrek,DONKEY,320,True,c060a1e70889,6.9887009999547445,latency-de2ad882d471.csv
2,de2ad882d471,2025-10-15T11:49:58.748723,shrek,"Well,",0,True,c060a1e70889,4.894292999779282,latency-de2ad882d471.csv
2,de2ad882d471,2025-10-15T11:49:58.858617,shrek3,body),0,True,c060a1e70889,7.332570000016858,latency-de2ad882d471.csv
2,de2ad882d471,2025-10-15T11:49:58.973191,grail,of,684,True,c060a1e70889,5.603396999958932,latency-de2ad882d471.csv
2,de2ad882d471,2025-10-15T11:49:59.084845,shrek3,CAPTAIN,41,True,c060a1e70889,4.823295000278449,latency-de2ad882d471.csv
2,de2ad882d471,2025-10-15T11:49:59.194796,grail,pathetic,4,True,4ee8a2a45a7d,10.640613999839845,latency-de2ad882d471.csv
2,de2ad882d471,2025-10-15T11:49:59.312798,shrek3,its,1,True,c060a1e70889,6.283859999712149,latency-de2ad882d471.csv
2,de2ad882d471,2025-10-15T11:49:59.424778,shrek,"Well,",0,True,c060a1e70889,6.451095000102214,latency-de2ad882d471.csv
2,de2ad882d471,2025-10-15T11:49:59.536761,shrek,and,318,True,c060a1e70889,5.535174000215193,latency-de2ad882d471.csv
2,de2ad882d471,2025-10-15T11:49:59.647694,shrek,minute,3,True,c060a1e70889,10.45769400025165,latency-de2ad882d471.csv
2,de2ad882d471,2025-10-15T11:49:59.765315,shrek3,BOAT,32,True,c060a1e70889,8.57412999994267,latency-de2ad882d471.csv
2,de2ad882d471,2025-10-15T11:49:59.883043,shrek,And,318,True,c060a1e70889,6.473809999988589,latency-de2ad882d471.csv
2,de2ad882d471,2025-10-15T11:49:59.997664,grail,sell,1,True,c060a1e70889,6.019431999902736,latency-de2ad882d471.csv
2,de2ad882d471,2025-10-15T11:50:00.110818,shrek,Shrek,433,True,5d32a63602e5,12.582980999923166,latency-de2ad882d471.csv
2,de2ad882d471,2025-10-15T11:50:00.230824,shrek3,BOAT,32,True,4ee8a2a45a7d,9.848037000210752,latency-de2ad882d471.csv
2,de2ad882d471,2025-10-15T11:50:00.347733,shrek3,bed,10,True,4ee8a2a45a7d,6.738940999639453,latency-de2ad882d471.csv
2,de2ad882d471,2025-10-15T11:50:00.460506,grail,for,118,True,4ee8a2a45a7d,9.688381000160009,latency-de2ad882d471.csv
2,de2ad882d471,2025-10-15T11:50:00.580683,shrek,who,29,True,c060a1e70889,29.02507999988302,latency-de2ad882d471.csv
2,de2ad882d471,2025-10-15T11:50:00.724696,grail,LANCELOT,59,True,c060a1e70889,5.6838450000213925,latency-de2ad882d471.csv
2,de2ad882d471,2025-10-15T11:50:00.837171,shrek,you,409,True,c060a1e70889,4.930147000322904,latency-de2ad882d471.csv
1,decf1997adc6,2025-10-15T11:50:10.625828,shrek,No,114,True,c060a1e70889,6.144093999864708,latency-decf1997adc6.csv
1,decf1997adc6,2025-10-15T11:50:10.738063,grail,lost,6,True,c060a1e70889,8.430517000306281,latency-decf1997adc6.csv
1,decf1997adc6,2025-10-15T11:50:10.853216,grail,CALLS,3,True,c060a1e70889,6.763835000128893,latency-decf1997adc6.csv
1,decf1997adc6,2025-10-15T11:50:10.966797,shrek,SHREK,433,True,c060a1e70889,5.404411000199616,latency-decf1997adc6.csv
1,decf1997adc6,2025-10-15T11:50:11.077537,shrek3,and,576,True,c060a1e70889,4.63820000004489,latency-decf1997adc6.csv
1,decf1997adc6,2025-10-15T11:50:11.187322,shrek,whistles,2,True,c060a1e70889,8.162110000284883,latency-decf1997adc6.csv
1,decf1997adc6,2025-10-15T11:50:11.302011,grail,cross,13,True,c060a1e70889,10.858107999865751,latency-decf1997adc6.csv
1,decf1997adc6,2025-10-15T11:50:11.419568,shrek3,Be,71,True,c060a1e70889,10.111766000136411,latency-decf1997adc6.csv
1,decf1997adc6,2025-10-15T11:50:11.539112,grail,Footnote,4,True,5d32a63602e5,16.538156000024173,latency-decf1997adc6.csv
1,decf1997adc6,2025-10-15T11:50:11.668168,shrek,Shrek,433,True,c060a1e70889,9.548911999900156,latency-decf1997adc6.csv
1,decf1997adc6,2025-10-15T11:50:11.787148,shrek3,ARTIE,213,True,c060a1e70889,13.565754999945057,latency-decf1997adc6.csv
1,decf1997adc6,2025-10-15T11:50:11.914271,shrek3,WHITE,45,True,c060a1e70889,5.670639000072697,latency-decf1997adc6.csv
1,decf1997adc6,2025-10-15T11:50:12.029899,shrek3,Uh,18,True,c060a1e70889,7.161854000059975,latency-decf1997adc6.csv
1,decf1997adc6,2025-10-15T11:50:12.144603,shrek,I,386,True,c060a1e70889,7.846320999760792,latency-decf1997adc6.csv
1,decf1997adc6,2025-10-15T11:50:12.260977,shrek3,CHARMING,232,True,c060a1e70889,5.745529999785504,latency-decf1997adc6.csv
1,decf1997adc6,2025-10-15T11:50:12.372819,shrek3,ho,8,True,c060a1e70889,7.902355000169337,latency-decf1997adc6.csv
1,decf1997adc6,2025-10-15T11:50:12.490402,shrek3,SHREK,678,True,c060a1e70889,6.839802999820677,latency-decf1997adc6.csv
1,decf1997adc6,2025-10-15T11:50:12.604730,shrek3,DONKEY,243,True,c060a1e70889,10.572287999821128,latency-decf1997adc6.csv
1,decf1997adc6,2025-10-15T11:50:12.741723,grail,Aaaaugh,9,True,5d32a63602e5,6.869370999993407,latency-decf1997adc6.csv
1,decf1997adc6,2025-10-15T11:50:12.857123,shrek3,boomerang,1,True,5d32a63602e5,5.490559000008943,latency-decf1997adc6.csv
2,decf1997adc6,2025-10-15T11:50:12.968385,shrek,No,114,True,5d32a63602e5,9.729658999731328,latency-decf1997adc6.csv
2,decf1997adc6,2025-10-15T11:50:13.085960,grail,lost,6,True,5d32a63602e5,10.308589000032953,latency-decf1997adc6.csv
2,decf1997adc6,2025-10-15T11:50:13.202493,grail,CALLS,3,True,5d32a63602e5,8.34912800019083,latency-decf1997adc6.csv
2,decf1997adc6,2025-10-15T11:50:13.318622,shrek,SHREK,433,True,5d32a63602e5,7.252945999880467,latency-decf1997adc6.csv
2,decf1997adc6,2025-10-15T11:50:13.431616,shrek3,and,576,True,c060a1e70889,6.549463999817817,latency-decf1997adc6.csv
2,decf1997adc6,2025-10-15T11:50:13.545894,shrek,whistles,2,True,c060a1e70889,10.983977000250889,latency-decf1997adc6.csv
2,decf1997adc6,2025-10-15T11:50:13.666045,grail,cross,13,True,5d32a63602e5,9.978433000014777,latency-decf1997adc6.csv
2,decf1997adc6,2025-10-15T11:50:13.782260,shrek3,Be,71,True,c060a1e70889,9.36796999985745,latency-decf1997adc6.csv
2,decf1997adc6,2025-10-15T11:50:13.898558,grail,Footnote,4,True,c060a1e70889,20.6426590002593,latency-decf1997adc6.csv
2,decf1997adc6,2025-10-15T11:50:14.040339,shrek,Shrek,433,True,c060a1e70889,9.498954999799023,latency-decf1997adc6.csv
2,decf1997adc6,2025-10-15T11:50:14.157384,shrek3,ARTIE,213,True,c060a1e70889,6.04248199988433,latency-decf1997adc6.csv
2,decf1997adc6,2025-10-15T11:50:14.270341,shrek3,WHITE,45,True,c060a1e70889,9.448180999697795,latency-decf1997adc6.csv
2,decf1997adc6,2025-10-15T11:50:14.391657,shrek3,Uh,18,True,c060a1e70889,9.151894999831711,latency-decf1997adc6.csv
2,decf1997adc6,2025-10-15T11:50:14.513884,shrek,I,386,True,c060a1e70889,5.035254000176792,latency-decf1997adc6.csv
2,decf1997adc6,2025-10-15T11:50:14.628472,shrek3,CHARMING,232,True,c060a1e70889,5.557705000228452,latency-decf1997adc6.csv
2,decf1997adc6,2025-10-15T11:50:14.740250,shrek3,ho,8,True,c060a1e70889,6.326670999897033,latency-decf1997adc6.csv
2,decf1997adc6,2025-10-15T11:50:14.854711,shrek3,SHREK,678,True,c060a1e70889,10.19019000023036,latency-decf1997adc6.csv
2,decf1997adc6,2025-10-15T11:50:14.971542,shrek3,DONKEY,243,True,c060a1e70889,6.406540000170935,latency-decf1997adc6.csv
2,decf1997adc6,2025-10-15T11:50:15.084435,grail,Aaaaugh,9,True,c060a1e70889,6.629455000165763,latency-decf1997adc6.csv
2,decf1997adc6,2025-10-15T11:50:15.196679,shrek3,boomerang,1,True,c060a1e70889,4.752253999868117,latency-decf1997adc6.csv
1,e6033f6403e9,2025-10-15T11:49:37.468992,grail,the,1600,True,5d32a63602e5,7.420336999985011,latency-e6033f6403e9.csv
1,e6033f6403e9,2025-10-15T11:49:37.594490,shrek,No,114,False,c060a1e70889,20.24036300008447,latency-e6033f6403e9.csv
1,e6033f6403e9,2025-10-15T11:49:37.722665,shrek,edge,2,False,c060a1e70889,14.961344000312238,latency-e6033f6403e9.csv
1,e6033f6403e9,2025-10-15T11:49:37.845364,shrek3,PRINCE,207,False,c060a1e70889,18.29371900021215,latency-e6033f6403e9.csv
1,e6033f6403e9,2025-10-15T11:49:37.972143,shrek3,DONKEY,243,True,5d32a63602e5,10.02592300028482,latency-e6033f6403e9.csv
1,e6033f6403e9,2025-10-15T11:49:38.092527,grail,Guard,106,False,c060a1e70889,30.576754999856348,latency-e6033f6403e9.csv
1,e6033f6403e9,2025-10-15T11:49:38.232086,shrek,after,10,True,c060a1e70889,23.54743600017173,latency-e6033f6403e9.csv
1,e6033f6403e9,2025-10-15T11:49:38.365914,shrek,I,386,True,4ee8a2a45a7d,9.206911000092076,latency-e6033f6403e9.csv
1,e6033f6403e9,2025-10-15T11:49:38.490655,shrek3,SHREK,678,True,c060a1e70889,6.7244550000395975,latency-e6033f6403e9.csv
1,e6033f6403e9,2025-10-15T11:49:38.604823,shrek,our,11,True,c060a1e70889,4.705595999894285,latency-e6033f6403e9.csv
1,e6033f6403e9,2025-10-15T11:49:38.714440,grail,of,684,False,5d32a63602e5,12.070943999788142,latency-e6033f6403e9.csv
1,e6033f6403e9,2025-10-15T11:49:38.832860,grail,music,21,True,c060a1e70889,5.771522000031837,latency-e6033f6403e9.csv
1,e6033f6403e9,2025-10-15T11:49:38.944025,shrek,GUARD,25,False,c060a1e70889,12.779491999936,latency-e6033f6403e9.csv
1,e6033f6403e9,2025-10-15T11:49:39.062191,grail,feel,11,False,c060a1e70889,12.682417999712923,latency-e6033f6403e9.csv
1,e6033f6403e9,2025-10-15T11:49:39.180991,grail,GALAHAD,87,True,c060a1e70889,6.504337000023952,latency-e6033f6403e9.csv
1,e6033f6403e9,2025-10-15T11:49:39.293347,shrek,after,10,True,c060a1e70889,9.416218999831472,latency-e6033f6403e9.csv
1,e6033f6403e9,2025-10-15T11:49:39.412797,grail,the,1600,True,4ee8a2a45a7d,10.90231699981814,latency-e6033f6403e9.csv
1,e6033f6403e9,2025-10-15T11:49:39.529905,shrek,at,62,False,4ee8a2a45a7d,12.447440999949322,latency-e6033f6403e9.csv
1,e6033f6403e9,2025-10-15T11:49:39.647981,shrek3,Donkey,243,True,c060a1e70889,8.723094999822933,latency-e6033f6403e9.csv
1,e6033f6403e9,2025-10-15T11:49:39.763724,grail,few,8,True,c060a1e70889,12.135977000070852,latency-e6033f6403e9.csv
2,e6033f6403e9,2025-10-15T11:49:39.890208,grail,the,1600,True,c060a1e70889,11.735517000033724,latency-e6033f6403e9.csv
2,e6033f6403e9,2025-10-15T11:49:40.014937,shrek,No,114,True,c060a1e70889,4.855229999975563,latency-e6033f6403e9.csv
2,e6033f6403e9,2025-10-15T11:49:40.125750,shrek,edge,2,True,c060a1e70889,4.819080000288523,latency-e6033f6403e9.csv
2,e6033f6403e9,2025-10-15T11:49:40.239663,shrek3,PRINCE,207,True,5d32a63602e5,9.73076399986894,latency-e6033f6403e9.csv
2,e6033f6403e9,2025-10-15T11:49:40.357282,shrek3,DONKEY,243,True,c060a1e70889,5.339130999800545,latency-e6033f6403e9.csv
2,e6033f6403e9,2025-10-15T11:49:40.469629,grail,Guard,106,True,5d32a63602e5,8.404289999816683,latency-e6033f6403e9.csv
2,e6033f6403e9,2025-10-15T11:49:40.585736,shrek,after,10,True,5d32a63602e5,10.9781189999012,latency-e6033f6403e9.csv
2,e6033f6403e9,2025-10-15T11:49:40.705841,shrek,I,386,True,5d32a63602e5,6.541072999880271,latency-e6033f6403e9.csv
2,e6033f6403e9,2025-10-15T11:49:40.819690,shrek3,SHREK,678,True,c060a1e70889,10.044789000403398,latency-e6033f6403e9.csv
2,e6033f6403e9,2025-10-15T11:49:40.939331,shrek,our,11,True,c060a1e70889,14.801473000261469,latency-e6033f6403e9.csv
2,e6033f6403e9,2025-10-15T11:49:41.062136,grail,of,684,True,5d32a63602e5,14.648008999756712,latency-e6033f6403e9.csv
2,e6033f6403e9,2025-10-15T11:49:41.184443,grail,music,21,True,5d32a63602e5,8.532269000170345,latency-e6033f6403e9.csv
2,e6033f6403e9,2025-10-15T11:49:41.300887,shrek,GUARD,25,True,5d32a63602e5,8.78552700032742,latency-e6033f6403e9.csv
2,e6033f6403e9,2025-10-15T11:49:41.417817,grail,feel,11,True,c060a1e70889,8.616411999810225,latency-e6033f6403e9.csv
2,e6033f6403e9,2025-10-15T11:49:41.533973,grail,GALAHAD,87,True,c060a1e70889,13.692076000097586,latency-e6033f6403e9.csv
2,e6033f6403e9,2025-10-15T11:49:41.655030,shrek,after,10,True,4ee8a2a45a7d,9.740751999743225,latency-e6033f6403e9.csv
2,e6033f6403e9,2025-10-15T11:49:41.772763,grail,the,1600,True,c060a1e70889,13.981788999899436,latency-e6033f6403e9.csv
2,e6033f6403e9,2025-10-15T11:49:41.899980,shrek,at,62,True,4ee8a2a45a7d,7.867190000069968,latency-e6033f6403e9.csv
2,e6033f6403e9,2025-10-15T11:49:42.018904,shrek3,Donkey,243,True,5d32a63602e5,6.429104999824631,latency-e6033f6403e9.csv
2,e6033f6403e9,2025-10-15T11:49:42.137546,grail,few,8,True,c060a1e70889,8.373811000183196,latency-e6033f6403e9.csv
1,eaedb368a80f,2025-10-15T11:49:42.867179,shrek,the,535,True,4ee8a2a45a7d,9.904920999815658,latency-eaedb368a80f.csv
1,eaedb368a80f,2025-10-15T11:49:42.983521,grail,about,49,True,c060a1e70889,9.988853999857383,latency-eaedb368a80f.csv
1,eaedb368a80f,2025-10-15T11:49:43.100332,grail,with/,0,False,4ee8a2a45a7d,29.011941999669943,latency-eaedb368a80f.csv
1,eaedb368a80f,2025-10-15T11:49:43.244795,grail,to,718,True,5d32a63602e5,13.925148999987869,latency-eaedb368a80f.csv
1,eaedb368a80f,2025-10-15T11:49:43.367780,grail,the,1600,True,5d32a63602e5,8.41933199990308,latency-eaedb368a80f.csv
1,eaedb368a80f,2025-10-15T11:49:43.487432,grail,rows,1,False,c060a1e70889,8.641660000193951,latency-eaedb368a80f.csv
1,eaedb368a80f,2025-10-15T11:49:43.600782,shrek3,dat,1,False,c060a1e70889,24.49019400000907,latency-eaedb368a80f.csv
1,eaedb368a80f,2025-10-15T11:49:43.744353,shrek3,wont,0,True,5d32a63602e5,14.047979000224586,latency-eaedb368a80f.csv
1,eaedb368a80f,2025-10-15T11:49:43.869389,shrek3,CHARMING,232,True,4ee8a2a45a7d,19.55284699988624,latency-eaedb368a80f.csv
1,eaedb368a80f,2025-10-15T11:49:44.007079,grail,the,1600,True,5d32a63602e5,11.673641000015778,latency-eaedb368a80f.csv
1,eaedb368a80f,2025-10-15T11:49:44.128988,shrek3,CAPTAIN,41,False,c060a1e70889,23.463537999759865,latency-eaedb368a80f.csv
1,eaedb368a80f,2025-10-15T11:49:44.265144,shrek3,Hold,8,False,5d32a63602e5,18.57325299988588,latency-eaedb368a80f.csv
1,eaedb368a80f,2025-10-15T11:49:44.392065,shrek3,-,110,True,c060a1e70889,5.9076019997519325,latency-eaedb368a80f.csv
1,eaedb368a80f,2025-10-15T11:49:44.505641,shrek,GUARD,25,True,c060a1e70889,14.388179999968996,latency-eaedb368a80f.csv
1,eaedb368a80f,2025-10-15T11:49:44.638548,shrek,DONKEY,320,True,5d32a63602e5,6.9922220000080415,latency-eaedb368a80f.csv
1,eaedb368a80f,2025-10-15T11:49:44.753852,grail,(as,0,True,c060a1e70889,8.368031999907544,latency-eaedb368a80f.csv
1,eaedb368a80f,2025-10-15T11:49:44.868038,shrek,But,73,True,c060a1e70889,11.778714999763906,latency-eaedb368a80f.csv
1,eaedb368a80f,2025-10-15T11:49:44.989855,grail,3,18,True,c060a1e70889,12.717255000097794,latency-eaedb368a80f.csv
1,eaedb368a80f,2025-10-15T11:49:45.117823,grail,“I,0,True,5d32a63602e5,6.912864000241825,latency-eaedb368a80f.csv
1,eaedb368a80f,2025-10-15T11:49:45.233129,shrek3,and,576,True,c060a1e70889,8.086905999789451,latency-eaedb368a80f.csv
2,eaedb368a80f,2025-10-15T11:49:45.363295,shrek,the,535,True,5d32a63602e5,7.444427000336873,latency-eaedb368a80f.csv
2,eaedb368a80f,2025-10-15T11:49:45.478676,grail,about,49,True,5d32a63602e5,8.559530000184168,latency-eaedb368a80f.csv
2,eaedb368a80f,2025-10-15T11:49:45.595836,grail,with/,0,True,5d32a63602e5,11.182846000338031,latency-eaedb368a80f.csv
2,eaedb368a80f,2025-10-15T11:49:45.714112,grail,to,718,True,c060a1e70889,9.948327000074642,latency-eaedb368a80f.csv
2,eaedb368a80f,2025-10-15T11:49:45.832692,grail,the,1600,True,c060a1e70889,12.899144000130036,latency-eaedb368a80f.csv
2,eaedb368a80f,2025-10-15T11:49:45.955961,grail,rows,1,True,4ee8a2a45a7d,13.07027700022445,latency-eaedb368a80f.csv
2,eaedb368a80f,2025-10-15T11:49:46.077540,shrek3,dat,1,True,c060a1e70889,8.649009000237129,latency-eaedb368a80f.csv
2,eaedb368a80f,2025-10-15T11:49:46.194492,shrek3,wont,0,True,c060a1e70889,10.543773000335932,latency-eaedb368a80f.csv
2,eaedb368a80f,2025-10-15T11:49:46.315656,shrek3,CHARMING,232,True,c060a1e70889,9.929900000315683,latency-eaedb368a80f.csv
2,eaedb368a80f,2025-10-15T11:49:46.439631,grail,the,1600,True,c060a1e70889,17.7710279999701,latency-eaedb368a80f.csv
2,eaedb368a80f,2025-10-15T11:49:46.572177,shrek3,CAPTAIN,41,True,c060a1e70889,9.458974999688508,latency-eaedb368a80f.csv
2,eaedb368a80f,2025-10-15T11:49:46.691905,shrek3,Hold,8,True,5d32a63602e5,16.493373999765026,latency-eaedb368a80f.csv
2,eaedb368a80f,2025-10-15T11:49:46.829327,shrek3,-,110,True,5d32a63602e5,6.473607999851083,latency-eaedb368a80f.csv
2,eaedb368a80f,2025-10-15T11:49:46.942239,shrek,GUARD,25,True,4ee8a2a45a7d,6.087873000069521,latency-eaedb368a80f.csv
2,eaedb368a80f,2025-10-15T11:49:47.054308,shrek,DONKEY,320,True,5d32a63602e5,8.312549000038416,latency-eaedb368a80f.csv
2,eaedb368a80f,2025-10-15T11:49:47.173562,grail,(as,0,True,c060a1e70889,5.477733000134322,latency-eaedb368a80f.csv
2,eaedb368a80f,2025-10-15T11:49:47.285302,shrek,But,73,True,4ee8a2a45a7d,9.861457000170049,latency-eaedb368a80f.csv
2,eaedb368a80f,2025-10-15T11:49:47.403347,grail,3,18,True,c060a1e70889,6.056543000340753,latency-eaedb368a80f.csv
2,eaedb368a80f,2025-10-15T11:49:47.515821,grail,“I,0,True,c060a1e70889,7.855476000258932,latency-eaedb368a80f.csv
2,eaedb368a80f,2025-10-15T11:49:47.633874,shrek3,and,576,True,5d32a63602e5,6.461042999944766,latency-eaedb368a80f.csv
1,eb8204f72b88,2025-10-15T11:50:11.561589,shrek,its,1,True,c060a1e70889,10.14729600001374,latency-eb8204f72b88.csv
1,eb8204f72b88,2025-10-15T11:50:11.679394,shrek3,get,39,True,4ee8a2a45a7d,8.499910999944404,latency-eb8204f72b88.csv
1,eb8204f72b88,2025-10-15T11:50:11.796428,grail,about,49,True,4ee8a2a45a7d,10.655544999735866,latency-eb8204f72b88.csv
1,eb8204f72b88,2025-10-15T11:50:11.919026,shrek,afraid,8,True,4ee8a2a45a7d,7.877376000124059,latency-eb8204f72b88.csv
1,eb8204f72b88,2025-10-15T11:50:12.034422,shrek3,Cinderella,21,True,5d32a63602e5,7.433488000060606,latency-eb8204f72b88.csv
1,eb8204f72b88,2025-10-15T11:50:12.147896,shrek,and,318,True,5d32a63602e5,7.034977999865077,latency-eb8204f72b88.csv
1,eb8204f72b88,2025-10-15T11:50:12.263074,shrek,baby,3,True,5d32a63602e5,4.479301999708696,latency-eb8204f72b88.csv
1,eb8204f72b88,2025-10-15T11:50:12.374089,grail,cross,13,True,c060a1e70889,6.954652000331407,latency-eb8204f72b88.csv
1,eb8204f72b88,2025-10-15T11:50:12.490458,shrek,FIONA,211,True,c060a1e70889,7.264569000199117,latency-eb8204f72b88.csv
1,eb8204f72b88,2025-10-15T11:50:12.604725,shrek3,right,36,True,c060a1e70889,11.18741999971462,latency-eb8204f72b88.csv
1,eb8204f72b88,2025-10-15T11:50:12.737868,grail,to,718,True,c060a1e70889,7.668764999834821,latency-eb8204f72b88.csv
1,eb8204f72b88,2025-10-15T11:50:12.853163,shrek3,RAPUNZEL,30,True,c060a1e70889,4.360721000011836,latency-eb8204f72b88.csv
1,eb8204f72b88,2025-10-15T11:50:12.963208,shrek,FIONA,211,True,c060a1e70889,6.653470000401285,latency-eb8204f72b88.csv
1,eb8204f72b88,2025-10-15T11:50:13.079412,grail,the,1600,True,c060a1e70889,7.197490000180551,latency-eb8204f72b88.csv
1,eb8204f72b88,2025-10-15T11:50:13.196714,grail,king,136,True,c060a1e70889,5.808156999592029,latency-eb8204f72b88.csv
1,eb8204f72b88,2025-10-15T11:50:13.310998,shrek3,EVIL,59,True,c060a1e70889,4.128389000015886,latency-eb8204f72b88.csv
1,eb8204f72b88,2025-10-15T11:50:13.420602,shrek3,its,1,True,c060a1e70889,5.213780999838491,latency-eb8204f72b88.csv
1,eb8204f72b88,2025-10-15T11:50:13.531209,grail,(as,0,True,5d32a63602e5,18.584646000363136,latency-eb8204f72b88.csv
1,eb8204f72b88,2025-10-15T11:50:13.658687,shrek,SHREK,433,True,c060a1e70889,5.117242999858718,latency-eb8204f72b88.csv
1,eb8204f72b88,2025-10-15T11:50:13.772347,grail,Michael,11,True,c060a1e70889,4.940036999869335,latency-eb8204f72b88.csv
2,eb8204f72b88,2025-10-15T11:50:13.882307,shrek,its,1,True,c060a1e70889,6.129461000000447,latency-eb8204f72b88.csv
2,eb8204f72b88,2025-10-15T11:50:13.994171,shrek3,get,39,True,c060a1e70889,6.347255000036967,latency-eb8204f72b88.csv
2,eb8204f72b88,2025-10-15T11:50:14.106733,grail,about,49,True,c060a1e70889,5.022880000069563,latency-eb8204f72b88.csv
2,eb8204f72b88,2025-10-15T11:50:14.217483,shrek,afraid,8,True,c060a1e70889,9.012494000216977,latency-eb8204f72b88.csv
2,eb8204f72b88,2025-10-15T11:50:14.335376,shrek3,Cinderella,21,True,c060a1e70889,5.432425999970292,latency-eb8204f72b88.csv
2,eb8204f72b88,2025-10-15T11:50:14.446131,shrek,and,318,True,5d32a63602e5,23.585590000038792,latency-eb8204f72b88.csv
2,eb8204f72b88,2025-10-15T11:50:14.580637,shrek,baby,3,True,c060a1e70889,4.686585999934323,latency-eb8204f72b88.csv
2,eb8204f72b88,2025-10-15T11:50:14.691396,grail,cross,13,True,c060a1e70889,4.653606999909243,latency-eb8204f72b88.csv
2,eb8204f72b88,2025-10-15T11:50:14.800895,shrek,FIONA,211,True,c060a1e70889,5.263473000013619,latency-eb8204f72b88.csv
2,eb8204f72b88,2025-10-15T11:50:14.912781,shrek3,right,36,True,c060a1e70889,5.503424999915296,latency-eb8204f72b88.csv
2,eb8204f72b88,2025-10-15T11:50:15.025390,grail,to,718,True,c060a1e70889,6.505979999928968,latency-eb8204f72b88.csv
2,eb8204f72b88,2025-10-15T11:50:15.137003,shrek3,RAPUNZEL,30,True,c060a1e70889,5.98128900037409,latency-eb8204f72b88.csv
2,eb8204f72b88,2025-10-15T11:50:15.249148,shrek,FIONA,211,True,c060a1e70889,8.180160999927466,latency-eb8204f72b88.csv
2,eb8204f72b88,2025-10-15T11:50:15.364377,grail,the,1600,True,4ee8a2a45a7d,11.297895000097924,latency-eb8204f72b88.csv
2,eb8204f72b88,2025-10-15T11:50:15.483416,grail,king,136,True,c060a1e70889,6.807024000409001,latency-eb8204f72b88.csv
2,eb8204f72b88,2025-10-15T11:50:15.596056,shrek3,EVIL,59,True,c060a1e70889,14.730436999798258,latency-eb8204f72b88.csv
2,eb8204f72b88,2025-10-15T11:50:15.724405,shrek3,its,1,True,5d32a63602e5,7.48113600002398,latency-eb8204f72b88.csv
2,eb8204f72b88,2025-10-15T11:50:15.839376,grail,(as,0,True,5d32a63602e5,9.053896000295936,latency-eb8204f72b88.csv
2,eb8204f72b88,2025-10-15T11:50:15.959004,shrek,SHREK,433,True,5d32a63602e5,9.473031000197809,latency-eb8204f72b88.csv
2,eb8204f72b88,2025-10-15T11:50:16.080398,grail,Michael,11,True,5d32a63602e5,12.197825999919589,latency-eb8204f72b88.csv
1,f067f028fe7a,2025-10-15T11:49:39.208009,shrek,on,88,True,c060a1e70889,4.976155000349536,latency-f067f028fe7a.csv
1,f067f028fe7a,2025-10-15T11:49:39.317982,shrek3,toward,14,False,c060a1e70889,15.520055000251888,latency-f067f028fe7a.csv
1,f067f028fe7a,2025-10-15T11:49:39.439876,grail,elected,2,True,c060a1e70889,5.034267999690201,latency-f067f028fe7a.csv
1,f067f028fe7a,2025-10-15T11:49:39.551335,grail,Bum,13,False,c060a1e70889,10.640232999776345,latency-f067f028fe7a.csv
1,f067f028fe7a,2025-10-15T11:49:39.669845,grail,Bridge,30,False,c060a1e70889,9.849610999935976,latency-f067f028fe7a.csv
1,f067f028fe7a,2025-10-15T11:49:39.786147,shrek,on,88,True,c060a1e70889,8.701682999799232,latency-f067f028fe7a.csv
1,f067f028fe7a,2025-10-15T11:49:39.906860,shrek,"Ha,",0,False,4ee8a2a45a7d,19.777322000209097,latency-f067f028fe7a.csv
1,f067f028fe7a,2025-10-15T11:49:40.034942,shrek,FIONA,211,True,c060a1e70889,9.402400999988458,latency-f067f028fe7a.csv
1,f067f028fe7a,2025-10-15T11:49:40.157362,grail,pretty,7,False,c060a1e70889,17.156766999960382,latency-f067f028fe7a.csv
1,f067f028fe7a,2025-10-15T11:49:40.280743,shrek,whistles,2,True,5d32a63602e5,9.95680899995932,latency-f067f028fe7a.csv
1,f067f028fe7a,2025-10-15T11:49:40.400869,grail,thus,5,False,4ee8a2a45a7d,19.591266000134056,latency-f067f028fe7a.csv
1,f067f028fe7a,2025-10-15T11:49:40.530365,shrek,ogre,27,True,c060a1e70889,7.961745000102383,latency-f067f028fe7a.csv
1,f067f028fe7a,2025-10-15T11:49:40.647074,grail,few,8,True,5d32a63602e5,6.5350459999535815,latency-f067f028fe7a.csv
1,f067f028fe7a,2025-10-15T11:49:40.760807,grail,To,718,True,c060a1e70889,5.738672000006773,latency-f067f028fe7a.csv
1,f067f028fe7a,2025-10-15T11:49:40.873719,shrek,stairs,7,False,c060a1e70889,15.992163000191796,latency-f067f028fe7a.csv
1,f067f028fe7a,2025-10-15T11:49:41.002861,shrek3,Third,121,False,5d32a63602e5,19.50047499985885,latency-f067f028fe7a.csv
1,f067f028fe7a,2025-10-15T11:49:41.130312,shrek3,wont,0,False,c060a1e70889,15.174495000337629,latency-f067f028fe7a.csv
1,f067f028fe7a,2025-10-15T11:49:41.256169,shrek3,Final,119,False,5d32a63602e5,12.34077300023273,latency-f067f028fe7a.csv
1,f067f028fe7a,2025-10-15T11:49:41.375370,grail,seek,12,False,4ee8a2a45a7d,16.04243099973246,latency-f067f028fe7a.csv
1,f067f028fe7a,2025-10-15T11:49:41.498882,shrek,tale,7,True,c060a1e70889,11.95063500017568,latency-f067f028fe7a.csv
2,f067f028fe7a,2025-10-15T11:49:41.624314,shrek,on,88,True,c060a1e70889,8.897544000319613,latency-f067f028fe7a.csv
2,f067f028fe7a,2025-10-15T11:49:41.740388,shrek3,toward,14,True,c060a1e70889,8.837962999677984,latency-f067f028fe7a.csv
2,f067f028fe7a,2025-10-15T11:49:41.856897,grail,elected,2,True,c060a1e70889,8.644481999908749,latency-f067f028fe7a.csv
2,f067f028fe7a,2025-10-15T11:49:41.979028,grail,Bum,13,True,c060a1e70889,9.384631000102672,latency-f067f028fe7a.csv
2,f067f028fe7a,2025-10-15T11:49:42.099711,grail,Bridge,30,True,c060a1e70889,18.639099999745667,latency-f067f028fe7a.csv
2,f067f028fe7a,2025-10-15T11:49:42.230311,shrek,on,88,True,c060a1e70889,9.293780000007246,latency-f067f028fe7a.csv
2,f067f028fe7a,2025-10-15T11:49:42.350695,shrek,"Ha,",0,True,c060a1e70889,6.001559000196721,latency-f067f028fe7a.csv
2,f067f028fe7a,2025-10-15T11:49:42.473173,shrek,FIONA,211,True,4ee8a2a45a7d,5.130656999881467,latency-f067f028fe7a.csv
2,f067f028fe7a,2025-10-15T11:49:42.588621,grail,pretty,7,True,c060a1e70889,15.05357299993193,latency-f067f028fe7a.csv
2,f067f028fe7a,2025-10-15T11:49:42.715082,shrek,whistles,2,True,c060a1e70889,12.32929600018906,latency-f067f028fe7a.csv
2,f067f028fe7a,2025-10-15T11:49:42.838283,grail,thus,5,True,5d32a63602e5,6.663567000032344,latency-f067f028fe7a.csv
2,f067f028fe7a,2025-10-15T11:49:42.961182,shrek,ogre,27,True,c060a1e70889,5.660592999902292,latency-f067f028fe7a.csv
2,f067f028fe7a,2025-10-15T11:49:43.074883,grail,few,8,True,5d32a63602e5,16.9736110001395,latency-f067f028fe7a.csv
2,f067f028fe7a,2025-10-15T11:49:43.211506,grail,To,718,True,c060a1e70889,5.001627000183362,latency-f067f028fe7a.csv
2,f067f028fe7a,2025-10-15T11:49:43.322068,shrek,stairs,7,True,c060a1e70889,6.281644999944547,latency-f067f028fe7a.csv
2,f067f028fe7a,2025-10-15T11:49:43.434129,shrek3,Third,121,True,c060a1e70889,4.894603000138886,latency-f067f028fe7a.csv
2,f067f028fe7a,2025-10-15T11:49:43.545005,shrek3,wont,0,True,c060a1e70889,7.035299000108353,latency-f067f028fe7a.csv
2,f067f028fe7a,2025-10-15T11:49:43.658401,shrek3,Final,119,True,4ee8a2a45a7d,9.492439000041486,latency-f067f028fe7a.csv
2,f067f028fe7a,2025-10-15T11:49:43.776545,grail,seek,12,True,5d32a63602e5,6.882572999984404,latency-f067f028fe7a.csv
2,f067f028fe7a,2025-10-15T11:49:43.889933,shrek,tale,7,True,5d32a63602e5,13.604576000034283,latency-f067f028fe7a.csv
1,f0a96a3cf677,2025-10-15T11:50:04.805735,grail,king,136,True,5d32a63602e5,8.342559000084293,latency-f0a96a3cf677.csv
1,f0a96a3cf677,2025-10-15T11:50:04.921727,shrek3,PRINCE,207,True,c060a1e70889,10.495730999991792,latency-f0a96a3cf677.csv
1,f0a96a3cf677,2025-10-15T11:50:05.040878,shrek,I,386,True,c060a1e70889,12.980458999663824,latency-f0a96a3cf677.csv
1,f0a96a3cf677,2025-10-15T11:50:05.165252,grail,Bridge,30,True,c060a1e70889,7.662410999728308,latency-f0a96a3cf677.csv
1,f0a96a3cf677,2025-10-15T11:50:05.282050,shrek3,them,44,True,c060a1e70889,6.743314000232203,latency-f0a96a3cf677.csv
1,f0a96a3cf677,2025-10-15T11:50:05.396958,shrek3,him,87,True,c060a1e70889,8.550879000267742,latency-f0a96a3cf677.csv
1,f0a96a3cf677,2025-10-15T11:50:05.513961,shrek3,PUSS,196,True,c060a1e70889,7.449919000009686,latency-f0a96a3cf677.csv
1,f0a96a3cf677,2025-10-15T11:50:05.632484,shrek,SHREK,433,True,c060a1e70889,4.777546000241273,latency-f0a96a3cf677.csv
1,f0a96a3cf677,2025-10-15T11:50:05.743072,shrek3,fall,6,True,c060a1e70889,6.23236999990695,latency-f0a96a3cf677.csv
1,f0a96a3cf677,2025-10-15T11:50:05.855688,shrek,SHREK,433,True,c060a1e70889,6.751539999640954,latency-f0a96a3cf677.csv
1,f0a96a3cf677,2025-10-15T11:50:05.969501,grail,at,104,True,c060a1e70889,9.043356999882237,latency-f0a96a3cf677.csv
1,f0a96a3cf677,2025-10-15T11:50:06.085959,grail,about,49,True,c060a1e70889,5.982373999813717,latency-f0a96a3cf677.csv
1,f0a96a3cf677,2025-10-15T11:50:06.198043,shrek,edge,2,True,c060a1e70889,6.469381999977486,latency-f0a96a3cf677.csv
1,f0a96a3cf677,2025-10-15T11:50:06.309637,grail,pretty,7,True,c060a1e70889,8.329524000146193,latency-f0a96a3cf677.csv
1,f0a96a3cf677,2025-10-15T11:50:06.424988,shrek,SHREK,433,True,c060a1e70889,8.415567000156443,latency-f0a96a3cf677.csv
1,f0a96a3cf677,2025-10-15T11:50:06.539403,shrek3,SNOW,49,True,c060a1e70889,7.830884999748378,latency-f0a96a3cf677.csv
1,f0a96a3cf677,2025-10-15T11:50:06.653252,shrek3,"meet""",0,True,c060a1e70889,5.5639720003455295,latency-f0a96a3cf677.csv
1,f0a96a3cf677,2025-10-15T11:50:06.765177,grail,with/,0,True,c060a1e70889,5.779099999926984,latency-f0a96a3cf677.csv
1,f0a96a3cf677,2025-10-15T11:50:06.877327,shrek3,toward,14,True,c060a1e70889,4.973652999979095,latency-f0a96a3cf677.csv
1,f0a96a3cf677,2025-10-15T11:50:06.987802,shrek3,cues,3,True,c060a1e70889,8.639093000056164,latency-f0a96a3cf677.csv
2,f0a96a3cf677,2025-10-15T11:50:07.102706,grail,king,136,True,c060a1e70889,8.123229000375431,latency-f0a96a3cf677.csv
2,f0a96a3cf677,2025-10-15T11:50:07.218705,shrek3,PRINCE,207,True,c060a1e70889,8.09341099966332,latency-f0a96a3cf677.csv
2,f0a96a3cf677,2025-10-15T11:50:07.333707,shrek,I,386,True,c060a1e70889,8.707044999937352,latency-f0a96a3cf677.csv
2,f0a96a3cf677,2025-10-15T11:50:07.450174,grail,Bridge,30,True,5d32a63602e5,6.379036999987875,latency-f0a96a3cf677.csv
2,f0a96a3cf677,2025-10-15T11:50:07.562876,shrek3,them,44,True,c060a1e70889,19.75732200025959,latency-f0a96a3cf677.csv
2,f0a96a3cf677,2025-10-15T11:50:07.692312,shrek3,him,87,True,c060a1e70889,7.233304000237695,latency-f0a96a3cf677.csv
2,f0a96a3cf677,2025-10-15T11:50:07.805585,shrek3,PUSS,196,True,c060a1e70889,9.862121999958616,latency-f0a96a3cf677.csv
2,f0a96a3cf677,2025-10-15T11:50:07.922559,shrek,SHREK,433,True,c060a1e70889,10.046791000149824,latency-f0a96a3cf677.csv
2,f0a96a3cf677,2025-10-15T11:50:08.040021,shrek3,fall,6,True,4ee8a2a45a7d,12.262158999874371,latency-f0a96a3cf677.csv
2,f0a96a3cf677,2025-10-15T11:50:08.162599,shrek,SHREK,433,True,4ee8a2a45a7d,6.8721550001100695,latency-f0a96a3cf677.csv
2,f0a96a3cf677,2025-10-15T11:50:08.276395,grail,at,104,True,4ee8a2a45a7d,11.436061999575031,latency-f0a96a3cf677.csv
2,f0a96a3cf677,2025-10-15T11:50:08.395761,grail,about,49,True,5d32a63602e5,6.841936999990139,latency-f0a96a3cf677.csv
2,f0a96a3cf677,2025-10-15T11:50:08.508880,shrek,edge,2,True,5d32a63602e5,7.7680790000158595,latency-f0a96a3cf677.csv
2,f0a96a3cf677,2025-10-15T11:50:08.626534,grail,pretty,7,True,c060a1e70889,6.933951000064553,latency-f0a96a3cf677.csv
2,f0a96a3cf677,2025-10-15T11:50:08.741252,shrek,SHREK,433,True,c060a1e70889,7.955352999942988,latency-f0a96a3cf677.csv
2,f0a96a3cf677,2025-10-15T11:50:08.857077,shrek3,SNOW,49,True,c060a1e70889,7.209431999854132,latency-f0a96a3cf677.csv
2,f0a96a3cf677,2025-10-15T11:50:08.969992,shrek3,"meet""",0,True,c060a1e70889,7.056284000100277,latency-f0a96a3cf677.csv
2,f0a96a3cf677,2025-10-15T11:50:09.084885,grail,with/,0,True,c060a1e70889,8.274808999885863,latency-f0a96a3cf677.csv
2,f0a96a3cf677,2025-10-15T11:50:09.251952,shrek3,toward,14,True,c060a1e70889,7.290389999980107,latency-f0a96a3cf677.csv
2,f0a96a3cf677,2025-10-15T11:50:09.365782,shrek3,cues,3,True,5d32a63602e5,6.026335000115068,latency-f0a96a3cf677.csv
1,f46c410ffe10,2025-10-15T11:49:45.663709,shrek,ogre,27,True,4ee8a2a45a7d,13.665352999851166,latency-f46c410ffe10.csv
1,f46c410ffe10,2025-10-15T11:49:45.785757,grail,right,66,True,4ee8a2a45a7d,7.488052000098833,latency-f46c410ffe10.csv
1,f46c410ffe10,2025-10-15T11:49:45.906772,shrek,SHREK,433,True,4ee8a2a45a7d,10.076895999645783,latency-f46c410ffe10.csv
1,f46c410ffe10,2025-10-15T11:49:46.027745,shrek,I,386,True,5d32a63602e5,8.571117999963462,latency-f46c410ffe10.csv
1,f46c410ffe10,2025-10-15T11:49:46.142375,shrek3,They,80,False,5d32a63602e5,11.96939100009331,latency-f46c410ffe10.csv
1,f46c410ffe10,2025-10-15T11:49:46.259784,grail,king,136,True,c060a1e70889,8.199318999686511,latency-f46c410ffe10.csv
1,f46c410ffe10,2025-10-15T11:49:46.373841,shrek,GORDO,5,True,c060a1e70889,7.937935999962065,latency-f46c410ffe10.csv
1,f46c410ffe10,2025-10-15T11:49:46.488716,grail,dancing,10,True,c060a1e70889,9.103757000048065,latency-f46c410ffe10.csv
1,f46c410ffe10,2025-10-15T11:49:46.604591,grail,"lute,",0,True,c060a1e70889,5.5677769996691495,latency-f46c410ffe10.csv
1,f46c410ffe10,2025-10-15T11:49:46.715651,grail,Christ,8,True,4ee8a2a45a7d,19.21110800003589,latency-f46c410ffe10.csv
1,f46c410ffe10,2025-10-15T11:49:46.844013,grail,king,136,True,c060a1e70889,7.52861999990273,latency-f46c410ffe10.csv
1,f46c410ffe10,2025-10-15T11:49:46.958764,grail,sell,1,True,c060a1e70889,7.581723999919632,latency-f46c410ffe10.csv
1,f46c410ffe10,2025-10-15T11:49:47.072981,shrek3,PRINCE,207,True,c060a1e70889,6.873124999856373,latency-f46c410ffe10.csv
1,f46c410ffe10,2025-10-15T11:49:47.185384,shrek3,and,576,True,c060a1e70889,7.016244000169536,latency-f46c410ffe10.csv
1,f46c410ffe10,2025-10-15T11:49:47.297952,grail,the,1600,True,5d32a63602e5,8.269039999959205,latency-f46c410ffe10.csv
1,f46c410ffe10,2025-10-15T11:49:47.413270,shrek,Blah,1,True,5d32a63602e5,7.658723000076861,latency-f46c410ffe10.csv
1,f46c410ffe10,2025-10-15T11:49:47.528118,shrek,number,8,True,5d32a63602e5,12.76152699983868,latency-f46c410ffe10.csv
1,f46c410ffe10,2025-10-15T11:49:47.651521,shrek3,Cinderella,21,True,c060a1e70889,8.768953000071633,latency-f46c410ffe10.csv
1,f46c410ffe10,2025-10-15T11:49:47.768161,shrek3,Third,121,True,5d32a63602e5,5.715604000215535,latency-f46c410ffe10.csv
1,f46c410ffe10,2025-10-15T11:49:47.880116,shrek,SHREK,433,True,c060a1e70889,9.793277999960992,latency-f46c410ffe10.csv
2,f46c410ffe10,2025-10-15T11:49:48.002107,shrek,ogre,27,True,c060a1e70889,14.705246000175975,latency-f46c410ffe10.csv
2,f46c410ffe10,2025-10-15T11:49:48.126204,grail,right,66,True,5d32a63602e5,6.928303000222513,latency-f46c410ffe10.csv
2,f46c410ffe10,2025-10-15T11:49:48.242928,shrek,SHREK,433,True,5d32a63602e5,7.590651000100479,latency-f46c410ffe10.csv
2,f46c410ffe10,2025-10-15T11:49:48.357712,shrek,I,386,True,5d32a63602e5,4.580166999858193,latency-f46c410ffe10.csv
2,f46c410ffe10,2025-10-15T11:49:48.468211,shrek3,They,80,True,c060a1e70889,7.31277000022601,latency-f46c410ffe10.csv
2,f46c410ffe10,2025-10-15T11:49:48.584486,grail,king,136,True,c060a1e70889,6.1244240000633,latency-f46c410ffe10.csv
2,f46c410ffe10,2025-10-15T11:49:48.696977,shrek,GORDO,5,True,c060a1e70889,8.968736000042554,latency-f46c410ffe10.csv
2,f46c410ffe10,2025-10-15T11:49:48.812105,grail,dancing,10,True,c060a1e70889,6.58633800003372,latency-f46c410ffe10.csv
2,f46c410ffe10,2025-10-15T11:49:48.923947,grail,"lute,",0,True,c060a1e70889,6.571727999926225,latency-f46c410ffe10.csv
2,f46c410ffe10,2025-10-15T11:49:49.036065,grail,Christ,8,True,c060a1e70889,10.409687999981545,latency-f46c410ffe10.csv
2,f46c410ffe10,2025-10-15T11:49:49.157329,grail,king,136,True,5d32a63602e5,5.402735999723518,latency-f46c410ffe10.csv
2,f46c410ffe10,2025-10-15T11:49:49.268548,grail,sell,1,True,c060a1e70889,5.904031999762083,latency-f46c410ffe10.csv
2,f46c410ffe10,2025-10-15T11:49:49.380209,shrek3,PRINCE,207,True,c060a1e70889,6.826849999924889,latency-f46c410ffe10.csv
2,f46c410ffe10,2025-10-15T11:49:49.492788,shrek3,and,576,True,5d32a63602e5,11.10186000005342,latency-f46c410ffe10.csv
2,f46c410ffe10,2025-10-15T11:49:49.611537,grail,the,1600,True,4ee8a2a45a7d,7.878876000177115,latency-f46c410ffe10.csv
2,f46c410ffe10,2025-10-15T11:49:49.726224,shrek,Blah,1,True,4ee8a2a45a7d,8.762740000292979,latency-f46c410ffe10.csv
2,f46c410ffe10,2025-10-15T11:49:49.840185,shrek,number,8,True,5d32a63602e5,8.560682999814162,latency-f46c410ffe10.csv
2,f46c410ffe10,2025-10-15T11:49:49.954932,shrek3,Cinderella,21,True,5d32a63602e5,9.184382000057669,latency-f46c410ffe10.csv
2,f46c410ffe10,2025-10-15T11:49:50.070487,shrek3,Third,121,True,c060a1e70889,5.118908999975247,latency-f46c410ffe10.csv
2,f46c410ffe10,2025-10-15T11:49:50.180621,shrek,SHREK,433,True,c060a1e70889,6.566679000115983,latency-f46c410ffe10.csv
1,f5283cab2dfc,2025-10-15T11:49:51.310404,shrek3,OGRE,39,False,4ee8a2a45a7d,16.83247399978427,latency-f5283cab2dfc.csv
1,f5283cab2dfc,2025-10-15T11:49:51.434674,shrek3,BOAT,32,True,4ee8a2a45a7d,17.099022999900626,latency-f5283cab2dfc.csv
1,f5283cab2dfc,2025-10-15T11:49:51.561268,shrek3,cosmic,1,True,5d32a63602e5,27.13572199991177,latency-f5283cab2dfc.csv
1,f5283cab2dfc,2025-10-15T11:49:51.705252,grail,ANOTHER,25,False,5d32a63602e5,21.626307999667915,latency-f5283cab2dfc.csv
1,f5283cab2dfc,2025-10-15T11:49:51.835602,shrek,GORDO,5,True,5d32a63602e5,29.27706299988131,latency-f5283cab2dfc.csv
1,f5283cab2dfc,2025-10-15T11:49:52.001779,grail,"lute,",0,True,c060a1e70889,8.260679000159143,latency-f5283cab2dfc.csv
1,f5283cab2dfc,2025-10-15T11:49:52.118191,shrek3,the,1285,True,c060a1e70889,7.972474999860424,latency-f5283cab2dfc.csv
1,f5283cab2dfc,2025-10-15T11:49:52.233494,shrek3,did,14,True,c060a1e70889,8.693853999830026,latency-f5283cab2dfc.csv
1,f5283cab2dfc,2025-10-15T11:49:52.349133,shrek,Nobody,4,True,4ee8a2a45a7d,8.009782000044652,latency-f5283cab2dfc.csv
1,f5283cab2dfc,2025-10-15T11:49:52.463712,shrek,will,16,True,4ee8a2a45a7d,10.48317799995857,latency-f5283cab2dfc.csv
1,f5283cab2dfc,2025-10-15T11:49:52.581850,grail,on,139,False,c060a1e70889,12.402559999827645,latency-f5283cab2dfc.csv
1,f5283cab2dfc,2025-10-15T11:49:52.700772,shrek,But,73,True,5d32a63602e5,19.562384999971982,latency-f5283cab2dfc.csv
1,f5283cab2dfc,2025-10-15T11:49:52.831811,shrek3,CHARMING,232,True,c060a1e70889,12.733149000268895,latency-f5283cab2dfc.csv
1,f5283cab2dfc,2025-10-15T11:49:52.955749,shrek,I,386,True,c060a1e70889,12.15674199966088,latency-f5283cab2dfc.csv
1,f5283cab2dfc,2025-10-15T11:49:53.077381,grail,the,1600,True,5d32a63602e5,6.890188999932434,latency-f5283cab2dfc.csv
1,f5283cab2dfc,2025-10-15T11:49:53.194168,grail,from,94,True,5d32a63602e5,15.00662900025418,latency-f5283cab2dfc.csv
1,f5283cab2dfc,2025-10-15T11:49:53.318656,grail,LTD,6,True,c060a1e70889,6.922943000063242,latency-f5283cab2dfc.csv
1,f5283cab2dfc,2025-10-15T11:49:53.441964,shrek3,decree,1,True,5d32a63602e5,24.41882300036013,latency-f5283cab2dfc.csv
1,f5283cab2dfc,2025-10-15T11:49:53.581089,shrek,I,386,True,4ee8a2a45a7d,10.733644000083586,latency-f5283cab2dfc.csv
1,f5283cab2dfc,2025-10-15T11:49:53.701793,grail,king,136,True,c060a1e70889,4.995844999939436,latency-f5283cab2dfc.csv
2,f5283cab2dfc,2025-10-15T11:49:53.812940,shrek3,OGRE,39,True,c060a1e70889,4.9164209999617015,latency-f5283cab2dfc.csv
2,f5283cab2dfc,2025-10-15T11:49:53.922963,shrek3,BOAT,32,True,c060a1e70889,6.55641100001958,latency-f5283cab2dfc.csv
2,f5283cab2dfc,2025-10-15T11:49:54.035973,shrek3,cosmic,1,True,c060a1e70889,7.769690000259288,latency-f5283cab2dfc.csv
2,f5283cab2dfc,2025-10-15T11:49:54.152033,grail,ANOTHER,25,True,c060a1e70889,5.756133999966551,latency-f5283cab2dfc.csv
2,f5283cab2dfc,2025-10-15T11:49:54.264236,shrek,GORDO,5,True,c060a1e70889,5.404450000241923,latency-f5283cab2dfc.csv
2,f5283cab2dfc,2025-10-15T11:49:54.376454,grail,"lute,",0,True,c060a1e70889,12.780986000052508,latency-f5283cab2dfc.csv
2,f5283cab2dfc,2025-10-15T11:49:54.514218,shrek3,the,1285,True,c060a1e70889,6.790270999772474,latency-f5283cab2dfc.csv
2,f5283cab2dfc,2025-10-15T11:49:54.627781,shrek3,did,14,True,c060a1e70889,5.639386999973794,latency-f5283cab2dfc.csv
2,f5283cab2dfc,2025-10-15T11:49:54.739093,shrek,Nobody,4,True,c060a1e70889,5.394219999743655,latency-f5283cab2dfc.csv
2,f5283cab2dfc,2025-10-15T11:49:54.850627,shrek,will,16,True,c060a1e70889,6.624271999953635,latency-f5283cab2dfc.csv
2,f5283cab2dfc,2025-10-15T11:49:54.965642,grail,on,139,True,c060a1e70889,4.832503000216093,latency-f5283cab2dfc.csv
2,f5283cab2dfc,2025-10-15T11:49:55.077498,shrek,But,73,True,c060a1e70889,5.6561609999334905,latency-f5283cab2dfc.csv
2,f5283cab2dfc,2025-10-15T11:49:55.192422,shrek3,CHARMING,232,True,c060a1e70889,5.491169000379159,latency-f5283cab2dfc.csv
2,f5283cab2dfc,2025-10-15T11:49:55.305915,shrek,I,386,True,c060a1e70889,7.222018999982538,latency-f5283cab2dfc.csv
2,f5283cab2dfc,2025-10-15T11:49:55.421513,grail,the,1600,True,c060a1e70889,6.601933999718312,latency-f5283cab2dfc.csv
2,f5283cab2dfc,2025-10-15T11:49:55.535887,grail,from,94,True,c060a1e70889,5.6770910000523145,latency-f5283cab2dfc.csv
2,f5283cab2dfc,2025-10-15T11:49:55.649482,grail,LTD,6,True,c060a1e70889,6.509479000214924,latency-f5283cab2dfc.csv
2,f5283cab2dfc,2025-10-15T11:49:55.765627,shrek3,decree,1,True,c060a1e70889,5.993130000206293,latency-f5283cab2dfc.csv
2,f5283cab2dfc,2025-10-15T11:49:55.879125,shrek,I,386,True,c060a1e70889,5.832267999721807,latency-f5283cab2dfc.csv
2,f5283cab2dfc,2025-10-15T11:49:55.990476,grail,king,136,True,c060a1e70889,8.467066999855888,latency-f5283cab2dfc.csv
1,f56b02798e54,2025-10-15T11:50:06.185954,grail,Bum,13,True,c060a1e70889,5.105588999867905,latency-f56b02798e54.csv
1,f56b02798e54,2025-10-15T11:50:06.296513,grail,BEDEVERE,103,True,c060a1e70889,6.690244999845163,latency-f56b02798e54.csv
1,f56b02798e54,2025-10-15T11:50:06.409493,shrek3,toward,14,True,c060a1e70889,5.474236000281962,latency-f56b02798e54.csv
1,f56b02798e54,2025-10-15T11:50:06.520437,shrek3,CAPTAIN,41,True,5d32a63602e5,5.765733999851364,latency-f56b02798e54.csv
1,f56b02798e54,2025-10-15T11:50:06.632182,grail,time,33,True,5d32a63602e5,6.9659089999731805,latency-f56b02798e54.csv
1,f56b02798e54,2025-10-15T11:50:06.745197,shrek,FIONA,211,True,5d32a63602e5,6.469894000019849,latency-f56b02798e54.csv
1,f56b02798e54,2025-10-15T11:50:06.858196,grail,Butts,2,True,5d32a63602e5,5.794158999833599,latency-f56b02798e54.csv
1,f56b02798e54,2025-10-15T11:50:06.969627,shrek,its,1,True,5d32a63602e5,6.988653000007616,latency-f56b02798e54.csv
1,f56b02798e54,2025-10-15T11:50:07.083803,shrek,will,16,True,5d32a63602e5,6.4213240002573,latency-f56b02798e54.csv
1,f56b02798e54,2025-10-15T11:50:07.197417,shrek,one,44,True,5d32a63602e5,7.298740999885922,latency-f56b02798e54.csv
1,f56b02798e54,2025-10-15T11:50:07.316437,grail,few,8,True,4ee8a2a45a7d,11.81141300003219,latency-f56b02798e54.csv
1,f56b02798e54,2025-10-15T11:50:07.439909,shrek3,an,51,True,c060a1e70889,7.496835999972973,latency-f56b02798e54.csv
1,f56b02798e54,2025-10-15T11:50:07.555142,shrek3,to,511,True,c060a1e70889,12.653429999772923,latency-f56b02798e54.csv
1,f56b02798e54,2025-10-15T11:50:07.678732,shrek,baby,3,True,4ee8a2a45a7d,7.190555000306631,latency-f56b02798e54.csv
1,f56b02798e54,2025-10-15T11:50:07.797355,shrek,I,386,True,4ee8a2a45a7d,7.233994999751303,latency-f56b02798e54.csv
1,f56b02798e54,2025-10-15T11:50:07.916695,shrek,FIONA,211,True,4ee8a2a45a7d,8.913105000374344,latency-f56b02798e54.csv
1,f56b02798e54,2025-10-15T11:50:08.033786,grail,since,10,True,c060a1e70889,10.732063999967068,latency-f56b02798e54.csv
1,f56b02798e54,2025-10-15T11:50:08.159398,shrek,(standing,0,True,5d32a63602e5,6.74947700008488,latency-f56b02798e54.csv
1,f56b02798e54,2025-10-15T11:50:08.272792,shrek3,116,1,False,5d32a63602e5,23.32275600019784,latency-f56b02798e54.csv
1,f56b02798e54,2025-10-15T11:50:08.402884,grail,king,136,True,c060a1e70889,5.502752000211331,latency-f56b02798e54.csv
2,f56b02798e54,2025-10-15T11:50:08.513723,grail,Bum,13,True,c060a1e70889,8.796809999694233,latency-f56b02798e54.csv
2,f56b02798e54,2025-10-15T11:50:08.633254,grail,BEDEVERE,103,True,5d32a63602e5,7.339705000049435,latency-f56b02798e54.csv
2,f56b02798e54,2025-10-15T11:50:08.747954,shrek3,toward,14,True,5d32a63602e5,7.505712000238418,latency-f56b02798e54.csv
2,f56b02798e54,2025-10-15T11:50:08.862781,shrek3,CAPTAIN,41,True,5d32a63602e5,5.642198999794346,latency-f56b02798e54.csv
2,f56b02798e54,2025-10-15T11:50:08.974038,grail,time,33,True,5d32a63602e5,7.481907000055799,latency-f56b02798e54.csv
2,f56b02798e54,2025-10-15T11:50:09.088376,shrek,FIONA,211,True,5d32a63602e5,9.128463999786618,latency-f56b02798e54.csv
2,f56b02798e54,2025-10-15T11:50:09.255930,grail,Butts,2,True,5d32a63602e5,8.097819999875355,latency-f56b02798e54.csv
2,f56b02798e54,2025-10-15T11:50:09.371021,shrek,its,1,True,c060a1e70889,7.933069000046089,latency-f56b02798e54.csv
2,f56b02798e54,2025-10-15T11:50:09.491140,shrek,will,16,True,c060a1e70889,4.97286699965116,latency-f56b02798e54.csv
2,f56b02798e54,2025-10-15T11:50:09.602645,shrek,one,44,True,c060a1e70889,9.043177999956242,latency-f56b02798e54.csv
2,f56b02798e54,2025-10-15T11:50:09.722637,grail,few,8,True,c060a1e70889,6.774280999707116,latency-f56b02798e54.csv
2,f56b02798e54,2025-10-15T11:50:09.834714,shrek3,an,51,True,c060a1e70889,7.570444000066345,latency-f56b02798e54.csv
2,f56b02798e54,2025-10-15T11:50:09.949778,shrek3,to,511,True,c060a1e70889,6.847263000054227,latency-f56b02798e54.csv
2,f56b02798e54,2025-10-15T11:50:10.064010,shrek,baby,3,True,c060a1e70889,9.601278999980424,latency-f56b02798e54.csv
2,f56b02798e54,2025-10-15T11:50:10.184953,shrek,I,386,True,c060a1e70889,11.631523000232846,latency-f56b02798e54.csv
2,f56b02798e54,2025-10-15T11:50:10.308910,shrek,FIONA,211,True,5d32a63602e5,5.306079000092723,latency-f56b02798e54.csv
2,f56b02798e54,2025-10-15T11:50:10.423180,grail,since,10,True,5d32a63602e5,6.2680609999006265,latency-f56b02798e54.csv
2,f56b02798e54,2025-10-15T11:50:10.538542,shrek,(standing,0,True,5d32a63602e5,5.138173999966966,latency-f56b02798e54.csv
2,f56b02798e54,2025-10-15T11:50:10.650783,shrek3,116,1,True,5d32a63602e5,5.174333999548253,latency-f56b02798e54.csv
2,f56b02798e54,2025-10-15T11:50:10.762236,grail,king,136,True,5d32a63602e5,8.714222999969934,latency-f56b02798e54.csv
1,f7e24d85f15d,2025-10-15T11:49:52.468909,grail,a,666,True,c060a1e70889,9.381535000102303,latency-f7e24d85f15d.csv
1,f7e24d85f15d,2025-10-15T11:49:52.585605,grail,Tm,5,True,5d32a63602e5,7.417145000090386,latency-f7e24d85f15d.csv
1,f7e24d85f15d,2025-10-15T11:49:52.699820,grail,the,1600,True,5d32a63602e5,16.693054999905144,latency-f7e24d85f15d.csv
1,f7e24d85f15d,2025-10-15T11:49:52.830913,shrek,DONKEY,320,True,c060a1e70889,12.056538000251749,latency-f7e24d85f15d.csv
1,f7e24d85f15d,2025-10-15T11:49:52.955504,shrek3,wont,0,True,c060a1e70889,11.753221999697416,latency-f7e24d85f15d.csv
1,f7e24d85f15d,2025-10-15T11:49:53.076936,shrek3,youre,0,True,c060a1e70889,8.248602000094252,latency-f7e24d85f15d.csv
1,f7e24d85f15d,2025-10-15T11:49:53.195568,shrek,gone,3,True,5d32a63602e5,15.688825999859546,latency-f7e24d85f15d.csv
1,f7e24d85f15d,2025-10-15T11:49:53.319872,shrek3,him,87,True,5d32a63602e5,5.683619000137696,latency-f7e24d85f15d.csv
1,f7e24d85f15d,2025-10-15T11:49:53.437001,grail,Yeah,13,True,5d32a63602e5,23.130299000058585,latency-f7e24d85f15d.csv
1,f7e24d85f15d,2025-10-15T11:49:53.576400,grail,seek,12,True,5d32a63602e5,15.613450000273588,latency-f7e24d85f15d.csv
1,f7e24d85f15d,2025-10-15T11:49:53.700813,shrek3,right,36,True,c060a1e70889,5.687661000138178,latency-f7e24d85f15d.csv
1,f7e24d85f15d,2025-10-15T11:49:53.812828,grail,To,718,True,c060a1e70889,4.770536999785691,latency-f7e24d85f15d.csv
1,f7e24d85f15d,2025-10-15T11:49:53.922966,grail,I,298,True,c060a1e70889,6.6404640001564985,latency-f7e24d85f15d.csv
1,f7e24d85f15d,2025-10-15T11:49:54.036500,shrek,"Well,",0,True,c060a1e70889,7.621621999987838,latency-f7e24d85f15d.csv
1,f7e24d85f15d,2025-10-15T11:49:54.152432,shrek,Aah,6,True,c060a1e70889,5.165309999938472,latency-f7e24d85f15d.csv
1,f7e24d85f15d,2025-10-15T11:49:54.263811,shrek,FARQUAAD,84,True,c060a1e70889,5.431772999600071,latency-f7e24d85f15d.csv
1,f7e24d85f15d,2025-10-15T11:49:54.376313,shrek3,WHITE,45,True,c060a1e70889,10.047930999917298,latency-f7e24d85f15d.csv
1,f7e24d85f15d,2025-10-15T11:49:54.496482,shrek,Nobody,4,True,c060a1e70889,5.412861999957386,latency-f7e24d85f15d.csv
1,f7e24d85f15d,2025-10-15T11:49:54.608168,grail,pretty,7,True,c060a1e70889,5.998024999826157,latency-f7e24d85f15d.csv
1,f7e24d85f15d,2025-10-15T11:49:54.720150,grail,pseudonym,1,True,c060a1e70889,6.822938999903272,latency-f7e24d85f15d.csv
2,f7e24d85f15d,2025-10-15T11:49:54.832253,grail,a,666,True,c060a1e70889,6.587430999843491,latency-f7e24d85f15d.csv
2,f7e24d85f15d,2025-10-15T11:49:54.945369,grail,Tm,5,True,c060a1e70889,5.007759000363876,latency-f7e24d85f15d.csv
2,f7e24d85f15d,2025-10-15T11:49:55.055494,grail,the,1600,True,c060a1e70889,8.884518000286334,latency-f7e24d85f15d.csv
2,f7e24d85f15d,2025-10-15T11:49:55.171705,shrek,DONKEY,320,True,c060a1e70889,7.318037000004551,latency-f7e24d85f15d.csv
2,f7e24d85f15d,2025-10-15T11:49:55.286032,shrek3,wont,0,True,5d32a63602e5,7.340816000123596,latency-f7e24d85f15d.csv
2,f7e24d85f15d,2025-10-15T11:49:55.400450,shrek3,youre,0,True,5d32a63602e5,6.041729999651579,latency-f7e24d85f15d.csv
2,f7e24d85f15d,2025-10-15T11:49:55.512348,shrek,gone,3,True,c060a1e70889,5.8208100003867,latency-f7e24d85f15d.csv
2,f7e24d85f15d,2025-10-15T11:49:55.624371,shrek3,him,87,True,4ee8a2a45a7d,7.041042000309972,latency-f7e24d85f15d.csv
2,f7e24d85f15d,2025-10-15T11:49:55.738377,grail,Yeah,13,True,4ee8a2a45a7d,6.7697149997911765,latency-f7e24d85f15d.csv
2,f7e24d85f15d,2025-10-15T11:49:55.850847,grail,seek,12,True,5d32a63602e5,6.811367000409518,latency-f7e24d85f15d.csv
2,f7e24d85f15d,2025-10-15T11:49:55.964049,shrek3,right,36,True,5d32a63602e5,8.11114499992982,latency-f7e24d85f15d.csv
2,f7e24d85f15d,2025-10-15T11:49:56.079323,grail,To,718,True,5d32a63602e5,22.129021999717224,latency-f7e24d85f15d.csv
2,f7e24d85f15d,2025-10-15T11:49:56.208630,grail,I,298,True,c060a1e70889,8.07949699992605,latency-f7e24d85f15d.csv
2,f7e24d85f15d,2025-10-15T11:49:56.324330,shrek,"Well,",0,True,c060a1e70889,8.438501000000542,latency-f7e24d85f15d.csv
2,f7e24d85f15d,2025-10-15T11:49:56.438641,shrek,Aah,6,True,c060a1e70889,7.025272000191762,latency-f7e24d85f15d.csv
2,f7e24d85f15d,2025-10-15T11:49:56.554684,shrek,FARQUAAD,84,True,c060a1e70889,14.728498999829752,latency-f7e24d85f15d.csv
2,f7e24d85f15d,2025-10-15T11:49:56.682588,shrek3,WHITE,45,True,c060a1e70889,22.71020099988164,latency-f7e24d85f15d.csv
2,f7e24d85f15d,2025-10-15T11:49:56.829321,shrek,Nobody,4,True,c060a1e70889,11.861794000196824,latency-f7e24d85f15d.csv
2,f7e24d85f15d,2025-10-15T11:49:56.958674,grail,pretty,7,True,c060a1e70889,9.790139999950044,latency-f7e24d85f15d.csv
2,f7e24d85f15d,2025-10-15T11:49:57.081908,grail,pseudonym,1,True,c060a1e70889,9.869544000139284,latency-f7e24d85f15d.csv
1,f9c9068fca82,2025-10-15T11:50:16.834844,shrek3,SHOUTING),0,True,c060a1e70889,6.667057999948156,latency-f9c9068fca82.csv
1,f9c9068fca82,2025-10-15T11:50:16.949544,grail,G,6,True,c060a1e70889,5.348753999896871,latency-f9c9068fca82.csv
1,f9c9068fca82,2025-10-15T11:50:17.061459,shrek3,PRINCE,207,True,c060a1e70889,5.40985699990415,latency-f9c9068fca82.csv
1,f9c9068fca82,2025-10-15T11:50:17.176657,grail,Auuuuuuuugh,2,True,c060a1e70889,22.44288299971231,latency-f9c9068fca82.csv
1,f9c9068fca82,2025-10-15T11:50:17.317359,shrek,SHREK,433,True,c060a1e70889,8.645015000183776,latency-f9c9068fca82.csv
1,f9c9068fca82,2025-10-15T11:50:17.435497,shrek,CROWD,5,True,c060a1e70889,7.257726999796432,latency-f9c9068fca82.csv
1,f9c9068fca82,2025-10-15T11:50:17.551451,shrek3,CHARMING,232,True,5d32a63602e5,5.746822999753931,latency-f9c9068fca82.csv
1,f9c9068fca82,2025-10-15T11:50:17.665397,shrek,DONKEY,320,True,5d32a63602e5,11.355116999766324,latency-f9c9068fca82.csv
1,f9c9068fca82,2025-10-15T11:50:17.788398,grail,seek,12,True,5d32a63602e5,15.03709799999342,latency-f9c9068fca82.csv
1,f9c9068fca82,2025-10-15T11:50:17.915861,shrek,FARQUAAD,84,True,4ee8a2a45a7d,12.907836000067618,latency-f9c9068fca82.csv
1,f9c9068fca82,2025-10-15T11:50:18.038905,grail,singing,33,True,4ee8a2a45a7d,12.992154999665216,latency-f9c9068fca82.csv
1,f9c9068fca82,2025-10-15T11:50:18.159717,shrek3,get,39,True,c060a1e70889,9.516264000012598,latency-f9c9068fca82.csv
1,f9c9068fca82,2025-10-15T11:50:18.275099,shrek,true,20,True,5d32a63602e5,6.372098999690934,latency-f9c9068fca82.csv
1,f9c9068fca82,2025-10-15T11:50:18.386835,grail,Jones,7,True,5d32a63602e5,6.725375999849348,latency-f9c9068fca82.csv
1,f9c9068fca82,2025-10-15T11:50:18.498800,shrek3,the,1285,True,c060a1e70889,4.493940999964252,latency-f9c9068fca82.csv
1,f9c9068fca82,2025-10-15T11:50:18.608222,shrek,I,386,True,c060a1e70889,5.697091000001819,latency-f9c9068fca82.csv
1,f9c9068fca82,2025-10-15T11:50:18.718798,grail,us,32,True,c060a1e70889,6.208020000030956,latency-f9c9068fca82.csv
1,f9c9068fca82,2025-10-15T11:50:18.829988,shrek,What,104,True,c060a1e70889,5.912445000376465,latency-f9c9068fca82.csv
1,f9c9068fca82,2025-10-15T11:50:18.940750,grail,lost,6,True,c060a1e70889,4.760529000122915,latency-f9c9068fca82.csv
1,f9c9068fca82,2025-10-15T11:50:19.051266,grail,Cleese,10,True,c060a1e70889,7.713412999692082,latency-f9c9068fca82.csv
2,f9c9068fca82,2025-10-15T11:50:19.165602,shrek3,SHOUTING),0,True,c060a1e70889,5.3423119998115,latency-f9c9068fca82.csv
2,f9c9068fca82,2025-10-15T11:50:19.275791,grail,G,6,True,c060a1e70889,5.685597999672609,latency-f9c9068fca82.csv
2,f9c9068fca82,2025-10-15T11:50:19.386704,shrek3,PRINCE,207,True,c060a1e70889,7.411726000100316,latency-f9c9068fca82.csv
2,f9c9068fca82,2025-10-15T11:50:19.499897,grail,Auuuuuuuugh,2,True,c060a1e70889,4.94483800002854,latency-f9c9068fca82.csv
2,f9c9068fca82,2025-10-15T11:50:19.609504,shrek,SHREK,433,True,c060a1e70889,4.453622999790241,latency-f9c9068fca82.csv
2,f9c9068fca82,2025-10-15T11:50:19.718504,shrek,CROWD,5,True,c060a1e70889,6.952779000130249,latency-f9c9068fca82.csv
2,f9c9068fca82,2025-10-15T11:50:19.831091,shrek3,CHARMING,232,True,c060a1e70889,5.488425000294228,latency-f9c9068fca82.csv
2,f9c9068fca82,2025-10-15T11:50:19.942137,shrek,DONKEY,320,True,c060a1e70889,5.8939539999300905,latency-f9c9068fca82.csv
2,f9c9068fca82,2025-10-15T11:50:20.053164,grail,seek,12,True,c060a1e70889,7.146291000026395,latency-f9c9068fca82.csv
2,f9c9068fca82,2025-10-15T11:50:20.165534,shrek,FARQUAAD,84,True,c060a1e70889,5.037387999891507,latency-f9c9068fca82.csv
2,f9c9068fca82,2025-10-15T11:50:20.275480,grail,singing,33,True,c060a1e70889,4.792241999894031,latency-f9c9068fca82.csv
2,f9c9068fca82,2025-10-15T11:50:20.385368,shrek3,get,39,True,c060a1e70889,5.355270000109158,latency-f9c9068fca82.csv
2,f9c9068fca82,2025-10-15T11:50:20.495624,shrek,true,20,True,c060a1e70889,5.039742000008118,latency-f9c9068fca82.csv
2,f9c9068fca82,2025-10-15T11:50:20.605843,grail,Jones,7,True,c060a1e70889,4.454593999980716,latency-f9c9068fca82.csv
2,f9c9068fca82,2025-10-15T11:50:20.715170,shrek3,the,1285,True,c060a1e70889,4.445586999736406,latency-f9c9068fca82.csv
2,f9c9068fca82,2025-10-15T11:50:20.824552,shrek,I,386,True,c060a1e70889,4.4950780002182,latency-f9c9068fca82.csv
2,f9c9068fca82,2025-10-15T11:50:20.933514,grail,us,32,True,c060a1e70889,4.684586999701423,latency-f9c9068fca82.csv
2,f9c9068fca82,2025-10-15T11:50:21.042730,shrek,What,104,True,c060a1e70889,4.615942999862455,latency-f9c9068fca82.csv
2,f9c9068fca82,2025-10-15T11:50:21.152312,grail,lost,6,True,c060a1e70889,4.765327999848523,latency-f9c9068fca82.csv
2,f9c9068fca82,2025-10-15T11:50:21.261678,grail,Cleese,10,True,c060a1e70889,4.154579999976704,latency-f9c9068fca82.csv
