pass,client_id,t_start_utc,file,keyword,count,from_cache,server,latency_ms,source_file
1,02b2af561f74,2025-10-15T11:41:40.516280,shrek,after,10,True,9666b1e279ac,10.828959999798826,latency-02b2af561f74.csv
1,02b2af561f74,2025-10-15T11:41:40.636225,shrek,Is,132,True,5f108ddc428c,11.14156899984664,latency-02b2af561f74.csv
1,02b2af561f74,2025-10-15T11:41:40.763498,grail,Ecky-Ecky-Ecky,1,True,22aa058432c1,7.880557000135013,latency-02b2af561f74.csv
1,02b2af561f74,2025-10-15T11:41:40.878804,shrek3,WHITE,45,True,9666b1e279ac,10.209665999809658,latency-02b2af561f74.csv
1,02b2af561f74,2025-10-15T11:41:41.000694,shrek3,flaming,2,True,9666b1e279ac,13.113151999732509,latency-02b2af561f74.csv
1,02b2af561f74,2025-10-15T11:41:41.129169,grail,LANCELOT,59,True,9666b1e279ac,12.955159999819443,latency-02b2af561f74.csv
1,02b2af561f74,2025-10-15T11:41:41.252992,grail,time,33,True,9666b1e279ac,13.925924000432133,latency-02b2af561f74.csv
1,02b2af561f74,2025-10-15T11:41:41.390453,shrek,and,318,True,22aa058432c1,9.116207000261056,latency-02b2af561f74.csv
1,02b2af561f74,2025-10-15T11:41:41.507836,grail,witch,30,True,22aa058432c1,5.42988699999114,latency-02b2af561f74.csv
1,02b2af561f74,2025-10-15T11:41:41.618631,grail,them,41,True,22aa058432c1,5.968811000002461,latency-02b2af561f74.csv
1,02b2af561f74,2025-10-15T11:41:41.730261,grail,from,94,True,22aa058432c1,5.458758000258968,latency-02b2af561f74.csv
1,02b2af561f74,2025-10-15T11:41:41.840889,shrek,token,1,True,22aa058432c1,8.315495000260853,latency-02b2af561f74.csv
1,02b2af561f74,2025-10-15T11:41:41.965235,grail,from,94,True,9666b1e279ac,5.980748000183667,latency-02b2af561f74.csv
1,02b2af561f74,2025-10-15T11:41:42.077533,grail,a,666,True,22aa058432c1,24.290966999615197,latency-02b2af561f74.csv
1,02b2af561f74,2025-10-15T11:41:42.210321,grail,Get,47,True,22aa058432c1,5.062447000000248,latency-02b2af561f74.csv
1,02b2af561f74,2025-10-15T11:41:42.321663,shrek3,cosmic,1,True,22aa058432c1,6.721528999605653,latency-02b2af561f74.csv
1,02b2af561f74,2025-10-15T11:41:42.435026,shrek3,SNOW,49,True,22aa058432c1,5.909024000175123,latency-02b2af561f74.csv
1,02b2af561f74,2025-10-15T11:41:42.546649,shrek3,wont,0,True,22aa058432c1,6.086458000027051,latency-02b2af561f74.csv
1,02b2af561f74,2025-10-15T11:41:42.658367,shrek3,cues,3,True,22aa058432c1,7.175656999606872,latency-02b2af561f74.csv
1,02b2af561f74,2025-10-15T11:41:42.771723,shrek,What,104,True,22aa058432c1,4.088121999757277,latency-02b2af561f74.csv
2,02b2af561f74,2025-10-15T11:41:42.881960,shrek,after,10,True,22aa058432c1,4.496936000123242,latency-02b2af561f74.csv
2,02b2af561f74,2025-10-15T11:41:42.994381,shrek,Is,132,True,22aa058432c1,5.36925300002622,latency-02b2af561f74.csv
2,02b2af561f74,2025-10-15T11:41:43.106132,grail,Ecky-Ecky-Ecky,1,True,22aa058432c1,5.081894999875658,latency-02b2af561f74.csv
2,02b2af561f74,2025-10-15T11:41:43.217092,shrek3,WHITE,45,True,22aa058432c1,6.877626999994391,latency-02b2af561f74.csv
2,02b2af561f74,2025-10-15T11:41:43.331080,shrek3,flaming,2,True,22aa058432c1,5.759312999998656,latency-02b2af561f74.csv
2,02b2af561f74,2025-10-15T11:41:43.442145,grail,LANCELOT,59,True,9666b1e279ac,6.276397999954497,latency-02b2af561f74.csv
2,02b2af561f74,2025-10-15T11:41:43.555751,grail,time,33,True,22aa058432c1,5.489527999998245,latency-02b2af561f74.csv
2,02b2af561f74,2025-10-15T11:41:43.669286,shrek,and,318,True,22aa058432c1,6.4505319996897015,latency-02b2af561f74.csv
2,02b2af561f74,2025-10-15T11:41:43.782894,grail,witch,30,True,22aa058432c1,7.423474000006536,latency-02b2af561f74.csv
2,02b2af561f74,2025-10-15T11:41:43.900670,grail,them,41,True,22aa058432c1,7.895180999639706,latency-02b2af561f74.csv
2,02b2af561f74,2025-10-15T11:41:44.016151,grail,from,94,True,22aa058432c1,8.997870999792212,latency-02b2af561f74.csv
2,02b2af561f74,2025-10-15T11:41:44.132150,shrek,token,1,True,22aa058432c1,10.34946099980516,latency-02b2af561f74.csv
2,02b2af561f74,2025-10-15T11:41:44.251889,grail,from,94,True,9666b1e279ac,9.794615999908274,latency-02b2af561f74.csv
2,02b2af561f74,2025-10-15T11:41:44.371580,grail,a,666,True,22aa058432c1,7.5594139998429455,latency-02b2af561f74.csv
2,02b2af561f74,2025-10-15T11:41:44.488291,grail,Get,47,True,22aa058432c1,8.655425000142714,latency-02b2af561f74.csv
2,02b2af561f74,2025-10-15T11:41:44.605090,shrek3,cosmic,1,True,22aa058432c1,10.49875000035172,latency-02b2af561f74.csv
2,02b2af561f74,2025-10-15T11:41:44.724322,shrek3,SNOW,49,True,9666b1e279ac,4.323814999679598,latency-02b2af561f74.csv
2,02b2af561f74,2025-10-15T11:41:44.835852,shrek3,wont,0,True,22aa058432c1,8.051238999996713,latency-02b2af561f74.csv
2,02b2af561f74,2025-10-15T11:41:44.951277,shrek3,cues,3,True,22aa058432c1,9.359113999835245,latency-02b2af561f74.csv
2,02b2af561f74,2025-10-15T11:41:45.070877,shrek,What,104,True,22aa058432c1,9.941266999703656,latency-02b2af561f74.csv
1,035b34b6e439,2025-10-15T11:41:38.872368,shrek,your,49,True,9666b1e279ac,7.561305999843171,latency-035b34b6e439.csv
1,035b34b6e439,2025-10-15T11:41:38.990014,shrek3,the,1285,True,22aa058432c1,4.831415999888122,latency-035b34b6e439.csv
1,035b34b6e439,2025-10-15T11:41:39.101486,shrek3,JOCKS,2,True,22aa058432c1,7.217372000013711,latency-035b34b6e439.csv
1,035b34b6e439,2025-10-15T11:41:39.216766,grail,is,317,True,22aa058432c1,6.74451599979875,latency-035b34b6e439.csv
1,035b34b6e439,2025-10-15T11:41:39.330443,shrek,DONKEY,320,True,22aa058432c1,6.890871999985393,latency-035b34b6e439.csv
1,035b34b6e439,2025-10-15T11:41:39.442582,shrek3,time,23,True,22aa058432c1,8.935090999784734,latency-035b34b6e439.csv
1,035b34b6e439,2025-10-15T11:41:39.557922,shrek,afraid,8,True,22aa058432c1,5.946328999925754,latency-035b34b6e439.csv
1,035b34b6e439,2025-10-15T11:41:39.670478,shrek,token,1,True,22aa058432c1,10.587035000298783,latency-035b34b6e439.csv
1,035b34b6e439,2025-10-15T11:41:39.789645,grail,pause,10,True,9666b1e279ac,10.583859000234952,latency-035b34b6e439.csv
1,035b34b6e439,2025-10-15T11:41:39.911489,grail,(as,0,True,22aa058432c1,7.818445999873802,latency-035b34b6e439.csv
1,035b34b6e439,2025-10-15T11:41:40.025683,grail,a,666,True,9666b1e279ac,6.723666000198136,latency-035b34b6e439.csv
1,035b34b6e439,2025-10-15T11:41:40.138091,shrek3,body),0,True,9666b1e279ac,8.185935000255995,latency-035b34b6e439.csv
1,035b34b6e439,2025-10-15T11:41:40.252160,grail,(as,0,True,9666b1e279ac,7.450745999904029,latency-035b34b6e439.csv
1,035b34b6e439,2025-10-15T11:41:40.365364,shrek3,us,12,True,22aa058432c1,7.215102000373008,latency-035b34b6e439.csv
1,035b34b6e439,2025-10-15T11:41:40.479383,shrek,No,114,True,22aa058432c1,7.08476400041036,latency-035b34b6e439.csv
1,035b34b6e439,2025-10-15T11:41:40.592905,shrek3,its,1,True,22aa058432c1,7.199411999863514,latency-035b34b6e439.csv
1,035b34b6e439,2025-10-15T11:41:40.706383,shrek3,"meet""",0,True,22aa058432c1,6.792018999931315,latency-035b34b6e439.csv
1,035b34b6e439,2025-10-15T11:41:40.819805,shrek3,get,39,True,22aa058432c1,4.602235999755067,latency-035b34b6e439.csv
1,035b34b6e439,2025-10-15T11:41:40.930230,shrek3,flaming,2,True,22aa058432c1,5.695807999927638,latency-035b34b6e439.csv
1,035b34b6e439,2025-10-15T11:41:41.041534,grail,thus,5,True,22aa058432c1,10.341801999857124,latency-035b34b6e439.csv
2,035b34b6e439,2025-10-15T11:41:41.158526,shrek,your,49,True,9666b1e279ac,9.41485500015915,latency-035b34b6e439.csv
2,035b34b6e439,2025-10-15T11:41:41.276045,shrek3,the,1285,True,22aa058432c1,19.62039299996832,latency-035b34b6e439.csv
2,035b34b6e439,2025-10-15T11:41:41.409915,shrek3,JOCKS,2,True,22aa058432c1,12.994224000067334,latency-035b34b6e439.csv
2,035b34b6e439,2025-10-15T11:41:41.533791,grail,is,317,True,9666b1e279ac,9.738431999721795,latency-035b34b6e439.csv
2,035b34b6e439,2025-10-15T11:41:41.651152,shrek,DONKEY,320,True,9666b1e279ac,9.754467999755434,latency-035b34b6e439.csv
2,035b34b6e439,2025-10-15T11:41:41.767573,shrek3,time,23,True,22aa058432c1,7.208996999906958,latency-035b34b6e439.csv
2,035b34b6e439,2025-10-15T11:41:41.883031,shrek,afraid,8,True,22aa058432c1,8.115906000057294,latency-035b34b6e439.csv
2,035b34b6e439,2025-10-15T11:41:42.000838,shrek,token,1,True,22aa058432c1,6.273051000334817,latency-035b34b6e439.csv
2,035b34b6e439,2025-10-15T11:41:42.114699,grail,pause,10,True,22aa058432c1,9.521871000288227,latency-035b34b6e439.csv
2,035b34b6e439,2025-10-15T11:41:42.233372,grail,(as,0,True,22aa058432c1,5.671501000051649,latency-035b34b6e439.csv
2,035b34b6e439,2025-10-15T11:41:42.346715,grail,a,666,True,22aa058432c1,8.010156000182178,latency-035b34b6e439.csv
2,035b34b6e439,2025-10-15T11:41:42.461359,shrek3,body),0,True,22aa058432c1,5.912023999826488,latency-035b34b6e439.csv
2,035b34b6e439,2025-10-15T11:41:42.572776,grail,(as,0,True,22aa058432c1,5.489146999934746,latency-035b34b6e439.csv
2,035b34b6e439,2025-10-15T11:41:42.683732,shrek3,us,12,True,9666b1e279ac,9.92200899963791,latency-035b34b6e439.csv
2,035b34b6e439,2025-10-15T11:41:42.800884,shrek,No,114,True,9666b1e279ac,5.316862000199762,latency-035b34b6e439.csv
2,035b34b6e439,2025-10-15T11:41:42.911688,shrek3,its,1,True,9666b1e279ac,7.433314000081737,latency-035b34b6e439.csv
2,035b34b6e439,2025-10-15T11:41:43.025189,shrek3,"meet""",0,True,9666b1e279ac,5.672462999882555,latency-035b34b6e439.csv
2,035b34b6e439,2025-10-15T11:41:43.137658,shrek3,get,39,True,9666b1e279ac,4.342446000009659,latency-035b34b6e439.csv
2,035b34b6e439,2025-10-15T11:41:43.248127,shrek3,flaming,2,True,22aa058432c1,7.396917999813013,latency-035b34b6e439.csv
2,035b34b6e439,2025-10-15T11:41:43.361586,grail,thus,5,True,9666b1e279ac,4.309957999794278,latency-035b34b6e439.csv
1,06e90cf1984f,2025-10-15T11:41:35.163043,shrek3,the,1285,True,22aa058432c1,7.102482999925996,latency-06e90cf1984f.csv
1,06e90cf1984f,2025-10-15T11:41:35.275732,shrek3,Artie,213,True,22aa058432c1,5.685332000211929,latency-06e90cf1984f.csv
1,06e90cf1984f,2025-10-15T11:41:35.387711,grail,BEDEVERE,103,False,22aa058432c1,15.527647999988403,latency-06e90cf1984f.csv
1,06e90cf1984f,2025-10-15T11:41:35.509630,shrek3,you,328,True,9666b1e279ac,6.309060000148747,latency-06e90cf1984f.csv
1,06e90cf1984f,2025-10-15T11:41:35.623311,shrek3,WOLF,7,True,5f108ddc428c,21.07061899960172,latency-06e90cf1984f.csv
1,06e90cf1984f,2025-10-15T11:41:35.753930,grail,right,66,True,9666b1e279ac,16.181875999791373,latency-06e90cf1984f.csv
1,06e90cf1984f,2025-10-15T11:41:35.887584,shrek3,body),0,True,22aa058432c1,11.084637999829283,latency-06e90cf1984f.csv
1,06e90cf1984f,2025-10-15T11:41:36.012267,shrek3,CHARMING,232,True,22aa058432c1,7.652892999885807,latency-06e90cf1984f.csv
1,06e90cf1984f,2025-10-15T11:41:36.127925,shrek,looks,37,False,9666b1e279ac,14.945049999823825,latency-06e90cf1984f.csv
1,06e90cf1984f,2025-10-15T11:41:36.251294,shrek,FARQUAAD,84,True,9666b1e279ac,18.59487299998364,latency-06e90cf1984f.csv
1,06e90cf1984f,2025-10-15T11:41:36.381498,shrek,its,1,True,22aa058432c1,8.946459000071627,latency-06e90cf1984f.csv
1,06e90cf1984f,2025-10-15T11:41:36.498601,shrek,you,409,True,22aa058432c1,11.345997000262289,latency-06e90cf1984f.csv
1,06e90cf1984f,2025-10-15T11:41:36.623187,grail,Tm,5,False,22aa058432c1,25.53134300023885,latency-06e90cf1984f.csv
1,06e90cf1984f,2025-10-15T11:41:36.758139,grail,the,1600,True,22aa058432c1,10.859128999982204,latency-06e90cf1984f.csv
1,06e90cf1984f,2025-10-15T11:41:36.879319,shrek,he,118,True,9666b1e279ac,11.203389000002062,latency-06e90cf1984f.csv
1,06e90cf1984f,2025-10-15T11:41:37.000605,shrek,Is,132,True,9666b1e279ac,9.790461000193318,latency-06e90cf1984f.csv
1,06e90cf1984f,2025-10-15T11:41:37.118645,shrek3,and,576,True,22aa058432c1,5.246066999916366,latency-06e90cf1984f.csv
1,06e90cf1984f,2025-10-15T11:41:37.229515,shrek,DONKEY,320,True,9666b1e279ac,4.923636000057741,latency-06e90cf1984f.csv
1,06e90cf1984f,2025-10-15T11:41:37.341034,grail,rows,1,True,9666b1e279ac,5.733371000133047,latency-06e90cf1984f.csv
1,06e90cf1984f,2025-10-15T11:41:37.453358,shrek,Is,132,True,9666b1e279ac,6.347766000089905,latency-06e90cf1984f.csv
2,06e90cf1984f,2025-10-15T11:41:37.565812,shrek3,the,1285,True,22aa058432c1,4.67627399984849,latency-06e90cf1984f.csv
2,06e90cf1984f,2025-10-15T11:41:37.675292,shrek3,Artie,213,True,22aa058432c1,4.628400999990845,latency-06e90cf1984f.csv
2,06e90cf1984f,2025-10-15T11:41:37.784341,grail,BEDEVERE,103,True,22aa058432c1,6.796517000111635,latency-06e90cf1984f.csv
2,06e90cf1984f,2025-10-15T11:41:37.897438,shrek3,you,328,True,9666b1e279ac,9.297948000039469,latency-06e90cf1984f.csv
2,06e90cf1984f,2025-10-15T11:41:38.015995,shrek3,WOLF,7,True,9666b1e279ac,7.44600600000922,latency-06e90cf1984f.csv
2,06e90cf1984f,2025-10-15T11:41:38.130450,grail,right,66,True,9666b1e279ac,5.866262999916216,latency-06e90cf1984f.csv
2,06e90cf1984f,2025-10-15T11:41:38.243059,shrek3,body),0,True,9666b1e279ac,10.2968599999258,latency-06e90cf1984f.csv
2,06e90cf1984f,2025-10-15T11:41:38.362251,shrek3,CHARMING,232,True,9666b1e279ac,8.3685049999076,latency-06e90cf1984f.csv
2,06e90cf1984f,2025-10-15T11:41:38.483679,shrek,looks,37,True,22aa058432c1,12.6429880001524,latency-06e90cf1984f.csv
2,06e90cf1984f,2025-10-15T11:41:38.612668,shrek,FARQUAAD,84,True,5f108ddc428c,10.86281500010955,latency-06e90cf1984f.csv
2,06e90cf1984f,2025-10-15T11:41:38.742650,shrek,its,1,True,22aa058432c1,6.480469000052835,latency-06e90cf1984f.csv
2,06e90cf1984f,2025-10-15T11:41:38.855634,shrek,you,409,True,22aa058432c1,4.885505999936868,latency-06e90cf1984f.csv
2,06e90cf1984f,2025-10-15T11:41:38.965805,grail,Tm,5,True,22aa058432c1,4.833931000121083,latency-06e90cf1984f.csv
2,06e90cf1984f,2025-10-15T11:41:39.076583,grail,the,1600,True,22aa058432c1,6.112457000199356,latency-06e90cf1984f.csv
2,06e90cf1984f,2025-10-15T11:41:39.190510,shrek,he,118,True,22aa058432c1,4.457156999706058,latency-06e90cf1984f.csv
2,06e90cf1984f,2025-10-15T11:41:39.300493,shrek,Is,132,True,22aa058432c1,7.80169300014677,latency-06e90cf1984f.csv
2,06e90cf1984f,2025-10-15T11:41:39.415209,shrek3,and,576,True,22aa058432c1,7.545683999978792,latency-06e90cf1984f.csv
2,06e90cf1984f,2025-10-15T11:41:39.531279,shrek,DONKEY,320,True,22aa058432c1,5.986345999644982,latency-06e90cf1984f.csv
2,06e90cf1984f,2025-10-15T11:41:39.641992,grail,rows,1,True,9666b1e279ac,6.628914999964763,latency-06e90cf1984f.csv
2,06e90cf1984f,2025-10-15T11:41:39.755669,shrek,Is,132,True,22aa058432c1,5.060843000137538,latency-06e90cf1984f.csv
1,159bfcaac8c4,2025-10-15T11:41:35.592417,shrek3,fall,6,True,9666b1e279ac,14.255403999868577,latency-159bfcaac8c4.csv
1,159bfcaac8c4,2025-10-15T11:41:35.730002,grail,Get,47,True,5f108ddc428c,16.642587000205822,latency-159bfcaac8c4.csv
1,159bfcaac8c4,2025-10-15T11:41:35.869288,shrek3,Shrek,678,True,9666b1e279ac,12.502995999966515,latency-159bfcaac8c4.csv
1,159bfcaac8c4,2025-10-15T11:41:35.995097,shrek3,CHARMING,232,True,22aa058432c1,7.557728999927349,latency-159bfcaac8c4.csv
1,159bfcaac8c4,2025-10-15T11:41:36.112591,shrek3,PUSS,196,True,22aa058432c1,11.62191299999904,latency-159bfcaac8c4.csv
1,159bfcaac8c4,2025-10-15T11:41:36.234864,shrek,to,268,True,22aa058432c1,11.730533999980253,latency-159bfcaac8c4.csv
1,159bfcaac8c4,2025-10-15T11:41:36.361899,shrek,whistles,2,False,9666b1e279ac,13.164627999685765,latency-159bfcaac8c4.csv
1,159bfcaac8c4,2025-10-15T11:41:36.481887,shrek3,SCHOOL,14,True,9666b1e279ac,9.7678970000743,latency-159bfcaac8c4.csv
1,159bfcaac8c4,2025-10-15T11:41:36.598957,shrek3,Uh,18,False,22aa058432c1,13.230745999862847,latency-159bfcaac8c4.csv
1,159bfcaac8c4,2025-10-15T11:41:36.717913,shrek,whole,10,False,22aa058432c1,13.47272700013491,latency-159bfcaac8c4.csv
1,159bfcaac8c4,2025-10-15T11:41:36.838115,grail,"Oh,",2,True,22aa058432c1,7.345756000177062,latency-159bfcaac8c4.csv
1,159bfcaac8c4,2025-10-15T11:41:36.951433,shrek3,CAPTAIN,41,True,22aa058432c1,6.326063999949838,latency-159bfcaac8c4.csv
1,159bfcaac8c4,2025-10-15T11:41:37.063385,grail,a,666,True,22aa058432c1,6.251888999941002,latency-159bfcaac8c4.csv
1,159bfcaac8c4,2025-10-15T11:41:37.178209,shrek,one,44,True,22aa058432c1,13.806251000005432,latency-159bfcaac8c4.csv
1,159bfcaac8c4,2025-10-15T11:41:37.298038,shrek3,WHITE,45,True,22aa058432c1,4.37626100028865,latency-159bfcaac8c4.csv
1,159bfcaac8c4,2025-10-15T11:41:37.407848,shrek,FIONA,211,True,22aa058432c1,7.260985999892,latency-159bfcaac8c4.csv
1,159bfcaac8c4,2025-10-15T11:41:37.521438,grail,witch,30,False,22aa058432c1,12.024817000110488,latency-159bfcaac8c4.csv
1,159bfcaac8c4,2025-10-15T11:41:37.638909,grail,"collective,",0,True,22aa058432c1,4.511894999723154,latency-159bfcaac8c4.csv
1,159bfcaac8c4,2025-10-15T11:41:37.748794,shrek,"Well,",0,False,22aa058432c1,11.255479999817908,latency-159bfcaac8c4.csv
1,159bfcaac8c4,2025-10-15T11:41:37.866630,shrek3,at,134,True,9666b1e279ac,17.06809000006615,latency-159bfcaac8c4.csv
2,159bfcaac8c4,2025-10-15T11:41:37.994549,shrek3,fall,6,True,22aa058432c1,6.006321000313619,latency-159bfcaac8c4.csv
2,159bfcaac8c4,2025-10-15T11:41:38.106031,grail,Get,47,True,22aa058432c1,6.242229999770643,latency-159bfcaac8c4.csv
2,159bfcaac8c4,2025-10-15T11:41:38.218009,shrek3,Shrek,678,True,9666b1e279ac,7.687109999551467,latency-159bfcaac8c4.csv
2,159bfcaac8c4,2025-10-15T11:41:38.332580,shrek3,CHARMING,232,True,22aa058432c1,6.051089000266074,latency-159bfcaac8c4.csv
2,159bfcaac8c4,2025-10-15T11:41:38.444363,shrek3,PUSS,196,True,22aa058432c1,11.653293000108532,latency-159bfcaac8c4.csv
2,159bfcaac8c4,2025-10-15T11:41:38.561012,shrek,to,268,True,22aa058432c1,5.9090910003760655,latency-159bfcaac8c4.csv
2,159bfcaac8c4,2025-10-15T11:41:38.672276,shrek,whistles,2,True,22aa058432c1,8.451221000086662,latency-159bfcaac8c4.csv
2,159bfcaac8c4,2025-10-15T11:41:38.788870,shrek3,SCHOOL,14,True,22aa058432c1,5.223478000061732,latency-159bfcaac8c4.csv
2,159bfcaac8c4,2025-10-15T11:41:38.899800,shrek3,Uh,18,True,22aa058432c1,6.500707000213879,latency-159bfcaac8c4.csv
2,159bfcaac8c4,2025-10-15T11:41:39.011538,shrek,whole,10,True,22aa058432c1,8.782325000083802,latency-159bfcaac8c4.csv
2,159bfcaac8c4,2025-10-15T11:41:39.126651,grail,"Oh,",2,True,22aa058432c1,6.37782400008291,latency-159bfcaac8c4.csv
2,159bfcaac8c4,2025-10-15T11:41:39.239257,shrek3,CAPTAIN,41,True,22aa058432c1,12.49534099997618,latency-159bfcaac8c4.csv
2,159bfcaac8c4,2025-10-15T11:41:39.358958,grail,a,666,True,22aa058432c1,6.959529999676306,latency-159bfcaac8c4.csv
2,159bfcaac8c4,2025-10-15T11:41:39.472224,shrek,one,44,True,22aa058432c1,7.583834999877581,latency-159bfcaac8c4.csv
2,159bfcaac8c4,2025-10-15T11:41:39.585873,shrek3,WHITE,45,True,22aa058432c1,6.102808000377991,latency-159bfcaac8c4.csv
2,159bfcaac8c4,2025-10-15T11:41:39.696855,shrek,FIONA,211,True,22aa058432c1,5.307862999870849,latency-159bfcaac8c4.csv
2,159bfcaac8c4,2025-10-15T11:41:39.808163,grail,witch,30,True,5f108ddc428c,10.338517000036518,latency-159bfcaac8c4.csv
2,159bfcaac8c4,2025-10-15T11:41:39.926442,grail,"collective,",0,True,22aa058432c1,9.888455000236718,latency-159bfcaac8c4.csv
2,159bfcaac8c4,2025-10-15T11:41:40.043716,shrek,"Well,",0,True,22aa058432c1,5.861159000232874,latency-159bfcaac8c4.csv
2,159bfcaac8c4,2025-10-15T11:41:40.155138,shrek3,at,134,True,22aa058432c1,6.567563000317023,latency-159bfcaac8c4.csv
1,1932930e2d20,2025-10-15T11:41:33.130499,shrek,"Ha,",0,False,22aa058432c1,12.209775999963313,latency-1932930e2d20.csv
1,1932930e2d20,2025-10-15T11:41:33.249849,grail,3,18,True,22aa058432c1,5.09853599987764,latency-1932930e2d20.csv
1,1932930e2d20,2025-10-15T11:41:33.360857,grail,“I,0,True,22aa058432c1,6.3213899998118,latency-1932930e2d20.csv
1,1932930e2d20,2025-10-15T11:41:33.472555,shrek3,PUSS,196,True,22aa058432c1,8.537569000054646,latency-1932930e2d20.csv
1,1932930e2d20,2025-10-15T11:41:33.587925,grail,the,1600,True,22aa058432c1,5.607746999885421,latency-1932930e2d20.csv
1,1932930e2d20,2025-10-15T11:41:33.699104,shrek3,CAPTAIN,41,True,22aa058432c1,5.965181000192388,latency-1932930e2d20.csv
1,1932930e2d20,2025-10-15T11:41:33.811179,shrek3,Arg,1,True,22aa058432c1,6.442655999762792,latency-1932930e2d20.csv
1,1932930e2d20,2025-10-15T11:41:33.924182,shrek3,CHARMING,232,True,22aa058432c1,7.907509000233404,latency-1932930e2d20.csv
1,1932930e2d20,2025-10-15T11:41:34.041645,shrek,on,88,True,5f108ddc428c,5.5020459999468585,latency-1932930e2d20.csv
1,1932930e2d20,2025-10-15T11:41:34.153540,shrek3,Donkey,243,True,5f108ddc428c,6.4422100003866944,latency-1932930e2d20.csv
1,1932930e2d20,2025-10-15T11:41:34.265574,grail,Cleveland,3,True,22aa058432c1,6.689759999972011,latency-1932930e2d20.csv
1,1932930e2d20,2025-10-15T11:41:34.381956,shrek,true,20,False,9666b1e279ac,11.411895000037475,latency-1932930e2d20.csv
1,1932930e2d20,2025-10-15T11:41:34.499998,shrek3,glass,9,True,9666b1e279ac,7.74567799999204,latency-1932930e2d20.csv
1,1932930e2d20,2025-10-15T11:41:34.614950,shrek3,-,110,True,9666b1e279ac,8.309033999921667,latency-1932930e2d20.csv
1,1932930e2d20,2025-10-15T11:41:34.732124,grail,ANOTHER,25,True,9666b1e279ac,7.413778999762144,latency-1932930e2d20.csv
1,1932930e2d20,2025-10-15T11:41:34.846056,shrek,you,409,True,22aa058432c1,8.547472999907768,latency-1932930e2d20.csv
1,1932930e2d20,2025-10-15T11:41:34.961022,shrek3,him,87,True,22aa058432c1,7.24728499972116,latency-1932930e2d20.csv
1,1932930e2d20,2025-10-15T11:41:35.075160,shrek3,true,1,False,22aa058432c1,16.015340999729233,latency-1932930e2d20.csv
1,1932930e2d20,2025-10-15T11:41:35.197481,shrek3,the,1285,True,22aa058432c1,5.986100999962218,latency-1932930e2d20.csv
1,1932930e2d20,2025-10-15T11:41:35.308882,shrek,GUARD,25,True,22aa058432c1,9.04242600017824,latency-1932930e2d20.csv
2,1932930e2d20,2025-10-15T11:41:35.425779,shrek,"Ha,",0,True,22aa058432c1,6.783166999866808,latency-1932930e2d20.csv
2,1932930e2d20,2025-10-15T11:41:35.539583,grail,3,18,True,22aa058432c1,9.476850000282866,latency-1932930e2d20.csv
2,1932930e2d20,2025-10-15T11:41:35.658963,grail,“I,0,True,22aa058432c1,7.003947000157496,latency-1932930e2d20.csv
2,1932930e2d20,2025-10-15T11:41:35.779907,shrek3,PUSS,196,True,22aa058432c1,19.60771299991393,latency-1932930e2d20.csv
2,1932930e2d20,2025-10-15T11:41:35.908034,grail,the,1600,True,9666b1e279ac,7.901125999978831,latency-1932930e2d20.csv
2,1932930e2d20,2025-10-15T11:41:36.023461,shrek3,CAPTAIN,41,True,5f108ddc428c,6.3966349998736405,latency-1932930e2d20.csv
2,1932930e2d20,2025-10-15T11:41:36.136610,shrek3,Arg,1,True,22aa058432c1,5.592665999756719,latency-1932930e2d20.csv
2,1932930e2d20,2025-10-15T11:41:36.250673,shrek3,CHARMING,232,True,9666b1e279ac,17.492399999810004,latency-1932930e2d20.csv
2,1932930e2d20,2025-10-15T11:41:36.380442,shrek,on,88,True,22aa058432c1,9.902614000111498,latency-1932930e2d20.csv
2,1932930e2d20,2025-10-15T11:41:36.498408,shrek3,Donkey,243,True,22aa058432c1,13.01832800027114,latency-1932930e2d20.csv
2,1932930e2d20,2025-10-15T11:41:36.623709,grail,Cleveland,3,True,22aa058432c1,23.07771200003117,latency-1932930e2d20.csv
2,1932930e2d20,2025-10-15T11:41:36.761338,shrek,true,20,True,5f108ddc428c,10.31475399986448,latency-1932930e2d20.csv
2,1932930e2d20,2025-10-15T11:41:36.882138,shrek3,glass,9,True,5f108ddc428c,11.153125999953772,latency-1932930e2d20.csv
2,1932930e2d20,2025-10-15T11:41:37.002462,shrek3,-,110,True,5f108ddc428c,10.846160000255622,latency-1932930e2d20.csv
2,1932930e2d20,2025-10-15T11:41:37.123783,grail,ANOTHER,25,True,9666b1e279ac,5.609413999991375,latency-1932930e2d20.csv
2,1932930e2d20,2025-10-15T11:41:37.238382,shrek,you,409,True,22aa058432c1,5.792985999960365,latency-1932930e2d20.csv
2,1932930e2d20,2025-10-15T11:41:37.351274,shrek3,him,87,True,22aa058432c1,6.604525000057038,latency-1932930e2d20.csv
2,1932930e2d20,2025-10-15T11:41:37.464164,shrek3,true,1,True,22aa058432c1,6.773723000151222,latency-1932930e2d20.csv
2,1932930e2d20,2025-10-15T11:41:37.576501,shrek3,the,1285,True,22aa058432c1,5.261552999854757,latency-1932930e2d20.csv
2,1932930e2d20,2025-10-15T11:41:37.686905,shrek,GUARD,25,True,22aa058432c1,6.738544000199909,latency-1932930e2d20.csv
1,196523d56520,2025-10-15T11:41:42.047666,grail,thus,5,True,22aa058432c1,8.48175800001627,latency-196523d56520.csv
1,196523d56520,2025-10-15T11:41:42.162802,shrek,(standing,0,True,22aa058432c1,5.276668000078644,latency-196523d56520.csv
1,196523d56520,2025-10-15T11:41:42.273420,grail,pretty,7,True,22aa058432c1,7.085662000008597,latency-196523d56520.csv
1,196523d56520,2025-10-15T11:41:42.387093,shrek,gone,3,True,22aa058432c1,7.946000000174536,latency-196523d56520.csv
1,196523d56520,2025-10-15T11:41:42.501611,shrek3,Shrek,678,True,22aa058432c1,6.11294899999848,latency-196523d56520.csv
1,196523d56520,2025-10-15T11:41:42.613308,shrek3,the,1285,True,22aa058432c1,8.544013000118866,latency-196523d56520.csv
1,196523d56520,2025-10-15T11:41:42.728669,grail,pathetic,4,True,9666b1e279ac,9.117368999795872,latency-196523d56520.csv
1,196523d56520,2025-10-15T11:41:42.844327,grail,the,1600,True,5f108ddc428c,8.591320000050473,latency-196523d56520.csv
1,196523d56520,2025-10-15T11:41:42.958503,shrek3,and,576,True,5f108ddc428c,10.141836000002511,latency-196523d56520.csv
1,196523d56520,2025-10-15T11:41:43.077671,shrek3,DONKEY,243,True,9666b1e279ac,11.105189999852882,latency-196523d56520.csv
1,196523d56520,2025-10-15T11:41:43.196429,shrek,DONKEY,320,True,22aa058432c1,11.747495999770765,latency-196523d56520.csv
1,196523d56520,2025-10-15T11:41:43.315077,shrek,this,79,True,9666b1e279ac,5.201007000323443,latency-196523d56520.csv
1,196523d56520,2025-10-15T11:41:43.426644,grail,19Prince,0,True,22aa058432c1,10.739484000168886,latency-196523d56520.csv
1,196523d56520,2025-10-15T11:41:43.546429,shrek3,Be,71,False,9666b1e279ac,13.181704000089669,latency-196523d56520.csv
1,196523d56520,2025-10-15T11:41:43.667337,grail,3,18,True,22aa058432c1,8.152202000019315,latency-196523d56520.csv
1,196523d56520,2025-10-15T11:41:43.782598,shrek,INSIDE,16,True,22aa058432c1,7.299181999769644,latency-196523d56520.csv
1,196523d56520,2025-10-15T11:41:43.900468,grail,“I,0,True,22aa058432c1,7.652895999854081,latency-196523d56520.csv
1,196523d56520,2025-10-15T11:41:44.015296,shrek,"Ha,",0,True,22aa058432c1,8.958278999671165,latency-196523d56520.csv
1,196523d56520,2025-10-15T11:41:44.131799,shrek,DONKEY,320,True,22aa058432c1,9.819820999837248,latency-196523d56520.csv
1,196523d56520,2025-10-15T11:41:44.249806,grail,right,66,True,22aa058432c1,11.900616999810154,latency-196523d56520.csv
2,196523d56520,2025-10-15T11:41:44.371573,grail,thus,5,True,22aa058432c1,8.750680000048305,latency-196523d56520.csv
2,196523d56520,2025-10-15T11:41:44.489051,shrek,(standing,0,True,22aa058432c1,7.555490999948233,latency-196523d56520.csv
2,196523d56520,2025-10-15T11:41:44.604402,grail,pretty,7,True,22aa058432c1,8.06036199992377,latency-196523d56520.csv
2,196523d56520,2025-10-15T11:41:44.722109,shrek,gone,3,True,22aa058432c1,6.181644000207598,latency-196523d56520.csv
2,196523d56520,2025-10-15T11:41:44.835650,shrek3,Shrek,678,True,22aa058432c1,8.0117830002564,latency-196523d56520.csv
2,196523d56520,2025-10-15T11:41:44.951180,shrek3,the,1285,True,22aa058432c1,11.06493200040859,latency-196523d56520.csv
2,196523d56520,2025-10-15T11:41:45.072464,grail,pathetic,4,True,22aa058432c1,10.0132129996382,latency-196523d56520.csv
2,196523d56520,2025-10-15T11:41:45.193002,grail,the,1600,True,5f108ddc428c,5.413984999904642,latency-196523d56520.csv
2,196523d56520,2025-10-15T11:41:45.304846,shrek3,and,576,True,9666b1e279ac,4.032166999877518,latency-196523d56520.csv
2,196523d56520,2025-10-15T11:41:45.415834,shrek3,DONKEY,243,True,9666b1e279ac,6.076514000142197,latency-196523d56520.csv
2,196523d56520,2025-10-15T11:41:45.527916,shrek,DONKEY,320,True,22aa058432c1,6.741172000147344,latency-196523d56520.csv
2,196523d56520,2025-10-15T11:41:45.642184,shrek,this,79,True,22aa058432c1,7.280505999915476,latency-196523d56520.csv
2,196523d56520,2025-10-15T11:41:45.758170,grail,19Prince,0,True,22aa058432c1,8.486221000111982,latency-196523d56520.csv
2,196523d56520,2025-10-15T11:41:45.874779,shrek3,Be,71,True,22aa058432c1,5.992645999867818,latency-196523d56520.csv
2,196523d56520,2025-10-15T11:41:45.985790,grail,3,18,True,22aa058432c1,7.970474000103422,latency-196523d56520.csv
2,196523d56520,2025-10-15T11:41:46.100184,shrek,INSIDE,16,True,22aa058432c1,6.859696999981679,latency-196523d56520.csv
2,196523d56520,2025-10-15T11:41:46.212229,grail,“I,0,True,22aa058432c1,5.4070770001999335,latency-196523d56520.csv
2,196523d56520,2025-10-15T11:41:46.322226,shrek,"Ha,",0,True,22aa058432c1,7.240557999921293,latency-196523d56520.csv
2,196523d56520,2025-10-15T11:41:46.435350,shrek,DONKEY,320,True,22aa058432c1,6.646632999945723,latency-196523d56520.csv
2,196523d56520,2025-10-15T11:41:46.547839,grail,right,66,True,22aa058432c1,4.694514999755484,latency-196523d56520.csv
1,1d011d445fae,2025-10-15T11:41:26.356927,shrek,SHREK,433,False,22aa058432c1,9.537356999771871,latency-1d011d445fae.csv
1,1d011d445fae,2025-10-15T11:41:26.471969,grail,music,21,True,9666b1e279ac,5.685140999958094,latency-1d011d445fae.csv
1,1d011d445fae,2025-10-15T11:41:26.583422,shrek,afraid,8,True,9666b1e279ac,5.48493700034669,latency-1d011d445fae.csv
1,1d011d445fae,2025-10-15T11:41:26.694126,shrek3,CAPTAIN,41,True,9666b1e279ac,5.271842000183824,latency-1d011d445fae.csv
1,1d011d445fae,2025-10-15T11:41:26.804711,shrek,cottage,4,False,9666b1e279ac,18.66215799964266,latency-1d011d445fae.csv
1,1d011d445fae,2025-10-15T11:41:26.930591,grail,Eolio,2,False,22aa058432c1,13.226783999925829,latency-1d011d445fae.csv
1,1d011d445fae,2025-10-15T11:41:27.050112,shrek3,Artie,213,True,9666b1e279ac,7.819372000085423,latency-1d011d445fae.csv
1,1d011d445fae,2025-10-15T11:41:27.166760,grail,seek,12,True,5f108ddc428c,28.849104000073567,latency-1d011d445fae.csv
1,1d011d445fae,2025-10-15T11:41:27.326781,shrek,tale,7,False,22aa058432c1,18.669576999855053,latency-1d011d445fae.csv
1,1d011d445fae,2025-10-15T11:41:27.455419,shrek3,Shrek,678,True,9666b1e279ac,28.15012500013836,latency-1d011d445fae.csv
1,1d011d445fae,2025-10-15T11:41:27.604053,grail,a,666,False,9666b1e279ac,15.405856000143103,latency-1d011d445fae.csv
1,1d011d445fae,2025-10-15T11:41:27.728276,shrek3,PRINCE,207,True,22aa058432c1,5.395712999870739,latency-1d011d445fae.csv
1,1d011d445fae,2025-10-15T11:41:27.844081,shrek3,JOCKS,2,True,22aa058432c1,7.88001399996574,latency-1d011d445fae.csv
1,1d011d445fae,2025-10-15T11:41:27.958967,shrek,who,29,True,9666b1e279ac,7.146484000259079,latency-1d011d445fae.csv
1,1d011d445fae,2025-10-15T11:41:28.073257,grail,Ecky-Ecky-Ecky,1,False,22aa058432c1,12.02644299974054,latency-1d011d445fae.csv
1,1d011d445fae,2025-10-15T11:41:28.190370,shrek,you,409,True,22aa058432c1,9.484516000156871,latency-1d011d445fae.csv
1,1d011d445fae,2025-10-15T11:41:28.309240,shrek3,still,18,False,5f108ddc428c,15.549709999959305,latency-1d011d445fae.csv
1,1d011d445fae,2025-10-15T11:41:28.432238,shrek3,Gingerbread,37,True,5f108ddc428c,10.406017000150314,latency-1d011d445fae.csv
1,1d011d445fae,2025-10-15T11:41:28.550626,grail,sell,1,False,9666b1e279ac,15.524925999670812,latency-1d011d445fae.csv
1,1d011d445fae,2025-10-15T11:41:28.676372,shrek,your,49,False,9666b1e279ac,15.574603999993997,latency-1d011d445fae.csv
2,1d011d445fae,2025-10-15T11:41:28.805644,shrek,SHREK,433,True,9666b1e279ac,6.78779999998369,latency-1d011d445fae.csv
2,1d011d445fae,2025-10-15T11:41:28.921072,grail,music,21,True,9666b1e279ac,5.253576000086468,latency-1d011d445fae.csv
2,1d011d445fae,2025-10-15T11:41:29.038766,shrek,afraid,8,True,5f108ddc428c,32.8509569999369,latency-1d011d445fae.csv
2,1d011d445fae,2025-10-15T11:41:29.180575,shrek3,CAPTAIN,41,True,22aa058432c1,4.160609999871667,latency-1d011d445fae.csv
2,1d011d445fae,2025-10-15T11:41:29.289314,shrek,cottage,4,True,9666b1e279ac,5.692791999990732,latency-1d011d445fae.csv
2,1d011d445fae,2025-10-15T11:41:29.398878,grail,Eolio,2,True,9666b1e279ac,5.039214000134962,latency-1d011d445fae.csv
2,1d011d445fae,2025-10-15T11:41:29.508996,shrek3,Artie,213,True,9666b1e279ac,6.536015000165207,latency-1d011d445fae.csv
2,1d011d445fae,2025-10-15T11:41:29.623357,grail,seek,12,True,22aa058432c1,6.875641000078758,latency-1d011d445fae.csv
2,1d011d445fae,2025-10-15T11:41:29.745375,shrek,tale,7,True,5f108ddc428c,14.361929000187956,latency-1d011d445fae.csv
2,1d011d445fae,2025-10-15T11:41:29.871258,shrek3,Shrek,678,True,9666b1e279ac,20.59129400004167,latency-1d011d445fae.csv
2,1d011d445fae,2025-10-15T11:41:30.014568,grail,a,666,True,22aa058432c1,10.242309999739518,latency-1d011d445fae.csv
2,1d011d445fae,2025-10-15T11:41:30.141873,shrek3,PRINCE,207,True,22aa058432c1,7.715615000051912,latency-1d011d445fae.csv
2,1d011d445fae,2025-10-15T11:41:30.258319,shrek3,JOCKS,2,True,22aa058432c1,5.556285999773536,latency-1d011d445fae.csv
2,1d011d445fae,2025-10-15T11:41:30.369043,shrek,who,29,True,22aa058432c1,5.877881000287744,latency-1d011d445fae.csv
2,1d011d445fae,2025-10-15T11:41:30.481030,grail,Ecky-Ecky-Ecky,1,True,22aa058432c1,11.564529000224866,latency-1d011d445fae.csv
2,1d011d445fae,2025-10-15T11:41:30.601813,shrek,you,409,True,5f108ddc428c,9.648274000028325,latency-1d011d445fae.csv
2,1d011d445fae,2025-10-15T11:41:30.717389,shrek3,still,18,True,9666b1e279ac,5.960771999980352,latency-1d011d445fae.csv
2,1d011d445fae,2025-10-15T11:41:30.828689,shrek3,Gingerbread,37,True,9666b1e279ac,6.619874000080017,latency-1d011d445fae.csv
2,1d011d445fae,2025-10-15T11:41:30.940909,grail,sell,1,True,9666b1e279ac,12.258894999831682,latency-1d011d445fae.csv
2,1d011d445fae,2025-10-15T11:41:31.064530,shrek,your,49,True,22aa058432c1,7.021162999990338,latency-1d011d445fae.csv
1,1e4fec112e38,2025-10-15T11:41:27.737445,grail,“I,0,False,9666b1e279ac,27.63446800008751,latency-1e4fec112e38.csv
1,1e4fec112e38,2025-10-15T11:41:27.876490,grail,Eolio,2,True,9666b1e279ac,10.390235999693688,latency-1e4fec112e38.csv
1,1e4fec112e38,2025-10-15T11:41:27.996808,shrek,number,8,False,5f108ddc428c,10.837355000148818,latency-1e4fec112e38.csv
1,1e4fec112e38,2025-10-15T11:41:28.114394,shrek3,fall,6,True,22aa058432c1,6.269953000355599,latency-1e4fec112e38.csv
1,1e4fec112e38,2025-10-15T11:41:28.227148,shrek,I,386,True,22aa058432c1,9.599468000033085,latency-1e4fec112e38.csv
1,1e4fec112e38,2025-10-15T11:41:28.351681,shrek,baby,3,True,22aa058432c1,8.777538999765966,latency-1e4fec112e38.csv
1,1e4fec112e38,2025-10-15T11:41:28.479052,shrek3,SHREK,678,True,22aa058432c1,11.206092999600514,latency-1e4fec112e38.csv
1,1e4fec112e38,2025-10-15T11:41:28.599868,shrek3,PRINCE,207,True,22aa058432c1,16.146230999765976,latency-1e4fec112e38.csv
1,1e4fec112e38,2025-10-15T11:41:28.724959,shrek,to,268,True,22aa058432c1,7.488518000172917,latency-1e4fec112e38.csv
1,1e4fec112e38,2025-10-15T11:41:28.849813,shrek,GORDO,5,False,9666b1e279ac,11.074190999806888,latency-1e4fec112e38.csv
1,1e4fec112e38,2025-10-15T11:41:28.967031,shrek,edge,2,True,5f108ddc428c,5.699920000097336,latency-1e4fec112e38.csv
1,1e4fec112e38,2025-10-15T11:41:29.080436,shrek3,SHOUTING),0,True,5f108ddc428c,12.166206000074451,latency-1e4fec112e38.csv
1,1e4fec112e38,2025-10-15T11:41:29.199215,shrek3,at,134,True,22aa058432c1,6.801115999678586,latency-1e4fec112e38.csv
1,1e4fec112e38,2025-10-15T11:41:29.311039,grail,Michael,11,False,5f108ddc428c,16.099359999770968,latency-1e4fec112e38.csv
1,1e4fec112e38,2025-10-15T11:41:29.432825,shrek3,get,39,True,22aa058432c1,7.009471999936068,latency-1e4fec112e38.csv
1,1e4fec112e38,2025-10-15T11:41:29.547930,shrek3,CHARMING,232,True,9666b1e279ac,9.411361999809742,latency-1e4fec112e38.csv
1,1e4fec112e38,2025-10-15T11:41:29.680096,grail,king,136,True,22aa058432c1,25.409244999991643,latency-1e4fec112e38.csv
1,1e4fec112e38,2025-10-15T11:41:29.850317,shrek,to,268,True,9666b1e279ac,6.678053000086948,latency-1e4fec112e38.csv
1,1e4fec112e38,2025-10-15T11:41:29.965463,shrek,you,409,True,22aa058432c1,7.673834999877727,latency-1e4fec112e38.csv
1,1e4fec112e38,2025-10-15T11:41:30.081475,shrek,ogre,27,False,9666b1e279ac,17.139751999820874,latency-1e4fec112e38.csv
2,1e4fec112e38,2025-10-15T11:41:30.205637,grail,“I,0,True,22aa058432c1,6.988064999859489,latency-1e4fec112e38.csv
2,1e4fec112e38,2025-10-15T11:41:30.319445,grail,Eolio,2,True,22aa058432c1,7.026315000075556,latency-1e4fec112e38.csv
2,1e4fec112e38,2025-10-15T11:41:30.433621,shrek,number,8,True,5f108ddc428c,10.245985999972618,latency-1e4fec112e38.csv
2,1e4fec112e38,2025-10-15T11:41:30.551486,shrek3,fall,6,True,9666b1e279ac,6.879496999772528,latency-1e4fec112e38.csv
2,1e4fec112e38,2025-10-15T11:41:30.668049,shrek,I,386,True,5f108ddc428c,8.466159999898082,latency-1e4fec112e38.csv
2,1e4fec112e38,2025-10-15T11:41:30.783188,shrek,baby,3,True,5f108ddc428c,7.931900999665231,latency-1e4fec112e38.csv
2,1e4fec112e38,2025-10-15T11:41:30.901063,shrek3,SHREK,678,True,9666b1e279ac,13.250899000013304,latency-1e4fec112e38.csv
2,1e4fec112e38,2025-10-15T11:41:31.025962,shrek3,PRINCE,207,True,5f108ddc428c,12.094300000171645,latency-1e4fec112e38.csv
2,1e4fec112e38,2025-10-15T11:41:31.150085,shrek,to,268,True,9666b1e279ac,15.734680000150547,latency-1e4fec112e38.csv
2,1e4fec112e38,2025-10-15T11:41:31.276655,shrek,GORDO,5,True,5f108ddc428c,6.222291000085534,latency-1e4fec112e38.csv
2,1e4fec112e38,2025-10-15T11:41:31.392663,shrek,edge,2,True,5f108ddc428c,9.63078500035408,latency-1e4fec112e38.csv
2,1e4fec112e38,2025-10-15T11:41:31.538311,shrek3,SHOUTING),0,True,9666b1e279ac,6.045567000001029,latency-1e4fec112e38.csv
2,1e4fec112e38,2025-10-15T11:41:31.650389,shrek3,at,134,True,22aa058432c1,9.92480600007184,latency-1e4fec112e38.csv
2,1e4fec112e38,2025-10-15T11:41:31.765321,grail,Michael,11,True,22aa058432c1,7.131239000045753,latency-1e4fec112e38.csv
2,1e4fec112e38,2025-10-15T11:41:31.878630,shrek3,get,39,True,22aa058432c1,6.39483500026472,latency-1e4fec112e38.csv
2,1e4fec112e38,2025-10-15T11:41:32.000188,shrek3,CHARMING,232,True,22aa058432c1,5.269983999824035,latency-1e4fec112e38.csv
2,1e4fec112e38,2025-10-15T11:41:32.110567,grail,king,136,True,22aa058432c1,4.891934000170295,latency-1e4fec112e38.csv
2,1e4fec112e38,2025-10-15T11:41:32.221120,shrek,to,268,True,22aa058432c1,6.627835000017512,latency-1e4fec112e38.csv
2,1e4fec112e38,2025-10-15T11:41:32.333910,shrek,you,409,True,22aa058432c1,5.395252000198525,latency-1e4fec112e38.csv
2,1e4fec112e38,2025-10-15T11:41:32.444396,shrek,ogre,27,True,22aa058432c1,5.069569000170304,latency-1e4fec112e38.csv
1,29c1ecc6e0b8,2025-10-15T11:41:31.942904,shrek,you,409,True,9666b1e279ac,8.702831000391598,latency-29c1ecc6e0b8.csv
1,29c1ecc6e0b8,2025-10-15T11:41:32.059145,grail,3,18,False,9666b1e279ac,12.52681100004338,latency-29c1ecc6e0b8.csv
1,29c1ecc6e0b8,2025-10-15T11:41:32.179988,shrek3,"Suddenly,",0,True,9666b1e279ac,12.095332000171766,latency-29c1ecc6e0b8.csv
1,29c1ecc6e0b8,2025-10-15T11:41:32.302160,grail,on,139,True,9666b1e279ac,8.85241500009215,latency-29c1ecc6e0b8.csv
1,29c1ecc6e0b8,2025-10-15T11:41:32.417280,shrek3,Final,119,True,5f108ddc428c,7.717396999851189,latency-29c1ecc6e0b8.csv
1,29c1ecc6e0b8,2025-10-15T11:41:32.530556,shrek,after,10,True,5f108ddc428c,7.418827000037709,latency-29c1ecc6e0b8.csv
1,29c1ecc6e0b8,2025-10-15T11:41:32.646250,shrek3,Gingerbread,37,True,5f108ddc428c,7.795620999786479,latency-29c1ecc6e0b8.csv
1,29c1ecc6e0b8,2025-10-15T11:41:32.761727,grail,Get,47,False,5f108ddc428c,14.228510000066308,latency-29c1ecc6e0b8.csv
1,29c1ecc6e0b8,2025-10-15T11:41:32.881622,grail,"collective,",0,True,5f108ddc428c,9.243631000117604,latency-29c1ecc6e0b8.csv
1,29c1ecc6e0b8,2025-10-15T11:41:32.997677,grail,Rostmm,1,True,9666b1e279ac,7.66131900036271,latency-29c1ecc6e0b8.csv
1,29c1ecc6e0b8,2025-10-15T11:41:33.111940,shrek,FARQUAAD,84,True,9666b1e279ac,6.522192999909748,latency-29c1ecc6e0b8.csv
1,29c1ecc6e0b8,2025-10-15T11:41:33.225952,shrek,Shrek,433,True,9666b1e279ac,5.76928600003157,latency-29c1ecc6e0b8.csv
1,29c1ecc6e0b8,2025-10-15T11:41:33.337196,shrek,you,409,True,9666b1e279ac,5.867100000159553,latency-29c1ecc6e0b8.csv
1,29c1ecc6e0b8,2025-10-15T11:41:33.449508,grail,upon,13,True,22aa058432c1,15.82771799985494,latency-29c1ecc6e0b8.csv
1,29c1ecc6e0b8,2025-10-15T11:41:33.572895,shrek,FIONA,211,True,9666b1e279ac,7.787039000049845,latency-29c1ecc6e0b8.csv
1,29c1ecc6e0b8,2025-10-15T11:41:33.686188,grail,Michael,11,True,9666b1e279ac,7.887579999987793,latency-29c1ecc6e0b8.csv
1,29c1ecc6e0b8,2025-10-15T11:41:33.799772,shrek3,cues,3,True,9666b1e279ac,9.162038000340544,latency-29c1ecc6e0b8.csv
1,29c1ecc6e0b8,2025-10-15T11:41:33.915807,grail,pseudonym,1,True,9666b1e279ac,11.702790000072127,latency-29c1ecc6e0b8.csv
1,29c1ecc6e0b8,2025-10-15T11:41:34.036307,shrek,rising,1,True,22aa058432c1,4.7592509999958565,latency-29c1ecc6e0b8.csv
1,29c1ecc6e0b8,2025-10-15T11:41:34.147547,shrek,No,114,True,22aa058432c1,4.529347999778111,latency-29c1ecc6e0b8.csv
2,29c1ecc6e0b8,2025-10-15T11:41:34.259454,shrek,you,409,True,9666b1e279ac,11.125627000183158,latency-29c1ecc6e0b8.csv
2,29c1ecc6e0b8,2025-10-15T11:41:34.379368,grail,3,18,True,22aa058432c1,6.2184140001591,latency-29c1ecc6e0b8.csv
2,29c1ecc6e0b8,2025-10-15T11:41:34.491002,shrek3,"Suddenly,",0,True,22aa058432c1,6.070957999781967,latency-29c1ecc6e0b8.csv
2,29c1ecc6e0b8,2025-10-15T11:41:34.605700,grail,on,139,True,22aa058432c1,8.479410999825632,latency-29c1ecc6e0b8.csv
2,29c1ecc6e0b8,2025-10-15T11:41:34.723396,shrek3,Final,119,True,22aa058432c1,5.6210870002360025,latency-29c1ecc6e0b8.csv
2,29c1ecc6e0b8,2025-10-15T11:41:34.835440,shrek,after,10,True,22aa058432c1,5.152872000053321,latency-29c1ecc6e0b8.csv
2,29c1ecc6e0b8,2025-10-15T11:41:34.945967,shrek3,Gingerbread,37,True,22aa058432c1,5.37755899995318,latency-29c1ecc6e0b8.csv
2,29c1ecc6e0b8,2025-10-15T11:41:35.056996,grail,Get,47,True,22aa058432c1,5.212316999859468,latency-29c1ecc6e0b8.csv
2,29c1ecc6e0b8,2025-10-15T11:41:35.166976,grail,"collective,",0,True,9666b1e279ac,5.840534000071784,latency-29c1ecc6e0b8.csv
2,29c1ecc6e0b8,2025-10-15T11:41:35.278444,grail,Rostmm,1,True,9666b1e279ac,5.160411000360909,latency-29c1ecc6e0b8.csv
2,29c1ecc6e0b8,2025-10-15T11:41:35.390532,shrek,FARQUAAD,84,True,9666b1e279ac,5.805215000236785,latency-29c1ecc6e0b8.csv
2,29c1ecc6e0b8,2025-10-15T11:41:35.502585,shrek,Shrek,433,True,22aa058432c1,7.098444999883213,latency-29c1ecc6e0b8.csv
2,29c1ecc6e0b8,2025-10-15T11:41:35.617973,shrek,you,409,True,22aa058432c1,20.728758999666752,latency-29c1ecc6e0b8.csv
2,29c1ecc6e0b8,2025-10-15T11:41:35.751298,grail,upon,13,True,9666b1e279ac,14.780589000110922,latency-29c1ecc6e0b8.csv
2,29c1ecc6e0b8,2025-10-15T11:41:35.876738,shrek,FIONA,211,True,5f108ddc428c,10.406879999663945,latency-29c1ecc6e0b8.csv
2,29c1ecc6e0b8,2025-10-15T11:41:35.996812,grail,Michael,11,True,22aa058432c1,6.244955000056507,latency-29c1ecc6e0b8.csv
2,29c1ecc6e0b8,2025-10-15T11:41:36.113839,shrek3,cues,3,True,22aa058432c1,10.805946000346012,latency-29c1ecc6e0b8.csv
2,29c1ecc6e0b8,2025-10-15T11:41:36.235472,grail,pseudonym,1,True,22aa058432c1,10.27862599994478,latency-29c1ecc6e0b8.csv
2,29c1ecc6e0b8,2025-10-15T11:41:36.359653,shrek,rising,1,True,9666b1e279ac,8.371766999971442,latency-29c1ecc6e0b8.csv
2,29c1ecc6e0b8,2025-10-15T11:41:36.480117,shrek,No,114,True,9666b1e279ac,10.822918000030768,latency-29c1ecc6e0b8.csv
1,3d2a51aea66c,2025-10-15T11:41:37.224458,shrek3,flaming,2,True,22aa058432c1,4.992528999991919,latency-3d2a51aea66c.csv
1,3d2a51aea66c,2025-10-15T11:41:37.335169,grail,Butts,2,True,22aa058432c1,4.926099999920552,latency-3d2a51aea66c.csv
1,3d2a51aea66c,2025-10-15T11:41:37.446088,grail,music,21,True,22aa058432c1,5.485576999944897,latency-3d2a51aea66c.csv
1,3d2a51aea66c,2025-10-15T11:41:37.558460,shrek3,Shrek,678,True,9666b1e279ac,4.681814999912604,latency-3d2a51aea66c.csv
1,3d2a51aea66c,2025-10-15T11:41:37.668419,shrek3,"Bay""",0,True,9666b1e279ac,4.656355999941297,latency-3d2a51aea66c.csv
1,3d2a51aea66c,2025-10-15T11:41:37.778020,shrek3,Arg,1,True,9666b1e279ac,4.756350000207021,latency-3d2a51aea66c.csv
1,3d2a51aea66c,2025-10-15T11:41:37.890251,grail,19Prince,0,False,22aa058432c1,17.2235710001587,latency-3d2a51aea66c.csv
1,3d2a51aea66c,2025-10-15T11:41:38.017496,shrek3,Arg,1,True,5f108ddc428c,7.792325000082201,latency-3d2a51aea66c.csv
1,3d2a51aea66c,2025-10-15T11:41:38.131346,grail,with/,0,True,9666b1e279ac,5.773258000317583,latency-3d2a51aea66c.csv
1,3d2a51aea66c,2025-10-15T11:41:38.243745,grail,LANCELOT,59,True,9666b1e279ac,9.627368999645114,latency-3d2a51aea66c.csv
1,3d2a51aea66c,2025-10-15T11:41:38.363066,shrek,HOOD,13,False,9666b1e279ac,14.798745999996754,latency-3d2a51aea66c.csv
1,3d2a51aea66c,2025-10-15T11:41:38.485396,shrek,Blah,1,False,22aa058432c1,21.68405600014012,latency-3d2a51aea66c.csv
1,3d2a51aea66c,2025-10-15T11:41:38.614436,shrek3,cosmic,1,False,5f108ddc428c,21.47378800009392,latency-3d2a51aea66c.csv
1,3d2a51aea66c,2025-10-15T11:41:38.748825,shrek,token,1,True,9666b1e279ac,6.340345999888086,latency-3d2a51aea66c.csv
1,3d2a51aea66c,2025-10-15T11:41:38.861781,grail,Christ,8,True,9666b1e279ac,4.778491999786638,latency-3d2a51aea66c.csv
1,3d2a51aea66c,2025-10-15T11:41:38.971871,shrek3,Final,119,True,9666b1e279ac,5.198199999995268,latency-3d2a51aea66c.csv
1,3d2a51aea66c,2025-10-15T11:41:39.082320,shrek,He,118,True,5f108ddc428c,9.748303999913333,latency-3d2a51aea66c.csv
1,3d2a51aea66c,2025-10-15T11:41:39.200021,shrek3,ARTIE,213,True,22aa058432c1,4.892159000064567,latency-3d2a51aea66c.csv
1,3d2a51aea66c,2025-10-15T11:41:39.311124,shrek,SHREK,433,True,9666b1e279ac,7.525154999711958,latency-3d2a51aea66c.csv
1,3d2a51aea66c,2025-10-15T11:41:39.424135,shrek,and,318,True,9666b1e279ac,8.111766000183707,latency-3d2a51aea66c.csv
2,3d2a51aea66c,2025-10-15T11:41:39.542148,shrek3,flaming,2,True,22aa058432c1,4.869796000093629,latency-3d2a51aea66c.csv
2,3d2a51aea66c,2025-10-15T11:41:39.652859,grail,Butts,2,True,22aa058432c1,6.768621999981406,latency-3d2a51aea66c.csv
2,3d2a51aea66c,2025-10-15T11:41:39.764866,grail,music,21,True,9666b1e279ac,7.723045000147977,latency-3d2a51aea66c.csv
2,3d2a51aea66c,2025-10-15T11:41:39.879712,shrek3,Shrek,678,True,9666b1e279ac,5.925652999849262,latency-3d2a51aea66c.csv
2,3d2a51aea66c,2025-10-15T11:41:39.992257,shrek3,"Bay""",0,True,9666b1e279ac,4.770592999648216,latency-3d2a51aea66c.csv
2,3d2a51aea66c,2025-10-15T11:41:40.102547,shrek3,Arg,1,True,9666b1e279ac,4.712966000170127,latency-3d2a51aea66c.csv
2,3d2a51aea66c,2025-10-15T11:41:40.212556,grail,19Prince,0,True,9666b1e279ac,8.125992999794107,latency-3d2a51aea66c.csv
2,3d2a51aea66c,2025-10-15T11:41:40.327298,shrek3,Arg,1,True,9666b1e279ac,6.207241000083741,latency-3d2a51aea66c.csv
2,3d2a51aea66c,2025-10-15T11:41:40.441511,grail,with/,0,True,9666b1e279ac,5.105440000079398,latency-3d2a51aea66c.csv
2,3d2a51aea66c,2025-10-15T11:41:40.552572,grail,LANCELOT,59,True,9666b1e279ac,7.66094799973871,latency-3d2a51aea66c.csv
2,3d2a51aea66c,2025-10-15T11:41:40.666944,shrek,HOOD,13,True,22aa058432c1,7.6659779997498845,latency-3d2a51aea66c.csv
2,3d2a51aea66c,2025-10-15T11:41:40.781168,shrek,Blah,1,True,22aa058432c1,6.02136999987124,latency-3d2a51aea66c.csv
2,3d2a51aea66c,2025-10-15T11:41:40.893979,shrek3,cosmic,1,True,22aa058432c1,12.401468999996723,latency-3d2a51aea66c.csv
2,3d2a51aea66c,2025-10-15T11:41:41.012263,shrek,token,1,True,22aa058432c1,12.217230000260315,latency-3d2a51aea66c.csv
2,3d2a51aea66c,2025-10-15T11:41:41.139341,grail,Christ,8,True,22aa058432c1,8.534158000202297,latency-3d2a51aea66c.csv
2,3d2a51aea66c,2025-10-15T11:41:41.261633,shrek3,Final,119,True,22aa058432c1,16.813905000162777,latency-3d2a51aea66c.csv
2,3d2a51aea66c,2025-10-15T11:41:41.399755,shrek,He,118,True,9666b1e279ac,9.2160609997336,latency-3d2a51aea66c.csv
2,3d2a51aea66c,2025-10-15T11:41:41.523876,shrek3,ARTIE,213,True,22aa058432c1,6.891073000133474,latency-3d2a51aea66c.csv
2,3d2a51aea66c,2025-10-15T11:41:41.639341,shrek,SHREK,433,True,22aa058432c1,8.118386000205646,latency-3d2a51aea66c.csv
2,3d2a51aea66c,2025-10-15T11:41:41.754626,shrek,and,318,True,9666b1e279ac,4.149472999870341,latency-3d2a51aea66c.csv
1,3f05c3164751,2025-10-15T11:41:38.391942,grail,right,66,True,22aa058432c1,4.701849999946717,latency-3f05c3164751.csv
1,3f05c3164751,2025-10-15T11:41:38.501810,shrek3,wont,0,True,9666b1e279ac,8.762075000049663,latency-3f05c3164751.csv
1,3f05c3164751,2025-10-15T11:41:38.616754,shrek,edge,2,True,22aa058432c1,7.971233000262146,latency-3f05c3164751.csv
1,3f05c3164751,2025-10-15T11:41:38.732411,grail,to,718,True,9666b1e279ac,7.077936000314367,latency-3f05c3164751.csv
1,3f05c3164751,2025-10-15T11:41:38.846564,shrek3,the,1285,True,9666b1e279ac,5.6994040000972745,latency-3f05c3164751.csv
1,3f05c3164751,2025-10-15T11:41:38.957148,shrek,will,16,True,9666b1e279ac,4.678018000049633,latency-3f05c3164751.csv
1,3f05c3164751,2025-10-15T11:41:39.066520,grail,singing,33,False,9666b1e279ac,14.970349999657628,latency-3f05c3164751.csv
1,3f05c3164751,2025-10-15T11:41:39.189350,shrek3,PRINCE,207,True,22aa058432c1,4.970436000348855,latency-3f05c3164751.csv
1,3f05c3164751,2025-10-15T11:41:39.299860,shrek3,OGRE,39,True,22aa058432c1,8.24118799982898,latency-3f05c3164751.csv
1,3f05c3164751,2025-10-15T11:41:39.415195,shrek3,us,12,True,22aa058432c1,7.959138999922288,latency-3f05c3164751.csv
1,3f05c3164751,2025-10-15T11:41:39.531496,shrek3,flaming,2,True,22aa058432c1,5.819447999783733,latency-3f05c3164751.csv
1,3f05c3164751,2025-10-15T11:41:39.642211,shrek,at,62,True,9666b1e279ac,6.753645000117103,latency-3f05c3164751.csv
1,3f05c3164751,2025-10-15T11:41:39.756067,grail,for,118,False,22aa058432c1,10.317890999886004,latency-3f05c3164751.csv
1,3f05c3164751,2025-10-15T11:41:39.874922,shrek3,us,12,True,22aa058432c1,5.785891999948944,latency-3f05c3164751.csv
1,3f05c3164751,2025-10-15T11:41:39.987321,shrek3,ARTIE,213,True,22aa058432c1,4.480128000068362,latency-3f05c3164751.csv
1,3f05c3164751,2025-10-15T11:41:40.097463,grail,LANCELOT,59,True,22aa058432c1,4.511112999807665,latency-3f05c3164751.csv
1,3f05c3164751,2025-10-15T11:41:40.207168,shrek,token,1,True,22aa058432c1,5.348020999917935,latency-3f05c3164751.csv
1,3f05c3164751,2025-10-15T11:41:40.320611,shrek3,SHREK,678,True,22aa058432c1,6.315051999990828,latency-3f05c3164751.csv
1,3f05c3164751,2025-10-15T11:41:40.433903,grail,Aaaaugh,9,True,22aa058432c1,4.887865000000602,latency-3f05c3164751.csv
1,3f05c3164751,2025-10-15T11:41:40.544041,shrek3,the,1285,True,22aa058432c1,6.124792000264279,latency-3f05c3164751.csv
2,3f05c3164751,2025-10-15T11:41:40.657874,grail,right,66,True,9666b1e279ac,8.950937000008707,latency-3f05c3164751.csv
2,3f05c3164751,2025-10-15T11:41:40.775791,shrek3,wont,0,True,9666b1e279ac,7.0893869997235015,latency-3f05c3164751.csv
2,3f05c3164751,2025-10-15T11:41:40.889342,shrek,edge,2,True,22aa058432c1,10.371401000156766,latency-3f05c3164751.csv
2,3f05c3164751,2025-10-15T11:41:41.010334,grail,to,718,True,22aa058432c1,13.717417999941972,latency-3f05c3164751.csv
2,3f05c3164751,2025-10-15T11:41:41.143204,shrek3,the,1285,True,5f108ddc428c,9.492990999660831,latency-3f05c3164751.csv
2,3f05c3164751,2025-10-15T11:41:41.265072,shrek,will,16,True,5f108ddc428c,17.48946399993656,latency-3f05c3164751.csv
2,3f05c3164751,2025-10-15T11:41:41.398428,grail,singing,33,True,9666b1e279ac,10.771822000151587,latency-3f05c3164751.csv
2,3f05c3164751,2025-10-15T11:41:41.524435,shrek3,PRINCE,207,True,22aa058432c1,6.022374000167474,latency-3f05c3164751.csv
2,3f05c3164751,2025-10-15T11:41:41.639342,shrek3,OGRE,39,True,22aa058432c1,6.879694999952335,latency-3f05c3164751.csv
2,3f05c3164751,2025-10-15T11:41:41.752438,shrek3,us,12,True,22aa058432c1,4.884846000095422,latency-3f05c3164751.csv
2,3f05c3164751,2025-10-15T11:41:41.862267,shrek3,flaming,2,True,9666b1e279ac,12.097796000034576,latency-3f05c3164751.csv
2,3f05c3164751,2025-10-15T11:41:41.981169,shrek,at,62,True,22aa058432c1,7.352655999966373,latency-3f05c3164751.csv
2,3f05c3164751,2025-10-15T11:41:42.094278,grail,for,118,True,9666b1e279ac,7.012648999989324,latency-3f05c3164751.csv
2,3f05c3164751,2025-10-15T11:41:42.213773,shrek3,us,12,True,9666b1e279ac,6.428223000057187,latency-3f05c3164751.csv
2,3f05c3164751,2025-10-15T11:41:42.325754,shrek3,ARTIE,213,True,9666b1e279ac,6.094313999710721,latency-3f05c3164751.csv
2,3f05c3164751,2025-10-15T11:41:42.439135,grail,LANCELOT,59,True,5f108ddc428c,4.779776999839669,latency-3f05c3164751.csv
2,3f05c3164751,2025-10-15T11:41:42.549629,shrek,token,1,True,9666b1e279ac,5.99279599964575,latency-3f05c3164751.csv
2,3f05c3164751,2025-10-15T11:41:42.661508,shrek3,SHREK,678,True,9666b1e279ac,8.824087999983021,latency-3f05c3164751.csv
2,3f05c3164751,2025-10-15T11:41:42.778679,grail,Aaaaugh,9,True,9666b1e279ac,5.814951000047586,latency-3f05c3164751.csv
2,3f05c3164751,2025-10-15T11:41:42.889663,shrek3,the,1285,True,9666b1e279ac,8.38944299994182,latency-3f05c3164751.csv
1,4721d7ae3a21,2025-10-15T11:41:39.262294,shrek3,with,112,True,22aa058432c1,6.047010000202135,latency-4721d7ae3a21.csv
1,4721d7ae3a21,2025-10-15T11:41:39.373920,grail,cross,13,True,22aa058432c1,7.018150000021706,latency-4721d7ae3a21.csv
1,4721d7ae3a21,2025-10-15T11:41:39.488127,grail,3,18,True,22aa058432c1,8.25809100024344,latency-4721d7ae3a21.csv
1,4721d7ae3a21,2025-10-15T11:41:39.602574,grail,the,1600,True,22aa058432c1,5.705330000182585,latency-4721d7ae3a21.csv
1,4721d7ae3a21,2025-10-15T11:41:39.713622,shrek3,RAPUNZEL,30,True,22aa058432c1,5.009286999666074,latency-4721d7ae3a21.csv
1,4721d7ae3a21,2025-10-15T11:41:39.824326,shrek,field,4,True,22aa058432c1,9.708826999940356,latency-4721d7ae3a21.csv
1,4721d7ae3a21,2025-10-15T11:41:39.943520,shrek3,Hold,8,True,22aa058432c1,11.754525000014835,latency-4721d7ae3a21.csv
1,4721d7ae3a21,2025-10-15T11:41:40.061532,shrek,whistles,2,True,22aa058432c1,6.422020000172779,latency-4721d7ae3a21.csv
1,4721d7ae3a21,2025-10-15T11:41:40.174200,grail,Aaaaugh,9,True,22aa058432c1,5.977083999823663,latency-4721d7ae3a21.csv
1,4721d7ae3a21,2025-10-15T11:41:40.286325,grail,Get,47,True,22aa058432c1,8.835182999973767,latency-4721d7ae3a21.csv
1,4721d7ae3a21,2025-10-15T11:41:40.402058,grail,with/,0,True,22aa058432c1,6.739537000157725,latency-4721d7ae3a21.csv
1,4721d7ae3a21,2025-10-15T11:41:40.516004,shrek,DONKEY,320,True,22aa058432c1,8.005099000001792,latency-4721d7ae3a21.csv
1,4721d7ae3a21,2025-10-15T11:41:40.633798,shrek,DONKEY,320,True,9666b1e279ac,8.148236000124598,latency-4721d7ae3a21.csv
1,4721d7ae3a21,2025-10-15T11:41:40.754735,grail,Who’s,3,True,9666b1e279ac,6.300568999904499,latency-4721d7ae3a21.csv
1,4721d7ae3a21,2025-10-15T11:41:40.871347,shrek,minute,3,True,9666b1e279ac,5.243026999778522,latency-4721d7ae3a21.csv
1,4721d7ae3a21,2025-10-15T11:41:40.988485,grail,with/,0,True,9666b1e279ac,5.781308000223362,latency-4721d7ae3a21.csv
1,4721d7ae3a21,2025-10-15T11:41:41.111626,shrek,DONKEY,320,True,9666b1e279ac,7.530229999701987,latency-4721d7ae3a21.csv
1,4721d7ae3a21,2025-10-15T11:41:41.226754,shrek3,ho,8,True,9666b1e279ac,6.956440000067232,latency-4721d7ae3a21.csv
1,4721d7ae3a21,2025-10-15T11:41:41.341596,shrek3,SHREK,678,True,9666b1e279ac,7.9165859997374355,latency-4721d7ae3a21.csv
1,4721d7ae3a21,2025-10-15T11:41:41.458966,shrek3,SHREK,678,True,9666b1e279ac,8.513610000136396,latency-4721d7ae3a21.csv
2,4721d7ae3a21,2025-10-15T11:41:41.574419,shrek3,with,112,True,9666b1e279ac,7.009728999946674,latency-4721d7ae3a21.csv
2,4721d7ae3a21,2025-10-15T11:41:41.688601,grail,cross,13,True,9666b1e279ac,7.039113000246289,latency-4721d7ae3a21.csv
2,4721d7ae3a21,2025-10-15T11:41:41.802732,grail,3,18,True,9666b1e279ac,6.197378000251774,latency-4721d7ae3a21.csv
2,4721d7ae3a21,2025-10-15T11:41:41.917735,grail,the,1600,True,9666b1e279ac,5.928540999775578,latency-4721d7ae3a21.csv
2,4721d7ae3a21,2025-10-15T11:41:42.029869,shrek3,RAPUNZEL,30,True,9666b1e279ac,6.212212999798794,latency-4721d7ae3a21.csv
2,4721d7ae3a21,2025-10-15T11:41:42.142797,shrek,field,4,True,9666b1e279ac,6.103241999880993,latency-4721d7ae3a21.csv
2,4721d7ae3a21,2025-10-15T11:41:42.254355,shrek3,Hold,8,True,5f108ddc428c,8.630492000065715,latency-4721d7ae3a21.csv
2,4721d7ae3a21,2025-10-15T11:41:42.370089,shrek,whistles,2,True,5f108ddc428c,6.864451999717858,latency-4721d7ae3a21.csv
2,4721d7ae3a21,2025-10-15T11:41:42.483258,grail,Aaaaugh,9,True,5f108ddc428c,6.762334000086412,latency-4721d7ae3a21.csv
2,4721d7ae3a21,2025-10-15T11:41:42.596945,grail,Get,47,True,9666b1e279ac,7.524495999859937,latency-4721d7ae3a21.csv
2,4721d7ae3a21,2025-10-15T11:41:42.711308,grail,with/,0,True,22aa058432c1,10.988993999944796,latency-4721d7ae3a21.csv
2,4721d7ae3a21,2025-10-15T11:41:42.837560,shrek,DONKEY,320,True,22aa058432c1,5.454525000004651,latency-4721d7ae3a21.csv
2,4721d7ae3a21,2025-10-15T11:41:42.951598,shrek,DONKEY,320,True,22aa058432c1,8.723363000171958,latency-4721d7ae3a21.csv
2,4721d7ae3a21,2025-10-15T11:41:43.070641,grail,Who’s,3,True,22aa058432c1,6.520136999824899,latency-4721d7ae3a21.csv
2,4721d7ae3a21,2025-10-15T11:41:43.185513,shrek,minute,3,True,22aa058432c1,4.576992999773211,latency-4721d7ae3a21.csv
2,4721d7ae3a21,2025-10-15T11:41:43.295783,grail,with/,0,True,22aa058432c1,5.78145500003302,latency-4721d7ae3a21.csv
2,4721d7ae3a21,2025-10-15T11:41:43.406883,shrek,DONKEY,320,True,22aa058432c1,5.505488999915542,latency-4721d7ae3a21.csv
2,4721d7ae3a21,2025-10-15T11:41:43.518005,shrek3,ho,8,True,22aa058432c1,4.677342999912071,latency-4721d7ae3a21.csv
2,4721d7ae3a21,2025-10-15T11:41:43.628131,shrek3,SHREK,678,True,22aa058432c1,5.1797500000247965,latency-4721d7ae3a21.csv
2,4721d7ae3a21,2025-10-15T11:41:43.738463,shrek3,SHREK,678,True,22aa058432c1,6.5667779999785125,latency-4721d7ae3a21.csv
1,49120b20ddb3,2025-10-15T11:41:34.054602,shrek3,bed,10,True,9666b1e279ac,7.535775000178546,latency-49120b20ddb3.csv
1,49120b20ddb3,2025-10-15T11:41:34.168791,shrek,you,409,True,5f108ddc428c,6.949504999738565,latency-49120b20ddb3.csv
1,49120b20ddb3,2025-10-15T11:41:34.283376,shrek,SHREK,433,True,9666b1e279ac,9.120837999944342,latency-49120b20ddb3.csv
1,49120b20ddb3,2025-10-15T11:41:34.400404,shrek,But,73,True,9666b1e279ac,10.130502999800228,latency-49120b20ddb3.csv
1,49120b20ddb3,2025-10-15T11:41:34.516984,grail,seek,12,True,9666b1e279ac,10.905954999998356,latency-49120b20ddb3.csv
1,49120b20ddb3,2025-10-15T11:41:34.638234,grail,about,49,False,22aa058432c1,13.054918999841902,latency-49120b20ddb3.csv
1,49120b20ddb3,2025-10-15T11:41:34.756968,shrek,ogre,27,True,9666b1e279ac,6.025609000062104,latency-49120b20ddb3.csv
1,49120b20ddb3,2025-10-15T11:41:34.868645,shrek3,what,82,True,22aa058432c1,7.092494000062288,latency-49120b20ddb3.csv
1,49120b20ddb3,2025-10-15T11:41:34.982510,shrek3,at,134,True,22aa058432c1,8.166753000296012,latency-49120b20ddb3.csv
1,49120b20ddb3,2025-10-15T11:41:35.097326,shrek,And,318,True,9666b1e279ac,6.791489000079309,latency-49120b20ddb3.csv
1,49120b20ddb3,2025-10-15T11:41:35.211662,grail,I,298,True,22aa058432c1,5.58377900006235,latency-49120b20ddb3.csv
1,49120b20ddb3,2025-10-15T11:41:35.323306,shrek,DONKEY,320,True,9666b1e279ac,12.981826999748591,latency-49120b20ddb3.csv
1,49120b20ddb3,2025-10-15T11:41:35.444506,grail,"collective,",0,True,22aa058432c1,4.829617999803304,latency-49120b20ddb3.csv
1,49120b20ddb3,2025-10-15T11:41:35.556579,grail,Gallahad,44,True,5f108ddc428c,43.88320999987627,latency-49120b20ddb3.csv
1,49120b20ddb3,2025-10-15T11:41:35.716218,grail,Butts,2,True,9666b1e279ac,16.792913999779557,latency-49120b20ddb3.csv
1,49120b20ddb3,2025-10-15T11:41:35.846478,shrek3,Gingerbread,37,True,9666b1e279ac,8.297878000121273,latency-49120b20ddb3.csv
1,49120b20ddb3,2025-10-15T11:41:35.967720,shrek3,its,1,True,9666b1e279ac,5.389582000134396,latency-49120b20ddb3.csv
1,49120b20ddb3,2025-10-15T11:41:36.078562,grail,To,718,True,9666b1e279ac,5.264327000077174,latency-49120b20ddb3.csv
1,49120b20ddb3,2025-10-15T11:41:36.190503,grail,Guard,106,True,9666b1e279ac,9.100237999973617,latency-49120b20ddb3.csv
1,49120b20ddb3,2025-10-15T11:41:36.307503,shrek,his,48,True,9666b1e279ac,6.299221000062971,latency-49120b20ddb3.csv
2,49120b20ddb3,2025-10-15T11:41:36.421336,shrek3,bed,10,True,9666b1e279ac,4.717695000181266,latency-49120b20ddb3.csv
2,49120b20ddb3,2025-10-15T11:41:36.532262,shrek,you,409,True,9666b1e279ac,8.140842999637243,latency-49120b20ddb3.csv
2,49120b20ddb3,2025-10-15T11:41:36.648009,shrek,SHREK,433,True,5f108ddc428c,12.842296000144415,latency-49120b20ddb3.csv
2,49120b20ddb3,2025-10-15T11:41:36.768767,shrek,But,73,True,22aa058432c1,8.607099000073504,latency-49120b20ddb3.csv
2,49120b20ddb3,2025-10-15T11:41:36.885530,grail,seek,12,True,22aa058432c1,10.782840000047145,latency-49120b20ddb3.csv
2,49120b20ddb3,2025-10-15T11:41:37.005010,grail,about,49,True,22aa058432c1,11.581143000057637,latency-49120b20ddb3.csv
2,49120b20ddb3,2025-10-15T11:41:37.129349,shrek,ogre,27,True,22aa058432c1,6.839482000032149,latency-49120b20ddb3.csv
2,49120b20ddb3,2025-10-15T11:41:37.246682,shrek3,what,82,True,9666b1e279ac,10.805809999965277,latency-49120b20ddb3.csv
2,49120b20ddb3,2025-10-15T11:41:37.365782,shrek3,at,134,True,22aa058432c1,8.85690999984945,latency-49120b20ddb3.csv
2,49120b20ddb3,2025-10-15T11:41:37.482335,shrek,And,318,True,22aa058432c1,6.140986999980669,latency-49120b20ddb3.csv
2,49120b20ddb3,2025-10-15T11:41:37.596490,grail,I,298,True,22aa058432c1,4.478816000300867,latency-49120b20ddb3.csv
2,49120b20ddb3,2025-10-15T11:41:37.706433,shrek,DONKEY,320,True,22aa058432c1,6.4688809998187935,latency-49120b20ddb3.csv
2,49120b20ddb3,2025-10-15T11:41:37.820020,grail,"collective,",0,True,22aa058432c1,4.62705800009644,latency-49120b20ddb3.csv
2,49120b20ddb3,2025-10-15T11:41:37.931559,grail,Gallahad,44,True,22aa058432c1,5.476571000144759,latency-49120b20ddb3.csv
2,49120b20ddb3,2025-10-15T11:41:38.044414,grail,Butts,2,True,22aa058432c1,6.914090999998734,latency-49120b20ddb3.csv
2,49120b20ddb3,2025-10-15T11:41:38.157667,shrek3,Gingerbread,37,True,22aa058432c1,5.278259000078833,latency-49120b20ddb3.csv
2,49120b20ddb3,2025-10-15T11:41:38.267971,shrek3,its,1,True,22aa058432c1,5.971979000150896,latency-49120b20ddb3.csv
2,49120b20ddb3,2025-10-15T11:41:38.379419,grail,To,718,True,22aa058432c1,6.795021000016277,latency-49120b20ddb3.csv
2,49120b20ddb3,2025-10-15T11:41:38.493326,grail,Guard,106,True,5f108ddc428c,7.080209999912768,latency-49120b20ddb3.csv
2,49120b20ddb3,2025-10-15T11:41:38.608858,shrek,his,48,True,22aa058432c1,13.301409000177957,latency-49120b20ddb3.csv
1,4bd4309116b9,2025-10-15T11:41:26.653177,grail,"collective,",0,False,9666b1e279ac,13.257567999971798,latency-4bd4309116b9.csv
1,4bd4309116b9,2025-10-15T11:41:26.773181,shrek,one,44,True,9666b1e279ac,8.242976000019553,latency-4bd4309116b9.csv
1,4bd4309116b9,2025-10-15T11:41:26.887957,shrek3,wont,0,False,22aa058432c1,20.61902400009785,latency-4bd4309116b9.csv
1,4bd4309116b9,2025-10-15T11:41:27.018203,shrek,rising,1,False,22aa058432c1,12.006365000161168,latency-4bd4309116b9.csv
1,4bd4309116b9,2025-10-15T11:41:27.137799,shrek3,us,12,True,22aa058432c1,18.71497599995564,latency-4bd4309116b9.csv
1,4bd4309116b9,2025-10-15T11:41:27.269213,shrek3,flaming,2,True,22aa058432c1,7.531976999871404,latency-4bd4309116b9.csv
1,4bd4309116b9,2025-10-15T11:41:27.386026,grail,GALAHAD,87,True,22aa058432c1,7.537288000094122,latency-4bd4309116b9.csv
1,4bd4309116b9,2025-10-15T11:41:27.501177,shrek,trip,1,False,22aa058432c1,45.57083300005616,latency-4bd4309116b9.csv
1,4bd4309116b9,2025-10-15T11:41:27.659539,shrek3,and,576,True,22aa058432c1,8.429468000031193,latency-4bd4309116b9.csv
1,4bd4309116b9,2025-10-15T11:41:27.777065,shrek,the,535,False,22aa058432c1,19.72527599991736,latency-4bd4309116b9.csv
1,4bd4309116b9,2025-10-15T11:41:27.904777,shrek3,you,328,False,9666b1e279ac,36.20804999991378,latency-4bd4309116b9.csv
1,4bd4309116b9,2025-10-15T11:41:28.051844,grail,LTD,6,False,5f108ddc428c,13.609697999982018,latency-4bd4309116b9.csv
1,4bd4309116b9,2025-10-15T11:41:28.172895,shrek,Aah,6,True,5f108ddc428c,12.040609999985463,latency-4bd4309116b9.csv
1,4bd4309116b9,2025-10-15T11:41:28.304677,shrek3,body),0,True,9666b1e279ac,8.97971900030825,latency-4bd4309116b9.csv
1,4bd4309116b9,2025-10-15T11:41:28.419885,grail,the,1600,True,22aa058432c1,30.298061999928905,latency-4bd4309116b9.csv
1,4bd4309116b9,2025-10-15T11:41:28.567585,shrek3,Hold,8,True,5f108ddc428c,8.790665999640623,latency-4bd4309116b9.csv
1,4bd4309116b9,2025-10-15T11:41:28.686915,grail,at,104,True,22aa058432c1,8.365003000108118,latency-4bd4309116b9.csv
1,4bd4309116b9,2025-10-15T11:41:28.808689,shrek3,what,82,False,5f108ddc428c,18.011998000019958,latency-4bd4309116b9.csv
1,4bd4309116b9,2025-10-15T11:41:28.933580,grail,pseudonym,1,True,22aa058432c1,8.106516000225383,latency-4bd4309116b9.csv
1,4bd4309116b9,2025-10-15T11:41:29.053194,shrek3,ho,8,False,22aa058432c1,48.60342100027992,latency-4bd4309116b9.csv
2,4bd4309116b9,2025-10-15T11:41:29.227193,grail,"collective,",0,True,22aa058432c1,9.751343000061752,latency-4bd4309116b9.csv
2,4bd4309116b9,2025-10-15T11:41:29.346971,shrek,one,44,True,22aa058432c1,6.940923000001931,latency-4bd4309116b9.csv
2,4bd4309116b9,2025-10-15T11:41:29.459044,shrek3,wont,0,True,22aa058432c1,6.74901399997907,latency-4bd4309116b9.csv
2,4bd4309116b9,2025-10-15T11:41:29.572405,shrek,rising,1,True,22aa058432c1,10.463510000136012,latency-4bd4309116b9.csv
2,4bd4309116b9,2025-10-15T11:41:29.696420,shrek3,us,12,True,5f108ddc428c,13.030491000336042,latency-4bd4309116b9.csv
2,4bd4309116b9,2025-10-15T11:41:29.846032,shrek3,flaming,2,True,22aa058432c1,7.295978999991348,latency-4bd4309116b9.csv
2,4bd4309116b9,2025-10-15T11:41:29.960733,grail,GALAHAD,87,True,9666b1e279ac,8.4304259999044,latency-4bd4309116b9.csv
2,4bd4309116b9,2025-10-15T11:41:30.076749,shrek,trip,1,True,22aa058432c1,7.356880999850546,latency-4bd4309116b9.csv
2,4bd4309116b9,2025-10-15T11:41:30.194301,shrek3,and,576,True,22aa058432c1,5.700450999938767,latency-4bd4309116b9.csv
2,4bd4309116b9,2025-10-15T11:41:30.305869,shrek,the,535,True,9666b1e279ac,10.398963000170625,latency-4bd4309116b9.csv
2,4bd4309116b9,2025-10-15T11:41:30.424881,shrek3,you,328,True,9666b1e279ac,15.243820000250707,latency-4bd4309116b9.csv
2,4bd4309116b9,2025-10-15T11:41:30.549862,grail,LTD,6,True,5f108ddc428c,7.663719999982277,latency-4bd4309116b9.csv
2,4bd4309116b9,2025-10-15T11:41:30.666612,shrek,Aah,6,True,5f108ddc428c,7.466555000064545,latency-4bd4309116b9.csv
2,4bd4309116b9,2025-10-15T11:41:30.782416,shrek3,body),0,True,5f108ddc428c,7.272107000062533,latency-4bd4309116b9.csv
2,4bd4309116b9,2025-10-15T11:41:30.900339,grail,the,1600,True,9666b1e279ac,14.440539000133867,latency-4bd4309116b9.csv
2,4bd4309116b9,2025-10-15T11:41:31.024500,shrek3,Hold,8,True,9666b1e279ac,13.071831000161184,latency-4bd4309116b9.csv
2,4bd4309116b9,2025-10-15T11:41:31.149235,grail,at,104,True,9666b1e279ac,16.57832099999723,latency-4bd4309116b9.csv
2,4bd4309116b9,2025-10-15T11:41:31.275844,shrek3,what,82,True,9666b1e279ac,6.925097000021196,latency-4bd4309116b9.csv
2,4bd4309116b9,2025-10-15T11:41:31.390777,grail,pseudonym,1,True,9666b1e279ac,9.89732300013202,latency-4bd4309116b9.csv
2,4bd4309116b9,2025-10-15T11:41:31.534687,shrek3,ho,8,True,22aa058432c1,7.740503000150056,latency-4bd4309116b9.csv
1,4cc5bd384cd9,2025-10-15T11:41:34.457295,grail,-,259,True,22aa058432c1,4.306094000185112,latency-4cc5bd384cd9.csv
1,4cc5bd384cd9,2025-10-15T11:41:34.566289,shrek3,of,275,True,9666b1e279ac,7.01477300026454,latency-4cc5bd384cd9.csv
1,4cc5bd384cd9,2025-10-15T11:41:34.679024,shrek3,an,51,True,9666b1e279ac,6.737793999946007,latency-4cc5bd384cd9.csv
1,4cc5bd384cd9,2025-10-15T11:41:34.791808,grail,toward,10,True,9666b1e279ac,5.964559999938501,latency-4cc5bd384cd9.csv
1,4cc5bd384cd9,2025-10-15T11:41:34.903173,shrek3,Ahh,8,True,9666b1e279ac,6.8617599999925005,latency-4cc5bd384cd9.csv
1,4cc5bd384cd9,2025-10-15T11:41:35.017029,grail,the,1600,True,9666b1e279ac,5.447243000162416,latency-4cc5bd384cd9.csv
1,4cc5bd384cd9,2025-10-15T11:41:35.128243,grail,GALAHAD,87,True,22aa058432c1,3.993381000327645,latency-4cc5bd384cd9.csv
1,4cc5bd384cd9,2025-10-15T11:41:35.238393,shrek3,Guards,23,True,22aa058432c1,5.705364999812446,latency-4cc5bd384cd9.csv
1,4cc5bd384cd9,2025-10-15T11:41:35.350470,shrek3,time,23,True,9666b1e279ac,8.217626999794447,latency-4cc5bd384cd9.csv
1,4cc5bd384cd9,2025-10-15T11:41:35.465292,shrek,FIONA,211,True,9666b1e279ac,6.418668000151229,latency-4cc5bd384cd9.csv
1,4cc5bd384cd9,2025-10-15T11:41:35.579833,shrek3,Guards,23,True,22aa058432c1,16.432148000149027,latency-4cc5bd384cd9.csv
1,4cc5bd384cd9,2025-10-15T11:41:35.712207,shrek3,him,87,True,9666b1e279ac,21.547374999954627,latency-4cc5bd384cd9.csv
1,4cc5bd384cd9,2025-10-15T11:41:35.850926,shrek3,WHITE,45,True,5f108ddc428c,13.69465899961142,latency-4cc5bd384cd9.csv
1,4cc5bd384cd9,2025-10-15T11:41:35.977103,shrek3,Cinderella,21,True,22aa058432c1,4.92095999970843,latency-4cc5bd384cd9.csv
1,4cc5bd384cd9,2025-10-15T11:41:36.088077,shrek,FIONA,211,True,22aa058432c1,5.876302999695326,latency-4cc5bd384cd9.csv
1,4cc5bd384cd9,2025-10-15T11:41:36.201414,grail,and,722,False,5f108ddc428c,16.298992999963957,latency-4cc5bd384cd9.csv
1,4cc5bd384cd9,2025-10-15T11:41:36.328531,grail,time,33,True,9666b1e279ac,7.436030999997456,latency-4cc5bd384cd9.csv
1,4cc5bd384cd9,2025-10-15T11:41:36.443182,grail,ANOTHER,25,True,9666b1e279ac,8.07418200020038,latency-4cc5bd384cd9.csv
1,4cc5bd384cd9,2025-10-15T11:41:36.560144,grail,going,21,True,9666b1e279ac,7.003800999882515,latency-4cc5bd384cd9.csv
1,4cc5bd384cd9,2025-10-15T11:41:36.674314,grail,the,1600,True,22aa058432c1,7.86124700016444,latency-4cc5bd384cd9.csv
2,4cc5bd384cd9,2025-10-15T11:41:36.789622,grail,-,259,True,22aa058432c1,6.918399999904068,latency-4cc5bd384cd9.csv
2,4cc5bd384cd9,2025-10-15T11:41:36.903645,shrek3,of,275,True,22aa058432c1,8.63429199989696,latency-4cc5bd384cd9.csv
2,4cc5bd384cd9,2025-10-15T11:41:37.019164,shrek3,an,51,True,9666b1e279ac,10.451415999796154,latency-4cc5bd384cd9.csv
2,4cc5bd384cd9,2025-10-15T11:41:37.138226,grail,toward,10,True,9666b1e279ac,9.106780999900366,latency-4cc5bd384cd9.csv
2,4cc5bd384cd9,2025-10-15T11:41:37.254543,shrek3,Ahh,8,True,22aa058432c1,7.283265000296524,latency-4cc5bd384cd9.csv
2,4cc5bd384cd9,2025-10-15T11:41:37.369275,grail,the,1600,True,9666b1e279ac,8.989503000066179,latency-4cc5bd384cd9.csv
2,4cc5bd384cd9,2025-10-15T11:41:37.489091,grail,GALAHAD,87,True,5f108ddc428c,7.415460999709467,latency-4cc5bd384cd9.csv
2,4cc5bd384cd9,2025-10-15T11:41:37.605449,shrek3,Guards,23,True,22aa058432c1,5.940153000210557,latency-4cc5bd384cd9.csv
2,4cc5bd384cd9,2025-10-15T11:41:37.717892,shrek3,time,23,True,9666b1e279ac,10.415743000066868,latency-4cc5bd384cd9.csv
2,4cc5bd384cd9,2025-10-15T11:41:37.836610,shrek,FIONA,211,True,22aa058432c1,20.00443999986601,latency-4cc5bd384cd9.csv
2,4cc5bd384cd9,2025-10-15T11:41:37.983368,shrek3,Guards,23,True,22aa058432c1,4.605777000051603,latency-4cc5bd384cd9.csv
2,4cc5bd384cd9,2025-10-15T11:41:38.093597,shrek3,him,87,True,22aa058432c1,4.28983799974958,latency-4cc5bd384cd9.csv
2,4cc5bd384cd9,2025-10-15T11:41:38.203297,shrek3,WHITE,45,True,9666b1e279ac,5.836886999986746,latency-4cc5bd384cd9.csv
2,4cc5bd384cd9,2025-10-15T11:41:38.315787,shrek3,Cinderella,21,True,22aa058432c1,7.404075000067678,latency-4cc5bd384cd9.csv
2,4cc5bd384cd9,2025-10-15T11:41:38.429565,shrek,FIONA,211,True,22aa058432c1,4.344037999999273,latency-4cc5bd384cd9.csv
2,4cc5bd384cd9,2025-10-15T11:41:38.538909,grail,and,722,True,9666b1e279ac,4.851985999721364,latency-4cc5bd384cd9.csv
2,4cc5bd384cd9,2025-10-15T11:41:38.648942,grail,time,33,True,5f108ddc428c,11.300957999992534,latency-4cc5bd384cd9.csv
2,4cc5bd384cd9,2025-10-15T11:41:38.771449,grail,ANOTHER,25,True,5f108ddc428c,6.116956999903778,latency-4cc5bd384cd9.csv
2,4cc5bd384cd9,2025-10-15T11:41:38.883739,grail,going,21,True,22aa058432c1,9.631860999888886,latency-4cc5bd384cd9.csv
2,4cc5bd384cd9,2025-10-15T11:41:38.998729,grail,the,1600,True,5f108ddc428c,6.801122000069881,latency-4cc5bd384cd9.csv
1,526adae428c6,2025-10-15T11:41:30.663897,shrek3,wont,0,True,9666b1e279ac,7.533010000315699,latency-526adae428c6.csv
1,526adae428c6,2025-10-15T11:41:30.780473,shrek3,of,275,True,9666b1e279ac,8.834681000280398,latency-526adae428c6.csv
1,526adae428c6,2025-10-15T11:41:30.900333,shrek,DONKEY,320,True,9666b1e279ac,13.166324999929202,latency-526adae428c6.csv
1,526adae428c6,2025-10-15T11:41:31.027765,shrek,DONKEY,320,True,5f108ddc428c,11.967733999881602,latency-526adae428c6.csv
1,526adae428c6,2025-10-15T11:41:31.150013,shrek,lay,2,True,9666b1e279ac,17.029888999786635,latency-526adae428c6.csv
1,526adae428c6,2025-10-15T11:41:31.277383,grail,to,718,True,5f108ddc428c,6.291664999935165,latency-526adae428c6.csv
1,526adae428c6,2025-10-15T11:41:31.392102,shrek,afraid,8,True,5f108ddc428c,9.424538999610377,latency-526adae428c6.csv
1,526adae428c6,2025-10-15T11:41:31.536440,shrek,old,10,True,22aa058432c1,6.653167999957077,latency-526adae428c6.csv
1,526adae428c6,2025-10-15T11:41:31.649410,shrek3,Third,121,False,22aa058432c1,11.405280999952083,latency-526adae428c6.csv
1,526adae428c6,2025-10-15T11:41:31.765473,shrek3,PRINCE,207,True,22aa058432c1,7.392410999727872,latency-526adae428c6.csv
1,526adae428c6,2025-10-15T11:41:31.879144,shrek,his,48,False,22aa058432c1,14.891841000007844,latency-526adae428c6.csv
1,526adae428c6,2025-10-15T11:41:32.012758,shrek3,PRINCE,207,True,22aa058432c1,5.042406000029587,latency-526adae428c6.csv
1,526adae428c6,2025-10-15T11:41:32.123051,grail,chops,3,False,22aa058432c1,14.855489999717976,latency-526adae428c6.csv
1,526adae428c6,2025-10-15T11:41:32.244197,shrek,FIONA,211,True,22aa058432c1,4.903281000224524,latency-526adae428c6.csv
1,526adae428c6,2025-10-15T11:41:32.354272,shrek3,SHREK,678,True,9666b1e279ac,7.079572999828088,latency-526adae428c6.csv
1,526adae428c6,2025-10-15T11:41:32.467526,shrek3,OGRE,39,True,9666b1e279ac,6.422489999749814,latency-526adae428c6.csv
1,526adae428c6,2025-10-15T11:41:32.579932,shrek,he,118,True,22aa058432c1,5.581172999882256,latency-526adae428c6.csv
1,526adae428c6,2025-10-15T11:41:32.690846,grail,king,136,True,9666b1e279ac,7.587646000047243,latency-526adae428c6.csv
1,526adae428c6,2025-10-15T11:41:32.805822,shrek3,to,511,True,9666b1e279ac,6.200639000326191,latency-526adae428c6.csv
1,526adae428c6,2025-10-15T11:41:32.918706,grail,Guard,106,False,9666b1e279ac,17.520934000003763,latency-526adae428c6.csv
2,526adae428c6,2025-10-15T11:41:33.044266,shrek3,wont,0,True,9666b1e279ac,4.621888000201579,latency-526adae428c6.csv
2,526adae428c6,2025-10-15T11:41:33.154061,shrek3,of,275,True,9666b1e279ac,8.917943000142259,latency-526adae428c6.csv
2,526adae428c6,2025-10-15T11:41:33.270120,shrek,DONKEY,320,True,9666b1e279ac,4.87836199999947,latency-526adae428c6.csv
2,526adae428c6,2025-10-15T11:41:33.379943,shrek,DONKEY,320,True,9666b1e279ac,6.448751999869273,latency-526adae428c6.csv
2,526adae428c6,2025-10-15T11:41:33.493443,shrek,lay,2,True,22aa058432c1,5.463855000016338,latency-526adae428c6.csv
2,526adae428c6,2025-10-15T11:41:33.604400,grail,to,718,True,22aa058432c1,4.6966740001153084,latency-526adae428c6.csv
2,526adae428c6,2025-10-15T11:41:33.714419,shrek,afraid,8,True,22aa058432c1,7.0488590004060825,latency-526adae428c6.csv
2,526adae428c6,2025-10-15T11:41:33.827330,shrek,old,10,True,9666b1e279ac,5.473208999774215,latency-526adae428c6.csv
2,526adae428c6,2025-10-15T11:41:33.938271,shrek3,Third,121,True,22aa058432c1,8.66440599975249,latency-526adae428c6.csv
2,526adae428c6,2025-10-15T11:41:34.053533,shrek3,PRINCE,207,True,9666b1e279ac,7.311695000225882,latency-526adae428c6.csv
2,526adae428c6,2025-10-15T11:41:34.167433,shrek,his,48,True,9666b1e279ac,6.943942999896535,latency-526adae428c6.csv
2,526adae428c6,2025-10-15T11:41:34.282373,shrek3,PRINCE,207,True,9666b1e279ac,9.748779999881664,latency-526adae428c6.csv
2,526adae428c6,2025-10-15T11:41:34.400406,grail,chops,3,True,9666b1e279ac,10.800039999594446,latency-526adae428c6.csv
2,526adae428c6,2025-10-15T11:41:34.517539,shrek,FIONA,211,True,9666b1e279ac,9.297332000187453,latency-526adae428c6.csv
2,526adae428c6,2025-10-15T11:41:34.639294,shrek3,SHREK,678,True,22aa058432c1,11.41770499998529,latency-526adae428c6.csv
2,526adae428c6,2025-10-15T11:41:34.756932,shrek3,OGRE,39,True,9666b1e279ac,6.422590000056516,latency-526adae428c6.csv
2,526adae428c6,2025-10-15T11:41:34.868761,shrek,he,118,True,22aa058432c1,7.317009999951551,latency-526adae428c6.csv
2,526adae428c6,2025-10-15T11:41:34.982510,grail,king,136,True,22aa058432c1,7.962225000028411,latency-526adae428c6.csv
2,526adae428c6,2025-10-15T11:41:35.097122,shrek3,to,511,True,9666b1e279ac,6.870194999919477,latency-526adae428c6.csv
2,526adae428c6,2025-10-15T11:41:35.211213,grail,Guard,106,True,22aa058432c1,5.964078000033624,latency-526adae428c6.csv
1,532cefa25ca9,2025-10-15T11:41:27.387457,grail,toward,10,True,22aa058432c1,7.650852999631752,latency-532cefa25ca9.csv
1,532cefa25ca9,2025-10-15T11:41:27.503098,shrek3,SNOW,49,False,22aa058432c1,44.65101999994658,latency-532cefa25ca9.csv
1,532cefa25ca9,2025-10-15T11:41:27.660679,shrek,fair,2,False,9666b1e279ac,15.511540999796123,latency-532cefa25ca9.csv
1,532cefa25ca9,2025-10-15T11:41:27.784009,grail,Rostmm,1,True,5f108ddc428c,10.30770700026551,latency-532cefa25ca9.csv
1,532cefa25ca9,2025-10-15T11:41:27.903703,shrek,after,10,True,9666b1e279ac,20.60274099994785,latency-532cefa25ca9.csv
1,532cefa25ca9,2025-10-15T11:41:28.045619,shrek3,Hold,8,False,22aa058432c1,17.646777000209113,latency-532cefa25ca9.csv
1,532cefa25ca9,2025-10-15T11:41:28.172039,grail,right,66,False,5f108ddc428c,23.54851600011898,latency-532cefa25ca9.csv
1,532cefa25ca9,2025-10-15T11:41:28.306584,shrek,He,118,True,22aa058432c1,7.539243000337592,latency-532cefa25ca9.csv
1,532cefa25ca9,2025-10-15T11:41:28.420529,shrek3,Ahh,8,False,22aa058432c1,27.01396999964345,latency-532cefa25ca9.csv
1,532cefa25ca9,2025-10-15T11:41:28.562252,shrek,Is,132,True,22aa058432c1,11.12878300000375,latency-532cefa25ca9.csv
1,532cefa25ca9,2025-10-15T11:41:28.684557,grail,a,666,True,5f108ddc428c,8.845331999964401,latency-532cefa25ca9.csv
1,532cefa25ca9,2025-10-15T11:41:28.808090,shrek,What,104,True,5f108ddc428c,9.606492999864711,latency-532cefa25ca9.csv
1,532cefa25ca9,2025-10-15T11:41:28.932049,shrek3,to,511,True,22aa058432c1,9.024496000165527,latency-532cefa25ca9.csv
1,532cefa25ca9,2025-10-15T11:41:29.050216,grail,-,259,True,22aa058432c1,31.953290000274137,latency-532cefa25ca9.csv
1,532cefa25ca9,2025-10-15T11:41:29.217535,shrek3,of,275,True,22aa058432c1,4.819292000320274,latency-532cefa25ca9.csv
1,532cefa25ca9,2025-10-15T11:41:29.327153,shrek3,supposed,11,True,22aa058432c1,5.590841999946861,latency-532cefa25ca9.csv
1,532cefa25ca9,2025-10-15T11:41:29.437702,shrek3,"Suddenly,",0,False,9666b1e279ac,15.759373000037158,latency-532cefa25ca9.csv
1,532cefa25ca9,2025-10-15T11:41:29.559992,shrek,will,16,True,5f108ddc428c,15.667975000269507,latency-532cefa25ca9.csv
1,532cefa25ca9,2025-10-15T11:41:29.691692,shrek3,of,275,True,5f108ddc428c,28.68715999966298,latency-532cefa25ca9.csv
1,532cefa25ca9,2025-10-15T11:41:29.836533,shrek,FARQUAAD,84,True,22aa058432c1,4.978105999725813,latency-532cefa25ca9.csv
2,532cefa25ca9,2025-10-15T11:41:29.947600,grail,toward,10,True,22aa058432c1,7.759470000110014,latency-532cefa25ca9.csv
2,532cefa25ca9,2025-10-15T11:41:30.063908,shrek3,SNOW,49,True,22aa058432c1,7.393392999802018,latency-532cefa25ca9.csv
2,532cefa25ca9,2025-10-15T11:41:30.178270,shrek,fair,2,True,5f108ddc428c,7.189430999915203,latency-532cefa25ca9.csv
2,532cefa25ca9,2025-10-15T11:41:30.292973,grail,Rostmm,1,True,22aa058432c1,11.894401000063226,latency-532cefa25ca9.csv
2,532cefa25ca9,2025-10-15T11:41:30.416402,shrek,after,10,True,22aa058432c1,20.805716999802826,latency-532cefa25ca9.csv
2,532cefa25ca9,2025-10-15T11:41:30.545634,shrek3,Hold,8,True,9666b1e279ac,5.267574999834324,latency-532cefa25ca9.csv
2,532cefa25ca9,2025-10-15T11:41:30.660215,grail,right,66,True,22aa058432c1,9.03747599977578,latency-532cefa25ca9.csv
2,532cefa25ca9,2025-10-15T11:41:30.779254,shrek,He,118,True,9666b1e279ac,9.347979000267514,latency-532cefa25ca9.csv
2,532cefa25ca9,2025-10-15T11:41:30.899718,shrek3,Ahh,8,True,9666b1e279ac,12.692678999883356,latency-532cefa25ca9.csv
2,532cefa25ca9,2025-10-15T11:41:31.022940,shrek,Is,132,True,9666b1e279ac,11.844219000067824,latency-532cefa25ca9.csv
2,532cefa25ca9,2025-10-15T11:41:31.148492,grail,a,666,True,9666b1e279ac,15.295481000066502,latency-532cefa25ca9.csv
2,532cefa25ca9,2025-10-15T11:41:31.274725,shrek,What,104,True,9666b1e279ac,6.284751999828586,latency-532cefa25ca9.csv
2,532cefa25ca9,2025-10-15T11:41:31.389482,shrek3,to,511,True,9666b1e279ac,9.182187000078557,latency-532cefa25ca9.csv
2,532cefa25ca9,2025-10-15T11:41:31.509447,grail,-,259,True,9666b1e279ac,4.870125999786978,latency-532cefa25ca9.csv
2,532cefa25ca9,2025-10-15T11:41:31.619713,shrek3,of,275,True,22aa058432c1,5.622599000162154,latency-532cefa25ca9.csv
2,532cefa25ca9,2025-10-15T11:41:31.730983,shrek3,supposed,11,True,22aa058432c1,7.404148999739846,latency-532cefa25ca9.csv
2,532cefa25ca9,2025-10-15T11:41:31.846955,shrek3,"Suddenly,",0,True,22aa058432c1,8.230044999891106,latency-532cefa25ca9.csv
2,532cefa25ca9,2025-10-15T11:41:31.962742,shrek,will,16,True,22aa058432c1,5.851608999819291,latency-532cefa25ca9.csv
2,532cefa25ca9,2025-10-15T11:41:32.074267,shrek3,of,275,True,22aa058432c1,6.964263000099891,latency-532cefa25ca9.csv
2,532cefa25ca9,2025-10-15T11:41:32.187459,shrek,FARQUAAD,84,True,5f108ddc428c,12.081545000000917,latency-532cefa25ca9.csv
1,5b0960e4b496,2025-10-15T11:41:25.738794,shrek3,Im,1,False,9666b1e279ac,14.590825000141194,latency-5b0960e4b496.csv
1,5b0960e4b496,2025-10-15T11:41:25.858442,shrek3,SHREK,678,True,9666b1e279ac,6.785706999835384,latency-5b0960e4b496.csv
1,5b0960e4b496,2025-10-15T11:41:25.974568,shrek3,Im,1,True,9666b1e279ac,5.931776000124955,latency-5b0960e4b496.csv
1,5b0960e4b496,2025-10-15T11:41:26.085183,shrek3,-,110,True,9666b1e279ac,5.056670000158192,latency-5b0960e4b496.csv
1,5b0960e4b496,2025-10-15T11:41:26.196211,shrek3,PRINCE,207,True,22aa058432c1,10.193034000167245,latency-5b0960e4b496.csv
1,5b0960e4b496,2025-10-15T11:41:26.313644,grail,time,33,False,9666b1e279ac,16.471446999730688,latency-5b0960e4b496.csv
1,5b0960e4b496,2025-10-15T11:41:26.435892,shrek,you,409,True,9666b1e279ac,9.694824000234805,latency-5b0960e4b496.csv
1,5b0960e4b496,2025-10-15T11:41:26.552345,shrek3,get,39,True,5f108ddc428c,5.507490000127291,latency-5b0960e4b496.csv
1,5b0960e4b496,2025-10-15T11:41:26.664216,grail,Footnote,4,False,5f108ddc428c,20.416620000105468,latency-5b0960e4b496.csv
1,5b0960e4b496,2025-10-15T11:41:26.790923,grail,54,2,True,22aa058432c1,8.33095100006176,latency-5b0960e4b496.csv
1,5b0960e4b496,2025-10-15T11:41:26.908341,shrek,No,114,False,9666b1e279ac,23.949781999817787,latency-5b0960e4b496.csv
1,5b0960e4b496,2025-10-15T11:41:27.039576,shrek3,to,511,False,22aa058432c1,18.389822999779422,latency-5b0960e4b496.csv
1,5b0960e4b496,2025-10-15T11:41:27.166243,grail,is,317,False,5f108ddc428c,51.98704100030227,latency-5b0960e4b496.csv
1,5b0960e4b496,2025-10-15T11:41:27.330516,shrek3,and,576,True,5f108ddc428c,9.462633000111964,latency-5b0960e4b496.csv
1,5b0960e4b496,2025-10-15T11:41:27.448303,grail,the,1600,True,9666b1e279ac,10.496782999780407,latency-5b0960e4b496.csv
1,5b0960e4b496,2025-10-15T11:41:27.576680,shrek,lay,2,True,22aa058432c1,8.743960000174411,latency-5b0960e4b496.csv
1,5b0960e4b496,2025-10-15T11:41:27.693151,grail,the,1600,True,22aa058432c1,6.049955999969825,latency-5b0960e4b496.csv
1,5b0960e4b496,2025-10-15T11:41:27.805838,grail,is,317,True,22aa058432c1,7.0410439998340735,latency-5b0960e4b496.csv
1,5b0960e4b496,2025-10-15T11:41:27.920786,grail,Who’s,3,False,22aa058432c1,15.35276699996757,latency-5b0960e4b496.csv
1,5b0960e4b496,2025-10-15T11:41:28.044333,shrek,cottage,4,True,22aa058432c1,8.631330000298476,latency-5b0960e4b496.csv
2,5b0960e4b496,2025-10-15T11:41:28.169232,shrek3,Im,1,True,9666b1e279ac,11.909801000001607,latency-5b0960e4b496.csv
2,5b0960e4b496,2025-10-15T11:41:28.289658,shrek3,SHREK,678,True,9666b1e279ac,6.211019000147644,latency-5b0960e4b496.csv
2,5b0960e4b496,2025-10-15T11:41:28.402394,shrek3,Im,1,True,9666b1e279ac,24.45903099987845,latency-5b0960e4b496.csv
2,5b0960e4b496,2025-10-15T11:41:28.538637,shrek3,-,110,True,22aa058432c1,8.788852000179759,latency-5b0960e4b496.csv
2,5b0960e4b496,2025-10-15T11:41:28.654538,shrek3,PRINCE,207,True,22aa058432c1,6.552177000230586,latency-5b0960e4b496.csv
2,5b0960e4b496,2025-10-15T11:41:28.768249,grail,time,33,True,9666b1e279ac,6.720931000018027,latency-5b0960e4b496.csv
2,5b0960e4b496,2025-10-15T11:41:28.882891,shrek,you,409,True,9666b1e279ac,5.381243999636354,latency-5b0960e4b496.csv
2,5b0960e4b496,2025-10-15T11:41:28.994201,shrek3,get,39,True,22aa058432c1,10.78529400001571,latency-5b0960e4b496.csv
2,5b0960e4b496,2025-10-15T11:41:29.113132,grail,Footnote,4,True,5f108ddc428c,11.871176000113335,latency-5b0960e4b496.csv
2,5b0960e4b496,2025-10-15T11:41:29.233485,grail,54,2,True,9666b1e279ac,6.155852000119921,latency-5b0960e4b496.csv
2,5b0960e4b496,2025-10-15T11:41:29.351483,shrek,No,114,True,5f108ddc428c,5.975735999982135,latency-5b0960e4b496.csv
2,5b0960e4b496,2025-10-15T11:41:29.465018,shrek3,to,511,True,9666b1e279ac,4.729217000203789,latency-5b0960e4b496.csv
2,5b0960e4b496,2025-10-15T11:41:29.576698,grail,is,317,True,22aa058432c1,16.96242700018047,latency-5b0960e4b496.csv
2,5b0960e4b496,2025-10-15T11:41:29.705694,shrek3,and,576,True,9666b1e279ac,30.486168000152247,latency-5b0960e4b496.csv
2,5b0960e4b496,2025-10-15T11:41:29.861923,grail,the,1600,True,22aa058432c1,8.666009000080521,latency-5b0960e4b496.csv
2,5b0960e4b496,2025-10-15T11:41:29.992342,shrek,lay,2,True,22aa058432c1,10.177764000218303,latency-5b0960e4b496.csv
2,5b0960e4b496,2025-10-15T11:41:30.109377,grail,the,1600,True,22aa058432c1,10.129197999958706,latency-5b0960e4b496.csv
2,5b0960e4b496,2025-10-15T11:41:30.233126,grail,is,317,True,22aa058432c1,6.187423000028502,latency-5b0960e4b496.csv
2,5b0960e4b496,2025-10-15T11:41:30.346351,grail,Who’s,3,True,22aa058432c1,8.025878999887937,latency-5b0960e4b496.csv
2,5b0960e4b496,2025-10-15T11:41:30.461287,shrek,cottage,4,True,9666b1e279ac,20.93282799978624,latency-5b0960e4b496.csv
1,5e95857f6e90,2025-10-15T11:41:41.617777,shrek3,WHITE,45,True,22aa058432c1,6.715337000059662,latency-5e95857f6e90.csv
1,5e95857f6e90,2025-10-15T11:41:41.730261,grail,the,1600,True,22aa058432c1,5.765083999904164,latency-5e95857f6e90.csv
1,5e95857f6e90,2025-10-15T11:41:41.841202,shrek3,get,39,True,22aa058432c1,8.450220999748126,latency-5e95857f6e90.csv
1,5e95857f6e90,2025-10-15T11:41:41.963462,shrek,one,44,True,22aa058432c1,5.484498999976495,latency-5e95857f6e90.csv
1,5e95857f6e90,2025-10-15T11:41:42.074905,grail,"lute,",0,False,22aa058432c1,31.283133000215457,latency-5e95857f6e90.csv
1,5e95857f6e90,2025-10-15T11:41:42.214412,grail,cross,13,True,9666b1e279ac,5.602346000159741,latency-5e95857f6e90.csv
1,5e95857f6e90,2025-10-15T11:41:42.325570,grail,grabbing,5,True,9666b1e279ac,6.181483000091248,latency-5e95857f6e90.csv
1,5e95857f6e90,2025-10-15T11:41:42.437892,shrek3,Im,1,True,9666b1e279ac,5.534960000204592,latency-5e95857f6e90.csv
1,5e95857f6e90,2025-10-15T11:41:42.549164,grail,for,118,True,9666b1e279ac,6.555215999924258,latency-5e95857f6e90.csv
1,5e95857f6e90,2025-10-15T11:41:42.661713,shrek,FIONA,211,True,9666b1e279ac,7.925576000161527,latency-5e95857f6e90.csv
1,5e95857f6e90,2025-10-15T11:41:42.778030,grail,To,718,True,9666b1e279ac,6.39513900023303,latency-5e95857f6e90.csv
1,5e95857f6e90,2025-10-15T11:41:42.889705,grail,few,8,True,9666b1e279ac,7.986929999788117,latency-5e95857f6e90.csv
1,5e95857f6e90,2025-10-15T11:41:43.003181,shrek3,him,87,True,9666b1e279ac,6.776149999950576,latency-5e95857f6e90.csv
1,5e95857f6e90,2025-10-15T11:41:43.115771,shrek3,CHARMING,232,True,22aa058432c1,6.277774999944086,latency-5e95857f6e90.csv
1,5e95857f6e90,2025-10-15T11:41:43.227319,shrek3,TO,511,True,9666b1e279ac,6.753832999947917,latency-5e95857f6e90.csv
1,5e95857f6e90,2025-10-15T11:41:43.341214,shrek,FIONA,211,True,22aa058432c1,4.643923000003269,latency-5e95857f6e90.csv
1,5e95857f6e90,2025-10-15T11:41:43.451331,grail,grabbing,5,True,22aa058432c1,6.134901999757858,latency-5e95857f6e90.csv
1,5e95857f6e90,2025-10-15T11:41:43.563265,shrek3,wont,0,True,5f108ddc428c,6.23864900035187,latency-5e95857f6e90.csv
1,5e95857f6e90,2025-10-15T11:41:43.674632,shrek,tale,7,True,5f108ddc428c,6.754863999958616,latency-5e95857f6e90.csv
1,5e95857f6e90,2025-10-15T11:41:43.786629,shrek,DONKEY,320,True,9666b1e279ac,8.10675299999275,latency-5e95857f6e90.csv
2,5e95857f6e90,2025-10-15T11:41:43.904255,shrek3,WHITE,45,True,9666b1e279ac,5.098876999909408,latency-5e95857f6e90.csv
2,5e95857f6e90,2025-10-15T11:41:44.017121,grail,the,1600,True,9666b1e279ac,6.756848000350146,latency-5e95857f6e90.csv
2,5e95857f6e90,2025-10-15T11:41:44.131428,shrek3,get,39,True,22aa058432c1,7.791676000124426,latency-5e95857f6e90.csv
2,5e95857f6e90,2025-10-15T11:41:44.249272,shrek,one,44,True,22aa058432c1,12.492032999944058,latency-5e95857f6e90.csv
2,5e95857f6e90,2025-10-15T11:41:44.371570,grail,"lute,",0,True,22aa058432c1,9.776826000233996,latency-5e95857f6e90.csv
2,5e95857f6e90,2025-10-15T11:41:44.489194,grail,cross,13,True,22aa058432c1,7.211461999759194,latency-5e95857f6e90.csv
2,5e95857f6e90,2025-10-15T11:41:44.604892,grail,grabbing,5,True,22aa058432c1,8.433868000338407,latency-5e95857f6e90.csv
2,5e95857f6e90,2025-10-15T11:41:44.722470,shrek3,Im,1,True,22aa058432c1,6.97813299984773,latency-5e95857f6e90.csv
2,5e95857f6e90,2025-10-15T11:41:44.836540,grail,for,118,True,22aa058432c1,7.77258800007985,latency-5e95857f6e90.csv
2,5e95857f6e90,2025-10-15T11:41:44.951416,shrek,FIONA,211,True,22aa058432c1,8.952787999987777,latency-5e95857f6e90.csv
2,5e95857f6e90,2025-10-15T11:41:45.072393,grail,To,718,True,22aa058432c1,8.664935000069818,latency-5e95857f6e90.csv
2,5e95857f6e90,2025-10-15T11:41:45.189802,grail,few,8,True,22aa058432c1,6.25185099988812,latency-5e95857f6e90.csv
2,5e95857f6e90,2025-10-15T11:41:45.301901,shrek3,him,87,True,22aa058432c1,7.399793000331556,latency-5e95857f6e90.csv
2,5e95857f6e90,2025-10-15T11:41:45.416626,shrek3,CHARMING,232,True,9666b1e279ac,5.94469299994671,latency-5e95857f6e90.csv
2,5e95857f6e90,2025-10-15T11:41:45.528560,shrek3,TO,511,True,22aa058432c1,7.393260999833728,latency-5e95857f6e90.csv
2,5e95857f6e90,2025-10-15T11:41:45.643297,shrek,FIONA,211,True,22aa058432c1,7.282304000000295,latency-5e95857f6e90.csv
2,5e95857f6e90,2025-10-15T11:41:45.758458,grail,grabbing,5,True,22aa058432c1,8.553887999823928,latency-5e95857f6e90.csv
2,5e95857f6e90,2025-10-15T11:41:45.874499,shrek3,wont,0,True,22aa058432c1,5.373592000069039,latency-5e95857f6e90.csv
2,5e95857f6e90,2025-10-15T11:41:45.985387,shrek,tale,7,True,22aa058432c1,8.016017000045395,latency-5e95857f6e90.csv
2,5e95857f6e90,2025-10-15T11:41:46.100184,shrek,DONKEY,320,True,22aa058432c1,6.354373999784002,latency-5e95857f6e90.csv
1,5fa07e73342b,2025-10-15T11:41:40.017603,grail,To,718,True,22aa058432c1,4.811011000128929,latency-5fa07e73342b.csv
1,5fa07e73342b,2025-10-15T11:41:40.129328,shrek,its,1,True,22aa058432c1,5.125958999997238,latency-5fa07e73342b.csv
1,5fa07e73342b,2025-10-15T11:41:40.242998,grail,chops,3,True,22aa058432c1,5.271361000268371,latency-5fa07e73342b.csv
1,5fa07e73342b,2025-10-15T11:41:40.354607,shrek3,SCHOOL,14,True,22aa058432c1,5.169804999695771,latency-5fa07e73342b.csv
1,5fa07e73342b,2025-10-15T11:41:40.465077,shrek,on,88,True,22aa058432c1,4.82319999991887,latency-5fa07e73342b.csv
1,5fa07e73342b,2025-10-15T11:41:40.575046,shrek,SHREK,433,True,22aa058432c1,8.820073999686429,latency-5fa07e73342b.csv
1,5fa07e73342b,2025-10-15T11:41:40.690167,shrek,DONKEY,320,True,22aa058432c1,5.957686000328977,latency-5fa07e73342b.csv
1,5fa07e73342b,2025-10-15T11:41:40.802327,grail,a,666,True,22aa058432c1,5.349941000076797,latency-5fa07e73342b.csv
1,5fa07e73342b,2025-10-15T11:41:40.912725,shrek,his,48,True,22aa058432c1,6.015167999976256,latency-5fa07e73342b.csv
1,5fa07e73342b,2025-10-15T11:41:41.024797,shrek3,ARTIE,213,True,5f108ddc428c,12.658263000048464,latency-5fa07e73342b.csv
1,5fa07e73342b,2025-10-15T11:41:41.148944,grail,is,317,True,22aa058432c1,11.045886999909271,latency-5fa07e73342b.csv
1,5fa07e73342b,2025-10-15T11:41:41.270586,shrek3,SHREK,678,True,22aa058432c1,23.04644099967845,latency-5fa07e73342b.csv
1,5fa07e73342b,2025-10-15T11:41:41.407955,grail,Auuuuuuuugh,2,True,22aa058432c1,12.26254199991672,latency-5fa07e73342b.csv
1,5fa07e73342b,2025-10-15T11:41:41.534118,shrek3,at,134,True,9666b1e279ac,11.074260999976104,latency-5fa07e73342b.csv
1,5fa07e73342b,2025-10-15T11:41:41.653149,shrek3,the,1285,True,22aa058432c1,8.168729000317398,latency-5fa07e73342b.csv
1,5fa07e73342b,2025-10-15T11:41:41.776657,shrek,its,1,True,9666b1e279ac,8.791049000137718,latency-5fa07e73342b.csv
1,5fa07e73342b,2025-10-15T11:41:41.891698,shrek3,decree,1,True,9666b1e279ac,9.197589999985212,latency-5fa07e73342b.csv
1,5fa07e73342b,2025-10-15T11:41:42.010182,grail,GALAHAD,87,True,9666b1e279ac,7.61223700010305,latency-5fa07e73342b.csv
1,5fa07e73342b,2025-10-15T11:41:42.123296,grail,the,1600,True,9666b1e279ac,9.178166999845416,latency-5fa07e73342b.csv
1,5fa07e73342b,2025-10-15T11:41:42.240774,shrek,baby,3,True,9666b1e279ac,8.961781000380142,latency-5fa07e73342b.csv
2,5fa07e73342b,2025-10-15T11:41:42.361415,grail,To,718,True,22aa058432c1,9.30095200010328,latency-5fa07e73342b.csv
2,5fa07e73342b,2025-10-15T11:41:42.478473,shrek,its,1,True,22aa058432c1,8.456437999939226,latency-5fa07e73342b.csv
2,5fa07e73342b,2025-10-15T11:41:42.594033,grail,chops,3,True,22aa058432c1,11.268492999988666,latency-5fa07e73342b.csv
2,5fa07e73342b,2025-10-15T11:41:42.711954,shrek3,SCHOOL,14,True,22aa058432c1,18.325398999877507,latency-5fa07e73342b.csv
2,5fa07e73342b,2025-10-15T11:41:42.839758,shrek,on,88,True,9666b1e279ac,5.815481999889016,latency-5fa07e73342b.csv
2,5fa07e73342b,2025-10-15T11:41:42.954558,shrek,SHREK,433,True,9666b1e279ac,10.170082000058756,latency-5fa07e73342b.csv
2,5fa07e73342b,2025-10-15T11:41:43.075578,shrek,DONKEY,320,True,9666b1e279ac,10.15144400025747,latency-5fa07e73342b.csv
2,5fa07e73342b,2025-10-15T11:41:43.194902,grail,a,666,True,22aa058432c1,11.04686100006802,latency-5fa07e73342b.csv
2,5fa07e73342b,2025-10-15T11:41:43.315622,shrek,his,48,True,9666b1e279ac,5.143182999745477,latency-5fa07e73342b.csv
2,5fa07e73342b,2025-10-15T11:41:43.426991,shrek3,ARTIE,213,True,22aa058432c1,9.716308999941248,latency-5fa07e73342b.csv
2,5fa07e73342b,2025-10-15T11:41:43.544679,grail,is,317,True,22aa058432c1,6.273241999679158,latency-5fa07e73342b.csv
2,5fa07e73342b,2025-10-15T11:41:43.655812,shrek3,SHREK,678,True,22aa058432c1,6.006742999943526,latency-5fa07e73342b.csv
2,5fa07e73342b,2025-10-15T11:41:43.768194,grail,Auuuuuuuugh,2,True,22aa058432c1,5.338943999959156,latency-5fa07e73342b.csv
2,5fa07e73342b,2025-10-15T11:41:43.879096,shrek3,at,134,True,22aa058432c1,5.164345000139292,latency-5fa07e73342b.csv
2,5fa07e73342b,2025-10-15T11:41:43.988730,shrek3,the,1285,True,22aa058432c1,5.605483000181266,latency-5fa07e73342b.csv
2,5fa07e73342b,2025-10-15T11:41:44.099628,shrek,its,1,True,22aa058432c1,4.67287799983751,latency-5fa07e73342b.csv
2,5fa07e73342b,2025-10-15T11:41:44.209333,shrek3,decree,1,True,22aa058432c1,7.127438000225084,latency-5fa07e73342b.csv
2,5fa07e73342b,2025-10-15T11:41:44.322360,grail,GALAHAD,87,True,22aa058432c1,6.092619999890303,latency-5fa07e73342b.csv
2,5fa07e73342b,2025-10-15T11:41:44.434088,grail,the,1600,True,22aa058432c1,5.2883009998367925,latency-5fa07e73342b.csv
2,5fa07e73342b,2025-10-15T11:41:44.544463,shrek,baby,3,True,22aa058432c1,5.625467999834655,latency-5fa07e73342b.csv
1,6c72fd18247f,2025-10-15T11:41:29.862185,shrek3,ho,8,True,22aa058432c1,9.041784000146436,latency-6c72fd18247f.csv
1,6c72fd18247f,2025-10-15T11:41:29.996562,grail,To,718,True,9666b1e279ac,7.181435999882524,latency-6c72fd18247f.csv
1,6c72fd18247f,2025-10-15T11:41:30.117097,shrek,DONKEY,320,True,9666b1e279ac,7.928197999717668,latency-6c72fd18247f.csv
1,6c72fd18247f,2025-10-15T11:41:30.234482,shrek,Is,132,True,22aa058432c1,4.953903999648901,latency-6c72fd18247f.csv
1,6c72fd18247f,2025-10-15T11:41:30.346429,shrek,Nobody,4,True,22aa058432c1,7.242585000312829,latency-6c72fd18247f.csv
1,6c72fd18247f,2025-10-15T11:41:30.460326,shrek,lay,2,True,9666b1e279ac,10.993683999913628,latency-6c72fd18247f.csv
1,6c72fd18247f,2025-10-15T11:41:30.593240,shrek3,reason,2,True,22aa058432c1,7.089336999797524,latency-6c72fd18247f.csv
1,6c72fd18247f,2025-10-15T11:41:30.710205,grail,king,136,True,22aa058432c1,4.650468999898294,latency-6c72fd18247f.csv
1,6c72fd18247f,2025-10-15T11:41:30.821572,shrek3,Ahh,8,True,22aa058432c1,5.705069999748957,latency-6c72fd18247f.csv
1,6c72fd18247f,2025-10-15T11:41:30.933729,grail,TV,2,False,22aa058432c1,21.36763999988034,latency-6c72fd18247f.csv
1,6c72fd18247f,2025-10-15T11:41:31.072876,shrek,SHREK,433,True,9666b1e279ac,7.281837999926211,latency-6c72fd18247f.csv
1,6c72fd18247f,2025-10-15T11:41:31.186405,shrek3,flaming,2,True,9666b1e279ac,8.744850000311999,latency-6c72fd18247f.csv
1,6c72fd18247f,2025-10-15T11:41:31.301359,shrek3,SCHOOL,14,False,9666b1e279ac,14.469344000190176,latency-6c72fd18247f.csv
1,6c72fd18247f,2025-10-15T11:41:31.422767,grail,Jones,7,False,22aa058432c1,39.20264999987921,latency-6c72fd18247f.csv
1,6c72fd18247f,2025-10-15T11:41:31.569200,shrek,Aah,6,True,5f108ddc428c,7.141384000078688,latency-6c72fd18247f.csv
1,6c72fd18247f,2025-10-15T11:41:31.684718,shrek3,Shrek,678,True,22aa058432c1,6.691989000046306,latency-6c72fd18247f.csv
1,6c72fd18247f,2025-10-15T11:41:31.797176,shrek,SHREK,433,True,22aa058432c1,5.36526900032186,latency-6c72fd18247f.csv
1,6c72fd18247f,2025-10-15T11:41:31.909632,shrek3,WHITE,45,False,5f108ddc428c,24.59441999963019,latency-6c72fd18247f.csv
1,6c72fd18247f,2025-10-15T11:41:32.041828,shrek,happily,2,True,5f108ddc428c,4.697500000020227,latency-6c72fd18247f.csv
1,6c72fd18247f,2025-10-15T11:41:32.152343,shrek3,CHARMING,232,True,9666b1e279ac,9.916378000070836,latency-6c72fd18247f.csv
2,6c72fd18247f,2025-10-15T11:41:32.270720,shrek3,ho,8,True,5f108ddc428c,8.005695000065316,latency-6c72fd18247f.csv
2,6c72fd18247f,2025-10-15T11:41:32.386212,grail,To,718,True,5f108ddc428c,8.73679100004665,latency-6c72fd18247f.csv
2,6c72fd18247f,2025-10-15T11:41:32.502579,shrek,DONKEY,320,True,5f108ddc428c,7.695413999954326,latency-6c72fd18247f.csv
2,6c72fd18247f,2025-10-15T11:41:32.619196,shrek,Is,132,True,5f108ddc428c,10.539366000102746,latency-6c72fd18247f.csv
2,6c72fd18247f,2025-10-15T11:41:32.737019,shrek,Nobody,4,True,5f108ddc428c,8.015287000034732,latency-6c72fd18247f.csv
2,6c72fd18247f,2025-10-15T11:41:32.851465,shrek,lay,2,True,22aa058432c1,7.2817059999579214,latency-6c72fd18247f.csv
2,6c72fd18247f,2025-10-15T11:41:32.964639,shrek3,reason,2,True,5f108ddc428c,6.819211000220093,latency-6c72fd18247f.csv
2,6c72fd18247f,2025-10-15T11:41:33.078703,grail,king,136,True,22aa058432c1,4.943293999986054,latency-6c72fd18247f.csv
2,6c72fd18247f,2025-10-15T11:41:33.189071,shrek3,Ahh,8,True,9666b1e279ac,10.253891000047588,latency-6c72fd18247f.csv
2,6c72fd18247f,2025-10-15T11:41:33.307806,grail,TV,2,True,22aa058432c1,10.216559000127743,latency-6c72fd18247f.csv
2,6c72fd18247f,2025-10-15T11:41:33.426845,shrek,SHREK,433,True,9666b1e279ac,27.13461299981645,latency-6c72fd18247f.csv
2,6c72fd18247f,2025-10-15T11:41:33.565942,shrek3,flaming,2,True,22aa058432c1,4.437394999968092,latency-6c72fd18247f.csv
2,6c72fd18247f,2025-10-15T11:41:33.678692,shrek3,SCHOOL,14,True,22aa058432c1,5.514493999726255,latency-6c72fd18247f.csv
2,6c72fd18247f,2025-10-15T11:41:33.791640,grail,Jones,7,True,22aa058432c1,6.337565000194445,latency-6c72fd18247f.csv
2,6c72fd18247f,2025-10-15T11:41:33.905753,shrek,Aah,6,True,22aa058432c1,7.427274999827205,latency-6c72fd18247f.csv
2,6c72fd18247f,2025-10-15T11:41:34.022724,shrek3,Shrek,678,True,22aa058432c1,5.559707999964303,latency-6c72fd18247f.csv
2,6c72fd18247f,2025-10-15T11:41:34.132878,shrek,SHREK,433,True,22aa058432c1,4.7085870000955765,latency-6c72fd18247f.csv
2,6c72fd18247f,2025-10-15T11:41:34.242552,shrek3,WHITE,45,True,22aa058432c1,9.4016040002316,latency-6c72fd18247f.csv
2,6c72fd18247f,2025-10-15T11:41:34.364501,shrek,happily,2,True,22aa058432c1,5.059320000327716,latency-6c72fd18247f.csv
2,6c72fd18247f,2025-10-15T11:41:34.474994,shrek3,CHARMING,232,True,22aa058432c1,5.768704000274738,latency-6c72fd18247f.csv
1,6d1d45e8c5c9,2025-10-15T11:41:34.796061,shrek3,you,328,True,22aa058432c1,5.511432999810495,latency-6d1d45e8c5c9.csv
1,6d1d45e8c5c9,2025-10-15T11:41:34.909369,shrek3,at,134,True,22aa058432c1,6.590537000192853,latency-6d1d45e8c5c9.csv
1,6d1d45e8c5c9,2025-10-15T11:41:35.022432,shrek3,of,275,True,22aa058432c1,5.407405999903858,latency-6d1d45e8c5c9.csv
1,6d1d45e8c5c9,2025-10-15T11:41:35.133246,grail,to,718,True,9666b1e279ac,5.3599590000885655,latency-6d1d45e8c5c9.csv
1,6d1d45e8c5c9,2025-10-15T11:41:35.244579,shrek,tell,25,False,9666b1e279ac,12.985400000161462,latency-6d1d45e8c5c9.csv
1,6d1d45e8c5c9,2025-10-15T11:41:35.366416,grail,the,1600,True,22aa058432c1,10.905528999956005,latency-6d1d45e8c5c9.csv
1,6d1d45e8c5c9,2025-10-15T11:41:35.484063,shrek,He,118,True,22aa058432c1,6.803240999943228,latency-6d1d45e8c5c9.csv
1,6d1d45e8c5c9,2025-10-15T11:41:35.596671,shrek,who,29,True,9666b1e279ac,17.370668000239675,latency-6d1d45e8c5c9.csv
1,6d1d45e8c5c9,2025-10-15T11:41:35.741593,grail,seek,12,True,22aa058432c1,16.60667199985255,latency-6d1d45e8c5c9.csv
1,6d1d45e8c5c9,2025-10-15T11:41:35.870463,shrek,minute,3,True,9666b1e279ac,14.286879999872326,latency-6d1d45e8c5c9.csv
1,6d1d45e8c5c9,2025-10-15T11:41:35.994801,shrek3,TO,511,True,22aa058432c1,8.088801999747375,latency-6d1d45e8c5c9.csv
1,6d1d45e8c5c9,2025-10-15T11:41:36.113745,grail,Auuuuuuuugh,2,True,22aa058432c1,10.281515999849944,latency-6d1d45e8c5c9.csv
1,6d1d45e8c5c9,2025-10-15T11:41:36.234677,shrek3,SHOUTING),0,True,22aa058432c1,9.548439999889524,latency-6d1d45e8c5c9.csv
1,6d1d45e8c5c9,2025-10-15T11:41:36.356996,shrek3,SHOUTING),0,True,22aa058432c1,7.705366000209324,latency-6d1d45e8c5c9.csv
1,6d1d45e8c5c9,2025-10-15T11:41:36.471027,shrek,DONKEY,320,True,22aa058432c1,6.820114000220201,latency-6d1d45e8c5c9.csv
1,6d1d45e8c5c9,2025-10-15T11:41:36.586946,grail,a,666,True,22aa058432c1,5.396243999712169,latency-6d1d45e8c5c9.csv
1,6d1d45e8c5c9,2025-10-15T11:41:36.697690,grail,of,684,True,22aa058432c1,6.734517000040796,latency-6d1d45e8c5c9.csv
1,6d1d45e8c5c9,2025-10-15T11:41:36.811115,grail,feel,11,False,22aa058432c1,11.553429999821674,latency-6d1d45e8c5c9.csv
1,6d1d45e8c5c9,2025-10-15T11:41:36.928713,shrek,on,88,True,22aa058432c1,5.806262000078277,latency-6d1d45e8c5c9.csv
1,6d1d45e8c5c9,2025-10-15T11:41:37.040447,shrek3,Final,119,True,22aa058432c1,7.041974999992817,latency-6d1d45e8c5c9.csv
2,6d1d45e8c5c9,2025-10-15T11:41:37.154433,shrek3,you,328,True,22aa058432c1,10.97050999987914,latency-6d1d45e8c5c9.csv
2,6d1d45e8c5c9,2025-10-15T11:41:37.273213,shrek3,at,134,True,22aa058432c1,4.983152000022528,latency-6d1d45e8c5c9.csv
2,6d1d45e8c5c9,2025-10-15T11:41:37.383719,shrek3,of,275,True,22aa058432c1,8.812648999992234,latency-6d1d45e8c5c9.csv
2,6d1d45e8c5c9,2025-10-15T11:41:37.499344,grail,to,718,True,22aa058432c1,8.150051000029634,latency-6d1d45e8c5c9.csv
2,6d1d45e8c5c9,2025-10-15T11:41:37.613105,shrek,tell,25,True,9666b1e279ac,5.653159000303276,latency-6d1d45e8c5c9.csv
2,6d1d45e8c5c9,2025-10-15T11:41:37.724808,grail,the,1600,True,22aa058432c1,7.011658000010357,latency-6d1d45e8c5c9.csv
2,6d1d45e8c5c9,2025-10-15T11:41:37.837969,shrek,He,118,True,22aa058432c1,23.086951000095723,latency-6d1d45e8c5c9.csv
2,6d1d45e8c5c9,2025-10-15T11:41:37.972393,shrek,who,29,True,22aa058432c1,5.14165899994623,latency-6d1d45e8c5c9.csv
2,6d1d45e8c5c9,2025-10-15T11:41:38.082164,grail,seek,12,True,22aa058432c1,5.175626999971428,latency-6d1d45e8c5c9.csv
2,6d1d45e8c5c9,2025-10-15T11:41:38.192384,shrek,minute,3,True,22aa058432c1,6.52437300004749,latency-6d1d45e8c5c9.csv
2,6d1d45e8c5c9,2025-10-15T11:41:38.305381,shrek3,TO,511,True,5f108ddc428c,7.237423999868042,latency-6d1d45e8c5c9.csv
2,6d1d45e8c5c9,2025-10-15T11:41:38.419791,grail,Auuuuuuuugh,2,True,22aa058432c1,5.198369000027014,latency-6d1d45e8c5c9.csv
2,6d1d45e8c5c9,2025-10-15T11:41:38.529385,shrek3,SHOUTING),0,True,22aa058432c1,5.302476999986538,latency-6d1d45e8c5c9.csv
2,6d1d45e8c5c9,2025-10-15T11:41:38.640981,shrek3,SHOUTING),0,True,22aa058432c1,14.374455000051968,latency-6d1d45e8c5c9.csv
2,6d1d45e8c5c9,2025-10-15T11:41:38.768769,shrek,DONKEY,320,True,9666b1e279ac,7.40659900020546,latency-6d1d45e8c5c9.csv
2,6d1d45e8c5c9,2025-10-15T11:41:38.882045,grail,a,666,True,22aa058432c1,10.18255400003909,latency-6d1d45e8c5c9.csv
2,6d1d45e8c5c9,2025-10-15T11:41:38.997916,grail,of,684,True,5f108ddc428c,7.77163400016434,latency-6d1d45e8c5c9.csv
2,6d1d45e8c5c9,2025-10-15T11:41:39.111140,grail,feel,11,True,5f108ddc428c,7.489847000215377,latency-6d1d45e8c5c9.csv
2,6d1d45e8c5c9,2025-10-15T11:41:39.225402,shrek,on,88,True,5f108ddc428c,6.65157100002034,latency-6d1d45e8c5c9.csv
2,6d1d45e8c5c9,2025-10-15T11:41:39.346120,shrek3,Final,119,True,22aa058432c1,5.613928000002488,latency-6d1d45e8c5c9.csv
1,77d4af9ed6bc,2025-10-15T11:41:36.009046,shrek3,body),0,True,9666b1e279ac,9.650643999975728,latency-77d4af9ed6bc.csv
1,77d4af9ed6bc,2025-10-15T11:41:36.126598,shrek,one,44,True,9666b1e279ac,15.555193000182044,latency-77d4af9ed6bc.csv
1,77d4af9ed6bc,2025-10-15T11:41:36.251503,shrek,And,318,True,9666b1e279ac,18.81415499974537,latency-77d4af9ed6bc.csv
1,77d4af9ed6bc,2025-10-15T11:41:36.383188,grail,since,10,True,9666b1e279ac,8.260495999820705,latency-77d4af9ed6bc.csv
1,77d4af9ed6bc,2025-10-15T11:41:36.499308,grail,are,114,True,22aa058432c1,12.315811999997097,latency-77d4af9ed6bc.csv
1,77d4af9ed6bc,2025-10-15T11:41:36.624711,shrek,its,1,True,22aa058432c1,25.04263299988452,latency-77d4af9ed6bc.csv
1,77d4af9ed6bc,2025-10-15T11:41:36.761007,grail,To,718,True,5f108ddc428c,10.963016000005156,latency-77d4af9ed6bc.csv
1,77d4af9ed6bc,2025-10-15T11:41:36.882192,shrek3,of,275,True,5f108ddc428c,12.511426999935791,latency-77d4af9ed6bc.csv
1,77d4af9ed6bc,2025-10-15T11:41:37.003664,shrek3,Hold,8,True,22aa058432c1,11.991811999905622,latency-77d4af9ed6bc.csv
1,77d4af9ed6bc,2025-10-15T11:41:37.128565,shrek3,cues,3,True,22aa058432c1,7.127621000108775,latency-77d4af9ed6bc.csv
1,77d4af9ed6bc,2025-10-15T11:41:37.247168,shrek,(standing,0,True,9666b1e279ac,9.937226000147348,latency-77d4af9ed6bc.csv
1,77d4af9ed6bc,2025-10-15T11:41:37.366734,grail,to,718,True,22aa058432c1,9.018368999932136,latency-77d4af9ed6bc.csv
1,77d4af9ed6bc,2025-10-15T11:41:37.484361,shrek3,WHITE,45,True,9666b1e279ac,5.680105999999796,latency-77d4af9ed6bc.csv
1,77d4af9ed6bc,2025-10-15T11:41:37.597836,shrek3,what,82,True,9666b1e279ac,3.9855869999883,latency-77d4af9ed6bc.csv
1,77d4af9ed6bc,2025-10-15T11:41:37.707685,shrek3,Ahh,8,True,22aa058432c1,6.875080000099842,latency-77d4af9ed6bc.csv
1,77d4af9ed6bc,2025-10-15T11:41:37.824890,grail,elected,2,False,9666b1e279ac,13.385736999680375,latency-77d4af9ed6bc.csv
1,77d4af9ed6bc,2025-10-15T11:41:37.956415,grail,the,1600,True,22aa058432c1,6.746259999999893,latency-77d4af9ed6bc.csv
1,77d4af9ed6bc,2025-10-15T11:41:38.068954,shrek3,PRINCE,207,True,22aa058432c1,5.235943000116095,latency-77d4af9ed6bc.csv
1,77d4af9ed6bc,2025-10-15T11:41:38.180313,shrek3,the,1285,True,22aa058432c1,6.62515500016525,latency-77d4af9ed6bc.csv
1,77d4af9ed6bc,2025-10-15T11:41:38.293824,grail,"Oh,",2,True,22aa058432c1,6.562011999903916,latency-77d4af9ed6bc.csv
2,77d4af9ed6bc,2025-10-15T11:41:38.407294,shrek3,body),0,True,22aa058432c1,4.763544000070397,latency-77d4af9ed6bc.csv
2,77d4af9ed6bc,2025-10-15T11:41:38.517416,shrek,one,44,True,22aa058432c1,6.057349999991857,latency-77d4af9ed6bc.csv
2,77d4af9ed6bc,2025-10-15T11:41:38.629874,shrek,And,318,True,9666b1e279ac,9.08622099996137,latency-77d4af9ed6bc.csv
2,77d4af9ed6bc,2025-10-15T11:41:38.753865,grail,since,10,True,5f108ddc428c,6.08850100024938,latency-77d4af9ed6bc.csv
2,77d4af9ed6bc,2025-10-15T11:41:38.866500,grail,are,114,True,22aa058432c1,4.8014589997364965,latency-77d4af9ed6bc.csv
2,77d4af9ed6bc,2025-10-15T11:41:38.977804,shrek,its,1,True,22aa058432c1,5.501825000010285,latency-77d4af9ed6bc.csv
2,77d4af9ed6bc,2025-10-15T11:41:39.088390,grail,To,718,True,9666b1e279ac,7.789834000050178,latency-77d4af9ed6bc.csv
2,77d4af9ed6bc,2025-10-15T11:41:39.203745,shrek3,of,275,True,9666b1e279ac,6.1999829999876965,latency-77d4af9ed6bc.csv
2,77d4af9ed6bc,2025-10-15T11:41:39.315825,shrek3,Hold,8,True,22aa058432c1,5.952136999894719,latency-77d4af9ed6bc.csv
2,77d4af9ed6bc,2025-10-15T11:41:39.427371,shrek3,cues,3,True,5f108ddc428c,9.201980999932855,latency-77d4af9ed6bc.csv
2,77d4af9ed6bc,2025-10-15T11:41:39.546430,shrek,(standing,0,True,9666b1e279ac,5.545766000068397,latency-77d4af9ed6bc.csv
2,77d4af9ed6bc,2025-10-15T11:41:39.656913,grail,to,718,True,9666b1e279ac,5.312030999903072,latency-77d4af9ed6bc.csv
2,77d4af9ed6bc,2025-10-15T11:41:39.769299,shrek3,WHITE,45,True,5f108ddc428c,9.13458000013634,latency-77d4af9ed6bc.csv
2,77d4af9ed6bc,2025-10-15T11:41:39.886395,shrek3,what,82,True,22aa058432c1,5.657161999806704,latency-77d4af9ed6bc.csv
2,77d4af9ed6bc,2025-10-15T11:41:39.998071,shrek3,Ahh,8,True,22aa058432c1,5.439348999971116,latency-77d4af9ed6bc.csv
2,77d4af9ed6bc,2025-10-15T11:41:40.108002,grail,elected,2,True,22aa058432c1,4.845258999921498,latency-77d4af9ed6bc.csv
2,77d4af9ed6bc,2025-10-15T11:41:40.217856,grail,the,1600,True,5f108ddc428c,7.511859000260301,latency-77d4af9ed6bc.csv
2,77d4af9ed6bc,2025-10-15T11:41:40.332723,shrek3,PRINCE,207,True,22aa058432c1,6.859360999897035,latency-77d4af9ed6bc.csv
2,77d4af9ed6bc,2025-10-15T11:41:40.446010,shrek3,the,1285,True,22aa058432c1,5.739291999816487,latency-77d4af9ed6bc.csv
2,77d4af9ed6bc,2025-10-15T11:41:40.556586,grail,"Oh,",2,True,22aa058432c1,5.581493000136106,latency-77d4af9ed6bc.csv
1,7ced5a1b1111,2025-10-15T11:41:28.402286,shrek3,me,72,False,9666b1e279ac,26.633936000052927,latency-7ced5a1b1111.csv
1,7ced5a1b1111,2025-10-15T11:41:28.540651,shrek3,them,44,False,5f108ddc428c,17.25094799985527,latency-7ced5a1b1111.csv
1,7ced5a1b1111,2025-10-15T11:41:28.668347,shrek3,with,112,False,22aa058432c1,17.88921900015339,latency-7ced5a1b1111.csv
1,7ced5a1b1111,2025-10-15T11:41:28.795371,shrek3,at,134,False,22aa058432c1,12.615639000159716,latency-7ced5a1b1111.csv
1,7ced5a1b1111,2025-10-15T11:41:28.918140,grail,is,317,True,22aa058432c1,5.369601999973384,latency-7ced5a1b1111.csv
1,7ced5a1b1111,2025-10-15T11:41:29.030954,grail,Aaaaugh,9,False,22aa058432c1,27.23047100016629,latency-7ced5a1b1111.csv
1,7ced5a1b1111,2025-10-15T11:41:29.189780,shrek,DONKEY,320,True,22aa058432c1,4.610597000009875,latency-7ced5a1b1111.csv
1,7ced5a1b1111,2025-10-15T11:41:29.299691,grail,cross,13,False,22aa058432c1,9.620588999950996,latency-7ced5a1b1111.csv
1,7ced5a1b1111,2025-10-15T11:41:29.417241,shrek,I,386,True,22aa058432c1,6.687442000384181,latency-7ced5a1b1111.csv
1,7ced5a1b1111,2025-10-15T11:41:29.530069,shrek,No,114,True,22aa058432c1,8.564475999719434,latency-7ced5a1b1111.csv
1,7ced5a1b1111,2025-10-15T11:41:29.647681,shrek3,its,1,False,22aa058432c1,23.728724999728,latency-7ced5a1b1111.csv
1,7ced5a1b1111,2025-10-15T11:41:29.779199,shrek,don't,72,False,9666b1e279ac,16.783183999905305,latency-7ced5a1b1111.csv
1,7ced5a1b1111,2025-10-15T11:41:29.901964,shrek3,SHREK,678,True,22aa058432c1,17.39100100030555,latency-7ced5a1b1111.csv
1,7ced5a1b1111,2025-10-15T11:41:30.032620,shrek,SHREK,433,True,22aa058432c1,12.894712000161237,latency-7ced5a1b1111.csv
1,7ced5a1b1111,2025-10-15T11:41:30.163410,shrek3,cues,3,False,22aa058432c1,20.22607499975493,latency-7ced5a1b1111.csv
1,7ced5a1b1111,2025-10-15T11:41:30.293099,shrek3,OGRE,39,True,22aa058432c1,11.492580999856727,latency-7ced5a1b1111.csv
1,7ced5a1b1111,2025-10-15T11:41:30.416159,shrek3,TO,511,True,22aa058432c1,11.142539999582368,latency-7ced5a1b1111.csv
1,7ced5a1b1111,2025-10-15T11:41:30.544035,shrek3,of,275,True,22aa058432c1,6.334094000067125,latency-7ced5a1b1111.csv
1,7ced5a1b1111,2025-10-15T11:41:30.659047,shrek3,SHREK,678,True,22aa058432c1,9.726565000164555,latency-7ced5a1b1111.csv
1,7ced5a1b1111,2025-10-15T11:41:30.778267,shrek3,reason,2,True,22aa058432c1,7.758442000067589,latency-7ced5a1b1111.csv
2,7ced5a1b1111,2025-10-15T11:41:30.895382,shrek3,me,72,True,22aa058432c1,10.133071000382188,latency-7ced5a1b1111.csv
2,7ced5a1b1111,2025-10-15T11:41:31.014880,shrek3,them,44,True,22aa058432c1,9.277682000174536,latency-7ced5a1b1111.csv
2,7ced5a1b1111,2025-10-15T11:41:31.139230,shrek3,with,112,True,22aa058432c1,6.919585999639821,latency-7ced5a1b1111.csv
2,7ced5a1b1111,2025-10-15T11:41:31.261955,shrek3,at,134,True,22aa058432c1,5.041053000240936,latency-7ced5a1b1111.csv
2,7ced5a1b1111,2025-10-15T11:41:31.371609,grail,is,317,True,22aa058432c1,6.247038999845245,latency-7ced5a1b1111.csv
2,7ced5a1b1111,2025-10-15T11:41:31.484156,grail,Aaaaugh,9,True,22aa058432c1,6.215026000063517,latency-7ced5a1b1111.csv
2,7ced5a1b1111,2025-10-15T11:41:31.595599,shrek,DONKEY,320,True,9666b1e279ac,7.914262000213057,latency-7ced5a1b1111.csv
2,7ced5a1b1111,2025-10-15T11:41:31.709887,grail,cross,13,True,9666b1e279ac,8.510239999850455,latency-7ced5a1b1111.csv
2,7ced5a1b1111,2025-10-15T11:41:31.824450,shrek,I,386,True,22aa058432c1,14.404899000055591,latency-7ced5a1b1111.csv
2,7ced5a1b1111,2025-10-15T11:41:31.946308,shrek,No,114,True,5f108ddc428c,7.801847999871825,latency-7ced5a1b1111.csv
2,7ced5a1b1111,2025-10-15T11:41:32.060988,shrek3,its,1,True,5f108ddc428c,5.006857000353193,latency-7ced5a1b1111.csv
2,7ced5a1b1111,2025-10-15T11:41:32.172222,shrek,don't,72,True,22aa058432c1,8.661945999847376,latency-7ced5a1b1111.csv
2,7ced5a1b1111,2025-10-15T11:41:32.294190,shrek3,SHREK,678,True,22aa058432c1,7.152934999794525,latency-7ced5a1b1111.csv
2,7ced5a1b1111,2025-10-15T11:41:32.409241,shrek,SHREK,433,True,22aa058432c1,5.758539999987988,latency-7ced5a1b1111.csv
2,7ced5a1b1111,2025-10-15T11:41:32.522729,shrek3,cues,3,True,22aa058432c1,6.387623000136955,latency-7ced5a1b1111.csv
2,7ced5a1b1111,2025-10-15T11:41:32.637783,shrek3,OGRE,39,True,22aa058432c1,9.3845199999123,latency-7ced5a1b1111.csv
2,7ced5a1b1111,2025-10-15T11:41:32.756636,shrek3,TO,511,True,22aa058432c1,5.172815000150877,latency-7ced5a1b1111.csv
2,7ced5a1b1111,2025-10-15T11:41:32.872855,shrek3,of,275,True,22aa058432c1,7.688021999911143,latency-7ced5a1b1111.csv
2,7ced5a1b1111,2025-10-15T11:41:32.990970,shrek3,SHREK,678,True,22aa058432c1,8.133121999890136,latency-7ced5a1b1111.csv
2,7ced5a1b1111,2025-10-15T11:41:33.106710,shrek3,reason,2,True,22aa058432c1,6.153176000225358,latency-7ced5a1b1111.csv
1,8348b2522fb7,2025-10-15T11:41:33.610905,shrek3,"Bay""",0,False,9666b1e279ac,10.230887000034272,latency-8348b2522fb7.csv
1,8348b2522fb7,2025-10-15T11:41:33.726531,shrek,you,409,True,22aa058432c1,6.936429999768734,latency-8348b2522fb7.csv
1,8348b2522fb7,2025-10-15T11:41:33.839625,shrek,the,535,True,22aa058432c1,6.464813000093272,latency-8348b2522fb7.csv
1,8348b2522fb7,2025-10-15T11:41:33.952623,shrek3,DONKEY,243,True,22aa058432c1,6.881517999772768,latency-8348b2522fb7.csv
1,8348b2522fb7,2025-10-15T11:41:34.065143,grail,the,1600,True,22aa058432c1,5.546652999782964,latency-8348b2522fb7.csv
1,8348b2522fb7,2025-10-15T11:41:34.176115,grail,To,718,True,22aa058432c1,6.600893999802793,latency-8348b2522fb7.csv
1,8348b2522fb7,2025-10-15T11:41:34.288779,grail,sell,1,True,5f108ddc428c,8.053192000261333,latency-8348b2522fb7.csv
1,8348b2522fb7,2025-10-15T11:41:34.403763,grail,since,10,True,5f108ddc428c,6.763553999917349,latency-8348b2522fb7.csv
1,8348b2522fb7,2025-10-15T11:41:34.517281,grail,rows,1,True,9666b1e279ac,11.616952999702336,latency-8348b2522fb7.csv
1,8348b2522fb7,2025-10-15T11:41:34.642695,grail,Footnote,4,True,9666b1e279ac,5.394716999944649,latency-8348b2522fb7.csv
1,8348b2522fb7,2025-10-15T11:41:34.754182,shrek,placed,1,False,22aa058432c1,11.510514999827135,latency-8348b2522fb7.csv
1,8348b2522fb7,2025-10-15T11:41:34.871529,shrek3,still,18,True,9666b1e279ac,5.883761999939452,latency-8348b2522fb7.csv
1,8348b2522fb7,2025-10-15T11:41:34.984968,grail,Butts,2,False,9666b1e279ac,12.627929000245786,latency-8348b2522fb7.csv
1,8348b2522fb7,2025-10-15T11:41:35.104035,grail,the,1600,True,22aa058432c1,6.704440000248724,latency-8348b2522fb7.csv
1,8348b2522fb7,2025-10-15T11:41:35.215870,shrek3,fall,6,True,9666b1e279ac,4.992019000383152,latency-8348b2522fb7.csv
1,8348b2522fb7,2025-10-15T11:41:35.327338,shrek3,and,576,True,5f108ddc428c,14.829465000275375,latency-8348b2522fb7.csv
1,8348b2522fb7,2025-10-15T11:41:35.451643,shrek,lay,2,True,9666b1e279ac,5.434644000160915,latency-8348b2522fb7.csv
1,8348b2522fb7,2025-10-15T11:41:35.562973,grail,Gallahad,44,False,5f108ddc428c,36.14087699997981,latency-8348b2522fb7.csv
1,8348b2522fb7,2025-10-15T11:41:35.716180,shrek3,Cinderella,21,True,9666b1e279ac,17.065057999843702,latency-8348b2522fb7.csv
1,8348b2522fb7,2025-10-15T11:41:35.860182,grail,Launcelot,107,True,22aa058432c1,9.467352000228855,latency-8348b2522fb7.csv
2,8348b2522fb7,2025-10-15T11:41:35.985203,shrek3,"Bay""",0,True,9666b1e279ac,5.788342999949236,latency-8348b2522fb7.csv
2,8348b2522fb7,2025-10-15T11:41:36.096288,shrek,you,409,True,9666b1e279ac,7.0962249997137405,latency-8348b2522fb7.csv
2,8348b2522fb7,2025-10-15T11:41:36.211007,shrek,the,535,True,22aa058432c1,6.240005000108795,latency-8348b2522fb7.csv
2,8348b2522fb7,2025-10-15T11:41:36.324530,shrek3,DONKEY,243,True,22aa058432c1,7.904062000307022,latency-8348b2522fb7.csv
2,8348b2522fb7,2025-10-15T11:41:36.439572,grail,the,1600,True,22aa058432c1,7.77648399980535,latency-8348b2522fb7.csv
2,8348b2522fb7,2025-10-15T11:41:36.557332,grail,To,718,True,22aa058432c1,7.623425000019779,latency-8348b2522fb7.csv
2,8348b2522fb7,2025-10-15T11:41:36.672199,grail,sell,1,True,22aa058432c1,9.211505000166651,latency-8348b2522fb7.csv
2,8348b2522fb7,2025-10-15T11:41:36.789614,grail,since,10,True,22aa058432c1,6.94676500006608,latency-8348b2522fb7.csv
2,8348b2522fb7,2025-10-15T11:41:36.903838,grail,rows,1,True,22aa058432c1,9.005836000142153,latency-8348b2522fb7.csv
2,8348b2522fb7,2025-10-15T11:41:37.020060,grail,Footnote,4,True,9666b1e279ac,10.334182999940822,latency-8348b2522fb7.csv
2,8348b2522fb7,2025-10-15T11:41:37.138648,shrek,placed,1,True,9666b1e279ac,9.387407000303938,latency-8348b2522fb7.csv
2,8348b2522fb7,2025-10-15T11:41:37.258028,shrek3,still,18,True,5f108ddc428c,6.866622999950778,latency-8348b2522fb7.csv
2,8348b2522fb7,2025-10-15T11:41:37.371656,grail,Butts,2,True,5f108ddc428c,7.660407000003033,latency-8348b2522fb7.csv
2,8348b2522fb7,2025-10-15T11:41:37.490070,grail,the,1600,True,5f108ddc428c,7.571870999981911,latency-8348b2522fb7.csv
2,8348b2522fb7,2025-10-15T11:41:37.605996,shrek3,fall,6,True,22aa058432c1,5.786007999631693,latency-8348b2522fb7.csv
2,8348b2522fb7,2025-10-15T11:41:37.720895,shrek3,and,576,True,5f108ddc428c,10.078315000100702,latency-8348b2522fb7.csv
2,8348b2522fb7,2025-10-15T11:41:37.837903,shrek,lay,2,True,22aa058432c1,26.403281000057177,latency-8348b2522fb7.csv
2,8348b2522fb7,2025-10-15T11:41:37.987362,grail,Gallahad,44,True,9666b1e279ac,4.944616000102542,latency-8348b2522fb7.csv
2,8348b2522fb7,2025-10-15T11:41:38.098656,shrek3,Cinderella,21,True,9666b1e279ac,5.058486000052653,latency-8348b2522fb7.csv
2,8348b2522fb7,2025-10-15T11:41:38.209806,grail,Launcelot,107,True,22aa058432c1,6.279743000050075,latency-8348b2522fb7.csv
1,8e9b361c99da,2025-10-15T11:41:39.634080,grail,is,317,True,22aa058432c1,5.450521000057051,latency-8e9b361c99da.csv
1,8e9b361c99da,2025-10-15T11:41:39.745253,grail,lost,6,True,22aa058432c1,4.2208840000057535,latency-8e9b361c99da.csv
1,8e9b361c99da,2025-10-15T11:41:39.854483,grail,Auuuuuuuugh,2,True,22aa058432c1,6.359598000017286,latency-8e9b361c99da.csv
1,8e9b361c99da,2025-10-15T11:41:39.967459,shrek3,did,14,True,22aa058432c1,5.497347000073205,latency-8e9b361c99da.csv
1,8e9b361c99da,2025-10-15T11:41:40.077959,grail,king,136,True,22aa058432c1,4.414500000166299,latency-8e9b361c99da.csv
1,8e9b361c99da,2025-10-15T11:41:40.187235,shrek,tale,7,True,22aa058432c1,6.692865999866626,latency-8e9b361c99da.csv
1,8e9b361c99da,2025-10-15T11:41:40.301133,grail,LTD,6,True,9666b1e279ac,6.6154860001006455,latency-8e9b361c99da.csv
1,8e9b361c99da,2025-10-15T11:41:40.414227,shrek3,Im,1,True,5f108ddc428c,5.9526969998842105,latency-8e9b361c99da.csv
1,8e9b361c99da,2025-10-15T11:41:40.525536,shrek,DONKEY,320,True,5f108ddc428c,8.124511000005441,latency-8e9b361c99da.csv
1,8e9b361c99da,2025-10-15T11:41:40.640337,shrek,cottage,4,True,22aa058432c1,8.197764000215102,latency-8e9b361c99da.csv
1,8e9b361c99da,2025-10-15T11:41:40.761510,grail,feel,11,True,5f108ddc428c,9.251812999991673,latency-8e9b361c99da.csv
1,8e9b361c99da,2025-10-15T11:41:40.878288,grail,going,21,True,5f108ddc428c,10.794143000111944,latency-8e9b361c99da.csv
1,8e9b361c99da,2025-10-15T11:41:40.999596,grail,pseudonym,1,True,9666b1e279ac,13.63647000016499,latency-8e9b361c99da.csv
1,8e9b361c99da,2025-10-15T11:41:41.127966,shrek,gone,3,False,9666b1e279ac,14.31005999984336,latency-8e9b361c99da.csv
1,8e9b361c99da,2025-10-15T11:41:41.253953,grail,GALAHAD,87,True,9666b1e279ac,6.791362000058143,latency-8e9b361c99da.csv
1,8e9b361c99da,2025-10-15T11:41:41.376176,shrek,the,535,True,22aa058432c1,6.758867000371538,latency-8e9b361c99da.csv
1,8e9b361c99da,2025-10-15T11:41:41.489501,shrek3,MERLIN,73,True,22aa058432c1,6.610417000047164,latency-8e9b361c99da.csv
1,8e9b361c99da,2025-10-15T11:41:41.602363,shrek3,DWARF,10,True,22aa058432c1,4.9375539997527085,latency-8e9b361c99da.csv
1,8e9b361c99da,2025-10-15T11:41:41.712032,shrek,FARQUAAD,84,True,22aa058432c1,4.850694000197109,latency-8e9b361c99da.csv
1,8e9b361c99da,2025-10-15T11:41:41.822504,shrek,GORDO,5,True,9666b1e279ac,9.202680000271355,latency-8e9b361c99da.csv
2,8e9b361c99da,2025-10-15T11:41:41.938321,grail,is,317,True,22aa058432c1,4.824397999982466,latency-8e9b361c99da.csv
2,8e9b361c99da,2025-10-15T11:41:42.047875,grail,lost,6,True,22aa058432c1,7.1727009999449365,latency-8e9b361c99da.csv
2,8e9b361c99da,2025-10-15T11:41:42.161582,grail,Auuuuuuuugh,2,True,22aa058432c1,6.016857999838976,latency-8e9b361c99da.csv
2,8e9b361c99da,2025-10-15T11:41:42.273368,shrek3,did,14,True,22aa058432c1,6.946321999748761,latency-8e9b361c99da.csv
2,8e9b361c99da,2025-10-15T11:41:42.387092,grail,king,136,True,22aa058432c1,7.978223000009166,latency-8e9b361c99da.csv
2,8e9b361c99da,2025-10-15T11:41:42.501761,shrek,tale,7,True,22aa058432c1,6.328078000024107,latency-8e9b361c99da.csv
2,8e9b361c99da,2025-10-15T11:41:42.613767,grail,LTD,6,True,22aa058432c1,7.997636000254715,latency-8e9b361c99da.csv
2,8e9b361c99da,2025-10-15T11:41:42.728371,shrek3,Im,1,True,9666b1e279ac,9.341630000108124,latency-8e9b361c99da.csv
2,8e9b361c99da,2025-10-15T11:41:42.844180,shrek,DONKEY,320,True,5f108ddc428c,8.188167000298563,latency-8e9b361c99da.csv
2,8e9b361c99da,2025-10-15T11:41:42.958295,shrek,cottage,4,True,5f108ddc428c,10.07628899969859,latency-8e9b361c99da.csv
2,8e9b361c99da,2025-10-15T11:41:43.077488,grail,feel,11,True,9666b1e279ac,9.808393000184878,latency-8e9b361c99da.csv
2,8e9b361c99da,2025-10-15T11:41:43.195275,grail,going,21,True,22aa058432c1,10.188281999944593,latency-8e9b361c99da.csv
2,8e9b361c99da,2025-10-15T11:41:43.313483,grail,pseudonym,1,True,22aa058432c1,6.588984999780223,latency-8e9b361c99da.csv
2,8e9b361c99da,2025-10-15T11:41:43.427012,shrek,gone,3,True,22aa058432c1,9.42759700001261,latency-8e9b361c99da.csv
2,8e9b361c99da,2025-10-15T11:41:43.546008,grail,GALAHAD,87,True,9666b1e279ac,5.4631259999951,latency-8e9b361c99da.csv
2,8e9b361c99da,2025-10-15T11:41:43.666057,shrek,the,535,True,9666b1e279ac,7.879340999807027,latency-8e9b361c99da.csv
2,8e9b361c99da,2025-10-15T11:41:43.781578,shrek3,MERLIN,73,True,22aa058432c1,8.85597600017718,latency-8e9b361c99da.csv
2,8e9b361c99da,2025-10-15T11:41:43.901117,shrek3,DWARF,10,True,22aa058432c1,6.726914999944711,latency-8e9b361c99da.csv
2,8e9b361c99da,2025-10-15T11:41:44.014786,shrek,FARQUAAD,84,True,22aa058432c1,8.646287999908964,latency-8e9b361c99da.csv
2,8e9b361c99da,2025-10-15T11:41:44.131430,shrek,GORDO,5,True,22aa058432c1,8.304253000005701,latency-8e9b361c99da.csv
1,8ee837df0dcb,2025-10-15T11:41:36.873308,shrek,ogre,27,True,22aa058432c1,6.426919000205089,latency-8ee837df0dcb.csv
1,8ee837df0dcb,2025-10-15T11:41:36.993026,shrek3,cues,3,True,22aa058432c1,5.317626999840286,latency-8ee837df0dcb.csv
1,8ee837df0dcb,2025-10-15T11:41:37.104679,shrek3,bed,10,True,22aa058432c1,4.503298000145151,latency-8ee837df0dcb.csv
1,8ee837df0dcb,2025-10-15T11:41:37.214502,shrek,swamp,18,True,22aa058432c1,4.735631000130525,latency-8ee837df0dcb.csv
1,8ee837df0dcb,2025-10-15T11:41:37.324427,shrek,swamp,18,True,22aa058432c1,4.318058000080782,latency-8ee837df0dcb.csv
1,8ee837df0dcb,2025-10-15T11:41:37.434029,shrek3,his,238,False,9666b1e279ac,13.966271000299455,latency-8ee837df0dcb.csv
1,8ee837df0dcb,2025-10-15T11:41:37.553855,shrek3,get,39,True,22aa058432c1,4.234056000314013,latency-8ee837df0dcb.csv
1,8ee837df0dcb,2025-10-15T11:41:37.663607,grail,feel,11,True,22aa058432c1,3.9511039999524655,latency-8ee837df0dcb.csv
1,8ee837df0dcb,2025-10-15T11:41:37.772979,grail,the,1600,True,22aa058432c1,5.605441000170686,latency-8ee837df0dcb.csv
1,8ee837df0dcb,2025-10-15T11:41:37.884576,shrek3,SCHOOL,14,True,22aa058432c1,10.756569000022864,latency-8ee837df0dcb.csv
1,8ee837df0dcb,2025-10-15T11:41:38.011489,grail,I,298,True,22aa058432c1,5.246943000202009,latency-8ee837df0dcb.csv
1,8ee837df0dcb,2025-10-15T11:41:38.125051,shrek3,116,1,True,22aa058432c1,4.576550999900064,latency-8ee837df0dcb.csv
1,8ee837df0dcb,2025-10-15T11:41:38.237542,shrek,FARQUAAD,84,True,22aa058432c1,8.480142000280466,latency-8ee837df0dcb.csv
1,8ee837df0dcb,2025-10-15T11:41:38.357565,grail,right,66,True,22aa058432c1,4.848404999847844,latency-8ee837df0dcb.csv
1,8ee837df0dcb,2025-10-15T11:41:38.471037,shrek3,Cinderella,21,True,22aa058432c1,4.710890999831463,latency-8ee837df0dcb.csv
1,8ee837df0dcb,2025-10-15T11:41:38.581779,grail,cross,13,True,22aa058432c1,4.590006999933394,latency-8ee837df0dcb.csv
1,8ee837df0dcb,2025-10-15T11:41:38.706943,grail,rows,1,True,22aa058432c1,6.422770999961358,latency-8ee837df0dcb.csv
1,8ee837df0dcb,2025-10-15T11:41:38.819440,shrek,placed,1,True,22aa058432c1,3.8871659999131225,latency-8ee837df0dcb.csv
1,8ee837df0dcb,2025-10-15T11:41:38.928063,shrek3,PRINCE,207,True,22aa058432c1,4.903847000150563,latency-8ee837df0dcb.csv
1,8ee837df0dcb,2025-10-15T11:41:39.038643,grail,the,1600,True,22aa058432c1,7.8080250000311935,latency-8ee837df0dcb.csv
2,8ee837df0dcb,2025-10-15T11:41:39.153110,shrek,ogre,27,True,22aa058432c1,5.351592999886634,latency-8ee837df0dcb.csv
2,8ee837df0dcb,2025-10-15T11:41:39.263416,shrek3,cues,3,True,22aa058432c1,4.973351999979059,latency-8ee837df0dcb.csv
2,8ee837df0dcb,2025-10-15T11:41:39.373847,shrek3,bed,10,True,22aa058432c1,7.129109999823413,latency-8ee837df0dcb.csv
2,8ee837df0dcb,2025-10-15T11:41:39.488266,shrek,swamp,18,True,22aa058432c1,7.760382000014943,latency-8ee837df0dcb.csv
2,8ee837df0dcb,2025-10-15T11:41:39.602575,shrek,swamp,18,True,22aa058432c1,5.734497000048577,latency-8ee837df0dcb.csv
2,8ee837df0dcb,2025-10-15T11:41:39.713747,shrek3,his,238,True,22aa058432c1,5.298214000049484,latency-8ee837df0dcb.csv
2,8ee837df0dcb,2025-10-15T11:41:39.825183,shrek3,get,39,True,22aa058432c1,8.402321000176016,latency-8ee837df0dcb.csv
2,8ee837df0dcb,2025-10-15T11:41:39.943729,grail,feel,11,True,22aa058432c1,11.838383999929649,latency-8ee837df0dcb.csv
2,8ee837df0dcb,2025-10-15T11:41:40.061588,grail,the,1600,True,22aa058432c1,6.014051999954972,latency-8ee837df0dcb.csv
2,8ee837df0dcb,2025-10-15T11:41:40.173850,shrek3,SCHOOL,14,True,22aa058432c1,6.183697000324173,latency-8ee837df0dcb.csv
2,8ee837df0dcb,2025-10-15T11:41:40.286142,grail,I,298,True,22aa058432c1,7.649807999769109,latency-8ee837df0dcb.csv
2,8ee837df0dcb,2025-10-15T11:41:40.401021,shrek3,116,1,True,22aa058432c1,7.085770000230696,latency-8ee837df0dcb.csv
2,8ee837df0dcb,2025-10-15T11:41:40.514694,shrek,FARQUAAD,84,True,22aa058432c1,8.240014999955747,latency-8ee837df0dcb.csv
2,8ee837df0dcb,2025-10-15T11:41:40.631925,grail,right,66,True,22aa058432c1,8.415760999923805,latency-8ee837df0dcb.csv
2,8ee837df0dcb,2025-10-15T11:41:40.752392,shrek3,Cinderella,21,True,22aa058432c1,7.071347999954014,latency-8ee837df0dcb.csv
2,8ee837df0dcb,2025-10-15T11:41:40.868491,grail,cross,13,True,22aa058432c1,6.134420000307728,latency-8ee837df0dcb.csv
2,8ee837df0dcb,2025-10-15T11:41:40.984503,grail,rows,1,True,22aa058432c1,7.325788000343891,latency-8ee837df0dcb.csv
2,8ee837df0dcb,2025-10-15T11:41:41.103241,shrek,placed,1,True,22aa058432c1,7.058336999762105,latency-8ee837df0dcb.csv
2,8ee837df0dcb,2025-10-15T11:41:41.218316,shrek3,PRINCE,207,True,22aa058432c1,7.437288999881275,latency-8ee837df0dcb.csv
2,8ee837df0dcb,2025-10-15T11:41:41.332601,grail,the,1600,True,22aa058432c1,7.629874000031123,latency-8ee837df0dcb.csv
1,9289f6d96089,2025-10-15T11:41:41.293613,grail,chops,3,True,9666b1e279ac,12.390021000101116,latency-9289f6d96089.csv
1,9289f6d96089,2025-10-15T11:41:41.416818,shrek3,EVIL,59,True,5f108ddc428c,13.28616199998578,latency-9289f6d96089.csv
1,9289f6d96089,2025-10-15T11:41:41.540948,grail,to,718,True,22aa058432c1,6.779621999612573,latency-9289f6d96089.csv
1,9289f6d96089,2025-10-15T11:41:41.655229,shrek,stairs,7,False,22aa058432c1,16.543453999929625,latency-9289f6d96089.csv
1,9289f6d96089,2025-10-15T11:41:41.778590,grail,king,136,True,9666b1e279ac,7.969045999743685,latency-9289f6d96089.csv
1,9289f6d96089,2025-10-15T11:41:41.892674,shrek,DONKEY,320,True,9666b1e279ac,10.091598999679263,latency-9289f6d96089.csv
1,9289f6d96089,2025-10-15T11:41:42.011820,shrek3,me,72,True,9666b1e279ac,6.551983999997901,latency-9289f6d96089.csv
1,9289f6d96089,2025-10-15T11:41:42.124009,grail,the,1600,True,9666b1e279ac,9.041667000019515,latency-9289f6d96089.csv
1,9289f6d96089,2025-10-15T11:41:42.240954,grail,to,718,True,9666b1e279ac,10.425424000004568,latency-9289f6d96089.csv
1,9289f6d96089,2025-10-15T11:41:42.363155,grail,are,114,True,22aa058432c1,8.353963999979896,latency-9289f6d96089.csv
1,9289f6d96089,2025-10-15T11:41:42.478729,grail,"Peng,",0,True,22aa058432c1,8.219562000249425,latency-9289f6d96089.csv
1,9289f6d96089,2025-10-15T11:41:42.594061,shrek,Blah,1,True,22aa058432c1,10.629189999690425,latency-9289f6d96089.csv
1,9289f6d96089,2025-10-15T11:41:42.711325,shrek,happily,2,True,22aa058432c1,10.516606000237516,latency-9289f6d96089.csv
1,9289f6d96089,2025-10-15T11:41:42.836973,grail,Rostmm,1,True,22aa058432c1,5.733646999942721,latency-9289f6d96089.csv
1,9289f6d96089,2025-10-15T11:41:42.951552,grail,Who’s,3,True,22aa058432c1,10.462220000135858,latency-9289f6d96089.csv
1,9289f6d96089,2025-10-15T11:41:43.071733,shrek,and,318,True,22aa058432c1,6.193136000092636,latency-9289f6d96089.csv
1,9289f6d96089,2025-10-15T11:41:43.185923,grail,Christ,8,True,22aa058432c1,4.4344249999994645,latency-9289f6d96089.csv
1,9289f6d96089,2025-10-15T11:41:43.295783,shrek,SHREK,433,True,22aa058432c1,5.895416999919689,latency-9289f6d96089.csv
1,9289f6d96089,2025-10-15T11:41:43.406882,grail,I,298,True,22aa058432c1,5.852177999713604,latency-9289f6d96089.csv
1,9289f6d96089,2025-10-15T11:41:43.518003,shrek3,"meet""",0,True,22aa058432c1,4.52385000016875,latency-9289f6d96089.csv
2,9289f6d96089,2025-10-15T11:41:43.628182,grail,chops,3,True,22aa058432c1,5.096713000057207,latency-9289f6d96089.csv
2,9289f6d96089,2025-10-15T11:41:43.738463,shrek3,EVIL,59,True,22aa058432c1,6.509601000288967,latency-9289f6d96089.csv
2,9289f6d96089,2025-10-15T11:41:43.850873,grail,to,718,True,22aa058432c1,4.300230000353622,latency-9289f6d96089.csv
2,9289f6d96089,2025-10-15T11:41:43.959982,shrek,stairs,7,True,22aa058432c1,4.443031999926461,latency-9289f6d96089.csv
2,9289f6d96089,2025-10-15T11:41:44.068703,grail,king,136,True,22aa058432c1,4.236871000102838,latency-9289f6d96089.csv
2,9289f6d96089,2025-10-15T11:41:44.177597,shrek,DONKEY,320,True,22aa058432c1,6.557786000030319,latency-9289f6d96089.csv
2,9289f6d96089,2025-10-15T11:41:44.289727,shrek3,me,72,True,22aa058432c1,5.504767000275024,latency-9289f6d96089.csv
2,9289f6d96089,2025-10-15T11:41:44.400931,grail,the,1600,True,22aa058432c1,4.588113999943744,latency-9289f6d96089.csv
2,9289f6d96089,2025-10-15T11:41:44.510318,grail,to,718,True,22aa058432c1,4.026362000331574,latency-9289f6d96089.csv
2,9289f6d96089,2025-10-15T11:41:44.619094,grail,are,114,True,9666b1e279ac,6.535571999847889,latency-9289f6d96089.csv
2,9289f6d96089,2025-10-15T11:41:44.730862,grail,"Peng,",0,True,5f108ddc428c,6.28132200017717,latency-9289f6d96089.csv
2,9289f6d96089,2025-10-15T11:41:44.842028,shrek,Blah,1,True,9666b1e279ac,5.087170000024344,latency-9289f6d96089.csv
2,9289f6d96089,2025-10-15T11:41:44.953002,shrek,happily,2,True,22aa058432c1,8.789506000084657,latency-9289f6d96089.csv
2,9289f6d96089,2025-10-15T11:41:45.071424,grail,Rostmm,1,True,22aa058432c1,8.918788000300992,latency-9289f6d96089.csv
2,9289f6d96089,2025-10-15T11:41:45.191431,grail,Who’s,3,True,9666b1e279ac,5.095331000120496,latency-9289f6d96089.csv
2,9289f6d96089,2025-10-15T11:41:45.302465,shrek,and,318,True,22aa058432c1,6.264959999953135,latency-9289f6d96089.csv
2,9289f6d96089,2025-10-15T11:41:45.415359,grail,Christ,8,True,22aa058432c1,6.261970000196016,latency-9289f6d96089.csv
2,9289f6d96089,2025-10-15T11:41:45.527699,shrek,SHREK,433,True,22aa058432c1,6.666927999958716,latency-9289f6d96089.csv
2,9289f6d96089,2025-10-15T11:41:45.642173,grail,I,298,True,22aa058432c1,6.994580000082351,latency-9289f6d96089.csv
2,9289f6d96089,2025-10-15T11:41:45.757641,shrek3,"meet""",0,True,22aa058432c1,7.578425999781757,latency-9289f6d96089.csv
1,97ffaa4d4b67,2025-10-15T11:41:30.331732,shrek,But,73,True,9666b1e279ac,6.657202000042162,latency-97ffaa4d4b67.csv
1,97ffaa4d4b67,2025-10-15T11:41:30.447355,grail,going,21,False,22aa058432c1,16.48611099972186,latency-97ffaa4d4b67.csv
1,97ffaa4d4b67,2025-10-15T11:41:30.571586,grail,grabbing,5,True,22aa058432c1,6.190398999933677,latency-97ffaa4d4b67.csv
1,97ffaa4d4b67,2025-10-15T11:41:30.683726,shrek3,They,80,True,22aa058432c1,5.281104999994568,latency-97ffaa4d4b67.csv
1,97ffaa4d4b67,2025-10-15T11:41:30.794656,shrek3,Donkey,243,True,22aa058432c1,6.89503000012337,latency-97ffaa4d4b67.csv
1,97ffaa4d4b67,2025-10-15T11:41:30.906562,grail,dancing,10,False,5f108ddc428c,16.32099800008291,latency-97ffaa4d4b67.csv
1,97ffaa4d4b67,2025-10-15T11:41:31.030622,shrek3,did,14,True,22aa058432c1,12.361058999886154,latency-97ffaa4d4b67.csv
1,97ffaa4d4b67,2025-10-15T11:41:31.153119,grail,LTD,6,True,5f108ddc428c,11.50894199963659,latency-97ffaa4d4b67.csv
1,97ffaa4d4b67,2025-10-15T11:41:31.272668,grail,toward,10,True,22aa058432c1,6.396991000201524,latency-97ffaa4d4b67.csv
1,97ffaa4d4b67,2025-10-15T11:41:31.386736,shrek,And,318,True,22aa058432c1,9.66986999992514,latency-97ffaa4d4b67.csv
1,97ffaa4d4b67,2025-10-15T11:41:31.505727,shrek,(standing,0,False,22aa058432c1,10.093217999838089,latency-97ffaa4d4b67.csv
1,97ffaa4d4b67,2025-10-15T11:41:31.621439,shrek3,ARTIE,213,True,9666b1e279ac,5.138203000115027,latency-97ffaa4d4b67.csv
1,97ffaa4d4b67,2025-10-15T11:41:31.732336,shrek3,time,23,True,22aa058432c1,9.574169000188704,latency-97ffaa4d4b67.csv
1,97ffaa4d4b67,2025-10-15T11:41:31.850520,grail,Jones,7,True,9666b1e279ac,7.559020999906352,latency-97ffaa4d4b67.csv
1,97ffaa4d4b67,2025-10-15T11:41:31.965360,shrek3,CHARMING,232,True,9666b1e279ac,4.959760000019742,latency-97ffaa4d4b67.csv
1,97ffaa4d4b67,2025-10-15T11:41:32.076342,shrek,token,1,True,5f108ddc428c,6.537858999763557,latency-97ffaa4d4b67.csv
1,97ffaa4d4b67,2025-10-15T11:41:32.190089,shrek3,what,82,True,9666b1e279ac,9.686943999895448,latency-97ffaa4d4b67.csv
1,97ffaa4d4b67,2025-10-15T11:41:32.306920,grail,Who’s,3,True,5f108ddc428c,7.2909639998215425,latency-97ffaa4d4b67.csv
1,97ffaa4d4b67,2025-10-15T11:41:32.420094,grail,thus,5,True,22aa058432c1,6.578759000149148,latency-97ffaa4d4b67.csv
1,97ffaa4d4b67,2025-10-15T11:41:32.532651,grail,I,298,True,22aa058432c1,7.447083999977622,latency-97ffaa4d4b67.csv
2,97ffaa4d4b67,2025-10-15T11:41:32.647918,shrek,But,73,True,22aa058432c1,8.621892999599368,latency-97ffaa4d4b67.csv
2,97ffaa4d4b67,2025-10-15T11:41:32.764102,grail,going,21,True,22aa058432c1,7.704066999849601,latency-97ffaa4d4b67.csv
2,97ffaa4d4b67,2025-10-15T11:41:32.878118,grail,grabbing,5,True,9666b1e279ac,12.082171000201924,latency-97ffaa4d4b67.csv
2,97ffaa4d4b67,2025-10-15T11:41:32.996856,shrek3,They,80,True,9666b1e279ac,8.220046000133152,latency-97ffaa4d4b67.csv
2,97ffaa4d4b67,2025-10-15T11:41:33.111518,shrek3,Donkey,243,True,9666b1e279ac,6.359732999953849,latency-97ffaa4d4b67.csv
2,97ffaa4d4b67,2025-10-15T11:41:33.224801,grail,dancing,10,True,9666b1e279ac,6.297050999819476,latency-97ffaa4d4b67.csv
2,97ffaa4d4b67,2025-10-15T11:41:33.336780,shrek3,did,14,True,9666b1e279ac,5.875887000001967,latency-97ffaa4d4b67.csv
2,97ffaa4d4b67,2025-10-15T11:41:33.448514,grail,LTD,6,True,22aa058432c1,16.42984299996897,latency-97ffaa4d4b67.csv
2,97ffaa4d4b67,2025-10-15T11:41:33.571976,grail,toward,10,True,9666b1e279ac,7.931760999781545,latency-97ffaa4d4b67.csv
2,97ffaa4d4b67,2025-10-15T11:41:33.685441,shrek,And,318,True,9666b1e279ac,8.918093999909615,latency-97ffaa4d4b67.csv
2,97ffaa4d4b67,2025-10-15T11:41:33.799862,shrek,(standing,0,True,9666b1e279ac,9.116530000028432,latency-97ffaa4d4b67.csv
2,97ffaa4d4b67,2025-10-15T11:41:33.915972,shrek3,ARTIE,213,True,9666b1e279ac,11.410265999984404,latency-97ffaa4d4b67.csv
2,97ffaa4d4b67,2025-10-15T11:41:34.035626,shrek3,time,23,True,22aa058432c1,5.3340640001806605,latency-97ffaa4d4b67.csv
2,97ffaa4d4b67,2025-10-15T11:41:34.147501,grail,Jones,7,True,22aa058432c1,4.264964999947551,latency-97ffaa4d4b67.csv
2,97ffaa4d4b67,2025-10-15T11:41:34.259225,shrek3,CHARMING,232,True,9666b1e279ac,11.15173300013339,latency-97ffaa4d4b67.csv
2,97ffaa4d4b67,2025-10-15T11:41:34.378882,shrek,token,1,True,22aa058432c1,6.443933000355173,latency-97ffaa4d4b67.csv
2,97ffaa4d4b67,2025-10-15T11:41:34.491011,shrek3,what,82,True,22aa058432c1,6.57627999999022,latency-97ffaa4d4b67.csv
2,97ffaa4d4b67,2025-10-15T11:41:34.605594,grail,Who’s,3,True,22aa058432c1,8.50372199965932,latency-97ffaa4d4b67.csv
2,97ffaa4d4b67,2025-10-15T11:41:34.723295,grail,thus,5,True,22aa058432c1,5.669732000114891,latency-97ffaa4d4b67.csv
2,97ffaa4d4b67,2025-10-15T11:41:34.834743,grail,I,298,True,22aa058432c1,5.5341530000987404,latency-97ffaa4d4b67.csv
1,a6afdf1e46d4,2025-10-15T11:41:32.347044,shrek3,ho,8,True,22aa058432c1,4.802219999874069,latency-a6afdf1e46d4.csv
1,a6afdf1e46d4,2025-10-15T11:41:32.457910,shrek3,of,275,True,22aa058432c1,6.177383000249392,latency-a6afdf1e46d4.csv
1,a6afdf1e46d4,2025-10-15T11:41:32.569797,shrek3,us,12,True,22aa058432c1,4.956014000072173,latency-a6afdf1e46d4.csv
1,a6afdf1e46d4,2025-10-15T11:41:32.680173,grail,from,94,False,22aa058432c1,13.310979999914707,latency-a6afdf1e46d4.csv
1,a6afdf1e46d4,2025-10-15T11:41:32.800622,shrek,and,318,True,22aa058432c1,4.343651999988651,latency-a6afdf1e46d4.csv
1,a6afdf1e46d4,2025-10-15T11:41:32.911544,shrek3,me,72,True,22aa058432c1,10.781031000078656,latency-a6afdf1e46d4.csv
1,a6afdf1e46d4,2025-10-15T11:41:33.030981,shrek3,toward,14,True,22aa058432c1,4.5596820000355365,latency-a6afdf1e46d4.csv
1,a6afdf1e46d4,2025-10-15T11:41:33.140835,shrek,SHREK,433,True,9666b1e279ac,6.624502999784454,latency-a6afdf1e46d4.csv
1,a6afdf1e46d4,2025-10-15T11:41:33.255599,grail,king,136,True,9666b1e279ac,4.927909999878466,latency-a6afdf1e46d4.csv
1,a6afdf1e46d4,2025-10-15T11:41:33.365219,shrek,SHREK,433,True,9666b1e279ac,5.186057000173605,latency-a6afdf1e46d4.csv
1,a6afdf1e46d4,2025-10-15T11:41:33.477247,shrek,DONKEY,320,True,9666b1e279ac,7.348491000357171,latency-a6afdf1e46d4.csv
1,a6afdf1e46d4,2025-10-15T11:41:33.591578,shrek3,SCHOOL,14,True,9666b1e279ac,5.611402999875281,latency-a6afdf1e46d4.csv
1,a6afdf1e46d4,2025-10-15T11:41:33.701902,shrek3,an,51,False,9666b1e279ac,14.840741999705642,latency-a6afdf1e46d4.csv
1,a6afdf1e46d4,2025-10-15T11:41:33.823348,shrek,baby,3,True,22aa058432c1,6.077960999846255,latency-a6afdf1e46d4.csv
1,a6afdf1e46d4,2025-10-15T11:41:33.934911,shrek,on,88,True,5f108ddc428c,8.606969000084064,latency-a6afdf1e46d4.csv
1,a6afdf1e46d4,2025-10-15T11:41:34.050297,shrek3,right,36,True,22aa058432c1,7.636577000084799,latency-a6afdf1e46d4.csv
1,a6afdf1e46d4,2025-10-15T11:41:34.163650,grail,To,718,True,22aa058432c1,5.446813000162365,latency-a6afdf1e46d4.csv
1,a6afdf1e46d4,2025-10-15T11:41:34.276963,shrek,FARQUAAD,84,True,22aa058432c1,8.400962999985495,latency-a6afdf1e46d4.csv
1,a6afdf1e46d4,2025-10-15T11:41:34.394468,shrek3,through,43,True,22aa058432c1,6.205052000041178,latency-a6afdf1e46d4.csv
1,a6afdf1e46d4,2025-10-15T11:41:34.509747,shrek,FIONA'S,3,True,22aa058432c1,6.366520000028686,latency-a6afdf1e46d4.csv
2,a6afdf1e46d4,2025-10-15T11:41:34.625062,shrek3,ho,8,True,22aa058432c1,6.700837000153115,latency-a6afdf1e46d4.csv
2,a6afdf1e46d4,2025-10-15T11:41:34.738530,shrek3,of,275,True,22aa058432c1,5.49133900040033,latency-a6afdf1e46d4.csv
2,a6afdf1e46d4,2025-10-15T11:41:34.850417,shrek3,us,12,True,9666b1e279ac,6.952069999897503,latency-a6afdf1e46d4.csv
2,a6afdf1e46d4,2025-10-15T11:41:34.963437,grail,from,94,True,9666b1e279ac,6.402265999895462,latency-a6afdf1e46d4.csv
2,a6afdf1e46d4,2025-10-15T11:41:35.076595,shrek,and,318,True,22aa058432c1,15.982874000201264,latency-a6afdf1e46d4.csv
2,a6afdf1e46d4,2025-10-15T11:41:35.200034,shrek3,me,72,True,9666b1e279ac,4.160938000040915,latency-a6afdf1e46d4.csv
2,a6afdf1e46d4,2025-10-15T11:41:35.309869,shrek3,toward,14,True,22aa058432c1,9.165585999653558,latency-a6afdf1e46d4.csv
2,a6afdf1e46d4,2025-10-15T11:41:35.433802,shrek,SHREK,433,True,9666b1e279ac,6.018905000019004,latency-a6afdf1e46d4.csv
2,a6afdf1e46d4,2025-10-15T11:41:35.545307,grail,king,136,True,9666b1e279ac,8.341077000295627,latency-a6afdf1e46d4.csv
2,a6afdf1e46d4,2025-10-15T11:41:35.689083,shrek,SHREK,433,True,22aa058432c1,7.970850999754475,latency-a6afdf1e46d4.csv
2,a6afdf1e46d4,2025-10-15T11:41:35.808462,shrek,DONKEY,320,True,22aa058432c1,9.466219999922032,latency-a6afdf1e46d4.csv
2,a6afdf1e46d4,2025-10-15T11:41:35.932134,shrek3,SCHOOL,14,True,22aa058432c1,6.271878000006836,latency-a6afdf1e46d4.csv
2,a6afdf1e46d4,2025-10-15T11:41:36.044657,shrek3,an,51,True,22aa058432c1,4.7602530003132415,latency-a6afdf1e46d4.csv
2,a6afdf1e46d4,2025-10-15T11:41:36.154794,shrek,baby,3,True,22aa058432c1,11.301304000426171,latency-a6afdf1e46d4.csv
2,a6afdf1e46d4,2025-10-15T11:41:36.272988,shrek,on,88,True,22aa058432c1,11.174741999639082,latency-a6afdf1e46d4.csv
2,a6afdf1e46d4,2025-10-15T11:41:36.391132,shrek3,right,36,True,5f108ddc428c,7.506858999931865,latency-a6afdf1e46d4.csv
2,a6afdf1e46d4,2025-10-15T11:41:36.504945,grail,To,718,True,9666b1e279ac,11.575050999908854,latency-a6afdf1e46d4.csv
2,a6afdf1e46d4,2025-10-15T11:41:36.626537,shrek,FARQUAAD,84,True,9666b1e279ac,11.026915000002193,latency-a6afdf1e46d4.csv
2,a6afdf1e46d4,2025-10-15T11:41:36.745421,shrek3,through,43,True,22aa058432c1,6.818180000209395,latency-a6afdf1e46d4.csv
2,a6afdf1e46d4,2025-10-15T11:41:36.859703,shrek,FIONA'S,3,True,22aa058432c1,7.054429000163509,latency-a6afdf1e46d4.csv
1,b912fb5de936,2025-10-15T11:41:25.183360,grail,Launcelot,107,False,9666b1e279ac,10.010961999796564,latency-b912fb5de936.csv
1,b912fb5de936,2025-10-15T11:41:25.299362,shrek3,time,23,False,9666b1e279ac,19.98484700015979,latency-b912fb5de936.csv
1,b912fb5de936,2025-10-15T11:41:25.427061,grail,Yeah,13,False,9666b1e279ac,10.185117999753857,latency-b912fb5de936.csv
1,b912fb5de936,2025-10-15T11:41:25.542548,shrek,you,409,False,9666b1e279ac,12.4676619998354,latency-b912fb5de936.csv
1,b912fb5de936,2025-10-15T11:41:25.660771,shrek3,PUSS,196,False,22aa058432c1,14.15156599978218,latency-b912fb5de936.csv
1,b912fb5de936,2025-10-15T11:41:25.781125,shrek,FIONA,211,True,22aa058432c1,9.02886399990166,latency-b912fb5de936.csv
1,b912fb5de936,2025-10-15T11:41:25.896261,shrek3,-,110,False,22aa058432c1,23.923355000079027,latency-b912fb5de936.csv
1,b912fb5de936,2025-10-15T11:41:26.025793,shrek3,the,1285,True,22aa058432c1,5.115372000091156,latency-b912fb5de936.csv
1,b912fb5de936,2025-10-15T11:41:26.136048,shrek,who,29,False,22aa058432c1,20.034301000123374,latency-b912fb5de936.csv
1,b912fb5de936,2025-10-15T11:41:26.262898,shrek,afraid,8,True,22aa058432c1,7.400707000215334,latency-b912fb5de936.csv
1,b912fb5de936,2025-10-15T11:41:26.377231,shrek,at,62,False,22aa058432c1,14.357687000028818,latency-b912fb5de936.csv
1,b912fb5de936,2025-10-15T11:41:26.498818,shrek,Shrek,433,True,9666b1e279ac,5.0428879999344645,latency-b912fb5de936.csv
1,b912fb5de936,2025-10-15T11:41:26.609389,shrek,who,29,True,9666b1e279ac,4.392212999846379,latency-b912fb5de936.csv
1,b912fb5de936,2025-10-15T11:41:26.718942,grail,To,718,True,22aa058432c1,5.290388000048552,latency-b912fb5de936.csv
1,b912fb5de936,2025-10-15T11:41:26.829532,grail,since,10,False,22aa058432c1,14.469473999724867,latency-b912fb5de936.csv
1,b912fb5de936,2025-10-15T11:41:26.950354,grail,pause,10,False,22aa058432c1,13.934159000200452,latency-b912fb5de936.csv
1,b912fb5de936,2025-10-15T11:41:27.070477,shrek,old,10,False,22aa058432c1,13.998374000038892,latency-b912fb5de936.csv
1,b912fb5de936,2025-10-15T11:41:27.194680,grail,the,1600,True,9666b1e279ac,7.101058999978704,latency-b912fb5de936.csv
1,b912fb5de936,2025-10-15T11:41:27.313249,shrek3,TO,511,True,9666b1e279ac,6.951403000130085,latency-b912fb5de936.csv
1,b912fb5de936,2025-10-15T11:41:27.427601,shrek3,the,1285,True,22aa058432c1,6.824882999808324,latency-b912fb5de936.csv
2,b912fb5de936,2025-10-15T11:41:27.540580,grail,Launcelot,107,True,9666b1e279ac,8.652852000068378,latency-b912fb5de936.csv
2,b912fb5de936,2025-10-15T11:41:27.662176,shrek3,time,23,True,9666b1e279ac,14.19487500015748,latency-b912fb5de936.csv
2,b912fb5de936,2025-10-15T11:41:27.784519,grail,Yeah,13,True,5f108ddc428c,10.512055000162944,latency-b912fb5de936.csv
2,b912fb5de936,2025-10-15T11:41:27.905007,shrek,you,409,True,9666b1e279ac,18.45531100025255,latency-b912fb5de936.csv
2,b912fb5de936,2025-10-15T11:41:28.049718,shrek3,PUSS,196,True,5f108ddc428c,7.689669000228605,latency-b912fb5de936.csv
2,b912fb5de936,2025-10-15T11:41:28.171699,shrek,FIONA,211,True,5f108ddc428c,12.686777999988408,latency-b912fb5de936.csv
2,b912fb5de936,2025-10-15T11:41:28.305181,shrek3,-,110,True,9666b1e279ac,8.495420999679482,latency-b912fb5de936.csv
2,b912fb5de936,2025-10-15T11:41:28.420044,shrek3,the,1285,True,22aa058432c1,27.591985000071872,latency-b912fb5de936.csv
2,b912fb5de936,2025-10-15T11:41:28.563677,shrek,who,29,True,22aa058432c1,9.446798000226408,latency-b912fb5de936.csv
2,b912fb5de936,2025-10-15T11:41:28.684973,shrek,afraid,8,True,5f108ddc428c,8.11424999983501,latency-b912fb5de936.csv
2,b912fb5de936,2025-10-15T11:41:28.807566,shrek,at,62,True,5f108ddc428c,9.517763999610906,latency-b912fb5de936.csv
2,b912fb5de936,2025-10-15T11:41:28.932039,shrek,Shrek,433,True,22aa058432c1,8.40676000007079,latency-b912fb5de936.csv
2,b912fb5de936,2025-10-15T11:41:29.049988,shrek,who,29,True,22aa058432c1,40.16840199983562,latency-b912fb5de936.csv
2,b912fb5de936,2025-10-15T11:41:29.220622,grail,To,718,True,9666b1e279ac,4.441703000338748,latency-b912fb5de936.csv
2,b912fb5de936,2025-10-15T11:41:29.333729,grail,since,10,True,9666b1e279ac,5.577587000061612,latency-b912fb5de936.csv
2,b912fb5de936,2025-10-15T11:41:29.443395,grail,pause,10,True,5f108ddc428c,6.666144000064378,latency-b912fb5de936.csv
2,b912fb5de936,2025-10-15T11:41:29.556204,shrek,old,10,True,22aa058432c1,7.502654999825609,latency-b912fb5de936.csv
2,b912fb5de936,2025-10-15T11:41:29.674518,grail,the,1600,True,9666b1e279ac,12.01614800038442,latency-b912fb5de936.csv
2,b912fb5de936,2025-10-15T11:41:29.812027,shrek3,TO,511,True,22aa058432c1,5.335656000170275,latency-b912fb5de936.csv
2,b912fb5de936,2025-10-15T11:41:29.925241,shrek3,the,1285,True,9666b1e279ac,23.41777099991305,latency-b912fb5de936.csv
1,c120f448d4df,2025-10-15T11:41:24.623187,shrek,DONKEY,320,False,22aa058432c1,17.083157999877585,latency-c120f448d4df.csv
1,c120f448d4df,2025-10-15T11:41:24.745762,shrek,INSIDE,16,False,9666b1e279ac,29.655180999725417,latency-c120f448d4df.csv
1,c120f448d4df,2025-10-15T11:41:24.880591,shrek3,RAPUNZEL,30,False,9666b1e279ac,10.309592000339762,latency-c120f448d4df.csv
1,c120f448d4df,2025-10-15T11:41:24.996892,grail,toward,10,False,9666b1e279ac,14.360376000240649,latency-c120f448d4df.csv
1,c120f448d4df,2025-10-15T11:41:25.117738,grail,pseudonym,1,True,22aa058432c1,4.647163999834447,latency-c120f448d4df.csv
1,c120f448d4df,2025-10-15T11:41:25.227741,grail,(as,0,False,22aa058432c1,12.880359000064344,latency-c120f448d4df.csv
1,c120f448d4df,2025-10-15T11:41:25.346737,grail,G,6,False,22aa058432c1,9.934739000073025,latency-c120f448d4df.csv
1,c120f448d4df,2025-10-15T11:41:25.461393,grail,us,32,False,22aa058432c1,9.940316999745846,latency-c120f448d4df.csv
1,c120f448d4df,2025-10-15T11:41:25.575948,shrek3,OGRE,39,False,22aa058432c1,15.278583000053914,latency-c120f448d4df.csv
1,c120f448d4df,2025-10-15T11:41:25.699192,shrek,he,118,True,22aa058432c1,5.320177000157855,latency-c120f448d4df.csv
1,c120f448d4df,2025-10-15T11:41:25.810087,shrek,Aah,6,False,22aa058432c1,21.09018900000592,latency-c120f448d4df.csv
1,c120f448d4df,2025-10-15T11:41:25.936842,shrek3,SHREK,678,True,22aa058432c1,5.10260200007906,latency-c120f448d4df.csv
1,c120f448d4df,2025-10-15T11:41:26.047219,shrek,our,11,False,22aa058432c1,8.76159400013421,latency-c120f448d4df.csv
1,c120f448d4df,2025-10-15T11:41:26.160653,grail,pseudonym,1,True,9666b1e279ac,6.7506890000004205,latency-c120f448d4df.csv
1,c120f448d4df,2025-10-15T11:41:26.273290,grail,pathetic,4,False,9666b1e279ac,13.329062000138949,latency-c120f448d4df.csv
1,c120f448d4df,2025-10-15T11:41:26.391918,grail,Christ,8,False,9666b1e279ac,12.792516999979853,latency-c120f448d4df.csv
1,c120f448d4df,2025-10-15T11:41:26.509510,shrek,lay,2,False,22aa058432c1,12.036832999910985,latency-c120f448d4df.csv
1,c120f448d4df,2025-10-15T11:41:26.626828,shrek,to,268,False,22aa058432c1,13.165023000055951,latency-c120f448d4df.csv
1,c120f448d4df,2025-10-15T11:41:26.745850,shrek3,and,576,True,22aa058432c1,7.036765000066225,latency-c120f448d4df.csv
1,c120f448d4df,2025-10-15T11:41:26.858712,grail,of,684,False,22aa058432c1,12.798009000107411,latency-c120f448d4df.csv
2,c120f448d4df,2025-10-15T11:41:26.976954,shrek,DONKEY,320,True,22aa058432c1,5.403633999776503,latency-c120f448d4df.csv
2,c120f448d4df,2025-10-15T11:41:27.089319,shrek,INSIDE,16,True,9666b1e279ac,9.135055000115244,latency-c120f448d4df.csv
2,c120f448d4df,2025-10-15T11:41:27.205895,shrek3,RAPUNZEL,30,True,22aa058432c1,9.80397700004687,latency-c120f448d4df.csv
2,c120f448d4df,2025-10-15T11:41:27.324946,grail,toward,10,True,22aa058432c1,11.566151999886642,latency-c120f448d4df.csv
2,c120f448d4df,2025-10-15T11:41:27.452003,grail,pseudonym,1,True,5f108ddc428c,13.026153000282648,latency-c120f448d4df.csv
2,c120f448d4df,2025-10-15T11:41:27.576849,grail,(as,0,True,22aa058432c1,8.306388999699266,latency-c120f448d4df.csv
2,c120f448d4df,2025-10-15T11:41:27.692251,grail,G,6,True,22aa058432c1,6.578554000043368,latency-c120f448d4df.csv
2,c120f448d4df,2025-10-15T11:41:27.805064,grail,us,32,True,22aa058432c1,7.017798000106268,latency-c120f448d4df.csv
2,c120f448d4df,2025-10-15T11:41:27.919242,shrek3,OGRE,39,True,22aa058432c1,9.14807999970435,latency-c120f448d4df.csv
2,c120f448d4df,2025-10-15T11:41:28.047498,shrek,he,118,True,9666b1e279ac,8.15394200026276,latency-c120f448d4df.csv
2,c120f448d4df,2025-10-15T11:41:28.161548,shrek,Aah,6,True,22aa058432c1,7.23695900023813,latency-c120f448d4df.csv
2,c120f448d4df,2025-10-15T11:41:28.283109,shrek3,SHREK,678,True,22aa058432c1,5.77272600003198,latency-c120f448d4df.csv
2,c120f448d4df,2025-10-15T11:41:28.396739,shrek,our,11,True,22aa058432c1,9.977162999803111,latency-c120f448d4df.csv
2,c120f448d4df,2025-10-15T11:41:28.518604,grail,pseudonym,1,True,22aa058432c1,8.57080700006918,latency-c120f448d4df.csv
2,c120f448d4df,2025-10-15T11:41:28.637716,grail,pathetic,4,True,22aa058432c1,7.910584999990533,latency-c120f448d4df.csv
2,c120f448d4df,2025-10-15T11:41:28.753163,grail,Christ,8,True,22aa058432c1,9.518070000012813,latency-c120f448d4df.csv
2,c120f448d4df,2025-10-15T11:41:28.870387,shrek,lay,2,True,9666b1e279ac,6.584584999927756,latency-c120f448d4df.csv
2,c120f448d4df,2025-10-15T11:41:28.983446,shrek,to,268,True,5f108ddc428c,9.59970899975815,latency-c120f448d4df.csv
2,c120f448d4df,2025-10-15T11:41:29.105848,shrek3,and,576,True,5f108ddc428c,8.153225000114617,latency-c120f448d4df.csv
2,c120f448d4df,2025-10-15T11:41:29.228804,grail,of,684,True,22aa058432c1,9.186238999973284,latency-c120f448d4df.csv
1,c4ebaf050a12,2025-10-15T11:41:36.512145,shrek3,WHITE,45,True,5f108ddc428c,10.311113000170735,latency-c4ebaf050a12.csv
1,c4ebaf050a12,2025-10-15T11:41:36.630553,grail,-,259,True,5f108ddc428c,9.832783000092604,latency-c4ebaf050a12.csv
1,c4ebaf050a12,2025-10-15T11:41:36.748795,shrek,afraid,8,True,9666b1e279ac,6.203409000136162,latency-c4ebaf050a12.csv
1,c4ebaf050a12,2025-10-15T11:41:36.864898,shrek3,Third,121,True,9666b1e279ac,5.308433000209334,latency-c4ebaf050a12.csv
1,c4ebaf050a12,2025-10-15T11:41:36.977257,grail,king,136,True,22aa058432c1,7.155195999985153,latency-c4ebaf050a12.csv
1,c4ebaf050a12,2025-10-15T11:41:37.092199,shrek,lay,2,True,22aa058432c1,4.9923130000024685,latency-c4ebaf050a12.csv
1,c4ebaf050a12,2025-10-15T11:41:37.202460,grail,king,136,True,22aa058432c1,5.396545000166952,latency-c4ebaf050a12.csv
1,c4ebaf050a12,2025-10-15T11:41:37.312752,grail,LTD,6,True,22aa058432c1,4.0993029997480335,latency-c4ebaf050a12.csv
1,c4ebaf050a12,2025-10-15T11:41:37.421780,shrek3,dat,1,True,22aa058432c1,7.236343000386114,latency-c4ebaf050a12.csv
1,c4ebaf050a12,2025-10-15T11:41:37.536901,grail,Auuuuuuuugh,2,True,9666b1e279ac,4.91311499990843,latency-c4ebaf050a12.csv
1,c4ebaf050a12,2025-10-15T11:41:37.646559,shrek,FIONA,211,True,9666b1e279ac,4.466676999982155,latency-c4ebaf050a12.csv
1,c4ebaf050a12,2025-10-15T11:41:37.755840,shrek3,did,14,True,9666b1e279ac,5.366245999994135,latency-c4ebaf050a12.csv
1,c4ebaf050a12,2025-10-15T11:41:37.870086,shrek3,RAPUNZEL,30,True,5f108ddc428c,14.299481000307424,latency-c4ebaf050a12.csv
1,c4ebaf050a12,2025-10-15T11:41:37.995234,shrek3,RAPUNZEL,30,True,22aa058432c1,5.746245999944222,latency-c4ebaf050a12.csv
1,c4ebaf050a12,2025-10-15T11:41:38.106413,shrek3,WHITE,45,True,22aa058432c1,6.058252999991964,latency-c4ebaf050a12.csv
1,c4ebaf050a12,2025-10-15T11:41:38.218087,grail,the,1600,True,9666b1e279ac,8.089623000159918,latency-c4ebaf050a12.csv
1,c4ebaf050a12,2025-10-15T11:41:38.332778,shrek,FIONA'S,3,True,22aa058432c1,6.16734400000496,latency-c4ebaf050a12.csv
1,c4ebaf050a12,2025-10-15T11:41:38.444499,shrek3,MERLIN,73,False,22aa058432c1,11.265524000009464,latency-c4ebaf050a12.csv
1,c4ebaf050a12,2025-10-15T11:41:38.561013,shrek3,"Suddenly,",0,True,22aa058432c1,6.334965000405646,latency-c4ebaf050a12.csv
1,c4ebaf050a12,2025-10-15T11:41:38.672412,shrek,edge,2,True,22aa058432c1,8.751259999826289,latency-c4ebaf050a12.csv
2,c4ebaf050a12,2025-10-15T11:41:38.789028,shrek3,WHITE,45,True,22aa058432c1,5.469858000196837,latency-c4ebaf050a12.csv
2,c4ebaf050a12,2025-10-15T11:41:38.899984,grail,-,259,True,22aa058432c1,5.990354000005027,latency-c4ebaf050a12.csv
2,c4ebaf050a12,2025-10-15T11:41:39.011219,shrek,afraid,8,True,22aa058432c1,8.921847000237904,latency-c4ebaf050a12.csv
2,c4ebaf050a12,2025-10-15T11:41:39.126605,shrek3,Third,121,True,22aa058432c1,6.803556000249955,latency-c4ebaf050a12.csv
2,c4ebaf050a12,2025-10-15T11:41:39.239389,grail,king,136,True,22aa058432c1,13.582359999873006,latency-c4ebaf050a12.csv
2,c4ebaf050a12,2025-10-15T11:41:39.359624,shrek,lay,2,True,22aa058432c1,7.239939999635681,latency-c4ebaf050a12.csv
2,c4ebaf050a12,2025-10-15T11:41:39.473013,grail,king,136,True,22aa058432c1,6.9617889998880855,latency-c4ebaf050a12.csv
2,c4ebaf050a12,2025-10-15T11:41:39.585869,grail,LTD,6,True,22aa058432c1,5.536993000077928,latency-c4ebaf050a12.csv
2,c4ebaf050a12,2025-10-15T11:41:39.696379,shrek3,dat,1,True,22aa058432c1,5.4580949999945005,latency-c4ebaf050a12.csv
2,c4ebaf050a12,2025-10-15T11:41:39.807171,grail,Auuuuuuuugh,2,True,5f108ddc428c,11.184225999841146,latency-c4ebaf050a12.csv
2,c4ebaf050a12,2025-10-15T11:41:39.925472,shrek,FIONA,211,True,22aa058432c1,11.757286000374734,latency-c4ebaf050a12.csv
2,c4ebaf050a12,2025-10-15T11:41:40.044031,shrek3,did,14,True,22aa058432c1,5.7788630001596175,latency-c4ebaf050a12.csv
2,c4ebaf050a12,2025-10-15T11:41:40.155299,shrek3,RAPUNZEL,30,True,22aa058432c1,6.678667999949539,latency-c4ebaf050a12.csv
2,c4ebaf050a12,2025-10-15T11:41:40.268721,shrek3,RAPUNZEL,30,True,22aa058432c1,6.704373000047781,latency-c4ebaf050a12.csv
2,c4ebaf050a12,2025-10-15T11:41:40.381075,shrek3,WHITE,45,True,22aa058432c1,7.264642999871285,latency-c4ebaf050a12.csv
2,c4ebaf050a12,2025-10-15T11:41:40.493881,grail,the,1600,True,22aa058432c1,6.045387000085611,latency-c4ebaf050a12.csv
2,c4ebaf050a12,2025-10-15T11:41:40.605543,shrek,FIONA'S,3,True,22aa058432c1,6.555459000082919,latency-c4ebaf050a12.csv
2,c4ebaf050a12,2025-10-15T11:41:40.718167,shrek3,MERLIN,73,True,9666b1e279ac,8.503326999743877,latency-c4ebaf050a12.csv
2,c4ebaf050a12,2025-10-15T11:41:40.833839,shrek3,"Suddenly,",0,True,22aa058432c1,4.75480700015396,latency-c4ebaf050a12.csv
2,c4ebaf050a12,2025-10-15T11:41:40.943807,shrek,edge,2,True,22aa058432c1,6.152275000204099,latency-c4ebaf050a12.csv
1,c7bd0e26b5ee,2025-10-15T11:41:40.868131,grail,Get,47,True,22aa058432c1,6.44202299963581,latency-c7bd0e26b5ee.csv
1,c7bd0e26b5ee,2025-10-15T11:41:40.983751,shrek3,ARTIE,213,True,22aa058432c1,8.32249499990212,latency-c7bd0e26b5ee.csv
1,c7bd0e26b5ee,2025-10-15T11:41:41.104277,shrek3,Im,1,True,22aa058432c1,6.547414000124263,latency-c7bd0e26b5ee.csv
1,c7bd0e26b5ee,2025-10-15T11:41:41.218761,shrek,lay,2,True,22aa058432c1,6.506473000172264,latency-c7bd0e26b5ee.csv
1,c7bd0e26b5ee,2025-10-15T11:41:41.332592,shrek3,what,82,True,22aa058432c1,8.048482000049262,latency-c7bd0e26b5ee.csv
1,c7bd0e26b5ee,2025-10-15T11:41:41.448990,shrek3,SHOUTING),0,True,22aa058432c1,7.450647000041499,latency-c7bd0e26b5ee.csv
1,c7bd0e26b5ee,2025-10-15T11:41:41.564994,shrek3,PRINCE,207,True,22aa058432c1,5.372539999825676,latency-c7bd0e26b5ee.csv
1,c7bd0e26b5ee,2025-10-15T11:41:41.677763,grail,pretty,7,False,22aa058432c1,13.222057000348286,latency-c7bd0e26b5ee.csv
1,c7bd0e26b5ee,2025-10-15T11:41:41.797610,shrek,whole,10,True,22aa058432c1,7.194494000032137,latency-c7bd0e26b5ee.csv
1,c7bd0e26b5ee,2025-10-15T11:41:41.911599,grail,19Prince,0,True,22aa058432c1,5.9248150000712485,latency-c7bd0e26b5ee.csv
1,c7bd0e26b5ee,2025-10-15T11:41:42.023925,grail,ANOTHER,25,True,22aa058432c1,6.604896999760968,latency-c7bd0e26b5ee.csv
1,c7bd0e26b5ee,2025-10-15T11:41:42.136394,grail,3,18,True,22aa058432c1,7.215364999865415,latency-c7bd0e26b5ee.csv
1,c7bd0e26b5ee,2025-10-15T11:41:42.250012,shrek3,reason,2,True,22aa058432c1,8.73097300018344,latency-c7bd0e26b5ee.csv
1,c7bd0e26b5ee,2025-10-15T11:41:42.366048,grail,LTD,6,True,9666b1e279ac,7.935454999824287,latency-c7bd0e26b5ee.csv
1,c7bd0e26b5ee,2025-10-15T11:41:42.480632,shrek3,ARTIE,213,True,9666b1e279ac,6.3583169999219535,latency-c7bd0e26b5ee.csv
1,c7bd0e26b5ee,2025-10-15T11:41:42.594006,grail,Bum,13,True,22aa058432c1,11.183613999946829,latency-c7bd0e26b5ee.csv
1,c7bd0e26b5ee,2025-10-15T11:41:42.711512,shrek,way,26,False,22aa058432c1,17.51406500034136,latency-c7bd0e26b5ee.csv
1,c7bd0e26b5ee,2025-10-15T11:41:42.839259,shrek,swamp,18,True,9666b1e279ac,6.258243000047514,latency-c7bd0e26b5ee.csv
1,c7bd0e26b5ee,2025-10-15T11:41:42.954865,shrek3,you,328,True,9666b1e279ac,10.051621000002342,latency-c7bd0e26b5ee.csv
1,c7bd0e26b5ee,2025-10-15T11:41:43.076155,shrek,"Well,",0,True,9666b1e279ac,10.75682299961045,latency-c7bd0e26b5ee.csv
2,c7bd0e26b5ee,2025-10-15T11:41:43.195350,grail,Get,47,True,22aa058432c1,10.148308999760047,latency-c7bd0e26b5ee.csv
2,c7bd0e26b5ee,2025-10-15T11:41:43.313635,shrek3,ARTIE,213,True,22aa058432c1,6.107459000304516,latency-c7bd0e26b5ee.csv
2,c7bd0e26b5ee,2025-10-15T11:41:43.425800,shrek3,Im,1,True,22aa058432c1,9.568682000008266,latency-c7bd0e26b5ee.csv
2,c7bd0e26b5ee,2025-10-15T11:41:43.544683,shrek,lay,2,True,22aa058432c1,6.191296999986662,latency-c7bd0e26b5ee.csv
2,c7bd0e26b5ee,2025-10-15T11:41:43.655645,shrek3,what,82,True,22aa058432c1,5.95636599973659,latency-c7bd0e26b5ee.csv
2,c7bd0e26b5ee,2025-10-15T11:41:43.768041,shrek3,SHOUTING),0,True,22aa058432c1,5.725968000206194,latency-c7bd0e26b5ee.csv
2,c7bd0e26b5ee,2025-10-15T11:41:43.879099,shrek3,PRINCE,207,True,22aa058432c1,4.658832000131952,latency-c7bd0e26b5ee.csv
2,c7bd0e26b5ee,2025-10-15T11:41:43.988643,grail,pretty,7,True,22aa058432c1,5.454238000311307,latency-c7bd0e26b5ee.csv
2,c7bd0e26b5ee,2025-10-15T11:41:44.099685,shrek,whole,10,True,22aa058432c1,4.8787910000100965,latency-c7bd0e26b5ee.csv
2,c7bd0e26b5ee,2025-10-15T11:41:44.209326,grail,19Prince,0,True,22aa058432c1,6.905835999987176,latency-c7bd0e26b5ee.csv
2,c7bd0e26b5ee,2025-10-15T11:41:44.322362,grail,ANOTHER,25,True,22aa058432c1,6.070456999623275,latency-c7bd0e26b5ee.csv
2,c7bd0e26b5ee,2025-10-15T11:41:44.434105,grail,3,18,True,22aa058432c1,5.336249000265525,latency-c7bd0e26b5ee.csv
2,c7bd0e26b5ee,2025-10-15T11:41:44.544319,shrek3,reason,2,True,22aa058432c1,5.517893000160257,latency-c7bd0e26b5ee.csv
2,c7bd0e26b5ee,2025-10-15T11:41:44.654426,grail,LTD,6,True,22aa058432c1,4.448503000276105,latency-c7bd0e26b5ee.csv
2,c7bd0e26b5ee,2025-10-15T11:41:44.763491,shrek3,ARTIE,213,True,22aa058432c1,4.523248000168678,latency-c7bd0e26b5ee.csv
2,c7bd0e26b5ee,2025-10-15T11:41:44.872411,grail,Bum,13,True,22aa058432c1,4.126205999909871,latency-c7bd0e26b5ee.csv
2,c7bd0e26b5ee,2025-10-15T11:41:44.981212,shrek,way,26,True,22aa058432c1,4.1759420000744285,latency-c7bd0e26b5ee.csv
2,c7bd0e26b5ee,2025-10-15T11:41:45.089583,shrek,swamp,18,True,9666b1e279ac,6.229696999980661,latency-c7bd0e26b5ee.csv
2,c7bd0e26b5ee,2025-10-15T11:41:45.201932,shrek3,you,328,True,22aa058432c1,4.634459000044444,latency-c7bd0e26b5ee.csv
2,c7bd0e26b5ee,2025-10-15T11:41:45.311479,shrek,"Well,",0,True,5f108ddc428c,6.243488999643887,latency-c7bd0e26b5ee.csv
1,ca2ed8d228e1,2025-10-15T11:41:31.177363,shrek3,SHREK,678,True,22aa058432c1,7.640649000222766,latency-ca2ed8d228e1.csv
1,ca2ed8d228e1,2025-10-15T11:41:31.294091,shrek3,us,12,True,22aa058432c1,7.732307999958721,latency-ca2ed8d228e1.csv
1,ca2ed8d228e1,2025-10-15T11:41:31.412779,shrek3,the,1285,True,22aa058432c1,35.41014400025233,latency-ca2ed8d228e1.csv
1,ca2ed8d228e1,2025-10-15T11:41:31.566796,grail,lost,6,True,9666b1e279ac,10.950366000088252,latency-ca2ed8d228e1.csv
1,ca2ed8d228e1,2025-10-15T11:41:31.687457,shrek3,EVIL,59,False,9666b1e279ac,14.659284000117625,latency-ca2ed8d228e1.csv
1,ca2ed8d228e1,2025-10-15T11:41:31.810269,shrek,I,386,True,22aa058432c1,6.348726999931387,latency-ca2ed8d228e1.csv
1,ca2ed8d228e1,2025-10-15T11:41:31.924030,shrek3,SHREK,678,True,9666b1e279ac,7.7351129998533,latency-ca2ed8d228e1.csv
1,ca2ed8d228e1,2025-10-15T11:41:32.038643,shrek3,ruby,1,True,9666b1e279ac,6.5327299998898525,latency-ca2ed8d228e1.csv
1,ca2ed8d228e1,2025-10-15T11:41:32.151134,grail,it,279,True,9666b1e279ac,9.330419999969308,latency-ca2ed8d228e1.csv
1,ca2ed8d228e1,2025-10-15T11:41:32.268791,shrek,a,305,True,9666b1e279ac,7.500738000089768,latency-ca2ed8d228e1.csv
1,ca2ed8d228e1,2025-10-15T11:41:32.383925,shrek,SHREK,433,True,9666b1e279ac,8.458269000129803,latency-ca2ed8d228e1.csv
1,ca2ed8d228e1,2025-10-15T11:41:32.500984,shrek3,Guards,23,True,9666b1e279ac,6.643845999860787,latency-ca2ed8d228e1.csv
1,ca2ed8d228e1,2025-10-15T11:41:32.614131,shrek3,ARTIE,213,True,9666b1e279ac,6.917667000379879,latency-ca2ed8d228e1.csv
1,ca2ed8d228e1,2025-10-15T11:41:32.731139,grail,"collective,",0,True,9666b1e279ac,5.282002000058128,latency-ca2ed8d228e1.csv
1,ca2ed8d228e1,2025-10-15T11:41:32.844816,shrek,edge,2,True,9666b1e279ac,6.155264999961219,latency-ca2ed8d228e1.csv
1,ca2ed8d228e1,2025-10-15T11:41:32.958732,shrek,cottage,4,True,9666b1e279ac,8.797117000085564,latency-ca2ed8d228e1.csv
1,ca2ed8d228e1,2025-10-15T11:41:33.074856,shrek,And,318,True,9666b1e279ac,7.937816999856295,latency-ca2ed8d228e1.csv
1,ca2ed8d228e1,2025-10-15T11:41:33.188200,grail,pathetic,4,True,9666b1e279ac,10.323741000320297,latency-ca2ed8d228e1.csv
1,ca2ed8d228e1,2025-10-15T11:41:33.307796,shrek3,TO,511,True,22aa058432c1,12.342030999661802,latency-ca2ed8d228e1.csv
1,ca2ed8d228e1,2025-10-15T11:41:33.427507,shrek3,field,3,False,9666b1e279ac,29.251543999635032,latency-ca2ed8d228e1.csv
2,ca2ed8d228e1,2025-10-15T11:41:33.566246,shrek3,SHREK,678,True,22aa058432c1,4.352033000031952,latency-ca2ed8d228e1.csv
2,ca2ed8d228e1,2025-10-15T11:41:33.679191,shrek3,us,12,True,22aa058432c1,4.742649000036181,latency-ca2ed8d228e1.csv
2,ca2ed8d228e1,2025-10-15T11:41:33.791586,shrek3,the,1285,True,22aa058432c1,6.267027999911079,latency-ca2ed8d228e1.csv
2,ca2ed8d228e1,2025-10-15T11:41:33.905756,grail,lost,6,True,22aa058432c1,7.142013999782648,latency-ca2ed8d228e1.csv
2,ca2ed8d228e1,2025-10-15T11:41:34.021102,shrek3,EVIL,59,True,22aa058432c1,6.870381999760866,latency-ca2ed8d228e1.csv
2,ca2ed8d228e1,2025-10-15T11:41:34.132880,shrek,I,386,True,22aa058432c1,4.654201999983343,latency-ca2ed8d228e1.csv
2,ca2ed8d228e1,2025-10-15T11:41:34.242546,shrek3,SHREK,678,True,22aa058432c1,9.509904999958962,latency-ca2ed8d228e1.csv
2,ca2ed8d228e1,2025-10-15T11:41:34.366065,shrek3,ruby,1,True,9666b1e279ac,4.186025999842968,latency-ca2ed8d228e1.csv
2,ca2ed8d228e1,2025-10-15T11:41:34.475308,grail,it,279,True,22aa058432c1,5.1685580001503695,latency-ca2ed8d228e1.csv
2,ca2ed8d228e1,2025-10-15T11:41:34.585636,shrek,a,305,True,22aa058432c1,5.910043999847403,latency-ca2ed8d228e1.csv
2,ca2ed8d228e1,2025-10-15T11:41:34.697819,shrek,SHREK,433,True,22aa058432c1,7.00214300013613,latency-ca2ed8d228e1.csv
2,ca2ed8d228e1,2025-10-15T11:41:34.811061,shrek3,Guards,23,True,22aa058432c1,6.78406300039569,latency-ca2ed8d228e1.csv
2,ca2ed8d228e1,2025-10-15T11:41:34.924914,shrek3,ARTIE,213,True,22aa058432c1,6.875070000205596,latency-ca2ed8d228e1.csv
2,ca2ed8d228e1,2025-10-15T11:41:35.037729,grail,"collective,",0,True,22aa058432c1,5.060031000084564,latency-ca2ed8d228e1.csv
2,ca2ed8d228e1,2025-10-15T11:41:35.148250,shrek,edge,2,True,22aa058432c1,4.881673999989289,latency-ca2ed8d228e1.csv
2,ca2ed8d228e1,2025-10-15T11:41:35.258798,shrek,cottage,4,True,22aa058432c1,7.203153999853384,latency-ca2ed8d228e1.csv
2,ca2ed8d228e1,2025-10-15T11:41:35.372263,shrek,And,318,True,9666b1e279ac,7.537797999702889,latency-ca2ed8d228e1.csv
2,ca2ed8d228e1,2025-10-15T11:41:35.486708,grail,pathetic,4,True,9666b1e279ac,5.848494000019855,latency-ca2ed8d228e1.csv
2,ca2ed8d228e1,2025-10-15T11:41:35.598502,shrek3,TO,511,True,9666b1e279ac,16.99814299990976,latency-ca2ed8d228e1.csv
2,ca2ed8d228e1,2025-10-15T11:41:35.739518,shrek3,field,3,True,22aa058432c1,18.319868000162387,latency-ca2ed8d228e1.csv
1,cb4336aeef6c,2025-10-15T11:41:26.066273,shrek3,reason,2,False,9666b1e279ac,10.608741000396549,latency-cb4336aeef6c.csv
1,cb4336aeef6c,2025-10-15T11:41:26.183218,shrek3,time,23,True,9666b1e279ac,6.957039999633707,latency-cb4336aeef6c.csv
1,cb4336aeef6c,2025-10-15T11:41:26.301944,grail,LANCELOT,59,False,22aa058432c1,18.640850999872782,latency-cb4336aeef6c.csv
1,cb4336aeef6c,2025-10-15T11:41:26.427425,shrek3,youre,0,False,5f108ddc428c,16.648757999973895,latency-cb4336aeef6c.csv
1,cb4336aeef6c,2025-10-15T11:41:26.550893,shrek3,get,39,True,22aa058432c1,6.10048899989124,latency-cb4336aeef6c.csv
1,cb4336aeef6c,2025-10-15T11:41:26.663405,shrek3,fall,6,False,5f108ddc428c,22.4089999996977,latency-cb4336aeef6c.csv
1,cb4336aeef6c,2025-10-15T11:41:26.792189,shrek3,Arg,1,False,9666b1e279ac,21.89205500008029,latency-cb4336aeef6c.csv
1,cb4336aeef6c,2025-10-15T11:41:26.927239,shrek,a,305,False,5f108ddc428c,15.4755160001514,latency-cb4336aeef6c.csv
1,cb4336aeef6c,2025-10-15T11:41:27.049355,grail,toward,10,True,9666b1e279ac,9.168079000119178,latency-cb4336aeef6c.csv
1,cb4336aeef6c,2025-10-15T11:41:27.167398,grail,at,104,False,5f108ddc428c,53.5202239998398,latency-cb4336aeef6c.csv
1,cb4336aeef6c,2025-10-15T11:41:27.330336,shrek,its,1,True,5f108ddc428c,9.548488999826075,latency-cb4336aeef6c.csv
1,cb4336aeef6c,2025-10-15T11:41:27.447207,grail,rows,1,False,22aa058432c1,44.645273000242014,latency-cb4336aeef6c.csv
1,cb4336aeef6c,2025-10-15T11:41:27.620951,grail,(as,0,True,22aa058432c1,8.765335999669333,latency-cb4336aeef6c.csv
1,cb4336aeef6c,2025-10-15T11:41:27.737275,grail,-,259,False,9666b1e279ac,27.49934900020889,latency-cb4336aeef6c.csv
1,cb4336aeef6c,2025-10-15T11:41:27.877429,grail,ANOTHER,25,True,9666b1e279ac,14.087471000038931,latency-cb4336aeef6c.csv
1,cb4336aeef6c,2025-10-15T11:41:28.001249,shrek,to,268,True,22aa058432c1,4.636957999991864,latency-cb4336aeef6c.csv
1,cb4336aeef6c,2025-10-15T11:41:28.111657,grail,since,10,True,5f108ddc428c,7.75142499969661,latency-cb4336aeef6c.csv
1,cb4336aeef6c,2025-10-15T11:41:28.225864,shrek,DONKEY,320,True,22aa058432c1,9.26123599992934,latency-cb4336aeef6c.csv
1,cb4336aeef6c,2025-10-15T11:41:28.350756,shrek3,right,36,False,22aa058432c1,21.143532999758463,latency-cb4336aeef6c.csv
1,cb4336aeef6c,2025-10-15T11:41:28.489069,shrek3,DWARF,10,False,9666b1e279ac,21.721678000176325,latency-cb4336aeef6c.csv
2,cb4336aeef6c,2025-10-15T11:41:28.616968,shrek3,reason,2,True,9666b1e279ac,6.394440000349277,latency-cb4336aeef6c.csv
2,cb4336aeef6c,2025-10-15T11:41:28.730793,shrek3,time,23,True,9666b1e279ac,7.424668000112433,latency-cb4336aeef6c.csv
2,cb4336aeef6c,2025-10-15T11:41:28.844700,grail,LANCELOT,59,True,22aa058432c1,5.70845200036274,latency-cb4336aeef6c.csv
2,cb4336aeef6c,2025-10-15T11:41:28.957208,shrek3,youre,0,True,22aa058432c1,6.348977000016021,latency-cb4336aeef6c.csv
2,cb4336aeef6c,2025-10-15T11:41:29.071170,shrek3,get,39,True,9666b1e279ac,10.432868999942002,latency-cb4336aeef6c.csv
2,cb4336aeef6c,2025-10-15T11:41:29.192602,shrek3,fall,6,True,9666b1e279ac,4.742417000215937,latency-cb4336aeef6c.csv
2,cb4336aeef6c,2025-10-15T11:41:29.304169,shrek3,Arg,1,True,9666b1e279ac,4.839856999751646,latency-cb4336aeef6c.csv
2,cb4336aeef6c,2025-10-15T11:41:29.417645,shrek,a,305,True,22aa058432c1,6.572802999926353,latency-cb4336aeef6c.csv
2,cb4336aeef6c,2025-10-15T11:41:29.530088,grail,toward,10,True,22aa058432c1,8.574464000048465,latency-cb4336aeef6c.csv
2,cb4336aeef6c,2025-10-15T11:41:29.650900,grail,at,104,True,9666b1e279ac,6.982919000165566,latency-cb4336aeef6c.csv
2,cb4336aeef6c,2025-10-15T11:41:29.766581,shrek,its,1,True,22aa058432c1,9.33863599993856,latency-cb4336aeef6c.csv
2,cb4336aeef6c,2025-10-15T11:41:29.884427,grail,rows,1,True,5f108ddc428c,12.609237000106075,latency-cb4336aeef6c.csv
2,cb4336aeef6c,2025-10-15T11:41:30.014568,grail,(as,0,True,22aa058432c1,13.688756999727048,latency-cb4336aeef6c.csv
2,cb4336aeef6c,2025-10-15T11:41:30.146246,grail,-,259,True,9666b1e279ac,6.018355000378506,latency-cb4336aeef6c.csv
2,cb4336aeef6c,2025-10-15T11:41:30.261200,grail,ANOTHER,25,True,9666b1e279ac,4.871976000231371,latency-cb4336aeef6c.csv
2,cb4336aeef6c,2025-10-15T11:41:30.371382,shrek,to,268,True,9666b1e279ac,5.293157999858522,latency-cb4336aeef6c.csv
2,cb4336aeef6c,2025-10-15T11:41:30.482218,grail,since,10,True,22aa058432c1,10.598475999813672,latency-cb4336aeef6c.csv
2,cb4336aeef6c,2025-10-15T11:41:30.602044,shrek,DONKEY,320,True,5f108ddc428c,9.195091000037792,latency-cb4336aeef6c.csv
2,cb4336aeef6c,2025-10-15T11:41:30.716991,shrek3,right,36,True,9666b1e279ac,6.105914999807283,latency-cb4336aeef6c.csv
2,cb4336aeef6c,2025-10-15T11:41:30.828715,shrek3,DWARF,10,True,9666b1e279ac,6.884498000090389,latency-cb4336aeef6c.csv
1,cda487b1d3bb,2025-10-15T11:41:32.835476,shrek,GUARD,25,True,22aa058432c1,8.178605000011885,latency-cda487b1d3bb.csv
1,cda487b1d3bb,2025-10-15T11:41:32.950379,shrek,cottage,4,True,22aa058432c1,6.718094999996538,latency-cda487b1d3bb.csv
1,cda487b1d3bb,2025-10-15T11:41:33.066943,shrek3,and,576,True,22aa058432c1,4.261989000042377,latency-cda487b1d3bb.csv
1,cda487b1d3bb,2025-10-15T11:41:33.179664,grail,THREE-HEADED,8,True,22aa058432c1,6.926045000000158,latency-cda487b1d3bb.csv
1,cda487b1d3bb,2025-10-15T11:41:33.295667,grail,G,6,True,22aa058432c1,4.841665999720135,latency-cda487b1d3bb.csv
1,cda487b1d3bb,2025-10-15T11:41:33.406514,shrek3,glass,9,False,22aa058432c1,17.36435500015432,latency-cda487b1d3bb.csv
1,cda487b1d3bb,2025-10-15T11:41:33.531324,shrek,don't,72,True,22aa058432c1,4.982589000064763,latency-cda487b1d3bb.csv
1,cda487b1d3bb,2025-10-15T11:41:33.641007,grail,Auuuuuuuugh,2,False,22aa058432c1,8.950456000093254,latency-cda487b1d3bb.csv
1,cda487b1d3bb,2025-10-15T11:41:33.754557,shrek3,of,275,True,22aa058432c1,5.083445999844116,latency-cda487b1d3bb.csv
1,cda487b1d3bb,2025-10-15T11:41:33.864690,shrek3,PUSS,196,True,22aa058432c1,5.646301000069798,latency-cda487b1d3bb.csv
1,cda487b1d3bb,2025-10-15T11:41:33.975942,grail,Bum,13,False,22aa058432c1,11.279766999905403,latency-cda487b1d3bb.csv
1,cda487b1d3bb,2025-10-15T11:41:34.094728,shrek,swamp,18,False,22aa058432c1,10.993049999797222,latency-cda487b1d3bb.csv
1,cda487b1d3bb,2025-10-15T11:41:34.210428,shrek3,Whoa,7,True,22aa058432c1,7.278466000116168,latency-cda487b1d3bb.csv
1,cda487b1d3bb,2025-10-15T11:41:34.324220,shrek,after,10,True,22aa058432c1,5.110223999963637,latency-cda487b1d3bb.csv
1,cda487b1d3bb,2025-10-15T11:41:34.434923,shrek3,JOCKS,2,True,22aa058432c1,5.033418000039092,latency-cda487b1d3bb.csv
1,cda487b1d3bb,2025-10-15T11:41:34.545145,shrek,minute,3,False,22aa058432c1,18.784471999879315,latency-cda487b1d3bb.csv
1,cda487b1d3bb,2025-10-15T11:41:34.671288,grail,the,1600,True,22aa058432c1,5.1740119997703005,latency-cda487b1d3bb.csv
1,cda487b1d3bb,2025-10-15T11:41:34.783172,grail,Ecky-Ecky-Ecky,1,True,22aa058432c1,5.954521000148816,latency-cda487b1d3bb.csv
1,cda487b1d3bb,2025-10-15T11:41:34.895765,shrek,old,10,True,22aa058432c1,5.509845000233327,latency-cda487b1d3bb.csv
1,cda487b1d3bb,2025-10-15T11:41:35.008433,shrek,What,104,True,22aa058432c1,4.718988000149693,latency-cda487b1d3bb.csv
2,cda487b1d3bb,2025-10-15T11:41:35.118663,shrek,GUARD,25,True,22aa058432c1,4.9567999999453605,latency-cda487b1d3bb.csv
2,cda487b1d3bb,2025-10-15T11:41:35.228244,shrek,cottage,4,True,22aa058432c1,5.936445999850548,latency-cda487b1d3bb.csv
2,cda487b1d3bb,2025-10-15T11:41:35.339736,shrek3,and,576,True,22aa058432c1,12.026840000089578,latency-cda487b1d3bb.csv
2,cda487b1d3bb,2025-10-15T11:41:35.459774,grail,THREE-HEADED,8,True,22aa058432c1,6.133057000170084,latency-cda487b1d3bb.csv
2,cda487b1d3bb,2025-10-15T11:41:35.573423,grail,G,6,True,22aa058432c1,20.017265000205956,latency-cda487b1d3bb.csv
2,cda487b1d3bb,2025-10-15T11:41:35.707296,shrek3,glass,9,True,22aa058432c1,10.254652999719838,latency-cda487b1d3bb.csv
2,cda487b1d3bb,2025-10-15T11:41:35.838513,shrek,don't,72,True,22aa058432c1,9.35978300003626,latency-cda487b1d3bb.csv
2,cda487b1d3bb,2025-10-15T11:41:35.964280,grail,Auuuuuuuugh,2,True,22aa058432c1,5.513794000307826,latency-cda487b1d3bb.csv
2,cda487b1d3bb,2025-10-15T11:41:36.075374,shrek3,of,275,True,22aa058432c1,4.998752000119566,latency-cda487b1d3bb.csv
2,cda487b1d3bb,2025-10-15T11:41:36.186666,shrek3,PUSS,196,True,22aa058432c1,10.37403100008305,latency-cda487b1d3bb.csv
2,cda487b1d3bb,2025-10-15T11:41:36.304214,grail,Bum,13,True,22aa058432c1,7.455744999788294,latency-cda487b1d3bb.csv
2,cda487b1d3bb,2025-10-15T11:41:36.418374,shrek,swamp,18,True,22aa058432c1,5.667907999850286,latency-cda487b1d3bb.csv
2,cda487b1d3bb,2025-10-15T11:41:36.529771,shrek3,Whoa,7,True,22aa058432c1,7.392987000002904,latency-cda487b1d3bb.csv
2,cda487b1d3bb,2025-10-15T11:41:36.644438,shrek,after,10,True,9666b1e279ac,11.106510999979946,latency-cda487b1d3bb.csv
2,cda487b1d3bb,2025-10-15T11:41:36.765298,shrek3,JOCKS,2,True,9666b1e279ac,7.7547309997498814,latency-cda487b1d3bb.csv
2,cda487b1d3bb,2025-10-15T11:41:36.883351,shrek,minute,3,True,5f108ddc428c,13.341225999738526,latency-cda487b1d3bb.csv
2,cda487b1d3bb,2025-10-15T11:41:37.006616,grail,the,1600,True,22aa058432c1,10.99781900029484,latency-cda487b1d3bb.csv
2,cda487b1d3bb,2025-10-15T11:41:37.130750,grail,Ecky-Ecky-Ecky,1,True,5f108ddc428c,7.281170000169368,latency-cda487b1d3bb.csv
2,cda487b1d3bb,2025-10-15T11:41:37.247943,shrek,old,10,True,9666b1e279ac,11.495487000047431,latency-cda487b1d3bb.csv
2,cda487b1d3bb,2025-10-15T11:41:37.368056,shrek,What,104,True,9666b1e279ac,10.724422000293998,latency-cda487b1d3bb.csv
1,ceda27c656e0,2025-10-15T11:41:42.451087,grail,feel,11,True,22aa058432c1,5.429892999927688,latency-ceda27c656e0.csv
1,ceda27c656e0,2025-10-15T11:41:42.561772,shrek,DONKEY,320,True,22aa058432c1,5.0132219998886285,latency-ceda27c656e0.csv
1,ceda27c656e0,2025-10-15T11:41:42.671961,shrek,minute,3,True,22aa058432c1,9.122844000103214,latency-ceda27c656e0.csv
1,ceda27c656e0,2025-10-15T11:41:42.790519,shrek,CROWD,5,False,22aa058432c1,10.866906000046583,latency-ceda27c656e0.csv
1,ceda27c656e0,2025-10-15T11:41:42.907378,shrek,on,88,True,22aa058432c1,7.962366999890946,latency-ceda27c656e0.csv
1,ceda27c656e0,2025-10-15T11:41:43.022208,grail,pathetic,4,True,22aa058432c1,6.775048000235984,latency-ceda27c656e0.csv
1,ceda27c656e0,2025-10-15T11:41:43.135710,shrek3,with,112,True,22aa058432c1,5.08436400014034,latency-ceda27c656e0.csv
1,ceda27c656e0,2025-10-15T11:41:43.246878,shrek3,and,576,True,22aa058432c1,6.733967999934976,latency-ceda27c656e0.csv
1,ceda27c656e0,2025-10-15T11:41:43.360092,shrek3,MERLIN,73,True,22aa058432c1,4.825515999982599,latency-ceda27c656e0.csv
1,ceda27c656e0,2025-10-15T11:41:43.470624,shrek3,PRINCE,207,True,22aa058432c1,5.760594000093988,latency-ceda27c656e0.csv
1,ceda27c656e0,2025-10-15T11:41:43.581808,grail,rows,1,True,22aa058432c1,4.570900999624428,latency-ceda27c656e0.csv
1,ceda27c656e0,2025-10-15T11:41:43.691142,shrek,I,386,True,22aa058432c1,3.97805700004028,latency-ceda27c656e0.csv
1,ceda27c656e0,2025-10-15T11:41:43.800101,grail,on,139,True,22aa058432c1,6.245537999802764,latency-ceda27c656e0.csv
1,ceda27c656e0,2025-10-15T11:41:43.912103,shrek,SHREK,433,True,5f108ddc428c,6.170741000005364,latency-ceda27c656e0.csv
1,ceda27c656e0,2025-10-15T11:41:44.024416,shrek3,SNOW,49,True,5f108ddc428c,6.557777000125498,latency-ceda27c656e0.csv
1,ceda27c656e0,2025-10-15T11:41:44.136123,shrek3,get,39,True,9666b1e279ac,5.097090000163007,latency-ceda27c656e0.csv
1,ceda27c656e0,2025-10-15T11:41:44.249467,grail,Boom,4,True,22aa058432c1,12.523890000011306,latency-ceda27c656e0.csv
1,ceda27c656e0,2025-10-15T11:41:44.371575,shrek3,PRINCE,207,True,22aa058432c1,8.460597000066628,latency-ceda27c656e0.csv
1,ceda27c656e0,2025-10-15T11:41:44.488385,grail,-,259,True,22aa058432c1,8.770894000008411,latency-ceda27c656e0.csv
1,ceda27c656e0,2025-10-15T11:41:44.604586,shrek,gone,3,True,22aa058432c1,7.772929000111617,latency-ceda27c656e0.csv
2,ceda27c656e0,2025-10-15T11:41:44.721791,grail,feel,11,True,22aa058432c1,5.921071999637206,latency-ceda27c656e0.csv
2,ceda27c656e0,2025-10-15T11:41:44.835650,shrek,DONKEY,320,True,22aa058432c1,8.698714000274776,latency-ceda27c656e0.csv
2,ceda27c656e0,2025-10-15T11:41:44.952216,shrek,minute,3,True,22aa058432c1,8.779677000347874,latency-ceda27c656e0.csv
2,ceda27c656e0,2025-10-15T11:41:45.071212,shrek,CROWD,5,True,22aa058432c1,9.005878000152734,latency-ceda27c656e0.csv
2,ceda27c656e0,2025-10-15T11:41:45.189271,shrek,on,88,True,22aa058432c1,6.817755999691144,latency-ceda27c656e0.csv
2,ceda27c656e0,2025-10-15T11:41:45.302020,grail,pathetic,4,True,22aa058432c1,5.896227999983239,latency-ceda27c656e0.csv
2,ceda27c656e0,2025-10-15T11:41:45.414418,shrek3,with,112,True,22aa058432c1,6.518934999803605,latency-ceda27c656e0.csv
2,ceda27c656e0,2025-10-15T11:41:45.527337,shrek3,and,576,True,22aa058432c1,8.82768399969791,latency-ceda27c656e0.csv
2,ceda27c656e0,2025-10-15T11:41:45.642900,shrek3,MERLIN,73,True,22aa058432c1,8.414915999765071,latency-ceda27c656e0.csv
2,ceda27c656e0,2025-10-15T11:41:45.758857,shrek3,PRINCE,207,True,22aa058432c1,7.560040000043955,latency-ceda27c656e0.csv
2,ceda27c656e0,2025-10-15T11:41:45.873947,grail,rows,1,True,22aa058432c1,5.8303549999436655,latency-ceda27c656e0.csv
2,ceda27c656e0,2025-10-15T11:41:45.985425,shrek,I,386,True,22aa058432c1,8.135985000080836,latency-ceda27c656e0.csv
2,ceda27c656e0,2025-10-15T11:41:46.100106,grail,on,139,True,22aa058432c1,6.017493999934231,latency-ceda27c656e0.csv
2,ceda27c656e0,2025-10-15T11:41:46.212189,shrek,SHREK,433,True,22aa058432c1,5.231880999872374,latency-ceda27c656e0.csv
2,ceda27c656e0,2025-10-15T11:41:46.322219,shrek3,SNOW,49,True,22aa058432c1,6.889118999879429,latency-ceda27c656e0.csv
2,ceda27c656e0,2025-10-15T11:41:46.435346,shrek3,get,39,True,22aa058432c1,6.523362999814708,latency-ceda27c656e0.csv
2,ceda27c656e0,2025-10-15T11:41:46.547756,grail,Boom,4,True,22aa058432c1,4.751046000365022,latency-ceda27c656e0.csv
2,ceda27c656e0,2025-10-15T11:41:46.656816,shrek3,PRINCE,207,True,22aa058432c1,4.037932999835903,latency-ceda27c656e0.csv
2,ceda27c656e0,2025-10-15T11:41:46.765201,grail,-,259,True,22aa058432c1,3.935861000172736,latency-ceda27c656e0.csv
2,ceda27c656e0,2025-10-15T11:41:46.873926,shrek,gone,3,True,22aa058432c1,7.605738000165729,latency-ceda27c656e0.csv
1,d5fef1d0f217,2025-10-15T11:41:26.997230,shrek3,ARTIE,213,True,9666b1e279ac,12.3464650000642,latency-d5fef1d0f217.csv
1,d5fef1d0f217,2025-10-15T11:41:27.116492,grail,seek,12,False,9666b1e279ac,20.04137499989156,latency-d5fef1d0f217.csv
1,d5fef1d0f217,2025-10-15T11:41:27.247148,shrek3,the,1285,True,9666b1e279ac,12.667084999975486,latency-d5fef1d0f217.csv
1,d5fef1d0f217,2025-10-15T11:41:27.370887,grail,music,21,True,22aa058432c1,5.10712200002672,latency-d5fef1d0f217.csv
1,d5fef1d0f217,2025-10-15T11:41:27.482439,shrek,who,29,True,9666b1e279ac,20.414269999946555,latency-d5fef1d0f217.csv
1,d5fef1d0f217,2025-10-15T11:41:27.629001,grail,lost,6,False,9666b1e279ac,12.762189000113722,latency-d5fef1d0f217.csv
1,d5fef1d0f217,2025-10-15T11:41:27.748622,shrek,SHREK,433,True,22aa058432c1,7.506028000079823,latency-d5fef1d0f217.csv
1,d5fef1d0f217,2025-10-15T11:41:27.867069,grail,king,136,False,22aa058432c1,17.33128499972736,latency-d5fef1d0f217.csv
1,d5fef1d0f217,2025-10-15T11:41:27.993253,shrek,I,386,False,9666b1e279ac,10.943542000404705,latency-d5fef1d0f217.csv
1,d5fef1d0f217,2025-10-15T11:41:28.109518,shrek,Is,132,True,9666b1e279ac,7.143857999835745,latency-d5fef1d0f217.csv
1,d5fef1d0f217,2025-10-15T11:41:28.223210,shrek3,JOCKS,2,True,5f108ddc428c,9.08259799962252,latency-d5fef1d0f217.csv
1,d5fef1d0f217,2025-10-15T11:41:28.339579,grail,Footnote,4,True,22aa058432c1,4.675612000028195,latency-d5fef1d0f217.csv
1,d5fef1d0f217,2025-10-15T11:41:28.449413,shrek,after,10,True,5f108ddc428c,14.07493099986823,latency-d5fef1d0f217.csv
1,d5fef1d0f217,2025-10-15T11:41:28.577846,shrek,FIONA,211,True,9666b1e279ac,9.573597999860796,latency-d5fef1d0f217.csv
1,d5fef1d0f217,2025-10-15T11:41:28.693914,grail,to,718,True,22aa058432c1,14.280045000305108,latency-d5fef1d0f217.csv
1,d5fef1d0f217,2025-10-15T11:41:28.814304,shrek3,Whoa,7,True,22aa058432c1,7.0530670000152895,latency-d5fef1d0f217.csv
1,d5fef1d0f217,2025-10-15T11:41:28.927365,shrek3,Donkey,243,False,5f108ddc428c,16.71184999986508,latency-d5fef1d0f217.csv
1,d5fef1d0f217,2025-10-15T11:41:29.056982,shrek3,WOLF,7,False,22aa058432c1,60.14749599989955,latency-d5fef1d0f217.csv
1,d5fef1d0f217,2025-10-15T11:41:29.230089,shrek,FIONA,211,True,5f108ddc428c,8.452708999811875,latency-d5fef1d0f217.csv
1,d5fef1d0f217,2025-10-15T11:41:29.349405,grail,them,41,False,9666b1e279ac,16.610672999831877,latency-d5fef1d0f217.csv
2,d5fef1d0f217,2025-10-15T11:41:29.474423,shrek3,ARTIE,213,True,22aa058432c1,10.857850999855144,latency-d5fef1d0f217.csv
2,d5fef1d0f217,2025-10-15T11:41:29.598560,grail,seek,12,True,9666b1e279ac,16.458406999845465,latency-d5fef1d0f217.csv
2,d5fef1d0f217,2025-10-15T11:41:29.742148,shrek3,the,1285,True,9666b1e279ac,17.75104599983024,latency-d5fef1d0f217.csv
2,d5fef1d0f217,2025-10-15T11:41:29.872286,grail,music,21,True,9666b1e279ac,25.32786700021461,latency-d5fef1d0f217.csv
2,d5fef1d0f217,2025-10-15T11:41:30.019502,shrek,who,29,True,9666b1e279ac,19.170146000305976,latency-d5fef1d0f217.csv
2,d5fef1d0f217,2025-10-15T11:41:30.163683,grail,lost,6,True,22aa058432c1,18.87045700004819,latency-d5fef1d0f217.csv
2,d5fef1d0f217,2025-10-15T11:41:30.292923,shrek,SHREK,433,True,22aa058432c1,10.793932000069615,latency-d5fef1d0f217.csv
2,d5fef1d0f217,2025-10-15T11:41:30.416147,grail,king,136,True,22aa058432c1,15.33375100007106,latency-d5fef1d0f217.csv
2,d5fef1d0f217,2025-10-15T11:41:30.542861,shrek,I,386,True,22aa058432c1,7.143002999782766,latency-d5fef1d0f217.csv
2,d5fef1d0f217,2025-10-15T11:41:30.658971,shrek,Is,132,True,22aa058432c1,8.705175000159215,latency-d5fef1d0f217.csv
2,d5fef1d0f217,2025-10-15T11:41:30.777478,shrek3,JOCKS,2,True,22aa058432c1,8.171241000127338,latency-d5fef1d0f217.csv
2,d5fef1d0f217,2025-10-15T11:41:30.895263,grail,Footnote,4,True,22aa058432c1,10.671790000287729,latency-d5fef1d0f217.csv
2,d5fef1d0f217,2025-10-15T11:41:31.014922,shrek,after,10,True,22aa058432c1,9.642436999911297,latency-d5fef1d0f217.csv
2,d5fef1d0f217,2025-10-15T11:41:31.140343,shrek,FIONA,211,True,22aa058432c1,6.217591000222456,latency-d5fef1d0f217.csv
2,d5fef1d0f217,2025-10-15T11:41:31.262337,grail,to,718,True,22aa058432c1,5.267239000204427,latency-d5fef1d0f217.csv
2,d5fef1d0f217,2025-10-15T11:41:31.372393,shrek3,Whoa,7,True,22aa058432c1,5.533493000257295,latency-d5fef1d0f217.csv
2,d5fef1d0f217,2025-10-15T11:41:31.484150,shrek3,Donkey,243,True,22aa058432c1,6.141543000012462,latency-d5fef1d0f217.csv
2,d5fef1d0f217,2025-10-15T11:41:31.595606,shrek3,WOLF,7,True,9666b1e279ac,7.434847999775229,latency-d5fef1d0f217.csv
2,d5fef1d0f217,2025-10-15T11:41:31.709587,shrek,FIONA,211,True,9666b1e279ac,7.957815999816375,latency-d5fef1d0f217.csv
2,d5fef1d0f217,2025-10-15T11:41:31.824139,grail,them,41,True,22aa058432c1,15.156710999690404,latency-d5fef1d0f217.csv
1,d72798f30ee1,2025-10-15T11:41:25.465726,grail,few,8,False,9666b1e279ac,9.98669599994173,latency-d72798f30ee1.csv
1,d72798f30ee1,2025-10-15T11:41:25.580817,shrek3,SHREK,678,False,9666b1e279ac,15.127389000099356,latency-d72798f30ee1.csv
1,d72798f30ee1,2025-10-15T11:41:25.703034,shrek,baby,3,False,9666b1e279ac,11.103834000095958,latency-d72798f30ee1.csv
1,d72798f30ee1,2025-10-15T11:41:25.820340,shrek3,CAPTAIN,41,False,9666b1e279ac,18.339219999688797,latency-d72798f30ee1.csv
1,d72798f30ee1,2025-10-15T11:41:25.955055,grail,the,1600,True,22aa058432c1,4.478840000047057,latency-d72798f30ee1.csv
1,d72798f30ee1,2025-10-15T11:41:26.064386,grail,Bridge,30,False,22aa058432c1,9.640027000386908,latency-d72798f30ee1.csv
1,d72798f30ee1,2025-10-15T11:41:26.179141,shrek,edge,2,False,22aa058432c1,14.935756000340916,latency-d72798f30ee1.csv
1,d72798f30ee1,2025-10-15T11:41:26.305920,grail,GALAHAD,87,False,9666b1e279ac,11.810460000106104,latency-d72798f30ee1.csv
1,d72798f30ee1,2025-10-15T11:41:26.432448,shrek,What,104,True,22aa058432c1,11.105848999704904,latency-d72798f30ee1.csv
1,d72798f30ee1,2025-10-15T11:41:26.549969,shrek3,time,23,True,22aa058432c1,6.977013999858173,latency-d72798f30ee1.csv
1,d72798f30ee1,2025-10-15T11:41:26.663055,shrek3,flaming,2,True,5f108ddc428c,8.6816800003362,latency-d72798f30ee1.csv
1,d72798f30ee1,2025-10-15T11:41:26.789374,shrek,DONKEY,320,True,22aa058432c1,8.820828999887453,latency-d72798f30ee1.csv
1,d72798f30ee1,2025-10-15T11:41:26.907090,grail,ANOTHER,25,False,9666b1e279ac,17.179530000248633,latency-d72798f30ee1.csv
1,d72798f30ee1,2025-10-15T11:41:27.039019,shrek3,PRINCE,207,True,22aa058432c1,8.115437000014936,latency-d72798f30ee1.csv
1,d72798f30ee1,2025-10-15T11:41:27.164475,grail,thus,5,False,5f108ddc428c,32.573645999946166,latency-d72798f30ee1.csv
1,d72798f30ee1,2025-10-15T11:41:27.327936,grail,To,718,True,9666b1e279ac,9.84650899999906,latency-d72798f30ee1.csv
1,d72798f30ee1,2025-10-15T11:41:27.445212,shrek3,supposed,11,False,22aa058432c1,20.466336000026786,latency-d72798f30ee1.csv
1,d72798f30ee1,2025-10-15T11:41:27.598776,grail,Bridge,30,True,22aa058432c1,7.575392000035208,latency-d72798f30ee1.csv
1,d72798f30ee1,2025-10-15T11:41:27.713120,grail,"Peng,",0,True,22aa058432c1,5.904873999952542,latency-d72798f30ee1.csv
1,d72798f30ee1,2025-10-15T11:41:27.824863,grail,grabbing,5,False,22aa058432c1,11.393241999940074,latency-d72798f30ee1.csv
2,d72798f30ee1,2025-10-15T11:41:27.947271,grail,few,8,True,22aa058432c1,7.173399999828689,latency-d72798f30ee1.csv
2,d72798f30ee1,2025-10-15T11:41:28.062167,shrek3,SHREK,678,True,9666b1e279ac,7.545779999873048,latency-d72798f30ee1.csv
2,d72798f30ee1,2025-10-15T11:41:28.176881,shrek,baby,3,True,9666b1e279ac,10.178864999943473,latency-d72798f30ee1.csv
2,d72798f30ee1,2025-10-15T11:41:28.295652,shrek3,CAPTAIN,41,True,22aa058432c1,5.831375000070693,latency-d72798f30ee1.csv
2,d72798f30ee1,2025-10-15T11:41:28.408836,grail,the,1600,True,5f108ddc428c,9.21188499978598,latency-d72798f30ee1.csv
2,d72798f30ee1,2025-10-15T11:41:28.526877,grail,Bridge,30,True,9666b1e279ac,11.13636599984602,latency-d72798f30ee1.csv
2,d72798f30ee1,2025-10-15T11:41:28.648755,shrek,edge,2,True,9666b1e279ac,6.907719000082579,latency-d72798f30ee1.csv
2,d72798f30ee1,2025-10-15T11:41:28.762438,grail,GALAHAD,87,True,5f108ddc428c,7.443611999860877,latency-d72798f30ee1.csv
2,d72798f30ee1,2025-10-15T11:41:28.876943,shrek,What,104,True,22aa058432c1,5.972514999939449,latency-d72798f30ee1.csv
2,d72798f30ee1,2025-10-15T11:41:28.988734,shrek3,time,23,True,9666b1e279ac,9.920127999976105,latency-d72798f30ee1.csv
2,d72798f30ee1,2025-10-15T11:41:29.108759,shrek3,flaming,2,True,9666b1e279ac,10.147734999918612,latency-d72798f30ee1.csv
2,d72798f30ee1,2025-10-15T11:41:29.231130,shrek,DONKEY,320,True,5f108ddc428c,8.015197000077023,latency-d72798f30ee1.csv
2,d72798f30ee1,2025-10-15T11:41:29.350010,grail,ANOTHER,25,True,9666b1e279ac,7.018574000085209,latency-d72798f30ee1.csv
2,d72798f30ee1,2025-10-15T11:41:29.474489,shrek3,PRINCE,207,True,22aa058432c1,12.227651000102924,latency-d72798f30ee1.csv
2,d72798f30ee1,2025-10-15T11:41:29.597585,grail,thus,5,True,9666b1e279ac,32.320040999820776,latency-d72798f30ee1.csv
2,d72798f30ee1,2025-10-15T11:41:29.745438,grail,To,718,True,5f108ddc428c,15.120421000119675,latency-d72798f30ee1.csv
2,d72798f30ee1,2025-10-15T11:41:29.870450,shrek3,supposed,11,True,9666b1e279ac,23.834297000121296,latency-d72798f30ee1.csv
2,d72798f30ee1,2025-10-15T11:41:30.018070,grail,Bridge,30,True,9666b1e279ac,20.060651999756374,latency-d72798f30ee1.csv
2,d72798f30ee1,2025-10-15T11:41:30.152100,grail,"Peng,",0,True,5f108ddc428c,8.71688200004428,latency-d72798f30ee1.csv
2,d72798f30ee1,2025-10-15T11:41:30.271472,grail,grabbing,5,True,22aa058432c1,8.4912140000597,latency-d72798f30ee1.csv
1,db76c6c133f3,2025-10-15T11:41:23.693581,grail,pseudonym,1,False,22aa058432c1,40.700388999994175,latency-db76c6c133f3.csv
1,db76c6c133f3,2025-10-15T11:41:23.842924,grail,Boom,4,False,22aa058432c1,13.759988999936468,latency-db76c6c133f3.csv
1,db76c6c133f3,2025-10-15T11:41:23.964984,shrek,Nobody,4,False,22aa058432c1,14.312523999706173,latency-db76c6c133f3.csv
1,db76c6c133f3,2025-10-15T11:41:24.086156,grail,upon,13,False,22aa058432c1,18.056621000141604,latency-db76c6c133f3.csv
1,db76c6c133f3,2025-10-15T11:41:24.211374,shrek,What,104,False,22aa058432c1,16.099725999993098,latency-db76c6c133f3.csv
1,db76c6c133f3,2025-10-15T11:41:24.334370,shrek3,2,8,False,22aa058432c1,16.10668800003623,latency-db76c6c133f3.csv
1,db76c6c133f3,2025-10-15T11:41:24.456312,shrek3,get,39,False,22aa058432c1,14.864162000321812,latency-db76c6c133f3.csv
1,db76c6c133f3,2025-10-15T11:41:24.576638,shrek3,of,275,False,22aa058432c1,9.916964000240114,latency-db76c6c133f3.csv
1,db76c6c133f3,2025-10-15T11:41:24.691184,grail,the,1600,False,22aa058432c1,13.339180999992095,latency-db76c6c133f3.csv
1,db76c6c133f3,2025-10-15T11:41:24.809849,shrek3,and,576,False,22aa058432c1,11.296342000150617,latency-db76c6c133f3.csv
1,db76c6c133f3,2025-10-15T11:41:24.926129,grail,Cleveland,3,False,22aa058432c1,9.114293000038742,latency-db76c6c133f3.csv
1,db76c6c133f3,2025-10-15T11:41:25.040447,shrek,field,4,True,22aa058432c1,7.482403000267368,latency-db76c6c133f3.csv
1,db76c6c133f3,2025-10-15T11:41:25.153702,grail,it,279,False,9666b1e279ac,10.837384999831556,latency-db76c6c133f3.csv
1,db76c6c133f3,2025-10-15T11:41:25.269385,shrek3,through,43,False,22aa058432c1,11.582132000057754,latency-db76c6c133f3.csv
1,db76c6c133f3,2025-10-15T11:41:25.390611,grail,music,21,False,22aa058432c1,13.618032999602292,latency-db76c6c133f3.csv
1,db76c6c133f3,2025-10-15T11:41:25.509915,shrek,What,104,True,22aa058432c1,5.081483000139997,latency-db76c6c133f3.csv
1,db76c6c133f3,2025-10-15T11:41:25.620720,shrek,FIONA,211,True,22aa058432c1,4.784518999713328,latency-db76c6c133f3.csv
1,db76c6c133f3,2025-10-15T11:41:25.730980,shrek,Is,132,False,22aa058432c1,12.211538000428844,latency-db76c6c133f3.csv
1,db76c6c133f3,2025-10-15T11:41:25.849085,grail,"Oh,",2,False,22aa058432c1,13.533718999951816,latency-db76c6c133f3.csv
1,db76c6c133f3,2025-10-15T11:41:25.969315,shrek,DONKEY,320,True,22aa058432c1,4.727854000066145,latency-db76c6c133f3.csv
2,db76c6c133f3,2025-10-15T11:41:26.079888,grail,pseudonym,1,True,22aa058432c1,5.253667999568279,latency-db76c6c133f3.csv
2,db76c6c133f3,2025-10-15T11:41:26.191061,grail,Boom,4,True,5f108ddc428c,9.828723999817155,latency-db76c6c133f3.csv
2,db76c6c133f3,2025-10-15T11:41:26.310553,shrek,Nobody,4,True,5f108ddc428c,6.149518999791326,latency-db76c6c133f3.csv
2,db76c6c133f3,2025-10-15T11:41:26.423864,grail,upon,13,True,22aa058432c1,5.555178000122396,latency-db76c6c133f3.csv
2,db76c6c133f3,2025-10-15T11:41:26.539871,shrek,What,104,True,22aa058432c1,5.854603999978281,latency-db76c6c133f3.csv
2,db76c6c133f3,2025-10-15T11:41:26.650544,shrek3,2,8,True,22aa058432c1,5.343021000044246,latency-db76c6c133f3.csv
2,db76c6c133f3,2025-10-15T11:41:26.761558,shrek3,get,39,True,22aa058432c1,6.941114000255766,latency-db76c6c133f3.csv
2,db76c6c133f3,2025-10-15T11:41:26.875917,shrek3,of,275,True,22aa058432c1,6.3770709998607344,latency-db76c6c133f3.csv
2,db76c6c133f3,2025-10-15T11:41:26.987842,grail,the,1600,True,22aa058432c1,13.275486999646091,latency-db76c6c133f3.csv
2,db76c6c133f3,2025-10-15T11:41:27.111713,shrek3,and,576,True,22aa058432c1,8.830268000110664,latency-db76c6c133f3.csv
2,db76c6c133f3,2025-10-15T11:41:27.230525,grail,Cleveland,3,True,22aa058432c1,8.645994000289647,latency-db76c6c133f3.csv
2,db76c6c133f3,2025-10-15T11:41:27.352093,shrek,field,4,True,9666b1e279ac,6.884958999762603,latency-db76c6c133f3.csv
2,db76c6c133f3,2025-10-15T11:41:27.469701,grail,it,279,True,5f108ddc428c,29.26012800026001,latency-db76c6c133f3.csv
2,db76c6c133f3,2025-10-15T11:41:27.623589,shrek3,through,43,True,5f108ddc428c,8.163925999724597,latency-db76c6c133f3.csv
2,db76c6c133f3,2025-10-15T11:41:27.738475,grail,music,21,True,9666b1e279ac,14.323069999591098,latency-db76c6c133f3.csv
2,db76c6c133f3,2025-10-15T11:41:27.875533,shrek,What,104,True,9666b1e279ac,10.653562999777932,latency-db76c6c133f3.csv
2,db76c6c133f3,2025-10-15T11:41:27.995668,shrek,FIONA,211,True,5f108ddc428c,6.471664999935456,latency-db76c6c133f3.csv
2,db76c6c133f3,2025-10-15T11:41:28.112917,shrek,Is,132,True,5f108ddc428c,7.634482999947068,latency-db76c6c133f3.csv
2,db76c6c133f3,2025-10-15T11:41:28.226958,grail,"Oh,",2,True,22aa058432c1,10.559445000126289,latency-db76c6c133f3.csv
2,db76c6c133f3,2025-10-15T11:41:28.351998,shrek,DONKEY,320,True,22aa058432c1,18.14503400009926,latency-db76c6c133f3.csv
1,dd3eae3afae0,2025-10-15T11:41:28.097360,shrek3,toward,14,False,22aa058432c1,11.670937000417323,latency-dd3eae3afae0.csv
1,dd3eae3afae0,2025-10-15T11:41:28.218589,shrek3,body),0,False,9666b1e279ac,16.543662999993103,latency-dd3eae3afae0.csv
1,dd3eae3afae0,2025-10-15T11:41:28.350968,grail,pause,10,True,22aa058432c1,10.442838000017218,latency-dd3eae3afae0.csv
1,dd3eae3afae0,2025-10-15T11:41:28.478423,shrek,SHREK,433,True,22aa058432c1,11.268243999893455,latency-dd3eae3afae0.csv
1,dd3eae3afae0,2025-10-15T11:41:28.599566,shrek3,"meet""",0,False,22aa058432c1,18.462661000285152,latency-dd3eae3afae0.csv
1,dd3eae3afae0,2025-10-15T11:41:28.726018,shrek3,Guards,23,False,22aa058432c1,19.578795999677823,latency-dd3eae3afae0.csv
1,dd3eae3afae0,2025-10-15T11:41:28.853789,shrek3,Hold,8,True,5f108ddc428c,5.0713019995782815,latency-dd3eae3afae0.csv
1,dd3eae3afae0,2025-10-15T11:41:28.964593,grail,I,298,False,9666b1e279ac,13.46587299985913,latency-dd3eae3afae0.csv
1,dd3eae3afae0,2025-10-15T11:41:29.085332,grail,seek,12,True,9666b1e279ac,8.607764999851497,latency-dd3eae3afae0.csv
1,dd3eae3afae0,2025-10-15T11:41:29.200677,grail,Aaaaugh,9,True,22aa058432c1,6.311505000212492,latency-dd3eae3afae0.csv
1,dd3eae3afae0,2025-10-15T11:41:29.311935,shrek,and,318,True,5f108ddc428c,14.72803299975567,latency-dd3eae3afae0.csv
1,dd3eae3afae0,2025-10-15T11:41:29.432084,shrek,cottage,4,True,22aa058432c1,6.87313099979292,latency-dd3eae3afae0.csv
1,dd3eae3afae0,2025-10-15T11:41:29.548047,shrek3,116,1,False,9666b1e279ac,21.67817300005481,latency-dd3eae3afae0.csv
1,dd3eae3afae0,2025-10-15T11:41:29.680752,grail,are,114,False,22aa058432c1,45.20973099988623,latency-dd3eae3afae0.csv
1,dd3eae3afae0,2025-10-15T11:41:29.854979,grail,with/,0,False,5f108ddc428c,15.416472000197246,latency-dd3eae3afae0.csv
1,dd3eae3afae0,2025-10-15T11:41:29.992885,grail,Boom,4,True,22aa058432c1,8.979362999980367,latency-dd3eae3afae0.csv
1,dd3eae3afae0,2025-10-15T11:41:30.109347,shrek,happily,2,False,22aa058432c1,17.837654999766528,latency-dd3eae3afae0.csv
1,dd3eae3afae0,2025-10-15T11:41:30.237079,grail,them,41,True,9666b1e279ac,4.439267999714502,latency-dd3eae3afae0.csv
1,dd3eae3afae0,2025-10-15T11:41:30.349359,shrek,token,1,True,9666b1e279ac,5.899297000269144,latency-dd3eae3afae0.csv
1,dd3eae3afae0,2025-10-15T11:41:30.461764,shrek3,Cinderella,21,False,9666b1e279ac,22.1371860002364,latency-dd3eae3afae0.csv
2,dd3eae3afae0,2025-10-15T11:41:30.595222,shrek3,toward,14,True,9666b1e279ac,5.426013000032981,latency-dd3eae3afae0.csv
2,dd3eae3afae0,2025-10-15T11:41:30.709461,shrek3,body),0,True,22aa058432c1,4.98129700008576,latency-dd3eae3afae0.csv
2,dd3eae3afae0,2025-10-15T11:41:30.821509,grail,pause,10,True,22aa058432c1,5.457789000047342,latency-dd3eae3afae0.csv
2,dd3eae3afae0,2025-10-15T11:41:30.933612,shrek,SHREK,433,True,22aa058432c1,7.613345999743615,latency-dd3eae3afae0.csv
2,dd3eae3afae0,2025-10-15T11:41:31.064419,shrek3,"meet""",0,True,22aa058432c1,7.138963000215881,latency-dd3eae3afae0.csv
2,dd3eae3afae0,2025-10-15T11:41:31.178129,shrek3,Guards,23,True,22aa058432c1,7.385862999853998,latency-dd3eae3afae0.csv
2,dd3eae3afae0,2025-10-15T11:41:31.295035,shrek3,Hold,8,True,22aa058432c1,7.046072999855824,latency-dd3eae3afae0.csv
2,dd3eae3afae0,2025-10-15T11:41:31.410094,grail,I,298,True,22aa058432c1,39.57111699992311,latency-dd3eae3afae0.csv
2,dd3eae3afae0,2025-10-15T11:41:31.566029,grail,seek,12,True,9666b1e279ac,11.477882000235695,latency-dd3eae3afae0.csv
2,dd3eae3afae0,2025-10-15T11:41:31.686875,grail,Aaaaugh,9,True,9666b1e279ac,7.687666000038007,latency-dd3eae3afae0.csv
2,dd3eae3afae0,2025-10-15T11:41:31.808638,shrek,and,318,True,22aa058432c1,7.049508999898535,latency-dd3eae3afae0.csv
2,dd3eae3afae0,2025-10-15T11:41:31.924277,shrek,cottage,4,True,9666b1e279ac,7.64736199971594,latency-dd3eae3afae0.csv
2,dd3eae3afae0,2025-10-15T11:41:32.039112,shrek3,116,1,True,9666b1e279ac,6.2475999998241605,latency-dd3eae3afae0.csv
2,dd3eae3afae0,2025-10-15T11:41:32.151248,grail,are,114,True,9666b1e279ac,13.250963999780652,latency-dd3eae3afae0.csv
2,dd3eae3afae0,2025-10-15T11:41:32.272210,grail,with/,0,True,5f108ddc428c,8.298017000015534,latency-dd3eae3afae0.csv
2,dd3eae3afae0,2025-10-15T11:41:32.387463,grail,Boom,4,True,5f108ddc428c,9.21321700025146,latency-dd3eae3afae0.csv
2,dd3eae3afae0,2025-10-15T11:41:32.503431,shrek,happily,2,True,5f108ddc428c,7.132289999844943,latency-dd3eae3afae0.csv
2,dd3eae3afae0,2025-10-15T11:41:32.618660,grail,them,41,True,5f108ddc428c,10.92804200015962,latency-dd3eae3afae0.csv
2,dd3eae3afae0,2025-10-15T11:41:32.736493,shrek,token,1,True,5f108ddc428c,8.433480000348936,latency-dd3eae3afae0.csv
2,dd3eae3afae0,2025-10-15T11:41:32.851479,shrek3,Cinderella,21,True,22aa058432c1,7.457943000190426,latency-dd3eae3afae0.csv
1,e0531a0d56da,2025-10-15T11:41:28.746538,shrek,you,409,True,9666b1e279ac,8.480001999942033,latency-e0531a0d56da.csv
1,e0531a0d56da,2025-10-15T11:41:28.863881,shrek,who,29,True,22aa058432c1,5.337840999800392,latency-e0531a0d56da.csv
1,e0531a0d56da,2025-10-15T11:41:28.975490,shrek,And,318,False,22aa058432c1,17.312709000179893,latency-e0531a0d56da.csv
1,e0531a0d56da,2025-10-15T11:41:29.103585,shrek,he,118,True,9666b1e279ac,9.824155999922368,latency-e0531a0d56da.csv
1,e0531a0d56da,2025-10-15T11:41:29.228900,shrek,Is,132,True,22aa058432c1,10.307444999853033,latency-e0531a0d56da.csv
1,e0531a0d56da,2025-10-15T11:41:29.350280,shrek3,time,23,True,9666b1e279ac,15.7867059997443,latency-e0531a0d56da.csv
1,e0531a0d56da,2025-10-15T11:41:29.473802,shrek3,them,44,True,22aa058432c1,10.941338000066024,latency-e0531a0d56da.csv
1,e0531a0d56da,2025-10-15T11:41:29.597217,grail,ANOTHER,25,True,9666b1e279ac,19.86377999992328,latency-e0531a0d56da.csv
1,e0531a0d56da,2025-10-15T11:41:29.737475,shrek3,youre,0,True,9666b1e279ac,24.25996900001337,latency-e0531a0d56da.csv
1,e0531a0d56da,2025-10-15T11:41:29.874076,shrek3,They,80,True,9666b1e279ac,26.25459799992313,latency-e0531a0d56da.csv
1,e0531a0d56da,2025-10-15T11:41:30.020796,shrek,baby,3,True,5f108ddc428c,16.90197000016269,latency-e0531a0d56da.csv
1,e0531a0d56da,2025-10-15T11:41:30.165800,grail,upon,13,True,9666b1e279ac,8.916133999719023,latency-e0531a0d56da.csv
1,e0531a0d56da,2025-10-15T11:41:30.281286,grail,pathetic,4,True,9666b1e279ac,6.536896999932651,latency-e0531a0d56da.csv
1,e0531a0d56da,2025-10-15T11:41:30.398496,shrek,after,10,True,9666b1e279ac,12.764644000071712,latency-e0531a0d56da.csv
1,e0531a0d56da,2025-10-15T11:41:30.525540,shrek,baby,3,True,22aa058432c1,7.24109699967812,latency-e0531a0d56da.csv
1,e0531a0d56da,2025-10-15T11:41:30.638989,shrek3,did,14,False,22aa058432c1,14.859321999665552,latency-e0531a0d56da.csv
1,e0531a0d56da,2025-10-15T11:41:30.759244,shrek,FARQUAAD,84,True,22aa058432c1,4.440686000179994,latency-e0531a0d56da.csv
1,e0531a0d56da,2025-10-15T11:41:30.868252,grail,"Peng,",0,True,22aa058432c1,5.091322000225773,latency-e0531a0d56da.csv
1,e0531a0d56da,2025-10-15T11:41:30.979682,shrek,transport,1,False,22aa058432c1,11.99123000014879,latency-e0531a0d56da.csv
1,e0531a0d56da,2025-10-15T11:41:31.097973,shrek,GORDO,5,True,22aa058432c1,5.778426999768271,latency-e0531a0d56da.csv
2,e0531a0d56da,2025-10-15T11:41:31.209771,shrek,you,409,True,22aa058432c1,4.939290000038454,latency-e0531a0d56da.csv
2,e0531a0d56da,2025-10-15T11:41:31.319864,shrek,who,29,True,22aa058432c1,4.7532950002278085,latency-e0531a0d56da.csv
2,e0531a0d56da,2025-10-15T11:41:31.431719,shrek,And,318,True,9666b1e279ac,13.6366699998689,latency-e0531a0d56da.csv
2,e0531a0d56da,2025-10-15T11:41:31.554547,shrek,he,118,True,22aa058432c1,7.726967000053264,latency-e0531a0d56da.csv
2,e0531a0d56da,2025-10-15T11:41:31.671443,shrek,Is,132,True,22aa058432c1,5.485388000124658,latency-e0531a0d56da.csv
2,e0531a0d56da,2025-10-15T11:41:31.781824,shrek3,time,23,True,22aa058432c1,6.321874000150274,latency-e0531a0d56da.csv
2,e0531a0d56da,2025-10-15T11:41:31.894940,shrek3,them,44,True,9666b1e279ac,9.362847999909718,latency-e0531a0d56da.csv
2,e0531a0d56da,2025-10-15T11:41:32.015092,grail,ANOTHER,25,True,9666b1e279ac,4.484751000290999,latency-e0531a0d56da.csv
2,e0531a0d56da,2025-10-15T11:41:32.124697,shrek3,youre,0,True,22aa058432c1,13.372776999858615,latency-e0531a0d56da.csv
2,e0531a0d56da,2025-10-15T11:41:32.244530,shrek3,They,80,True,22aa058432c1,4.8637489999237005,latency-e0531a0d56da.csv
2,e0531a0d56da,2025-10-15T11:41:32.354625,shrek,baby,3,True,9666b1e279ac,6.830825000179175,latency-e0531a0d56da.csv
2,e0531a0d56da,2025-10-15T11:41:32.467521,grail,upon,13,True,9666b1e279ac,6.078089000311593,latency-e0531a0d56da.csv
2,e0531a0d56da,2025-10-15T11:41:32.579913,grail,pathetic,4,True,22aa058432c1,5.756480999934865,latency-e0531a0d56da.csv
2,e0531a0d56da,2025-10-15T11:41:32.690859,shrek,after,10,True,9666b1e279ac,7.437269000092783,latency-e0531a0d56da.csv
2,e0531a0d56da,2025-10-15T11:41:32.806199,shrek,baby,3,True,9666b1e279ac,5.683211999894411,latency-e0531a0d56da.csv
2,e0531a0d56da,2025-10-15T11:41:32.919217,shrek3,did,14,True,9666b1e279ac,7.827583000107552,latency-e0531a0d56da.csv
2,e0531a0d56da,2025-10-15T11:41:33.041620,shrek,FARQUAAD,84,True,22aa058432c1,4.85733599998639,latency-e0531a0d56da.csv
2,e0531a0d56da,2025-10-15T11:41:33.151756,grail,"Peng,",0,True,22aa058432c1,8.40926999990188,latency-e0531a0d56da.csv
2,e0531a0d56da,2025-10-15T11:41:33.267728,shrek,transport,1,True,22aa058432c1,5.533831000320788,latency-e0531a0d56da.csv
2,e0531a0d56da,2025-10-15T11:41:33.378183,shrek,GORDO,5,True,22aa058432c1,6.681923999622086,latency-e0531a0d56da.csv
1,e1449145438e,2025-10-15T11:41:37.576586,grail,the,1600,True,22aa058432c1,5.136851000315801,latency-e1449145438e.csv
1,e1449145438e,2025-10-15T11:41:37.686858,shrek3,bed,10,True,22aa058432c1,5.569100999764487,latency-e1449145438e.csv
1,e1449145438e,2025-10-15T11:41:37.797550,shrek,on,88,True,22aa058432c1,4.885350999757065,latency-e1449145438e.csv
1,e1449145438e,2025-10-15T11:41:37.907711,shrek3,wont,0,True,5f108ddc428c,8.145791000060854,latency-e1449145438e.csv
1,e1449145438e,2025-10-15T11:41:38.023108,shrek3,through,43,True,22aa058432c1,6.248446999961743,latency-e1449145438e.csv
1,e1449145438e,2025-10-15T11:41:38.135468,shrek3,youre,0,True,22aa058432c1,6.527374000143027,latency-e1449145438e.csv
1,e1449145438e,2025-10-15T11:41:38.247927,shrek,SHREK,433,True,5f108ddc428c,9.686867999789683,latency-e1449145438e.csv
1,e1449145438e,2025-10-15T11:41:38.366430,shrek,"Ha,",0,True,5f108ddc428c,6.344899999930931,latency-e1449145438e.csv
1,e1449145438e,2025-10-15T11:41:38.478099,grail,Yeah,13,True,9666b1e279ac,6.248192999919411,latency-e1449145438e.csv
1,e1449145438e,2025-10-15T11:41:38.599871,grail,a,666,True,9666b1e279ac,17.072017000373307,latency-e1449145438e.csv
1,e1449145438e,2025-10-15T11:41:38.726092,shrek3,Ahh,8,True,22aa058432c1,5.157605000022159,latency-e1449145438e.csv
1,e1449145438e,2025-10-15T11:41:38.838361,shrek,one,44,True,22aa058432c1,4.515130000072531,latency-e1449145438e.csv
1,e1449145438e,2025-10-15T11:41:38.947999,shrek3,an,51,True,22aa058432c1,5.726591999973607,latency-e1449145438e.csv
1,e1449145438e,2025-10-15T11:41:39.058902,grail,few,8,True,22aa058432c1,5.85221699975591,latency-e1449145438e.csv
1,e1449145438e,2025-10-15T11:41:39.172338,grail,Get,47,True,22aa058432c1,4.621557999598736,latency-e1449145438e.csv
1,e1449145438e,2025-10-15T11:41:39.281653,shrek,looks,37,True,22aa058432c1,6.485077000434103,latency-e1449145438e.csv
1,e1449145438e,2025-10-15T11:41:39.393872,shrek3,did,14,True,22aa058432c1,6.644341999617609,latency-e1449145438e.csv
1,e1449145438e,2025-10-15T11:41:39.507482,shrek3,at,134,True,22aa058432c1,5.707881000034831,latency-e1449145438e.csv
1,e1449145438e,2025-10-15T11:41:39.618966,shrek3,what,82,True,22aa058432c1,4.721140999663476,latency-e1449145438e.csv
1,e1449145438e,2025-10-15T11:41:39.728230,grail,with/,0,True,22aa058432c1,4.351984000095399,latency-e1449145438e.csv
2,e1449145438e,2025-10-15T11:41:39.837391,grail,the,1600,True,9666b1e279ac,8.831067999835795,latency-e1449145438e.csv
2,e1449145438e,2025-10-15T11:41:39.953494,shrek3,bed,10,True,9666b1e279ac,5.830699999933131,latency-e1449145438e.csv
2,e1449145438e,2025-10-15T11:41:40.064934,shrek,on,88,True,9666b1e279ac,5.3616180002791225,latency-e1449145438e.csv
2,e1449145438e,2025-10-15T11:41:40.175549,shrek3,wont,0,True,9666b1e279ac,5.109532000005856,latency-e1449145438e.csv
2,e1449145438e,2025-10-15T11:41:40.286645,shrek3,through,43,True,22aa058432c1,8.925419000206603,latency-e1449145438e.csv
2,e1449145438e,2025-10-15T11:41:40.404138,shrek3,youre,0,True,9666b1e279ac,5.818169999656675,latency-e1449145438e.csv
2,e1449145438e,2025-10-15T11:41:40.517035,shrek,SHREK,433,True,9666b1e279ac,9.285718999763048,latency-e1449145438e.csv
2,e1449145438e,2025-10-15T11:41:40.635954,shrek,"Ha,",0,True,5f108ddc428c,9.360900000046968,latency-e1449145438e.csv
2,e1449145438e,2025-10-15T11:41:40.761095,grail,Yeah,13,True,5f108ddc428c,9.293374000208132,latency-e1449145438e.csv
2,e1449145438e,2025-10-15T11:41:40.876887,grail,a,666,True,5f108ddc428c,9.095939999951952,latency-e1449145438e.csv
2,e1449145438e,2025-10-15T11:41:40.996462,shrek3,Ahh,8,True,5f108ddc428c,12.630518000150914,latency-e1449145438e.csv
2,e1449145438e,2025-10-15T11:41:41.119246,shrek,one,44,True,22aa058432c1,6.613396999910037,latency-e1449145438e.csv
2,e1449145438e,2025-10-15T11:41:41.234086,shrek3,an,51,True,22aa058432c1,7.074739000017871,latency-e1449145438e.csv
2,e1449145438e,2025-10-15T11:41:41.360858,grail,few,8,True,22aa058432c1,7.134476999908657,latency-e1449145438e.csv
2,e1449145438e,2025-10-15T11:41:41.474059,grail,Get,47,True,22aa058432c1,6.823931999861088,latency-e1449145438e.csv
2,e1449145438e,2025-10-15T11:41:41.587461,shrek,looks,37,True,22aa058432c1,5.528747999960615,latency-e1449145438e.csv
2,e1449145438e,2025-10-15T11:41:41.697941,shrek3,did,14,True,22aa058432c1,6.185350999658112,latency-e1449145438e.csv
2,e1449145438e,2025-10-15T11:41:41.810154,shrek3,at,134,True,22aa058432c1,7.7085689999876195,latency-e1449145438e.csv
2,e1449145438e,2025-10-15T11:41:41.925234,shrek3,what,82,True,22aa058432c1,5.673977000242303,latency-e1449145438e.csv
2,e1449145438e,2025-10-15T11:41:42.036294,grail,with/,0,True,22aa058432c1,5.718853000416857,latency-e1449145438e.csv
1,f25b66b22bf9,2025-10-15T11:41:31.590016,shrek3,ho,8,True,22aa058432c1,6.80150300013338,latency-f25b66b22bf9.csv
1,f25b66b22bf9,2025-10-15T11:41:31.704201,shrek3,CAPTAIN,41,True,22aa058432c1,8.011155000076542,latency-f25b66b22bf9.csv
1,f25b66b22bf9,2025-10-15T11:41:31.819658,shrek3,"meet""",0,True,9666b1e279ac,9.264290999908551,latency-f25b66b22bf9.csv
1,f25b66b22bf9,2025-10-15T11:41:31.939686,shrek3,us,12,True,22aa058432c1,7.832155999949464,latency-f25b66b22bf9.csv
1,f25b66b22bf9,2025-10-15T11:41:32.055630,shrek3,him,87,False,22aa058432c1,11.23219400005837,latency-f25b66b22bf9.csv
1,f25b66b22bf9,2025-10-15T11:41:32.173232,grail,-,259,True,22aa058432c1,8.183208999980707,latency-f25b66b22bf9.csv
1,f25b66b22bf9,2025-10-15T11:41:32.294557,shrek,DONKEY,320,True,22aa058432c1,7.200061999810714,latency-f25b66b22bf9.csv
1,f25b66b22bf9,2025-10-15T11:41:32.411455,shrek3,fall,6,True,9666b1e279ac,5.3386669997053104,latency-f25b66b22bf9.csv
1,f25b66b22bf9,2025-10-15T11:41:32.525296,shrek3,right,36,True,9666b1e279ac,6.015127999944525,latency-f25b66b22bf9.csv
1,f25b66b22bf9,2025-10-15T11:41:32.641576,grail,To,718,True,9666b1e279ac,8.888752000075328,latency-f25b66b22bf9.csv
1,f25b66b22bf9,2025-10-15T11:41:32.758213,shrek3,them,44,True,9666b1e279ac,5.493977999776689,latency-f25b66b22bf9.csv
1,f25b66b22bf9,2025-10-15T11:41:32.871423,shrek3,at,134,True,22aa058432c1,9.00886499994158,latency-f25b66b22bf9.csv
1,f25b66b22bf9,2025-10-15T11:41:32.990708,shrek3,CHARMING,232,True,22aa058432c1,9.043427000051452,latency-f25b66b22bf9.csv
1,f25b66b22bf9,2025-10-15T11:41:33.106712,shrek,cottage,4,True,22aa058432c1,6.326308000097924,latency-f25b66b22bf9.csv
1,f25b66b22bf9,2025-10-15T11:41:33.219712,shrek,rising,1,True,22aa058432c1,5.830192999837891,latency-f25b66b22bf9.csv
1,f25b66b22bf9,2025-10-15T11:41:33.331989,shrek,on,88,False,22aa058432c1,14.451062999796704,latency-f25b66b22bf9.csv
1,f25b66b22bf9,2025-10-15T11:41:33.453616,shrek3,Guards,23,True,5f108ddc428c,12.047841000367043,latency-f25b66b22bf9.csv
1,f25b66b22bf9,2025-10-15T11:41:33.573777,shrek3,right,36,True,5f108ddc428c,6.849968000096851,latency-f25b66b22bf9.csv
1,f25b66b22bf9,2025-10-15T11:41:33.685966,shrek3,116,1,True,9666b1e279ac,8.808185999896523,latency-f25b66b22bf9.csv
1,f25b66b22bf9,2025-10-15T11:41:33.800614,shrek3,get,39,True,9666b1e279ac,8.8058049996107,latency-f25b66b22bf9.csv
2,f25b66b22bf9,2025-10-15T11:41:33.917145,shrek3,ho,8,True,9666b1e279ac,13.796892000300431,latency-f25b66b22bf9.csv
2,f25b66b22bf9,2025-10-15T11:41:34.039696,shrek3,CAPTAIN,41,True,9666b1e279ac,5.770873000074062,latency-f25b66b22bf9.csv
2,f25b66b22bf9,2025-10-15T11:41:34.152092,shrek3,"meet""",0,True,9666b1e279ac,6.346463000227232,latency-f25b66b22bf9.csv
2,f25b66b22bf9,2025-10-15T11:41:34.263944,shrek3,us,12,True,5f108ddc428c,7.677751999835891,latency-f25b66b22bf9.csv
2,f25b66b22bf9,2025-10-15T11:41:34.381008,shrek3,him,87,True,9666b1e279ac,5.96696399998109,latency-f25b66b22bf9.csv
2,f25b66b22bf9,2025-10-15T11:41:34.499161,grail,-,259,True,9666b1e279ac,8.161231000030966,latency-f25b66b22bf9.csv
2,f25b66b22bf9,2025-10-15T11:41:34.614954,shrek,DONKEY,320,True,9666b1e279ac,9.302893000040058,latency-f25b66b22bf9.csv
2,f25b66b22bf9,2025-10-15T11:41:34.732798,shrek3,fall,6,True,9666b1e279ac,6.779834000099072,latency-f25b66b22bf9.csv
2,f25b66b22bf9,2025-10-15T11:41:34.846143,shrek3,right,36,True,22aa058432c1,9.091069999612955,latency-f25b66b22bf9.csv
2,f25b66b22bf9,2025-10-15T11:41:34.961651,grail,To,718,True,22aa058432c1,6.915068000125757,latency-f25b66b22bf9.csv
2,f25b66b22bf9,2025-10-15T11:41:35.075232,shrek3,them,44,True,22aa058432c1,15.220379999846044,latency-f25b66b22bf9.csv
2,f25b66b22bf9,2025-10-15T11:41:35.197410,shrek3,at,134,True,22aa058432c1,5.734302000291791,latency-f25b66b22bf9.csv
2,f25b66b22bf9,2025-10-15T11:41:35.308683,shrek3,CHARMING,232,True,22aa058432c1,9.16041500022402,latency-f25b66b22bf9.csv
2,f25b66b22bf9,2025-10-15T11:41:35.427160,shrek,cottage,4,True,22aa058432c1,5.749116000060894,latency-f25b66b22bf9.csv
2,f25b66b22bf9,2025-10-15T11:41:35.539576,shrek,rising,1,True,22aa058432c1,10.306869000032748,latency-f25b66b22bf9.csv
2,f25b66b22bf9,2025-10-15T11:41:35.667234,shrek,on,88,True,9666b1e279ac,10.49951000004512,latency-f25b66b22bf9.csv
2,f25b66b22bf9,2025-10-15T11:41:35.790777,shrek3,Guards,23,True,9666b1e279ac,14.802200999838533,latency-f25b66b22bf9.csv
2,f25b66b22bf9,2025-10-15T11:41:35.917471,shrek3,right,36,True,22aa058432c1,7.919934000256035,latency-f25b66b22bf9.csv
2,f25b66b22bf9,2025-10-15T11:41:36.031909,shrek3,116,1,True,22aa058432c1,6.561990999671252,latency-f25b66b22bf9.csv
2,f25b66b22bf9,2025-10-15T11:41:36.144022,shrek3,get,39,True,5f108ddc428c,7.518436999816913,latency-f25b66b22bf9.csv
1,f343eeb5b60c,2025-10-15T11:41:24.363124,shrek3,Whoa,7,False,22aa058432c1,11.019644000043629,latency-f343eeb5b60c.csv
1,f343eeb5b60c,2025-10-15T11:41:24.479369,grail,Rostmm,1,False,22aa058432c1,11.887225999998918,latency-f343eeb5b60c.csv
1,f343eeb5b60c,2025-10-15T11:41:24.596556,shrek,this,79,False,22aa058432c1,9.99547099991105,latency-f343eeb5b60c.csv
1,f343eeb5b60c,2025-10-15T11:41:24.711554,shrek,MAN,38,False,22aa058432c1,10.925520999990113,latency-f343eeb5b60c.csv
1,f343eeb5b60c,2025-10-15T11:41:24.827975,shrek,help,5,False,22aa058432c1,9.410294000190332,latency-f343eeb5b60c.csv
1,f343eeb5b60c,2025-10-15T11:41:24.942763,shrek3,decree,1,False,22aa058432c1,14.36295700023038,latency-f343eeb5b60c.csv
1,f343eeb5b60c,2025-10-15T11:41:25.064561,shrek3,PRINCE,207,True,22aa058432c1,7.456744000137405,latency-f343eeb5b60c.csv
1,f343eeb5b60c,2025-10-15T11:41:25.178134,shrek,But,73,False,22aa058432c1,9.131807000358094,latency-f343eeb5b60c.csv
1,f343eeb5b60c,2025-10-15T11:41:25.292323,shrek3,CHARMING,232,False,22aa058432c1,22.43705199998658,latency-f343eeb5b60c.csv
1,f343eeb5b60c,2025-10-15T11:41:25.421580,grail,To,718,False,22aa058432c1,9.967243000119195,latency-f343eeb5b60c.csv
1,f343eeb5b60c,2025-10-15T11:41:25.537246,shrek,help,5,True,22aa058432c1,7.374631999937264,latency-f343eeb5b60c.csv
1,f343eeb5b60c,2025-10-15T11:41:25.651369,shrek,help,5,True,22aa058432c1,4.134476000217546,latency-f343eeb5b60c.csv
1,f343eeb5b60c,2025-10-15T11:41:25.760046,shrek3,CHARMING,232,True,22aa058432c1,5.324756999925739,latency-f343eeb5b60c.csv
1,f343eeb5b60c,2025-10-15T11:41:25.870594,shrek3,us,12,False,22aa058432c1,15.295925999907922,latency-f343eeb5b60c.csv
1,f343eeb5b60c,2025-10-15T11:41:25.991650,shrek3,flaming,2,False,22aa058432c1,11.117812000065896,latency-f343eeb5b60c.csv
1,f343eeb5b60c,2025-10-15T11:41:26.107638,shrek3,JOCKS,2,False,22aa058432c1,10.578522999821873,latency-f343eeb5b60c.csv
1,f343eeb5b60c,2025-10-15T11:41:26.223124,grail,G,6,True,22aa058432c1,5.806040999686957,latency-f343eeb5b60c.csv
1,f343eeb5b60c,2025-10-15T11:41:26.334837,shrek3,SHOUTING),0,False,22aa058432c1,13.40027000014743,latency-f343eeb5b60c.csv
1,f343eeb5b60c,2025-10-15T11:41:26.453214,shrek,its,1,False,22aa058432c1,15.231666000090629,latency-f343eeb5b60c.csv
1,f343eeb5b60c,2025-10-15T11:41:26.575316,grail,54,2,False,22aa058432c1,8.65795799973057,latency-f343eeb5b60c.csv
2,f343eeb5b60c,2025-10-15T11:41:26.689648,shrek3,Whoa,7,True,22aa058432c1,5.795003000002907,latency-f343eeb5b60c.csv
2,f343eeb5b60c,2025-10-15T11:41:26.800799,grail,Rostmm,1,True,5f108ddc428c,9.335119999832386,latency-f343eeb5b60c.csv
2,f343eeb5b60c,2025-10-15T11:41:26.917701,shrek,this,79,True,22aa058432c1,7.178871000178333,latency-f343eeb5b60c.csv
2,f343eeb5b60c,2025-10-15T11:41:27.032453,shrek,MAN,38,True,9666b1e279ac,8.288318000268191,latency-f343eeb5b60c.csv
2,f343eeb5b60c,2025-10-15T11:41:27.148885,shrek,help,5,True,9666b1e279ac,9.089075000247249,latency-f343eeb5b60c.csv
2,f343eeb5b60c,2025-10-15T11:41:27.273127,shrek3,decree,1,True,9666b1e279ac,8.388372999888816,latency-f343eeb5b60c.csv
2,f343eeb5b60c,2025-10-15T11:41:27.389082,shrek3,PRINCE,207,True,9666b1e279ac,6.725758999891696,latency-f343eeb5b60c.csv
2,f343eeb5b60c,2025-10-15T11:41:27.503150,shrek,But,73,True,22aa058432c1,42.77707499977623,latency-f343eeb5b60c.csv
2,f343eeb5b60c,2025-10-15T11:41:27.658314,shrek3,CHARMING,232,True,22aa058432c1,8.479346000058285,latency-f343eeb5b60c.csv
2,f343eeb5b60c,2025-10-15T11:41:27.775176,grail,To,718,True,22aa058432c1,10.492419999991398,latency-f343eeb5b60c.csv
2,f343eeb5b60c,2025-10-15T11:41:27.903656,shrek,help,5,True,9666b1e279ac,18.377365000105783,latency-f343eeb5b60c.csv
2,f343eeb5b60c,2025-10-15T11:41:28.047796,shrek,help,5,True,9666b1e279ac,8.172592999926565,latency-f343eeb5b60c.csv
2,f343eeb5b60c,2025-10-15T11:41:28.161602,shrek3,CHARMING,232,True,22aa058432c1,8.426421999956801,latency-f343eeb5b60c.csv
2,f343eeb5b60c,2025-10-15T11:41:28.284323,shrek3,us,12,True,22aa058432c1,5.413727999894036,latency-f343eeb5b60c.csv
2,f343eeb5b60c,2025-10-15T11:41:28.396978,shrek3,flaming,2,True,22aa058432c1,11.908693999885145,latency-f343eeb5b60c.csv
2,f343eeb5b60c,2025-10-15T11:41:28.519356,shrek3,JOCKS,2,True,22aa058432c1,9.201489000133732,latency-f343eeb5b60c.csv
2,f343eeb5b60c,2025-10-15T11:41:28.637922,grail,G,6,True,22aa058432c1,7.321649000004982,latency-f343eeb5b60c.csv
2,f343eeb5b60c,2025-10-15T11:41:28.752849,shrek3,SHOUTING),0,True,22aa058432c1,10.37720000022091,latency-f343eeb5b60c.csv
2,f343eeb5b60c,2025-10-15T11:41:28.871146,shrek,its,1,True,9666b1e279ac,5.896737000057328,latency-f343eeb5b60c.csv
2,f343eeb5b60c,2025-10-15T11:41:28.983456,grail,54,2,True,5f108ddc428c,10.647737999988747,latency-f343eeb5b60c.csv
1,f75d672d8fd9,2025-10-15T11:41:29.243836,shrek3,"meet""",0,True,9666b1e279ac,9.446240999750444,latency-f75d672d8fd9.csv
1,f75d672d8fd9,2025-10-15T11:41:29.360324,shrek,your,49,True,22aa058432c1,8.476074000100198,latency-f75d672d8fd9.csv
1,f75d672d8fd9,2025-10-15T11:41:29.475654,shrek,And,318,True,22aa058432c1,12.307585000144172,latency-f75d672d8fd9.csv
1,f75d672d8fd9,2025-10-15T11:41:29.599230,shrek3,dat,1,False,9666b1e279ac,32.674682999640936,latency-f75d672d8fd9.csv
1,f75d672d8fd9,2025-10-15T11:41:29.742149,grail,LTD,6,True,9666b1e279ac,17.538521999995282,latency-f75d672d8fd9.csv
1,f75d672d8fd9,2025-10-15T11:41:29.871439,grail,"Peng,",0,True,9666b1e279ac,33.99440000021059,latency-f75d672d8fd9.csv
1,f75d672d8fd9,2025-10-15T11:41:30.021630,shrek,I,386,True,5f108ddc428c,15.38240499985477,latency-f75d672d8fd9.csv
1,f75d672d8fd9,2025-10-15T11:41:30.152330,shrek,FIONA'S,3,True,5f108ddc428c,8.876833000158513,latency-f75d672d8fd9.csv
1,f75d672d8fd9,2025-10-15T11:41:30.272872,shrek3,PUSS,196,True,22aa058432c1,7.162488999711059,latency-f75d672d8fd9.csv
1,f75d672d8fd9,2025-10-15T11:41:30.386979,shrek3,ruby,1,False,22aa058432c1,15.262582000104883,latency-f75d672d8fd9.csv
1,f75d672d8fd9,2025-10-15T11:41:30.512889,shrek,SHREK,433,True,22aa058432c1,7.354270999712753,latency-f75d672d8fd9.csv
1,f75d672d8fd9,2025-10-15T11:41:30.626754,shrek,trip,1,True,22aa058432c1,5.275453999729507,latency-f75d672d8fd9.csv
1,f75d672d8fd9,2025-10-15T11:41:30.738113,shrek3,its,1,True,22aa058432c1,5.135395999786852,latency-f75d672d8fd9.csv
1,f75d672d8fd9,2025-10-15T11:41:30.848695,shrek,INSIDE,16,True,22aa058432c1,4.844360999868513,latency-f75d672d8fd9.csv
1,f75d672d8fd9,2025-10-15T11:41:30.959473,grail,To,718,True,5f108ddc428c,11.171966999881988,latency-f75d672d8fd9.csv
1,f75d672d8fd9,2025-10-15T11:41:31.077944,shrek3,flaming,2,True,22aa058432c1,6.551991999913298,latency-f75d672d8fd9.csv
1,f75d672d8fd9,2025-10-15T11:41:31.190536,grail,time,33,True,5f108ddc428c,8.044785000038246,latency-f75d672d8fd9.csv
1,f75d672d8fd9,2025-10-15T11:41:31.304415,grail,TV,2,True,5f108ddc428c,5.585010999766382,latency-f75d672d8fd9.csv
1,f75d672d8fd9,2025-10-15T11:41:31.416438,shrek,GUARD,25,True,22aa058432c1,32.238285000403266,latency-f75d672d8fd9.csv
1,f75d672d8fd9,2025-10-15T11:41:31.566279,shrek,a,305,True,9666b1e279ac,10.257188000196038,latency-f75d672d8fd9.csv
2,f75d672d8fd9,2025-10-15T11:41:31.686475,shrek3,"meet""",0,True,9666b1e279ac,6.796297000164486,latency-f75d672d8fd9.csv
2,f75d672d8fd9,2025-10-15T11:41:31.805867,shrek,your,49,True,9666b1e279ac,8.027265999771771,latency-f75d672d8fd9.csv
2,f75d672d8fd9,2025-10-15T11:41:31.919706,shrek,And,318,True,22aa058432c1,9.457718999783538,latency-f75d672d8fd9.csv
2,f75d672d8fd9,2025-10-15T11:41:32.036373,shrek3,dat,1,True,22aa058432c1,5.803325999750086,latency-f75d672d8fd9.csv
2,f75d672d8fd9,2025-10-15T11:41:32.148092,grail,LTD,6,True,22aa058432c1,8.616781999990053,latency-f75d672d8fd9.csv
2,f75d672d8fd9,2025-10-15T11:41:32.265450,grail,"Peng,",0,True,22aa058432c1,6.747432999873126,latency-f75d672d8fd9.csv
2,f75d672d8fd9,2025-10-15T11:41:32.380422,shrek,I,386,True,22aa058432c1,8.735938999961945,latency-f75d672d8fd9.csv
2,f75d672d8fd9,2025-10-15T11:41:32.498622,shrek,FIONA'S,3,True,22aa058432c1,6.475382999724388,latency-f75d672d8fd9.csv
2,f75d672d8fd9,2025-10-15T11:41:32.611809,shrek3,PUSS,196,True,22aa058432c1,5.9021679999204935,latency-f75d672d8fd9.csv
2,f75d672d8fd9,2025-10-15T11:41:32.729484,shrek3,ruby,1,True,22aa058432c1,5.81342500026949,latency-f75d672d8fd9.csv
2,f75d672d8fd9,2025-10-15T11:41:32.843778,shrek,SHREK,433,True,9666b1e279ac,6.672512000022834,latency-f75d672d8fd9.csv
2,f75d672d8fd9,2025-10-15T11:41:32.958327,shrek,trip,1,True,9666b1e279ac,8.332154000072478,latency-f75d672d8fd9.csv
2,f75d672d8fd9,2025-10-15T11:41:33.074168,shrek3,its,1,True,9666b1e279ac,8.510170000135986,latency-f75d672d8fd9.csv
2,f75d672d8fd9,2025-10-15T11:41:33.188034,shrek,INSIDE,16,True,9666b1e279ac,9.546383999804675,latency-f75d672d8fd9.csv
2,f75d672d8fd9,2025-10-15T11:41:33.305741,grail,To,718,True,22aa058432c1,15.951136000239783,latency-f75d672d8fd9.csv
2,f75d672d8fd9,2025-10-15T11:41:33.431204,shrek3,flaming,2,True,22aa058432c1,9.416768999926717,latency-f75d672d8fd9.csv
2,f75d672d8fd9,2025-10-15T11:41:33.549475,grail,time,33,True,22aa058432c1,4.51172500015673,latency-f75d672d8fd9.csv
2,f75d672d8fd9,2025-10-15T11:41:33.659066,grail,TV,2,True,22aa058432c1,3.9505889999418287,latency-f75d672d8fd9.csv
2,f75d672d8fd9,2025-10-15T11:41:33.767652,shrek,GUARD,25,True,22aa058432c1,6.852973000150087,latency-f75d672d8fd9.csv
2,f75d672d8fd9,2025-10-15T11:41:33.880514,shrek,a,305,True,22aa058432c1,5.8046789999934845,latency-f75d672d8fd9.csv
1,f76db2fb0c3b,2025-10-15T11:41:24.025922,shrek,field,4,False,22aa058432c1,12.103558000035264,latency-f76db2fb0c3b.csv
1,f76db2fb0c3b,2025-10-15T11:41:24.145249,shrek,token,1,False,22aa058432c1,19.36356699980024,latency-f76db2fb0c3b.csv
1,f76db2fb0c3b,2025-10-15T11:41:24.271435,shrek,will,16,False,22aa058432c1,14.14561000001413,latency-f76db2fb0c3b.csv
1,f76db2fb0c3b,2025-10-15T11:41:24.392177,shrek,GUARD,25,False,22aa058432c1,9.448556999814173,latency-f76db2fb0c3b.csv
1,f76db2fb0c3b,2025-10-15T11:41:24.506915,shrek,after,10,False,22aa058432c1,10.8575680001195,latency-f76db2fb0c3b.csv
1,f76db2fb0c3b,2025-10-15T11:41:24.622579,shrek,he,118,False,22aa058432c1,10.806299000250874,latency-f76db2fb0c3b.csv
1,f76db2fb0c3b,2025-10-15T11:41:24.743816,shrek,afraid,8,False,22aa058432c1,13.108482000006916,latency-f76db2fb0c3b.csv
1,f76db2fb0c3b,2025-10-15T11:41:24.871465,shrek3,of,275,True,22aa058432c1,5.239165000148205,latency-f76db2fb0c3b.csv
1,f76db2fb0c3b,2025-10-15T11:41:24.982383,grail,"Peng,",0,False,22aa058432c1,10.273979999965375,latency-f76db2fb0c3b.csv
1,f76db2fb0c3b,2025-10-15T11:41:25.098979,shrek,field,4,True,22aa058432c1,5.315439000241895,latency-f76db2fb0c3b.csv
1,f76db2fb0c3b,2025-10-15T11:41:25.209573,shrek,FIONA,211,False,22aa058432c1,8.957799000199884,latency-f76db2fb0c3b.csv
1,f76db2fb0c3b,2025-10-15T11:41:25.323385,shrek,FARQUAAD,84,False,22aa058432c1,12.418929999967077,latency-f76db2fb0c3b.csv
1,f76db2fb0c3b,2025-10-15T11:41:25.441431,shrek,DONKEY,320,True,22aa058432c1,5.135503000019526,latency-f76db2fb0c3b.csv
1,f76db2fb0c3b,2025-10-15T11:41:25.552239,shrek,help,5,True,22aa058432c1,5.760538000231463,latency-f76db2fb0c3b.csv
1,f76db2fb0c3b,2025-10-15T11:41:25.664386,shrek,one,44,False,9666b1e279ac,11.821069000234274,latency-f76db2fb0c3b.csv
1,f76db2fb0c3b,2025-10-15T11:41:25.782315,shrek,this,79,True,22aa058432c1,7.855016000121395,latency-f76db2fb0c3b.csv
1,f76db2fb0c3b,2025-10-15T11:41:25.896392,shrek3,Artie,213,False,22aa058432c1,23.53169400021216,latency-f76db2fb0c3b.csv
1,f76db2fb0c3b,2025-10-15T11:41:26.025667,shrek3,and,576,True,22aa058432c1,5.328246999852127,latency-f76db2fb0c3b.csv
1,f76db2fb0c3b,2025-10-15T11:41:26.136091,shrek3,Gingerbread,37,False,22aa058432c1,20.13129499982824,latency-f76db2fb0c3b.csv
1,f76db2fb0c3b,2025-10-15T11:41:26.263027,grail,Cleveland,3,True,22aa058432c1,7.243973000186088,latency-f76db2fb0c3b.csv
2,f76db2fb0c3b,2025-10-15T11:41:26.377230,shrek,field,4,True,22aa058432c1,8.39998600031322,latency-f76db2fb0c3b.csv
2,f76db2fb0c3b,2025-10-15T11:41:26.495812,shrek,token,1,True,22aa058432c1,5.937686999914149,latency-f76db2fb0c3b.csv
2,f76db2fb0c3b,2025-10-15T11:41:26.607470,shrek,will,16,True,22aa058432c1,5.162515000392887,latency-f76db2fb0c3b.csv
2,f76db2fb0c3b,2025-10-15T11:41:26.717986,shrek,GUARD,25,True,22aa058432c1,5.793375999928685,latency-f76db2fb0c3b.csv
2,f76db2fb0c3b,2025-10-15T11:41:26.829304,shrek,after,10,True,22aa058432c1,14.993078000316018,latency-f76db2fb0c3b.csv
2,f76db2fb0c3b,2025-10-15T11:41:26.950594,shrek,he,118,True,22aa058432c1,13.138741000148002,latency-f76db2fb0c3b.csv
2,f76db2fb0c3b,2025-10-15T11:41:27.069998,shrek,afraid,8,True,22aa058432c1,7.906757000000653,latency-f76db2fb0c3b.csv
2,f76db2fb0c3b,2025-10-15T11:41:27.192064,shrek3,of,275,True,22aa058432c1,8.13666700014437,latency-f76db2fb0c3b.csv
2,f76db2fb0c3b,2025-10-15T11:41:27.310294,grail,"Peng,",0,True,22aa058432c1,9.07352100011849,latency-f76db2fb0c3b.csv
2,f76db2fb0c3b,2025-10-15T11:41:27.426519,shrek,field,4,True,22aa058432c1,7.465262000096118,latency-f76db2fb0c3b.csv
2,f76db2fb0c3b,2025-10-15T11:41:27.540492,shrek,FIONA,211,True,9666b1e279ac,9.96223399988594,latency-f76db2fb0c3b.csv
2,f76db2fb0c3b,2025-10-15T11:41:27.663732,shrek,FARQUAAD,84,True,5f108ddc428c,7.149267999920994,latency-f76db2fb0c3b.csv
2,f76db2fb0c3b,2025-10-15T11:41:27.779683,shrek,DONKEY,320,True,9666b1e279ac,8.693556999787688,latency-f76db2fb0c3b.csv
2,f76db2fb0c3b,2025-10-15T11:41:27.897686,shrek,help,5,True,22aa058432c1,10.095432000071014,latency-f76db2fb0c3b.csv
2,f76db2fb0c3b,2025-10-15T11:41:28.020349,shrek,one,44,True,22aa058432c1,4.753283999889391,latency-f76db2fb0c3b.csv
2,f76db2fb0c3b,2025-10-15T11:41:28.130321,shrek,this,79,True,22aa058432c1,5.250832000001537,latency-f76db2fb0c3b.csv
2,f76db2fb0c3b,2025-10-15T11:41:28.240708,shrek3,Artie,213,True,5f108ddc428c,12.523885000064183,latency-f76db2fb0c3b.csv
2,f76db2fb0c3b,2025-10-15T11:41:28.359174,shrek3,and,576,True,9666b1e279ac,5.841621000399755,latency-f76db2fb0c3b.csv
2,f76db2fb0c3b,2025-10-15T11:41:28.472536,shrek3,Gingerbread,37,True,22aa058432c1,17.51380900032018,latency-f76db2fb0c3b.csv
2,f76db2fb0c3b,2025-10-15T11:41:28.599930,grail,Cleveland,3,True,22aa058432c1,18.18740999988222,latency-f76db2fb0c3b.csv
1,fd04f30d13f2,2025-10-15T11:41:38.074017,grail,going,21,True,9666b1e279ac,5.3929470000184665,latency-fd04f30d13f2.csv
1,fd04f30d13f2,2025-10-15T11:41:38.185586,shrek,Is,132,True,9666b1e279ac,6.281736999881105,latency-fd04f30d13f2.csv
1,fd04f30d13f2,2025-10-15T11:41:38.299216,shrek3,get,39,True,9666b1e279ac,6.263780999688606,latency-fd04f30d13f2.csv
1,fd04f30d13f2,2025-10-15T11:41:38.412683,shrek3,SHREK,678,True,9666b1e279ac,4.448131000117428,latency-fd04f30d13f2.csv
1,fd04f30d13f2,2025-10-15T11:41:38.523529,shrek,lay,2,True,9666b1e279ac,5.602886999895418,latency-fd04f30d13f2.csv
1,fd04f30d13f2,2025-10-15T11:41:38.635634,shrek3,at,134,True,22aa058432c1,12.262744000054226,latency-fd04f30d13f2.csv
1,fd04f30d13f2,2025-10-15T11:41:38.761644,grail,from,94,True,22aa058432c1,5.9452020000208,latency-fd04f30d13f2.csv
1,fd04f30d13f2,2025-10-15T11:41:38.876032,grail,pseudonym,1,True,5f108ddc428c,8.539969000139536,latency-fd04f30d13f2.csv
1,fd04f30d13f2,2025-10-15T11:41:38.992678,grail,is,317,True,9666b1e279ac,4.638721999981499,latency-fd04f30d13f2.csv
1,fd04f30d13f2,2025-10-15T11:41:39.104881,shrek,Is,132,True,9666b1e279ac,6.312145999800123,latency-fd04f30d13f2.csv
1,fd04f30d13f2,2025-10-15T11:41:39.219700,grail,Boom,4,True,9666b1e279ac,6.602315999771236,latency-fd04f30d13f2.csv
1,fd04f30d13f2,2025-10-15T11:41:39.332953,shrek,Shrek,433,True,9666b1e279ac,5.52958399975978,latency-fd04f30d13f2.csv
1,fd04f30d13f2,2025-10-15T11:41:39.444121,shrek3,field,3,True,22aa058432c1,7.199476000096183,latency-fd04f30d13f2.csv
1,fd04f30d13f2,2025-10-15T11:41:39.557795,grail,BEDEVERE,103,True,22aa058432c1,6.042957999852661,latency-fd04f30d13f2.csv
1,fd04f30d13f2,2025-10-15T11:41:39.671471,shrek3,Final,119,True,22aa058432c1,9.377778000271064,latency-fd04f30d13f2.csv
1,fd04f30d13f2,2025-10-15T11:41:39.786996,shrek3,what,82,True,22aa058432c1,13.38904400017782,latency-fd04f30d13f2.csv
1,fd04f30d13f2,2025-10-15T11:41:39.911489,grail,54,2,True,22aa058432c1,7.381725999948685,latency-fd04f30d13f2.csv
1,fd04f30d13f2,2025-10-15T11:41:40.025112,grail,rows,1,True,9666b1e279ac,7.765792999634868,latency-fd04f30d13f2.csv
1,fd04f30d13f2,2025-10-15T11:41:40.138310,grail,on,139,True,9666b1e279ac,7.569972000055714,latency-fd04f30d13f2.csv
1,fd04f30d13f2,2025-10-15T11:41:40.251603,shrek3,DONKEY,243,True,9666b1e279ac,7.787886000187427,latency-fd04f30d13f2.csv
2,fd04f30d13f2,2025-10-15T11:41:40.365364,grail,going,21,True,22aa058432c1,6.760752999980468,latency-fd04f30d13f2.csv
2,fd04f30d13f2,2025-10-15T11:41:40.478966,shrek,Is,132,True,22aa058432c1,7.335015000080602,latency-fd04f30d13f2.csv
2,fd04f30d13f2,2025-10-15T11:41:40.592898,shrek3,get,39,True,22aa058432c1,7.169764000082068,latency-fd04f30d13f2.csv
2,fd04f30d13f2,2025-10-15T11:41:40.706332,shrek3,SHREK,678,True,22aa058432c1,6.955375999950775,latency-fd04f30d13f2.csv
2,fd04f30d13f2,2025-10-15T11:41:40.821358,shrek,lay,2,True,9666b1e279ac,4.880621000211249,latency-fd04f30d13f2.csv
2,fd04f30d13f2,2025-10-15T11:41:40.931979,shrek3,at,134,True,9666b1e279ac,4.823930999918957,latency-fd04f30d13f2.csv
2,fd04f30d13f2,2025-10-15T11:41:41.042625,grail,from,94,True,22aa058432c1,9.469636000176251,latency-fd04f30d13f2.csv
2,fd04f30d13f2,2025-10-15T11:41:41.158529,grail,pseudonym,1,True,9666b1e279ac,9.280343000227733,latency-fd04f30d13f2.csv
2,fd04f30d13f2,2025-10-15T11:41:41.275872,grail,is,317,True,22aa058432c1,20.11112199988929,latency-fd04f30d13f2.csv
2,fd04f30d13f2,2025-10-15T11:41:41.409681,shrek,Is,132,True,22aa058432c1,13.355505999697924,latency-fd04f30d13f2.csv
2,fd04f30d13f2,2025-10-15T11:41:41.534220,grail,Boom,4,True,9666b1e279ac,10.298619999957737,latency-fd04f30d13f2.csv
2,fd04f30d13f2,2025-10-15T11:41:41.651573,shrek,Shrek,433,True,9666b1e279ac,9.138200000052166,latency-fd04f30d13f2.csv
2,fd04f30d13f2,2025-10-15T11:41:41.767505,shrek3,field,3,True,22aa058432c1,7.386035999843443,latency-fd04f30d13f2.csv
2,fd04f30d13f2,2025-10-15T11:41:41.883047,grail,BEDEVERE,103,True,22aa058432c1,8.31137100021806,latency-fd04f30d13f2.csv
2,fd04f30d13f2,2025-10-15T11:41:42.001346,shrek3,Final,119,True,22aa058432c1,6.028536000030726,latency-fd04f30d13f2.csv
2,fd04f30d13f2,2025-10-15T11:41:42.114794,shrek3,what,82,True,22aa058432c1,12.325333000262615,latency-fd04f30d13f2.csv
2,fd04f30d13f2,2025-10-15T11:41:42.234576,grail,54,2,True,22aa058432c1,4.801820000011503,latency-fd04f30d13f2.csv
2,fd04f30d13f2,2025-10-15T11:41:42.347695,grail,rows,1,True,22aa058432c1,7.820681999874068,latency-fd04f30d13f2.csv
2,fd04f30d13f2,2025-10-15T11:41:42.461992,grail,on,139,True,22aa058432c1,6.355891999646701,latency-fd04f30d13f2.csv
2,fd04f30d13f2,2025-10-15T11:41:42.574409,shrek3,DONKEY,243,True,9666b1e279ac,5.131301000346866,latency-fd04f30d13f2.csv
1,fded6b7b03c4,2025-10-15T11:41:24.892442,shrek3,bed,10,False,22aa058432c1,11.492995000025983,latency-fded6b7b03c4.csv
1,fded6b7b03c4,2025-10-15T11:41:25.008572,shrek3,PRINCE,207,False,22aa058432c1,16.61654500003351,latency-fded6b7b03c4.csv
1,fded6b7b03c4,2025-10-15T11:41:25.140929,shrek3,the,1285,False,22aa058432c1,11.0304139998334,latency-fded6b7b03c4.csv
1,fded6b7b03c4,2025-10-15T11:41:25.258201,shrek3,and,576,True,22aa058432c1,6.463743000040267,latency-fded6b7b03c4.csv
1,fded6b7b03c4,2025-10-15T11:41:25.370487,shrek,FIONA,211,True,22aa058432c1,4.638529999738239,latency-fded6b7b03c4.csv
1,fded6b7b03c4,2025-10-15T11:41:25.480059,shrek,FARQUAAD,84,True,22aa058432c1,6.109596000442252,latency-fded6b7b03c4.csv
1,fded6b7b03c4,2025-10-15T11:41:25.591632,shrek,DONKEY,320,True,5f108ddc428c,14.086274000419508,latency-fded6b7b03c4.csv
1,fded6b7b03c4,2025-10-15T11:41:25.710784,grail,the,1600,True,22aa058432c1,5.665863000103855,latency-fded6b7b03c4.csv
1,fded6b7b03c4,2025-10-15T11:41:25.822466,shrek,FIONA'S,3,False,9666b1e279ac,23.26508499982083,latency-fded6b7b03c4.csv
1,fded6b7b03c4,2025-10-15T11:41:25.956330,shrek3,Final,119,False,9666b1e279ac,10.566109000137658,latency-fded6b7b03c4.csv
1,fded6b7b03c4,2025-10-15T11:41:26.072427,shrek,this,79,True,5f108ddc428c,4.369276999568683,latency-fded6b7b03c4.csv
1,fded6b7b03c4,2025-10-15T11:41:26.183102,shrek3,of,275,True,9666b1e279ac,7.465915000011591,latency-fded6b7b03c4.csv
1,fded6b7b03c4,2025-10-15T11:41:26.301058,grail,THREE-HEADED,8,False,22aa058432c1,11.278263999884077,latency-fded6b7b03c4.csv
1,fded6b7b03c4,2025-10-15T11:41:26.425928,shrek,SHREK,433,True,9666b1e279ac,5.187253000258352,latency-fded6b7b03c4.csv
1,fded6b7b03c4,2025-10-15T11:41:26.543701,grail,on,139,False,9666b1e279ac,11.096258999714337,latency-fded6b7b03c4.csv
1,fded6b7b03c4,2025-10-15T11:41:26.660939,shrek,field,4,True,22aa058432c1,7.475363000139623,latency-fded6b7b03c4.csv
1,fded6b7b03c4,2025-10-15T11:41:26.774610,shrek,this,79,True,22aa058432c1,8.132871000270825,latency-fded6b7b03c4.csv
1,fded6b7b03c4,2025-10-15T11:41:26.888968,shrek3,They,80,False,22aa058432c1,20.529716000055487,latency-fded6b7b03c4.csv
1,fded6b7b03c4,2025-10-15T11:41:27.018191,shrek,SHREK,433,True,22aa058432c1,11.949689000175567,latency-fded6b7b03c4.csv
1,fded6b7b03c4,2025-10-15T11:41:27.137834,grail,CALLS,3,False,22aa058432c1,20.81811599964567,latency-fded6b7b03c4.csv
2,fded6b7b03c4,2025-10-15T11:41:27.276512,shrek3,bed,10,True,5f108ddc428c,8.386172999962582,latency-fded6b7b03c4.csv
2,fded6b7b03c4,2025-10-15T11:41:27.391970,shrek3,PRINCE,207,True,5f108ddc428c,6.725458999881084,latency-fded6b7b03c4.csv
2,fded6b7b03c4,2025-10-15T11:41:27.505752,shrek3,the,1285,True,9666b1e279ac,22.438050999880943,latency-fded6b7b03c4.csv
2,fded6b7b03c4,2025-10-15T11:41:27.636623,shrek3,and,576,True,22aa058432c1,6.230928000150016,latency-fded6b7b03c4.csv
2,fded6b7b03c4,2025-10-15T11:41:27.749736,shrek,FIONA,211,True,22aa058432c1,6.948963000013464,latency-fded6b7b03c4.csv
2,fded6b7b03c4,2025-10-15T11:41:27.866134,shrek,FARQUAAD,84,True,22aa058432c1,7.914676999916992,latency-fded6b7b03c4.csv
2,fded6b7b03c4,2025-10-15T11:41:27.989843,shrek,DONKEY,320,True,22aa058432c1,4.887324999799603,latency-fded6b7b03c4.csv
2,fded6b7b03c4,2025-10-15T11:41:28.101042,grail,the,1600,True,9666b1e279ac,4.559025999697042,latency-fded6b7b03c4.csv
2,fded6b7b03c4,2025-10-15T11:41:28.210534,shrek,FIONA'S,3,True,22aa058432c1,6.384316000094259,latency-fded6b7b03c4.csv
2,fded6b7b03c4,2025-10-15T11:41:28.325109,shrek3,Final,119,True,22aa058432c1,6.503697999960423,latency-fded6b7b03c4.csv
2,fded6b7b03c4,2025-10-15T11:41:28.437815,shrek,this,79,True,9666b1e279ac,8.07263900014732,latency-fded6b7b03c4.csv
2,fded6b7b03c4,2025-10-15T11:41:28.558120,shrek3,of,275,True,22aa058432c1,10.459294999691338,latency-fded6b7b03c4.csv
2,fded6b7b03c4,2025-10-15T11:41:28.677941,grail,THREE-HEADED,8,True,9666b1e279ac,13.815471999805595,latency-fded6b7b03c4.csv
2,fded6b7b03c4,2025-10-15T11:41:28.804712,shrek,SHREK,433,True,9666b1e279ac,7.003871000051731,latency-fded6b7b03c4.csv
2,fded6b7b03c4,2025-10-15T11:41:28.920379,grail,on,139,True,9666b1e279ac,5.594956000095408,latency-fded6b7b03c4.csv
2,fded6b7b03c4,2025-10-15T11:41:29.033633,shrek,field,4,True,9666b1e279ac,9.118898999986412,latency-fded6b7b03c4.csv
2,fded6b7b03c4,2025-10-15T11:41:29.172021,shrek,this,79,True,22aa058432c1,4.433640999650379,latency-fded6b7b03c4.csv
2,fded6b7b03c4,2025-10-15T11:41:29.280996,shrek3,They,80,True,22aa058432c1,5.904933000238088,latency-fded6b7b03c4.csv
2,fded6b7b03c4,2025-10-15T11:41:29.391460,shrek,SHREK,433,True,22aa058432c1,4.858619000060571,latency-fded6b7b03c4.csv
2,fded6b7b03c4,2025-10-15T11:41:29.502357,grail,CALLS,3,True,22aa058432c1,6.543353999859392,latency-fded6b7b03c4.csv
