pass,client_id,t_start_utc,file,keyword,count,from_cache,server,latency_ms,source_file
1,0011bff13c47,2025-10-15T11:45:34.175450,grail,Ecky-Ecky-Ecky,1,True,a45d25883979,5.922656999700848,latency-0011bff13c47.csv
1,0011bff13c47,2025-10-15T11:45:34.290379,shrek,and,318,True,a45d25883979,7.784536999679403,latency-0011bff13c47.csv
1,0011bff13c47,2025-10-15T11:45:34.404971,shrek,help,5,True,a45d25883979,7.682680000016262,latency-0011bff13c47.csv
1,0011bff13c47,2025-10-15T11:45:34.524058,grail,pretty,7,True,a45d25883979,5.228748000263295,latency-0011bff13c47.csv
1,0011bff13c47,2025-10-15T11:45:34.634549,shrek3,116,1,True,a45d25883979,5.191078999814636,latency-0011bff13c47.csv
1,0011bff13c47,2025-10-15T11:45:34.744657,grail,Eolio,2,True,a45d25883979,8.840416000111873,latency-0011bff13c47.csv
1,0011bff13c47,2025-10-15T11:45:34.860605,shrek3,WOLF,7,True,a45d25883979,9.2722459999095,latency-0011bff13c47.csv
1,0011bff13c47,2025-10-15T11:45:34.979830,shrek3,reason,2,True,a45d25883979,4.624201999831712,latency-0011bff13c47.csv
1,0011bff13c47,2025-10-15T11:45:35.089455,shrek3,time,23,True,a45d25883979,7.773250000354892,latency-0011bff13c47.csv
1,0011bff13c47,2025-10-15T11:45:35.203063,grail,"lute,",0,True,a45d25883979,7.986560000063037,latency-0011bff13c47.csv
1,0011bff13c47,2025-10-15T11:45:35.317676,grail,Auuuuuuuugh,2,True,a45d25883979,4.306855999857362,latency-0011bff13c47.csv
1,0011bff13c47,2025-10-15T11:45:35.426955,shrek,ogre,27,True,a45d25883979,7.06344500031264,latency-0011bff13c47.csv
1,0011bff13c47,2025-10-15T11:45:35.540916,grail,right,66,True,a45d25883979,6.042129999968893,latency-0011bff13c47.csv
1,0011bff13c47,2025-10-15T11:45:35.652939,shrek,at,62,True,a45d25883979,6.836618999841448,latency-0011bff13c47.csv
1,0011bff13c47,2025-10-15T11:45:35.767097,shrek3,true,1,True,a45d25883979,4.879687999618909,latency-0011bff13c47.csv
1,0011bff13c47,2025-10-15T11:45:35.877165,shrek,a,305,True,a45d25883979,7.695374999912019,latency-0011bff13c47.csv
1,0011bff13c47,2025-10-15T11:45:35.991126,shrek3,you,328,True,a45d25883979,7.464295000318089,latency-0011bff13c47.csv
1,0011bff13c47,2025-10-15T11:45:36.104758,shrek3,him,87,True,a45d25883979,11.163299000145344,latency-0011bff13c47.csv
1,0011bff13c47,2025-10-15T11:45:36.223898,shrek,old,10,True,72ad01c69167,10.907278999638947,latency-0011bff13c47.csv
1,0011bff13c47,2025-10-15T11:45:36.347370,shrek3,to,511,True,a45d25883979,8.758842000133882,latency-0011bff13c47.csv
2,0011bff13c47,2025-10-15T11:45:36.463889,grail,Ecky-Ecky-Ecky,1,True,1de2274fea60,11.453467000137609,latency-0011bff13c47.csv
2,0011bff13c47,2025-10-15T11:45:36.593407,shrek,and,318,True,1de2274fea60,10.704781000185903,latency-0011bff13c47.csv
2,0011bff13c47,2025-10-15T11:45:36.710981,shrek,help,5,True,72ad01c69167,5.012717000226985,latency-0011bff13c47.csv
2,0011bff13c47,2025-10-15T11:45:36.821409,grail,pretty,7,True,a45d25883979,5.358229000194115,latency-0011bff13c47.csv
2,0011bff13c47,2025-10-15T11:45:36.932184,shrek3,116,1,True,a45d25883979,8.054542999616388,latency-0011bff13c47.csv
2,0011bff13c47,2025-10-15T11:45:37.046800,grail,Eolio,2,True,1de2274fea60,10.20494400017924,latency-0011bff13c47.csv
2,0011bff13c47,2025-10-15T11:45:37.166335,shrek3,WOLF,7,True,a45d25883979,6.552681999892229,latency-0011bff13c47.csv
2,0011bff13c47,2025-10-15T11:45:37.278550,shrek3,reason,2,True,72ad01c69167,5.237288999978773,latency-0011bff13c47.csv
2,0011bff13c47,2025-10-15T11:45:37.388780,shrek3,time,23,True,72ad01c69167,5.223938999733946,latency-0011bff13c47.csv
2,0011bff13c47,2025-10-15T11:45:37.499253,grail,"lute,",0,True,72ad01c69167,7.117680000192195,latency-0011bff13c47.csv
2,0011bff13c47,2025-10-15T11:45:37.613196,grail,Auuuuuuuugh,2,True,a45d25883979,7.544760999735445,latency-0011bff13c47.csv
2,0011bff13c47,2025-10-15T11:45:37.726957,shrek,ogre,27,True,a45d25883979,6.2544030001845385,latency-0011bff13c47.csv
2,0011bff13c47,2025-10-15T11:45:37.838619,grail,right,66,True,a45d25883979,5.894838000131131,latency-0011bff13c47.csv
2,0011bff13c47,2025-10-15T11:45:37.949491,shrek,at,62,True,a45d25883979,5.335935999937647,latency-0011bff13c47.csv
2,0011bff13c47,2025-10-15T11:45:38.059890,shrek3,true,1,True,a45d25883979,4.894268000043667,latency-0011bff13c47.csv
2,0011bff13c47,2025-10-15T11:45:38.170111,shrek,a,305,True,a45d25883979,7.748347999950056,latency-0011bff13c47.csv
2,0011bff13c47,2025-10-15T11:45:38.285181,shrek3,you,328,True,a45d25883979,6.166666000353871,latency-0011bff13c47.csv
2,0011bff13c47,2025-10-15T11:45:38.397137,shrek3,him,87,True,a45d25883979,4.780737000146473,latency-0011bff13c47.csv
2,0011bff13c47,2025-10-15T11:45:38.507131,shrek,old,10,True,72ad01c69167,6.92028699995717,latency-0011bff13c47.csv
2,0011bff13c47,2025-10-15T11:45:38.621245,shrek3,to,511,True,a45d25883979,5.332409000402549,latency-0011bff13c47.csv
1,01bb60e4d84e,2025-10-15T11:46:16.258361,shrek,FIONA,211,True,a45d25883979,9.113197999795377,latency-01bb60e4d84e.csv
1,01bb60e4d84e,2025-10-15T11:46:16.375439,shrek,and,318,True,a45d25883979,6.506221000108781,latency-01bb60e4d84e.csv
1,01bb60e4d84e,2025-10-15T11:46:16.489319,grail,LTD,6,True,a45d25883979,15.378495000277326,latency-01bb60e4d84e.csv
1,01bb60e4d84e,2025-10-15T11:46:16.615996,grail,Ecky-Ecky-Ecky,1,True,a45d25883979,12.46113300021534,latency-01bb60e4d84e.csv
1,01bb60e4d84e,2025-10-15T11:46:16.737375,shrek3,CHARMING,232,True,a45d25883979,8.131183000386955,latency-01bb60e4d84e.csv
1,01bb60e4d84e,2025-10-15T11:46:16.856125,grail,toward,10,True,a45d25883979,8.154273999934958,latency-01bb60e4d84e.csv
1,01bb60e4d84e,2025-10-15T11:46:16.972583,grail,the,1600,True,a45d25883979,10.91600700010531,latency-01bb60e4d84e.csv
1,01bb60e4d84e,2025-10-15T11:46:17.091139,shrek3,decree,1,True,a45d25883979,12.55908900020586,latency-01bb60e4d84e.csv
1,01bb60e4d84e,2025-10-15T11:46:17.212062,shrek,HOOD,13,True,a45d25883979,8.321329999944282,latency-01bb60e4d84e.csv
1,01bb60e4d84e,2025-10-15T11:46:17.328633,shrek,he,118,True,a45d25883979,7.74843699991834,latency-01bb60e4d84e.csv
1,01bb60e4d84e,2025-10-15T11:46:17.447122,shrek3,decree,1,True,a45d25883979,29.253478000100586,latency-01bb60e4d84e.csv
1,01bb60e4d84e,2025-10-15T11:46:17.593610,shrek3,SHREK,678,True,a45d25883979,10.336977999941157,latency-01bb60e4d84e.csv
1,01bb60e4d84e,2025-10-15T11:46:17.718912,shrek,not,50,True,a45d25883979,15.107642999737436,latency-01bb60e4d84e.csv
1,01bb60e4d84e,2025-10-15T11:46:17.842925,grail,Ecky-Ecky-Ecky,1,True,a45d25883979,8.334450000347715,latency-01bb60e4d84e.csv
1,01bb60e4d84e,2025-10-15T11:46:17.960544,shrek3,JOCKS,2,True,a45d25883979,15.936942999815074,latency-01bb60e4d84e.csv
1,01bb60e4d84e,2025-10-15T11:46:18.095828,grail,for,118,True,a45d25883979,12.990685000204394,latency-01bb60e4d84e.csv
1,01bb60e4d84e,2025-10-15T11:46:18.223295,grail,upon,13,True,a45d25883979,10.646006000115449,latency-01bb60e4d84e.csv
1,01bb60e4d84e,2025-10-15T11:46:18.348893,shrek,not,50,True,a45d25883979,7.758231000025262,latency-01bb60e4d84e.csv
1,01bb60e4d84e,2025-10-15T11:46:18.466020,shrek3,me,72,True,a45d25883979,6.664551000085339,latency-01bb60e4d84e.csv
1,01bb60e4d84e,2025-10-15T11:46:18.582513,shrek3,JOCKS,2,True,a45d25883979,9.555875999922137,latency-01bb60e4d84e.csv
2,01bb60e4d84e,2025-10-15T11:46:18.711465,shrek,FIONA,211,True,a45d25883979,21.584651000011945,latency-01bb60e4d84e.csv
2,01bb60e4d84e,2025-10-15T11:46:18.857589,shrek,and,318,True,1de2274fea60,6.251664999581408,latency-01bb60e4d84e.csv
2,01bb60e4d84e,2025-10-15T11:46:18.970741,grail,LTD,6,True,1de2274fea60,11.492609000015364,latency-01bb60e4d84e.csv
2,01bb60e4d84e,2025-10-15T11:46:19.096162,grail,Ecky-Ecky-Ecky,1,True,a45d25883979,12.966523000159214,latency-01bb60e4d84e.csv
2,01bb60e4d84e,2025-10-15T11:46:19.219631,shrek3,CHARMING,232,True,a45d25883979,8.677814999828115,latency-01bb60e4d84e.csv
2,01bb60e4d84e,2025-10-15T11:46:19.334873,grail,toward,10,True,a45d25883979,8.68727300030514,latency-01bb60e4d84e.csv
2,01bb60e4d84e,2025-10-15T11:46:19.456018,grail,the,1600,True,a45d25883979,8.878587000253901,latency-01bb60e4d84e.csv
2,01bb60e4d84e,2025-10-15T11:46:19.578028,shrek3,decree,1,True,a45d25883979,11.268313000073247,latency-01bb60e4d84e.csv
2,01bb60e4d84e,2025-10-15T11:46:19.699903,shrek,HOOD,13,True,a45d25883979,8.523352999873168,latency-01bb60e4d84e.csv
2,01bb60e4d84e,2025-10-15T11:46:19.819217,shrek,he,118,True,a45d25883979,6.000971999583271,latency-01bb60e4d84e.csv
2,01bb60e4d84e,2025-10-15T11:46:19.933149,shrek3,decree,1,True,a45d25883979,17.6461000000927,latency-01bb60e4d84e.csv
2,01bb60e4d84e,2025-10-15T11:46:20.061990,shrek3,SHREK,678,True,72ad01c69167,4.396985999846947,latency-01bb60e4d84e.csv
2,01bb60e4d84e,2025-10-15T11:46:20.171827,shrek,not,50,True,1de2274fea60,11.477898000066489,latency-01bb60e4d84e.csv
2,01bb60e4d84e,2025-10-15T11:46:20.294802,grail,Ecky-Ecky-Ecky,1,True,a45d25883979,6.347180999910052,latency-01bb60e4d84e.csv
2,01bb60e4d84e,2025-10-15T11:46:20.406844,shrek3,JOCKS,2,True,72ad01c69167,5.477576999965095,latency-01bb60e4d84e.csv
2,01bb60e4d84e,2025-10-15T11:46:20.518159,grail,for,118,True,72ad01c69167,7.419867000407976,latency-01bb60e4d84e.csv
2,01bb60e4d84e,2025-10-15T11:46:20.637114,grail,upon,13,True,1de2274fea60,10.256535000280564,latency-01bb60e4d84e.csv
2,01bb60e4d84e,2025-10-15T11:46:20.754072,shrek,not,50,True,1de2274fea60,10.306027999831713,latency-01bb60e4d84e.csv
2,01bb60e4d84e,2025-10-15T11:46:20.873776,shrek3,me,72,True,1de2274fea60,6.569033000232594,latency-01bb60e4d84e.csv
2,01bb60e4d84e,2025-10-15T11:46:20.985547,shrek3,JOCKS,2,True,1de2274fea60,8.590984999955253,latency-01bb60e4d84e.csv
1,021a6b1d0136,2025-10-15T11:45:02.691514,shrek,way,26,False,a45d25883979,8.975122999800078,latency-021a6b1d0136.csv
1,021a6b1d0136,2025-10-15T11:45:02.805317,shrek3,the,1285,True,a45d25883979,4.996384000151011,latency-021a6b1d0136.csv
1,021a6b1d0136,2025-10-15T11:45:02.916083,shrek3,an,51,True,a45d25883979,6.594050000330753,latency-021a6b1d0136.csv
1,021a6b1d0136,2025-10-15T11:45:03.030949,shrek,after,10,True,a45d25883979,7.671999999729451,latency-021a6b1d0136.csv
1,021a6b1d0136,2025-10-15T11:45:03.144751,shrek3,cues,3,True,a45d25883979,8.442673999979888,latency-021a6b1d0136.csv
1,021a6b1d0136,2025-10-15T11:45:03.260246,grail,the,1600,True,a45d25883979,7.185690999904182,latency-021a6b1d0136.csv
1,021a6b1d0136,2025-10-15T11:45:03.373825,grail,pretty,7,True,a45d25883979,5.759894000220811,latency-021a6b1d0136.csv
1,021a6b1d0136,2025-10-15T11:45:03.485408,grail,"Peng,",0,True,72ad01c69167,10.47702100004244,latency-021a6b1d0136.csv
1,021a6b1d0136,2025-10-15T11:45:03.603560,shrek3,PRINCE,207,True,72ad01c69167,6.460470000092755,latency-021a6b1d0136.csv
1,021a6b1d0136,2025-10-15T11:45:03.715176,shrek3,what,82,True,a45d25883979,6.14387199993871,latency-021a6b1d0136.csv
1,021a6b1d0136,2025-10-15T11:45:03.827070,shrek3,the,1285,True,1de2274fea60,7.095460000073217,latency-021a6b1d0136.csv
1,021a6b1d0136,2025-10-15T11:45:03.940233,grail,chops,3,True,72ad01c69167,10.44657800002824,latency-021a6b1d0136.csv
1,021a6b1d0136,2025-10-15T11:45:04.058331,shrek,I,386,True,72ad01c69167,8.610031999978673,latency-021a6b1d0136.csv
1,021a6b1d0136,2025-10-15T11:45:04.172787,shrek,will,16,True,1de2274fea60,8.173815000191098,latency-021a6b1d0136.csv
1,021a6b1d0136,2025-10-15T11:45:04.288614,grail,"Peng,",0,True,1de2274fea60,7.950336000249081,latency-021a6b1d0136.csv
1,021a6b1d0136,2025-10-15T11:45:04.404524,grail,pretty,7,True,1de2274fea60,15.595297999880133,latency-021a6b1d0136.csv
1,021a6b1d0136,2025-10-15T11:45:04.552847,shrek,whole,10,True,a45d25883979,9.345898999981728,latency-021a6b1d0136.csv
1,021a6b1d0136,2025-10-15T11:45:04.670512,shrek3,Hold,8,True,a45d25883979,6.847067999842693,latency-021a6b1d0136.csv
1,021a6b1d0136,2025-10-15T11:45:04.783284,shrek,number,8,True,a45d25883979,17.912691999754315,latency-021a6b1d0136.csv
1,021a6b1d0136,2025-10-15T11:45:04.915761,shrek3,SHREK,678,True,72ad01c69167,20.37306000011085,latency-021a6b1d0136.csv
2,021a6b1d0136,2025-10-15T11:45:05.058028,shrek,way,26,True,a45d25883979,9.059372999672632,latency-021a6b1d0136.csv
2,021a6b1d0136,2025-10-15T11:45:05.175083,shrek3,the,1285,True,a45d25883979,8.221647000027588,latency-021a6b1d0136.csv
2,021a6b1d0136,2025-10-15T11:45:05.293836,shrek3,an,51,True,a45d25883979,7.939600000099745,latency-021a6b1d0136.csv
2,021a6b1d0136,2025-10-15T11:45:05.408933,shrek,after,10,True,a45d25883979,7.33535600011237,latency-021a6b1d0136.csv
2,021a6b1d0136,2025-10-15T11:45:05.522867,shrek3,cues,3,True,a45d25883979,8.946342999934132,latency-021a6b1d0136.csv
2,021a6b1d0136,2025-10-15T11:45:05.642184,grail,the,1600,True,a45d25883979,4.842640999868308,latency-021a6b1d0136.csv
2,021a6b1d0136,2025-10-15T11:45:05.752300,grail,pretty,7,True,a45d25883979,5.477440000049683,latency-021a6b1d0136.csv
2,021a6b1d0136,2025-10-15T11:45:05.864041,grail,"Peng,",0,True,a45d25883979,6.585489000372036,latency-021a6b1d0136.csv
2,021a6b1d0136,2025-10-15T11:45:05.980296,shrek3,PRINCE,207,True,a45d25883979,7.009236999692803,latency-021a6b1d0136.csv
2,021a6b1d0136,2025-10-15T11:45:06.092652,shrek3,what,82,True,a45d25883979,4.874106999977812,latency-021a6b1d0136.csv
2,021a6b1d0136,2025-10-15T11:45:06.202661,shrek3,the,1285,True,72ad01c69167,7.079778999923292,latency-021a6b1d0136.csv
2,021a6b1d0136,2025-10-15T11:45:06.315515,grail,chops,3,True,1de2274fea60,9.259314000246375,latency-021a6b1d0136.csv
2,021a6b1d0136,2025-10-15T11:45:06.430428,shrek,I,386,True,a45d25883979,5.587610000020504,latency-021a6b1d0136.csv
2,021a6b1d0136,2025-10-15T11:45:06.540642,shrek,will,16,True,1de2274fea60,6.230127999970136,latency-021a6b1d0136.csv
2,021a6b1d0136,2025-10-15T11:45:06.653417,grail,"Peng,",0,True,72ad01c69167,6.874945999697957,latency-021a6b1d0136.csv
2,021a6b1d0136,2025-10-15T11:45:06.766555,grail,pretty,7,True,1de2274fea60,9.829089000049862,latency-021a6b1d0136.csv
2,021a6b1d0136,2025-10-15T11:45:06.883824,shrek,whole,10,True,1de2274fea60,11.263840000083292,latency-021a6b1d0136.csv
2,021a6b1d0136,2025-10-15T11:45:07.004706,shrek3,Hold,8,True,72ad01c69167,12.290069999835396,latency-021a6b1d0136.csv
2,021a6b1d0136,2025-10-15T11:45:07.142073,shrek,number,8,True,72ad01c69167,10.449486999732471,latency-021a6b1d0136.csv
2,021a6b1d0136,2025-10-15T11:45:07.261962,shrek3,SHREK,678,True,72ad01c69167,20.75242599994453,latency-021a6b1d0136.csv
1,023a5c77f4c3,2025-10-15T11:45:47.289405,shrek3,the,1285,True,a45d25883979,6.376415999966412,latency-023a5c77f4c3.csv
1,023a5c77f4c3,2025-10-15T11:45:47.401891,shrek,edge,2,True,a45d25883979,18.207742999948096,latency-023a5c77f4c3.csv
1,023a5c77f4c3,2025-10-15T11:45:47.529204,grail,cross,13,True,a45d25883979,9.37937700018665,latency-023a5c77f4c3.csv
1,023a5c77f4c3,2025-10-15T11:45:47.644982,shrek,after,10,True,a45d25883979,8.514165000178764,latency-023a5c77f4c3.csv
1,023a5c77f4c3,2025-10-15T11:45:47.761575,shrek,And,318,True,a45d25883979,5.793025999992096,latency-023a5c77f4c3.csv
1,023a5c77f4c3,2025-10-15T11:45:47.873916,grail,19Prince,0,True,1de2274fea60,9.961240000393444,latency-023a5c77f4c3.csv
1,023a5c77f4c3,2025-10-15T11:45:47.992765,shrek3,WOLF,7,True,72ad01c69167,16.075075000117067,latency-023a5c77f4c3.csv
1,023a5c77f4c3,2025-10-15T11:45:48.124831,grail,the,1600,True,72ad01c69167,13.83749100023124,latency-023a5c77f4c3.csv
1,023a5c77f4c3,2025-10-15T11:45:48.251277,grail,are,114,True,72ad01c69167,8.456427000055555,latency-023a5c77f4c3.csv
1,023a5c77f4c3,2025-10-15T11:45:48.365750,shrek3,EVIL,59,True,1de2274fea60,8.219645000281162,latency-023a5c77f4c3.csv
1,023a5c77f4c3,2025-10-15T11:45:48.481926,shrek,DONKEY,320,True,1de2274fea60,10.108541000136029,latency-023a5c77f4c3.csv
1,023a5c77f4c3,2025-10-15T11:45:48.599116,grail,since,10,True,1de2274fea60,11.870888999965246,latency-023a5c77f4c3.csv
1,023a5c77f4c3,2025-10-15T11:45:48.719693,grail,Bridge,30,True,1de2274fea60,10.079919999952835,latency-023a5c77f4c3.csv
1,023a5c77f4c3,2025-10-15T11:45:48.837037,shrek3,him,87,True,a45d25883979,14.195892999850912,latency-023a5c77f4c3.csv
1,023a5c77f4c3,2025-10-15T11:45:48.960978,shrek3,him,87,True,72ad01c69167,9.390008000082162,latency-023a5c77f4c3.csv
1,023a5c77f4c3,2025-10-15T11:45:49.077691,shrek3,MERLIN,73,True,a45d25883979,7.233416999952169,latency-023a5c77f4c3.csv
1,023a5c77f4c3,2025-10-15T11:45:49.191899,shrek3,CHARMING,232,True,a45d25883979,7.035303000066051,latency-023a5c77f4c3.csv
1,023a5c77f4c3,2025-10-15T11:45:49.304864,grail,are,114,True,72ad01c69167,9.011011000438884,latency-023a5c77f4c3.csv
1,023a5c77f4c3,2025-10-15T11:45:49.419791,shrek,DONKEY,320,True,72ad01c69167,8.073467000031087,latency-023a5c77f4c3.csv
1,023a5c77f4c3,2025-10-15T11:45:49.534875,shrek3,Cinderella,21,True,72ad01c69167,23.801499999990483,latency-023a5c77f4c3.csv
2,023a5c77f4c3,2025-10-15T11:45:49.669253,shrek3,the,1285,True,72ad01c69167,15.190998999969452,latency-023a5c77f4c3.csv
2,023a5c77f4c3,2025-10-15T11:45:49.793644,shrek,edge,2,True,a45d25883979,8.316354999806208,latency-023a5c77f4c3.csv
2,023a5c77f4c3,2025-10-15T11:45:49.911224,grail,cross,13,True,a45d25883979,11.49993299986818,latency-023a5c77f4c3.csv
2,023a5c77f4c3,2025-10-15T11:45:50.031969,shrek,after,10,True,a45d25883979,8.763438999721984,latency-023a5c77f4c3.csv
2,023a5c77f4c3,2025-10-15T11:45:50.147863,shrek,And,318,True,a45d25883979,13.136397000380384,latency-023a5c77f4c3.csv
2,023a5c77f4c3,2025-10-15T11:45:50.269803,grail,19Prince,0,True,a45d25883979,6.750468000063847,latency-023a5c77f4c3.csv
2,023a5c77f4c3,2025-10-15T11:45:50.384098,shrek3,WOLF,7,True,a45d25883979,12.982613000076526,latency-023a5c77f4c3.csv
2,023a5c77f4c3,2025-10-15T11:45:50.510385,grail,the,1600,True,1de2274fea60,7.381184999758261,latency-023a5c77f4c3.csv
2,023a5c77f4c3,2025-10-15T11:45:50.626723,grail,are,114,True,a45d25883979,19.87155599999824,latency-023a5c77f4c3.csv
2,023a5c77f4c3,2025-10-15T11:45:50.761557,shrek3,EVIL,59,True,1de2274fea60,6.873176999761199,latency-023a5c77f4c3.csv
2,023a5c77f4c3,2025-10-15T11:45:50.875125,shrek,DONKEY,320,True,1de2274fea60,7.323907999762014,latency-023a5c77f4c3.csv
2,023a5c77f4c3,2025-10-15T11:45:50.988881,grail,since,10,True,1de2274fea60,9.70201999962228,latency-023a5c77f4c3.csv
2,023a5c77f4c3,2025-10-15T11:45:51.108680,grail,Bridge,30,True,72ad01c69167,6.679138999970746,latency-023a5c77f4c3.csv
2,023a5c77f4c3,2025-10-15T11:45:51.224252,shrek3,him,87,True,72ad01c69167,5.976777999876504,latency-023a5c77f4c3.csv
2,023a5c77f4c3,2025-10-15T11:45:51.336607,shrek3,him,87,True,72ad01c69167,4.590372000166099,latency-023a5c77f4c3.csv
2,023a5c77f4c3,2025-10-15T11:45:51.447172,shrek3,MERLIN,73,True,a45d25883979,11.082956999871383,latency-023a5c77f4c3.csv
2,023a5c77f4c3,2025-10-15T11:45:51.566323,shrek3,CHARMING,232,True,a45d25883979,8.673519999774726,latency-023a5c77f4c3.csv
2,023a5c77f4c3,2025-10-15T11:45:51.682616,grail,are,114,True,a45d25883979,10.9796289998485,latency-023a5c77f4c3.csv
2,023a5c77f4c3,2025-10-15T11:45:51.806122,shrek,DONKEY,320,True,a45d25883979,7.7940940000189585,latency-023a5c77f4c3.csv
2,023a5c77f4c3,2025-10-15T11:45:51.922507,shrek3,Cinderella,21,True,a45d25883979,13.204058000155785,latency-023a5c77f4c3.csv
1,03465fd5a66f,2025-10-15T11:44:50.841711,grail,"collective,",0,False,a45d25883979,13.85489999984202,latency-03465fd5a66f.csv
1,03465fd5a66f,2025-10-15T11:44:50.963331,shrek3,you,328,False,a45d25883979,20.226853999702143,latency-03465fd5a66f.csv
1,03465fd5a66f,2025-10-15T11:44:51.091280,shrek3,Whoa,7,False,a45d25883979,22.045772999717883,latency-03465fd5a66f.csv
1,03465fd5a66f,2025-10-15T11:44:51.224350,shrek3,WOLF,7,False,a45d25883979,16.684635000274284,latency-03465fd5a66f.csv
1,03465fd5a66f,2025-10-15T11:44:51.355917,shrek,after,10,False,a45d25883979,20.2788110000256,latency-03465fd5a66f.csv
1,03465fd5a66f,2025-10-15T11:44:51.483972,shrek,token,1,False,a45d25883979,15.912292999928468,latency-03465fd5a66f.csv
1,03465fd5a66f,2025-10-15T11:44:51.607246,grail,To,718,True,a45d25883979,5.781465999916691,latency-03465fd5a66f.csv
1,03465fd5a66f,2025-10-15T11:44:51.723070,grail,the,1600,False,72ad01c69167,18.01289800005179,latency-03465fd5a66f.csv
1,03465fd5a66f,2025-10-15T11:44:51.849987,shrek3,SCHOOL,14,False,72ad01c69167,23.94618400012405,latency-03465fd5a66f.csv
1,03465fd5a66f,2025-10-15T11:44:51.980895,shrek,SHREK,433,False,72ad01c69167,14.036954999937734,latency-03465fd5a66f.csv
1,03465fd5a66f,2025-10-15T11:44:52.107110,shrek3,an,51,False,72ad01c69167,18.577431000267097,latency-03465fd5a66f.csv
1,03465fd5a66f,2025-10-15T11:44:52.234734,shrek,true,20,False,a45d25883979,14.64708100002099,latency-03465fd5a66f.csv
1,03465fd5a66f,2025-10-15T11:44:52.359906,grail,LANCELOT,59,False,a45d25883979,14.461574000051767,latency-03465fd5a66f.csv
1,03465fd5a66f,2025-10-15T11:44:52.483182,shrek3,RAPUNZEL,30,False,a45d25883979,15.399419000004857,latency-03465fd5a66f.csv
1,03465fd5a66f,2025-10-15T11:44:52.605393,shrek,(standing,0,True,a45d25883979,7.108452000011312,latency-03465fd5a66f.csv
1,03465fd5a66f,2025-10-15T11:44:52.723149,grail,BEDEVERE,103,False,a45d25883979,18.699387999731695,latency-03465fd5a66f.csv
1,03465fd5a66f,2025-10-15T11:44:52.850104,shrek3,supposed,11,False,72ad01c69167,21.35807000013301,latency-03465fd5a66f.csv
1,03465fd5a66f,2025-10-15T11:44:52.978984,grail,Footnote,4,False,a45d25883979,15.702373999829431,latency-03465fd5a66f.csv
1,03465fd5a66f,2025-10-15T11:44:53.102106,shrek,DONKEY,320,True,a45d25883979,11.278993999894736,latency-03465fd5a66f.csv
1,03465fd5a66f,2025-10-15T11:44:53.227389,shrek,lay,2,True,a45d25883979,11.074867000388622,latency-03465fd5a66f.csv
2,03465fd5a66f,2025-10-15T11:44:53.352087,grail,"collective,",0,True,a45d25883979,22.80948800034821,latency-03465fd5a66f.csv
2,03465fd5a66f,2025-10-15T11:44:53.496945,shrek3,you,328,True,a45d25883979,24.628352000036102,latency-03465fd5a66f.csv
2,03465fd5a66f,2025-10-15T11:44:53.635040,shrek3,Whoa,7,True,a45d25883979,13.58959999970466,latency-03465fd5a66f.csv
2,03465fd5a66f,2025-10-15T11:44:53.767145,shrek3,WOLF,7,True,a45d25883979,7.6756550001846335,latency-03465fd5a66f.csv
2,03465fd5a66f,2025-10-15T11:44:53.886703,shrek,after,10,True,a45d25883979,22.86354099987875,latency-03465fd5a66f.csv
2,03465fd5a66f,2025-10-15T11:44:54.017385,shrek,token,1,True,a45d25883979,8.039711000037641,latency-03465fd5a66f.csv
2,03465fd5a66f,2025-10-15T11:44:54.140957,grail,To,718,True,a45d25883979,8.124691999910283,latency-03465fd5a66f.csv
2,03465fd5a66f,2025-10-15T11:44:54.257165,grail,the,1600,True,72ad01c69167,8.235601000251336,latency-03465fd5a66f.csv
2,03465fd5a66f,2025-10-15T11:44:54.374296,shrek3,SCHOOL,14,True,a45d25883979,10.708610000165208,latency-03465fd5a66f.csv
2,03465fd5a66f,2025-10-15T11:44:54.504345,shrek,SHREK,433,True,1de2274fea60,12.729697999930067,latency-03465fd5a66f.csv
2,03465fd5a66f,2025-10-15T11:44:54.627656,shrek3,an,51,True,1de2274fea60,11.90641900029732,latency-03465fd5a66f.csv
2,03465fd5a66f,2025-10-15T11:44:54.754223,shrek,true,20,True,1de2274fea60,32.37309399992228,latency-03465fd5a66f.csv
2,03465fd5a66f,2025-10-15T11:44:54.922350,grail,LANCELOT,59,True,1de2274fea60,17.93004799992559,latency-03465fd5a66f.csv
2,03465fd5a66f,2025-10-15T11:44:55.059831,shrek3,RAPUNZEL,30,True,72ad01c69167,17.287418999785586,latency-03465fd5a66f.csv
2,03465fd5a66f,2025-10-15T11:44:55.195731,shrek,(standing,0,True,a45d25883979,9.848860000147395,latency-03465fd5a66f.csv
2,03465fd5a66f,2025-10-15T11:44:55.342674,grail,BEDEVERE,103,True,72ad01c69167,21.45799900017664,latency-03465fd5a66f.csv
2,03465fd5a66f,2025-10-15T11:44:55.476824,shrek3,supposed,11,True,72ad01c69167,11.483706000035454,latency-03465fd5a66f.csv
2,03465fd5a66f,2025-10-15T11:44:55.598589,grail,Footnote,4,True,72ad01c69167,14.492927999981475,latency-03465fd5a66f.csv
2,03465fd5a66f,2025-10-15T11:44:55.725741,shrek,DONKEY,320,True,72ad01c69167,24.05898500001058,latency-03465fd5a66f.csv
2,03465fd5a66f,2025-10-15T11:44:55.876931,shrek,lay,2,True,72ad01c69167,18.595717000152945,latency-03465fd5a66f.csv
1,039e47f2bf2a,2025-10-15T11:45:38.330410,shrek3,Whoa,7,True,a45d25883979,7.46310300019104,latency-039e47f2bf2a.csv
1,039e47f2bf2a,2025-10-15T11:45:38.445673,grail,Christ,8,True,a45d25883979,8.992236999802117,latency-039e47f2bf2a.csv
1,039e47f2bf2a,2025-10-15T11:45:38.568436,grail,BEDEVERE,103,True,a45d25883979,8.985292000033951,latency-039e47f2bf2a.csv
1,039e47f2bf2a,2025-10-15T11:45:38.684607,shrek3,boomerang,1,True,a45d25883979,8.328939999955765,latency-039e47f2bf2a.csv
1,039e47f2bf2a,2025-10-15T11:45:38.809008,grail,G,6,True,72ad01c69167,5.272607999813772,latency-039e47f2bf2a.csv
1,039e47f2bf2a,2025-10-15T11:45:38.922079,grail,seek,12,True,a45d25883979,11.22966599996289,latency-039e47f2bf2a.csv
1,039e47f2bf2a,2025-10-15T11:45:39.044291,grail,“I,0,True,a45d25883979,13.02204100011295,latency-039e47f2bf2a.csv
1,039e47f2bf2a,2025-10-15T11:45:39.169694,shrek3,body),0,True,a45d25883979,10.054180000224733,latency-039e47f2bf2a.csv
1,039e47f2bf2a,2025-10-15T11:45:39.289241,shrek3,CHARMING,232,True,a45d25883979,53.63214199996946,latency-039e47f2bf2a.csv
1,039e47f2bf2a,2025-10-15T11:45:39.482624,shrek,cottage,4,True,a45d25883979,46.96539599990501,latency-039e47f2bf2a.csv
1,039e47f2bf2a,2025-10-15T11:45:39.649458,shrek3,CAPTAIN,41,True,72ad01c69167,13.274483000259352,latency-039e47f2bf2a.csv
1,039e47f2bf2a,2025-10-15T11:45:39.773332,grail,TV,2,True,1de2274fea60,11.3723139998001,latency-039e47f2bf2a.csv
1,039e47f2bf2a,2025-10-15T11:45:39.895475,shrek3,CHARMING,232,True,a45d25883979,9.146817000328156,latency-039e47f2bf2a.csv
1,039e47f2bf2a,2025-10-15T11:45:40.013838,shrek3,EVIL,59,True,a45d25883979,17.777458999717055,latency-039e47f2bf2a.csv
1,039e47f2bf2a,2025-10-15T11:45:40.148498,shrek,HOOD,13,True,72ad01c69167,8.839970000281028,latency-039e47f2bf2a.csv
1,039e47f2bf2a,2025-10-15T11:45:40.268250,grail,To,718,True,72ad01c69167,7.116052000128548,latency-039e47f2bf2a.csv
1,039e47f2bf2a,2025-10-15T11:45:40.385742,shrek3,WHITE,45,True,72ad01c69167,13.256563000140886,latency-039e47f2bf2a.csv
1,039e47f2bf2a,2025-10-15T11:45:40.513709,shrek,FIONA,211,True,1de2274fea60,9.721664000153396,latency-039e47f2bf2a.csv
1,039e47f2bf2a,2025-10-15T11:45:40.634383,shrek,true,20,True,1de2274fea60,7.835226000224793,latency-039e47f2bf2a.csv
1,039e47f2bf2a,2025-10-15T11:45:40.751741,grail,us,32,True,72ad01c69167,17.139158999725623,latency-039e47f2bf2a.csv
2,039e47f2bf2a,2025-10-15T11:45:40.884172,shrek3,Whoa,7,True,1de2274fea60,10.614020000048184,latency-039e47f2bf2a.csv
2,039e47f2bf2a,2025-10-15T11:45:41.002082,grail,Christ,8,True,a45d25883979,6.55055800007176,latency-039e47f2bf2a.csv
2,039e47f2bf2a,2025-10-15T11:45:41.115613,grail,BEDEVERE,103,True,a45d25883979,14.634616999956052,latency-039e47f2bf2a.csv
2,039e47f2bf2a,2025-10-15T11:45:41.237989,shrek3,boomerang,1,True,a45d25883979,5.13719900027354,latency-039e47f2bf2a.csv
2,039e47f2bf2a,2025-10-15T11:45:41.350373,grail,G,6,True,a45d25883979,5.430846999843197,latency-039e47f2bf2a.csv
2,039e47f2bf2a,2025-10-15T11:45:41.462791,grail,seek,12,True,a45d25883979,5.667201000051136,latency-039e47f2bf2a.csv
2,039e47f2bf2a,2025-10-15T11:45:41.576701,grail,“I,0,True,a45d25883979,7.967879000261746,latency-039e47f2bf2a.csv
2,039e47f2bf2a,2025-10-15T11:45:41.692717,shrek3,body),0,True,a45d25883979,6.1514509998232825,latency-039e47f2bf2a.csv
2,039e47f2bf2a,2025-10-15T11:45:41.808188,shrek3,CHARMING,232,True,a45d25883979,5.835288000071159,latency-039e47f2bf2a.csv
2,039e47f2bf2a,2025-10-15T11:45:41.920985,shrek,cottage,4,True,a45d25883979,7.2540959999969346,latency-039e47f2bf2a.csv
2,039e47f2bf2a,2025-10-15T11:45:42.079326,shrek3,CAPTAIN,41,True,a45d25883979,15.055545999985045,latency-039e47f2bf2a.csv
2,039e47f2bf2a,2025-10-15T11:45:42.202635,grail,TV,2,True,a45d25883979,8.841526000196609,latency-039e47f2bf2a.csv
2,039e47f2bf2a,2025-10-15T11:45:42.319525,shrek3,CHARMING,232,True,a45d25883979,8.549262999622442,latency-039e47f2bf2a.csv
2,039e47f2bf2a,2025-10-15T11:45:42.438259,shrek3,EVIL,59,True,a45d25883979,9.677788999852057,latency-039e47f2bf2a.csv
2,039e47f2bf2a,2025-10-15T11:45:42.557404,shrek,HOOD,13,True,a45d25883979,21.50176699979056,latency-039e47f2bf2a.csv
2,039e47f2bf2a,2025-10-15T11:45:42.698033,grail,To,718,True,a45d25883979,9.665684000083274,latency-039e47f2bf2a.csv
2,039e47f2bf2a,2025-10-15T11:45:42.816352,shrek3,WHITE,45,True,a45d25883979,9.256449000076827,latency-039e47f2bf2a.csv
2,039e47f2bf2a,2025-10-15T11:45:42.934136,shrek,FIONA,211,True,a45d25883979,13.532596999993984,latency-039e47f2bf2a.csv
2,039e47f2bf2a,2025-10-15T11:45:43.060476,shrek,true,20,True,72ad01c69167,13.41911200006507,latency-039e47f2bf2a.csv
2,039e47f2bf2a,2025-10-15T11:45:43.193575,grail,us,32,True,72ad01c69167,12.35377500006507,latency-039e47f2bf2a.csv
1,042eece78338,2025-10-15T11:46:20.820425,shrek,Is,132,True,72ad01c69167,5.027002000133507,latency-042eece78338.csv
1,042eece78338,2025-10-15T11:46:20.930913,shrek,baby,3,True,72ad01c69167,6.851288999769167,latency-042eece78338.csv
1,042eece78338,2025-10-15T11:46:21.047402,shrek3,Im,1,True,a45d25883979,7.405274000120698,latency-042eece78338.csv
1,042eece78338,2025-10-15T11:46:21.172420,shrek3,CAPTAIN,41,True,a45d25883979,8.6028890000307,latency-042eece78338.csv
1,042eece78338,2025-10-15T11:46:21.290593,grail,pseudonym,1,True,a45d25883979,10.73268999971333,latency-042eece78338.csv
1,042eece78338,2025-10-15T11:46:21.409284,shrek,whistles,2,True,a45d25883979,5.832264000218856,latency-042eece78338.csv
1,042eece78338,2025-10-15T11:46:21.522330,shrek,SHREK,433,True,72ad01c69167,13.545468000302208,latency-042eece78338.csv
1,042eece78338,2025-10-15T11:46:21.657721,shrek,SHREK,433,True,1de2274fea60,14.539368999976432,latency-042eece78338.csv
1,042eece78338,2025-10-15T11:46:21.793320,grail,ANOTHER,25,True,a45d25883979,22.666490000119666,latency-042eece78338.csv
1,042eece78338,2025-10-15T11:46:21.936402,shrek3,-,110,True,a45d25883979,8.32606299991312,latency-042eece78338.csv
1,042eece78338,2025-10-15T11:46:22.058703,shrek3,SNOW,49,True,a45d25883979,16.88012799968419,latency-042eece78338.csv
1,042eece78338,2025-10-15T11:46:22.198421,shrek3,us,12,True,a45d25883979,11.705410000104166,latency-042eece78338.csv
1,042eece78338,2025-10-15T11:46:22.320885,grail,Launcelot,107,True,1de2274fea60,9.70087899986538,latency-042eece78338.csv
1,042eece78338,2025-10-15T11:46:22.441684,shrek3,2,8,True,72ad01c69167,9.790653999971257,latency-042eece78338.csv
1,042eece78338,2025-10-15T11:46:22.560035,shrek3,flaming,2,True,72ad01c69167,5.944144999830314,latency-042eece78338.csv
1,042eece78338,2025-10-15T11:46:22.671775,shrek,And,318,True,72ad01c69167,9.735692000049312,latency-042eece78338.csv
1,042eece78338,2025-10-15T11:46:22.789165,shrek,Shrek,433,True,72ad01c69167,7.241023999995377,latency-042eece78338.csv
1,042eece78338,2025-10-15T11:46:22.904530,shrek3,SCHOOL,14,True,72ad01c69167,8.174475000032544,latency-042eece78338.csv
1,042eece78338,2025-10-15T11:46:23.022231,shrek,at,62,True,72ad01c69167,6.343921999814484,latency-042eece78338.csv
1,042eece78338,2025-10-15T11:46:23.134985,shrek3,CHARMING,232,True,72ad01c69167,7.579347000046255,latency-042eece78338.csv
2,042eece78338,2025-10-15T11:46:23.252763,shrek,Is,132,True,72ad01c69167,7.5446429996191,latency-042eece78338.csv
2,042eece78338,2025-10-15T11:46:23.367981,shrek,baby,3,True,72ad01c69167,5.9285749998707615,latency-042eece78338.csv
2,042eece78338,2025-10-15T11:46:23.480017,shrek3,Im,1,True,72ad01c69167,7.472920000054728,latency-042eece78338.csv
2,042eece78338,2025-10-15T11:46:23.607617,shrek3,CAPTAIN,41,True,a45d25883979,15.169244999924558,latency-042eece78338.csv
2,042eece78338,2025-10-15T11:46:23.846819,grail,pseudonym,1,True,a45d25883979,57.50345300020854,latency-042eece78338.csv
2,042eece78338,2025-10-15T11:46:24.031587,shrek,whistles,2,True,72ad01c69167,12.235125000188418,latency-042eece78338.csv
2,042eece78338,2025-10-15T11:46:24.164140,shrek,SHREK,433,True,a45d25883979,18.25131599980523,latency-042eece78338.csv
2,042eece78338,2025-10-15T11:46:24.295739,shrek,SHREK,433,True,1de2274fea60,24.530411999876375,latency-042eece78338.csv
2,042eece78338,2025-10-15T11:46:24.442935,grail,ANOTHER,25,True,a45d25883979,10.734925999713596,latency-042eece78338.csv
2,042eece78338,2025-10-15T11:46:24.568807,shrek3,-,110,True,a45d25883979,9.547517000100925,latency-042eece78338.csv
2,042eece78338,2025-10-15T11:46:24.687500,shrek3,SNOW,49,True,a45d25883979,8.520197000052576,latency-042eece78338.csv
2,042eece78338,2025-10-15T11:46:24.804442,shrek3,us,12,True,72ad01c69167,11.432413999955315,latency-042eece78338.csv
2,042eece78338,2025-10-15T11:46:24.923967,grail,Launcelot,107,True,a45d25883979,5.034954999700858,latency-042eece78338.csv
2,042eece78338,2025-10-15T11:46:25.033714,shrek3,2,8,True,a45d25883979,5.929372000082367,latency-042eece78338.csv
2,042eece78338,2025-10-15T11:46:25.148554,shrek3,flaming,2,True,1de2274fea60,9.977703999993537,latency-042eece78338.csv
2,042eece78338,2025-10-15T11:46:25.281756,shrek,And,318,True,72ad01c69167,12.383322999994562,latency-042eece78338.csv
2,042eece78338,2025-10-15T11:46:25.400904,shrek,Shrek,433,True,72ad01c69167,8.853831999658723,latency-042eece78338.csv
2,042eece78338,2025-10-15T11:46:25.516778,shrek3,SCHOOL,14,True,72ad01c69167,5.979825000395067,latency-042eece78338.csv
2,042eece78338,2025-10-15T11:46:25.628631,shrek,at,62,True,72ad01c69167,10.401833999821974,latency-042eece78338.csv
2,042eece78338,2025-10-15T11:46:25.747577,shrek3,CHARMING,232,True,72ad01c69167,7.198840999990352,latency-042eece78338.csv
1,097a23b78978,2025-10-15T11:46:28.196932,shrek3,WOLF,7,True,a45d25883979,10.48110200008523,latency-097a23b78978.csv
1,097a23b78978,2025-10-15T11:46:28.315346,shrek,DONKEY,320,True,a45d25883979,11.17197200028386,latency-097a23b78978.csv
1,097a23b78978,2025-10-15T11:46:28.434880,shrek,its,1,True,a45d25883979,9.239531999810424,latency-097a23b78978.csv
1,097a23b78978,2025-10-15T11:46:28.564456,shrek3,SHREK,678,True,72ad01c69167,19.934686999931728,latency-097a23b78978.csv
1,097a23b78978,2025-10-15T11:46:28.696558,grail,G,6,True,a45d25883979,7.00573699987217,latency-097a23b78978.csv
1,097a23b78978,2025-10-15T11:46:28.808990,grail,and,722,True,a45d25883979,5.592281000190269,latency-097a23b78978.csv
1,097a23b78978,2025-10-15T11:46:28.920889,shrek3,bed,10,True,a45d25883979,5.716432000099303,latency-097a23b78978.csv
1,097a23b78978,2025-10-15T11:46:29.032286,shrek,help,5,True,a45d25883979,11.576999999761028,latency-097a23b78978.csv
1,097a23b78978,2025-10-15T11:46:29.152247,shrek,way,26,True,a45d25883979,7.024958999863884,latency-097a23b78978.csv
1,097a23b78978,2025-10-15T11:46:29.265182,grail,19Prince,0,True,a45d25883979,7.190024000010453,latency-097a23b78978.csv
1,097a23b78978,2025-10-15T11:46:29.377485,grail,Bum,13,True,a45d25883979,7.57732300007774,latency-097a23b78978.csv
1,097a23b78978,2025-10-15T11:46:29.489792,shrek,the,535,True,a45d25883979,6.664300000011281,latency-097a23b78978.csv
1,097a23b78978,2025-10-15T11:46:29.602889,shrek,on,88,True,a45d25883979,9.468412999922291,latency-097a23b78978.csv
1,097a23b78978,2025-10-15T11:46:29.721438,shrek,DONKEY,320,True,a45d25883979,8.392493999963335,latency-097a23b78978.csv
1,097a23b78978,2025-10-15T11:46:29.835837,shrek3,RAPUNZEL,30,True,a45d25883979,12.360299000192754,latency-097a23b78978.csv
1,097a23b78978,2025-10-15T11:46:29.958311,shrek,he,118,True,a45d25883979,8.100911000383348,latency-097a23b78978.csv
1,097a23b78978,2025-10-15T11:46:30.072665,grail,dancing,10,True,a45d25883979,10.528093000175431,latency-097a23b78978.csv
1,097a23b78978,2025-10-15T11:46:30.193827,grail,of,684,True,a45d25883979,8.407570999679592,latency-097a23b78978.csv
1,097a23b78978,2025-10-15T11:46:30.312660,grail,Bridge,30,True,a45d25883979,10.324197000045388,latency-097a23b78978.csv
1,097a23b78978,2025-10-15T11:46:30.435174,shrek3,get,39,True,a45d25883979,9.893280000142113,latency-097a23b78978.csv
2,097a23b78978,2025-10-15T11:46:30.555453,shrek3,WOLF,7,True,72ad01c69167,7.135480000215466,latency-097a23b78978.csv
2,097a23b78978,2025-10-15T11:46:30.672555,shrek,DONKEY,320,True,72ad01c69167,12.348415999895224,latency-097a23b78978.csv
2,097a23b78978,2025-10-15T11:46:30.793181,shrek,its,1,True,72ad01c69167,6.600708999940252,latency-097a23b78978.csv
2,097a23b78978,2025-10-15T11:46:30.906045,shrek3,SHREK,678,True,a45d25883979,6.560872000136442,latency-097a23b78978.csv
2,097a23b78978,2025-10-15T11:46:31.020854,grail,G,6,True,72ad01c69167,10.72153899986006,latency-097a23b78978.csv
2,097a23b78978,2025-10-15T11:46:31.144492,grail,and,722,True,72ad01c69167,8.891237000170804,latency-097a23b78978.csv
2,097a23b78978,2025-10-15T11:46:31.260606,shrek3,bed,10,True,72ad01c69167,10.312593999969977,latency-097a23b78978.csv
2,097a23b78978,2025-10-15T11:46:31.379969,shrek,help,5,True,72ad01c69167,8.388844999899447,latency-097a23b78978.csv
2,097a23b78978,2025-10-15T11:46:31.496485,shrek,way,26,True,72ad01c69167,13.177591999919969,latency-097a23b78978.csv
2,097a23b78978,2025-10-15T11:46:31.619669,grail,19Prince,0,True,72ad01c69167,8.732982999845262,latency-097a23b78978.csv
2,097a23b78978,2025-10-15T11:46:31.738862,grail,Bum,13,True,a45d25883979,8.559775999856356,latency-097a23b78978.csv
2,097a23b78978,2025-10-15T11:46:31.858933,shrek,the,535,True,a45d25883979,6.882847999804653,latency-097a23b78978.csv
2,097a23b78978,2025-10-15T11:46:31.982183,shrek,on,88,True,a45d25883979,8.490217000144185,latency-097a23b78978.csv
2,097a23b78978,2025-10-15T11:46:32.099213,shrek,DONKEY,320,True,72ad01c69167,6.169045000206097,latency-097a23b78978.csv
2,097a23b78978,2025-10-15T11:46:32.214681,shrek3,RAPUNZEL,30,True,72ad01c69167,6.408787000054872,latency-097a23b78978.csv
2,097a23b78978,2025-10-15T11:46:32.331188,shrek,he,118,True,72ad01c69167,10.657384000296588,latency-097a23b78978.csv
2,097a23b78978,2025-10-15T11:46:32.446895,grail,dancing,10,True,1de2274fea60,5.787868999959756,latency-097a23b78978.csv
2,097a23b78978,2025-10-15T11:46:32.557442,grail,of,684,True,72ad01c69167,7.486451000204397,latency-097a23b78978.csv
2,097a23b78978,2025-10-15T11:46:32.672746,grail,Bridge,30,True,72ad01c69167,6.653817999904277,latency-097a23b78978.csv
2,097a23b78978,2025-10-15T11:46:32.784607,shrek3,get,39,True,72ad01c69167,7.442124000135664,latency-097a23b78978.csv
1,118f103489ed,2025-10-15T11:45:52.695180,grail,the,1600,True,a45d25883979,7.966735000081826,latency-118f103489ed.csv
1,118f103489ed,2025-10-15T11:45:52.811872,grail,the,1600,True,a45d25883979,7.386725000287697,latency-118f103489ed.csv
1,118f103489ed,2025-10-15T11:45:52.926947,shrek,FIONA,211,True,a45d25883979,14.08670599994366,latency-118f103489ed.csv
1,118f103489ed,2025-10-15T11:45:53.052471,grail,the,1600,True,72ad01c69167,9.60175000000163,latency-118f103489ed.csv
1,118f103489ed,2025-10-15T11:45:53.173576,shrek3,with,112,True,1de2274fea60,9.749488000124984,latency-118f103489ed.csv
1,118f103489ed,2025-10-15T11:45:53.292401,grail,Auuuuuuuugh,2,True,1de2274fea60,25.52469700003712,latency-118f103489ed.csv
1,118f103489ed,2025-10-15T11:45:53.443225,shrek3,Hold,8,True,72ad01c69167,32.18663999996352,latency-118f103489ed.csv
1,118f103489ed,2025-10-15T11:45:53.610966,grail,Ecky-Ecky-Ecky,1,True,1de2274fea60,12.84967899982803,latency-118f103489ed.csv
1,118f103489ed,2025-10-15T11:45:53.734151,shrek,its,1,True,a45d25883979,21.957438999834267,latency-118f103489ed.csv
1,118f103489ed,2025-10-15T11:45:53.910184,shrek,afraid,8,True,72ad01c69167,27.67318800033536,latency-118f103489ed.csv
1,118f103489ed,2025-10-15T11:45:54.050575,shrek,DONKEY,320,True,a45d25883979,48.48356499996953,latency-118f103489ed.csv
1,118f103489ed,2025-10-15T11:45:54.236661,grail,chops,3,True,a45d25883979,17.26963800001613,latency-118f103489ed.csv
1,118f103489ed,2025-10-15T11:45:54.377436,grail,going,21,True,a45d25883979,24.92157500000758,latency-118f103489ed.csv
1,118f103489ed,2025-10-15T11:45:54.524008,grail,pseudonym,1,True,72ad01c69167,74.99347399971157,latency-118f103489ed.csv
1,118f103489ed,2025-10-15T11:45:54.770732,grail,Bum,13,True,1de2274fea60,61.64697400026853,latency-118f103489ed.csv
1,118f103489ed,2025-10-15T11:45:54.981157,shrek3,Cinderella,21,True,a45d25883979,37.52777999989121,latency-118f103489ed.csv
1,118f103489ed,2025-10-15T11:45:55.144200,grail,-,259,True,72ad01c69167,25.97126699993169,latency-118f103489ed.csv
1,118f103489ed,2025-10-15T11:45:55.287616,shrek3,SHREK,678,True,72ad01c69167,11.929108999993332,latency-118f103489ed.csv
1,118f103489ed,2025-10-15T11:45:55.416416,grail,Footnote,4,True,a45d25883979,20.14320799980851,latency-118f103489ed.csv
1,118f103489ed,2025-10-15T11:45:55.561731,grail,LTD,6,True,72ad01c69167,25.23558499979117,latency-118f103489ed.csv
2,118f103489ed,2025-10-15T11:45:55.714230,grail,the,1600,True,72ad01c69167,17.71224499998425,latency-118f103489ed.csv
2,118f103489ed,2025-10-15T11:45:55.841427,grail,the,1600,True,72ad01c69167,11.095345999819983,latency-118f103489ed.csv
2,118f103489ed,2025-10-15T11:45:55.965745,shrek,FIONA,211,True,72ad01c69167,21.38367199995628,latency-118f103489ed.csv
2,118f103489ed,2025-10-15T11:45:56.105525,grail,the,1600,True,72ad01c69167,11.81952499973704,latency-118f103489ed.csv
2,118f103489ed,2025-10-15T11:45:56.232278,shrek3,with,112,True,a45d25883979,11.568305999844595,latency-118f103489ed.csv
2,118f103489ed,2025-10-15T11:45:56.359533,grail,Auuuuuuuugh,2,True,a45d25883979,12.130223999974987,latency-118f103489ed.csv
2,118f103489ed,2025-10-15T11:45:56.487844,shrek3,Hold,8,True,a45d25883979,10.09849199999735,latency-118f103489ed.csv
2,118f103489ed,2025-10-15T11:45:56.620094,grail,Ecky-Ecky-Ecky,1,True,a45d25883979,10.19636699993498,latency-118f103489ed.csv
2,118f103489ed,2025-10-15T11:45:56.745400,shrek,its,1,True,a45d25883979,12.471123000068474,latency-118f103489ed.csv
2,118f103489ed,2025-10-15T11:45:56.866768,shrek,afraid,8,True,a45d25883979,12.438715000371303,latency-118f103489ed.csv
2,118f103489ed,2025-10-15T11:45:56.988522,shrek,DONKEY,320,True,a45d25883979,17.36731300024985,latency-118f103489ed.csv
2,118f103489ed,2025-10-15T11:45:57.117091,grail,chops,3,True,a45d25883979,17.60800600004586,latency-118f103489ed.csv
2,118f103489ed,2025-10-15T11:45:57.255744,grail,going,21,True,a45d25883979,11.001552999914566,latency-118f103489ed.csv
2,118f103489ed,2025-10-15T11:45:57.390977,grail,pseudonym,1,True,a45d25883979,23.142202000144607,latency-118f103489ed.csv
2,118f103489ed,2025-10-15T11:45:57.532489,grail,Bum,13,True,a45d25883979,27.695089999724587,latency-118f103489ed.csv
2,118f103489ed,2025-10-15T11:45:57.680722,shrek3,Cinderella,21,True,a45d25883979,18.410763000247243,latency-118f103489ed.csv
2,118f103489ed,2025-10-15T11:45:57.817465,grail,-,259,True,a45d25883979,28.76048300004186,latency-118f103489ed.csv
2,118f103489ed,2025-10-15T11:45:57.957572,shrek3,SHREK,678,True,a45d25883979,20.48243299987007,latency-118f103489ed.csv
2,118f103489ed,2025-10-15T11:45:58.100452,grail,Footnote,4,True,1de2274fea60,23.344581999936054,latency-118f103489ed.csv
2,118f103489ed,2025-10-15T11:45:58.268692,grail,LTD,6,True,a45d25883979,24.1032969997832,latency-118f103489ed.csv
1,11c1246e909b,2025-10-15T11:45:45.833119,grail,from,94,True,a45d25883979,4.897368000001734,latency-11c1246e909b.csv
1,11c1246e909b,2025-10-15T11:45:45.944071,shrek,and,318,True,a45d25883979,4.6890069997971295,latency-11c1246e909b.csv
1,11c1246e909b,2025-10-15T11:45:46.053616,grail,of,684,True,a45d25883979,4.968636999819864,latency-11c1246e909b.csv
1,11c1246e909b,2025-10-15T11:45:46.164394,shrek,"Ha,",0,True,a45d25883979,5.570227000134764,latency-11c1246e909b.csv
1,11c1246e909b,2025-10-15T11:45:46.275250,shrek3,the,1285,True,a45d25883979,6.623186000069836,latency-11c1246e909b.csv
1,11c1246e909b,2025-10-15T11:45:46.388636,grail,pseudonym,1,True,72ad01c69167,8.309515999826544,latency-11c1246e909b.csv
1,11c1246e909b,2025-10-15T11:45:46.504217,grail,To,718,True,1de2274fea60,7.323822999751428,latency-11c1246e909b.csv
1,11c1246e909b,2025-10-15T11:45:46.618596,shrek3,body),0,True,72ad01c69167,8.040257999709866,latency-11c1246e909b.csv
1,11c1246e909b,2025-10-15T11:45:46.734578,shrek,stairs,7,True,72ad01c69167,14.123856999958662,latency-11c1246e909b.csv
1,11c1246e909b,2025-10-15T11:45:46.860176,shrek3,at,134,True,72ad01c69167,8.095555000181776,latency-11c1246e909b.csv
1,11c1246e909b,2025-10-15T11:45:46.981798,shrek3,2,8,True,a45d25883979,9.198940999795012,latency-11c1246e909b.csv
1,11c1246e909b,2025-10-15T11:45:47.101941,shrek,on,88,True,a45d25883979,18.211430000064865,latency-11c1246e909b.csv
1,11c1246e909b,2025-10-15T11:45:47.234189,shrek3,BOAT,32,True,72ad01c69167,10.274939000282757,latency-11c1246e909b.csv
1,11c1246e909b,2025-10-15T11:45:47.356312,grail,lost,6,True,72ad01c69167,12.842865000038728,latency-11c1246e909b.csv
1,11c1246e909b,2025-10-15T11:45:47.497566,shrek3,"meet""",0,True,72ad01c69167,7.522495000102936,latency-11c1246e909b.csv
1,11c1246e909b,2025-10-15T11:45:47.614193,shrek3,OGRE,39,True,72ad01c69167,7.490903999951115,latency-11c1246e909b.csv
1,11c1246e909b,2025-10-15T11:45:47.727533,grail,toward,10,True,72ad01c69167,8.419009000135702,latency-11c1246e909b.csv
1,11c1246e909b,2025-10-15T11:45:47.841894,grail,Boom,4,True,72ad01c69167,5.993600000238075,latency-11c1246e909b.csv
1,11c1246e909b,2025-10-15T11:45:47.953541,shrek3,WHITE,45,True,72ad01c69167,7.702143999722466,latency-11c1246e909b.csv
1,11c1246e909b,2025-10-15T11:45:48.068109,grail,To,718,True,72ad01c69167,9.844882999914262,latency-11c1246e909b.csv
2,11c1246e909b,2025-10-15T11:45:48.183450,grail,from,94,True,72ad01c69167,7.834216999981436,latency-11c1246e909b.csv
2,11c1246e909b,2025-10-15T11:45:48.300443,shrek,and,318,True,72ad01c69167,8.321784999679949,latency-11c1246e909b.csv
2,11c1246e909b,2025-10-15T11:45:48.415212,grail,of,684,True,72ad01c69167,6.050470999980462,latency-11c1246e909b.csv
2,11c1246e909b,2025-10-15T11:45:48.526601,shrek,"Ha,",0,True,72ad01c69167,6.436081999709131,latency-11c1246e909b.csv
2,11c1246e909b,2025-10-15T11:45:48.639317,shrek3,the,1285,True,72ad01c69167,7.835133999833488,latency-11c1246e909b.csv
2,11c1246e909b,2025-10-15T11:45:48.753505,grail,pseudonym,1,True,72ad01c69167,9.446652999940852,latency-11c1246e909b.csv
2,11c1246e909b,2025-10-15T11:45:48.869936,grail,To,718,True,72ad01c69167,5.906140000206506,latency-11c1246e909b.csv
2,11c1246e909b,2025-10-15T11:45:48.981682,shrek3,body),0,True,a45d25883979,7.544949000021006,latency-11c1246e909b.csv
2,11c1246e909b,2025-10-15T11:45:49.095630,shrek,stairs,7,True,a45d25883979,7.46257799983141,latency-11c1246e909b.csv
2,11c1246e909b,2025-10-15T11:45:49.209799,shrek3,at,134,True,a45d25883979,6.29301300023144,latency-11c1246e909b.csv
2,11c1246e909b,2025-10-15T11:45:49.321620,shrek3,2,8,True,a45d25883979,8.253306999904453,latency-11c1246e909b.csv
2,11c1246e909b,2025-10-15T11:45:49.437339,shrek,on,88,True,a45d25883979,7.49693500029025,latency-11c1246e909b.csv
2,11c1246e909b,2025-10-15T11:45:49.553308,shrek3,BOAT,32,True,1de2274fea60,9.120793999954913,latency-11c1246e909b.csv
2,11c1246e909b,2025-10-15T11:45:49.678521,grail,lost,6,True,a45d25883979,10.682156999791914,latency-11c1246e909b.csv
2,11c1246e909b,2025-10-15T11:45:49.798904,shrek3,"meet""",0,True,72ad01c69167,7.404546000088885,latency-11c1246e909b.csv
2,11c1246e909b,2025-10-15T11:45:49.918041,shrek3,OGRE,39,True,72ad01c69167,9.239049999905546,latency-11c1246e909b.csv
2,11c1246e909b,2025-10-15T11:45:50.037387,grail,toward,10,True,1de2274fea60,6.562371999734751,latency-11c1246e909b.csv
2,11c1246e909b,2025-10-15T11:45:50.156950,grail,Boom,4,True,1de2274fea60,10.97185599974182,latency-11c1246e909b.csv
2,11c1246e909b,2025-10-15T11:45:50.279577,shrek3,WHITE,45,True,1de2274fea60,7.731392000096093,latency-11c1246e909b.csv
2,11c1246e909b,2025-10-15T11:45:50.394404,grail,To,718,True,1de2274fea60,11.111768999853666,latency-11c1246e909b.csv
1,12b27bda030c,2025-10-15T11:45:04.104773,grail,To,718,True,72ad01c69167,5.971235999822966,latency-12b27bda030c.csv
1,12b27bda030c,2025-10-15T11:45:04.215648,grail,the,1600,True,72ad01c69167,5.407057999946119,latency-12b27bda030c.csv
1,12b27bda030c,2025-10-15T11:45:04.327048,shrek,ogre,27,True,a45d25883979,8.651258000099915,latency-12b27bda030c.csv
1,12b27bda030c,2025-10-15T11:45:04.451123,shrek3,what,82,True,a45d25883979,12.014078999982305,latency-12b27bda030c.csv
1,12b27bda030c,2025-10-15T11:45:04.572560,shrek3,the,1285,True,a45d25883979,6.103442000039649,latency-12b27bda030c.csv
1,12b27bda030c,2025-10-15T11:45:04.686341,shrek,ogre,27,True,a45d25883979,10.413704000256985,latency-12b27bda030c.csv
1,12b27bda030c,2025-10-15T11:45:04.802738,grail,the,1600,True,72ad01c69167,16.577745000176947,latency-12b27bda030c.csv
1,12b27bda030c,2025-10-15T11:45:04.933252,grail,sell,1,True,a45d25883979,28.963043999738147,latency-12b27bda030c.csv
1,12b27bda030c,2025-10-15T11:45:05.086773,grail,Michael,11,True,72ad01c69167,9.891082999729406,latency-12b27bda030c.csv
1,12b27bda030c,2025-10-15T11:45:05.206573,shrek3,true,1,True,72ad01c69167,8.855239000240545,latency-12b27bda030c.csv
1,12b27bda030c,2025-10-15T11:45:05.326413,grail,Aaaaugh,9,True,72ad01c69167,7.024486000318575,latency-12b27bda030c.csv
1,12b27bda030c,2025-10-15T11:45:05.440223,shrek,Blah,1,True,a45d25883979,8.86354600015693,latency-12b27bda030c.csv
1,12b27bda030c,2025-10-15T11:45:05.561332,shrek3,decree,1,True,a45d25883979,5.95193700019081,latency-12b27bda030c.csv
1,12b27bda030c,2025-10-15T11:45:05.672633,grail,and,722,True,a45d25883979,4.477179999867076,latency-12b27bda030c.csv
1,12b27bda030c,2025-10-15T11:45:05.781958,shrek3,Shrek,678,True,a45d25883979,5.040700999870751,latency-12b27bda030c.csv
1,12b27bda030c,2025-10-15T11:45:05.892554,grail,us,32,True,a45d25883979,11.647134999748232,latency-12b27bda030c.csv
1,12b27bda030c,2025-10-15T11:45:06.011338,shrek,don't,72,False,a45d25883979,10.995429000104195,latency-12b27bda030c.csv
1,12b27bda030c,2025-10-15T11:45:06.127318,shrek3,wont,0,True,a45d25883979,4.452989000128582,latency-12b27bda030c.csv
1,12b27bda030c,2025-10-15T11:45:06.237009,grail,thus,5,True,a45d25883979,7.533531000262883,latency-12b27bda030c.csv
1,12b27bda030c,2025-10-15T11:45:06.351114,shrek3,"Suddenly,",0,False,a45d25883979,14.164077000259567,latency-12b27bda030c.csv
2,12b27bda030c,2025-10-15T11:45:06.470988,grail,To,718,True,a45d25883979,4.225542000312998,latency-12b27bda030c.csv
2,12b27bda030c,2025-10-15T11:45:06.580640,grail,the,1600,True,a45d25883979,5.980001999887463,latency-12b27bda030c.csv
2,12b27bda030c,2025-10-15T11:45:06.692542,shrek,ogre,27,True,a45d25883979,6.737978999808547,latency-12b27bda030c.csv
2,12b27bda030c,2025-10-15T11:45:06.805187,shrek3,what,82,True,a45d25883979,4.622283000117022,latency-12b27bda030c.csv
2,12b27bda030c,2025-10-15T11:45:06.915058,shrek3,the,1285,True,a45d25883979,5.369465000057971,latency-12b27bda030c.csv
2,12b27bda030c,2025-10-15T11:45:07.026023,shrek,ogre,27,True,72ad01c69167,16.676700000061828,latency-12b27bda030c.csv
2,12b27bda030c,2025-10-15T11:45:07.149718,grail,the,1600,True,1de2274fea60,8.639691999633214,latency-12b27bda030c.csv
2,12b27bda030c,2025-10-15T11:45:07.264696,grail,sell,1,True,72ad01c69167,14.792108000165172,latency-12b27bda030c.csv
2,12b27bda030c,2025-10-15T11:45:07.397306,grail,Michael,11,True,a45d25883979,10.244390000025303,latency-12b27bda030c.csv
2,12b27bda030c,2025-10-15T11:45:07.517347,shrek3,true,1,True,a45d25883979,9.862145999704808,latency-12b27bda030c.csv
2,12b27bda030c,2025-10-15T11:45:07.637751,grail,Aaaaugh,9,True,72ad01c69167,18.182928999976863,latency-12b27bda030c.csv
2,12b27bda030c,2025-10-15T11:45:07.765278,shrek,Blah,1,True,a45d25883979,12.149761999808106,latency-12b27bda030c.csv
2,12b27bda030c,2025-10-15T11:45:07.889458,shrek3,decree,1,True,a45d25883979,8.946487000230263,latency-12b27bda030c.csv
2,12b27bda030c,2025-10-15T11:45:08.006082,grail,and,722,True,a45d25883979,8.668526000292331,latency-12b27bda030c.csv
2,12b27bda030c,2025-10-15T11:45:08.135311,shrek3,Shrek,678,True,a45d25883979,16.07001100001071,latency-12b27bda030c.csv
2,12b27bda030c,2025-10-15T11:45:08.264662,grail,us,32,True,72ad01c69167,6.774861999929271,latency-12b27bda030c.csv
2,12b27bda030c,2025-10-15T11:45:08.385288,shrek,don't,72,True,a45d25883979,9.518678999938857,latency-12b27bda030c.csv
2,12b27bda030c,2025-10-15T11:45:08.510982,shrek3,wont,0,True,1de2274fea60,5.110190999857878,latency-12b27bda030c.csv
2,12b27bda030c,2025-10-15T11:45:08.626723,grail,thus,5,True,72ad01c69167,5.303482000272197,latency-12b27bda030c.csv
2,12b27bda030c,2025-10-15T11:45:08.738299,shrek3,"Suddenly,",0,True,72ad01c69167,6.831050000073446,latency-12b27bda030c.csv
1,12b93c13ba46,2025-10-15T11:46:12.069667,grail,about,49,True,a45d25883979,14.202009000200633,latency-12b93c13ba46.csv
1,12b93c13ba46,2025-10-15T11:46:12.201706,shrek,help,5,True,72ad01c69167,7.561886000075901,latency-12b93c13ba46.csv
1,12b93c13ba46,2025-10-15T11:46:12.321787,shrek,What,104,True,72ad01c69167,17.426421999971353,latency-12b93c13ba46.csv
1,12b93c13ba46,2025-10-15T11:46:12.462287,grail,(as,0,True,1de2274fea60,12.10078500025702,latency-12b93c13ba46.csv
1,12b93c13ba46,2025-10-15T11:46:12.584178,shrek,GUARD,25,True,72ad01c69167,7.004043000051752,latency-12b93c13ba46.csv
1,12b93c13ba46,2025-10-15T11:46:12.705786,shrek3,body),0,True,72ad01c69167,8.733498999845324,latency-12b93c13ba46.csv
1,12b93c13ba46,2025-10-15T11:46:12.824820,shrek,swamp,18,True,72ad01c69167,16.1398459999873,latency-12b93c13ba46.csv
1,12b93c13ba46,2025-10-15T11:46:12.966922,shrek,his,48,True,a45d25883979,33.39995399983309,latency-12b93c13ba46.csv
1,12b93c13ba46,2025-10-15T11:46:13.142700,grail,the,1600,True,a45d25883979,48.83633200006443,latency-12b93c13ba46.csv
1,12b93c13ba46,2025-10-15T11:46:13.334725,shrek3,what,82,True,a45d25883979,21.021640000071784,latency-12b93c13ba46.csv
1,12b93c13ba46,2025-10-15T11:46:13.498186,shrek3,"Bay""",0,True,a45d25883979,5.650914000398188,latency-12b93c13ba46.csv
1,12b93c13ba46,2025-10-15T11:46:13.609293,shrek,his,48,True,a45d25883979,11.690911000187045,latency-12b93c13ba46.csv
1,12b93c13ba46,2025-10-15T11:46:13.730923,shrek,SHREK,433,True,a45d25883979,16.994651000004524,latency-12b93c13ba46.csv
1,12b93c13ba46,2025-10-15T11:46:13.859643,shrek3,SHOUTING),0,True,a45d25883979,7.674629000121058,latency-12b93c13ba46.csv
1,12b93c13ba46,2025-10-15T11:46:13.975168,grail,Michael,11,True,a45d25883979,7.514407000144274,latency-12b93c13ba46.csv
1,12b93c13ba46,2025-10-15T11:46:14.090562,shrek3,true,1,True,72ad01c69167,14.413580000109503,latency-12b93c13ba46.csv
1,12b93c13ba46,2025-10-15T11:46:14.213933,shrek3,Donkey,243,True,1de2274fea60,7.860159999836469,latency-12b93c13ba46.csv
1,12b93c13ba46,2025-10-15T11:46:14.329841,grail,on,139,True,72ad01c69167,8.353252000233624,latency-12b93c13ba46.csv
1,12b93c13ba46,2025-10-15T11:46:14.447856,grail,Footnote,4,True,72ad01c69167,7.09456799995678,latency-12b93c13ba46.csv
1,12b93c13ba46,2025-10-15T11:46:14.563133,grail,right,66,True,72ad01c69167,7.496360999994067,latency-12b93c13ba46.csv
2,12b93c13ba46,2025-10-15T11:46:14.678416,grail,about,49,True,a45d25883979,9.357419000025402,latency-12b93c13ba46.csv
2,12b93c13ba46,2025-10-15T11:46:14.803764,shrek,help,5,True,a45d25883979,15.310091999708677,latency-12b93c13ba46.csv
2,12b93c13ba46,2025-10-15T11:46:14.939453,shrek,What,104,True,72ad01c69167,7.634475000031671,latency-12b93c13ba46.csv
2,12b93c13ba46,2025-10-15T11:46:15.055771,grail,(as,0,True,72ad01c69167,15.547484999842707,latency-12b93c13ba46.csv
2,12b93c13ba46,2025-10-15T11:46:15.198323,shrek,GUARD,25,True,72ad01c69167,11.21775500041622,latency-12b93c13ba46.csv
2,12b93c13ba46,2025-10-15T11:46:15.331671,shrek3,body),0,True,a45d25883979,7.432120999965264,latency-12b93c13ba46.csv
2,12b93c13ba46,2025-10-15T11:46:15.446635,shrek,swamp,18,True,a45d25883979,9.146448000137752,latency-12b93c13ba46.csv
2,12b93c13ba46,2025-10-15T11:46:15.573848,shrek,his,48,True,a45d25883979,13.329831000191916,latency-12b93c13ba46.csv
2,12b93c13ba46,2025-10-15T11:46:15.716887,grail,the,1600,True,a45d25883979,16.16481199971531,latency-12b93c13ba46.csv
2,12b93c13ba46,2025-10-15T11:46:15.845364,shrek3,what,82,True,a45d25883979,7.674383999983547,latency-12b93c13ba46.csv
2,12b93c13ba46,2025-10-15T11:46:15.971626,shrek3,"Bay""",0,True,a45d25883979,8.492172999922332,latency-12b93c13ba46.csv
2,12b93c13ba46,2025-10-15T11:46:16.093592,shrek,his,48,True,a45d25883979,18.880335000176277,latency-12b93c13ba46.csv
2,12b93c13ba46,2025-10-15T11:46:16.224067,shrek,SHREK,433,True,a45d25883979,9.089717999813727,latency-12b93c13ba46.csv
2,12b93c13ba46,2025-10-15T11:46:16.340859,shrek3,SHOUTING),0,True,a45d25883979,8.44495100000131,latency-12b93c13ba46.csv
2,12b93c13ba46,2025-10-15T11:46:16.455690,grail,Michael,11,True,1de2274fea60,16.692036000222288,latency-12b93c13ba46.csv
2,12b93c13ba46,2025-10-15T11:46:16.581556,shrek3,true,1,True,1de2274fea60,17.02816899978643,latency-12b93c13ba46.csv
2,12b93c13ba46,2025-10-15T11:46:16.708975,shrek3,Donkey,243,True,72ad01c69167,11.868292999679396,latency-12b93c13ba46.csv
2,12b93c13ba46,2025-10-15T11:46:16.829110,grail,on,139,True,1de2274fea60,8.19383599991852,latency-12b93c13ba46.csv
2,12b93c13ba46,2025-10-15T11:46:16.945317,grail,Footnote,4,True,a45d25883979,12.913662000300974,latency-12b93c13ba46.csv
2,12b93c13ba46,2025-10-15T11:46:17.070053,grail,right,66,True,72ad01c69167,8.535056999789958,latency-12b93c13ba46.csv
1,166e1e606635,2025-10-15T11:46:07.219633,shrek,SHREK,433,True,1de2274fea60,10.689789000025485,latency-166e1e606635.csv
1,166e1e606635,2025-10-15T11:46:07.341342,shrek3,SHOUTING),0,True,a45d25883979,9.537935000025756,latency-166e1e606635.csv
1,166e1e606635,2025-10-15T11:46:07.461189,shrek3,ARTIE,213,True,72ad01c69167,9.126143000230512,latency-166e1e606635.csv
1,166e1e606635,2025-10-15T11:46:07.576935,shrek,DONKEY,320,True,a45d25883979,7.708781000019371,latency-166e1e606635.csv
1,166e1e606635,2025-10-15T11:46:07.694534,shrek3,WHITE,45,True,a45d25883979,10.707561999879545,latency-166e1e606635.csv
1,166e1e606635,2025-10-15T11:46:07.816456,shrek,FIONA,211,True,a45d25883979,11.788106000039988,latency-166e1e606635.csv
1,166e1e606635,2025-10-15T11:46:07.939123,grail,sell,1,True,72ad01c69167,7.835222000267095,latency-166e1e606635.csv
1,166e1e606635,2025-10-15T11:46:08.058024,shrek3,the,1285,True,72ad01c69167,11.037198999929387,latency-166e1e606635.csv
1,166e1e606635,2025-10-15T11:46:08.179813,grail,sell,1,True,72ad01c69167,7.170416999997542,latency-166e1e606635.csv
1,166e1e606635,2025-10-15T11:46:08.295281,shrek3,Whoa,7,True,72ad01c69167,8.457562999865331,latency-166e1e606635.csv
1,166e1e606635,2025-10-15T11:46:08.411809,grail,and,722,True,72ad01c69167,7.827175999864266,latency-166e1e606635.csv
1,166e1e606635,2025-10-15T11:46:08.547882,grail,Cleveland,3,True,a45d25883979,6.139630999768997,latency-166e1e606635.csv
1,166e1e606635,2025-10-15T11:46:08.662047,grail,a,666,True,a45d25883979,8.05751899997631,latency-166e1e606635.csv
1,166e1e606635,2025-10-15T11:46:08.779069,shrek,lay,2,True,a45d25883979,10.881850999794551,latency-166e1e606635.csv
1,166e1e606635,2025-10-15T11:46:08.899125,shrek3,TO,511,True,a45d25883979,7.110893000117358,latency-166e1e606635.csv
1,166e1e606635,2025-10-15T11:46:09.019121,grail,a,666,True,a45d25883979,9.428107000076125,latency-166e1e606635.csv
1,166e1e606635,2025-10-15T11:46:09.140758,shrek3,did,14,True,a45d25883979,7.155709000016941,latency-166e1e606635.csv
1,166e1e606635,2025-10-15T11:46:09.256482,shrek,don't,72,True,a45d25883979,6.344460000036634,latency-166e1e606635.csv
1,166e1e606635,2025-10-15T11:46:09.370095,shrek3,the,1285,True,a45d25883979,5.6734239997240365,latency-166e1e606635.csv
1,166e1e606635,2025-10-15T11:46:09.481327,grail,"lute,",0,True,a45d25883979,6.692105999718478,latency-166e1e606635.csv
2,166e1e606635,2025-10-15T11:46:09.596029,shrek,SHREK,433,True,a45d25883979,8.514163000199915,latency-166e1e606635.csv
2,166e1e606635,2025-10-15T11:46:09.718176,shrek3,SHOUTING),0,True,a45d25883979,7.753772999876674,latency-166e1e606635.csv
2,166e1e606635,2025-10-15T11:46:09.835254,shrek3,ARTIE,213,True,a45d25883979,6.895862999954261,latency-166e1e606635.csv
2,166e1e606635,2025-10-15T11:46:09.948196,shrek,DONKEY,320,True,72ad01c69167,12.237667000135843,latency-166e1e606635.csv
2,166e1e606635,2025-10-15T11:46:10.068664,shrek3,WHITE,45,True,72ad01c69167,8.328873000209569,latency-166e1e606635.csv
2,166e1e606635,2025-10-15T11:46:10.194406,shrek,FIONA,211,True,1de2274fea60,13.018506000207708,latency-166e1e606635.csv
2,166e1e606635,2025-10-15T11:46:10.316859,grail,sell,1,True,a45d25883979,6.962081999972725,latency-166e1e606635.csv
2,166e1e606635,2025-10-15T11:46:10.431752,shrek3,the,1285,True,a45d25883979,5.562247000398202,latency-166e1e606635.csv
2,166e1e606635,2025-10-15T11:46:10.544156,grail,sell,1,True,a45d25883979,7.379904999652354,latency-166e1e606635.csv
2,166e1e606635,2025-10-15T11:46:10.663504,shrek3,Whoa,7,True,72ad01c69167,7.7085340003577585,latency-166e1e606635.csv
2,166e1e606635,2025-10-15T11:46:10.779005,grail,and,722,True,a45d25883979,10.281086999839316,latency-166e1e606635.csv
2,166e1e606635,2025-10-15T11:46:10.900115,grail,Cleveland,3,True,a45d25883979,10.145027999897138,latency-166e1e606635.csv
2,166e1e606635,2025-10-15T11:46:11.026795,grail,a,666,True,72ad01c69167,12.262911000107124,latency-166e1e606635.csv
2,166e1e606635,2025-10-15T11:46:11.149785,shrek,lay,2,True,72ad01c69167,10.551679999935004,latency-166e1e606635.csv
2,166e1e606635,2025-10-15T11:46:11.279688,shrek3,TO,511,True,72ad01c69167,8.569126000111282,latency-166e1e606635.csv
2,166e1e606635,2025-10-15T11:46:11.395213,grail,a,666,True,72ad01c69167,9.172634999686125,latency-166e1e606635.csv
2,166e1e606635,2025-10-15T11:46:11.516638,shrek3,did,14,True,72ad01c69167,10.912983000253009,latency-166e1e606635.csv
2,166e1e606635,2025-10-15T11:46:11.636402,shrek,don't,72,True,a45d25883979,5.8952849999514,latency-166e1e606635.csv
2,166e1e606635,2025-10-15T11:46:11.748919,shrek3,the,1285,True,72ad01c69167,11.421733000133829,latency-166e1e606635.csv
2,166e1e606635,2025-10-15T11:46:11.872071,grail,"lute,",0,True,72ad01c69167,13.119446999553476,latency-166e1e606635.csv
1,16ac7dead278,2025-10-15T11:45:42.808099,shrek3,-,110,True,1de2274fea60,14.926790000117762,latency-16ac7dead278.csv
1,16ac7dead278,2025-10-15T11:45:42.932669,shrek,placed,1,True,a45d25883979,12.292074000015418,latency-16ac7dead278.csv
1,16ac7dead278,2025-10-15T11:45:43.057749,shrek3,"Bay""",0,True,a45d25883979,14.10682400000951,latency-16ac7dead278.csv
1,16ac7dead278,2025-10-15T11:45:43.184163,grail,pretty,7,True,a45d25883979,7.867967000038334,latency-16ac7dead278.csv
1,16ac7dead278,2025-10-15T11:45:43.308097,shrek,FIONA,211,True,72ad01c69167,28.370757000175217,latency-16ac7dead278.csv
1,16ac7dead278,2025-10-15T11:45:43.458994,shrek3,at,134,True,a45d25883979,7.037281000066287,latency-16ac7dead278.csv
1,16ac7dead278,2025-10-15T11:45:43.572718,shrek,he,118,True,a45d25883979,9.935164999660628,latency-16ac7dead278.csv
1,16ac7dead278,2025-10-15T11:45:43.695178,grail,with/,0,True,72ad01c69167,9.737512999890896,latency-16ac7dead278.csv
1,16ac7dead278,2025-10-15T11:45:43.813312,shrek,INSIDE,16,True,72ad01c69167,7.047421999686776,latency-16ac7dead278.csv
1,16ac7dead278,2025-10-15T11:45:43.925666,grail,3,18,True,72ad01c69167,8.097983999959979,latency-16ac7dead278.csv
1,16ac7dead278,2025-10-15T11:45:44.040537,grail,Tm,5,True,72ad01c69167,5.706461000045238,latency-16ac7dead278.csv
1,16ac7dead278,2025-10-15T11:45:44.151236,grail,Jones,7,True,72ad01c69167,6.943224000224291,latency-16ac7dead278.csv
1,16ac7dead278,2025-10-15T11:45:44.265431,shrek,FIONA,211,True,72ad01c69167,5.041924000124709,latency-16ac7dead278.csv
1,16ac7dead278,2025-10-15T11:45:44.386682,shrek,its,1,True,72ad01c69167,26.25691299999744,latency-16ac7dead278.csv
1,16ac7dead278,2025-10-15T11:45:44.525032,shrek3,the,1285,True,72ad01c69167,6.289245000061783,latency-16ac7dead278.csv
1,16ac7dead278,2025-10-15T11:45:44.640402,shrek,fair,2,True,72ad01c69167,5.1602949997686665,latency-16ac7dead278.csv
1,16ac7dead278,2025-10-15T11:45:44.751294,shrek,GORDO,5,True,a45d25883979,8.81019100006597,latency-16ac7dead278.csv
1,16ac7dead278,2025-10-15T11:45:44.868970,grail,the,1600,True,72ad01c69167,8.882641000127478,latency-16ac7dead278.csv
1,16ac7dead278,2025-10-15T11:45:44.986045,grail,them,41,True,a45d25883979,5.228050999903644,latency-16ac7dead278.csv
1,16ac7dead278,2025-10-15T11:45:45.098529,shrek3,toward,14,True,a45d25883979,7.435435999923357,latency-16ac7dead278.csv
2,16ac7dead278,2025-10-15T11:45:45.221912,shrek3,-,110,True,a45d25883979,7.261415999892051,latency-16ac7dead278.csv
2,16ac7dead278,2025-10-15T11:45:45.336978,shrek,placed,1,True,a45d25883979,8.056484000007913,latency-16ac7dead278.csv
2,16ac7dead278,2025-10-15T11:45:45.452437,shrek3,"Bay""",0,True,a45d25883979,6.013685000198166,latency-16ac7dead278.csv
2,16ac7dead278,2025-10-15T11:45:45.569649,grail,pretty,7,True,a45d25883979,6.329508999897371,latency-16ac7dead278.csv
2,16ac7dead278,2025-10-15T11:45:45.683227,shrek,FIONA,211,True,a45d25883979,7.892399999946065,latency-16ac7dead278.csv
2,16ac7dead278,2025-10-15T11:45:45.798812,shrek3,at,134,True,a45d25883979,5.696967999938352,latency-16ac7dead278.csv
2,16ac7dead278,2025-10-15T11:45:45.911571,shrek,he,118,True,a45d25883979,8.048399000017525,latency-16ac7dead278.csv
2,16ac7dead278,2025-10-15T11:45:46.026969,grail,with/,0,True,a45d25883979,11.846136999793089,latency-16ac7dead278.csv
2,16ac7dead278,2025-10-15T11:45:46.145512,shrek,INSIDE,16,True,a45d25883979,6.598037000003387,latency-16ac7dead278.csv
2,16ac7dead278,2025-10-15T11:45:46.259126,grail,3,18,True,a45d25883979,8.855067999775201,latency-16ac7dead278.csv
2,16ac7dead278,2025-10-15T11:45:46.375367,grail,Tm,5,True,a45d25883979,12.643622999803483,latency-16ac7dead278.csv
2,16ac7dead278,2025-10-15T11:45:46.497251,grail,Jones,7,True,a45d25883979,5.633099000078801,latency-16ac7dead278.csv
2,16ac7dead278,2025-10-15T11:45:46.611224,shrek,FIONA,211,True,a45d25883979,7.123484000203462,latency-16ac7dead278.csv
2,16ac7dead278,2025-10-15T11:45:46.728397,shrek,its,1,True,a45d25883979,15.354665999893768,latency-16ac7dead278.csv
2,16ac7dead278,2025-10-15T11:45:46.854565,shrek3,the,1285,True,a45d25883979,13.032027999997808,latency-16ac7dead278.csv
2,16ac7dead278,2025-10-15T11:45:46.981329,shrek,fair,2,True,a45d25883979,9.810161000132211,latency-16ac7dead278.csv
2,16ac7dead278,2025-10-15T11:45:47.102473,shrek,GORDO,5,True,a45d25883979,15.981562999968446,latency-16ac7dead278.csv
2,16ac7dead278,2025-10-15T11:45:47.234526,grail,the,1600,True,72ad01c69167,9.933544999967124,latency-16ac7dead278.csv
2,16ac7dead278,2025-10-15T11:45:47.356045,grail,them,41,True,72ad01c69167,15.873366000050735,latency-16ac7dead278.csv
2,16ac7dead278,2025-10-15T11:45:47.499270,shrek3,toward,14,True,1de2274fea60,8.213559000068926,latency-16ac7dead278.csv
1,16bebd2564e6,2025-10-15T11:46:23.846710,shrek3,flaming,2,True,a45d25883979,46.63836800000354,latency-16bebd2564e6.csv
1,16bebd2564e6,2025-10-15T11:46:24.014956,shrek,the,535,True,a45d25883979,13.136865000433318,latency-16bebd2564e6.csv
1,16bebd2564e6,2025-10-15T11:46:24.146912,shrek,who,29,True,a45d25883979,18.393892999938544,latency-16bebd2564e6.csv
1,16bebd2564e6,2025-10-15T11:46:24.282469,shrek,old,10,True,72ad01c69167,16.73642799960362,latency-16bebd2564e6.csv
1,16bebd2564e6,2025-10-15T11:46:24.411265,shrek,his,48,True,a45d25883979,9.574232999966624,latency-16bebd2564e6.csv
1,16bebd2564e6,2025-10-15T11:46:24.529148,shrek,who,29,True,a45d25883979,13.401960999999574,latency-16bebd2564e6.csv
1,16bebd2564e6,2025-10-15T11:46:24.654641,shrek,FIONA,211,True,a45d25883979,9.97276399994007,latency-16bebd2564e6.csv
1,16bebd2564e6,2025-10-15T11:46:24.777021,shrek3,me,72,True,a45d25883979,16.244235999693046,latency-16bebd2564e6.csv
1,16bebd2564e6,2025-10-15T11:46:24.904393,shrek,swamp,18,True,a45d25883979,5.305674000283034,latency-16bebd2564e6.csv
1,16bebd2564e6,2025-10-15T11:46:25.017205,shrek,CROWD,5,True,a45d25883979,9.10936899981607,latency-16bebd2564e6.csv
1,16bebd2564e6,2025-10-15T11:46:25.132542,shrek,you,409,True,a45d25883979,19.71742299974721,latency-16bebd2564e6.csv
1,16bebd2564e6,2025-10-15T11:46:25.262725,shrek3,ARTIE,213,True,a45d25883979,15.736728999854677,latency-16bebd2564e6.csv
1,16bebd2564e6,2025-10-15T11:46:25.391732,shrek,after,10,True,a45d25883979,6.196496000029583,latency-16bebd2564e6.csv
1,16bebd2564e6,2025-10-15T11:46:25.507001,shrek,SHREK,433,True,a45d25883979,5.715039999813598,latency-16bebd2564e6.csv
1,16bebd2564e6,2025-10-15T11:46:25.619476,shrek3,them,44,True,a45d25883979,7.38254899988533,latency-16bebd2564e6.csv
1,16bebd2564e6,2025-10-15T11:46:25.736961,shrek3,boomerang,1,True,a45d25883979,6.378721999681147,latency-16bebd2564e6.csv
1,16bebd2564e6,2025-10-15T11:46:25.849135,shrek,"Well,",0,True,a45d25883979,6.112363000283949,latency-16bebd2564e6.csv
1,16bebd2564e6,2025-10-15T11:46:25.961484,grail,chops,3,True,a45d25883979,5.415462000200932,latency-16bebd2564e6.csv
1,16bebd2564e6,2025-10-15T11:46:26.072431,grail,Christ,8,True,a45d25883979,6.487092000043049,latency-16bebd2564e6.csv
1,16bebd2564e6,2025-10-15T11:46:26.184417,shrek3,2,8,True,a45d25883979,7.582052000088879,latency-16bebd2564e6.csv
2,16bebd2564e6,2025-10-15T11:46:26.298613,shrek3,flaming,2,True,a45d25883979,6.912880000072619,latency-16bebd2564e6.csv
2,16bebd2564e6,2025-10-15T11:46:26.413033,shrek,the,535,True,72ad01c69167,35.08720799982257,latency-16bebd2564e6.csv
2,16bebd2564e6,2025-10-15T11:46:26.568762,shrek,who,29,True,72ad01c69167,12.558354000248071,latency-16bebd2564e6.csv
2,16bebd2564e6,2025-10-15T11:46:26.691243,shrek,old,10,True,72ad01c69167,19.745232999866857,latency-16bebd2564e6.csv
2,16bebd2564e6,2025-10-15T11:46:26.834407,shrek,his,48,True,72ad01c69167,18.22219400037284,latency-16bebd2564e6.csv
2,16bebd2564e6,2025-10-15T11:46:26.962170,shrek,who,29,True,a45d25883979,6.026400000337162,latency-16bebd2564e6.csv
2,16bebd2564e6,2025-10-15T11:46:27.074390,shrek,FIONA,211,True,a45d25883979,5.974886000331026,latency-16bebd2564e6.csv
2,16bebd2564e6,2025-10-15T11:46:27.185571,shrek3,me,72,True,a45d25883979,6.462815000304545,latency-16bebd2564e6.csv
2,16bebd2564e6,2025-10-15T11:46:27.299395,shrek,swamp,18,True,a45d25883979,6.24841800026843,latency-16bebd2564e6.csv
2,16bebd2564e6,2025-10-15T11:46:27.411913,shrek,CROWD,5,True,a45d25883979,7.483860999855096,latency-16bebd2564e6.csv
2,16bebd2564e6,2025-10-15T11:46:27.526359,shrek,you,409,True,a45d25883979,12.31375899988052,latency-16bebd2564e6.csv
2,16bebd2564e6,2025-10-15T11:46:27.651563,shrek3,ARTIE,213,True,a45d25883979,5.8974500002477726,latency-16bebd2564e6.csv
2,16bebd2564e6,2025-10-15T11:46:27.763096,shrek,after,10,True,a45d25883979,8.04847500012329,latency-16bebd2564e6.csv
2,16bebd2564e6,2025-10-15T11:46:27.878973,shrek,SHREK,433,True,1de2274fea60,10.2048140001898,latency-16bebd2564e6.csv
2,16bebd2564e6,2025-10-15T11:46:27.997163,shrek3,them,44,True,1de2274fea60,13.275123999846985,latency-16bebd2564e6.csv
2,16bebd2564e6,2025-10-15T11:46:28.122985,shrek3,boomerang,1,True,72ad01c69167,10.638282999934743,latency-16bebd2564e6.csv
2,16bebd2564e6,2025-10-15T11:46:28.241942,shrek,"Well,",0,True,72ad01c69167,8.712582000043767,latency-16bebd2564e6.csv
2,16bebd2564e6,2025-10-15T11:46:28.362243,grail,chops,3,True,72ad01c69167,11.000287999650029,latency-16bebd2564e6.csv
2,16bebd2564e6,2025-10-15T11:46:28.485119,grail,Christ,8,True,72ad01c69167,35.69752600014908,latency-16bebd2564e6.csv
2,16bebd2564e6,2025-10-15T11:46:28.646205,shrek3,2,8,True,72ad01c69167,7.768198000121629,latency-16bebd2564e6.csv
1,18a1a8d13838,2025-10-15T11:45:56.147400,grail,19Prince,0,True,72ad01c69167,10.942548000002716,latency-18a1a8d13838.csv
1,18a1a8d13838,2025-10-15T11:45:56.271308,grail,"lute,",0,True,a45d25883979,9.478259999923466,latency-18a1a8d13838.csv
1,18a1a8d13838,2025-10-15T11:45:56.395267,shrek3,still,18,True,a45d25883979,10.01242899974386,latency-18a1a8d13838.csv
1,18a1a8d13838,2025-10-15T11:45:56.512703,grail,the,1600,True,1de2274fea60,21.28453899968008,latency-18a1a8d13838.csv
1,18a1a8d13838,2025-10-15T11:45:56.660941,shrek,Blah,1,True,a45d25883979,42.22040000013294,latency-18a1a8d13838.csv
1,18a1a8d13838,2025-10-15T11:45:56.836762,shrek3,flaming,2,True,a45d25883979,15.125296000405797,latency-18a1a8d13838.csv
1,18a1a8d13838,2025-10-15T11:45:56.968503,shrek3,SHREK,678,True,1de2274fea60,8.406455000113056,latency-18a1a8d13838.csv
1,18a1a8d13838,2025-10-15T11:45:57.095117,shrek,whole,10,True,72ad01c69167,15.117139000267343,latency-18a1a8d13838.csv
1,18a1a8d13838,2025-10-15T11:45:57.234409,grail,of,684,True,a45d25883979,8.348210999884031,latency-18a1a8d13838.csv
1,18a1a8d13838,2025-10-15T11:45:57.353821,shrek,No,114,True,a45d25883979,7.806082000115566,latency-18a1a8d13838.csv
1,18a1a8d13838,2025-10-15T11:45:57.468923,shrek3,you,328,True,1de2274fea60,8.6576740000055,latency-18a1a8d13838.csv
1,18a1a8d13838,2025-10-15T11:45:57.589718,grail,Auuuuuuuugh,2,True,1de2274fea60,25.40537699997003,latency-18a1a8d13838.csv
1,18a1a8d13838,2025-10-15T11:45:57.740842,shrek,at,62,True,72ad01c69167,31.9996739999624,latency-18a1a8d13838.csv
1,18a1a8d13838,2025-10-15T11:45:57.892901,grail,with/,0,True,72ad01c69167,29.061878999982586,latency-18a1a8d13838.csv
1,18a1a8d13838,2025-10-15T11:45:58.036814,shrek,(standing,0,True,72ad01c69167,51.75814500034903,latency-18a1a8d13838.csv
1,18a1a8d13838,2025-10-15T11:45:58.223940,grail,Cleese,10,True,72ad01c69167,27.896095999949463,latency-18a1a8d13838.csv
1,18a1a8d13838,2025-10-15T11:45:58.376279,shrek,field,4,True,72ad01c69167,31.04099299980589,latency-18a1a8d13838.csv
1,18a1a8d13838,2025-10-15T11:45:58.534534,shrek,lay,2,True,a45d25883979,14.058771999771125,latency-18a1a8d13838.csv
1,18a1a8d13838,2025-10-15T11:45:58.672562,shrek,baby,3,True,72ad01c69167,27.722840000024007,latency-18a1a8d13838.csv
1,18a1a8d13838,2025-10-15T11:45:58.856397,shrek,INSIDE,16,True,72ad01c69167,21.55456099990261,latency-18a1a8d13838.csv
2,18a1a8d13838,2025-10-15T11:45:59.013013,grail,19Prince,0,True,72ad01c69167,24.33391999966261,latency-18a1a8d13838.csv
2,18a1a8d13838,2025-10-15T11:45:59.169906,grail,"lute,",0,True,72ad01c69167,22.234573000332603,latency-18a1a8d13838.csv
2,18a1a8d13838,2025-10-15T11:45:59.314859,shrek3,still,18,True,a45d25883979,27.370940999844606,latency-18a1a8d13838.csv
2,18a1a8d13838,2025-10-15T11:45:59.463681,grail,the,1600,True,a45d25883979,24.623732999771164,latency-18a1a8d13838.csv
2,18a1a8d13838,2025-10-15T11:45:59.622694,shrek,Blah,1,True,a45d25883979,18.125484000393044,latency-18a1a8d13838.csv
2,18a1a8d13838,2025-10-15T11:45:59.760274,shrek3,flaming,2,True,a45d25883979,42.69508800007316,latency-18a1a8d13838.csv
2,18a1a8d13838,2025-10-15T11:45:59.951893,shrek3,SHREK,678,True,a45d25883979,14.565831999789223,latency-18a1a8d13838.csv
2,18a1a8d13838,2025-10-15T11:46:00.096888,shrek,whole,10,True,72ad01c69167,24.17553300028885,latency-18a1a8d13838.csv
2,18a1a8d13838,2025-10-15T11:46:00.255996,grail,of,684,True,a45d25883979,36.79905900025915,latency-18a1a8d13838.csv
2,18a1a8d13838,2025-10-15T11:46:00.456707,shrek,No,114,True,a45d25883979,33.80869500006156,latency-18a1a8d13838.csv
2,18a1a8d13838,2025-10-15T11:46:00.611817,shrek3,you,328,True,a45d25883979,61.91455399994084,latency-18a1a8d13838.csv
2,18a1a8d13838,2025-10-15T11:46:00.800928,grail,Auuuuuuuugh,2,True,a45d25883979,31.46096399996168,latency-18a1a8d13838.csv
2,18a1a8d13838,2025-10-15T11:46:00.980225,shrek,at,62,True,1de2274fea60,39.42823499983206,latency-18a1a8d13838.csv
2,18a1a8d13838,2025-10-15T11:46:01.144573,grail,with/,0,True,1de2274fea60,30.593677000069874,latency-18a1a8d13838.csv
2,18a1a8d13838,2025-10-15T11:46:01.299720,shrek,(standing,0,True,a45d25883979,27.569096000206628,latency-18a1a8d13838.csv
2,18a1a8d13838,2025-10-15T11:46:01.450329,grail,Cleese,10,True,a45d25883979,19.156008000209116,latency-18a1a8d13838.csv
2,18a1a8d13838,2025-10-15T11:46:01.594550,shrek,field,4,True,72ad01c69167,43.88160500002414,latency-18a1a8d13838.csv
2,18a1a8d13838,2025-10-15T11:46:01.791546,shrek,lay,2,True,72ad01c69167,28.12886999981856,latency-18a1a8d13838.csv
2,18a1a8d13838,2025-10-15T11:46:01.973060,shrek,baby,3,True,a45d25883979,44.10865699992428,latency-18a1a8d13838.csv
2,18a1a8d13838,2025-10-15T11:46:02.160980,shrek,INSIDE,16,True,72ad01c69167,81.51426799986439,latency-18a1a8d13838.csv
1,1a861a4a7fc6,2025-10-15T11:46:30.000959,shrek3,SHREK,678,True,a45d25883979,5.283985999994911,latency-1a861a4a7fc6.csv
1,1a861a4a7fc6,2025-10-15T11:46:30.110990,shrek3,true,1,True,72ad01c69167,6.144021999716642,latency-1a861a4a7fc6.csv
1,1a861a4a7fc6,2025-10-15T11:46:30.223422,shrek3,right,36,True,72ad01c69167,6.065103999844723,latency-1a861a4a7fc6.csv
1,1a861a4a7fc6,2025-10-15T11:46:30.335072,shrek3,the,1285,True,a45d25883979,7.618097999966267,latency-1a861a4a7fc6.csv
1,1a861a4a7fc6,2025-10-15T11:46:30.450485,shrek,whistles,2,True,1de2274fea60,7.920496000224375,latency-1a861a4a7fc6.csv
1,1a861a4a7fc6,2025-10-15T11:46:30.566646,shrek,the,535,True,a45d25883979,7.910055000138527,latency-1a861a4a7fc6.csv
1,1a861a4a7fc6,2025-10-15T11:46:30.679829,shrek,MAN,38,True,1de2274fea60,9.981901999708498,latency-1a861a4a7fc6.csv
1,1a861a4a7fc6,2025-10-15T11:46:30.797749,shrek,Shrek,433,True,1de2274fea60,5.265794000024471,latency-1a861a4a7fc6.csv
1,1a861a4a7fc6,2025-10-15T11:46:30.909274,grail,19Prince,0,True,72ad01c69167,5.167884000002232,latency-1a861a4a7fc6.csv
1,1a861a4a7fc6,2025-10-15T11:46:31.022922,grail,Auuuuuuuugh,2,True,72ad01c69167,12.972433999948407,latency-1a861a4a7fc6.csv
1,1a861a4a7fc6,2025-10-15T11:46:31.145962,shrek,SHREK,433,True,72ad01c69167,9.036323000145783,latency-1a861a4a7fc6.csv
1,1a861a4a7fc6,2025-10-15T11:46:31.261738,shrek,tale,7,True,72ad01c69167,11.06099999969956,latency-1a861a4a7fc6.csv
1,1a861a4a7fc6,2025-10-15T11:46:31.381432,shrek3,Im,1,True,72ad01c69167,9.814256000026944,latency-1a861a4a7fc6.csv
1,1a861a4a7fc6,2025-10-15T11:46:31.498200,shrek3,ho,8,True,72ad01c69167,12.17534399984288,latency-1a861a4a7fc6.csv
1,1a861a4a7fc6,2025-10-15T11:46:31.620980,grail,Launcelot,107,True,a45d25883979,7.243403999837028,latency-1a861a4a7fc6.csv
1,1a861a4a7fc6,2025-10-15T11:46:31.738656,shrek3,cues,3,True,a45d25883979,9.233646000211593,latency-1a861a4a7fc6.csv
1,1a861a4a7fc6,2025-10-15T11:46:31.860934,shrek,SHREK,433,True,72ad01c69167,5.814953000026435,latency-1a861a4a7fc6.csv
1,1a861a4a7fc6,2025-10-15T11:46:31.982216,shrek3,at,134,True,a45d25883979,7.36239999969257,latency-1a861a4a7fc6.csv
1,1a861a4a7fc6,2025-10-15T11:46:32.098816,shrek,the,535,True,a45d25883979,6.400540999948134,latency-1a861a4a7fc6.csv
1,1a861a4a7fc6,2025-10-15T11:46:32.213154,grail,door,14,True,a45d25883979,7.425863000207755,latency-1a861a4a7fc6.csv
2,1a861a4a7fc6,2025-10-15T11:46:32.331956,shrek3,SHREK,678,True,72ad01c69167,8.445360000223445,latency-1a861a4a7fc6.csv
2,1a861a4a7fc6,2025-10-15T11:46:32.445428,shrek3,true,1,True,72ad01c69167,6.499042000086774,latency-1a861a4a7fc6.csv
2,1a861a4a7fc6,2025-10-15T11:46:32.556807,shrek3,right,36,True,72ad01c69167,8.024341000236745,latency-1a861a4a7fc6.csv
2,1a861a4a7fc6,2025-10-15T11:46:32.673096,shrek3,the,1285,True,72ad01c69167,6.038812000042526,latency-1a861a4a7fc6.csv
2,1a861a4a7fc6,2025-10-15T11:46:32.784580,shrek,whistles,2,True,72ad01c69167,6.703274000301462,latency-1a861a4a7fc6.csv
2,1a861a4a7fc6,2025-10-15T11:46:32.896590,shrek,the,535,True,72ad01c69167,6.523129000015615,latency-1a861a4a7fc6.csv
2,1a861a4a7fc6,2025-10-15T11:46:33.008601,shrek,MAN,38,True,72ad01c69167,5.342493999705766,latency-1a861a4a7fc6.csv
2,1a861a4a7fc6,2025-10-15T11:46:33.119358,shrek,Shrek,433,True,72ad01c69167,5.8910699999614735,latency-1a861a4a7fc6.csv
2,1a861a4a7fc6,2025-10-15T11:46:33.231070,grail,19Prince,0,True,72ad01c69167,8.364388000245526,latency-1a861a4a7fc6.csv
2,1a861a4a7fc6,2025-10-15T11:46:33.346372,grail,Auuuuuuuugh,2,True,a45d25883979,6.28675400002976,latency-1a861a4a7fc6.csv
2,1a861a4a7fc6,2025-10-15T11:46:33.458317,shrek,SHREK,433,True,a45d25883979,7.889814999998634,latency-1a861a4a7fc6.csv
2,1a861a4a7fc6,2025-10-15T11:46:33.573634,shrek,tale,7,True,a45d25883979,9.103914999741392,latency-1a861a4a7fc6.csv
2,1a861a4a7fc6,2025-10-15T11:46:33.695607,shrek3,Im,1,True,1de2274fea60,17.942375000075117,latency-1a861a4a7fc6.csv
2,1a861a4a7fc6,2025-10-15T11:46:33.831566,shrek3,ho,8,True,72ad01c69167,16.539908000140713,latency-1a861a4a7fc6.csv
2,1a861a4a7fc6,2025-10-15T11:46:33.964789,grail,Launcelot,107,True,72ad01c69167,14.521403999879112,latency-1a861a4a7fc6.csv
2,1a861a4a7fc6,2025-10-15T11:46:34.096560,shrek3,cues,3,True,a45d25883979,9.320036000190155,latency-1a861a4a7fc6.csv
2,1a861a4a7fc6,2025-10-15T11:46:34.220081,shrek,SHREK,433,True,a45d25883979,12.491874999795982,latency-1a861a4a7fc6.csv
2,1a861a4a7fc6,2025-10-15T11:46:34.341275,shrek3,at,134,True,1de2274fea60,11.178135999671213,latency-1a861a4a7fc6.csv
2,1a861a4a7fc6,2025-10-15T11:46:34.462584,shrek,the,535,True,1de2274fea60,12.036090000037802,latency-1a861a4a7fc6.csv
2,1a861a4a7fc6,2025-10-15T11:46:34.587923,grail,door,14,True,72ad01c69167,11.178979000305844,latency-1a861a4a7fc6.csv
1,1d17c35b7c0f,2025-10-15T11:45:41.296840,grail,thus,5,True,a45d25883979,8.228539999890927,latency-1d17c35b7c0f.csv
1,1d17c35b7c0f,2025-10-15T11:45:41.412081,grail,To,718,True,a45d25883979,8.1928509998761,latency-1d17c35b7c0f.csv
1,1d17c35b7c0f,2025-10-15T11:45:41.526570,shrek,edge,2,True,a45d25883979,7.457262000116316,latency-1d17c35b7c0f.csv
1,1d17c35b7c0f,2025-10-15T11:45:41.640867,grail,elected,2,True,a45d25883979,10.644317999776831,latency-1d17c35b7c0f.csv
1,1d17c35b7c0f,2025-10-15T11:45:41.760985,grail,on,139,True,a45d25883979,7.06146099992111,latency-1d17c35b7c0f.csv
1,1d17c35b7c0f,2025-10-15T11:45:41.874870,shrek3,him,87,True,a45d25883979,7.239016999847081,latency-1d17c35b7c0f.csv
1,1d17c35b7c0f,2025-10-15T11:45:41.989116,shrek,SHREK,433,True,a45d25883979,8.250115999999252,latency-1d17c35b7c0f.csv
1,1d17c35b7c0f,2025-10-15T11:45:42.114086,shrek,Aah,6,True,a45d25883979,7.8320070001609565,latency-1d17c35b7c0f.csv
1,1d17c35b7c0f,2025-10-15T11:45:42.241328,grail,Guard,106,True,a45d25883979,6.434217999867542,latency-1d17c35b7c0f.csv
1,1d17c35b7c0f,2025-10-15T11:45:42.354170,grail,BEDEVERE,103,True,72ad01c69167,9.29206700038776,latency-1d17c35b7c0f.csv
1,1d17c35b7c0f,2025-10-15T11:45:42.471052,shrek3,116,1,True,72ad01c69167,11.834494000140694,latency-1d17c35b7c0f.csv
1,1d17c35b7c0f,2025-10-15T11:45:42.592166,shrek,FIONA,211,True,1de2274fea60,11.946031000206858,latency-1d17c35b7c0f.csv
1,1d17c35b7c0f,2025-10-15T11:45:42.728880,shrek3,ruby,1,True,a45d25883979,8.096843999737757,latency-1d17c35b7c0f.csv
1,1d17c35b7c0f,2025-10-15T11:45:42.846747,shrek,"Ha,",0,True,a45d25883979,10.609921000195754,latency-1d17c35b7c0f.csv
1,1d17c35b7c0f,2025-10-15T11:45:42.968375,shrek,you,409,True,a45d25883979,8.373259000109101,latency-1d17c35b7c0f.csv
1,1d17c35b7c0f,2025-10-15T11:45:43.090827,shrek3,Final,119,True,a45d25883979,14.211689000148908,latency-1d17c35b7c0f.csv
1,1d17c35b7c0f,2025-10-15T11:45:43.216595,shrek,swamp,18,True,a45d25883979,47.67922000019098,latency-1d17c35b7c0f.csv
1,1d17c35b7c0f,2025-10-15T11:45:43.390801,grail,is,317,True,72ad01c69167,8.33022599999822,latency-1d17c35b7c0f.csv
1,1d17c35b7c0f,2025-10-15T11:45:43.508107,shrek,FARQUAAD,84,True,a45d25883979,7.300303000192798,latency-1d17c35b7c0f.csv
1,1d17c35b7c0f,2025-10-15T11:45:43.625869,shrek3,ho,8,True,a45d25883979,9.852898999724855,latency-1d17c35b7c0f.csv
2,1d17c35b7c0f,2025-10-15T11:45:43.743232,grail,thus,5,True,a45d25883979,9.571987000072111,latency-1d17c35b7c0f.csv
2,1d17c35b7c0f,2025-10-15T11:45:43.860589,grail,To,718,True,a45d25883979,6.7249379999339,latency-1d17c35b7c0f.csv
2,1d17c35b7c0f,2025-10-15T11:45:43.973808,shrek,edge,2,True,a45d25883979,9.596604999842384,latency-1d17c35b7c0f.csv
2,1d17c35b7c0f,2025-10-15T11:45:44.090738,grail,elected,2,True,a45d25883979,8.962565999809158,latency-1d17c35b7c0f.csv
2,1d17c35b7c0f,2025-10-15T11:45:44.213157,grail,on,139,True,a45d25883979,12.535548999949242,latency-1d17c35b7c0f.csv
2,1d17c35b7c0f,2025-10-15T11:45:44.334225,shrek3,him,87,True,a45d25883979,9.57341000002998,latency-1d17c35b7c0f.csv
2,1d17c35b7c0f,2025-10-15T11:45:44.460252,shrek,SHREK,433,True,a45d25883979,5.616061000182526,latency-1d17c35b7c0f.csv
2,1d17c35b7c0f,2025-10-15T11:45:44.571751,shrek,Aah,6,True,a45d25883979,5.017611999846849,latency-1d17c35b7c0f.csv
2,1d17c35b7c0f,2025-10-15T11:45:44.681940,grail,Guard,106,True,a45d25883979,6.025236999903427,latency-1d17c35b7c0f.csv
2,1d17c35b7c0f,2025-10-15T11:45:44.794571,grail,BEDEVERE,103,True,a45d25883979,5.641907000153879,latency-1d17c35b7c0f.csv
2,1d17c35b7c0f,2025-10-15T11:45:44.906069,shrek3,116,1,True,a45d25883979,6.418177999876207,latency-1d17c35b7c0f.csv
2,1d17c35b7c0f,2025-10-15T11:45:45.021151,shrek,FIONA,211,True,a45d25883979,7.17230300006122,latency-1d17c35b7c0f.csv
2,1d17c35b7c0f,2025-10-15T11:45:45.137085,shrek3,ruby,1,True,a45d25883979,6.681234000097902,latency-1d17c35b7c0f.csv
2,1d17c35b7c0f,2025-10-15T11:45:45.249907,shrek,"Ha,",0,True,72ad01c69167,8.466908000173134,latency-1d17c35b7c0f.csv
2,1d17c35b7c0f,2025-10-15T11:45:45.366841,shrek,you,409,True,a45d25883979,5.543916000078752,latency-1d17c35b7c0f.csv
2,1d17c35b7c0f,2025-10-15T11:45:45.479769,shrek3,Final,119,True,a45d25883979,5.3686950000155775,latency-1d17c35b7c0f.csv
2,1d17c35b7c0f,2025-10-15T11:45:45.591267,shrek,swamp,18,True,a45d25883979,20.072707000053924,latency-1d17c35b7c0f.csv
2,1d17c35b7c0f,2025-10-15T11:45:45.725123,grail,is,317,True,a45d25883979,4.984962999969866,latency-1d17c35b7c0f.csv
2,1d17c35b7c0f,2025-10-15T11:45:45.835936,shrek,FARQUAAD,84,True,72ad01c69167,4.890599999725964,latency-1d17c35b7c0f.csv
2,1d17c35b7c0f,2025-10-15T11:45:45.947050,shrek3,ho,8,True,72ad01c69167,4.267348000212223,latency-1d17c35b7c0f.csv
1,1efe994b9c75,2025-10-15T11:44:54.238449,shrek,not,50,False,a45d25883979,37.98555599996689,latency-1efe994b9c75.csv
1,1efe994b9c75,2025-10-15T11:44:54.395724,grail,pretty,7,False,72ad01c69167,40.84763899982136,latency-1efe994b9c75.csv
1,1efe994b9c75,2025-10-15T11:44:54.559119,shrek3,what,82,True,72ad01c69167,28.18542399973012,latency-1efe994b9c75.csv
1,1efe994b9c75,2025-10-15T11:44:54.701477,grail,To,718,True,72ad01c69167,55.59810500017193,latency-1efe994b9c75.csv
1,1efe994b9c75,2025-10-15T11:44:54.905945,grail,king,136,True,72ad01c69167,27.525378000063935,latency-1efe994b9c75.csv
1,1efe994b9c75,2025-10-15T11:44:55.077836,grail,chops,3,True,a45d25883979,21.49331800001164,latency-1efe994b9c75.csv
1,1efe994b9c75,2025-10-15T11:44:55.221857,shrek3,Whoa,7,True,a45d25883979,25.243223999950715,latency-1efe994b9c75.csv
1,1efe994b9c75,2025-10-15T11:44:55.375140,shrek,one,44,False,a45d25883979,22.27592400004141,latency-1efe994b9c75.csv
1,1efe994b9c75,2025-10-15T11:44:55.507799,shrek,its,1,True,a45d25883979,13.108897999700275,latency-1efe994b9c75.csv
1,1efe994b9c75,2025-10-15T11:44:55.631440,grail,Boom,4,True,72ad01c69167,33.51866200000586,latency-1efe994b9c75.csv
1,1efe994b9c75,2025-10-15T11:44:55.804061,shrek,minute,3,True,a45d25883979,8.539185999779875,latency-1efe994b9c75.csv
1,1efe994b9c75,2025-10-15T11:44:55.921779,grail,is,317,True,72ad01c69167,13.78661499984446,latency-1efe994b9c75.csv
1,1efe994b9c75,2025-10-15T11:44:56.050768,shrek,DONKEY,320,True,1de2274fea60,29.20242500022141,latency-1efe994b9c75.csv
1,1efe994b9c75,2025-10-15T11:44:56.206441,grail,Cleese,10,False,a45d25883979,50.266862000171386,latency-1efe994b9c75.csv
1,1efe994b9c75,2025-10-15T11:44:56.382991,shrek3,the,1285,True,a45d25883979,32.09638799989989,latency-1efe994b9c75.csv
1,1efe994b9c75,2025-10-15T11:44:56.533493,shrek3,SHOUTING),0,True,a45d25883979,22.58646000018416,latency-1efe994b9c75.csv
1,1efe994b9c75,2025-10-15T11:44:56.704921,grail,pseudonym,1,True,a45d25883979,18.88436100034596,latency-1efe994b9c75.csv
1,1efe994b9c75,2025-10-15T11:44:56.859380,shrek3,"meet""",0,True,72ad01c69167,18.496390000109383,latency-1efe994b9c75.csv
1,1efe994b9c75,2025-10-15T11:44:57.007478,shrek,field,4,True,1de2274fea60,12.802238999938709,latency-1efe994b9c75.csv
1,1efe994b9c75,2025-10-15T11:44:57.131584,shrek3,him,87,True,1de2274fea60,24.502083999777824,latency-1efe994b9c75.csv
2,1efe994b9c75,2025-10-15T11:44:57.291712,shrek,not,50,True,a45d25883979,13.1615690002036,latency-1efe994b9c75.csv
2,1efe994b9c75,2025-10-15T11:44:57.416885,grail,pretty,7,True,a45d25883979,12.675289000071643,latency-1efe994b9c75.csv
2,1efe994b9c75,2025-10-15T11:44:57.541064,shrek3,what,82,True,72ad01c69167,20.3537669999605,latency-1efe994b9c75.csv
2,1efe994b9c75,2025-10-15T11:44:57.675491,grail,To,718,True,72ad01c69167,9.223589000157515,latency-1efe994b9c75.csv
2,1efe994b9c75,2025-10-15T11:44:57.800570,grail,king,136,True,a45d25883979,12.54953099987688,latency-1efe994b9c75.csv
2,1efe994b9c75,2025-10-15T11:44:57.942220,grail,chops,3,True,1de2274fea60,25.677352999991854,latency-1efe994b9c75.csv
2,1efe994b9c75,2025-10-15T11:44:58.080902,shrek3,Whoa,7,True,72ad01c69167,11.697469999944587,latency-1efe994b9c75.csv
2,1efe994b9c75,2025-10-15T11:44:58.203491,shrek,one,44,True,1de2274fea60,15.855165000175475,latency-1efe994b9c75.csv
2,1efe994b9c75,2025-10-15T11:44:58.328720,shrek,its,1,True,a45d25883979,10.532064000017272,latency-1efe994b9c75.csv
2,1efe994b9c75,2025-10-15T11:44:58.453295,grail,Boom,4,True,a45d25883979,12.646297000173943,latency-1efe994b9c75.csv
2,1efe994b9c75,2025-10-15T11:44:58.576322,shrek,minute,3,True,72ad01c69167,14.39339899980041,latency-1efe994b9c75.csv
2,1efe994b9c75,2025-10-15T11:44:58.713270,grail,is,317,True,72ad01c69167,11.658104000161984,latency-1efe994b9c75.csv
2,1efe994b9c75,2025-10-15T11:44:58.857761,shrek,DONKEY,320,True,72ad01c69167,20.779040999968856,latency-1efe994b9c75.csv
2,1efe994b9c75,2025-10-15T11:44:59.032763,grail,Cleese,10,True,72ad01c69167,8.640491000278416,latency-1efe994b9c75.csv
2,1efe994b9c75,2025-10-15T11:44:59.166728,shrek3,the,1285,True,72ad01c69167,10.510818000057045,latency-1efe994b9c75.csv
2,1efe994b9c75,2025-10-15T11:44:59.286119,shrek3,SHOUTING),0,True,72ad01c69167,7.204941000054532,latency-1efe994b9c75.csv
2,1efe994b9c75,2025-10-15T11:44:59.400429,grail,pseudonym,1,True,a45d25883979,11.024547000033635,latency-1efe994b9c75.csv
2,1efe994b9c75,2025-10-15T11:44:59.526187,shrek3,"meet""",0,True,72ad01c69167,7.143311000163521,latency-1efe994b9c75.csv
2,1efe994b9c75,2025-10-15T11:44:59.644907,shrek,field,4,True,a45d25883979,11.391147000267663,latency-1efe994b9c75.csv
2,1efe994b9c75,2025-10-15T11:44:59.766810,shrek3,him,87,True,72ad01c69167,19.108701000277502,latency-1efe994b9c75.csv
1,22f13ca12abc,2025-10-15T11:45:15.193515,shrek,stairs,7,True,a45d25883979,7.746000999759417,latency-22f13ca12abc.csv
1,22f13ca12abc,2025-10-15T11:45:15.306428,grail,with/,0,True,a45d25883979,7.183406999956787,latency-22f13ca12abc.csv
1,22f13ca12abc,2025-10-15T11:45:15.419801,grail,the,1600,True,a45d25883979,10.543991999838909,latency-22f13ca12abc.csv
1,22f13ca12abc,2025-10-15T11:45:15.540728,shrek3,TO,511,True,72ad01c69167,5.440118000024086,latency-22f13ca12abc.csv
1,22f13ca12abc,2025-10-15T11:45:15.651474,shrek3,cues,3,True,72ad01c69167,4.542586999832565,latency-22f13ca12abc.csv
1,22f13ca12abc,2025-10-15T11:45:15.761236,grail,Bridge,30,True,a45d25883979,8.851825999954599,latency-22f13ca12abc.csv
1,22f13ca12abc,2025-10-15T11:45:15.876580,grail,Guard,106,False,a45d25883979,13.779162999981054,latency-22f13ca12abc.csv
1,22f13ca12abc,2025-10-15T11:45:15.997496,shrek,one,44,True,72ad01c69167,5.308822999722906,latency-22f13ca12abc.csv
1,22f13ca12abc,2025-10-15T11:45:16.109683,grail,Ecky-Ecky-Ecky,1,True,1de2274fea60,5.3266370000528696,latency-22f13ca12abc.csv
1,22f13ca12abc,2025-10-15T11:45:16.220630,shrek,trip,1,True,1de2274fea60,6.913286999861157,latency-22f13ca12abc.csv
1,22f13ca12abc,2025-10-15T11:45:16.339025,shrek,INSIDE,16,True,1de2274fea60,5.419989000074565,latency-22f13ca12abc.csv
1,22f13ca12abc,2025-10-15T11:45:16.451442,shrek3,Uh,18,True,1de2274fea60,6.433839999772317,latency-22f13ca12abc.csv
1,22f13ca12abc,2025-10-15T11:45:16.563802,shrek3,Whoa,7,True,1de2274fea60,6.630302999838023,latency-22f13ca12abc.csv
1,22f13ca12abc,2025-10-15T11:45:16.676132,shrek3,RAPUNZEL,30,True,1de2274fea60,5.9968819996356615,latency-22f13ca12abc.csv
1,22f13ca12abc,2025-10-15T11:45:16.787213,grail,the,1600,True,72ad01c69167,5.818877999899996,latency-22f13ca12abc.csv
1,22f13ca12abc,2025-10-15T11:45:16.898579,grail,with/,0,True,72ad01c69167,9.278586000164069,latency-22f13ca12abc.csv
1,22f13ca12abc,2025-10-15T11:45:17.017516,grail,on,139,True,72ad01c69167,9.808020000036777,latency-22f13ca12abc.csv
1,22f13ca12abc,2025-10-15T11:45:17.135167,shrek3,bed,10,True,a45d25883979,7.266904999596591,latency-22f13ca12abc.csv
1,22f13ca12abc,2025-10-15T11:45:17.249717,grail,GALAHAD,87,True,a45d25883979,8.528412000032404,latency-22f13ca12abc.csv
1,22f13ca12abc,2025-10-15T11:45:17.369025,grail,"Peng,",0,True,a45d25883979,10.64782399998876,latency-22f13ca12abc.csv
2,22f13ca12abc,2025-10-15T11:45:17.488555,shrek,stairs,7,True,a45d25883979,8.602447000157554,latency-22f13ca12abc.csv
2,22f13ca12abc,2025-10-15T11:45:17.607109,grail,with/,0,True,a45d25883979,14.182246000018496,latency-22f13ca12abc.csv
2,22f13ca12abc,2025-10-15T11:45:17.739919,grail,the,1600,True,a45d25883979,5.765810999946552,latency-22f13ca12abc.csv
2,22f13ca12abc,2025-10-15T11:45:17.853176,shrek3,TO,511,True,a45d25883979,6.087997000122414,latency-22f13ca12abc.csv
2,22f13ca12abc,2025-10-15T11:45:17.966940,shrek3,cues,3,True,a45d25883979,7.253436999690166,latency-22f13ca12abc.csv
2,22f13ca12abc,2025-10-15T11:45:18.084441,grail,Bridge,30,True,a45d25883979,8.388943999761977,latency-22f13ca12abc.csv
2,22f13ca12abc,2025-10-15T11:45:18.200000,grail,Guard,106,True,a45d25883979,6.35842599967873,latency-22f13ca12abc.csv
2,22f13ca12abc,2025-10-15T11:45:18.312253,shrek,one,44,True,a45d25883979,13.42201599982218,latency-22f13ca12abc.csv
2,22f13ca12abc,2025-10-15T11:45:18.439102,grail,Ecky-Ecky-Ecky,1,True,a45d25883979,13.391593000051216,latency-22f13ca12abc.csv
2,22f13ca12abc,2025-10-15T11:45:18.562788,shrek,trip,1,True,a45d25883979,4.425556999649416,latency-22f13ca12abc.csv
2,22f13ca12abc,2025-10-15T11:45:18.673126,shrek,INSIDE,16,True,a45d25883979,7.786894999753713,latency-22f13ca12abc.csv
2,22f13ca12abc,2025-10-15T11:45:18.787611,shrek3,Uh,18,True,a45d25883979,5.939409999882628,latency-22f13ca12abc.csv
2,22f13ca12abc,2025-10-15T11:45:18.898760,shrek3,Whoa,7,True,72ad01c69167,7.195572999989963,latency-22f13ca12abc.csv
2,22f13ca12abc,2025-10-15T11:45:19.012832,shrek3,RAPUNZEL,30,True,72ad01c69167,7.307220999791752,latency-22f13ca12abc.csv
2,22f13ca12abc,2025-10-15T11:45:19.126915,grail,the,1600,True,72ad01c69167,9.053282000422769,latency-22f13ca12abc.csv
2,22f13ca12abc,2025-10-15T11:45:19.241862,grail,with/,0,True,a45d25883979,7.528029999775754,latency-22f13ca12abc.csv
2,22f13ca12abc,2025-10-15T11:45:19.356050,grail,on,139,True,72ad01c69167,7.770144999994955,latency-22f13ca12abc.csv
2,22f13ca12abc,2025-10-15T11:45:19.470279,shrek3,bed,10,True,1de2274fea60,10.508811999898173,latency-22f13ca12abc.csv
2,22f13ca12abc,2025-10-15T11:45:19.587301,grail,GALAHAD,87,True,72ad01c69167,10.42175300017334,latency-22f13ca12abc.csv
2,22f13ca12abc,2025-10-15T11:45:19.707411,grail,"Peng,",0,True,72ad01c69167,30.003974999999627,latency-22f13ca12abc.csv
1,24c87e7a955e,2025-10-15T11:46:10.756934,grail,king,136,True,a45d25883979,8.803896999779681,latency-24c87e7a955e.csv
1,24c87e7a955e,2025-10-15T11:46:10.877351,shrek3,ho,8,True,a45d25883979,11.264196000411175,latency-24c87e7a955e.csv
1,24c87e7a955e,2025-10-15T11:46:11.000054,grail,pretty,7,True,a45d25883979,7.981406999988394,latency-24c87e7a955e.csv
1,24c87e7a955e,2025-10-15T11:46:11.117501,shrek3,reason,2,True,a45d25883979,9.117046000028497,latency-24c87e7a955e.csv
1,24c87e7a955e,2025-10-15T11:46:11.234721,shrek,on,88,True,a45d25883979,6.105132999891794,latency-24c87e7a955e.csv
1,24c87e7a955e,2025-10-15T11:46:11.348571,shrek,one,44,True,72ad01c69167,10.401220999938232,latency-24c87e7a955e.csv
1,24c87e7a955e,2025-10-15T11:46:11.468223,shrek,SHREK,433,True,72ad01c69167,17.19037600014417,latency-24c87e7a955e.csv
1,24c87e7a955e,2025-10-15T11:46:11.600558,grail,for,118,True,1de2274fea60,11.851825000121607,latency-24c87e7a955e.csv
1,24c87e7a955e,2025-10-15T11:46:11.720521,shrek,Blah,1,True,1de2274fea60,7.2793650001585775,latency-24c87e7a955e.csv
1,24c87e7a955e,2025-10-15T11:46:11.843564,shrek,FIONA,211,True,1de2274fea60,16.181853000034607,latency-24c87e7a955e.csv
1,24c87e7a955e,2025-10-15T11:46:11.978000,grail,rows,1,True,72ad01c69167,7.977562999712973,latency-24c87e7a955e.csv
1,24c87e7a955e,2025-10-15T11:46:12.093722,grail,us,32,True,72ad01c69167,11.24414700007037,latency-24c87e7a955e.csv
1,24c87e7a955e,2025-10-15T11:46:12.220728,shrek,I,386,True,a45d25883979,10.780565000004572,latency-24c87e7a955e.csv
1,24c87e7a955e,2025-10-15T11:46:12.345586,shrek,SHREK,433,True,a45d25883979,19.996879999780504,latency-24c87e7a955e.csv
1,24c87e7a955e,2025-10-15T11:46:12.491650,grail,door,14,True,a45d25883979,11.703387000125076,latency-24c87e7a955e.csv
1,24c87e7a955e,2025-10-15T11:46:12.618121,grail,pretty,7,True,a45d25883979,10.902601999987382,latency-24c87e7a955e.csv
1,24c87e7a955e,2025-10-15T11:46:12.748346,shrek3,fall,6,True,a45d25883979,33.67663300014101,latency-24c87e7a955e.csv
1,24c87e7a955e,2025-10-15T11:46:12.914715,shrek3,ARTIE,213,True,a45d25883979,22.13425900026777,latency-24c87e7a955e.csv
1,24c87e7a955e,2025-10-15T11:46:13.046352,shrek,What,104,True,a45d25883979,8.492551000017556,latency-24c87e7a955e.csv
1,24c87e7a955e,2025-10-15T11:46:13.196545,shrek,don't,72,True,72ad01c69167,31.899452000288875,latency-24c87e7a955e.csv
2,24c87e7a955e,2025-10-15T11:46:13.357334,grail,king,136,True,1de2274fea60,26.194013000349518,latency-24c87e7a955e.csv
2,24c87e7a955e,2025-10-15T11:46:13.533483,shrek3,ho,8,True,1de2274fea60,9.054294000179652,latency-24c87e7a955e.csv
2,24c87e7a955e,2025-10-15T11:46:13.659758,grail,pretty,7,True,a45d25883979,14.507438000237016,latency-24c87e7a955e.csv
2,24c87e7a955e,2025-10-15T11:46:13.790522,shrek3,reason,2,True,a45d25883979,16.864796999925602,latency-24c87e7a955e.csv
2,24c87e7a955e,2025-10-15T11:46:13.930536,shrek,on,88,True,72ad01c69167,16.638291999697685,latency-24c87e7a955e.csv
2,24c87e7a955e,2025-10-15T11:46:14.060798,shrek,one,44,True,a45d25883979,7.154358999741817,latency-24c87e7a955e.csv
2,24c87e7a955e,2025-10-15T11:46:14.176105,shrek,SHREK,433,True,a45d25883979,8.261493000190967,latency-24c87e7a955e.csv
2,24c87e7a955e,2025-10-15T11:46:14.298099,grail,for,118,True,a45d25883979,9.479356000156258,latency-24c87e7a955e.csv
2,24c87e7a955e,2025-10-15T11:46:14.415850,shrek,Blah,1,True,a45d25883979,6.568648000211397,latency-24c87e7a955e.csv
2,24c87e7a955e,2025-10-15T11:46:14.532665,shrek,FIONA,211,True,a45d25883979,7.374945000265143,latency-24c87e7a955e.csv
2,24c87e7a955e,2025-10-15T11:46:14.648669,grail,rows,1,True,a45d25883979,7.865852000122686,latency-24c87e7a955e.csv
2,24c87e7a955e,2025-10-15T11:46:14.764150,grail,us,32,True,72ad01c69167,11.01329099992654,latency-24c87e7a955e.csv
2,24c87e7a955e,2025-10-15T11:46:14.883383,shrek,I,386,True,72ad01c69167,12.336766000316857,latency-24c87e7a955e.csv
2,24c87e7a955e,2025-10-15T11:46:15.006136,shrek,SHREK,433,True,a45d25883979,11.041963000025136,latency-24c87e7a955e.csv
2,24c87e7a955e,2025-10-15T11:46:15.130948,grail,door,14,True,a45d25883979,10.585102000277402,latency-24c87e7a955e.csv
2,24c87e7a955e,2025-10-15T11:46:15.256514,grail,pretty,7,True,a45d25883979,13.115323999954851,latency-24c87e7a955e.csv
2,24c87e7a955e,2025-10-15T11:46:15.383803,shrek3,fall,6,True,a45d25883979,8.665996000218001,latency-24c87e7a955e.csv
2,24c87e7a955e,2025-10-15T11:46:15.505519,shrek3,ARTIE,213,True,1de2274fea60,27.276998000161257,latency-24c87e7a955e.csv
2,24c87e7a955e,2025-10-15T11:46:15.646716,shrek,What,104,True,72ad01c69167,10.789231000217114,latency-24c87e7a955e.csv
2,24c87e7a955e,2025-10-15T11:46:15.771343,shrek,don't,72,True,a45d25883979,20.8168049998676,latency-24c87e7a955e.csv
1,269ba620ee56,2025-10-15T11:45:55.676319,grail,Cleese,10,True,a45d25883979,23.76549600012368,latency-269ba620ee56.csv
1,269ba620ee56,2025-10-15T11:45:55.818026,shrek3,2,8,True,72ad01c69167,6.214980999629916,latency-269ba620ee56.csv
1,269ba620ee56,2025-10-15T11:45:55.931231,grail,from,94,True,72ad01c69167,12.597187999745074,latency-269ba620ee56.csv
1,269ba620ee56,2025-10-15T11:45:56.062102,shrek3,what,82,True,72ad01c69167,8.551912999791966,latency-269ba620ee56.csv
1,269ba620ee56,2025-10-15T11:45:56.184130,grail,Bum,13,True,72ad01c69167,7.62542000029498,latency-269ba620ee56.csv
1,269ba620ee56,2025-10-15T11:45:56.306181,shrek,HOOD,13,True,a45d25883979,6.367272000261437,latency-269ba620ee56.csv
1,269ba620ee56,2025-10-15T11:45:56.420035,shrek3,OGRE,39,True,72ad01c69167,8.654698000100325,latency-269ba620ee56.csv
1,269ba620ee56,2025-10-15T11:45:56.535697,grail,I,298,True,72ad01c69167,17.675693000001047,latency-269ba620ee56.csv
1,269ba620ee56,2025-10-15T11:45:56.671335,shrek,SHREK,433,True,72ad01c69167,34.638057999927696,latency-269ba620ee56.csv
1,269ba620ee56,2025-10-15T11:45:56.838149,shrek,cottage,4,True,a45d25883979,11.964671999976416,latency-269ba620ee56.csv
1,269ba620ee56,2025-10-15T11:45:56.963913,shrek3,JOCKS,2,True,72ad01c69167,13.35020800024722,latency-269ba620ee56.csv
1,269ba620ee56,2025-10-15T11:45:57.098895,shrek3,WHITE,45,True,1de2274fea60,16.879624000011972,latency-269ba620ee56.csv
1,269ba620ee56,2025-10-15T11:45:57.242733,shrek,And,318,True,1de2274fea60,10.44901800014486,latency-269ba620ee56.csv
1,269ba620ee56,2025-10-15T11:45:57.372564,shrek3,with,112,True,a45d25883979,11.229657000058069,latency-269ba620ee56.csv
1,269ba620ee56,2025-10-15T11:45:57.492815,grail,"Oh,",2,True,72ad01c69167,16.734851999899547,latency-269ba620ee56.csv
1,269ba620ee56,2025-10-15T11:45:57.623218,shrek,and,318,True,a45d25883979,19.189912999991066,latency-269ba620ee56.csv
1,269ba620ee56,2025-10-15T11:45:57.755632,grail,the,1600,True,a45d25883979,24.530599000172515,latency-269ba620ee56.csv
1,269ba620ee56,2025-10-15T11:45:57.893454,shrek,cottage,4,True,72ad01c69167,32.294613999965804,latency-269ba620ee56.csv
1,269ba620ee56,2025-10-15T11:45:58.050828,shrek3,an,51,True,72ad01c69167,53.28342999973757,latency-269ba620ee56.csv
1,269ba620ee56,2025-10-15T11:45:58.224472,grail,upon,13,True,72ad01c69167,29.63573400029418,latency-269ba620ee56.csv
2,269ba620ee56,2025-10-15T11:45:58.376120,grail,Cleese,10,True,72ad01c69167,42.67600599996513,latency-269ba620ee56.csv
2,269ba620ee56,2025-10-15T11:45:58.541382,shrek3,2,8,True,1de2274fea60,12.473969999973631,latency-269ba620ee56.csv
2,269ba620ee56,2025-10-15T11:45:58.676368,grail,from,94,True,72ad01c69167,23.06899599989265,latency-269ba620ee56.csv
2,269ba620ee56,2025-10-15T11:45:58.848641,shrek3,what,82,True,a45d25883979,14.738774000306876,latency-269ba620ee56.csv
2,269ba620ee56,2025-10-15T11:45:58.979956,grail,Bum,13,True,a45d25883979,38.79634699978851,latency-269ba620ee56.csv
2,269ba620ee56,2025-10-15T11:45:59.161088,shrek,HOOD,13,True,a45d25883979,14.982907000103296,latency-269ba620ee56.csv
2,269ba620ee56,2025-10-15T11:45:59.296981,shrek3,OGRE,39,True,72ad01c69167,19.665257999804453,latency-269ba620ee56.csv
2,269ba620ee56,2025-10-15T11:45:59.432912,grail,I,298,True,a45d25883979,14.64967499987324,latency-269ba620ee56.csv
2,269ba620ee56,2025-10-15T11:45:59.562065,shrek,SHREK,433,True,1de2274fea60,13.530359000014869,latency-269ba620ee56.csv
2,269ba620ee56,2025-10-15T11:45:59.695134,shrek,cottage,4,True,1de2274fea60,20.901241000046863,latency-269ba620ee56.csv
2,269ba620ee56,2025-10-15T11:45:59.852218,shrek3,JOCKS,2,True,72ad01c69167,20.56092000020726,latency-269ba620ee56.csv
2,269ba620ee56,2025-10-15T11:46:00.004075,shrek3,WHITE,45,True,a45d25883979,27.4670540002262,latency-269ba620ee56.csv
2,269ba620ee56,2025-10-15T11:46:00.176086,shrek,And,318,True,a45d25883979,30.86572200027149,latency-269ba620ee56.csv
2,269ba620ee56,2025-10-15T11:46:00.337343,shrek3,with,112,True,1de2274fea60,43.91547100021853,latency-269ba620ee56.csv
2,269ba620ee56,2025-10-15T11:46:00.509662,grail,"Oh,",2,True,a45d25883979,12.389801000153966,latency-269ba620ee56.csv
2,269ba620ee56,2025-10-15T11:46:00.640700,shrek,and,318,True,72ad01c69167,21.471197999744614,latency-269ba620ee56.csv
2,269ba620ee56,2025-10-15T11:46:00.818938,grail,the,1600,True,1de2274fea60,24.080601999685317,latency-269ba620ee56.csv
2,269ba620ee56,2025-10-15T11:46:00.996790,shrek,cottage,4,True,a45d25883979,28.405142999872623,latency-269ba620ee56.csv
2,269ba620ee56,2025-10-15T11:46:01.144547,shrek3,an,51,True,1de2274fea60,25.689692000014475,latency-269ba620ee56.csv
2,269ba620ee56,2025-10-15T11:46:01.304625,grail,upon,13,True,72ad01c69167,26.04078500007745,latency-269ba620ee56.csv
1,2784629b5634,2025-10-15T11:45:39.715057,shrek3,WHITE,45,True,a45d25883979,5.339564000223618,latency-2784629b5634.csv
1,2784629b5634,2025-10-15T11:45:39.826065,shrek,Aah,6,True,a45d25883979,4.733724999823608,latency-2784629b5634.csv
1,2784629b5634,2025-10-15T11:45:39.935722,shrek3,ho,8,True,a45d25883979,5.093310000120255,latency-2784629b5634.csv
1,2784629b5634,2025-10-15T11:45:40.047019,shrek3,PRINCE,207,True,72ad01c69167,7.043206000162172,latency-2784629b5634.csv
1,2784629b5634,2025-10-15T11:45:40.160097,grail,I,298,True,a45d25883979,9.870544000023074,latency-2784629b5634.csv
1,2784629b5634,2025-10-15T11:45:40.276437,shrek3,the,1285,True,a45d25883979,7.920882000234997,latency-2784629b5634.csv
1,2784629b5634,2025-10-15T11:45:40.391772,grail,I,298,True,a45d25883979,7.2371880000901,latency-2784629b5634.csv
1,2784629b5634,2025-10-15T11:45:40.510053,shrek3,me,72,True,a45d25883979,7.981479999671137,latency-2784629b5634.csv
1,2784629b5634,2025-10-15T11:45:40.628510,shrek3,flaming,2,True,a45d25883979,5.700786000033986,latency-2784629b5634.csv
1,2784629b5634,2025-10-15T11:45:40.744421,shrek3,Ahh,8,True,a45d25883979,8.936573000028147,latency-2784629b5634.csv
1,2784629b5634,2025-10-15T11:45:40.875584,grail,is,317,True,a45d25883979,4.810369999631803,latency-2784629b5634.csv
1,2784629b5634,2025-10-15T11:45:40.986963,grail,“I,0,True,a45d25883979,5.821890999868629,latency-2784629b5634.csv
1,2784629b5634,2025-10-15T11:45:41.098795,shrek,don't,72,True,a45d25883979,5.700058999991597,latency-2784629b5634.csv
1,2784629b5634,2025-10-15T11:45:41.211527,shrek3,PRINCE,207,True,a45d25883979,5.328972000370413,latency-2784629b5634.csv
1,2784629b5634,2025-10-15T11:45:41.322370,shrek3,ARTIE,213,True,a45d25883979,5.87782899992817,latency-2784629b5634.csv
1,2784629b5634,2025-10-15T11:45:41.434818,grail,grabbing,5,True,a45d25883979,5.792212999949697,latency-2784629b5634.csv
1,2784629b5634,2025-10-15T11:45:41.547530,grail,Jones,7,True,a45d25883979,6.184665000091627,latency-2784629b5634.csv
1,2784629b5634,2025-10-15T11:45:41.660775,shrek3,us,12,True,a45d25883979,8.901417999823025,latency-2784629b5634.csv
1,2784629b5634,2025-10-15T11:45:41.780129,grail,LTD,6,True,a45d25883979,5.627402999834885,latency-2784629b5634.csv
1,2784629b5634,2025-10-15T11:45:41.892487,shrek3,CHARMING,232,True,a45d25883979,8.099420000235114,latency-2784629b5634.csv
2,2784629b5634,2025-10-15T11:45:42.007359,shrek3,WHITE,45,True,a45d25883979,8.433398000306624,latency-2784629b5634.csv
2,2784629b5634,2025-10-15T11:45:42.141249,shrek,Aah,6,True,a45d25883979,13.394018999861146,latency-2784629b5634.csv
2,2784629b5634,2025-10-15T11:45:42.261657,shrek3,ho,8,True,a45d25883979,6.948116999865306,latency-2784629b5634.csv
2,2784629b5634,2025-10-15T11:45:42.375026,shrek3,PRINCE,207,True,72ad01c69167,9.142087000327592,latency-2784629b5634.csv
2,2784629b5634,2025-10-15T11:45:42.497041,grail,I,298,True,72ad01c69167,12.334185999861802,latency-2784629b5634.csv
2,2784629b5634,2025-10-15T11:45:42.620409,shrek3,the,1285,True,72ad01c69167,13.197159999890571,latency-2784629b5634.csv
2,2784629b5634,2025-10-15T11:45:42.748500,grail,I,298,True,1de2274fea60,10.514630999750809,latency-2784629b5634.csv
2,2784629b5634,2025-10-15T11:45:42.867221,shrek3,me,72,True,a45d25883979,8.966353999767307,latency-2784629b5634.csv
2,2784629b5634,2025-10-15T11:45:42.987362,shrek3,flaming,2,True,a45d25883979,9.6193949998451,latency-2784629b5634.csv
2,2784629b5634,2025-10-15T11:45:43.105084,shrek3,Ahh,8,True,1de2274fea60,11.689622000176314,latency-2784629b5634.csv
2,2784629b5634,2025-10-15T11:45:43.228639,grail,is,317,True,72ad01c69167,43.80031299979237,latency-2784629b5634.csv
2,2784629b5634,2025-10-15T11:45:43.403698,grail,“I,0,True,a45d25883979,8.336322999639378,latency-2784629b5634.csv
2,2784629b5634,2025-10-15T11:45:43.518421,shrek,don't,72,True,a45d25883979,7.695573000091826,latency-2784629b5634.csv
2,2784629b5634,2025-10-15T11:45:43.633239,shrek3,PRINCE,207,True,72ad01c69167,7.233417999941594,latency-2784629b5634.csv
2,2784629b5634,2025-10-15T11:45:43.749264,shrek3,ARTIE,213,True,72ad01c69167,7.369613000264508,latency-2784629b5634.csv
2,2784629b5634,2025-10-15T11:45:43.863602,grail,grabbing,5,True,72ad01c69167,5.187217000184319,latency-2784629b5634.csv
2,2784629b5634,2025-10-15T11:45:43.975467,grail,Jones,7,True,a45d25883979,8.501655000145547,latency-2784629b5634.csv
2,2784629b5634,2025-10-15T11:45:44.091376,shrek3,us,12,True,a45d25883979,8.903651999844442,latency-2784629b5634.csv
2,2784629b5634,2025-10-15T11:45:44.213159,grail,LTD,6,True,a45d25883979,12.52789699992718,latency-2784629b5634.csv
2,2784629b5634,2025-10-15T11:45:44.335328,shrek3,CHARMING,232,True,a45d25883979,8.893933999843284,latency-2784629b5634.csv
1,293ca81cc20a,2025-10-15T11:45:18.892552,shrek,on,88,True,a45d25883979,7.273520000126155,latency-293ca81cc20a.csv
1,293ca81cc20a,2025-10-15T11:45:19.007769,shrek,GUARD,25,True,a45d25883979,5.177660000299511,latency-293ca81cc20a.csv
1,293ca81cc20a,2025-10-15T11:45:19.120297,shrek3,RAPUNZEL,30,True,a45d25883979,5.205794000175956,latency-293ca81cc20a.csv
1,293ca81cc20a,2025-10-15T11:45:19.233807,shrek3,Uh,18,True,72ad01c69167,5.184497999835003,latency-293ca81cc20a.csv
1,293ca81cc20a,2025-10-15T11:45:19.346132,grail,since,10,True,a45d25883979,11.185511999883602,latency-293ca81cc20a.csv
1,293ca81cc20a,2025-10-15T11:45:19.464960,shrek,will,16,True,72ad01c69167,10.624331000144592,latency-293ca81cc20a.csv
1,293ca81cc20a,2025-10-15T11:45:19.583618,shrek,transport,1,True,1de2274fea60,12.114259000099992,latency-293ca81cc20a.csv
1,293ca81cc20a,2025-10-15T11:45:19.705569,shrek,token,1,True,72ad01c69167,27.16443799999979,latency-293ca81cc20a.csv
1,293ca81cc20a,2025-10-15T11:45:19.850615,shrek,I,386,True,72ad01c69167,7.799208000051294,latency-293ca81cc20a.csv
1,293ca81cc20a,2025-10-15T11:45:19.968712,shrek,transport,1,True,a45d25883979,8.856724999986909,latency-293ca81cc20a.csv
1,293ca81cc20a,2025-10-15T11:45:20.088456,shrek3,CAPTAIN,41,True,a45d25883979,9.44008800024676,latency-293ca81cc20a.csv
1,293ca81cc20a,2025-10-15T11:45:20.206630,shrek,ogre,27,True,a45d25883979,12.394849999964208,latency-293ca81cc20a.csv
1,293ca81cc20a,2025-10-15T11:45:20.336843,shrek3,flaming,2,True,a45d25883979,5.6968939998114365,latency-293ca81cc20a.csv
1,293ca81cc20a,2025-10-15T11:45:20.452790,grail,music,21,True,a45d25883979,4.4931679999535845,latency-293ca81cc20a.csv
1,293ca81cc20a,2025-10-15T11:45:20.562495,grail,are,114,True,a45d25883979,5.597064000085084,latency-293ca81cc20a.csv
1,293ca81cc20a,2025-10-15T11:45:20.673769,shrek,And,318,True,a45d25883979,5.350905999875977,latency-293ca81cc20a.csv
1,293ca81cc20a,2025-10-15T11:45:20.785134,shrek3,the,1285,True,a45d25883979,5.20735700001751,latency-293ca81cc20a.csv
1,293ca81cc20a,2025-10-15T11:45:20.895261,shrek3,SHOUTING),0,True,a45d25883979,4.864670999722875,latency-293ca81cc20a.csv
1,293ca81cc20a,2025-10-15T11:45:21.006248,shrek,GORDO,5,True,a45d25883979,10.14404299985472,latency-293ca81cc20a.csv
1,293ca81cc20a,2025-10-15T11:45:21.131935,shrek3,SHREK,678,True,72ad01c69167,5.742483000176435,latency-293ca81cc20a.csv
2,293ca81cc20a,2025-10-15T11:45:21.243051,shrek,on,88,True,72ad01c69167,6.621297000037885,latency-293ca81cc20a.csv
2,293ca81cc20a,2025-10-15T11:45:21.355673,shrek,GUARD,25,True,a45d25883979,6.787882000026002,latency-293ca81cc20a.csv
2,293ca81cc20a,2025-10-15T11:45:21.468807,shrek3,RAPUNZEL,30,True,72ad01c69167,6.994492000103492,latency-293ca81cc20a.csv
2,293ca81cc20a,2025-10-15T11:45:21.582627,shrek3,Uh,18,True,72ad01c69167,8.04116300014357,latency-293ca81cc20a.csv
2,293ca81cc20a,2025-10-15T11:45:21.697354,grail,since,10,True,a45d25883979,9.30633799998759,latency-293ca81cc20a.csv
2,293ca81cc20a,2025-10-15T11:45:21.812843,shrek,will,16,True,a45d25883979,6.099712999912299,latency-293ca81cc20a.csv
2,293ca81cc20a,2025-10-15T11:45:21.926393,shrek,transport,1,True,a45d25883979,6.169168000269565,latency-293ca81cc20a.csv
2,293ca81cc20a,2025-10-15T11:45:22.038179,shrek,token,1,True,a45d25883979,7.64219199982108,latency-293ca81cc20a.csv
2,293ca81cc20a,2025-10-15T11:45:22.152455,shrek,I,386,True,a45d25883979,6.551361000219913,latency-293ca81cc20a.csv
2,293ca81cc20a,2025-10-15T11:45:22.265278,shrek,transport,1,True,a45d25883979,7.772220000333618,latency-293ca81cc20a.csv
2,293ca81cc20a,2025-10-15T11:45:22.380300,shrek3,CAPTAIN,41,True,a45d25883979,16.43379500001174,latency-293ca81cc20a.csv
2,293ca81cc20a,2025-10-15T11:45:22.509943,shrek,ogre,27,True,a45d25883979,4.702225000073668,latency-293ca81cc20a.csv
2,293ca81cc20a,2025-10-15T11:45:22.619765,shrek3,flaming,2,True,a45d25883979,4.757638000228326,latency-293ca81cc20a.csv
2,293ca81cc20a,2025-10-15T11:45:22.729424,grail,music,21,True,a45d25883979,5.578900000273279,latency-293ca81cc20a.csv
2,293ca81cc20a,2025-10-15T11:45:22.839973,grail,are,114,True,a45d25883979,5.39672500008237,latency-293ca81cc20a.csv
2,293ca81cc20a,2025-10-15T11:45:22.950689,shrek,And,318,True,a45d25883979,5.2911239999957616,latency-293ca81cc20a.csv
2,293ca81cc20a,2025-10-15T11:45:23.062039,shrek3,the,1285,True,a45d25883979,6.003459999647021,latency-293ca81cc20a.csv
2,293ca81cc20a,2025-10-15T11:45:23.173855,shrek3,SHOUTING),0,True,a45d25883979,5.156337999778771,latency-293ca81cc20a.csv
2,293ca81cc20a,2025-10-15T11:45:23.284302,shrek,GORDO,5,True,a45d25883979,6.407219999800873,latency-293ca81cc20a.csv
2,293ca81cc20a,2025-10-15T11:45:23.396636,shrek3,SHREK,678,True,a45d25883979,6.142455999906815,latency-293ca81cc20a.csv
1,29b80f72332b,2025-10-15T11:45:01.984009,grail,thus,5,True,a45d25883979,7.941674999983661,latency-29b80f72332b.csv
1,29b80f72332b,2025-10-15T11:45:02.099008,shrek3,CHARMING,232,True,72ad01c69167,6.707711000217387,latency-29b80f72332b.csv
1,29b80f72332b,2025-10-15T11:45:02.211084,shrek,Is,132,True,1de2274fea60,7.650032000128704,latency-29b80f72332b.csv
1,29b80f72332b,2025-10-15T11:45:02.326247,shrek,a,305,False,1de2274fea60,11.66384799989828,latency-29b80f72332b.csv
1,29b80f72332b,2025-10-15T11:45:02.443336,grail,To,718,True,a45d25883979,4.652814000110084,latency-29b80f72332b.csv
1,29b80f72332b,2025-10-15T11:45:02.553480,grail,Gallahad,44,True,72ad01c69167,8.954551999977411,latency-29b80f72332b.csv
1,29b80f72332b,2025-10-15T11:45:02.669251,shrek,DONKEY,320,True,a45d25883979,5.226071999913984,latency-29b80f72332b.csv
1,29b80f72332b,2025-10-15T11:45:02.779223,grail,toward,10,True,a45d25883979,5.058170000211248,latency-29b80f72332b.csv
1,29b80f72332b,2025-10-15T11:45:02.889217,shrek,fair,2,False,a45d25883979,10.928609000075085,latency-29b80f72332b.csv
1,29b80f72332b,2025-10-15T11:45:03.008764,shrek,ogre,27,False,a45d25883979,16.326335000030667,latency-29b80f72332b.csv
1,29b80f72332b,2025-10-15T11:45:03.131615,shrek,true,20,True,72ad01c69167,7.012798999767256,latency-29b80f72332b.csv
1,29b80f72332b,2025-10-15T11:45:03.245151,shrek3,through,43,True,72ad01c69167,4.641997000362608,latency-29b80f72332b.csv
1,29b80f72332b,2025-10-15T11:45:03.355099,shrek3,RAPUNZEL,30,True,72ad01c69167,6.402469000022393,latency-29b80f72332b.csv
1,29b80f72332b,2025-10-15T11:45:03.467252,grail,are,114,True,1de2274fea60,12.98947799978123,latency-29b80f72332b.csv
1,29b80f72332b,2025-10-15T11:45:03.590468,shrek3,WOLF,7,True,72ad01c69167,6.241069000225252,latency-29b80f72332b.csv
1,29b80f72332b,2025-10-15T11:45:03.702227,shrek3,and,576,True,a45d25883979,7.182284000009531,latency-29b80f72332b.csv
1,29b80f72332b,2025-10-15T11:45:03.814957,shrek3,Arg,1,True,a45d25883979,8.986666000055266,latency-29b80f72332b.csv
1,29b80f72332b,2025-10-15T11:45:03.932623,shrek3,boomerang,1,True,a45d25883979,10.847040000044217,latency-29b80f72332b.csv
1,29b80f72332b,2025-10-15T11:45:04.051729,shrek3,of,275,True,72ad01c69167,7.011144999978569,latency-29b80f72332b.csv
1,29b80f72332b,2025-10-15T11:45:04.168474,grail,Gallahad,44,True,72ad01c69167,7.271219999893219,latency-29b80f72332b.csv
2,29b80f72332b,2025-10-15T11:45:04.283831,grail,thus,5,True,72ad01c69167,8.624191000308201,latency-29b80f72332b.csv
2,29b80f72332b,2025-10-15T11:45:04.402003,shrek3,CHARMING,232,True,72ad01c69167,17.019226000229537,latency-29b80f72332b.csv
2,29b80f72332b,2025-10-15T11:45:04.557329,shrek,Is,132,True,1de2274fea60,6.061475000024075,latency-29b80f72332b.csv
2,29b80f72332b,2025-10-15T11:45:04.672013,shrek,a,305,True,72ad01c69167,6.654999000147654,latency-29b80f72332b.csv
2,29b80f72332b,2025-10-15T11:45:04.785211,grail,To,718,True,a45d25883979,15.742177999982232,latency-29b80f72332b.csv
2,29b80f72332b,2025-10-15T11:45:04.914395,grail,Gallahad,44,True,72ad01c69167,18.974626999806787,latency-29b80f72332b.csv
2,29b80f72332b,2025-10-15T11:45:05.042474,shrek,DONKEY,320,True,72ad01c69167,7.297567000023264,latency-29b80f72332b.csv
2,29b80f72332b,2025-10-15T11:45:05.157446,grail,toward,10,True,72ad01c69167,7.936540000173409,latency-29b80f72332b.csv
2,29b80f72332b,2025-10-15T11:45:05.272671,shrek,fair,2,True,72ad01c69167,6.653591000031156,latency-29b80f72332b.csv
2,29b80f72332b,2025-10-15T11:45:05.387407,shrek,ogre,27,True,72ad01c69167,9.162816999833012,latency-29b80f72332b.csv
2,29b80f72332b,2025-10-15T11:45:05.505848,shrek,true,20,True,72ad01c69167,5.9179210002184846,latency-29b80f72332b.csv
2,29b80f72332b,2025-10-15T11:45:05.623048,shrek3,through,43,True,72ad01c69167,6.359829000302852,latency-29b80f72332b.csv
2,29b80f72332b,2025-10-15T11:45:05.734723,shrek3,RAPUNZEL,30,True,72ad01c69167,4.926023000280111,latency-29b80f72332b.csv
2,29b80f72332b,2025-10-15T11:45:05.844553,grail,are,114,True,72ad01c69167,6.252876999951695,latency-29b80f72332b.csv
2,29b80f72332b,2025-10-15T11:45:05.958547,shrek3,WOLF,7,True,a45d25883979,7.972108000103617,latency-29b80f72332b.csv
2,29b80f72332b,2025-10-15T11:45:06.074526,shrek3,and,576,True,a45d25883979,6.323048000012932,latency-29b80f72332b.csv
2,29b80f72332b,2025-10-15T11:45:06.186529,shrek3,Arg,1,True,a45d25883979,6.248564000088663,latency-29b80f72332b.csv
2,29b80f72332b,2025-10-15T11:45:06.301596,shrek3,boomerang,1,True,a45d25883979,7.676834999983839,latency-29b80f72332b.csv
2,29b80f72332b,2025-10-15T11:45:06.417161,shrek3,of,275,True,a45d25883979,5.523881000044639,latency-29b80f72332b.csv
2,29b80f72332b,2025-10-15T11:45:06.528771,grail,Gallahad,44,True,a45d25883979,6.152317999749357,latency-29b80f72332b.csv
1,29b8360d020e,2025-10-15T11:45:51.692582,shrek,gone,3,True,72ad01c69167,10.538883000208443,latency-29b8360d020e.csv
1,29b8360d020e,2025-10-15T11:45:51.812766,shrek3,bed,10,True,72ad01c69167,6.46628000004057,latency-29b8360d020e.csv
1,29b8360d020e,2025-10-15T11:45:51.928842,shrek3,EVIL,59,True,72ad01c69167,9.14054299983036,latency-29b8360d020e.csv
1,29b8360d020e,2025-10-15T11:45:52.053058,shrek3,did,14,True,a45d25883979,8.772930999839446,latency-29b8360d020e.csv
1,29b8360d020e,2025-10-15T11:45:52.182849,shrek3,"Bay""",0,True,72ad01c69167,11.182409999946683,latency-29b8360d020e.csv
1,29b8360d020e,2025-10-15T11:45:52.305520,grail,sell,1,True,72ad01c69167,5.296296999858896,latency-29b8360d020e.csv
1,29b8360d020e,2025-10-15T11:45:52.418012,shrek3,true,1,True,a45d25883979,10.127278000254591,latency-29b8360d020e.csv
1,29b8360d020e,2025-10-15T11:45:52.540545,shrek3,OGRE,39,True,72ad01c69167,13.353239000025496,latency-29b8360d020e.csv
1,29b8360d020e,2025-10-15T11:45:52.662797,shrek,SHREK,433,True,72ad01c69167,9.35423400005675,latency-29b8360d020e.csv
1,29b8360d020e,2025-10-15T11:45:52.792011,shrek,happily,2,True,72ad01c69167,10.260888000175328,latency-29b8360d020e.csv
1,29b8360d020e,2025-10-15T11:45:52.911306,grail,right,66,True,72ad01c69167,8.770975000061298,latency-29b8360d020e.csv
1,29b8360d020e,2025-10-15T11:45:53.028860,grail,pathetic,4,True,a45d25883979,13.60118100001273,latency-29b8360d020e.csv
1,29b8360d020e,2025-10-15T11:45:53.162365,shrek3,JOCKS,2,True,72ad01c69167,8.70524599986311,latency-29b8360d020e.csv
1,29b8360d020e,2025-10-15T11:45:53.284158,shrek3,showing,1,True,72ad01c69167,27.39743299980546,latency-29b8360d020e.csv
1,29b8360d020e,2025-10-15T11:45:53.436001,grail,the,1600,True,72ad01c69167,40.362334999827,latency-29b8360d020e.csv
1,29b8360d020e,2025-10-15T11:45:53.611992,shrek3,and,576,True,72ad01c69167,13.065508999716258,latency-29b8360d020e.csv
1,29b8360d020e,2025-10-15T11:45:53.738755,grail,witch,30,True,1de2274fea60,23.473748000014893,latency-29b8360d020e.csv
1,29b8360d020e,2025-10-15T11:45:53.880535,grail,upon,13,True,a45d25883979,15.178860000105487,latency-29b8360d020e.csv
1,29b8360d020e,2025-10-15T11:45:54.030189,shrek3,Guards,23,True,72ad01c69167,33.1118880003487,latency-29b8360d020e.csv
1,29b8360d020e,2025-10-15T11:45:54.221142,shrek3,WHITE,45,True,1de2274fea60,14.1310720000547,latency-29b8360d020e.csv
2,29b8360d020e,2025-10-15T11:45:54.358623,shrek,gone,3,True,72ad01c69167,28.364353000142728,latency-29b8360d020e.csv
2,29b8360d020e,2025-10-15T11:45:54.519455,shrek3,bed,10,True,72ad01c69167,75.65002699993784,latency-29b8360d020e.csv
2,29b8360d020e,2025-10-15T11:45:54.754852,shrek3,EVIL,59,True,72ad01c69167,24.18488100011018,latency-29b8360d020e.csv
2,29b8360d020e,2025-10-15T11:45:54.922415,shrek3,did,14,True,1de2274fea60,27.083254999979545,latency-29b8360d020e.csv
2,29b8360d020e,2025-10-15T11:45:55.100270,shrek3,"Bay""",0,True,1de2274fea60,25.82658499977697,latency-29b8360d020e.csv
2,29b8360d020e,2025-10-15T11:45:55.260571,grail,sell,1,True,a45d25883979,13.634415000069566,latency-29b8360d020e.csv
2,29b8360d020e,2025-10-15T11:45:55.395085,shrek3,true,1,True,a45d25883979,9.572107999701984,latency-29b8360d020e.csv
2,29b8360d020e,2025-10-15T11:45:55.516209,shrek3,OGRE,39,True,a45d25883979,5.602429000191478,latency-29b8360d020e.csv
2,29b8360d020e,2025-10-15T11:45:55.628535,shrek,SHREK,433,True,a45d25883979,8.494526000049518,latency-29b8360d020e.csv
2,29b8360d020e,2025-10-15T11:45:55.745691,shrek,happily,2,True,a45d25883979,6.557272000009107,latency-29b8360d020e.csv
2,29b8360d020e,2025-10-15T11:45:55.858580,grail,right,66,True,a45d25883979,9.762893999777589,latency-29b8360d020e.csv
2,29b8360d020e,2025-10-15T11:45:55.976429,grail,pathetic,4,True,1de2274fea60,22.00556099978712,latency-29b8360d020e.csv
2,29b8360d020e,2025-10-15T11:45:56.118700,shrek3,JOCKS,2,True,a45d25883979,12.392780000027416,latency-29b8360d020e.csv
2,29b8360d020e,2025-10-15T11:45:56.254634,shrek3,showing,1,True,1de2274fea60,15.509328999996796,latency-29b8360d020e.csv
2,29b8360d020e,2025-10-15T11:45:56.381426,grail,the,1600,True,72ad01c69167,13.08102900020458,latency-29b8360d020e.csv
2,29b8360d020e,2025-10-15T11:45:56.506495,shrek3,and,576,True,a45d25883979,20.90585199994166,latency-29b8360d020e.csv
2,29b8360d020e,2025-10-15T11:45:56.660902,grail,witch,30,True,a45d25883979,43.325970000296365,latency-29b8360d020e.csv
2,29b8360d020e,2025-10-15T11:45:56.837054,grail,upon,13,True,a45d25883979,11.532672000157618,latency-29b8360d020e.csv
2,29b8360d020e,2025-10-15T11:45:56.961452,shrek3,Guards,23,True,a45d25883979,9.38294399975348,latency-29b8360d020e.csv
2,29b8360d020e,2025-10-15T11:45:57.079176,shrek3,WHITE,45,True,a45d25883979,14.342935000058787,latency-29b8360d020e.csv
1,2b83fc9f85c8,2025-10-15T11:45:15.586797,shrek,tell,25,True,a45d25883979,5.002171999876737,latency-2b83fc9f85c8.csv
1,2b83fc9f85c8,2025-10-15T11:45:15.697341,shrek,looks,37,True,a45d25883979,5.100917000163463,latency-2b83fc9f85c8.csv
1,2b83fc9f85c8,2025-10-15T11:45:15.809889,grail,are,114,True,a45d25883979,5.540669000311027,latency-2b83fc9f85c8.csv
1,2b83fc9f85c8,2025-10-15T11:45:15.923196,grail,are,114,True,a45d25883979,4.9337280001964245,latency-2b83fc9f85c8.csv
1,2b83fc9f85c8,2025-10-15T11:45:16.036292,grail,going,21,True,a45d25883979,8.882963000360178,latency-2b83fc9f85c8.csv
1,2b83fc9f85c8,2025-10-15T11:45:16.156156,shrek,tell,25,True,a45d25883979,6.056186000023445,latency-2b83fc9f85c8.csv
1,2b83fc9f85c8,2025-10-15T11:45:16.273759,shrek,afraid,8,True,a45d25883979,4.9543240002094535,latency-2b83fc9f85c8.csv
1,2b83fc9f85c8,2025-10-15T11:45:16.385600,shrek3,the,1285,True,72ad01c69167,6.176059000154055,latency-2b83fc9f85c8.csv
1,2b83fc9f85c8,2025-10-15T11:45:16.499007,grail,GALAHAD,87,False,a45d25883979,8.942819000367308,latency-2b83fc9f85c8.csv
1,2b83fc9f85c8,2025-10-15T11:45:16.613158,shrek3,DONKEY,243,True,a45d25883979,5.888509000214981,latency-2b83fc9f85c8.csv
1,2b83fc9f85c8,2025-10-15T11:45:16.726685,shrek3,the,1285,True,a45d25883979,4.651615000057063,latency-2b83fc9f85c8.csv
1,2b83fc9f85c8,2025-10-15T11:45:16.839254,shrek3,us,12,True,a45d25883979,5.658076000145229,latency-2b83fc9f85c8.csv
1,2b83fc9f85c8,2025-10-15T11:45:16.951562,shrek,ogre,27,True,a45d25883979,5.595620999883977,latency-2b83fc9f85c8.csv
1,2b83fc9f85c8,2025-10-15T11:45:17.064765,grail,Ecky-Ecky-Ecky,1,True,a45d25883979,5.152449999968667,latency-2b83fc9f85c8.csv
1,2b83fc9f85c8,2025-10-15T11:45:17.176087,shrek,one,44,True,a45d25883979,5.042044000219903,latency-2b83fc9f85c8.csv
1,2b83fc9f85c8,2025-10-15T11:45:17.286574,shrek,MAN,38,True,a45d25883979,6.803889999901003,latency-2b83fc9f85c8.csv
1,2b83fc9f85c8,2025-10-15T11:45:17.400376,grail,Gallahad,44,True,a45d25883979,6.744803999936266,latency-2b83fc9f85c8.csv
1,2b83fc9f85c8,2025-10-15T11:45:17.514544,shrek3,ARTIE,213,True,a45d25883979,6.20237500015719,latency-2b83fc9f85c8.csv
1,2b83fc9f85c8,2025-10-15T11:45:17.628563,grail,the,1600,True,1de2274fea60,17.969202999665868,latency-2b83fc9f85c8.csv
1,2b83fc9f85c8,2025-10-15T11:45:17.754002,shrek3,us,12,True,a45d25883979,7.941677999951935,latency-2b83fc9f85c8.csv
2,2b83fc9f85c8,2025-10-15T11:45:17.868728,shrek,tell,25,True,a45d25883979,7.3342119999324495,latency-2b83fc9f85c8.csv
2,2b83fc9f85c8,2025-10-15T11:45:17.982879,shrek,looks,37,True,1de2274fea60,13.066427000012482,latency-2b83fc9f85c8.csv
2,2b83fc9f85c8,2025-10-15T11:45:18.104627,grail,are,114,True,1de2274fea60,7.907814000191138,latency-2b83fc9f85c8.csv
2,2b83fc9f85c8,2025-10-15T11:45:18.219922,grail,are,114,True,72ad01c69167,7.062634999783768,latency-2b83fc9f85c8.csv
2,2b83fc9f85c8,2025-10-15T11:45:18.333379,grail,going,21,True,1de2274fea60,16.53218100000231,latency-2b83fc9f85c8.csv
2,2b83fc9f85c8,2025-10-15T11:45:18.466828,shrek,tell,25,True,72ad01c69167,17.47334600031536,latency-2b83fc9f85c8.csv
2,2b83fc9f85c8,2025-10-15T11:45:18.593863,shrek,afraid,8,True,a45d25883979,11.90233299985266,latency-2b83fc9f85c8.csv
2,2b83fc9f85c8,2025-10-15T11:45:18.717689,shrek3,the,1285,True,1de2274fea60,21.27929900007075,latency-2b83fc9f85c8.csv
2,2b83fc9f85c8,2025-10-15T11:45:18.854540,grail,GALAHAD,87,True,72ad01c69167,7.784534000165877,latency-2b83fc9f85c8.csv
2,2b83fc9f85c8,2025-10-15T11:45:18.971284,shrek3,DONKEY,243,True,1de2274fea60,8.257017000232736,latency-2b83fc9f85c8.csv
2,2b83fc9f85c8,2025-10-15T11:45:19.090380,shrek3,the,1285,True,1de2274fea60,8.861673999945197,latency-2b83fc9f85c8.csv
2,2b83fc9f85c8,2025-10-15T11:45:19.209438,shrek3,us,12,True,72ad01c69167,9.393233000082546,latency-2b83fc9f85c8.csv
2,2b83fc9f85c8,2025-10-15T11:45:19.326568,shrek,ogre,27,True,72ad01c69167,10.429347999888703,latency-2b83fc9f85c8.csv
2,2b83fc9f85c8,2025-10-15T11:45:19.451679,grail,Ecky-Ecky-Ecky,1,True,a45d25883979,10.58799199972782,latency-2b83fc9f85c8.csv
2,2b83fc9f85c8,2025-10-15T11:45:19.572306,shrek,one,44,True,a45d25883979,8.414920000177517,latency-2b83fc9f85c8.csv
2,2b83fc9f85c8,2025-10-15T11:45:19.692173,shrek,MAN,38,True,1de2274fea60,33.76593700022568,latency-2b83fc9f85c8.csv
2,2b83fc9f85c8,2025-10-15T11:45:19.845375,grail,Gallahad,44,True,a45d25883979,9.298053000293294,latency-2b83fc9f85c8.csv
2,2b83fc9f85c8,2025-10-15T11:45:19.963339,shrek3,ARTIE,213,True,72ad01c69167,5.420431999937136,latency-2b83fc9f85c8.csv
2,2b83fc9f85c8,2025-10-15T11:45:20.077691,grail,the,1600,True,72ad01c69167,7.369260999894323,latency-2b83fc9f85c8.csv
2,2b83fc9f85c8,2025-10-15T11:45:20.194770,shrek3,us,12,True,72ad01c69167,10.530840000228636,latency-2b83fc9f85c8.csv
1,2d690c66bc69,2025-10-15T11:46:01.911957,shrek3,WHITE,45,True,a45d25883979,23.124341999846365,latency-2d690c66bc69.csv
1,2d690c66bc69,2025-10-15T11:46:02.080825,shrek3,ruby,1,True,1de2274fea60,29.14143199996033,latency-2d690c66bc69.csv
1,2d690c66bc69,2025-10-15T11:46:02.286511,shrek,SHREK,433,True,1de2274fea60,58.43374100004439,latency-2d690c66bc69.csv
1,2d690c66bc69,2025-10-15T11:46:02.500111,grail,Who’s,3,True,72ad01c69167,15.15286899984858,latency-2d690c66bc69.csv
1,2d690c66bc69,2025-10-15T11:46:02.643473,grail,I,298,True,a45d25883979,24.31412200030536,latency-2d690c66bc69.csv
1,2d690c66bc69,2025-10-15T11:46:02.806379,grail,the,1600,True,1de2274fea60,23.38490100009949,latency-2d690c66bc69.csv
1,2d690c66bc69,2025-10-15T11:46:02.955612,shrek,to,268,True,72ad01c69167,32.52154700021492,latency-2d690c66bc69.csv
1,2d690c66bc69,2025-10-15T11:46:03.149081,shrek,you,409,True,a45d25883979,49.01753600006487,latency-2d690c66bc69.csv
1,2d690c66bc69,2025-10-15T11:46:03.314979,shrek,DONKEY,320,True,a45d25883979,17.106478000187053,latency-2d690c66bc69.csv
1,2d690c66bc69,2025-10-15T11:46:03.469798,grail,elected,2,True,72ad01c69167,11.34620199991332,latency-2d690c66bc69.csv
1,2d690c66bc69,2025-10-15T11:46:03.591042,shrek3,you,328,True,1de2274fea60,27.585959000134608,latency-2d690c66bc69.csv
1,2d690c66bc69,2025-10-15T11:46:03.739700,grail,on,139,True,72ad01c69167,20.95943499989517,latency-2d690c66bc69.csv
1,2d690c66bc69,2025-10-15T11:46:03.881876,shrek,and,318,True,1de2274fea60,26.634088999799133,latency-2d690c66bc69.csv
1,2d690c66bc69,2025-10-15T11:46:04.030820,shrek3,cosmic,1,True,72ad01c69167,12.794569000107003,latency-2d690c66bc69.csv
1,2d690c66bc69,2025-10-15T11:46:04.167063,shrek,FIONA,211,True,72ad01c69167,13.03661900010411,latency-2d690c66bc69.csv
1,2d690c66bc69,2025-10-15T11:46:04.300412,grail,54,2,True,1de2274fea60,18.10275000025285,latency-2d690c66bc69.csv
1,2d690c66bc69,2025-10-15T11:46:04.436027,shrek,Blah,1,True,1de2274fea60,23.782904999734452,latency-2d690c66bc69.csv
1,2d690c66bc69,2025-10-15T11:46:04.579788,shrek3,of,275,True,1de2274fea60,13.150349999705211,latency-2d690c66bc69.csv
1,2d690c66bc69,2025-10-15T11:46:04.705202,shrek3,"Bay""",0,True,1de2274fea60,13.470202999997127,latency-2d690c66bc69.csv
1,2d690c66bc69,2025-10-15T11:46:04.839531,grail,Bum,13,True,1de2274fea60,13.456305000090651,latency-2d690c66bc69.csv
2,2d690c66bc69,2025-10-15T11:46:04.963089,shrek3,WHITE,45,True,72ad01c69167,23.437072999968223,latency-2d690c66bc69.csv
2,2d690c66bc69,2025-10-15T11:46:05.098451,shrek3,ruby,1,True,a45d25883979,9.139611000136938,latency-2d690c66bc69.csv
2,2d690c66bc69,2025-10-15T11:46:05.217910,shrek,SHREK,433,True,72ad01c69167,8.918551000078878,latency-2d690c66bc69.csv
2,2d690c66bc69,2025-10-15T11:46:05.344708,grail,Who’s,3,True,72ad01c69167,28.42079199990621,latency-2d690c66bc69.csv
2,2d690c66bc69,2025-10-15T11:46:05.516583,grail,I,298,True,a45d25883979,8.626625000033528,latency-2d690c66bc69.csv
2,2d690c66bc69,2025-10-15T11:46:05.634219,grail,the,1600,True,a45d25883979,7.3096880000775855,latency-2d690c66bc69.csv
2,2d690c66bc69,2025-10-15T11:46:05.753376,shrek,to,268,True,72ad01c69167,9.315059000073234,latency-2d690c66bc69.csv
2,2d690c66bc69,2025-10-15T11:46:05.878896,shrek,you,409,True,72ad01c69167,6.635217000166449,latency-2d690c66bc69.csv
2,2d690c66bc69,2025-10-15T11:46:05.992475,shrek,DONKEY,320,True,72ad01c69167,14.156840999930864,latency-2d690c66bc69.csv
2,2d690c66bc69,2025-10-15T11:46:06.116756,grail,elected,2,True,72ad01c69167,5.933258999903046,latency-2d690c66bc69.csv
2,2d690c66bc69,2025-10-15T11:46:06.232103,shrek3,you,328,True,72ad01c69167,7.529125000019121,latency-2d690c66bc69.csv
2,2d690c66bc69,2025-10-15T11:46:06.351583,grail,on,139,True,72ad01c69167,11.609407999912946,latency-2d690c66bc69.csv
2,2d690c66bc69,2025-10-15T11:46:06.473068,shrek,and,318,True,72ad01c69167,6.841646999873774,latency-2d690c66bc69.csv
2,2d690c66bc69,2025-10-15T11:46:06.585820,shrek3,cosmic,1,True,a45d25883979,8.251832000041759,latency-2d690c66bc69.csv
2,2d690c66bc69,2025-10-15T11:46:06.705155,shrek,FIONA,211,True,a45d25883979,5.346937000012986,latency-2d690c66bc69.csv
2,2d690c66bc69,2025-10-15T11:46:06.817050,grail,54,2,True,a45d25883979,9.974485999919125,latency-2d690c66bc69.csv
2,2d690c66bc69,2025-10-15T11:46:06.936516,shrek,Blah,1,True,a45d25883979,8.634546999928716,latency-2d690c66bc69.csv
2,2d690c66bc69,2025-10-15T11:46:07.053052,shrek3,of,275,True,a45d25883979,7.0431659996756935,latency-2d690c66bc69.csv
2,2d690c66bc69,2025-10-15T11:46:07.166843,shrek3,"Bay""",0,True,a45d25883979,11.01161399992634,latency-2d690c66bc69.csv
2,2d690c66bc69,2025-10-15T11:46:07.284837,grail,Bum,13,True,a45d25883979,10.689212000215775,latency-2d690c66bc69.csv
1,2e9aa23428e9,2025-10-15T11:45:19.231395,shrek3,They,80,True,a45d25883979,6.071170999803144,latency-2e9aa23428e9.csv
1,2e9aa23428e9,2025-10-15T11:45:19.343721,shrek3,SHREK,678,True,a45d25883979,13.0381000003581,latency-2e9aa23428e9.csv
1,2e9aa23428e9,2025-10-15T11:45:19.464264,shrek3,of,275,True,72ad01c69167,10.51047999999355,latency-2e9aa23428e9.csv
1,2e9aa23428e9,2025-10-15T11:45:19.583278,grail,the,1600,True,1de2274fea60,12.08801799975845,latency-2e9aa23428e9.csv
1,2e9aa23428e9,2025-10-15T11:45:19.706287,grail,"Peng,",0,True,72ad01c69167,26.502421000259343,latency-2e9aa23428e9.csv
1,2e9aa23428e9,2025-10-15T11:45:19.849787,shrek3,CHARMING,232,True,72ad01c69167,8.478923999973631,latency-2e9aa23428e9.csv
1,2e9aa23428e9,2025-10-15T11:45:19.968577,grail,upon,13,True,a45d25883979,9.160374000202864,latency-2e9aa23428e9.csv
1,2e9aa23428e9,2025-10-15T11:45:20.088721,shrek,What,104,True,a45d25883979,9.61694699981308,latency-2e9aa23428e9.csv
1,2e9aa23428e9,2025-10-15T11:45:20.206622,shrek3,them,44,True,a45d25883979,21.41880899989701,latency-2e9aa23428e9.csv
1,2e9aa23428e9,2025-10-15T11:45:20.342194,shrek,transport,1,True,72ad01c69167,8.568304000164062,latency-2e9aa23428e9.csv
1,2e9aa23428e9,2025-10-15T11:45:20.460859,shrek3,RAPUNZEL,30,True,72ad01c69167,6.803149999996094,latency-2e9aa23428e9.csv
1,2e9aa23428e9,2025-10-15T11:45:20.574555,shrek,tell,25,True,a45d25883979,11.298979000002872,latency-2e9aa23428e9.csv
1,2e9aa23428e9,2025-10-15T11:45:20.694864,shrek3,Uh,18,True,a45d25883979,5.813611000121455,latency-2e9aa23428e9.csv
1,2e9aa23428e9,2025-10-15T11:45:20.807863,shrek3,WHITE,45,True,a45d25883979,5.245712000032654,latency-2e9aa23428e9.csv
1,2e9aa23428e9,2025-10-15T11:45:20.918775,shrek3,Be,71,True,a45d25883979,4.697465999925043,latency-2e9aa23428e9.csv
1,2e9aa23428e9,2025-10-15T11:45:21.029632,shrek3,-,110,True,a45d25883979,10.238811999897734,latency-2e9aa23428e9.csv
1,2e9aa23428e9,2025-10-15T11:45:21.157546,shrek,I,386,True,a45d25883979,5.429086999811261,latency-2e9aa23428e9.csv
1,2e9aa23428e9,2025-10-15T11:45:21.268153,shrek,DONKEY,320,True,a45d25883979,5.1247060000605416,latency-2e9aa23428e9.csv
1,2e9aa23428e9,2025-10-15T11:45:21.378230,grail,cross,13,True,a45d25883979,7.1316689995910565,latency-2e9aa23428e9.csv
1,2e9aa23428e9,2025-10-15T11:45:21.490988,grail,witch,30,True,a45d25883979,6.11007299994526,latency-2e9aa23428e9.csv
2,2e9aa23428e9,2025-10-15T11:45:21.603482,shrek3,They,80,True,a45d25883979,8.17903600000136,latency-2e9aa23428e9.csv
2,2e9aa23428e9,2025-10-15T11:45:21.720053,shrek3,SHREK,678,True,a45d25883979,7.8848339999240125,latency-2e9aa23428e9.csv
2,2e9aa23428e9,2025-10-15T11:45:21.835025,shrek3,of,275,True,a45d25883979,10.948010999982216,latency-2e9aa23428e9.csv
2,2e9aa23428e9,2025-10-15T11:45:21.953752,grail,the,1600,True,72ad01c69167,4.968282999925577,latency-2e9aa23428e9.csv
2,2e9aa23428e9,2025-10-15T11:45:22.065471,grail,"Peng,",0,True,a45d25883979,10.741685000084544,latency-2e9aa23428e9.csv
2,2e9aa23428e9,2025-10-15T11:45:22.186482,shrek3,CHARMING,232,True,72ad01c69167,5.036775000007765,latency-2e9aa23428e9.csv
2,2e9aa23428e9,2025-10-15T11:45:22.297752,grail,upon,13,True,72ad01c69167,7.0953290000943525,latency-2e9aa23428e9.csv
2,2e9aa23428e9,2025-10-15T11:45:22.412996,shrek,What,104,True,72ad01c69167,13.806079999994836,latency-2e9aa23428e9.csv
2,2e9aa23428e9,2025-10-15T11:45:22.535982,shrek3,them,44,True,a45d25883979,7.350385999870923,latency-2e9aa23428e9.csv
2,2e9aa23428e9,2025-10-15T11:45:22.649551,shrek,transport,1,True,a45d25883979,6.841676000021835,latency-2e9aa23428e9.csv
2,2e9aa23428e9,2025-10-15T11:45:22.763751,shrek3,RAPUNZEL,30,True,a45d25883979,5.379933000313031,latency-2e9aa23428e9.csv
2,2e9aa23428e9,2025-10-15T11:45:22.874990,shrek,tell,25,True,a45d25883979,6.919381999978214,latency-2e9aa23428e9.csv
2,2e9aa23428e9,2025-10-15T11:45:22.989269,shrek3,Uh,18,True,a45d25883979,8.602208999946015,latency-2e9aa23428e9.csv
2,2e9aa23428e9,2025-10-15T11:45:23.106584,shrek3,WHITE,45,True,a45d25883979,11.792052999680893,latency-2e9aa23428e9.csv
2,2e9aa23428e9,2025-10-15T11:45:23.227130,shrek3,Be,71,True,a45d25883979,9.89387599975089,latency-2e9aa23428e9.csv
2,2e9aa23428e9,2025-10-15T11:45:23.346370,shrek3,-,110,True,a45d25883979,11.29030700030853,latency-2e9aa23428e9.csv
2,2e9aa23428e9,2025-10-15T11:45:23.465275,shrek,I,386,True,a45d25883979,18.364915000347537,latency-2e9aa23428e9.csv
2,2e9aa23428e9,2025-10-15T11:45:23.600438,shrek,DONKEY,320,True,a45d25883979,7.120877000033943,latency-2e9aa23428e9.csv
2,2e9aa23428e9,2025-10-15T11:45:23.715730,grail,cross,13,True,a45d25883979,6.240611000066565,latency-2e9aa23428e9.csv
2,2e9aa23428e9,2025-10-15T11:45:23.830956,grail,witch,30,True,a45d25883979,4.498544000398397,latency-2e9aa23428e9.csv
1,2f94eea21aff,2025-10-15T11:45:51.269872,shrek,whistles,2,True,1de2274fea60,8.818040999813093,latency-2f94eea21aff.csv
1,2f94eea21aff,2025-10-15T11:45:51.390674,shrek,field,4,True,a45d25883979,12.318666000282974,latency-2f94eea21aff.csv
1,2f94eea21aff,2025-10-15T11:45:51.510383,shrek3,of,275,True,72ad01c69167,12.270342000192612,latency-2f94eea21aff.csv
1,2f94eea21aff,2025-10-15T11:45:51.637662,shrek,DONKEY,320,True,72ad01c69167,9.175986999707677,latency-2f94eea21aff.csv
1,2f94eea21aff,2025-10-15T11:45:51.754112,shrek,cottage,4,True,72ad01c69167,6.647262000115006,latency-2f94eea21aff.csv
1,2f94eea21aff,2025-10-15T11:45:51.866825,shrek3,WHITE,45,True,1de2274fea60,12.284239000109665,latency-2f94eea21aff.csv
1,2f94eea21aff,2025-10-15T11:45:51.988706,grail,LTD,6,True,72ad01c69167,21.144576000097004,latency-2f94eea21aff.csv
1,2f94eea21aff,2025-10-15T11:45:52.148566,shrek,lay,2,True,a45d25883979,13.31334099995729,latency-2f94eea21aff.csv
1,2f94eea21aff,2025-10-15T11:45:52.270122,grail,going,21,True,1de2274fea60,8.634673999949882,latency-2f94eea21aff.csv
1,2f94eea21aff,2025-10-15T11:45:52.388051,shrek3,CHARMING,232,True,72ad01c69167,8.506418999786547,latency-2f94eea21aff.csv
1,2f94eea21aff,2025-10-15T11:45:52.508477,shrek3,Arg,1,True,72ad01c69167,9.327205999852596,latency-2f94eea21aff.csv
1,2f94eea21aff,2025-10-15T11:45:52.632389,shrek,SHREK,433,True,72ad01c69167,10.649789000126477,latency-2f94eea21aff.csv
1,2f94eea21aff,2025-10-15T11:45:52.756991,grail,the,1600,True,72ad01c69167,8.79856799974732,latency-2f94eea21aff.csv
1,2f94eea21aff,2025-10-15T11:45:52.882452,grail,"Peng,",0,True,72ad01c69167,12.311476999911974,latency-2f94eea21aff.csv
1,2f94eea21aff,2025-10-15T11:45:53.004243,grail,is,317,True,72ad01c69167,17.1672189999299,latency-2f94eea21aff.csv
1,2f94eea21aff,2025-10-15T11:45:53.140877,grail,pathetic,4,True,72ad01c69167,12.30138299979444,latency-2f94eea21aff.csv
1,2f94eea21aff,2025-10-15T11:45:53.261937,shrek,cottage,4,True,72ad01c69167,10.301671999968676,latency-2f94eea21aff.csv
1,2f94eea21aff,2025-10-15T11:45:53.404840,grail,rows,1,True,a45d25883979,29.69898899982581,latency-2f94eea21aff.csv
1,2f94eea21aff,2025-10-15T11:45:53.584664,shrek3,SNOW,49,True,72ad01c69167,14.944128000024648,latency-2f94eea21aff.csv
1,2f94eea21aff,2025-10-15T11:45:53.712499,grail,of,684,True,72ad01c69167,20.37006000000474,latency-2f94eea21aff.csv
2,2f94eea21aff,2025-10-15T11:45:53.876660,shrek,whistles,2,True,1de2274fea60,17.588628999874345,latency-2f94eea21aff.csv
2,2f94eea21aff,2025-10-15T11:45:54.040753,shrek,field,4,True,1de2274fea60,36.22230100017987,latency-2f94eea21aff.csv
2,2f94eea21aff,2025-10-15T11:45:54.210560,shrek3,of,275,True,a45d25883979,15.75489100014238,latency-2f94eea21aff.csv
2,2f94eea21aff,2025-10-15T11:45:54.341958,shrek,DONKEY,320,True,a45d25883979,22.444148999966277,latency-2f94eea21aff.csv
2,2f94eea21aff,2025-10-15T11:45:54.480436,shrek,cottage,4,True,a45d25883979,22.684843000206456,latency-2f94eea21aff.csv
2,2f94eea21aff,2025-10-15T11:45:54.636568,shrek3,WHITE,45,True,1de2274fea60,30.88186000013593,latency-2f94eea21aff.csv
2,2f94eea21aff,2025-10-15T11:45:54.789337,grail,LTD,6,True,a45d25883979,37.46661100012716,latency-2f94eea21aff.csv
2,2f94eea21aff,2025-10-15T11:45:54.967611,shrek,lay,2,True,72ad01c69167,43.87660100019275,latency-2f94eea21aff.csv
2,2f94eea21aff,2025-10-15T11:45:55.144676,grail,going,21,True,72ad01c69167,20.71251100005611,latency-2f94eea21aff.csv
2,2f94eea21aff,2025-10-15T11:45:55.279870,shrek3,CHARMING,232,True,a45d25883979,16.610881999895355,latency-2f94eea21aff.csv
2,2f94eea21aff,2025-10-15T11:45:55.414430,shrek3,Arg,1,True,a45d25883979,20.67075000013574,latency-2f94eea21aff.csv
2,2f94eea21aff,2025-10-15T11:45:55.560292,shrek,SHREK,433,True,72ad01c69167,22.15730700027052,latency-2f94eea21aff.csv
2,2f94eea21aff,2025-10-15T11:45:55.703771,grail,the,1600,True,1de2274fea60,20.44909300002473,latency-2f94eea21aff.csv
2,2f94eea21aff,2025-10-15T11:45:55.836483,grail,"Peng,",0,True,a45d25883979,9.567604000039864,latency-2f94eea21aff.csv
2,2f94eea21aff,2025-10-15T11:45:55.961158,grail,is,317,True,a45d25883979,31.461187999866524,latency-2f94eea21aff.csv
2,2f94eea21aff,2025-10-15T11:45:56.106829,grail,pathetic,4,True,72ad01c69167,10.029391999978545,latency-2f94eea21aff.csv
2,2f94eea21aff,2025-10-15T11:45:56.233975,shrek,cottage,4,True,a45d25883979,12.077215999852342,latency-2f94eea21aff.csv
2,2f94eea21aff,2025-10-15T11:45:56.363342,grail,rows,1,True,72ad01c69167,9.354338999855829,latency-2f94eea21aff.csv
2,2f94eea21aff,2025-10-15T11:45:56.490154,shrek3,SNOW,49,True,72ad01c69167,16.845819000081974,latency-2f94eea21aff.csv
2,2f94eea21aff,2025-10-15T11:45:56.632461,grail,of,684,True,72ad01c69167,23.15316399972289,latency-2f94eea21aff.csv
1,2f984a2df056,2025-10-15T11:46:04.273235,shrek3,to,511,True,a45d25883979,12.645958000121029,latency-2f984a2df056.csv
1,2f984a2df056,2025-10-15T11:46:04.398637,grail,from,94,True,a45d25883979,11.178997000115489,latency-2f984a2df056.csv
1,2f984a2df056,2025-10-15T11:46:04.521292,shrek,afraid,8,True,a45d25883979,11.462528000265593,latency-2f984a2df056.csv
1,2f984a2df056,2025-10-15T11:46:04.644978,shrek3,JOCKS,2,True,a45d25883979,10.015390000262414,latency-2f984a2df056.csv
1,2f984a2df056,2025-10-15T11:46:04.763972,shrek3,"Bay""",0,True,a45d25883979,8.92630199996347,latency-2f984a2df056.csv
1,2f984a2df056,2025-10-15T11:46:04.884332,grail,Christ,8,True,a45d25883979,16.147148000072775,latency-2f984a2df056.csv
1,2f984a2df056,2025-10-15T11:46:05.008357,shrek3,Artie,213,True,a45d25883979,9.673199000189925,latency-2f984a2df056.csv
1,2f984a2df056,2025-10-15T11:46:05.133924,grail,the,1600,True,a45d25883979,13.157638999928167,latency-2f984a2df056.csv
1,2f984a2df056,2025-10-15T11:46:05.258099,shrek3,the,1285,True,a45d25883979,13.870599999791011,latency-2f984a2df056.csv
1,2f984a2df056,2025-10-15T11:46:05.379782,grail,-,259,True,1de2274fea60,29.025068000009924,latency-2f984a2df056.csv
1,2f984a2df056,2025-10-15T11:46:05.561703,shrek3,Cinderella,21,True,a45d25883979,9.371837999879062,latency-2f984a2df056.csv
1,2f984a2df056,2025-10-15T11:46:05.683024,shrek,And,318,True,a45d25883979,9.115334999933111,latency-2f984a2df056.csv
1,2f984a2df056,2025-10-15T11:46:05.800785,shrek,DONKEY,320,True,a45d25883979,5.131958999754716,latency-2f984a2df056.csv
1,2f984a2df056,2025-10-15T11:46:05.911125,shrek3,cosmic,1,True,a45d25883979,5.7971219998762535,latency-2f984a2df056.csv
1,2f984a2df056,2025-10-15T11:46:06.023136,shrek,way,26,True,a45d25883979,7.091810000019905,latency-2f984a2df056.csv
1,2f984a2df056,2025-10-15T11:46:06.136979,shrek,FARQUAAD,84,True,72ad01c69167,7.442978000199218,latency-2f984a2df056.csv
1,2f984a2df056,2025-10-15T11:46:06.254621,shrek3,Ahh,8,True,72ad01c69167,8.86062099971241,latency-2f984a2df056.csv
1,2f984a2df056,2025-10-15T11:46:06.375983,grail,to,718,True,a45d25883979,13.261747999877116,latency-2f984a2df056.csv
1,2f984a2df056,2025-10-15T11:46:06.500163,shrek,What,104,True,a45d25883979,8.612008999989484,latency-2f984a2df056.csv
1,2f984a2df056,2025-10-15T11:46:06.616478,grail,chops,3,True,a45d25883979,17.588982000233955,latency-2f984a2df056.csv
2,2f984a2df056,2025-10-15T11:46:06.752323,shrek3,to,511,True,1de2274fea60,7.577870000204712,latency-2f984a2df056.csv
2,2f984a2df056,2025-10-15T11:46:06.871486,grail,from,94,True,72ad01c69167,4.873545999998896,latency-2f984a2df056.csv
2,2f984a2df056,2025-10-15T11:46:06.982859,shrek,afraid,8,True,1de2274fea60,11.142934999952558,latency-2f984a2df056.csv
2,2f984a2df056,2025-10-15T11:46:07.106344,shrek3,JOCKS,2,True,1de2274fea60,6.011542000123882,latency-2f984a2df056.csv
2,2f984a2df056,2025-10-15T11:46:07.219133,shrek3,"Bay""",0,True,1de2274fea60,11.024079999970128,latency-2f984a2df056.csv
2,2f984a2df056,2025-10-15T11:46:07.340566,grail,Christ,8,True,a45d25883979,9.523498999897129,latency-2f984a2df056.csv
2,2f984a2df056,2025-10-15T11:46:07.460737,shrek3,Artie,213,True,72ad01c69167,8.912728000268544,latency-2f984a2df056.csv
2,2f984a2df056,2025-10-15T11:46:07.575927,grail,the,1600,True,72ad01c69167,8.712949999789998,latency-2f984a2df056.csv
2,2f984a2df056,2025-10-15T11:46:07.694213,shrek3,the,1285,True,a45d25883979,10.48134199982087,latency-2f984a2df056.csv
2,2f984a2df056,2025-10-15T11:46:07.813900,grail,-,259,True,a45d25883979,11.368323999704444,latency-2f984a2df056.csv
2,2f984a2df056,2025-10-15T11:46:07.935951,shrek3,Cinderella,21,True,a45d25883979,7.76675300039642,latency-2f984a2df056.csv
2,2f984a2df056,2025-10-15T11:46:08.053329,shrek,And,318,True,a45d25883979,11.696452999785834,latency-2f984a2df056.csv
2,2f984a2df056,2025-10-15T11:46:08.173980,shrek,DONKEY,320,True,a45d25883979,6.543515999965166,latency-2f984a2df056.csv
2,2f984a2df056,2025-10-15T11:46:08.289026,shrek3,cosmic,1,True,a45d25883979,6.184433000271383,latency-2f984a2df056.csv
2,2f984a2df056,2025-10-15T11:46:08.404330,shrek,way,26,True,a45d25883979,6.9580240001414495,latency-2f984a2df056.csv
2,2f984a2df056,2025-10-15T11:46:08.521754,shrek,FARQUAAD,84,True,a45d25883979,8.107285000278353,latency-2f984a2df056.csv
2,2f984a2df056,2025-10-15T11:46:08.636278,shrek3,Ahh,8,True,a45d25883979,6.840365000243764,latency-2f984a2df056.csv
2,2f984a2df056,2025-10-15T11:46:08.750615,grail,to,718,True,a45d25883979,8.592405000399594,latency-2f984a2df056.csv
2,2f984a2df056,2025-10-15T11:46:08.869179,shrek,What,104,True,a45d25883979,4.974108000169508,latency-2f984a2df056.csv
2,2f984a2df056,2025-10-15T11:46:08.979423,grail,chops,3,True,a45d25883979,4.918599000120594,latency-2f984a2df056.csv
1,2fb8721a0944,2025-10-15T11:45:44.916853,grail,from,94,True,72ad01c69167,7.467969000117591,latency-2fb8721a0944.csv
1,2fb8721a0944,2025-10-15T11:45:45.031422,shrek,swamp,18,True,72ad01c69167,6.974108000122214,latency-2fb8721a0944.csv
1,2fb8721a0944,2025-10-15T11:45:45.145776,grail,the,1600,True,72ad01c69167,5.568033000145078,latency-2fb8721a0944.csv
1,2fb8721a0944,2025-10-15T11:45:45.258002,shrek,not,50,True,a45d25883979,7.4289630001658225,latency-2fb8721a0944.csv
1,2fb8721a0944,2025-10-15T11:45:45.372668,shrek,SHREK,433,True,72ad01c69167,6.557057000009081,latency-2fb8721a0944.csv
1,2fb8721a0944,2025-10-15T11:45:45.484504,shrek3,glass,9,True,72ad01c69167,5.129539000336081,latency-2fb8721a0944.csv
1,2fb8721a0944,2025-10-15T11:45:45.596743,grail,the,1600,True,72ad01c69167,20.35408899973845,latency-2fb8721a0944.csv
1,2fb8721a0944,2025-10-15T11:45:45.730160,shrek,But,73,True,72ad01c69167,5.189376000089396,latency-2fb8721a0944.csv
1,2fb8721a0944,2025-10-15T11:45:45.841714,shrek3,bed,10,True,1de2274fea60,6.189751999954751,latency-2fb8721a0944.csv
1,2fb8721a0944,2025-10-15T11:45:45.953720,grail,it,279,True,a45d25883979,6.040903000211984,latency-2fb8721a0944.csv
1,2fb8721a0944,2025-10-15T11:45:46.065107,shrek3,PUSS,196,True,a45d25883979,5.940578000263486,latency-2fb8721a0944.csv
1,2fb8721a0944,2025-10-15T11:45:46.176783,shrek,trip,1,True,a45d25883979,4.490987000281166,latency-2fb8721a0944.csv
1,2fb8721a0944,2025-10-15T11:45:46.286699,shrek,tale,7,True,a45d25883979,6.016003999775421,latency-2fb8721a0944.csv
1,2fb8721a0944,2025-10-15T11:45:46.398471,shrek,gone,3,True,a45d25883979,7.124209999801678,latency-2fb8721a0944.csv
1,2fb8721a0944,2025-10-15T11:45:46.512389,shrek,its,1,True,a45d25883979,6.698662000417244,latency-2fb8721a0944.csv
1,2fb8721a0944,2025-10-15T11:45:46.625364,shrek3,SHOUTING),0,True,1de2274fea60,8.610497000063333,latency-2fb8721a0944.csv
1,2fb8721a0944,2025-10-15T11:45:46.741512,grail,us,32,True,1de2274fea60,10.205218000010063,latency-2fb8721a0944.csv
1,2fb8721a0944,2025-10-15T11:45:46.861786,grail,the,1600,True,1de2274fea60,7.429874000081327,latency-2fb8721a0944.csv
1,2fb8721a0944,2025-10-15T11:45:46.984813,shrek,old,10,True,72ad01c69167,11.385661000076652,latency-2fb8721a0944.csv
1,2fb8721a0944,2025-10-15T11:45:47.106083,grail,rows,1,True,72ad01c69167,15.413933000218094,latency-2fb8721a0944.csv
2,2fb8721a0944,2025-10-15T11:45:47.233684,grail,from,94,True,72ad01c69167,9.675457999946955,latency-2fb8721a0944.csv
2,2fb8721a0944,2025-10-15T11:45:47.356724,shrek,swamp,18,True,72ad01c69167,15.50741500022923,latency-2fb8721a0944.csv
2,2fb8721a0944,2025-10-15T11:45:47.509729,grail,the,1600,True,a45d25883979,10.58764900017195,latency-2fb8721a0944.csv
2,2fb8721a0944,2025-10-15T11:45:47.628277,shrek,not,50,True,a45d25883979,8.39322899992112,latency-2fb8721a0944.csv
2,2fb8721a0944,2025-10-15T11:45:47.746006,shrek,SHREK,433,True,a45d25883979,6.354753999858076,latency-2fb8721a0944.csv
2,2fb8721a0944,2025-10-15T11:45:47.860891,shrek3,glass,9,True,a45d25883979,6.051453000054607,latency-2fb8721a0944.csv
2,2fb8721a0944,2025-10-15T11:45:47.979237,grail,the,1600,True,a45d25883979,8.234090000314609,latency-2fb8721a0944.csv
2,2fb8721a0944,2025-10-15T11:45:48.103202,shrek,But,73,True,72ad01c69167,6.517491000067821,latency-2fb8721a0944.csv
2,2fb8721a0944,2025-10-15T11:45:48.220642,shrek3,bed,10,True,72ad01c69167,8.663053999953263,latency-2fb8721a0944.csv
2,2fb8721a0944,2025-10-15T11:45:48.337867,grail,it,279,True,72ad01c69167,4.874843999914447,latency-2fb8721a0944.csv
2,2fb8721a0944,2025-10-15T11:45:48.448603,shrek3,PUSS,196,True,72ad01c69167,7.17448700015666,latency-2fb8721a0944.csv
2,2fb8721a0944,2025-10-15T11:45:48.563169,shrek,trip,1,True,a45d25883979,16.250970999863057,latency-2fb8721a0944.csv
2,2fb8721a0944,2025-10-15T11:45:48.694956,shrek,tale,7,True,72ad01c69167,5.828729999848292,latency-2fb8721a0944.csv
2,2fb8721a0944,2025-10-15T11:45:48.806192,shrek,gone,3,True,72ad01c69167,7.0584119998784445,latency-2fb8721a0944.csv
2,2fb8721a0944,2025-10-15T11:45:48.920310,shrek,its,1,True,a45d25883979,6.205998999575968,latency-2fb8721a0944.csv
2,2fb8721a0944,2025-10-15T11:45:49.033188,shrek3,SHOUTING),0,True,72ad01c69167,7.21000700013974,latency-2fb8721a0944.csv
2,2fb8721a0944,2025-10-15T11:45:49.146926,grail,us,32,True,72ad01c69167,11.322233000100823,latency-2fb8721a0944.csv
2,2fb8721a0944,2025-10-15T11:45:49.273032,grail,the,1600,True,72ad01c69167,4.41136200015535,latency-2fb8721a0944.csv
2,2fb8721a0944,2025-10-15T11:45:49.383318,shrek,old,10,True,a45d25883979,6.339452999782225,latency-2fb8721a0944.csv
2,2fb8721a0944,2025-10-15T11:45:49.495549,grail,rows,1,True,a45d25883979,5.6167530001403065,latency-2fb8721a0944.csv
1,31b5a9089bb1,2025-10-15T11:46:26.316885,grail,Aaaaugh,9,True,a45d25883979,6.439874000079726,latency-31b5a9089bb1.csv
1,31b5a9089bb1,2025-10-15T11:46:26.430005,shrek3,still,18,True,1de2274fea60,35.509670000010374,latency-31b5a9089bb1.csv
1,31b5a9089bb1,2025-10-15T11:46:26.603401,shrek3,CHARMING,232,True,72ad01c69167,31.38809100028084,latency-31b5a9089bb1.csv
1,31b5a9089bb1,2025-10-15T11:46:26.761789,shrek,DONKEY,320,True,1de2274fea60,25.854154000171548,latency-31b5a9089bb1.csv
1,31b5a9089bb1,2025-10-15T11:46:26.910331,grail,ANOTHER,25,True,72ad01c69167,6.706799999847135,latency-31b5a9089bb1.csv
1,31b5a9089bb1,2025-10-15T11:46:27.025374,grail,the,1600,True,a45d25883979,6.162063999909151,latency-31b5a9089bb1.csv
1,31b5a9089bb1,2025-10-15T11:46:27.138149,shrek3,Be,71,True,a45d25883979,5.049399000199628,latency-31b5a9089bb1.csv
1,31b5a9089bb1,2025-10-15T11:46:27.250092,shrek3,116,1,True,a45d25883979,7.152966999910859,latency-31b5a9089bb1.csv
1,31b5a9089bb1,2025-10-15T11:46:27.364071,grail,(as,0,True,a45d25883979,5.39003199992294,latency-31b5a9089bb1.csv
1,31b5a9089bb1,2025-10-15T11:46:27.481339,shrek3,supposed,11,True,a45d25883979,9.898704999613985,latency-31b5a9089bb1.csv
1,31b5a9089bb1,2025-10-15T11:46:27.610928,shrek,swamp,18,True,a45d25883979,6.801764000101684,latency-31b5a9089bb1.csv
1,31b5a9089bb1,2025-10-15T11:46:27.724938,shrek,SHREK,433,True,a45d25883979,6.972050000058516,latency-31b5a9089bb1.csv
1,31b5a9089bb1,2025-10-15T11:46:27.840297,grail,lost,6,True,a45d25883979,9.88163700003497,latency-31b5a9089bb1.csv
1,31b5a9089bb1,2025-10-15T11:46:27.957483,shrek,I,386,True,a45d25883979,14.163477999773022,latency-31b5a9089bb1.csv
1,31b5a9089bb1,2025-10-15T11:46:28.083270,shrek,transport,1,True,a45d25883979,7.676149999952031,latency-31b5a9089bb1.csv
1,31b5a9089bb1,2025-10-15T11:46:28.198297,shrek3,at,134,True,a45d25883979,8.555325000088487,latency-31b5a9089bb1.csv
1,31b5a9089bb1,2025-10-15T11:46:28.315112,shrek,rising,1,True,a45d25883979,10.26081999998496,latency-31b5a9089bb1.csv
1,31b5a9089bb1,2025-10-15T11:46:28.434565,shrek,FIONA,211,True,a45d25883979,8.892727999864292,latency-31b5a9089bb1.csv
1,31b5a9089bb1,2025-10-15T11:46:28.560754,shrek,No,114,True,72ad01c69167,21.55659199979709,latency-31b5a9089bb1.csv
1,31b5a9089bb1,2025-10-15T11:46:28.698263,shrek,he,118,True,a45d25883979,5.5849010000201815,latency-31b5a9089bb1.csv
2,31b5a9089bb1,2025-10-15T11:46:28.809368,grail,Aaaaugh,9,True,a45d25883979,5.761989999882644,latency-31b5a9089bb1.csv
2,31b5a9089bb1,2025-10-15T11:46:28.921352,shrek3,still,18,True,a45d25883979,5.446006000056514,latency-31b5a9089bb1.csv
2,31b5a9089bb1,2025-10-15T11:46:29.032290,shrek3,CHARMING,232,True,a45d25883979,11.49046599994108,latency-31b5a9089bb1.csv
2,31b5a9089bb1,2025-10-15T11:46:29.151943,shrek,DONKEY,320,True,a45d25883979,6.949871999950119,latency-31b5a9089bb1.csv
2,31b5a9089bb1,2025-10-15T11:46:29.265161,grail,ANOTHER,25,True,a45d25883979,7.430567000028532,latency-31b5a9089bb1.csv
2,31b5a9089bb1,2025-10-15T11:46:29.377596,grail,the,1600,True,a45d25883979,6.139345000065077,latency-31b5a9089bb1.csv
2,31b5a9089bb1,2025-10-15T11:46:29.488558,shrek3,Be,71,True,a45d25883979,7.171172999733244,latency-31b5a9089bb1.csv
2,31b5a9089bb1,2025-10-15T11:46:29.602259,shrek3,116,1,True,a45d25883979,9.608385999854365,latency-31b5a9089bb1.csv
2,31b5a9089bb1,2025-10-15T11:46:29.721250,grail,(as,0,True,a45d25883979,8.45266599981187,latency-31b5a9089bb1.csv
2,31b5a9089bb1,2025-10-15T11:46:29.835592,shrek3,supposed,11,True,a45d25883979,12.751336000292213,latency-31b5a9089bb1.csv
2,31b5a9089bb1,2025-10-15T11:46:29.957732,shrek,swamp,18,True,a45d25883979,7.512036000207445,latency-31b5a9089bb1.csv
2,31b5a9089bb1,2025-10-15T11:46:30.071987,shrek,SHREK,433,True,a45d25883979,10.246241000004376,latency-31b5a9089bb1.csv
2,31b5a9089bb1,2025-10-15T11:46:30.192581,grail,lost,6,True,a45d25883979,7.899900000211346,latency-31b5a9089bb1.csv
2,31b5a9089bb1,2025-10-15T11:46:30.311800,shrek,I,386,True,a45d25883979,10.171930000069551,latency-31b5a9089bb1.csv
2,31b5a9089bb1,2025-10-15T11:46:30.435656,shrek,transport,1,True,a45d25883979,6.977247000122588,latency-31b5a9089bb1.csv
2,31b5a9089bb1,2025-10-15T11:46:30.551760,shrek3,at,134,True,a45d25883979,5.5170580003505165,latency-31b5a9089bb1.csv
2,31b5a9089bb1,2025-10-15T11:46:30.666580,shrek,rising,1,True,a45d25883979,6.183719000091514,latency-31b5a9089bb1.csv
2,31b5a9089bb1,2025-10-15T11:46:30.785669,shrek,FIONA,211,True,a45d25883979,4.407856999932847,latency-31b5a9089bb1.csv
2,31b5a9089bb1,2025-10-15T11:46:30.895342,shrek,No,114,True,a45d25883979,5.370308999772533,latency-31b5a9089bb1.csv
2,31b5a9089bb1,2025-10-15T11:46:31.017859,shrek,he,118,True,a45d25883979,10.626294999838136,latency-31b5a9089bb1.csv
1,329b6af12806,2025-10-15T11:46:34.160541,shrek3,Cinderella,21,True,a45d25883979,8.919827000227087,latency-329b6af12806.csv
1,329b6af12806,2025-10-15T11:46:34.280784,shrek,Is,132,True,a45d25883979,12.358230000245385,latency-329b6af12806.csv
1,329b6af12806,2025-10-15T11:46:34.403905,shrek3,cosmic,1,True,a45d25883979,10.027379999883124,latency-329b6af12806.csv
1,329b6af12806,2025-10-15T11:46:34.524911,shrek,DONKEY,320,True,a45d25883979,11.41174999975192,latency-329b6af12806.csv
1,329b6af12806,2025-10-15T11:46:34.646255,shrek3,get,39,True,72ad01c69167,19.87486500001978,latency-329b6af12806.csv
1,329b6af12806,2025-10-15T11:46:34.781118,grail,Who’s,3,True,a45d25883979,13.45151600025929,latency-329b6af12806.csv
1,329b6af12806,2025-10-15T11:46:34.910686,shrek3,wont,0,True,a45d25883979,12.481965999995737,latency-329b6af12806.csv
1,329b6af12806,2025-10-15T11:46:35.033470,shrek,its,1,True,a45d25883979,7.500748999973439,latency-329b6af12806.csv
1,329b6af12806,2025-10-15T11:46:35.162524,shrek3,BOAT,32,True,72ad01c69167,27.5038790000508,latency-329b6af12806.csv
1,329b6af12806,2025-10-15T11:46:35.306136,shrek3,RAPUNZEL,30,True,72ad01c69167,9.96576899979118,latency-329b6af12806.csv
1,329b6af12806,2025-10-15T11:46:35.429012,shrek3,the,1285,True,1de2274fea60,52.3885220000011,latency-329b6af12806.csv
1,329b6af12806,2025-10-15T11:46:35.597743,shrek,who,29,True,1de2274fea60,7.467522999831999,latency-329b6af12806.csv
1,329b6af12806,2025-10-15T11:46:35.713767,grail,Butts,2,True,72ad01c69167,9.656839999934164,latency-329b6af12806.csv
1,329b6af12806,2025-10-15T11:46:35.831959,grail,To,718,True,72ad01c69167,7.1630829997957335,latency-329b6af12806.csv
1,329b6af12806,2025-10-15T11:46:35.944815,shrek,number,8,True,72ad01c69167,7.3633460001474305,latency-329b6af12806.csv
1,329b6af12806,2025-10-15T11:46:36.059400,shrek3,PRINCE,207,True,a45d25883979,6.430081999951653,latency-329b6af12806.csv
1,329b6af12806,2025-10-15T11:46:36.171762,shrek,DONKEY,320,True,a45d25883979,7.86060800010091,latency-329b6af12806.csv
1,329b6af12806,2025-10-15T11:46:36.286729,shrek3,Third,121,True,a45d25883979,8.223584000006667,latency-329b6af12806.csv
1,329b6af12806,2025-10-15T11:46:36.401701,shrek,help,5,True,a45d25883979,5.769830000190268,latency-329b6af12806.csv
1,329b6af12806,2025-10-15T11:46:36.512901,shrek3,Artie,213,True,a45d25883979,6.598080000003392,latency-329b6af12806.csv
2,329b6af12806,2025-10-15T11:46:36.625917,shrek3,Cinderella,21,True,a45d25883979,6.291628999861132,latency-329b6af12806.csv
2,329b6af12806,2025-10-15T11:46:36.738049,shrek,Is,132,True,a45d25883979,6.760960000065097,latency-329b6af12806.csv
2,329b6af12806,2025-10-15T11:46:36.851222,shrek3,cosmic,1,True,a45d25883979,7.572844000151235,latency-329b6af12806.csv
2,329b6af12806,2025-10-15T11:46:36.964349,shrek,DONKEY,320,True,a45d25883979,8.724071999949956,latency-329b6af12806.csv
2,329b6af12806,2025-10-15T11:46:37.078536,shrek3,get,39,True,a45d25883979,11.736150999695385,latency-329b6af12806.csv
2,329b6af12806,2025-10-15T11:46:37.200470,grail,Who’s,3,True,a45d25883979,7.033611000224482,latency-329b6af12806.csv
2,329b6af12806,2025-10-15T11:46:37.313276,shrek3,wont,0,True,a45d25883979,7.962136000060127,latency-329b6af12806.csv
2,329b6af12806,2025-10-15T11:46:37.426713,shrek,its,1,True,a45d25883979,10.46840200024235,latency-329b6af12806.csv
2,329b6af12806,2025-10-15T11:46:37.544559,shrek3,BOAT,32,True,a45d25883979,8.779123999829608,latency-329b6af12806.csv
2,329b6af12806,2025-10-15T11:46:37.659145,shrek3,RAPUNZEL,30,True,a45d25883979,12.216860000080487,latency-329b6af12806.csv
2,329b6af12806,2025-10-15T11:46:37.781024,shrek3,the,1285,True,a45d25883979,9.938006999618665,latency-329b6af12806.csv
2,329b6af12806,2025-10-15T11:46:37.899282,shrek,who,29,True,a45d25883979,9.599257999980182,latency-329b6af12806.csv
2,329b6af12806,2025-10-15T11:46:38.018249,grail,Butts,2,True,a45d25883979,11.165622000135045,latency-329b6af12806.csv
2,329b6af12806,2025-10-15T11:46:38.137147,grail,To,718,True,72ad01c69167,6.544671000028757,latency-329b6af12806.csv
2,329b6af12806,2025-10-15T11:46:38.252183,shrek,number,8,True,a45d25883979,6.286929999987478,latency-329b6af12806.csv
2,329b6af12806,2025-10-15T11:46:38.364339,shrek3,PRINCE,207,True,a45d25883979,8.421607999935077,latency-329b6af12806.csv
2,329b6af12806,2025-10-15T11:46:38.486327,shrek,DONKEY,320,True,a45d25883979,4.509997000241128,latency-329b6af12806.csv
2,329b6af12806,2025-10-15T11:46:38.595428,shrek3,Third,121,True,a45d25883979,5.81206300012127,latency-329b6af12806.csv
2,329b6af12806,2025-10-15T11:46:38.707548,shrek,help,5,True,a45d25883979,6.43521799975133,latency-329b6af12806.csv
2,329b6af12806,2025-10-15T11:46:38.818681,shrek3,Artie,213,True,a45d25883979,4.247525000209862,latency-329b6af12806.csv
1,361ce64cf45e,2025-10-15T11:45:36.289548,grail,the,1600,True,1de2274fea60,6.557581999913964,latency-361ce64cf45e.csv
1,361ce64cf45e,2025-10-15T11:45:36.402430,grail,upon,13,True,1de2274fea60,4.974087999926269,latency-361ce64cf45e.csv
1,361ce64cf45e,2025-10-15T11:45:36.512901,shrek,token,1,True,a45d25883979,10.088917999837577,latency-361ce64cf45e.csv
1,361ce64cf45e,2025-10-15T11:45:36.636835,grail,GALAHAD,87,True,72ad01c69167,6.420489999982237,latency-361ce64cf45e.csv
1,361ce64cf45e,2025-10-15T11:45:36.749266,shrek,his,48,True,72ad01c69167,9.98801800005822,latency-361ce64cf45e.csv
1,361ce64cf45e,2025-10-15T11:45:36.868584,shrek,this,79,True,72ad01c69167,7.745591000002605,latency-361ce64cf45e.csv
1,361ce64cf45e,2025-10-15T11:45:36.982748,grail,is,317,True,a45d25883979,6.320350999885704,latency-361ce64cf45e.csv
1,361ce64cf45e,2025-10-15T11:45:37.095272,shrek,looks,37,True,a45d25883979,7.322840000142605,latency-361ce64cf45e.csv
1,361ce64cf45e,2025-10-15T11:45:37.208687,shrek3,TO,511,True,a45d25883979,5.993320000015956,latency-361ce64cf45e.csv
1,361ce64cf45e,2025-10-15T11:45:37.319857,shrek,What,104,True,a45d25883979,5.4231859999163134,latency-361ce64cf45e.csv
1,361ce64cf45e,2025-10-15T11:45:37.430838,grail,them,41,True,a45d25883979,6.662825999683264,latency-361ce64cf45e.csv
1,361ce64cf45e,2025-10-15T11:45:37.543605,shrek,HOOD,13,True,1de2274fea60,23.433023000052344,latency-361ce64cf45e.csv
1,361ce64cf45e,2025-10-15T11:45:37.681156,grail,since,10,True,a45d25883979,5.30120400026135,latency-361ce64cf45e.csv
1,361ce64cf45e,2025-10-15T11:45:37.794035,shrek,help,5,True,72ad01c69167,5.073665000054461,latency-361ce64cf45e.csv
1,361ce64cf45e,2025-10-15T11:45:37.904732,shrek3,what,82,True,a45d25883979,7.45647999974608,latency-361ce64cf45e.csv
1,361ce64cf45e,2025-10-15T11:45:38.021701,shrek3,"Bay""",0,True,a45d25883979,5.739521999657882,latency-361ce64cf45e.csv
1,361ce64cf45e,2025-10-15T11:45:38.132831,grail,Butts,2,True,a45d25883979,7.509704000312922,latency-361ce64cf45e.csv
1,361ce64cf45e,2025-10-15T11:45:38.246862,grail,music,21,True,a45d25883979,6.369957000060822,latency-361ce64cf45e.csv
1,361ce64cf45e,2025-10-15T11:45:38.359321,shrek,cottage,4,True,a45d25883979,5.189300999973057,latency-361ce64cf45e.csv
1,361ce64cf45e,2025-10-15T11:45:38.469751,shrek,after,10,True,a45d25883979,7.105456999852322,latency-361ce64cf45e.csv
2,361ce64cf45e,2025-10-15T11:45:38.583950,grail,the,1600,True,72ad01c69167,7.824986999821704,latency-361ce64cf45e.csv
2,361ce64cf45e,2025-10-15T11:45:38.698501,grail,upon,13,True,1de2274fea60,8.99729999991905,latency-361ce64cf45e.csv
2,361ce64cf45e,2025-10-15T11:45:38.814186,shrek,token,1,True,1de2274fea60,6.939608000266162,latency-361ce64cf45e.csv
2,361ce64cf45e,2025-10-15T11:45:38.926246,grail,GALAHAD,87,True,72ad01c69167,5.798165000214794,latency-361ce64cf45e.csv
2,361ce64cf45e,2025-10-15T11:45:39.044866,shrek,his,48,True,a45d25883979,11.7366529998435,latency-361ce64cf45e.csv
2,361ce64cf45e,2025-10-15T11:45:39.169219,shrek,this,79,True,a45d25883979,9.577578000062204,latency-361ce64cf45e.csv
2,361ce64cf45e,2025-10-15T11:45:39.288788,grail,is,317,True,a45d25883979,18.257532000006904,latency-361ce64cf45e.csv
2,361ce64cf45e,2025-10-15T11:45:39.433695,shrek,looks,37,True,a45d25883979,19.59768999995504,latency-361ce64cf45e.csv
2,361ce64cf45e,2025-10-15T11:45:39.578912,shrek3,TO,511,True,a45d25883979,49.55076399983227,latency-361ce64cf45e.csv
2,361ce64cf45e,2025-10-15T11:45:39.748899,shrek,What,104,True,a45d25883979,5.154458000106388,latency-361ce64cf45e.csv
2,361ce64cf45e,2025-10-15T11:45:39.859446,grail,them,41,True,a45d25883979,5.018569999720057,latency-361ce64cf45e.csv
2,361ce64cf45e,2025-10-15T11:45:39.969299,shrek,HOOD,13,True,a45d25883979,5.588738000369631,latency-361ce64cf45e.csv
2,361ce64cf45e,2025-10-15T11:45:40.080916,grail,since,10,True,a45d25883979,6.786040999941179,latency-361ce64cf45e.csv
2,361ce64cf45e,2025-10-15T11:45:40.200386,shrek,help,5,True,a45d25883979,4.8844980001376825,latency-361ce64cf45e.csv
2,361ce64cf45e,2025-10-15T11:45:40.310733,shrek3,what,82,True,a45d25883979,4.472231999898213,latency-361ce64cf45e.csv
2,361ce64cf45e,2025-10-15T11:45:40.420120,shrek3,"Bay""",0,True,a45d25883979,6.615394999698765,latency-361ce64cf45e.csv
2,361ce64cf45e,2025-10-15T11:45:40.534103,grail,Butts,2,True,1de2274fea60,6.58464299976913,latency-361ce64cf45e.csv
2,361ce64cf45e,2025-10-15T11:45:40.647874,grail,music,21,True,72ad01c69167,7.244000999889977,latency-361ce64cf45e.csv
2,361ce64cf45e,2025-10-15T11:45:40.761370,shrek,cottage,4,True,1de2274fea60,17.623930999889126,latency-361ce64cf45e.csv
2,361ce64cf45e,2025-10-15T11:45:40.889125,shrek,after,10,True,a45d25883979,9.691078999821912,latency-361ce64cf45e.csv
1,3c0765ff759c,2025-10-15T11:45:22.033064,grail,the,1600,True,72ad01c69167,13.935191000200575,latency-3c0765ff759c.csv
1,3c0765ff759c,2025-10-15T11:45:22.154262,shrek3,PRINCE,207,True,72ad01c69167,6.360519999816461,latency-3c0765ff759c.csv
1,3c0765ff759c,2025-10-15T11:45:22.267402,shrek3,supposed,11,True,72ad01c69167,8.068590999755543,latency-3c0765ff759c.csv
1,3c0765ff759c,2025-10-15T11:45:22.384131,grail,Butts,2,True,a45d25883979,15.83841699994082,latency-3c0765ff759c.csv
1,3c0765ff759c,2025-10-15T11:45:22.520969,shrek,SHREK,433,True,72ad01c69167,5.178139999770792,latency-3c0765ff759c.csv
1,3c0765ff759c,2025-10-15T11:45:22.631924,shrek,"Ha,",0,True,a45d25883979,7.149949999984528,latency-3c0765ff759c.csv
1,3c0765ff759c,2025-10-15T11:45:22.744778,shrek,gone,3,True,a45d25883979,6.254504000025918,latency-3c0765ff759c.csv
1,3c0765ff759c,2025-10-15T11:45:22.857092,shrek,trip,1,True,a45d25883979,7.1187239996106655,latency-3c0765ff759c.csv
1,3c0765ff759c,2025-10-15T11:45:22.970418,shrek3,them,44,True,a45d25883979,11.054077000153484,latency-3c0765ff759c.csv
1,3c0765ff759c,2025-10-15T11:45:23.087937,shrek,I,386,True,a45d25883979,9.44497299997238,latency-3c0765ff759c.csv
1,3c0765ff759c,2025-10-15T11:45:23.204230,shrek,SHREK,433,True,72ad01c69167,5.470558000070014,latency-3c0765ff759c.csv
1,3c0765ff759c,2025-10-15T11:45:23.314887,shrek,and,318,True,a45d25883979,10.176741000123002,latency-3c0765ff759c.csv
1,3c0765ff759c,2025-10-15T11:45:23.434971,shrek,whole,10,True,72ad01c69167,7.451582000157941,latency-3c0765ff759c.csv
1,3c0765ff759c,2025-10-15T11:45:23.560517,grail,right,66,True,1de2274fea60,5.132902999775979,latency-3c0765ff759c.csv
1,3c0765ff759c,2025-10-15T11:45:23.670983,grail,pseudonym,1,True,1de2274fea60,6.712016000165022,latency-3c0765ff759c.csv
1,3c0765ff759c,2025-10-15T11:45:23.784656,grail,going,21,True,1de2274fea60,6.329163999907905,latency-3c0765ff759c.csv
1,3c0765ff759c,2025-10-15T11:45:23.897030,shrek3,the,1285,True,72ad01c69167,5.220271999860415,latency-3c0765ff759c.csv
1,3c0765ff759c,2025-10-15T11:45:24.011106,shrek3,me,72,True,72ad01c69167,7.075039000028482,latency-3c0765ff759c.csv
1,3c0765ff759c,2025-10-15T11:45:24.124841,shrek,minute,3,True,72ad01c69167,6.852831999822229,latency-3c0765ff759c.csv
1,3c0765ff759c,2025-10-15T11:45:24.238934,shrek,FARQUAAD,84,True,a45d25883979,8.867966000252636,latency-3c0765ff759c.csv
2,3c0765ff759c,2025-10-15T11:45:24.355184,grail,the,1600,True,a45d25883979,8.022501000141347,latency-3c0765ff759c.csv
2,3c0765ff759c,2025-10-15T11:45:24.470678,shrek3,PRINCE,207,True,a45d25883979,10.609472999931311,latency-3c0765ff759c.csv
2,3c0765ff759c,2025-10-15T11:45:24.590116,shrek3,supposed,11,True,a45d25883979,4.892610999831959,latency-3c0765ff759c.csv
2,3c0765ff759c,2025-10-15T11:45:24.700745,grail,Butts,2,True,a45d25883979,8.499970999764628,latency-3c0765ff759c.csv
2,3c0765ff759c,2025-10-15T11:45:24.818148,shrek,SHREK,433,True,a45d25883979,5.52689799997097,latency-3c0765ff759c.csv
2,3c0765ff759c,2025-10-15T11:45:24.929397,shrek,"Ha,",0,True,a45d25883979,7.273193999935756,latency-3c0765ff759c.csv
2,3c0765ff759c,2025-10-15T11:45:25.044209,shrek,gone,3,True,a45d25883979,7.152465000217489,latency-3c0765ff759c.csv
2,3c0765ff759c,2025-10-15T11:45:25.159674,shrek,trip,1,True,a45d25883979,4.831957000078546,latency-3c0765ff759c.csv
2,3c0765ff759c,2025-10-15T11:45:25.270267,shrek3,them,44,True,72ad01c69167,12.840290999974968,latency-3c0765ff759c.csv
2,3c0765ff759c,2025-10-15T11:45:25.393228,shrek,I,386,True,a45d25883979,4.990486000224337,latency-3c0765ff759c.csv
2,3c0765ff759c,2025-10-15T11:45:25.505658,shrek,SHREK,433,True,a45d25883979,7.888287000241689,latency-3c0765ff759c.csv
2,3c0765ff759c,2025-10-15T11:45:25.620156,shrek,and,318,True,a45d25883979,5.670237999765959,latency-3c0765ff759c.csv
2,3c0765ff759c,2025-10-15T11:45:25.730957,shrek,whole,10,True,a45d25883979,6.071727999824361,latency-3c0765ff759c.csv
2,3c0765ff759c,2025-10-15T11:45:25.843333,grail,right,66,True,a45d25883979,7.151057000100991,latency-3c0765ff759c.csv
2,3c0765ff759c,2025-10-15T11:45:25.958174,grail,pseudonym,1,True,a45d25883979,5.73741100015468,latency-3c0765ff759c.csv
2,3c0765ff759c,2025-10-15T11:45:26.068950,grail,going,21,True,72ad01c69167,9.295815999848855,latency-3c0765ff759c.csv
2,3c0765ff759c,2025-10-15T11:45:26.185750,shrek3,the,1285,True,72ad01c69167,6.09151499975269,latency-3c0765ff759c.csv
2,3c0765ff759c,2025-10-15T11:45:26.299404,shrek3,me,72,True,72ad01c69167,12.080524999873887,latency-3c0765ff759c.csv
2,3c0765ff759c,2025-10-15T11:45:26.422857,shrek,minute,3,True,72ad01c69167,16.596067000136827,latency-3c0765ff759c.csv
2,3c0765ff759c,2025-10-15T11:45:26.550953,shrek,FARQUAAD,84,True,1de2274fea60,13.247545000012906,latency-3c0765ff759c.csv
1,3ea9595d692c,2025-10-15T11:45:00.812333,shrek3,JOCKS,2,True,a45d25883979,5.469942000217998,latency-3ea9595d692c.csv
1,3ea9595d692c,2025-10-15T11:45:00.923757,grail,from,94,True,a45d25883979,6.18904399971143,latency-3ea9595d692c.csv
1,3ea9595d692c,2025-10-15T11:45:01.040773,shrek3,its,1,True,a45d25883979,9.480718000304478,latency-3ea9595d692c.csv
1,3ea9595d692c,2025-10-15T11:45:01.158251,shrek3,bed,10,True,a45d25883979,13.731889000155206,latency-3ea9595d692c.csv
1,3ea9595d692c,2025-10-15T11:45:01.279511,grail,BEDEVERE,103,True,72ad01c69167,11.788765999881434,latency-3ea9595d692c.csv
1,3ea9595d692c,2025-10-15T11:45:01.405114,shrek3,JOCKS,2,True,1de2274fea60,14.44219500035615,latency-3ea9595d692c.csv
1,3ea9595d692c,2025-10-15T11:45:01.535921,grail,To,718,True,a45d25883979,8.189506999769947,latency-3ea9595d692c.csv
1,3ea9595d692c,2025-10-15T11:45:01.655215,shrek3,supposed,11,True,a45d25883979,7.60950399990179,latency-3ea9595d692c.csv
1,3ea9595d692c,2025-10-15T11:45:01.772242,shrek,I,386,True,72ad01c69167,6.554260999564576,latency-3ea9595d692c.csv
1,3ea9595d692c,2025-10-15T11:45:01.888299,grail,Tm,5,True,72ad01c69167,6.221482000000833,latency-3ea9595d692c.csv
1,3ea9595d692c,2025-10-15T11:45:02.002035,shrek,CROWD,5,True,72ad01c69167,7.391143999939231,latency-3ea9595d692c.csv
1,3ea9595d692c,2025-10-15T11:45:02.118991,grail,Get,47,True,72ad01c69167,5.348018999939086,latency-3ea9595d692c.csv
1,3ea9595d692c,2025-10-15T11:45:02.229922,grail,since,10,False,a45d25883979,13.37069999999585,latency-3ea9595d692c.csv
1,3ea9595d692c,2025-10-15T11:45:02.352592,shrek,I,386,True,72ad01c69167,7.171451999965939,latency-3ea9595d692c.csv
1,3ea9595d692c,2025-10-15T11:45:02.468583,shrek3,Arg,1,False,72ad01c69167,27.625893999811524,latency-3ea9595d692c.csv
1,3ea9595d692c,2025-10-15T11:45:02.606753,shrek,SHREK,433,True,a45d25883979,6.743416000063007,latency-3ea9595d692c.csv
1,3ea9595d692c,2025-10-15T11:45:02.723773,shrek3,us,12,False,a45d25883979,12.39538000027096,latency-3ea9595d692c.csv
1,3ea9595d692c,2025-10-15T11:45:02.843471,shrek3,flaming,2,False,a45d25883979,11.854382999899826,latency-3ea9595d692c.csv
1,3ea9595d692c,2025-10-15T11:45:02.961797,shrek,your,49,True,a45d25883979,10.366543000145612,latency-3ea9595d692c.csv
1,3ea9595d692c,2025-10-15T11:45:03.083678,shrek3,Gingerbread,37,True,a45d25883979,18.01412800023172,latency-3ea9595d692c.csv
2,3ea9595d692c,2025-10-15T11:45:03.210186,shrek3,JOCKS,2,True,a45d25883979,8.922255000015866,latency-3ea9595d692c.csv
2,3ea9595d692c,2025-10-15T11:45:03.329204,grail,from,94,True,a45d25883979,12.285695999707968,latency-3ea9595d692c.csv
2,3ea9595d692c,2025-10-15T11:45:03.451785,shrek3,its,1,True,72ad01c69167,13.718506000259367,latency-3ea9595d692c.csv
2,3ea9595d692c,2025-10-15T11:45:03.579397,shrek3,bed,10,True,a45d25883979,7.134660999781772,latency-3ea9595d692c.csv
2,3ea9595d692c,2025-10-15T11:45:03.694208,grail,BEDEVERE,103,True,1de2274fea60,6.029754000337562,latency-3ea9595d692c.csv
2,3ea9595d692c,2025-10-15T11:45:03.808765,shrek3,JOCKS,2,True,1de2274fea60,8.585385000060342,latency-3ea9595d692c.csv
2,3ea9595d692c,2025-10-15T11:45:03.926592,grail,To,718,True,1de2274fea60,8.895333000054961,latency-3ea9595d692c.csv
2,3ea9595d692c,2025-10-15T11:45:04.048207,shrek3,supposed,11,True,a45d25883979,7.681277999836311,latency-3ea9595d692c.csv
2,3ea9595d692c,2025-10-15T11:45:04.164401,shrek,I,386,True,a45d25883979,6.19667799992385,latency-3ea9595d692c.csv
2,3ea9595d692c,2025-10-15T11:45:04.278598,grail,Tm,5,True,a45d25883979,8.796155000254657,latency-3ea9595d692c.csv
2,3ea9595d692c,2025-10-15T11:45:04.396742,shrek,CROWD,5,True,a45d25883979,9.239485999842143,latency-3ea9595d692c.csv
2,3ea9595d692c,2025-10-15T11:45:04.539161,grail,Get,47,True,a45d25883979,7.063606999963668,latency-3ea9595d692c.csv
2,3ea9595d692c,2025-10-15T11:45:04.652662,grail,since,10,True,a45d25883979,5.141817000094306,latency-3ea9595d692c.csv
2,3ea9595d692c,2025-10-15T11:45:04.762224,shrek,I,386,True,a45d25883979,6.526071999815031,latency-3ea9595d692c.csv
2,3ea9595d692c,2025-10-15T11:45:04.878179,shrek3,Arg,1,True,a45d25883979,8.98220199997013,latency-3ea9595d692c.csv
2,3ea9595d692c,2025-10-15T11:45:04.997454,shrek,SHREK,433,True,72ad01c69167,18.860152999877755,latency-3ea9595d692c.csv
2,3ea9595d692c,2025-10-15T11:45:05.125724,shrek3,us,12,True,a45d25883979,9.378261000165368,latency-3ea9595d692c.csv
2,3ea9595d692c,2025-10-15T11:45:05.242608,shrek3,flaming,2,True,a45d25883979,7.68255599996337,latency-3ea9595d692c.csv
2,3ea9595d692c,2025-10-15T11:45:05.357991,shrek,your,49,True,a45d25883979,9.034136999616749,latency-3ea9595d692c.csv
2,3ea9595d692c,2025-10-15T11:45:05.477255,shrek3,Gingerbread,37,True,a45d25883979,10.68712599999344,latency-3ea9595d692c.csv
1,3f6a2c58e6ad,2025-10-15T11:45:05.615513,grail,Rostmm,1,True,a45d25883979,8.33764400022119,latency-3f6a2c58e6ad.csv
1,3f6a2c58e6ad,2025-10-15T11:45:05.730783,shrek3,CHARMING,232,True,a45d25883979,5.8008930000141845,latency-3f6a2c58e6ad.csv
1,3f6a2c58e6ad,2025-10-15T11:45:05.841919,shrek,swamp,18,True,a45d25883979,7.014025999978912,latency-3f6a2c58e6ad.csv
1,3f6a2c58e6ad,2025-10-15T11:45:05.956539,shrek,its,1,True,a45d25883979,9.442139999919164,latency-3f6a2c58e6ad.csv
1,3f6a2c58e6ad,2025-10-15T11:45:06.074635,grail,the,1600,True,a45d25883979,6.471607000094082,latency-3f6a2c58e6ad.csv
1,3f6a2c58e6ad,2025-10-15T11:45:06.186778,shrek,afraid,8,False,a45d25883979,11.615023000103974,latency-3f6a2c58e6ad.csv
1,3f6a2c58e6ad,2025-10-15T11:45:06.304360,shrek,don't,72,True,72ad01c69167,6.859541999801877,latency-3f6a2c58e6ad.csv
1,3f6a2c58e6ad,2025-10-15T11:45:06.423013,shrek,its,1,True,72ad01c69167,5.226726999808307,latency-3f6a2c58e6ad.csv
1,3f6a2c58e6ad,2025-10-15T11:45:06.534324,shrek3,boomerang,1,True,72ad01c69167,6.818781000220042,latency-3f6a2c58e6ad.csv
1,3f6a2c58e6ad,2025-10-15T11:45:06.647364,shrek3,the,1285,True,a45d25883979,8.473877000142238,latency-3f6a2c58e6ad.csv
1,3f6a2c58e6ad,2025-10-15T11:45:06.762310,shrek,DONKEY,320,True,72ad01c69167,11.124710000331106,latency-3f6a2c58e6ad.csv
1,3f6a2c58e6ad,2025-10-15T11:45:06.881299,grail,dancing,10,True,72ad01c69167,7.823550000011892,latency-3f6a2c58e6ad.csv
1,3f6a2c58e6ad,2025-10-15T11:45:07.002600,shrek3,right,36,True,72ad01c69167,11.756518000311187,latency-3f6a2c58e6ad.csv
1,3f6a2c58e6ad,2025-10-15T11:45:07.139465,shrek,not,50,True,a45d25883979,9.925865000241174,latency-3f6a2c58e6ad.csv
1,3f6a2c58e6ad,2025-10-15T11:45:07.259260,grail,the,1600,True,a45d25883979,11.64776699988579,latency-3f6a2c58e6ad.csv
1,3f6a2c58e6ad,2025-10-15T11:45:07.379212,grail,To,718,True,72ad01c69167,4.321513999911986,latency-3f6a2c58e6ad.csv
1,3f6a2c58e6ad,2025-10-15T11:45:07.489200,shrek,DONKEY,320,True,a45d25883979,5.582287999914115,latency-3f6a2c58e6ad.csv
1,3f6a2c58e6ad,2025-10-15T11:45:07.601694,shrek,SHREK,433,True,a45d25883979,4.171087000031548,latency-3f6a2c58e6ad.csv
1,3f6a2c58e6ad,2025-10-15T11:45:07.710309,shrek,whole,10,True,a45d25883979,10.584977000235083,latency-3f6a2c58e6ad.csv
1,3f6a2c58e6ad,2025-10-15T11:45:07.826997,grail,door,14,False,72ad01c69167,16.495823999775894,latency-3f6a2c58e6ad.csv
2,3f6a2c58e6ad,2025-10-15T11:45:07.952806,grail,Rostmm,1,True,a45d25883979,4.518045000168058,latency-3f6a2c58e6ad.csv
2,3f6a2c58e6ad,2025-10-15T11:45:08.063226,shrek3,CHARMING,232,True,a45d25883979,7.421258000249509,latency-3f6a2c58e6ad.csv
2,3f6a2c58e6ad,2025-10-15T11:45:08.180839,shrek,swamp,18,True,72ad01c69167,6.7075510000904615,latency-3f6a2c58e6ad.csv
2,3f6a2c58e6ad,2025-10-15T11:45:08.293239,shrek,its,1,True,72ad01c69167,9.899378000227443,latency-3f6a2c58e6ad.csv
2,3f6a2c58e6ad,2025-10-15T11:45:08.410901,grail,the,1600,True,a45d25883979,9.196963999784202,latency-3f6a2c58e6ad.csv
2,3f6a2c58e6ad,2025-10-15T11:45:08.528300,shrek,afraid,8,True,1de2274fea60,10.530325000218,latency-3f6a2c58e6ad.csv
2,3f6a2c58e6ad,2025-10-15T11:45:08.644996,shrek,don't,72,True,1de2274fea60,8.246666999639274,latency-3f6a2c58e6ad.csv
2,3f6a2c58e6ad,2025-10-15T11:45:08.763170,shrek,its,1,True,a45d25883979,12.567373999900155,latency-3f6a2c58e6ad.csv
2,3f6a2c58e6ad,2025-10-15T11:45:08.892083,shrek3,boomerang,1,True,a45d25883979,8.396739000090747,latency-3f6a2c58e6ad.csv
2,3f6a2c58e6ad,2025-10-15T11:45:09.014383,shrek3,the,1285,True,a45d25883979,6.408152999938466,latency-3f6a2c58e6ad.csv
2,3f6a2c58e6ad,2025-10-15T11:45:09.129612,shrek,DONKEY,320,True,a45d25883979,8.339311000327143,latency-3f6a2c58e6ad.csv
2,3f6a2c58e6ad,2025-10-15T11:45:09.251148,grail,dancing,10,True,a45d25883979,5.600137999863364,latency-3f6a2c58e6ad.csv
2,3f6a2c58e6ad,2025-10-15T11:45:09.367974,shrek3,right,36,True,a45d25883979,7.845902999633836,latency-3f6a2c58e6ad.csv
2,3f6a2c58e6ad,2025-10-15T11:45:09.500540,shrek,not,50,True,1de2274fea60,7.629647999692679,latency-3f6a2c58e6ad.csv
2,3f6a2c58e6ad,2025-10-15T11:45:09.617224,grail,the,1600,True,a45d25883979,4.93941900003847,latency-3f6a2c58e6ad.csv
2,3f6a2c58e6ad,2025-10-15T11:45:09.727471,grail,To,718,True,a45d25883979,4.891131000022142,latency-3f6a2c58e6ad.csv
2,3f6a2c58e6ad,2025-10-15T11:45:09.837910,shrek,DONKEY,320,True,a45d25883979,7.87239999999656,latency-3f6a2c58e6ad.csv
2,3f6a2c58e6ad,2025-10-15T11:45:09.953008,shrek,SHREK,433,True,a45d25883979,4.686007000145764,latency-3f6a2c58e6ad.csv
2,3f6a2c58e6ad,2025-10-15T11:45:10.062709,shrek,whole,10,True,a45d25883979,5.454351000025781,latency-3f6a2c58e6ad.csv
2,3f6a2c58e6ad,2025-10-15T11:45:10.173854,grail,door,14,True,a45d25883979,4.923082000004797,latency-3f6a2c58e6ad.csv
1,3fe4d93f55d1,2025-10-15T11:46:01.074081,shrek,after,10,True,a45d25883979,9.545976000026712,latency-3fe4d93f55d1.csv
1,3fe4d93f55d1,2025-10-15T11:46:01.195789,shrek3,its,1,True,72ad01c69167,39.13681899985022,latency-3fe4d93f55d1.csv
1,3fe4d93f55d1,2025-10-15T11:46:01.354045,shrek,this,79,True,a45d25883979,20.000679999611748,latency-3fe4d93f55d1.csv
1,3fe4d93f55d1,2025-10-15T11:46:01.501113,grail,from,94,True,a45d25883979,25.488190000032773,latency-3fe4d93f55d1.csv
1,3fe4d93f55d1,2025-10-15T11:46:01.653435,shrek,this,79,True,a45d25883979,56.51333199966757,latency-3fe4d93f55d1.csv
1,3fe4d93f55d1,2025-10-15T11:46:01.840194,shrek3,JOCKS,2,True,1de2274fea60,40.95912299999327,latency-3fe4d93f55d1.csv
1,3fe4d93f55d1,2025-10-15T11:46:02.032474,shrek,MAN,38,True,72ad01c69167,29.947225999876537,latency-3fe4d93f55d1.csv
1,3fe4d93f55d1,2025-10-15T11:46:02.182222,shrek3,Shrek,678,True,1de2274fea60,38.92113999972935,latency-3fe4d93f55d1.csv
1,3fe4d93f55d1,2025-10-15T11:46:02.393129,grail,“I,0,True,a45d25883979,54.81510399977197,latency-3fe4d93f55d1.csv
1,3fe4d93f55d1,2025-10-15T11:46:02.612779,shrek,Blah,1,True,72ad01c69167,36.05853299995943,latency-3fe4d93f55d1.csv
1,3fe4d93f55d1,2025-10-15T11:46:02.797512,shrek3,SHREK,678,True,72ad01c69167,33.64382699965063,latency-3fe4d93f55d1.csv
1,3fe4d93f55d1,2025-10-15T11:46:02.958020,shrek,But,73,True,72ad01c69167,33.147022999855835,latency-3fe4d93f55d1.csv
1,3fe4d93f55d1,2025-10-15T11:46:03.155171,shrek,you,409,True,a45d25883979,31.77246900031605,latency-3fe4d93f55d1.csv
1,3fe4d93f55d1,2025-10-15T11:46:03.318727,shrek3,glass,9,True,a45d25883979,14.393351999842707,latency-3fe4d93f55d1.csv
1,3fe4d93f55d1,2025-10-15T11:46:03.464123,shrek3,right,36,True,a45d25883979,13.865751000139426,latency-3fe4d93f55d1.csv
1,3fe4d93f55d1,2025-10-15T11:46:03.591022,grail,feel,11,True,1de2274fea60,25.81358299994463,latency-3fe4d93f55d1.csv
1,3fe4d93f55d1,2025-10-15T11:46:03.729990,grail,pathetic,4,True,a45d25883979,24.86818299985316,latency-3fe4d93f55d1.csv
1,3fe4d93f55d1,2025-10-15T11:46:03.871533,grail,G,6,True,a45d25883979,11.367073000201344,latency-3fe4d93f55d1.csv
1,3fe4d93f55d1,2025-10-15T11:46:04.002146,grail,TV,2,True,a45d25883979,31.80830400015111,latency-3fe4d93f55d1.csv
1,3fe4d93f55d1,2025-10-15T11:46:04.156473,shrek,FIONA,211,True,a45d25883979,28.68671899977926,latency-3fe4d93f55d1.csv
2,3fe4d93f55d1,2025-10-15T11:46:04.303193,shrek,after,10,True,1de2274fea60,23.68203900005028,latency-3fe4d93f55d1.csv
2,3fe4d93f55d1,2025-10-15T11:46:04.448657,shrek3,its,1,True,a45d25883979,24.061170000095444,latency-3fe4d93f55d1.csv
2,3fe4d93f55d1,2025-10-15T11:46:04.596737,shrek,this,79,True,a45d25883979,12.555805000374676,latency-3fe4d93f55d1.csv
2,3fe4d93f55d1,2025-10-15T11:46:04.717747,grail,from,94,True,a45d25883979,15.06321900023977,latency-3fe4d93f55d1.csv
2,3fe4d93f55d1,2025-10-15T11:46:04.848298,shrek,this,79,True,a45d25883979,6.740985999840632,latency-3fe4d93f55d1.csv
2,3fe4d93f55d1,2025-10-15T11:46:04.967836,shrek3,JOCKS,2,True,1de2274fea60,9.548561999963567,latency-3fe4d93f55d1.csv
2,3fe4d93f55d1,2025-10-15T11:46:05.086621,shrek,MAN,38,True,72ad01c69167,13.865030000033585,latency-3fe4d93f55d1.csv
2,3fe4d93f55d1,2025-10-15T11:46:05.212134,shrek3,Shrek,678,True,72ad01c69167,12.856239000029746,latency-3fe4d93f55d1.csv
2,3fe4d93f55d1,2025-10-15T11:46:05.344920,grail,“I,0,True,72ad01c69167,40.67314699977942,latency-3fe4d93f55d1.csv
2,3fe4d93f55d1,2025-10-15T11:46:05.528752,shrek,Blah,1,True,72ad01c69167,10.925573999884364,latency-3fe4d93f55d1.csv
2,3fe4d93f55d1,2025-10-15T11:46:05.649335,shrek3,SHREK,678,True,1de2274fea60,11.052191000089806,latency-3fe4d93f55d1.csv
2,3fe4d93f55d1,2025-10-15T11:46:05.773072,shrek,But,73,True,a45d25883979,11.082042999987609,latency-3fe4d93f55d1.csv
2,3fe4d93f55d1,2025-10-15T11:46:05.891742,shrek,you,409,True,a45d25883979,7.065640000291751,latency-3fe4d93f55d1.csv
2,3fe4d93f55d1,2025-10-15T11:46:06.007190,shrek3,glass,9,True,1de2274fea60,9.576671000104398,latency-3fe4d93f55d1.csv
2,3fe4d93f55d1,2025-10-15T11:46:06.123912,shrek3,right,36,True,a45d25883979,8.96790599972519,latency-3fe4d93f55d1.csv
2,3fe4d93f55d1,2025-10-15T11:46:06.242031,grail,feel,11,True,a45d25883979,18.719387999681203,latency-3fe4d93f55d1.csv
2,3fe4d93f55d1,2025-10-15T11:46:06.375138,grail,pathetic,4,True,a45d25883979,12.526632999652064,latency-3fe4d93f55d1.csv
2,3fe4d93f55d1,2025-10-15T11:46:06.498975,grail,G,6,True,a45d25883979,7.651207999970211,latency-3fe4d93f55d1.csv
2,3fe4d93f55d1,2025-10-15T11:46:06.614284,grail,TV,2,True,a45d25883979,14.212946000043305,latency-3fe4d93f55d1.csv
2,3fe4d93f55d1,2025-10-15T11:46:06.743408,shrek,FIONA,211,True,a45d25883979,7.817106999937096,latency-3fe4d93f55d1.csv
1,3ffadfecef7a,2025-10-15T11:45:43.875601,shrek3,the,1285,True,a45d25883979,6.749966999905155,latency-3ffadfecef7a.csv
1,3ffadfecef7a,2025-10-15T11:45:43.989579,shrek3,and,576,True,72ad01c69167,8.044730999699823,latency-3ffadfecef7a.csv
1,3ffadfecef7a,2025-10-15T11:45:44.104630,grail,Rostmm,1,True,72ad01c69167,10.46138699985022,latency-3ffadfecef7a.csv
1,3ffadfecef7a,2025-10-15T11:45:44.221961,shrek3,SHOUTING),0,True,72ad01c69167,8.015975000034814,latency-3ffadfecef7a.csv
1,3ffadfecef7a,2025-10-15T11:45:44.337657,grail,I,298,True,72ad01c69167,10.695436999867525,latency-3ffadfecef7a.csv
1,3ffadfecef7a,2025-10-15T11:45:44.473983,shrek,to,268,True,a45d25883979,7.002609000210214,latency-3ffadfecef7a.csv
1,3ffadfecef7a,2025-10-15T11:45:44.588774,shrek3,bed,10,True,a45d25883979,5.887207999876409,latency-3ffadfecef7a.csv
1,3ffadfecef7a,2025-10-15T11:45:44.700690,shrek3,DONKEY,243,True,a45d25883979,8.295378999719105,latency-3ffadfecef7a.csv
1,3ffadfecef7a,2025-10-15T11:45:44.815411,shrek,I,386,True,a45d25883979,7.022171000244271,latency-3ffadfecef7a.csv
1,3ffadfecef7a,2025-10-15T11:45:44.929054,shrek,SHREK,433,True,a45d25883979,8.172800000011193,latency-3ffadfecef7a.csv
1,3ffadfecef7a,2025-10-15T11:45:45.044569,grail,music,21,True,a45d25883979,9.170958000140672,latency-3ffadfecef7a.csv
1,3ffadfecef7a,2025-10-15T11:45:45.161664,shrek,SHREK,433,True,a45d25883979,7.682400999783567,latency-3ffadfecef7a.csv
1,3ffadfecef7a,2025-10-15T11:45:45.277261,shrek,this,79,True,72ad01c69167,8.502675999807252,latency-3ffadfecef7a.csv
1,3ffadfecef7a,2025-10-15T11:45:45.393540,shrek3,you,328,True,1de2274fea60,9.132302000125492,latency-3ffadfecef7a.csv
1,3ffadfecef7a,2025-10-15T11:45:45.508659,shrek,FIONA,211,True,72ad01c69167,7.324816000163992,latency-3ffadfecef7a.csv
1,3ffadfecef7a,2025-10-15T11:45:45.624723,shrek3,TO,511,True,a45d25883979,9.592692999831344,latency-3ffadfecef7a.csv
1,3ffadfecef7a,2025-10-15T11:45:45.743777,shrek,SHREK,433,True,72ad01c69167,7.777510000323673,latency-3ffadfecef7a.csv
1,3ffadfecef7a,2025-10-15T11:45:45.873176,grail,Cleveland,3,True,a45d25883979,5.11390899964681,latency-3ffadfecef7a.csv
1,3ffadfecef7a,2025-10-15T11:45:45.984633,shrek,DONKEY,320,True,a45d25883979,6.679184999939025,latency-3ffadfecef7a.csv
1,3ffadfecef7a,2025-10-15T11:45:46.098382,shrek3,EVIL,59,True,a45d25883979,4.63023800011797,latency-3ffadfecef7a.csv
2,3ffadfecef7a,2025-10-15T11:45:46.208500,shrek3,the,1285,True,a45d25883979,5.020588000206772,latency-3ffadfecef7a.csv
2,3ffadfecef7a,2025-10-15T11:45:46.318840,shrek3,and,576,True,a45d25883979,7.128376999844477,latency-3ffadfecef7a.csv
2,3ffadfecef7a,2025-10-15T11:45:46.433225,grail,Rostmm,1,True,a45d25883979,6.316188999790029,latency-3ffadfecef7a.csv
2,3ffadfecef7a,2025-10-15T11:45:46.545471,shrek3,SHOUTING),0,True,a45d25883979,5.864740000106394,latency-3ffadfecef7a.csv
2,3ffadfecef7a,2025-10-15T11:45:46.659729,grail,I,298,True,a45d25883979,8.228208000218729,latency-3ffadfecef7a.csv
2,3ffadfecef7a,2025-10-15T11:45:46.776198,shrek,to,268,True,a45d25883979,5.838984000092751,latency-3ffadfecef7a.csv
2,3ffadfecef7a,2025-10-15T11:45:46.889151,shrek3,bed,10,True,a45d25883979,9.259884999664791,latency-3ffadfecef7a.csv
2,3ffadfecef7a,2025-10-15T11:45:47.005417,shrek3,DONKEY,243,True,a45d25883979,5.733534000228246,latency-3ffadfecef7a.csv
2,3ffadfecef7a,2025-10-15T11:45:47.117103,shrek,I,386,True,1de2274fea60,10.88117399967814,latency-3ffadfecef7a.csv
2,3ffadfecef7a,2025-10-15T11:45:47.240052,shrek,SHREK,433,True,1de2274fea60,9.659026999997876,latency-3ffadfecef7a.csv
2,3ffadfecef7a,2025-10-15T11:45:47.359519,grail,music,21,True,1de2274fea60,13.814475999879503,latency-3ffadfecef7a.csv
2,3ffadfecef7a,2025-10-15T11:45:47.499130,shrek,SHREK,433,True,1de2274fea60,8.152106000125059,latency-3ffadfecef7a.csv
2,3ffadfecef7a,2025-10-15T11:45:47.616921,shrek,this,79,True,1de2274fea60,5.935492999924463,latency-3ffadfecef7a.csv
2,3ffadfecef7a,2025-10-15T11:45:47.729318,shrek3,you,328,True,72ad01c69167,7.447193000189145,latency-3ffadfecef7a.csv
2,3ffadfecef7a,2025-10-15T11:45:47.842436,shrek,FIONA,211,True,72ad01c69167,5.420344999947702,latency-3ffadfecef7a.csv
2,3ffadfecef7a,2025-10-15T11:45:47.953433,shrek3,TO,511,True,72ad01c69167,8.019531999707397,latency-3ffadfecef7a.csv
2,3ffadfecef7a,2025-10-15T11:45:48.067961,shrek,SHREK,433,True,72ad01c69167,9.60371400014992,latency-3ffadfecef7a.csv
2,3ffadfecef7a,2025-10-15T11:45:48.183209,grail,Cleveland,3,True,72ad01c69167,8.78812700011622,latency-3ffadfecef7a.csv
2,3ffadfecef7a,2025-10-15T11:45:48.300640,shrek,DONKEY,320,True,72ad01c69167,8.358993000001647,latency-3ffadfecef7a.csv
2,3ffadfecef7a,2025-10-15T11:45:48.415453,shrek3,EVIL,59,True,72ad01c69167,5.57196899990231,latency-3ffadfecef7a.csv
1,40505c75d1c9,2025-10-15T11:46:28.783356,shrek,rising,1,True,a45d25883979,5.740914999933011,latency-40505c75d1c9.csv
1,40505c75d1c9,2025-10-15T11:46:28.895701,shrek3,WOLF,7,True,a45d25883979,5.095294000057038,latency-40505c75d1c9.csv
1,40505c75d1c9,2025-10-15T11:46:29.007899,shrek,tell,25,True,a45d25883979,6.223719999979949,latency-40505c75d1c9.csv
1,40505c75d1c9,2025-10-15T11:46:29.123100,shrek,lay,2,True,a45d25883979,6.387452000126359,latency-40505c75d1c9.csv
1,40505c75d1c9,2025-10-15T11:46:29.237646,shrek,whole,10,True,a45d25883979,5.591550000190182,latency-40505c75d1c9.csv
1,40505c75d1c9,2025-10-15T11:46:29.351276,grail,on,139,True,a45d25883979,5.092397999760578,latency-40505c75d1c9.csv
1,40505c75d1c9,2025-10-15T11:46:29.462101,grail,I,298,True,a45d25883979,6.666369999948074,latency-40505c75d1c9.csv
1,40505c75d1c9,2025-10-15T11:46:29.578371,shrek,don't,72,True,a45d25883979,7.230508999782614,latency-40505c75d1c9.csv
1,40505c75d1c9,2025-10-15T11:46:29.695626,shrek,FIONA,211,True,a45d25883979,4.671720000260393,latency-40505c75d1c9.csv
1,40505c75d1c9,2025-10-15T11:46:29.804984,shrek3,time,23,True,a45d25883979,5.518211999969935,latency-40505c75d1c9.csv
1,40505c75d1c9,2025-10-15T11:46:29.915696,shrek3,Whoa,7,True,a45d25883979,5.0635319998946215,latency-40505c75d1c9.csv
1,40505c75d1c9,2025-10-15T11:46:30.026093,shrek,GUARD,25,True,a45d25883979,4.719045999991067,latency-40505c75d1c9.csv
1,40505c75d1c9,2025-10-15T11:46:30.135780,grail,feel,11,True,a45d25883979,5.2957980001338,latency-40505c75d1c9.csv
1,40505c75d1c9,2025-10-15T11:46:30.246134,shrek3,time,23,True,a45d25883979,4.669501000080345,latency-40505c75d1c9.csv
1,40505c75d1c9,2025-10-15T11:46:30.356207,shrek,your,49,True,a45d25883979,6.683108999823162,latency-40505c75d1c9.csv
1,40505c75d1c9,2025-10-15T11:46:30.470126,grail,19Prince,0,True,a45d25883979,7.599300000038056,latency-40505c75d1c9.csv
1,40505c75d1c9,2025-10-15T11:46:30.583705,grail,Cleese,10,True,a45d25883979,5.338000999927317,latency-40505c75d1c9.csv
1,40505c75d1c9,2025-10-15T11:46:30.694548,shrek3,Donkey,243,True,a45d25883979,6.536393000260432,latency-40505c75d1c9.csv
1,40505c75d1c9,2025-10-15T11:46:30.807179,shrek3,"Suddenly,",0,True,a45d25883979,5.402992000199447,latency-40505c75d1c9.csv
1,40505c75d1c9,2025-10-15T11:46:30.917638,shrek3,EVIL,59,True,1de2274fea60,6.103917999553232,latency-40505c75d1c9.csv
2,40505c75d1c9,2025-10-15T11:46:31.029530,shrek,rising,1,True,1de2274fea60,10.989985999913188,latency-40505c75d1c9.csv
2,40505c75d1c9,2025-10-15T11:46:31.148666,shrek3,WOLF,7,True,1de2274fea60,6.659033000232739,latency-40505c75d1c9.csv
2,40505c75d1c9,2025-10-15T11:46:31.261542,shrek,tell,25,True,72ad01c69167,11.155843999858917,latency-40505c75d1c9.csv
2,40505c75d1c9,2025-10-15T11:46:31.380597,shrek,lay,2,True,72ad01c69167,9.22340199986138,latency-40505c75d1c9.csv
2,40505c75d1c9,2025-10-15T11:46:31.496881,shrek,whole,10,True,72ad01c69167,11.95823299985932,latency-40505c75d1c9.csv
2,40505c75d1c9,2025-10-15T11:46:31.620154,grail,on,139,True,72ad01c69167,8.132762999593979,latency-40505c75d1c9.csv
2,40505c75d1c9,2025-10-15T11:46:31.739021,grail,I,298,True,a45d25883979,9.36511200006862,latency-40505c75d1c9.csv
2,40505c75d1c9,2025-10-15T11:46:31.860331,shrek,don't,72,True,a45d25883979,6.288297000082821,latency-40505c75d1c9.csv
2,40505c75d1c9,2025-10-15T11:46:31.982215,shrek,FIONA,211,True,a45d25883979,5.894186999739759,latency-40505c75d1c9.csv
2,40505c75d1c9,2025-10-15T11:46:32.097592,shrek3,time,23,True,a45d25883979,7.306713000161835,latency-40505c75d1c9.csv
2,40505c75d1c9,2025-10-15T11:46:32.212672,shrek3,Whoa,7,True,a45d25883979,6.97346299966739,latency-40505c75d1c9.csv
2,40505c75d1c9,2025-10-15T11:46:32.326657,shrek,GUARD,25,True,a45d25883979,4.695415999776742,latency-40505c75d1c9.csv
2,40505c75d1c9,2025-10-15T11:46:32.441195,grail,feel,11,True,a45d25883979,4.791403000126593,latency-40505c75d1c9.csv
2,40505c75d1c9,2025-10-15T11:46:32.552460,shrek3,time,23,True,a45d25883979,4.920429000321747,latency-40505c75d1c9.csv
2,40505c75d1c9,2025-10-15T11:46:32.664446,shrek,your,49,True,a45d25883979,5.076492000171129,latency-40505c75d1c9.csv
2,40505c75d1c9,2025-10-15T11:46:32.775958,grail,19Prince,0,True,a45d25883979,4.8722249998718326,latency-40505c75d1c9.csv
2,40505c75d1c9,2025-10-15T11:46:32.887678,grail,Cleese,10,True,a45d25883979,6.659338999725151,latency-40505c75d1c9.csv
2,40505c75d1c9,2025-10-15T11:46:33.000128,shrek3,Donkey,243,True,a45d25883979,5.105573000037111,latency-40505c75d1c9.csv
2,40505c75d1c9,2025-10-15T11:46:33.110940,shrek3,"Suddenly,",0,True,a45d25883979,6.643127000188542,latency-40505c75d1c9.csv
2,40505c75d1c9,2025-10-15T11:46:33.224356,shrek3,EVIL,59,True,a45d25883979,5.292390999784402,latency-40505c75d1c9.csv
1,40d5e65f7be8,2025-10-15T11:46:22.245127,shrek3,"Bay""",0,True,1de2274fea60,7.8782579998915025,latency-40d5e65f7be8.csv
1,40d5e65f7be8,2025-10-15T11:46:22.363193,shrek3,flaming,2,True,a45d25883979,14.223338999727275,latency-40d5e65f7be8.csv
1,40d5e65f7be8,2025-10-15T11:46:22.493787,shrek3,SHREK,678,True,a45d25883979,7.890977999977622,latency-40d5e65f7be8.csv
1,40d5e65f7be8,2025-10-15T11:46:22.609197,grail,a,666,True,1de2274fea60,10.077172000364952,latency-40d5e65f7be8.csv
1,40d5e65f7be8,2025-10-15T11:46:22.728140,grail,are,114,True,1de2274fea60,9.685210000043298,latency-40d5e65f7be8.csv
1,40d5e65f7be8,2025-10-15T11:46:22.849042,shrek3,SHREK,678,True,72ad01c69167,15.23110900006941,latency-40d5e65f7be8.csv
1,40d5e65f7be8,2025-10-15T11:46:22.979264,grail,since,10,True,72ad01c69167,11.439696999786976,latency-40d5e65f7be8.csv
1,40d5e65f7be8,2025-10-15T11:46:23.101423,shrek3,its,1,True,1de2274fea60,10.011113000018668,latency-40d5e65f7be8.csv
1,40d5e65f7be8,2025-10-15T11:46:23.221654,shrek,And,318,True,a45d25883979,9.46613799987972,latency-40d5e65f7be8.csv
1,40d5e65f7be8,2025-10-15T11:46:23.341801,grail,Eolio,2,True,a45d25883979,6.568941999830713,latency-40d5e65f7be8.csv
1,40d5e65f7be8,2025-10-15T11:46:23.454720,shrek,tale,7,True,1de2274fea60,12.709838999853671,latency-40d5e65f7be8.csv
1,40d5e65f7be8,2025-10-15T11:46:23.587971,grail,elected,2,True,a45d25883979,58.98389300000417,latency-40d5e65f7be8.csv
1,40d5e65f7be8,2025-10-15T11:46:23.847702,shrek,DONKEY,320,True,a45d25883979,42.20743199994104,latency-40d5e65f7be8.csv
1,40d5e65f7be8,2025-10-15T11:46:24.013033,shrek3,us,12,True,a45d25883979,15.177891999883286,latency-40d5e65f7be8.csv
1,40d5e65f7be8,2025-10-15T11:46:24.143101,shrek,FARQUAAD,84,True,1de2274fea60,22.32308299971919,latency-40d5e65f7be8.csv
1,40d5e65f7be8,2025-10-15T11:46:24.283092,shrek3,get,39,True,72ad01c69167,17.219973999999638,latency-40d5e65f7be8.csv
1,40d5e65f7be8,2025-10-15T11:46:24.414931,grail,are,114,True,72ad01c69167,9.27578300024834,latency-40d5e65f7be8.csv
1,40d5e65f7be8,2025-10-15T11:46:24.532452,shrek3,Third,121,True,a45d25883979,10.008523999658792,latency-40d5e65f7be8.csv
1,40d5e65f7be8,2025-10-15T11:46:24.655218,grail,To,718,True,a45d25883979,9.3908960002409,latency-40d5e65f7be8.csv
1,40d5e65f7be8,2025-10-15T11:46:24.777049,grail,the,1600,True,a45d25883979,18.999786999756907,latency-40d5e65f7be8.csv
2,40d5e65f7be8,2025-10-15T11:46:24.906467,shrek3,"Bay""",0,True,72ad01c69167,4.914648000067245,latency-40d5e65f7be8.csv
2,40d5e65f7be8,2025-10-15T11:46:25.018312,shrek3,flaming,2,True,a45d25883979,8.381563000057213,latency-40d5e65f7be8.csv
2,40d5e65f7be8,2025-10-15T11:46:25.132766,shrek3,SHREK,678,True,a45d25883979,14.311710000129096,latency-40d5e65f7be8.csv
2,40d5e65f7be8,2025-10-15T11:46:25.262766,grail,a,666,True,a45d25883979,15.336649999881049,latency-40d5e65f7be8.csv
2,40d5e65f7be8,2025-10-15T11:46:25.392092,grail,are,114,True,a45d25883979,6.129420999968716,latency-40d5e65f7be8.csv
2,40d5e65f7be8,2025-10-15T11:46:25.507003,shrek3,SHREK,678,True,a45d25883979,5.428768000001583,latency-40d5e65f7be8.csv
2,40d5e65f7be8,2025-10-15T11:46:25.618944,grail,since,10,True,a45d25883979,7.179698000072676,latency-40d5e65f7be8.csv
2,40d5e65f7be8,2025-10-15T11:46:25.736012,shrek3,its,1,True,a45d25883979,7.619102999797178,latency-40d5e65f7be8.csv
2,40d5e65f7be8,2025-10-15T11:46:25.850796,shrek,And,318,True,72ad01c69167,5.205679000027885,latency-40d5e65f7be8.csv
2,40d5e65f7be8,2025-10-15T11:46:25.961685,grail,Eolio,2,True,a45d25883979,5.830284000239772,latency-40d5e65f7be8.csv
2,40d5e65f7be8,2025-10-15T11:46:26.073186,shrek,tale,7,True,a45d25883979,6.162551000215899,latency-40d5e65f7be8.csv
2,40d5e65f7be8,2025-10-15T11:46:26.185633,grail,elected,2,True,a45d25883979,6.442149000122299,latency-40d5e65f7be8.csv
2,40d5e65f7be8,2025-10-15T11:46:26.298608,shrek,DONKEY,320,True,a45d25883979,6.494486000065081,latency-40d5e65f7be8.csv
2,40d5e65f7be8,2025-10-15T11:46:26.410815,shrek3,us,12,True,72ad01c69167,22.98138600008315,latency-40d5e65f7be8.csv
2,40d5e65f7be8,2025-10-15T11:46:26.561114,shrek,FARQUAAD,84,True,72ad01c69167,18.887780000113708,latency-40d5e65f7be8.csv
2,40d5e65f7be8,2025-10-15T11:46:26.694888,shrek3,get,39,True,72ad01c69167,20.69010100012747,latency-40d5e65f7be8.csv
2,40d5e65f7be8,2025-10-15T11:46:26.822088,grail,are,114,True,a45d25883979,8.885868999641389,latency-40d5e65f7be8.csv
2,40d5e65f7be8,2025-10-15T11:46:26.948304,shrek3,Third,121,True,a45d25883979,7.046355000056792,latency-40d5e65f7be8.csv
2,40d5e65f7be8,2025-10-15T11:46:27.062254,grail,To,718,True,a45d25883979,5.207240999880014,latency-40d5e65f7be8.csv
2,40d5e65f7be8,2025-10-15T11:46:27.173253,grail,the,1600,True,a45d25883979,4.921396000099776,latency-40d5e65f7be8.csv
1,412cebe3803d,2025-10-15T11:45:37.771775,shrek3,the,1285,True,a45d25883979,4.828328999792575,latency-412cebe3803d.csv
1,412cebe3803d,2025-10-15T11:45:37.881935,grail,thus,5,True,72ad01c69167,5.850637000094139,latency-412cebe3803d.csv
1,412cebe3803d,2025-10-15T11:45:37.995229,grail,the,1600,True,1de2274fea60,8.707772999969166,latency-412cebe3803d.csv
1,412cebe3803d,2025-10-15T11:45:38.109915,grail,Yeah,13,True,1de2274fea60,6.813434999912715,latency-412cebe3803d.csv
1,412cebe3803d,2025-10-15T11:45:38.223230,shrek3,RAPUNZEL,30,True,1de2274fea60,6.38393500003076,latency-412cebe3803d.csv
1,412cebe3803d,2025-10-15T11:45:38.335506,shrek3,the,1285,True,1de2274fea60,6.017733000135195,latency-412cebe3803d.csv
1,412cebe3803d,2025-10-15T11:45:38.448833,shrek3,BOAT,32,True,72ad01c69167,7.159701000091445,latency-412cebe3803d.csv
1,412cebe3803d,2025-10-15T11:45:38.568851,shrek3,CHARMING,232,True,a45d25883979,9.53023200008829,latency-412cebe3803d.csv
1,412cebe3803d,2025-10-15T11:45:38.688130,grail,singing,33,True,72ad01c69167,8.40367699993294,latency-412cebe3803d.csv
1,412cebe3803d,2025-10-15T11:45:38.806471,grail,Get,47,True,a45d25883979,6.945170000108192,latency-412cebe3803d.csv
1,412cebe3803d,2025-10-15T11:45:38.921234,shrek,What,104,True,a45d25883979,10.753711000234034,latency-412cebe3803d.csv
1,412cebe3803d,2025-10-15T11:45:39.043613,grail,king,136,True,a45d25883979,17.302159999871947,latency-412cebe3803d.csv
1,412cebe3803d,2025-10-15T11:45:39.171108,shrek,this,79,True,72ad01c69167,9.196403000260034,latency-412cebe3803d.csv
1,412cebe3803d,2025-10-15T11:45:39.292131,shrek,DONKEY,320,True,a45d25883979,58.06428999994751,latency-412cebe3803d.csv
1,412cebe3803d,2025-10-15T11:45:39.486552,shrek,Aah,6,True,1de2274fea60,29.3573369999649,latency-412cebe3803d.csv
1,412cebe3803d,2025-10-15T11:45:39.644222,shrek,Nobody,4,True,a45d25883979,17.47866800042175,latency-412cebe3803d.csv
1,412cebe3803d,2025-10-15T11:45:39.771971,shrek,he,118,True,1de2274fea60,11.08084699990286,latency-412cebe3803d.csv
1,412cebe3803d,2025-10-15T11:45:39.894241,grail,is,317,True,a45d25883979,11.629028999777802,latency-412cebe3803d.csv
1,412cebe3803d,2025-10-15T11:45:40.014617,shrek,SHREK,433,True,a45d25883979,19.32689700015544,latency-412cebe3803d.csv
1,412cebe3803d,2025-10-15T11:45:40.150632,shrek3,of,275,True,1de2274fea60,9.463182000217785,latency-412cebe3803d.csv
2,412cebe3803d,2025-10-15T11:45:40.270310,shrek3,the,1285,True,1de2274fea60,7.3696709996511345,latency-412cebe3803d.csv
2,412cebe3803d,2025-10-15T11:45:40.388099,grail,thus,5,True,72ad01c69167,14.152465999814012,latency-412cebe3803d.csv
2,412cebe3803d,2025-10-15T11:45:40.514667,grail,the,1600,True,a45d25883979,9.787442000288138,latency-412cebe3803d.csv
2,412cebe3803d,2025-10-15T11:45:40.635338,grail,Yeah,13,True,1de2274fea60,8.795613999609486,latency-412cebe3803d.csv
2,412cebe3803d,2025-10-15T11:45:40.753292,shrek3,RAPUNZEL,30,True,72ad01c69167,23.678359999848908,latency-412cebe3803d.csv
2,412cebe3803d,2025-10-15T11:45:40.888049,shrek3,the,1285,True,a45d25883979,11.034237999865582,latency-412cebe3803d.csv
2,412cebe3803d,2025-10-15T11:45:41.007384,shrek3,BOAT,32,True,72ad01c69167,6.491644000107044,latency-412cebe3803d.csv
2,412cebe3803d,2025-10-15T11:45:41.120143,shrek3,CHARMING,232,True,72ad01c69167,12.858429000061731,latency-412cebe3803d.csv
2,412cebe3803d,2025-10-15T11:45:41.243721,grail,singing,33,True,1de2274fea60,7.216068000161613,latency-412cebe3803d.csv
2,412cebe3803d,2025-10-15T11:45:41.356788,grail,Get,47,True,72ad01c69167,7.270006999988254,latency-412cebe3803d.csv
2,412cebe3803d,2025-10-15T11:45:41.469706,shrek,What,104,True,72ad01c69167,8.348161999947479,latency-412cebe3803d.csv
2,412cebe3803d,2025-10-15T11:45:41.584785,grail,king,136,True,1de2274fea60,7.881455999722675,latency-412cebe3803d.csv
2,412cebe3803d,2025-10-15T11:45:41.698606,shrek,this,79,True,1de2274fea60,9.38097700009166,latency-412cebe3803d.csv
2,412cebe3803d,2025-10-15T11:45:41.816661,shrek,DONKEY,320,True,1de2274fea60,6.274542000028305,latency-412cebe3803d.csv
2,412cebe3803d,2025-10-15T11:45:41.928553,shrek,Aah,6,True,72ad01c69167,7.246275000397873,latency-412cebe3803d.csv
2,412cebe3803d,2025-10-15T11:45:42.079394,shrek,Nobody,4,True,a45d25883979,17.441566999877978,latency-412cebe3803d.csv
2,412cebe3803d,2025-10-15T11:45:42.213594,shrek,he,118,True,72ad01c69167,6.852772000002005,latency-412cebe3803d.csv
2,412cebe3803d,2025-10-15T11:45:42.326470,grail,is,317,True,72ad01c69167,6.902203000208829,latency-412cebe3803d.csv
2,412cebe3803d,2025-10-15T11:45:42.442353,shrek,SHREK,433,True,72ad01c69167,8.349223000095662,latency-412cebe3803d.csv
2,412cebe3803d,2025-10-15T11:45:42.561394,shrek3,of,275,True,a45d25883979,17.9310550001901,latency-412cebe3803d.csv
1,4202ba78ad77,2025-10-15T11:46:09.812135,shrek,lay,2,True,a45d25883979,8.436235999852215,latency-4202ba78ad77.csv
1,4202ba78ad77,2025-10-15T11:46:09.930985,shrek3,Im,1,True,a45d25883979,16.514960999757022,latency-4202ba78ad77.csv
1,4202ba78ad77,2025-10-15T11:46:10.059661,grail,Aaaaugh,9,True,a45d25883979,12.33357299997806,latency-4202ba78ad77.csv
1,4202ba78ad77,2025-10-15T11:46:10.182555,shrek,the,535,True,a45d25883979,8.231912999690394,latency-4202ba78ad77.csv
1,4202ba78ad77,2025-10-15T11:46:10.303099,shrek,baby,3,True,72ad01c69167,7.692393000070297,latency-4202ba78ad77.csv
1,4202ba78ad77,2025-10-15T11:46:10.417267,shrek,SHREK,433,True,72ad01c69167,6.892437000260543,latency-4202ba78ad77.csv
1,4202ba78ad77,2025-10-15T11:46:10.530176,shrek,DONKEY,320,True,72ad01c69167,8.04698299998563,latency-4202ba78ad77.csv
1,4202ba78ad77,2025-10-15T11:46:10.648691,grail,upon,13,True,72ad01c69167,5.774039000243647,latency-4202ba78ad77.csv
1,4202ba78ad77,2025-10-15T11:46:10.762294,grail,elected,2,True,72ad01c69167,8.971859000212135,latency-4202ba78ad77.csv
1,4202ba78ad77,2025-10-15T11:46:10.881722,grail,the,1600,True,72ad01c69167,8.970860999852448,latency-4202ba78ad77.csv
1,4202ba78ad77,2025-10-15T11:46:11.006691,shrek3,at,134,True,72ad01c69167,10.172682000302302,latency-4202ba78ad77.csv
1,4202ba78ad77,2025-10-15T11:46:11.124926,shrek,DONKEY,320,True,72ad01c69167,7.869487999869307,latency-4202ba78ad77.csv
1,4202ba78ad77,2025-10-15T11:46:11.239781,shrek,But,73,True,72ad01c69167,6.227914000191959,latency-4202ba78ad77.csv
1,4202ba78ad77,2025-10-15T11:46:11.354051,grail,upon,13,True,1de2274fea60,8.860486999765271,latency-4202ba78ad77.csv
1,4202ba78ad77,2025-10-15T11:46:11.470613,shrek3,body),0,True,72ad01c69167,13.02398699999685,latency-4202ba78ad77.csv
1,4202ba78ad77,2025-10-15T11:46:11.599059,grail,the,1600,True,1de2274fea60,13.20864099989194,latency-4202ba78ad77.csv
1,4202ba78ad77,2025-10-15T11:46:11.719619,shrek,not,50,True,1de2274fea60,7.654188000287831,latency-4202ba78ad77.csv
1,4202ba78ad77,2025-10-15T11:46:11.843617,shrek3,cues,3,True,1de2274fea60,15.252389000124822,latency-4202ba78ad77.csv
1,4202ba78ad77,2025-10-15T11:46:11.971227,shrek,SHREK,433,True,a45d25883979,10.895166999944196,latency-4202ba78ad77.csv
1,4202ba78ad77,2025-10-15T11:46:12.090189,grail,lost,6,True,72ad01c69167,15.304892000131076,latency-4202ba78ad77.csv
2,4202ba78ad77,2025-10-15T11:46:12.220672,shrek,lay,2,True,a45d25883979,9.09787000000506,latency-4202ba78ad77.csv
2,4202ba78ad77,2025-10-15T11:46:12.348503,shrek3,Im,1,True,1de2274fea60,18.237380000300615,latency-4202ba78ad77.csv
2,4202ba78ad77,2025-10-15T11:46:12.494757,grail,Aaaaugh,9,True,72ad01c69167,13.532230999771857,latency-4202ba78ad77.csv
2,4202ba78ad77,2025-10-15T11:46:12.623967,shrek,the,535,True,72ad01c69167,12.854671999775746,latency-4202ba78ad77.csv
2,4202ba78ad77,2025-10-15T11:46:12.756532,shrek,baby,3,True,a45d25883979,24.52962300003492,latency-4202ba78ad77.csv
2,4202ba78ad77,2025-10-15T11:46:12.923260,shrek,SHREK,433,True,72ad01c69167,28.874515000097745,latency-4202ba78ad77.csv
2,4202ba78ad77,2025-10-15T11:46:13.107369,shrek,DONKEY,320,True,72ad01c69167,47.00656500017431,latency-4202ba78ad77.csv
2,4202ba78ad77,2025-10-15T11:46:13.283378,grail,upon,13,True,a45d25883979,26.359895000041437,latency-4202ba78ad77.csv
2,4202ba78ad77,2025-10-15T11:46:13.429629,grail,elected,2,True,a45d25883979,16.062390999650233,latency-4202ba78ad77.csv
2,4202ba78ad77,2025-10-15T11:46:13.553879,grail,the,1600,True,1de2274fea60,19.4012400002066,latency-4202ba78ad77.csv
2,4202ba78ad77,2025-10-15T11:46:13.692068,shrek3,at,134,True,a45d25883979,17.473933000019315,latency-4202ba78ad77.csv
2,4202ba78ad77,2025-10-15T11:46:13.820192,shrek,DONKEY,320,True,1de2274fea60,18.72498899956554,latency-4202ba78ad77.csv
2,4202ba78ad77,2025-10-15T11:46:13.951588,shrek,But,73,True,1de2274fea60,12.90720399993006,latency-4202ba78ad77.csv
2,4202ba78ad77,2025-10-15T11:46:14.073460,grail,upon,13,True,1de2274fea60,13.11328500014497,latency-4202ba78ad77.csv
2,4202ba78ad77,2025-10-15T11:46:14.201450,shrek3,body),0,True,a45d25883979,13.997579000260885,latency-4202ba78ad77.csv
2,4202ba78ad77,2025-10-15T11:46:14.325177,grail,the,1600,True,a45d25883979,10.936812000181815,latency-4202ba78ad77.csv
2,4202ba78ad77,2025-10-15T11:46:14.446038,shrek,not,50,True,a45d25883979,7.568241999706515,latency-4202ba78ad77.csv
2,4202ba78ad77,2025-10-15T11:46:14.560509,shrek3,cues,3,True,a45d25883979,8.567829000185156,latency-4202ba78ad77.csv
2,4202ba78ad77,2025-10-15T11:46:14.676676,shrek,SHREK,433,True,a45d25883979,10.42495499996221,latency-4202ba78ad77.csv
2,4202ba78ad77,2025-10-15T11:46:14.805670,grail,lost,6,True,72ad01c69167,13.28448300000673,latency-4202ba78ad77.csv
1,4272aa3096b5,2025-10-15T11:45:16.376149,shrek3,116,1,True,a45d25883979,6.71178000038708,latency-4272aa3096b5.csv
1,4272aa3096b5,2025-10-15T11:45:16.489632,grail,from,94,True,a45d25883979,4.438376000052813,latency-4272aa3096b5.csv
1,4272aa3096b5,2025-10-15T11:45:16.599009,shrek,you,409,True,a45d25883979,6.217228999958024,latency-4272aa3096b5.csv
1,4272aa3096b5,2025-10-15T11:45:16.711274,grail,Christ,8,False,a45d25883979,9.763413999735349,latency-4272aa3096b5.csv
1,4272aa3096b5,2025-10-15T11:45:16.825994,shrek,ogre,27,True,a45d25883979,4.52066499974535,latency-4272aa3096b5.csv
1,4272aa3096b5,2025-10-15T11:45:16.935605,grail,cross,13,True,a45d25883979,5.743137000081333,latency-4272aa3096b5.csv
1,4272aa3096b5,2025-10-15T11:45:17.047720,shrek,rising,1,True,a45d25883979,6.176129000323272,latency-4272aa3096b5.csv
1,4272aa3096b5,2025-10-15T11:45:17.159231,grail,LANCELOT,59,True,a45d25883979,5.008187999919755,latency-4272aa3096b5.csv
1,4272aa3096b5,2025-10-15T11:45:17.269146,shrek3,WHITE,45,True,a45d25883979,7.162391999827378,latency-4272aa3096b5.csv
1,4272aa3096b5,2025-10-15T11:45:17.383514,shrek,not,50,True,72ad01c69167,8.284644000013941,latency-4272aa3096b5.csv
1,4272aa3096b5,2025-10-15T11:45:17.498028,grail,-,259,True,1de2274fea60,8.5598390000996,latency-4272aa3096b5.csv
1,4272aa3096b5,2025-10-15T11:45:17.613427,grail,Bum,13,False,72ad01c69167,15.147387000070012,latency-4272aa3096b5.csv
1,4272aa3096b5,2025-10-15T11:45:17.747339,shrek,you,409,True,1de2274fea60,6.872879000184184,latency-4272aa3096b5.csv
1,4272aa3096b5,2025-10-15T11:45:17.862092,shrek,And,318,True,1de2274fea60,7.787271000324836,latency-4272aa3096b5.csv
1,4272aa3096b5,2025-10-15T11:45:17.977025,shrek,SHREK,433,True,1de2274fea60,13.401763000274514,latency-4272aa3096b5.csv
1,4272aa3096b5,2025-10-15T11:45:18.099698,shrek,INSIDE,16,True,a45d25883979,8.774584000093455,latency-4272aa3096b5.csv
1,4272aa3096b5,2025-10-15T11:45:18.217118,shrek,transport,1,True,a45d25883979,5.701703999875463,latency-4272aa3096b5.csv
1,4272aa3096b5,2025-10-15T11:45:18.329515,shrek,GORDO,5,True,72ad01c69167,13.069387000086865,latency-4272aa3096b5.csv
1,4272aa3096b5,2025-10-15T11:45:18.454992,shrek,I,386,True,72ad01c69167,14.828539000063756,latency-4272aa3096b5.csv
1,4272aa3096b5,2025-10-15T11:45:18.587186,shrek3,you,328,True,72ad01c69167,8.762641999965126,latency-4272aa3096b5.csv
2,4272aa3096b5,2025-10-15T11:45:18.712858,shrek3,116,1,True,72ad01c69167,13.029905000166764,latency-4272aa3096b5.csv
2,4272aa3096b5,2025-10-15T11:45:18.835017,grail,from,94,True,a45d25883979,4.766645000017888,latency-4272aa3096b5.csv
2,4272aa3096b5,2025-10-15T11:45:18.945694,shrek,you,409,True,a45d25883979,5.433066000023246,latency-4272aa3096b5.csv
2,4272aa3096b5,2025-10-15T11:45:19.056271,grail,Christ,8,True,a45d25883979,6.814212000335829,latency-4272aa3096b5.csv
2,4272aa3096b5,2025-10-15T11:45:19.169196,shrek,ogre,27,True,a45d25883979,8.060440999997809,latency-4272aa3096b5.csv
2,4272aa3096b5,2025-10-15T11:45:19.284088,grail,cross,13,True,a45d25883979,4.804564000096434,latency-4272aa3096b5.csv
2,4272aa3096b5,2025-10-15T11:45:19.393822,shrek,rising,1,True,a45d25883979,7.564423000076204,latency-4272aa3096b5.csv
2,4272aa3096b5,2025-10-15T11:45:19.507666,grail,LANCELOT,59,True,a45d25883979,7.047155000236671,latency-4272aa3096b5.csv
2,4272aa3096b5,2025-10-15T11:45:19.621355,shrek3,WHITE,45,True,a45d25883979,6.868072000088432,latency-4272aa3096b5.csv
2,4272aa3096b5,2025-10-15T11:45:19.734578,shrek,not,50,True,a45d25883979,15.326205000292248,latency-4272aa3096b5.csv
2,4272aa3096b5,2025-10-15T11:45:19.861591,grail,-,259,True,1de2274fea60,10.22377300023436,latency-4272aa3096b5.csv
2,4272aa3096b5,2025-10-15T11:45:19.980732,grail,Bum,13,True,72ad01c69167,9.388268000293465,latency-4272aa3096b5.csv
2,4272aa3096b5,2025-10-15T11:45:20.096361,shrek,you,409,True,72ad01c69167,10.5814790003933,latency-4272aa3096b5.csv
2,4272aa3096b5,2025-10-15T11:45:20.217143,shrek,And,318,True,72ad01c69167,11.574620000374123,latency-4272aa3096b5.csv
2,4272aa3096b5,2025-10-15T11:45:20.344826,shrek,SHREK,433,True,1de2274fea60,8.186906999981147,latency-4272aa3096b5.csv
2,4272aa3096b5,2025-10-15T11:45:20.462777,shrek,INSIDE,16,True,a45d25883979,6.39534200035996,latency-4272aa3096b5.csv
2,4272aa3096b5,2025-10-15T11:45:20.576107,shrek,transport,1,True,a45d25883979,10.632719000113866,latency-4272aa3096b5.csv
2,4272aa3096b5,2025-10-15T11:45:20.696452,shrek,GORDO,5,True,72ad01c69167,5.139579999649868,latency-4272aa3096b5.csv
2,4272aa3096b5,2025-10-15T11:45:20.808942,shrek,I,386,True,a45d25883979,5.436151999674621,latency-4272aa3096b5.csv
2,4272aa3096b5,2025-10-15T11:45:20.920400,shrek3,you,328,True,72ad01c69167,4.570327999772417,latency-4272aa3096b5.csv
1,4339c17839e8,2025-10-15T11:45:36.732648,grail,GALAHAD,87,True,72ad01c69167,6.4929359996313,latency-4339c17839e8.csv
1,4339c17839e8,2025-10-15T11:45:36.846403,shrek,FARQUAAD,84,True,72ad01c69167,6.453082999996695,latency-4339c17839e8.csv
1,4339c17839e8,2025-10-15T11:45:36.961980,grail,king,136,True,a45d25883979,4.776192999997875,latency-4339c17839e8.csv
1,4339c17839e8,2025-10-15T11:45:37.072050,grail,ANOTHER,25,True,1de2274fea60,12.917998999910196,latency-4339c17839e8.csv
1,4339c17839e8,2025-10-15T11:45:37.192636,shrek3,you,328,True,72ad01c69167,5.471188999763399,latency-4339c17839e8.csv
1,4339c17839e8,2025-10-15T11:45:37.303017,grail,BEDEVERE,103,True,72ad01c69167,6.257663000269531,latency-4339c17839e8.csv
1,4339c17839e8,2025-10-15T11:45:37.414256,shrek3,the,1285,True,72ad01c69167,5.450078999729158,latency-4339c17839e8.csv
1,4339c17839e8,2025-10-15T11:45:37.524814,shrek,DONKEY,320,True,72ad01c69167,13.320212000053289,latency-4339c17839e8.csv
1,4339c17839e8,2025-10-15T11:45:37.646838,shrek3,SHREK,678,True,72ad01c69167,6.375718000072084,latency-4339c17839e8.csv
1,4339c17839e8,2025-10-15T11:45:37.759437,shrek,SHREK,433,True,a45d25883979,4.34447799989357,latency-4339c17839e8.csv
1,4339c17839e8,2025-10-15T11:45:37.869281,shrek3,dat,1,True,72ad01c69167,5.3656529998988844,latency-4339c17839e8.csv
1,4339c17839e8,2025-10-15T11:45:37.981412,shrek,placed,1,True,72ad01c69167,7.901631000095222,latency-4339c17839e8.csv
1,4339c17839e8,2025-10-15T11:45:38.100498,grail,king,136,True,a45d25883979,6.767219999801455,latency-4339c17839e8.csv
1,4339c17839e8,2025-10-15T11:45:38.215801,shrek,SHREK,433,True,a45d25883979,6.8191700001989375,latency-4339c17839e8.csv
1,4339c17839e8,2025-10-15T11:45:38.329487,shrek,Aah,6,True,a45d25883979,8.518735000052402,latency-4339c17839e8.csv
1,4339c17839e8,2025-10-15T11:45:38.446165,shrek,"Ha,",0,True,a45d25883979,11.120834999928777,latency-4339c17839e8.csv
1,4339c17839e8,2025-10-15T11:45:38.570865,shrek3,right,36,True,72ad01c69167,6.558187999871734,latency-4339c17839e8.csv
1,4339c17839e8,2025-10-15T11:45:38.684519,shrek,"Ha,",0,True,a45d25883979,11.321370000132449,latency-4339c17839e8.csv
1,4339c17839e8,2025-10-15T11:45:38.805879,grail,Footnote,4,True,a45d25883979,7.155043999773625,latency-4339c17839e8.csv
1,4339c17839e8,2025-10-15T11:45:38.921222,shrek,FIONA,211,True,a45d25883979,10.75652600002286,latency-4339c17839e8.csv
2,4339c17839e8,2025-10-15T11:45:39.043046,grail,GALAHAD,87,True,a45d25883979,15.69157800031462,latency-4339c17839e8.csv
2,4339c17839e8,2025-10-15T11:45:39.171750,shrek,FARQUAAD,84,True,72ad01c69167,8.665990999816131,latency-4339c17839e8.csv
2,4339c17839e8,2025-10-15T11:45:39.289140,grail,king,136,True,a45d25883979,41.64688499986369,latency-4339c17839e8.csv
2,4339c17839e8,2025-10-15T11:45:39.474800,grail,ANOTHER,25,True,a45d25883979,34.403098999973736,latency-4339c17839e8.csv
2,4339c17839e8,2025-10-15T11:45:39.640021,shrek3,you,328,True,a45d25883979,20.380781999847382,latency-4339c17839e8.csv
2,4339c17839e8,2025-10-15T11:45:39.768711,grail,BEDEVERE,103,True,72ad01c69167,10.237522999887004,latency-4339c17839e8.csv
2,4339c17839e8,2025-10-15T11:45:39.888120,shrek3,the,1285,True,72ad01c69167,6.106980000367912,latency-4339c17839e8.csv
2,4339c17839e8,2025-10-15T11:45:40.003270,shrek,DONKEY,320,True,72ad01c69167,8.358533999853535,latency-4339c17839e8.csv
2,4339c17839e8,2025-10-15T11:45:40.127305,shrek3,SHREK,678,True,a45d25883979,7.288928999969357,latency-4339c17839e8.csv
2,4339c17839e8,2025-10-15T11:45:40.240759,shrek,SHREK,433,True,a45d25883979,4.580999000154407,latency-4339c17839e8.csv
2,4339c17839e8,2025-10-15T11:45:40.350007,shrek3,dat,1,True,a45d25883979,4.607358999692224,latency-4339c17839e8.csv
2,4339c17839e8,2025-10-15T11:45:40.460606,shrek,placed,1,True,a45d25883979,6.42820999973992,latency-4339c17839e8.csv
2,4339c17839e8,2025-10-15T11:45:40.572555,grail,king,136,True,a45d25883979,6.677429999854212,latency-4339c17839e8.csv
2,4339c17839e8,2025-10-15T11:45:40.685910,shrek,SHREK,433,True,a45d25883979,4.74318399983531,latency-4339c17839e8.csv
2,4339c17839e8,2025-10-15T11:45:40.797010,shrek,Aah,6,True,a45d25883979,7.956582000133494,latency-4339c17839e8.csv
2,4339c17839e8,2025-10-15T11:45:40.912655,shrek,"Ha,",0,True,a45d25883979,6.933126999683736,latency-4339c17839e8.csv
2,4339c17839e8,2025-10-15T11:45:41.027430,shrek3,right,36,True,a45d25883979,4.785596000147052,latency-4339c17839e8.csv
2,4339c17839e8,2025-10-15T11:45:41.138420,shrek,"Ha,",0,True,a45d25883979,8.563968000089517,latency-4339c17839e8.csv
2,4339c17839e8,2025-10-15T11:45:41.256275,grail,Footnote,4,True,a45d25883979,6.580737000149384,latency-4339c17839e8.csv
2,4339c17839e8,2025-10-15T11:45:41.369274,shrek,FIONA,211,True,a45d25883979,6.808849999742961,latency-4339c17839e8.csv
1,461aa84db39c,2025-10-15T11:45:07.196161,grail,Cleveland,3,True,a45d25883979,4.757466000228305,latency-461aa84db39c.csv
1,461aa84db39c,2025-10-15T11:45:07.305840,grail,G,6,True,a45d25883979,6.938694999917061,latency-461aa84db39c.csv
1,461aa84db39c,2025-10-15T11:45:07.418623,shrek,FIONA,211,True,a45d25883979,6.291882999903464,latency-461aa84db39c.csv
1,461aa84db39c,2025-10-15T11:45:07.533117,shrek3,field,3,False,72ad01c69167,13.439378999919429,latency-461aa84db39c.csv
1,461aa84db39c,2025-10-15T11:45:07.653291,shrek,way,26,True,a45d25883979,5.5524809999951685,latency-461aa84db39c.csv
1,461aa84db39c,2025-10-15T11:45:07.766369,shrek3,SHREK,678,True,a45d25883979,12.248533999809297,latency-461aa84db39c.csv
1,461aa84db39c,2025-10-15T11:45:07.892541,shrek,looks,37,True,72ad01c69167,6.612249999761843,latency-461aa84db39c.csv
1,461aa84db39c,2025-10-15T11:45:08.006971,grail,Eolio,2,False,a45d25883979,19.835208999666065,latency-461aa84db39c.csv
1,461aa84db39c,2025-10-15T11:45:08.137101,grail,"Oh,",2,True,a45d25883979,11.886841999967146,latency-461aa84db39c.csv
1,461aa84db39c,2025-10-15T11:45:08.262125,grail,king,136,True,a45d25883979,13.38552900006107,latency-461aa84db39c.csv
1,461aa84db39c,2025-10-15T11:45:08.387698,shrek,INSIDE,16,True,72ad01c69167,6.214928000190412,latency-461aa84db39c.csv
1,461aa84db39c,2025-10-15T11:45:08.505608,shrek3,Cinderella,21,False,a45d25883979,13.87384400004521,latency-461aa84db39c.csv
1,461aa84db39c,2025-10-15T11:45:08.633561,shrek,SHREK,433,True,a45d25883979,6.6660050001701165,latency-461aa84db39c.csv
1,461aa84db39c,2025-10-15T11:45:08.747978,grail,To,718,True,a45d25883979,7.151218000217341,latency-461aa84db39c.csv
1,461aa84db39c,2025-10-15T11:45:08.863577,shrek,after,10,True,a45d25883979,6.30124099961904,latency-461aa84db39c.csv
1,461aa84db39c,2025-10-15T11:45:08.974945,shrek3,SHREK,678,True,a45d25883979,4.365238999980647,latency-461aa84db39c.csv
1,461aa84db39c,2025-10-15T11:45:09.083848,shrek3,They,80,True,a45d25883979,6.310018000021955,latency-461aa84db39c.csv
1,461aa84db39c,2025-10-15T11:45:09.196901,grail,Butts,2,True,a45d25883979,4.997423000077106,latency-461aa84db39c.csv
1,461aa84db39c,2025-10-15T11:45:09.307053,shrek3,ho,8,True,a45d25883979,6.235143000139942,latency-461aa84db39c.csv
1,461aa84db39c,2025-10-15T11:45:09.418785,shrek3,glass,9,True,a45d25883979,6.496925999726955,latency-461aa84db39c.csv
2,461aa84db39c,2025-10-15T11:45:09.532083,grail,Cleveland,3,True,72ad01c69167,7.1911750001163455,latency-461aa84db39c.csv
2,461aa84db39c,2025-10-15T11:45:09.645731,grail,G,6,True,a45d25883979,8.379008999781945,latency-461aa84db39c.csv
2,461aa84db39c,2025-10-15T11:45:09.760211,shrek,FIONA,211,True,72ad01c69167,6.711993999942933,latency-461aa84db39c.csv
2,461aa84db39c,2025-10-15T11:45:09.872704,shrek3,field,3,True,1de2274fea60,12.836158000027352,latency-461aa84db39c.csv
2,461aa84db39c,2025-10-15T11:45:09.993860,shrek,way,26,True,a45d25883979,6.851212000128726,latency-461aa84db39c.csv
2,461aa84db39c,2025-10-15T11:45:10.108348,shrek3,SHREK,678,True,a45d25883979,6.416527000055794,latency-461aa84db39c.csv
2,461aa84db39c,2025-10-15T11:45:10.221783,shrek,looks,37,True,1de2274fea60,10.74553799981004,latency-461aa84db39c.csv
2,461aa84db39c,2025-10-15T11:45:10.347004,grail,Eolio,2,True,a45d25883979,5.021519000365515,latency-461aa84db39c.csv
2,461aa84db39c,2025-10-15T11:45:10.457993,grail,"Oh,",2,True,a45d25883979,5.376980999699299,latency-461aa84db39c.csv
2,461aa84db39c,2025-10-15T11:45:10.569539,grail,king,136,True,a45d25883979,5.379766000260133,latency-461aa84db39c.csv
2,461aa84db39c,2025-10-15T11:45:10.680490,shrek,INSIDE,16,True,a45d25883979,19.108764000066003,latency-461aa84db39c.csv
2,461aa84db39c,2025-10-15T11:45:10.809325,shrek3,Cinderella,21,True,72ad01c69167,15.433895999649394,latency-461aa84db39c.csv
2,461aa84db39c,2025-10-15T11:45:10.939430,shrek,SHREK,433,True,a45d25883979,16.115995999825827,latency-461aa84db39c.csv
2,461aa84db39c,2025-10-15T11:45:11.075528,grail,To,718,True,a45d25883979,15.236636999816255,latency-461aa84db39c.csv
2,461aa84db39c,2025-10-15T11:45:11.210749,shrek,after,10,True,72ad01c69167,43.06768199967337,latency-461aa84db39c.csv
2,461aa84db39c,2025-10-15T11:45:11.387817,shrek3,SHREK,678,True,72ad01c69167,16.117889999804902,latency-461aa84db39c.csv
2,461aa84db39c,2025-10-15T11:45:11.513773,shrek3,They,80,True,72ad01c69167,43.68528800023341,latency-461aa84db39c.csv
2,461aa84db39c,2025-10-15T11:45:11.686259,grail,Butts,2,True,72ad01c69167,23.957002000315697,latency-461aa84db39c.csv
2,461aa84db39c,2025-10-15T11:45:11.837494,shrek3,ho,8,True,1de2274fea60,27.21273800034396,latency-461aa84db39c.csv
2,461aa84db39c,2025-10-15T11:45:11.986699,shrek3,glass,9,True,1de2274fea60,21.8632610003624,latency-461aa84db39c.csv
1,4981cd03c335,2025-10-15T11:44:53.033865,shrek3,ARTIE,213,True,72ad01c69167,7.096704999639769,latency-4981cd03c335.csv
1,4981cd03c335,2025-10-15T11:44:53.147216,shrek,to,268,False,a45d25883979,18.495006000193825,latency-4981cd03c335.csv
1,4981cd03c335,2025-10-15T11:44:53.276579,grail,Butts,2,False,a45d25883979,28.6132420001195,latency-4981cd03c335.csv
1,4981cd03c335,2025-10-15T11:44:53.418026,shrek3,SHREK,678,False,72ad01c69167,26.54169900006309,latency-4981cd03c335.csv
1,4981cd03c335,2025-10-15T11:44:53.554781,shrek,Is,132,True,72ad01c69167,16.96142700029668,latency-4981cd03c335.csv
1,4981cd03c335,2025-10-15T11:44:53.680178,shrek3,the,1285,True,72ad01c69167,14.118493999831117,latency-4981cd03c335.csv
1,4981cd03c335,2025-10-15T11:44:53.802769,grail,about,49,False,72ad01c69167,17.793460999655508,latency-4981cd03c335.csv
1,4981cd03c335,2025-10-15T11:44:53.948421,shrek,SHREK,433,True,1de2274fea60,22.10752999963006,latency-4981cd03c335.csv
1,4981cd03c335,2025-10-15T11:44:54.094323,grail,time,33,False,1de2274fea60,36.65141300007235,latency-4981cd03c335.csv
1,4981cd03c335,2025-10-15T11:44:54.242650,grail,I,298,False,a45d25883979,45.28995600003327,latency-4981cd03c335.csv
1,4981cd03c335,2025-10-15T11:44:54.396652,grail,Launcelot,107,False,72ad01c69167,42.85864300027242,latency-4981cd03c335.csv
1,4981cd03c335,2025-10-15T11:44:54.559210,shrek3,him,87,False,72ad01c69167,31.550011000035735,latency-4981cd03c335.csv
1,4981cd03c335,2025-10-15T11:44:54.703340,shrek,your,49,True,1de2274fea60,18.49300399999265,latency-4981cd03c335.csv
1,4981cd03c335,2025-10-15T11:44:54.836677,shrek3,PRINCE,207,False,72ad01c69167,25.78642399976161,latency-4981cd03c335.csv
1,4981cd03c335,2025-10-15T11:44:54.970379,grail,"collective,",0,True,a45d25883979,17.676096000286634,latency-4981cd03c335.csv
1,4981cd03c335,2025-10-15T11:44:55.096811,shrek3,body),0,False,1de2274fea60,31.24108800011527,latency-4981cd03c335.csv
1,4981cd03c335,2025-10-15T11:44:55.249256,grail,cross,13,True,72ad01c69167,19.613879000189627,latency-4981cd03c335.csv
1,4981cd03c335,2025-10-15T11:44:55.392763,grail,sell,1,False,72ad01c69167,52.14168300017264,latency-4981cd03c335.csv
1,4981cd03c335,2025-10-15T11:44:55.560449,shrek,its,1,True,72ad01c69167,13.73390799972185,latency-4981cd03c335.csv
1,4981cd03c335,2025-10-15T11:44:55.692137,shrek3,an,51,True,1de2274fea60,59.38005799998791,latency-4981cd03c335.csv
2,4981cd03c335,2025-10-15T11:44:55.875296,shrek3,ARTIE,213,True,72ad01c69167,19.911003000288478,latency-4981cd03c335.csv
2,4981cd03c335,2025-10-15T11:44:56.017949,shrek,to,268,True,a45d25883979,51.919476999955805,latency-4981cd03c335.csv
2,4981cd03c335,2025-10-15T11:44:56.189073,grail,Butts,2,True,1de2274fea60,34.7034330002316,latency-4981cd03c335.csv
2,4981cd03c335,2025-10-15T11:44:56.350953,shrek3,SHREK,678,True,72ad01c69167,17.023152000092523,latency-4981cd03c335.csv
2,4981cd03c335,2025-10-15T11:44:56.497671,shrek,Is,132,True,a45d25883979,8.887813999990613,latency-4981cd03c335.csv
2,4981cd03c335,2025-10-15T11:44:56.629013,shrek3,the,1285,True,a45d25883979,8.630362000076275,latency-4981cd03c335.csv
2,4981cd03c335,2025-10-15T11:44:56.746297,grail,about,49,True,1de2274fea60,32.97566999981427,latency-4981cd03c335.csv
2,4981cd03c335,2025-10-15T11:44:56.911728,shrek,SHREK,433,True,72ad01c69167,17.271687999709684,latency-4981cd03c335.csv
2,4981cd03c335,2025-10-15T11:44:57.040442,grail,time,33,True,1de2274fea60,14.074227000037354,latency-4981cd03c335.csv
2,4981cd03c335,2025-10-15T11:44:57.172308,grail,I,298,True,a45d25883979,30.256932000156667,latency-4981cd03c335.csv
2,4981cd03c335,2025-10-15T11:44:57.318116,grail,Launcelot,107,True,a45d25883979,10.510701999919547,latency-4981cd03c335.csv
2,4981cd03c335,2025-10-15T11:44:57.452800,shrek3,him,87,True,72ad01c69167,10.60951700037549,latency-4981cd03c335.csv
2,4981cd03c335,2025-10-15T11:44:57.581651,shrek,your,49,True,a45d25883979,8.922722000079375,latency-4981cd03c335.csv
2,4981cd03c335,2025-10-15T11:44:57.707359,shrek3,PRINCE,207,True,a45d25883979,13.041853999766316,latency-4981cd03c335.csv
2,4981cd03c335,2025-10-15T11:44:57.826890,grail,"collective,",0,True,72ad01c69167,12.746471000355086,latency-4981cd03c335.csv
2,4981cd03c335,2025-10-15T11:44:57.964157,shrek3,body),0,True,a45d25883979,9.480391999659332,latency-4981cd03c335.csv
2,4981cd03c335,2025-10-15T11:44:58.083528,grail,cross,13,True,1de2274fea60,11.915132000012818,latency-4981cd03c335.csv
2,4981cd03c335,2025-10-15T11:44:58.206327,grail,sell,1,True,1de2274fea60,15.356364000126632,latency-4981cd03c335.csv
2,4981cd03c335,2025-10-15T11:44:58.331597,shrek,its,1,True,72ad01c69167,9.107846000006248,latency-4981cd03c335.csv
2,4981cd03c335,2025-10-15T11:44:58.461395,shrek3,an,51,True,72ad01c69167,9.858324000106222,latency-4981cd03c335.csv
1,4a4988ca22e7,2025-10-15T11:45:07.995080,shrek,FIONA,211,True,a45d25883979,4.289276000235986,latency-4a4988ca22e7.csv
1,4a4988ca22e7,2025-10-15T11:45:08.104699,shrek,Is,132,True,a45d25883979,6.834162000359356,latency-4a4988ca22e7.csv
1,4a4988ca22e7,2025-10-15T11:45:08.216668,shrek,FIONA,211,True,a45d25883979,5.4179349999685655,latency-4a4988ca22e7.csv
1,4a4988ca22e7,2025-10-15T11:45:08.327470,shrek3,decree,1,True,a45d25883979,7.531191999987641,latency-4a4988ca22e7.csv
1,4a4988ca22e7,2025-10-15T11:45:08.441683,grail,Butts,2,True,a45d25883979,7.83417599996028,latency-4a4988ca22e7.csv
1,4a4988ca22e7,2025-10-15T11:45:08.554616,grail,thus,5,True,a45d25883979,4.196255000351812,latency-4a4988ca22e7.csv
1,4a4988ca22e7,2025-10-15T11:45:08.663608,shrek3,its,1,True,a45d25883979,7.180063999840058,latency-4a4988ca22e7.csv
1,4a4988ca22e7,2025-10-15T11:45:08.776073,shrek3,the,1285,True,1de2274fea60,12.217392999900769,latency-4a4988ca22e7.csv
1,4a4988ca22e7,2025-10-15T11:45:08.898744,shrek,who,29,True,72ad01c69167,10.62045400021816,latency-4a4988ca22e7.csv
1,4a4988ca22e7,2025-10-15T11:45:09.020245,shrek3,PUSS,196,True,1de2274fea60,8.039009000185615,latency-4a4988ca22e7.csv
1,4a4988ca22e7,2025-10-15T11:45:09.136844,grail,Gallahad,44,True,1de2274fea60,11.836031999791883,latency-4a4988ca22e7.csv
1,4a4988ca22e7,2025-10-15T11:45:09.258725,shrek3,flaming,2,True,a45d25883979,9.952372000043397,latency-4a4988ca22e7.csv
1,4a4988ca22e7,2025-10-15T11:45:09.376117,grail,the,1600,True,a45d25883979,13.922858000114502,latency-4a4988ca22e7.csv
1,4a4988ca22e7,2025-10-15T11:45:09.505115,shrek3,and,576,True,a45d25883979,8.524125999883836,latency-4a4988ca22e7.csv
1,4a4988ca22e7,2025-10-15T11:45:09.623889,grail,king,136,True,72ad01c69167,5.668670999966707,latency-4a4988ca22e7.csv
1,4a4988ca22e7,2025-10-15T11:45:09.736839,shrek3,time,23,True,a45d25883979,5.483561999881204,latency-4a4988ca22e7.csv
1,4a4988ca22e7,2025-10-15T11:45:09.849489,shrek3,CHARMING,232,True,72ad01c69167,6.573944999672676,latency-4a4988ca22e7.csv
1,4a4988ca22e7,2025-10-15T11:45:09.964027,shrek3,SCHOOL,14,True,a45d25883979,4.821905999961018,latency-4a4988ca22e7.csv
1,4a4988ca22e7,2025-10-15T11:45:10.074382,shrek,edge,2,True,a45d25883979,5.736483999953634,latency-4a4988ca22e7.csv
1,4a4988ca22e7,2025-10-15T11:45:10.185742,shrek3,Gingerbread,37,True,a45d25883979,6.160988999909023,latency-4a4988ca22e7.csv
2,4a4988ca22e7,2025-10-15T11:45:10.298134,shrek,FIONA,211,True,a45d25883979,6.1566709996441205,latency-4a4988ca22e7.csv
2,4a4988ca22e7,2025-10-15T11:45:10.410086,shrek,Is,132,True,a45d25883979,5.231628000274213,latency-4a4988ca22e7.csv
2,4a4988ca22e7,2025-10-15T11:45:10.520482,shrek,FIONA,211,True,a45d25883979,5.174436999823229,latency-4a4988ca22e7.csv
2,4a4988ca22e7,2025-10-15T11:45:10.631088,shrek3,decree,1,True,a45d25883979,6.774441000288789,latency-4a4988ca22e7.csv
2,4a4988ca22e7,2025-10-15T11:45:10.744521,grail,Butts,2,True,a45d25883979,9.752177000336816,latency-4a4988ca22e7.csv
2,4a4988ca22e7,2025-10-15T11:45:10.861391,grail,thus,5,True,72ad01c69167,22.539154999776656,latency-4a4988ca22e7.csv
2,4a4988ca22e7,2025-10-15T11:45:10.992101,shrek3,its,1,True,1de2274fea60,14.044249000107811,latency-4a4988ca22e7.csv
2,4a4988ca22e7,2025-10-15T11:45:11.118113,shrek3,the,1285,True,a45d25883979,16.61977499998102,latency-4a4988ca22e7.csv
2,4a4988ca22e7,2025-10-15T11:45:11.243836,shrek,who,29,True,a45d25883979,27.38624100038578,latency-4a4988ca22e7.csv
2,4a4988ca22e7,2025-10-15T11:45:11.390670,shrek3,PUSS,196,True,72ad01c69167,13.911710999764182,latency-4a4988ca22e7.csv
2,4a4988ca22e7,2025-10-15T11:45:11.520390,grail,Gallahad,44,True,a45d25883979,28.77559199987445,latency-4a4988ca22e7.csv
2,4a4988ca22e7,2025-10-15T11:45:11.661881,shrek3,flaming,2,True,a45d25883979,19.773743999849103,latency-4a4988ca22e7.csv
2,4a4988ca22e7,2025-10-15T11:45:11.799491,grail,the,1600,True,72ad01c69167,21.21766599975672,latency-4a4988ca22e7.csv
2,4a4988ca22e7,2025-10-15T11:45:11.941552,shrek3,and,576,True,72ad01c69167,11.16872600005081,latency-4a4988ca22e7.csv
2,4a4988ca22e7,2025-10-15T11:45:12.063948,grail,king,136,True,72ad01c69167,15.690543000346224,latency-4a4988ca22e7.csv
2,4a4988ca22e7,2025-10-15T11:45:12.193860,shrek3,time,23,True,a45d25883979,12.42208399980882,latency-4a4988ca22e7.csv
2,4a4988ca22e7,2025-10-15T11:45:12.315871,shrek3,CHARMING,232,True,a45d25883979,10.09835100012424,latency-4a4988ca22e7.csv
2,4a4988ca22e7,2025-10-15T11:45:12.435902,shrek3,SCHOOL,14,True,72ad01c69167,16.712190999896848,latency-4a4988ca22e7.csv
2,4a4988ca22e7,2025-10-15T11:45:12.577402,shrek,edge,2,True,72ad01c69167,26.213870999981737,latency-4a4988ca22e7.csv
2,4a4988ca22e7,2025-10-15T11:45:12.719320,shrek3,Gingerbread,37,True,1de2274fea60,23.59934700007216,latency-4a4988ca22e7.csv
1,4c4b81fbcee7,2025-10-15T11:45:32.988067,shrek3,WHITE,45,True,72ad01c69167,6.715092999911576,latency-4c4b81fbcee7.csv
1,4c4b81fbcee7,2025-10-15T11:45:33.102448,shrek,and,318,True,a45d25883979,11.989452999841888,latency-4c4b81fbcee7.csv
1,4c4b81fbcee7,2025-10-15T11:45:33.221984,grail,it,279,True,a45d25883979,9.462574000281164,latency-4c4b81fbcee7.csv
1,4c4b81fbcee7,2025-10-15T11:45:33.337566,grail,the,1600,True,a45d25883979,7.363007000094512,latency-4c4b81fbcee7.csv
1,4c4b81fbcee7,2025-10-15T11:45:33.450914,shrek3,DWARF,10,True,a45d25883979,7.237213000280462,latency-4c4b81fbcee7.csv
1,4c4b81fbcee7,2025-10-15T11:45:33.563858,shrek3,Be,71,True,a45d25883979,6.960255000194593,latency-4c4b81fbcee7.csv
1,4c4b81fbcee7,2025-10-15T11:45:33.677138,shrek,ogre,27,True,a45d25883979,7.8945410000414995,latency-4c4b81fbcee7.csv
1,4c4b81fbcee7,2025-10-15T11:45:33.791395,shrek,token,1,True,a45d25883979,7.208337000065512,latency-4c4b81fbcee7.csv
1,4c4b81fbcee7,2025-10-15T11:45:33.904397,shrek3,WHITE,45,True,a45d25883979,5.000934999770834,latency-4c4b81fbcee7.csv
1,4c4b81fbcee7,2025-10-15T11:45:34.014448,grail,Jones,7,True,a45d25883979,6.302180000147928,latency-4c4b81fbcee7.csv
1,4c4b81fbcee7,2025-10-15T11:45:34.127772,shrek3,Uh,18,True,a45d25883979,6.805708999763738,latency-4c4b81fbcee7.csv
1,4c4b81fbcee7,2025-10-15T11:45:34.244131,shrek,the,535,True,a45d25883979,6.463488999997935,latency-4c4b81fbcee7.csv
1,4c4b81fbcee7,2025-10-15T11:45:34.357745,shrek,FIONA,211,True,a45d25883979,6.386514000041643,latency-4c4b81fbcee7.csv
1,4c4b81fbcee7,2025-10-15T11:45:34.472419,shrek,you,409,True,a45d25883979,5.181597000046168,latency-4c4b81fbcee7.csv
1,4c4b81fbcee7,2025-10-15T11:45:34.584411,grail,Yeah,13,True,a45d25883979,5.811019999782729,latency-4c4b81fbcee7.csv
1,4c4b81fbcee7,2025-10-15T11:45:34.697028,shrek,looks,37,True,72ad01c69167,10.176468000281602,latency-4c4b81fbcee7.csv
1,4c4b81fbcee7,2025-10-15T11:45:34.820821,shrek3,ho,8,True,72ad01c69167,8.251525000105175,latency-4c4b81fbcee7.csv
1,4c4b81fbcee7,2025-10-15T11:45:34.935149,shrek,GORDO,5,True,72ad01c69167,6.74129900016851,latency-4c4b81fbcee7.csv
1,4c4b81fbcee7,2025-10-15T11:45:35.048136,shrek,whistles,2,True,72ad01c69167,8.728479000183142,latency-4c4b81fbcee7.csv
1,4c4b81fbcee7,2025-10-15T11:45:35.163783,shrek,happily,2,True,a45d25883979,5.693901999620721,latency-4c4b81fbcee7.csv
2,4c4b81fbcee7,2025-10-15T11:45:35.275403,shrek3,WHITE,45,True,a45d25883979,7.21911899972838,latency-4c4b81fbcee7.csv
2,4c4b81fbcee7,2025-10-15T11:45:35.388584,shrek,and,318,True,a45d25883979,6.940862000192283,latency-4c4b81fbcee7.csv
2,4c4b81fbcee7,2025-10-15T11:45:35.502351,grail,it,279,True,a45d25883979,7.827781999822037,latency-4c4b81fbcee7.csv
2,4c4b81fbcee7,2025-10-15T11:45:35.616830,grail,the,1600,True,a45d25883979,9.069545999864204,latency-4c4b81fbcee7.csv
2,4c4b81fbcee7,2025-10-15T11:45:35.732410,shrek3,DWARF,10,True,a45d25883979,7.179770999755419,latency-4c4b81fbcee7.csv
2,4c4b81fbcee7,2025-10-15T11:45:35.845982,shrek3,Be,71,True,72ad01c69167,12.51318300001003,latency-4c4b81fbcee7.csv
2,4c4b81fbcee7,2025-10-15T11:45:35.968627,shrek,ogre,27,True,72ad01c69167,11.792471000262594,latency-4c4b81fbcee7.csv
2,4c4b81fbcee7,2025-10-15T11:45:36.089902,shrek,token,1,True,72ad01c69167,9.844192000400652,latency-4c4b81fbcee7.csv
2,4c4b81fbcee7,2025-10-15T11:45:36.213247,shrek3,WHITE,45,True,1de2274fea60,12.213856000016676,latency-4c4b81fbcee7.csv
2,4c4b81fbcee7,2025-10-15T11:45:36.336476,grail,Jones,7,True,72ad01c69167,8.259220000127243,latency-4c4b81fbcee7.csv
2,4c4b81fbcee7,2025-10-15T11:45:36.454111,shrek3,Uh,18,True,72ad01c69167,7.203162000223529,latency-4c4b81fbcee7.csv
2,4c4b81fbcee7,2025-10-15T11:45:36.577349,shrek,the,535,True,a45d25883979,8.975383999768383,latency-4c4b81fbcee7.csv
2,4c4b81fbcee7,2025-10-15T11:45:36.695422,shrek,FIONA,211,True,72ad01c69167,6.440333999762515,latency-4c4b81fbcee7.csv
2,4c4b81fbcee7,2025-10-15T11:45:36.808321,shrek,you,409,True,72ad01c69167,6.703325000216864,latency-4c4b81fbcee7.csv
2,4c4b81fbcee7,2025-10-15T11:45:36.921030,grail,Yeah,13,True,72ad01c69167,7.236190999719838,latency-4c4b81fbcee7.csv
2,4c4b81fbcee7,2025-10-15T11:45:37.037650,shrek,looks,37,True,72ad01c69167,9.812680999857548,latency-4c4b81fbcee7.csv
2,4c4b81fbcee7,2025-10-15T11:45:37.157869,shrek3,ho,8,True,72ad01c69167,8.030440999846178,latency-4c4b81fbcee7.csv
2,4c4b81fbcee7,2025-10-15T11:45:37.273315,shrek,GORDO,5,True,a45d25883979,5.203798999900755,latency-4c4b81fbcee7.csv
2,4c4b81fbcee7,2025-10-15T11:45:37.384428,shrek,whistles,2,True,a45d25883979,5.121994999626622,latency-4c4b81fbcee7.csv
2,4c4b81fbcee7,2025-10-15T11:45:37.495428,shrek,happily,2,True,a45d25883979,7.380892999663047,latency-4c4b81fbcee7.csv
1,4cb95c1f3fe4,2025-10-15T11:45:26.065188,shrek3,PUSS,196,True,a45d25883979,9.46521500009112,latency-4cb95c1f3fe4.csv
1,4cb95c1f3fe4,2025-10-15T11:45:26.183382,shrek,FIONA,211,True,a45d25883979,6.511672999749862,latency-4cb95c1f3fe4.csv
1,4cb95c1f3fe4,2025-10-15T11:45:26.295182,grail,few,8,True,a45d25883979,9.931219999998577,latency-4cb95c1f3fe4.csv
1,4cb95c1f3fe4,2025-10-15T11:45:26.418718,shrek3,bed,10,True,a45d25883979,15.866161999838369,latency-4cb95c1f3fe4.csv
1,4cb95c1f3fe4,2025-10-15T11:45:26.542972,shrek,HOOD,13,True,72ad01c69167,11.259033999976964,latency-4cb95c1f3fe4.csv
1,4cb95c1f3fe4,2025-10-15T11:45:26.669632,grail,Aaaaugh,9,True,a45d25883979,25.27531799978533,latency-4cb95c1f3fe4.csv
1,4cb95c1f3fe4,2025-10-15T11:45:26.803567,grail,Rostmm,1,True,72ad01c69167,18.66232899965325,latency-4cb95c1f3fe4.csv
1,4cb95c1f3fe4,2025-10-15T11:45:26.938706,shrek3,me,72,True,a45d25883979,9.130523999829164,latency-4cb95c1f3fe4.csv
1,4cb95c1f3fe4,2025-10-15T11:45:27.056066,grail,of,684,True,a45d25883979,21.16051199982394,latency-4cb95c1f3fe4.csv
1,4cb95c1f3fe4,2025-10-15T11:45:27.197288,shrek3,JOCKS,2,True,a45d25883979,9.906947999752449,latency-4cb95c1f3fe4.csv
1,4cb95c1f3fe4,2025-10-15T11:45:27.320312,shrek,at,62,True,72ad01c69167,15.957088000050137,latency-4cb95c1f3fe4.csv
1,4cb95c1f3fe4,2025-10-15T11:45:27.448612,shrek,who,29,True,a45d25883979,10.57619600032922,latency-4cb95c1f3fe4.csv
1,4cb95c1f3fe4,2025-10-15T11:45:27.568527,shrek,DONKEY,320,True,a45d25883979,8.846873000038613,latency-4cb95c1f3fe4.csv
1,4cb95c1f3fe4,2025-10-15T11:45:27.689217,grail,Who’s,3,True,a45d25883979,19.80984100009664,latency-4cb95c1f3fe4.csv
1,4cb95c1f3fe4,2025-10-15T11:45:27.819949,grail,Eolio,2,True,a45d25883979,28.481618000114395,latency-4cb95c1f3fe4.csv
1,4cb95c1f3fe4,2025-10-15T11:45:27.971247,grail,Rostmm,1,True,72ad01c69167,15.773832999911974,latency-4cb95c1f3fe4.csv
1,4cb95c1f3fe4,2025-10-15T11:45:28.101052,shrek,on,88,True,1de2274fea60,12.195377999887569,latency-4cb95c1f3fe4.csv
1,4cb95c1f3fe4,2025-10-15T11:45:28.227962,shrek3,the,1285,True,1de2274fea60,17.517398000109097,latency-4cb95c1f3fe4.csv
1,4cb95c1f3fe4,2025-10-15T11:45:28.358005,shrek3,CHARMING,232,True,1de2274fea60,7.535201999871788,latency-4cb95c1f3fe4.csv
1,4cb95c1f3fe4,2025-10-15T11:45:28.476644,shrek3,SHREK,678,True,72ad01c69167,13.469848000113416,latency-4cb95c1f3fe4.csv
2,4cb95c1f3fe4,2025-10-15T11:45:28.606383,shrek3,PUSS,196,True,72ad01c69167,19.09750000004351,latency-4cb95c1f3fe4.csv
2,4cb95c1f3fe4,2025-10-15T11:45:28.751926,shrek,FIONA,211,True,72ad01c69167,21.44143299983625,latency-4cb95c1f3fe4.csv
2,4cb95c1f3fe4,2025-10-15T11:45:28.891511,grail,few,8,True,72ad01c69167,40.38100099978692,latency-4cb95c1f3fe4.csv
2,4cb95c1f3fe4,2025-10-15T11:45:29.046443,shrek3,bed,10,True,72ad01c69167,62.492211000062525,latency-4cb95c1f3fe4.csv
2,4cb95c1f3fe4,2025-10-15T11:45:29.233397,shrek,HOOD,13,True,a45d25883979,60.34643400016648,latency-4cb95c1f3fe4.csv
2,4cb95c1f3fe4,2025-10-15T11:45:29.484545,grail,Aaaaugh,9,True,72ad01c69167,8.204644000215922,latency-4cb95c1f3fe4.csv
2,4cb95c1f3fe4,2025-10-15T11:45:29.608063,grail,Rostmm,1,True,a45d25883979,10.333283999898413,latency-4cb95c1f3fe4.csv
2,4cb95c1f3fe4,2025-10-15T11:45:29.724813,shrek3,me,72,True,a45d25883979,4.988390999642434,latency-4cb95c1f3fe4.csv
2,4cb95c1f3fe4,2025-10-15T11:45:29.835478,grail,of,684,True,a45d25883979,4.314559999784251,latency-4cb95c1f3fe4.csv
2,4cb95c1f3fe4,2025-10-15T11:45:29.944187,shrek3,JOCKS,2,True,a45d25883979,6.157904000247072,latency-4cb95c1f3fe4.csv
2,4cb95c1f3fe4,2025-10-15T11:45:30.058852,shrek,at,62,True,a45d25883979,5.4762449999543605,latency-4cb95c1f3fe4.csv
2,4cb95c1f3fe4,2025-10-15T11:45:30.172697,shrek,who,29,True,a45d25883979,7.457321000401862,latency-4cb95c1f3fe4.csv
2,4cb95c1f3fe4,2025-10-15T11:45:30.288029,shrek,DONKEY,320,True,a45d25883979,6.929313999989972,latency-4cb95c1f3fe4.csv
2,4cb95c1f3fe4,2025-10-15T11:45:30.405013,grail,Who’s,3,True,a45d25883979,5.793876000097953,latency-4cb95c1f3fe4.csv
2,4cb95c1f3fe4,2025-10-15T11:45:30.517701,grail,Eolio,2,True,a45d25883979,5.393993999859958,latency-4cb95c1f3fe4.csv
2,4cb95c1f3fe4,2025-10-15T11:45:30.628698,grail,Rostmm,1,True,72ad01c69167,5.990839999867603,latency-4cb95c1f3fe4.csv
2,4cb95c1f3fe4,2025-10-15T11:45:30.740815,shrek,on,88,True,72ad01c69167,12.12278699995295,latency-4cb95c1f3fe4.csv
2,4cb95c1f3fe4,2025-10-15T11:45:30.861156,shrek3,the,1285,True,72ad01c69167,5.695764999927633,latency-4cb95c1f3fe4.csv
2,4cb95c1f3fe4,2025-10-15T11:45:30.972847,shrek3,CHARMING,232,True,72ad01c69167,6.496193000202766,latency-4cb95c1f3fe4.csv
2,4cb95c1f3fe4,2025-10-15T11:45:31.086078,shrek3,SHREK,678,True,72ad01c69167,6.767088000287913,latency-4cb95c1f3fe4.csv
1,4dd91c7f0c4d,2025-10-15T11:46:23.086970,shrek,placed,1,True,a45d25883979,9.30325100034679,latency-4dd91c7f0c4d.csv
1,4dd91c7f0c4d,2025-10-15T11:46:23.206160,grail,TV,2,True,a45d25883979,8.979962000012165,latency-4dd91c7f0c4d.csv
1,4dd91c7f0c4d,2025-10-15T11:46:23.324870,grail,Rostmm,1,True,a45d25883979,6.520242000078724,latency-4dd91c7f0c4d.csv
1,4dd91c7f0c4d,2025-10-15T11:46:23.439785,shrek3,Shrek,678,True,a45d25883979,8.46661800005677,latency-4dd91c7f0c4d.csv
1,4dd91c7f0c4d,2025-10-15T11:46:23.561439,shrek,after,10,True,a45d25883979,8.843989000069996,latency-4dd91c7f0c4d.csv
1,4dd91c7f0c4d,2025-10-15T11:46:23.703653,shrek,DONKEY,320,True,72ad01c69167,88.58741199992437,latency-4dd91c7f0c4d.csv
1,4dd91c7f0c4d,2025-10-15T11:46:23.968767,shrek3,Third,121,True,a45d25883979,10.382996999851455,latency-4dd91c7f0c4d.csv
1,4dd91c7f0c4d,2025-10-15T11:46:24.089870,grail,witch,30,True,a45d25883979,13.821592000113014,latency-4dd91c7f0c4d.csv
1,4dd91c7f0c4d,2025-10-15T11:46:24.213782,shrek,FIONA,211,True,a45d25883979,12.344468999799574,latency-4dd91c7f0c4d.csv
1,4dd91c7f0c4d,2025-10-15T11:46:24.334896,shrek3,and,576,True,a45d25883979,14.271908999944571,latency-4dd91c7f0c4d.csv
1,4dd91c7f0c4d,2025-10-15T11:46:24.457187,grail,few,8,True,72ad01c69167,12.363966000066284,latency-4dd91c7f0c4d.csv
1,4dd91c7f0c4d,2025-10-15T11:46:24.593659,shrek,you,409,True,a45d25883979,8.487788999900658,latency-4dd91c7f0c4d.csv
1,4dd91c7f0c4d,2025-10-15T11:46:24.712806,grail,of,684,True,a45d25883979,7.931286999792064,latency-4dd91c7f0c4d.csv
1,4dd91c7f0c4d,2025-10-15T11:46:24.829837,grail,54,2,True,a45d25883979,6.6739900003085495,latency-4dd91c7f0c4d.csv
1,4dd91c7f0c4d,2025-10-15T11:46:24.942361,shrek3,2,8,True,a45d25883979,4.589318999933312,latency-4dd91c7f0c4d.csv
1,4dd91c7f0c4d,2025-10-15T11:46:25.051464,shrek3,SHREK,678,True,a45d25883979,5.261953999706748,latency-4dd91c7f0c4d.csv
1,4dd91c7f0c4d,2025-10-15T11:46:25.161823,shrek3,him,87,True,a45d25883979,40.86645200004568,latency-4dd91c7f0c4d.csv
1,4dd91c7f0c4d,2025-10-15T11:46:25.325454,grail,is,317,True,72ad01c69167,38.43238200033738,latency-4dd91c7f0c4d.csv
1,4dd91c7f0c4d,2025-10-15T11:46:25.470877,shrek3,"Suddenly,",0,True,a45d25883979,5.421678999937285,latency-4dd91c7f0c4d.csv
1,4dd91c7f0c4d,2025-10-15T11:46:25.581875,shrek,I,386,True,a45d25883979,4.68172399996547,latency-4dd91c7f0c4d.csv
2,4dd91c7f0c4d,2025-10-15T11:46:25.691487,shrek,placed,1,True,72ad01c69167,5.989634000343358,latency-4dd91c7f0c4d.csv
2,4dd91c7f0c4d,2025-10-15T11:46:25.803303,grail,TV,2,True,72ad01c69167,7.012935000147991,latency-4dd91c7f0c4d.csv
2,4dd91c7f0c4d,2025-10-15T11:46:25.916368,grail,Rostmm,1,True,72ad01c69167,5.716726999708044,latency-4dd91c7f0c4d.csv
2,4dd91c7f0c4d,2025-10-15T11:46:26.027076,shrek3,Shrek,678,True,72ad01c69167,5.051809000178764,latency-4dd91c7f0c4d.csv
2,4dd91c7f0c4d,2025-10-15T11:46:26.136842,shrek,after,10,True,72ad01c69167,6.93062500022279,latency-4dd91c7f0c4d.csv
2,4dd91c7f0c4d,2025-10-15T11:46:26.249869,shrek,DONKEY,320,True,72ad01c69167,6.528441999762435,latency-4dd91c7f0c4d.csv
2,4dd91c7f0c4d,2025-10-15T11:46:26.362394,shrek3,Third,121,True,a45d25883979,4.62528999969436,latency-4dd91c7f0c4d.csv
2,4dd91c7f0c4d,2025-10-15T11:46:26.483928,grail,witch,30,True,72ad01c69167,13.258371999654628,latency-4dd91c7f0c4d.csv
2,4dd91c7f0c4d,2025-10-15T11:46:26.615161,shrek,FIONA,211,True,1de2274fea60,19.662575999973345,latency-4dd91c7f0c4d.csv
2,4dd91c7f0c4d,2025-10-15T11:46:26.754562,shrek3,and,576,True,72ad01c69167,15.182290000211651,latency-4dd91c7f0c4d.csv
2,4dd91c7f0c4d,2025-10-15T11:46:26.897811,grail,few,8,True,a45d25883979,6.8598570001086046,latency-4dd91c7f0c4d.csv
2,4dd91c7f0c4d,2025-10-15T11:46:27.010876,shrek,you,409,True,a45d25883979,5.161683000096673,latency-4dd91c7f0c4d.csv
2,4dd91c7f0c4d,2025-10-15T11:46:27.122041,grail,of,684,True,a45d25883979,5.794549000256666,latency-4dd91c7f0c4d.csv
2,4dd91c7f0c4d,2025-10-15T11:46:27.233725,grail,54,2,True,a45d25883979,8.452815999589802,latency-4dd91c7f0c4d.csv
2,4dd91c7f0c4d,2025-10-15T11:46:27.349365,shrek3,2,8,True,a45d25883979,6.137170999863884,latency-4dd91c7f0c4d.csv
2,4dd91c7f0c4d,2025-10-15T11:46:27.461782,shrek3,SHREK,678,True,72ad01c69167,8.871200000157842,latency-4dd91c7f0c4d.csv
2,4dd91c7f0c4d,2025-10-15T11:46:27.577989,shrek3,him,87,True,72ad01c69167,7.440226000198891,latency-4dd91c7f0c4d.csv
2,4dd91c7f0c4d,2025-10-15T11:46:27.691916,grail,is,317,True,72ad01c69167,12.285558999792556,latency-4dd91c7f0c4d.csv
2,4dd91c7f0c4d,2025-10-15T11:46:27.812072,shrek3,"Suddenly,",0,True,72ad01c69167,11.6917079999439,latency-4dd91c7f0c4d.csv
2,4dd91c7f0c4d,2025-10-15T11:46:27.931314,shrek,I,386,True,72ad01c69167,11.686948999795275,latency-4dd91c7f0c4d.csv
1,4f84b8570882,2025-10-15T11:46:09.266465,grail,Yeah,13,True,72ad01c69167,6.519756000216148,latency-4f84b8570882.csv
1,4f84b8570882,2025-10-15T11:46:09.378543,grail,Cleese,10,True,72ad01c69167,5.77678499985268,latency-4f84b8570882.csv
1,4f84b8570882,2025-10-15T11:46:09.489801,shrek,its,1,True,72ad01c69167,8.02973000008933,latency-4f84b8570882.csv
1,4f84b8570882,2025-10-15T11:46:09.603739,shrek3,SHOUTING),0,True,72ad01c69167,14.632438000262482,latency-4f84b8570882.csv
1,4f84b8570882,2025-10-15T11:46:09.729238,shrek3,WHITE,45,True,72ad01c69167,9.586565000063274,latency-4f84b8570882.csv
1,4f84b8570882,2025-10-15T11:46:09.853539,grail,I,298,True,72ad01c69167,6.37083999981769,latency-4f84b8570882.csv
1,4f84b8570882,2025-10-15T11:46:09.968959,shrek,to,268,True,a45d25883979,9.573320000072272,latency-4f84b8570882.csv
1,4f84b8570882,2025-10-15T11:46:10.088568,shrek3,an,51,True,a45d25883979,9.040318000188565,latency-4f84b8570882.csv
1,4f84b8570882,2025-10-15T11:46:10.206263,shrek3,Hold,8,True,a45d25883979,10.536705000049553,latency-4f84b8570882.csv
1,4f84b8570882,2025-10-15T11:46:10.324669,shrek,will,16,True,72ad01c69167,7.327393000196025,latency-4f84b8570882.csv
1,4f84b8570882,2025-10-15T11:46:10.438644,shrek3,bed,10,True,72ad01c69167,5.664716999945085,latency-4f84b8570882.csv
1,4f84b8570882,2025-10-15T11:46:10.551121,shrek3,of,275,True,72ad01c69167,10.351423999964029,latency-4f84b8570882.csv
1,4f84b8570882,2025-10-15T11:46:10.669017,shrek3,wont,0,True,1de2274fea60,7.78614099999686,latency-4f84b8570882.csv
1,4f84b8570882,2025-10-15T11:46:10.786145,shrek3,SHOUTING),0,True,a45d25883979,8.632572999886179,latency-4f84b8570882.csv
1,4f84b8570882,2025-10-15T11:46:10.902838,grail,the,1600,True,a45d25883979,16.39086099976339,latency-4f84b8570882.csv
1,4f84b8570882,2025-10-15T11:46:11.030886,shrek,MAN,38,True,1de2274fea60,12.8998209997917,latency-4f84b8570882.csv
1,4f84b8570882,2025-10-15T11:46:11.153511,shrek,and,318,True,1de2274fea60,10.766923000119275,latency-4f84b8570882.csv
1,4f84b8570882,2025-10-15T11:46:11.280273,shrek3,Arg,1,True,72ad01c69167,8.450700000139477,latency-4f84b8570882.csv
1,4f84b8570882,2025-10-15T11:46:11.395560,grail,TV,2,True,72ad01c69167,8.326382999712223,latency-4f84b8570882.csv
1,4f84b8570882,2025-10-15T11:46:11.516163,shrek3,glass,9,True,72ad01c69167,10.008532000028936,latency-4f84b8570882.csv
2,4f84b8570882,2025-10-15T11:46:11.635460,grail,Yeah,13,True,a45d25883979,6.05770099991787,latency-4f84b8570882.csv
2,4f84b8570882,2025-10-15T11:46:11.747729,grail,Cleese,10,True,72ad01c69167,12.933714999689984,latency-4f84b8570882.csv
2,4f84b8570882,2025-10-15T11:46:11.872580,shrek,its,1,True,72ad01c69167,13.147191999905772,latency-4f84b8570882.csv
2,4f84b8570882,2025-10-15T11:46:11.992952,shrek3,SHOUTING),0,True,a45d25883979,6.777031000183342,latency-4f84b8570882.csv
2,4f84b8570882,2025-10-15T11:46:12.105916,shrek3,WHITE,45,True,a45d25883979,18.980179999744,latency-4f84b8570882.csv
2,4f84b8570882,2025-10-15T11:46:12.237333,grail,I,298,True,1de2274fea60,14.64670500035936,latency-4f84b8570882.csv
2,4f84b8570882,2025-10-15T11:46:12.367787,shrek,to,268,True,72ad01c69167,20.28612300000532,latency-4f84b8570882.csv
2,4f84b8570882,2025-10-15T11:46:12.501973,shrek3,an,51,True,1de2274fea60,13.987356999678012,latency-4f84b8570882.csv
2,4f84b8570882,2025-10-15T11:46:12.632399,shrek3,Hold,8,True,1de2274fea60,15.239693999774316,latency-4f84b8570882.csv
2,4f84b8570882,2025-10-15T11:46:12.759299,shrek,will,16,True,72ad01c69167,43.150142000286,latency-4f84b8570882.csv
2,4f84b8570882,2025-10-15T11:46:12.928238,shrek3,bed,10,True,72ad01c69167,37.41700399996262,latency-4f84b8570882.csv
2,4f84b8570882,2025-10-15T11:46:13.122361,shrek3,of,275,True,1de2274fea60,20.59979800014844,latency-4f84b8570882.csv
2,4f84b8570882,2025-10-15T11:46:13.286463,shrek3,wont,0,True,a45d25883979,20.82541599975229,latency-4f84b8570882.csv
2,4f84b8570882,2025-10-15T11:46:13.421187,shrek3,SHOUTING),0,True,72ad01c69167,24.070805000064865,latency-4f84b8570882.csv
2,4f84b8570882,2025-10-15T11:46:13.563381,grail,the,1600,True,72ad01c69167,13.83908399975553,latency-4f84b8570882.csv
2,4f84b8570882,2025-10-15T11:46:13.694622,shrek,MAN,38,True,a45d25883979,14.44833599998674,latency-4f84b8570882.csv
2,4f84b8570882,2025-10-15T11:46:13.820728,shrek,and,318,True,1de2274fea60,21.512965000056283,latency-4f84b8570882.csv
2,4f84b8570882,2025-10-15T11:46:13.951579,shrek3,Arg,1,True,1de2274fea60,13.874006000150985,latency-4f84b8570882.csv
2,4f84b8570882,2025-10-15T11:46:14.074338,grail,TV,2,True,a45d25883979,12.710425000022951,latency-4f84b8570882.csv
2,4f84b8570882,2025-10-15T11:46:14.199673,shrek3,glass,9,True,a45d25883979,15.506794999964768,latency-4f84b8570882.csv
1,51428abac2df,2025-10-15T11:45:23.106964,shrek,I,386,True,a45d25883979,12.200607000067976,latency-51428abac2df.csv
1,51428abac2df,2025-10-15T11:45:23.228165,shrek3,CHARMING,232,True,a45d25883979,10.562059999756457,latency-51428abac2df.csv
1,51428abac2df,2025-10-15T11:45:23.348164,grail,pretty,7,True,72ad01c69167,8.317599999827507,latency-51428abac2df.csv
1,51428abac2df,2025-10-15T11:45:23.465284,grail,for,118,True,a45d25883979,18.763691000003742,latency-51428abac2df.csv
1,51428abac2df,2025-10-15T11:45:23.600533,shrek3,supposed,11,True,a45d25883979,7.825888999832387,latency-51428abac2df.csv
1,51428abac2df,2025-10-15T11:45:23.718060,grail,Cleveland,3,True,72ad01c69167,7.004303000030632,latency-51428abac2df.csv
1,51428abac2df,2025-10-15T11:45:23.838348,grail,elected,2,True,1de2274fea60,5.825177999668085,latency-51428abac2df.csv
1,51428abac2df,2025-10-15T11:45:23.953371,shrek,DONKEY,320,True,72ad01c69167,6.934781999916595,latency-51428abac2df.csv
1,51428abac2df,2025-10-15T11:45:24.066576,shrek,ogre,27,True,72ad01c69167,7.617824000135442,latency-51428abac2df.csv
1,51428abac2df,2025-10-15T11:45:24.179970,shrek3,Whoa,7,True,72ad01c69167,7.441856999776064,latency-51428abac2df.csv
1,51428abac2df,2025-10-15T11:45:24.293530,shrek,cottage,4,True,72ad01c69167,4.949125000166532,latency-51428abac2df.csv
1,51428abac2df,2025-10-15T11:45:24.404399,shrek,tell,25,True,72ad01c69167,6.565297999713948,latency-51428abac2df.csv
1,51428abac2df,2025-10-15T11:45:24.516299,shrek,true,20,True,72ad01c69167,6.616507999751775,latency-51428abac2df.csv
1,51428abac2df,2025-10-15T11:45:24.632313,shrek,And,318,True,72ad01c69167,9.811034999984258,latency-51428abac2df.csv
1,51428abac2df,2025-10-15T11:45:24.757092,shrek,SHREK,433,True,a45d25883979,5.860468000264518,latency-51428abac2df.csv
1,51428abac2df,2025-10-15T11:45:24.868851,grail,grabbing,5,True,a45d25883979,6.136304000392556,latency-51428abac2df.csv
1,51428abac2df,2025-10-15T11:45:24.981810,shrek3,"Suddenly,",0,True,a45d25883979,7.029003999832639,latency-51428abac2df.csv
1,51428abac2df,2025-10-15T11:45:25.096538,shrek3,ARTIE,213,True,a45d25883979,6.738204000157566,latency-51428abac2df.csv
1,51428abac2df,2025-10-15T11:45:25.212155,shrek3,Uh,18,True,a45d25883979,7.531636999829061,latency-51428abac2df.csv
1,51428abac2df,2025-10-15T11:45:25.328046,grail,chops,3,True,a45d25883979,5.673343999660574,latency-51428abac2df.csv
2,51428abac2df,2025-10-15T11:45:25.442130,shrek,I,386,True,a45d25883979,4.815826999674755,latency-51428abac2df.csv
2,51428abac2df,2025-10-15T11:45:25.552156,shrek3,CHARMING,232,True,a45d25883979,4.902713999854313,latency-51428abac2df.csv
2,51428abac2df,2025-10-15T11:45:25.662128,grail,pretty,7,True,72ad01c69167,5.29527800017604,latency-51428abac2df.csv
2,51428abac2df,2025-10-15T11:45:25.773896,grail,for,118,True,a45d25883979,7.422245000270777,latency-51428abac2df.csv
2,51428abac2df,2025-10-15T11:45:25.890624,shrek3,supposed,11,True,a45d25883979,7.359538000400789,latency-51428abac2df.csv
2,51428abac2df,2025-10-15T11:45:26.004732,grail,Cleveland,3,True,a45d25883979,5.5121380000855424,latency-51428abac2df.csv
2,51428abac2df,2025-10-15T11:45:26.115127,grail,elected,2,True,a45d25883979,5.104551000385982,latency-51428abac2df.csv
2,51428abac2df,2025-10-15T11:45:26.225194,shrek,DONKEY,320,True,a45d25883979,7.0165530000849685,latency-51428abac2df.csv
2,51428abac2df,2025-10-15T11:45:26.338883,shrek,ogre,27,True,a45d25883979,7.392354999865347,latency-51428abac2df.csv
2,51428abac2df,2025-10-15T11:45:26.454939,shrek3,Whoa,7,True,a45d25883979,33.85983699990902,latency-51428abac2df.csv
2,51428abac2df,2025-10-15T11:45:26.613295,shrek,cottage,4,True,1de2274fea60,12.72020499982318,latency-51428abac2df.csv
2,51428abac2df,2025-10-15T11:45:26.741649,shrek,tell,25,True,a45d25883979,8.99132400036251,latency-51428abac2df.csv
2,51428abac2df,2025-10-15T11:45:26.858553,shrek,true,20,True,a45d25883979,8.241707000252063,latency-51428abac2df.csv
2,51428abac2df,2025-10-15T11:45:26.980975,shrek,And,318,True,72ad01c69167,9.9937330001012,latency-51428abac2df.csv
2,51428abac2df,2025-10-15T11:45:27.101039,shrek,SHREK,433,True,a45d25883979,12.843474999954196,latency-51428abac2df.csv
2,51428abac2df,2025-10-15T11:45:27.229212,grail,grabbing,5,True,a45d25883979,24.87858699987555,latency-51428abac2df.csv
2,51428abac2df,2025-10-15T11:45:27.376236,shrek3,"Suddenly,",0,True,72ad01c69167,14.650738000000274,latency-51428abac2df.csv
2,51428abac2df,2025-10-15T11:45:27.504646,shrek3,ARTIE,213,True,72ad01c69167,8.102324999981647,latency-51428abac2df.csv
2,51428abac2df,2025-10-15T11:45:27.629865,shrek3,Uh,18,True,72ad01c69167,9.10476400031257,latency-51428abac2df.csv
2,51428abac2df,2025-10-15T11:45:27.750647,grail,chops,3,True,72ad01c69167,20.72935300020617,latency-51428abac2df.csv
1,52de4934d53c,2025-10-15T11:45:58.364022,shrek3,showing,1,True,a45d25883979,18.296686000212503,latency-52de4934d53c.csv
1,52de4934d53c,2025-10-15T11:45:58.531315,grail,singing,33,True,72ad01c69167,19.34312100001989,latency-52de4934d53c.csv
1,52de4934d53c,2025-10-15T11:45:58.668240,shrek,INSIDE,16,True,a45d25883979,13.58260999995764,latency-52de4934d53c.csv
1,52de4934d53c,2025-10-15T11:45:58.823382,shrek3,to,511,True,a45d25883979,7.776756000112073,latency-52de4934d53c.csv
1,52de4934d53c,2025-10-15T11:45:58.940729,shrek,DONKEY,320,True,72ad01c69167,18.87495100027081,latency-52de4934d53c.csv
1,52de4934d53c,2025-10-15T11:45:59.076050,shrek,number,8,True,a45d25883979,28.38786300026186,latency-52de4934d53c.csv
1,52de4934d53c,2025-10-15T11:45:59.221228,shrek3,WOLF,7,True,1de2274fea60,24.60734699980094,latency-52de4934d53c.csv
1,52de4934d53c,2025-10-15T11:45:59.358826,shrek3,Whoa,7,True,a45d25883979,16.33546299990485,latency-52de4934d53c.csv
1,52de4934d53c,2025-10-15T11:45:59.496817,grail,for,118,True,72ad01c69167,19.91506299964385,latency-52de4934d53c.csv
1,52de4934d53c,2025-10-15T11:45:59.649136,shrek3,CHARMING,232,True,1de2274fea60,15.030269999897428,latency-52de4934d53c.csv
1,52de4934d53c,2025-10-15T11:45:59.789102,shrek3,the,1285,True,72ad01c69167,38.54388099989592,latency-52de4934d53c.csv
1,52de4934d53c,2025-10-15T11:45:59.963229,grail,Footnote,4,True,1de2274fea60,19.797879999714496,latency-52de4934d53c.csv
1,52de4934d53c,2025-10-15T11:46:00.116518,grail,"collective,",0,True,a45d25883979,21.48613400004251,latency-52de4934d53c.csv
1,52de4934d53c,2025-10-15T11:46:00.272095,shrek3,Im,1,True,1de2274fea60,27.17525600019144,latency-52de4934d53c.csv
1,52de4934d53c,2025-10-15T11:46:00.433766,shrek,he,118,True,72ad01c69167,45.19537899977877,latency-52de4934d53c.csv
1,52de4934d53c,2025-10-15T11:46:00.603750,shrek,your,49,True,a45d25883979,50.69432699974641,latency-52de4934d53c.csv
1,52de4934d53c,2025-10-15T11:46:00.815798,shrek,whistles,2,True,1de2274fea60,56.05296700014151,latency-52de4934d53c.csv
1,52de4934d53c,2025-10-15T11:46:01.010887,shrek,Aah,6,True,a45d25883979,14.625202999923204,latency-52de4934d53c.csv
1,52de4934d53c,2025-10-15T11:46:01.141829,shrek3,Third,121,True,1de2274fea60,35.308590999648004,latency-52de4934d53c.csv
1,52de4934d53c,2025-10-15T11:46:01.303456,shrek,What,104,True,a45d25883979,25.6342030002088,latency-52de4934d53c.csv
2,52de4934d53c,2025-10-15T11:46:01.440176,shrek3,showing,1,True,a45d25883979,24.974151000151323,latency-52de4934d53c.csv
2,52de4934d53c,2025-10-15T11:46:01.589993,grail,singing,33,True,a45d25883979,50.055799999881856,latency-52de4934d53c.csv
2,52de4934d53c,2025-10-15T11:46:01.791234,shrek,INSIDE,16,True,72ad01c69167,26.86967599993295,latency-52de4934d53c.csv
2,52de4934d53c,2025-10-15T11:46:01.956779,shrek3,to,511,True,a45d25883979,45.51426499983791,latency-52de4934d53c.csv
2,52de4934d53c,2025-10-15T11:46:02.158235,shrek,DONKEY,320,True,72ad01c69167,95.00973900003372,latency-52de4934d53c.csv
2,52de4934d53c,2025-10-15T11:46:02.374802,shrek,number,8,True,72ad01c69167,48.46440599976631,latency-52de4934d53c.csv
2,52de4934d53c,2025-10-15T11:46:02.595591,shrek3,WOLF,7,True,a45d25883979,19.412726999689767,latency-52de4934d53c.csv
2,52de4934d53c,2025-10-15T11:46:02.767852,shrek3,Whoa,7,True,a45d25883979,33.22948200002429,latency-52de4934d53c.csv
2,52de4934d53c,2025-10-15T11:46:02.932198,grail,for,118,True,a45d25883979,34.872303000156535,latency-52de4934d53c.csv
2,52de4934d53c,2025-10-15T11:46:03.093193,shrek3,CHARMING,232,True,a45d25883979,38.6516569997184,latency-52de4934d53c.csv
2,52de4934d53c,2025-10-15T11:46:03.246398,shrek3,the,1285,True,a45d25883979,19.28090000001248,latency-52de4934d53c.csv
2,52de4934d53c,2025-10-15T11:46:03.391808,grail,Footnote,4,True,a45d25883979,24.39299099978598,latency-52de4934d53c.csv
2,52de4934d53c,2025-10-15T11:46:03.550261,grail,"collective,",0,True,a45d25883979,23.841433000143297,latency-52de4934d53c.csv
2,52de4934d53c,2025-10-15T11:46:03.687081,shrek3,Im,1,True,a45d25883979,30.48380400014139,latency-52de4934d53c.csv
2,52de4934d53c,2025-10-15T11:46:03.832616,shrek,he,118,True,a45d25883979,13.450121999994735,latency-52de4934d53c.csv
2,52de4934d53c,2025-10-15T11:46:03.968099,shrek,your,49,True,a45d25883979,12.484074999974837,latency-52de4934d53c.csv
2,52de4934d53c,2025-10-15T11:46:04.091177,shrek,whistles,2,True,a45d25883979,21.709150000333462,latency-52de4934d53c.csv
2,52de4934d53c,2025-10-15T11:46:04.233407,shrek,Aah,6,True,a45d25883979,15.75331100002586,latency-52de4934d53c.csv
2,52de4934d53c,2025-10-15T11:46:04.366661,shrek3,Third,121,True,a45d25883979,14.958436000142685,latency-52de4934d53c.csv
2,52de4934d53c,2025-10-15T11:46:04.491288,shrek,What,104,True,72ad01c69167,9.913601000334893,latency-52de4934d53c.csv
1,52ecb8b1c51b,2025-10-15T11:45:31.807586,grail,Bridge,30,True,a45d25883979,4.658558999835805,latency-52ecb8b1c51b.csv
1,52ecb8b1c51b,2025-10-15T11:45:31.918620,grail,feel,11,True,a45d25883979,5.755261000103928,latency-52ecb8b1c51b.csv
1,52ecb8b1c51b,2025-10-15T11:45:32.030136,shrek3,flaming,2,True,a45d25883979,6.479558000137331,latency-52ecb8b1c51b.csv
1,52ecb8b1c51b,2025-10-15T11:45:32.142589,shrek3,and,576,True,a45d25883979,4.296905000046536,latency-52ecb8b1c51b.csv
1,52ecb8b1c51b,2025-10-15T11:45:32.251992,grail,pretty,7,True,a45d25883979,4.5251289998304856,latency-52ecb8b1c51b.csv
1,52ecb8b1c51b,2025-10-15T11:45:32.361364,shrek,on,88,True,a45d25883979,6.56192899987218,latency-52ecb8b1c51b.csv
1,52ecb8b1c51b,2025-10-15T11:45:32.474289,grail,feel,11,True,a45d25883979,5.39738599991324,latency-52ecb8b1c51b.csv
1,52ecb8b1c51b,2025-10-15T11:45:32.585592,shrek,What,104,True,a45d25883979,4.557523000130459,latency-52ecb8b1c51b.csv
1,52ecb8b1c51b,2025-10-15T11:45:32.694871,grail,Cleese,10,True,a45d25883979,5.812908000280004,latency-52ecb8b1c51b.csv
1,52ecb8b1c51b,2025-10-15T11:45:32.805567,shrek,Blah,1,True,a45d25883979,6.219988999873749,latency-52ecb8b1c51b.csv
1,52ecb8b1c51b,2025-10-15T11:45:32.917931,shrek3,the,1285,True,a45d25883979,5.253644999811513,latency-52ecb8b1c51b.csv
1,52ecb8b1c51b,2025-10-15T11:45:33.028366,shrek3,you,328,True,a45d25883979,7.0448989999931655,latency-52ecb8b1c51b.csv
1,52ecb8b1c51b,2025-10-15T11:45:33.141353,shrek3,WHITE,45,True,72ad01c69167,7.236081000428385,latency-52ecb8b1c51b.csv
1,52ecb8b1c51b,2025-10-15T11:45:33.258711,grail,are,114,True,72ad01c69167,7.297219000065525,latency-52ecb8b1c51b.csv
1,52ecb8b1c51b,2025-10-15T11:45:33.371193,grail,right,66,True,a45d25883979,5.86319200010621,latency-52ecb8b1c51b.csv
1,52ecb8b1c51b,2025-10-15T11:45:33.483050,grail,19Prince,0,True,a45d25883979,6.068419000257563,latency-52ecb8b1c51b.csv
1,52ecb8b1c51b,2025-10-15T11:45:33.596272,shrek3,MERLIN,73,True,a45d25883979,12.626317000012932,latency-52ecb8b1c51b.csv
1,52ecb8b1c51b,2025-10-15T11:45:33.718020,shrek3,PUSS,196,True,72ad01c69167,8.24261799971282,latency-52ecb8b1c51b.csv
1,52ecb8b1c51b,2025-10-15T11:45:33.834059,shrek3,the,1285,True,72ad01c69167,10.286111999903367,latency-52ecb8b1c51b.csv
1,52ecb8b1c51b,2025-10-15T11:45:33.951536,shrek,SHREK,433,True,72ad01c69167,8.05456200032495,latency-52ecb8b1c51b.csv
2,52ecb8b1c51b,2025-10-15T11:45:34.066302,grail,Bridge,30,True,72ad01c69167,10.640225999850372,latency-52ecb8b1c51b.csv
2,52ecb8b1c51b,2025-10-15T11:45:34.183573,grail,feel,11,True,72ad01c69167,9.187851999740817,latency-52ecb8b1c51b.csv
2,52ecb8b1c51b,2025-10-15T11:45:34.301424,shrek3,flaming,2,True,72ad01c69167,9.048161000009712,latency-52ecb8b1c51b.csv
2,52ecb8b1c51b,2025-10-15T11:45:34.418841,shrek3,and,576,True,72ad01c69167,12.18229899996004,latency-52ecb8b1c51b.csv
2,52ecb8b1c51b,2025-10-15T11:45:34.542716,grail,pretty,7,True,a45d25883979,6.934724000075221,latency-52ecb8b1c51b.csv
2,52ecb8b1c51b,2025-10-15T11:45:34.656246,shrek,on,88,True,a45d25883979,5.253845999959594,latency-52ecb8b1c51b.csv
2,52ecb8b1c51b,2025-10-15T11:45:34.768325,grail,feel,11,True,a45d25883979,7.117336000192154,latency-52ecb8b1c51b.csv
2,52ecb8b1c51b,2025-10-15T11:45:34.884609,shrek,What,104,True,a45d25883979,7.341109000208235,latency-52ecb8b1c51b.csv
2,52ecb8b1c51b,2025-10-15T11:45:34.999007,grail,Cleese,10,True,a45d25883979,5.189501000131713,latency-52ecb8b1c51b.csv
2,52ecb8b1c51b,2025-10-15T11:45:35.109844,shrek,Blah,1,True,a45d25883979,6.691432000025088,latency-52ecb8b1c51b.csv
2,52ecb8b1c51b,2025-10-15T11:45:35.223822,shrek3,the,1285,True,a45d25883979,8.465281000098912,latency-52ecb8b1c51b.csv
2,52ecb8b1c51b,2025-10-15T11:45:35.339947,shrek3,you,328,True,a45d25883979,6.272186000387592,latency-52ecb8b1c51b.csv
2,52ecb8b1c51b,2025-10-15T11:45:35.454046,shrek3,WHITE,45,True,a45d25883979,7.469134000075428,latency-52ecb8b1c51b.csv
2,52ecb8b1c51b,2025-10-15T11:45:35.568600,grail,are,114,True,a45d25883979,5.78803100006553,latency-52ecb8b1c51b.csv
2,52ecb8b1c51b,2025-10-15T11:45:35.679766,grail,right,66,True,a45d25883979,10.623458000281971,latency-52ecb8b1c51b.csv
2,52ecb8b1c51b,2025-10-15T11:45:35.796724,grail,19Prince,0,True,a45d25883979,5.172928999854776,latency-52ecb8b1c51b.csv
2,52ecb8b1c51b,2025-10-15T11:45:35.907103,shrek3,MERLIN,73,True,a45d25883979,4.993430000013177,latency-52ecb8b1c51b.csv
2,52ecb8b1c51b,2025-10-15T11:45:36.017184,shrek3,PUSS,196,True,a45d25883979,4.810148000160552,latency-52ecb8b1c51b.csv
2,52ecb8b1c51b,2025-10-15T11:45:36.127117,shrek3,the,1285,True,a45d25883979,7.363864000126341,latency-52ecb8b1c51b.csv
2,52ecb8b1c51b,2025-10-15T11:45:36.240438,shrek,SHREK,433,True,a45d25883979,7.815446999757114,latency-52ecb8b1c51b.csv
1,545199d16664,2025-10-15T11:46:07.732680,grail,Boom,4,True,a45d25883979,7.865799999763112,latency-545199d16664.csv
1,545199d16664,2025-10-15T11:46:07.849256,shrek,trip,1,True,a45d25883979,8.763461999933497,latency-545199d16664.csv
1,545199d16664,2025-10-15T11:46:07.966695,shrek,FIONA,211,True,a45d25883979,8.042801000101463,latency-545199d16664.csv
1,545199d16664,2025-10-15T11:46:08.083329,grail,lost,6,True,a45d25883979,10.613480000301934,latency-545199d16664.csv
1,545199d16664,2025-10-15T11:46:08.204379,grail,I,298,True,a45d25883979,5.365704999803711,latency-545199d16664.csv
1,545199d16664,2025-10-15T11:46:08.314804,shrek,after,10,True,72ad01c69167,7.375501999831613,latency-545199d16664.csv
1,545199d16664,2025-10-15T11:46:08.430726,shrek3,cues,3,True,a45d25883979,23.44237699981022,latency-545199d16664.csv
1,545199d16664,2025-10-15T11:46:08.566892,shrek3,them,44,True,a45d25883979,12.72623199974987,latency-545199d16664.csv
1,545199d16664,2025-10-15T11:46:08.689080,shrek,lay,2,True,72ad01c69167,9.099005999814835,latency-545199d16664.csv
1,545199d16664,2025-10-15T11:46:08.806325,grail,a,666,True,72ad01c69167,10.601155000131255,latency-545199d16664.csv
1,545199d16664,2025-10-15T11:46:08.925256,shrek,"Ha,",0,True,a45d25883979,12.04713900006027,latency-545199d16664.csv
1,545199d16664,2025-10-15T11:46:09.047740,shrek,No,114,True,a45d25883979,11.923013999876275,latency-545199d16664.csv
1,545199d16664,2025-10-15T11:46:09.172197,shrek3,what,82,True,a45d25883979,8.370562999971298,latency-545199d16664.csv
1,545199d16664,2025-10-15T11:46:09.291054,grail,Cleese,10,True,a45d25883979,10.356488000070383,latency-545199d16664.csv
1,545199d16664,2025-10-15T11:46:09.414182,grail,Rostmm,1,True,a45d25883979,13.89462099996308,latency-545199d16664.csv
1,545199d16664,2025-10-15T11:46:09.547365,shrek3,JOCKS,2,True,72ad01c69167,12.504355999681138,latency-545199d16664.csv
1,545199d16664,2025-10-15T11:46:09.674173,grail,grabbing,5,True,1de2274fea60,11.798842999724002,latency-545199d16664.csv
1,545199d16664,2025-10-15T11:46:09.796109,grail,"Peng,",0,True,72ad01c69167,10.048169000128835,latency-545199d16664.csv
1,545199d16664,2025-10-15T11:46:09.919557,shrek,ogre,27,True,1de2274fea60,16.386777999741753,latency-545199d16664.csv
1,545199d16664,2025-10-15T11:46:10.046389,shrek3,body),0,True,1de2274fea60,10.889116000271317,latency-545199d16664.csv
2,545199d16664,2025-10-15T11:46:10.170820,grail,Boom,4,True,a45d25883979,6.042261000402505,latency-545199d16664.csv
2,545199d16664,2025-10-15T11:46:10.282791,shrek,trip,1,True,a45d25883979,6.970206999994844,latency-545199d16664.csv
2,545199d16664,2025-10-15T11:46:10.395641,shrek,FIONA,211,True,a45d25883979,6.325803999970958,latency-545199d16664.csv
2,545199d16664,2025-10-15T11:46:10.508960,grail,lost,6,True,72ad01c69167,9.102023000195912,latency-545199d16664.csv
2,545199d16664,2025-10-15T11:46:10.626063,grail,I,298,True,72ad01c69167,8.403799000006984,latency-545199d16664.csv
2,545199d16664,2025-10-15T11:46:10.741284,shrek,after,10,True,a45d25883979,4.564787000163051,latency-545199d16664.csv
2,545199d16664,2025-10-15T11:46:10.851078,shrek3,cues,3,True,72ad01c69167,7.895911000105116,latency-545199d16664.csv
2,545199d16664,2025-10-15T11:46:10.967211,shrek3,them,44,True,a45d25883979,5.587014999946405,latency-545199d16664.csv
2,545199d16664,2025-10-15T11:46:11.077828,shrek,lay,2,True,a45d25883979,7.891480000125739,latency-545199d16664.csv
2,545199d16664,2025-10-15T11:46:11.193087,grail,a,666,True,a45d25883979,12.382638999952178,latency-545199d16664.csv
2,545199d16664,2025-10-15T11:46:11.313029,shrek,"Ha,",0,True,a45d25883979,5.533892999665113,latency-545199d16664.csv
2,545199d16664,2025-10-15T11:46:11.423625,shrek,No,114,True,a45d25883979,8.84293399985836,latency-545199d16664.csv
2,545199d16664,2025-10-15T11:46:11.542913,shrek3,what,82,True,a45d25883979,5.4548780003642605,latency-545199d16664.csv
2,545199d16664,2025-10-15T11:46:11.653968,grail,Cleese,10,True,a45d25883979,5.466449999858014,latency-545199d16664.csv
2,545199d16664,2025-10-15T11:46:11.766280,grail,Rostmm,1,True,a45d25883979,14.665437000076054,latency-545199d16664.csv
2,545199d16664,2025-10-15T11:46:11.895295,shrek3,JOCKS,2,True,a45d25883979,7.87711400016633,latency-545199d16664.csv
2,545199d16664,2025-10-15T11:46:12.014099,grail,grabbing,5,True,a45d25883979,6.262801000048057,latency-545199d16664.csv
2,545199d16664,2025-10-15T11:46:12.126252,grail,"Peng,",0,True,72ad01c69167,10.946328000045469,latency-545199d16664.csv
2,545199d16664,2025-10-15T11:46:12.247718,shrek,ogre,27,True,a45d25883979,12.03813199981596,latency-545199d16664.csv
2,545199d16664,2025-10-15T11:46:12.375102,shrek3,body),0,True,1de2274fea60,22.53576199973395,latency-545199d16664.csv
1,5495f6a1d4fd,2025-10-15T11:45:24.877216,grail,LANCELOT,59,True,1de2274fea60,7.427890999679221,latency-5495f6a1d4fd.csv
1,5495f6a1d4fd,2025-10-15T11:45:24.992091,shrek3,SHREK,678,True,1de2274fea60,7.516400999975303,latency-5495f6a1d4fd.csv
1,5495f6a1d4fd,2025-10-15T11:45:25.105620,shrek3,Im,1,True,1de2274fea60,8.634863000224868,latency-5495f6a1d4fd.csv
1,5495f6a1d4fd,2025-10-15T11:45:25.222296,shrek3,Guards,23,True,1de2274fea60,8.015723999960755,latency-5495f6a1d4fd.csv
1,5495f6a1d4fd,2025-10-15T11:45:25.338956,shrek3,Gingerbread,37,True,1de2274fea60,7.773378000365483,latency-5495f6a1d4fd.csv
1,5495f6a1d4fd,2025-10-15T11:45:25.453431,shrek,FIONA,211,True,72ad01c69167,7.016746000317653,latency-5495f6a1d4fd.csv
1,5495f6a1d4fd,2025-10-15T11:45:25.567833,grail,Boom,4,True,a45d25883979,5.4994960000840365,latency-5495f6a1d4fd.csv
1,5495f6a1d4fd,2025-10-15T11:45:25.679232,shrek3,PUSS,196,True,a45d25883979,6.647778000115068,latency-5495f6a1d4fd.csv
1,5495f6a1d4fd,2025-10-15T11:45:25.792721,shrek3,ho,8,True,a45d25883979,9.227825999914783,latency-5495f6a1d4fd.csv
1,5495f6a1d4fd,2025-10-15T11:45:25.911517,shrek,DONKEY,320,True,a45d25883979,7.543569000063144,latency-5495f6a1d4fd.csv
1,5495f6a1d4fd,2025-10-15T11:45:26.025981,shrek3,fall,6,False,a45d25883979,16.7639380001674,latency-5495f6a1d4fd.csv
1,5495f6a1d4fd,2025-10-15T11:45:26.148572,grail,Jones,7,True,72ad01c69167,6.012681999891356,latency-5495f6a1d4fd.csv
1,5495f6a1d4fd,2025-10-15T11:45:26.259514,shrek,looks,37,True,72ad01c69167,6.883664999804751,latency-5495f6a1d4fd.csv
1,5495f6a1d4fd,2025-10-15T11:45:26.374399,shrek3,JOCKS,2,True,72ad01c69167,6.699317999846244,latency-5495f6a1d4fd.csv
1,5495f6a1d4fd,2025-10-15T11:45:26.488431,grail,few,8,True,72ad01c69167,10.082941000291612,latency-5495f6a1d4fd.csv
1,5495f6a1d4fd,2025-10-15T11:45:26.625459,grail,a,666,True,a45d25883979,15.873876999648928,latency-5495f6a1d4fd.csv
1,5495f6a1d4fd,2025-10-15T11:45:26.768823,shrek,"Well,",0,True,a45d25883979,29.992029999903025,latency-5495f6a1d4fd.csv
1,5495f6a1d4fd,2025-10-15T11:45:26.908790,shrek3,Im,1,True,72ad01c69167,14.579350000076374,latency-5495f6a1d4fd.csv
1,5495f6a1d4fd,2025-10-15T11:45:27.030811,shrek,whistles,2,True,72ad01c69167,11.439383999913844,latency-5495f6a1d4fd.csv
1,5495f6a1d4fd,2025-10-15T11:45:27.160699,shrek3,WHITE,45,True,1de2274fea60,10.009833999902185,latency-5495f6a1d4fd.csv
2,5495f6a1d4fd,2025-10-15T11:45:27.279508,grail,LANCELOT,59,True,72ad01c69167,20.649348000006285,latency-5495f6a1d4fd.csv
2,5495f6a1d4fd,2025-10-15T11:45:27.416939,shrek3,SHREK,678,True,72ad01c69167,8.086854999874049,latency-5495f6a1d4fd.csv
2,5495f6a1d4fd,2025-10-15T11:45:27.544213,shrek3,Im,1,True,72ad01c69167,11.890580999988742,latency-5495f6a1d4fd.csv
2,5495f6a1d4fd,2025-10-15T11:45:27.666043,shrek3,Guards,23,True,72ad01c69167,15.474831000119591,latency-5495f6a1d4fd.csv
2,5495f6a1d4fd,2025-10-15T11:45:27.795852,shrek3,Gingerbread,37,True,72ad01c69167,12.082260000170209,latency-5495f6a1d4fd.csv
2,5495f6a1d4fd,2025-10-15T11:45:27.931120,shrek,FIONA,211,True,72ad01c69167,15.026128000044991,latency-5495f6a1d4fd.csv
2,5495f6a1d4fd,2025-10-15T11:45:28.065455,grail,Boom,4,True,a45d25883979,9.023225999953866,latency-5495f6a1d4fd.csv
2,5495f6a1d4fd,2025-10-15T11:45:28.181989,shrek3,PUSS,196,True,a45d25883979,17.37361300001794,latency-5495f6a1d4fd.csv
2,5495f6a1d4fd,2025-10-15T11:45:28.316047,shrek3,ho,8,True,a45d25883979,9.438276999844676,latency-5495f6a1d4fd.csv
2,5495f6a1d4fd,2025-10-15T11:45:28.439842,shrek,DONKEY,320,True,a45d25883979,9.869391999927757,latency-5495f6a1d4fd.csv
2,5495f6a1d4fd,2025-10-15T11:45:28.567611,shrek3,fall,6,True,a45d25883979,11.475705000066228,latency-5495f6a1d4fd.csv
2,5495f6a1d4fd,2025-10-15T11:45:28.689834,grail,Jones,7,True,a45d25883979,14.241858999866963,latency-5495f6a1d4fd.csv
2,5495f6a1d4fd,2025-10-15T11:45:28.816944,shrek,looks,37,True,1de2274fea60,44.43064500037508,latency-5495f6a1d4fd.csv
2,5495f6a1d4fd,2025-10-15T11:45:28.993309,shrek3,JOCKS,2,True,1de2274fea60,21.43230599995149,latency-5495f6a1d4fd.csv
2,5495f6a1d4fd,2025-10-15T11:45:29.212446,grail,few,8,True,72ad01c69167,29.424486000152683,latency-5495f6a1d4fd.csv
2,5495f6a1d4fd,2025-10-15T11:45:29.402260,grail,a,666,True,1de2274fea60,19.018277000213857,latency-5495f6a1d4fd.csv
2,5495f6a1d4fd,2025-10-15T11:45:29.534371,shrek,"Well,",0,True,72ad01c69167,8.173713999894971,latency-5495f6a1d4fd.csv
2,5495f6a1d4fd,2025-10-15T11:45:29.648124,shrek3,Im,1,True,a45d25883979,7.287285000074917,latency-5495f6a1d4fd.csv
2,5495f6a1d4fd,2025-10-15T11:45:29.763755,shrek,whistles,2,True,a45d25883979,6.072523000057117,latency-5495f6a1d4fd.csv
2,5495f6a1d4fd,2025-10-15T11:45:29.874623,shrek3,WHITE,45,True,a45d25883979,6.29384800004118,latency-5495f6a1d4fd.csv
1,5516ed642c3d,2025-10-15T11:45:17.455351,grail,Launcelot,107,True,a45d25883979,5.352286000288586,latency-5516ed642c3d.csv
1,5516ed642c3d,2025-10-15T11:45:17.565577,grail,are,114,True,a45d25883979,7.210019000012835,latency-5516ed642c3d.csv
1,5516ed642c3d,2025-10-15T11:45:17.681552,shrek,FIONA,211,True,a45d25883979,5.893259999993461,latency-5516ed642c3d.csv
1,5516ed642c3d,2025-10-15T11:45:17.792965,shrek,don't,72,True,72ad01c69167,7.796814999892376,latency-5516ed642c3d.csv
1,5516ed642c3d,2025-10-15T11:45:17.907258,grail,cross,13,True,72ad01c69167,7.408897999994224,latency-5516ed642c3d.csv
1,5516ed642c3d,2025-10-15T11:45:18.020155,shrek,its,1,True,72ad01c69167,7.81304399970395,latency-5516ed642c3d.csv
1,5516ed642c3d,2025-10-15T11:45:18.134877,shrek,true,20,True,72ad01c69167,6.477076000010129,latency-5516ed642c3d.csv
1,5516ed642c3d,2025-10-15T11:45:18.247058,shrek,its,1,True,72ad01c69167,5.133021999881748,latency-5516ed642c3d.csv
1,5516ed642c3d,2025-10-15T11:45:18.358873,grail,the,1600,True,72ad01c69167,8.380163000310858,latency-5516ed642c3d.csv
1,5516ed642c3d,2025-10-15T11:45:18.475899,shrek,fair,2,True,a45d25883979,11.117581999769754,latency-5516ed642c3d.csv
1,5516ed642c3d,2025-10-15T11:45:18.596122,grail,from,94,True,72ad01c69167,13.251406000108544,latency-5516ed642c3d.csv
1,5516ed642c3d,2025-10-15T11:45:18.719952,shrek3,WHITE,45,True,1de2274fea60,24.207777999890823,latency-5516ed642c3d.csv
1,5516ed642c3d,2025-10-15T11:45:18.856915,grail,going,21,True,1de2274fea60,7.12424999983341,latency-5516ed642c3d.csv
1,5516ed642c3d,2025-10-15T11:45:18.973015,shrek,number,8,True,a45d25883979,8.66435999978421,latency-5516ed642c3d.csv
1,5516ed642c3d,2025-10-15T11:45:19.092666,shrek3,PUSS,196,True,a45d25883979,7.278730000052747,latency-5516ed642c3d.csv
1,5516ed642c3d,2025-10-15T11:45:19.209301,shrek3,with,112,True,72ad01c69167,10.537739000028523,latency-5516ed642c3d.csv
1,5516ed642c3d,2025-10-15T11:45:19.327463,shrek3,youre,0,True,72ad01c69167,9.79283500009842,latency-5516ed642c3d.csv
1,5516ed642c3d,2025-10-15T11:45:19.452269,shrek,SHREK,433,True,a45d25883979,10.521922999942037,latency-5516ed642c3d.csv
1,5516ed642c3d,2025-10-15T11:45:19.574487,grail,3,18,True,72ad01c69167,7.028714000171021,latency-5516ed642c3d.csv
1,5516ed642c3d,2025-10-15T11:45:19.696808,grail,the,1600,True,a45d25883979,15.295251000225107,latency-5516ed642c3d.csv
2,5516ed642c3d,2025-10-15T11:45:19.831921,grail,Launcelot,107,True,a45d25883979,6.973256000037509,latency-5516ed642c3d.csv
2,5516ed642c3d,2025-10-15T11:45:19.945831,grail,are,114,True,a45d25883979,5.103586000132054,latency-5516ed642c3d.csv
2,5516ed642c3d,2025-10-15T11:45:20.055789,shrek,FIONA,211,True,a45d25883979,6.621180999900389,latency-5516ed642c3d.csv
2,5516ed642c3d,2025-10-15T11:45:20.169394,shrek,don't,72,True,a45d25883979,6.8679759997394285,latency-5516ed642c3d.csv
2,5516ed642c3d,2025-10-15T11:45:20.282735,grail,cross,13,True,a45d25883979,7.47122099983244,latency-5516ed642c3d.csv
2,5516ed642c3d,2025-10-15T11:45:20.397414,shrek,its,1,True,a45d25883979,10.222280000107276,latency-5516ed642c3d.csv
2,5516ed642c3d,2025-10-15T11:45:20.518977,shrek,true,20,True,72ad01c69167,6.187322000187123,latency-5516ed642c3d.csv
2,5516ed642c3d,2025-10-15T11:45:20.632192,shrek,its,1,True,72ad01c69167,7.467020999683882,latency-5516ed642c3d.csv
2,5516ed642c3d,2025-10-15T11:45:20.749159,grail,the,1600,True,72ad01c69167,5.094181999993452,latency-5516ed642c3d.csv
2,5516ed642c3d,2025-10-15T11:45:20.861385,shrek,fair,2,True,a45d25883979,4.6397029996114725,latency-5516ed642c3d.csv
2,5516ed642c3d,2025-10-15T11:45:20.974622,grail,from,94,True,a45d25883979,17.669907999788848,latency-5516ed642c3d.csv
2,5516ed642c3d,2025-10-15T11:45:21.105194,shrek3,WHITE,45,True,a45d25883979,6.729347000145936,latency-5516ed642c3d.csv
2,5516ed642c3d,2025-10-15T11:45:21.219817,grail,going,21,True,72ad01c69167,7.882220000283269,latency-5516ed642c3d.csv
2,5516ed642c3d,2025-10-15T11:45:21.336745,shrek,number,8,True,72ad01c69167,5.691507999927126,latency-5516ed642c3d.csv
2,5516ed642c3d,2025-10-15T11:45:21.448600,shrek3,PUSS,196,True,72ad01c69167,10.07656699994186,latency-5516ed642c3d.csv
2,5516ed642c3d,2025-10-15T11:45:21.568592,shrek3,with,112,True,a45d25883979,7.518948999859276,latency-5516ed642c3d.csv
2,5516ed642c3d,2025-10-15T11:45:21.686032,shrek3,youre,0,True,72ad01c69167,6.202533000305266,latency-5516ed642c3d.csv
2,5516ed642c3d,2025-10-15T11:45:21.801127,shrek,SHREK,433,True,a45d25883979,5.760651999935362,latency-5516ed642c3d.csv
2,5516ed642c3d,2025-10-15T11:45:21.913683,grail,3,18,True,a45d25883979,4.802118000043265,latency-5516ed642c3d.csv
2,5516ed642c3d,2025-10-15T11:45:22.024742,grail,the,1600,True,a45d25883979,6.197021999923891,latency-5516ed642c3d.csv
1,5611da431101,2025-10-15T11:45:49.296252,shrek3,boomerang,1,True,a45d25883979,6.334964999950898,latency-5611da431101.csv
1,5611da431101,2025-10-15T11:45:49.411421,shrek,SHREK,433,True,a45d25883979,5.638180000005377,latency-5611da431101.csv
1,5611da431101,2025-10-15T11:45:49.525083,shrek,will,16,True,a45d25883979,9.58536300004198,latency-5611da431101.csv
1,5611da431101,2025-10-15T11:45:49.647527,shrek3,They,80,True,a45d25883979,5.966116999843507,latency-5611da431101.csv
1,5611da431101,2025-10-15T11:45:49.759812,shrek,DONKEY,320,True,a45d25883979,5.507975999989867,latency-5611da431101.csv
1,5611da431101,2025-10-15T11:45:49.872196,grail,Aaaaugh,9,True,a45d25883979,7.214043999738351,latency-5611da431101.csv
1,5611da431101,2025-10-15T11:45:49.987121,grail,pseudonym,1,True,a45d25883979,8.30381000014313,latency-5611da431101.csv
1,5611da431101,2025-10-15T11:45:50.103820,shrek3,the,1285,True,a45d25883979,5.930187000103615,latency-5611da431101.csv
1,5611da431101,2025-10-15T11:45:50.216585,grail,Michael,11,True,a45d25883979,8.664827000302466,latency-5611da431101.csv
1,5611da431101,2025-10-15T11:45:50.336751,grail,time,33,True,a45d25883979,5.286674999751995,latency-5611da431101.csv
1,5611da431101,2025-10-15T11:45:50.450714,shrek3,an,51,True,a45d25883979,6.1217300003590935,latency-5611da431101.csv
1,5611da431101,2025-10-15T11:45:50.564418,shrek3,them,44,True,a45d25883979,7.634187000348902,latency-5611da431101.csv
1,5611da431101,2025-10-15T11:45:50.681521,shrek3,MERLIN,73,True,a45d25883979,5.1645980001922,latency-5611da431101.csv
1,5611da431101,2025-10-15T11:45:50.792588,shrek3,the,1285,True,a45d25883979,5.755607999617496,latency-5611da431101.csv
1,5611da431101,2025-10-15T11:45:50.907356,grail,54,2,True,a45d25883979,7.226753999930224,latency-5611da431101.csv
1,5611da431101,2025-10-15T11:45:51.025246,shrek3,its,1,True,a45d25883979,7.25052500001766,latency-5611da431101.csv
1,5611da431101,2025-10-15T11:45:51.140994,shrek3,2,8,True,1de2274fea60,8.609640000031504,latency-5611da431101.csv
1,5611da431101,2025-10-15T11:45:51.259327,grail,the,1600,True,a45d25883979,12.699636999968789,latency-5611da431101.csv
1,5611da431101,2025-10-15T11:45:51.384081,shrek,But,73,True,72ad01c69167,10.259057999974177,latency-5611da431101.csv
1,5611da431101,2025-10-15T11:45:51.503120,grail,and,722,True,a45d25883979,11.10210900014863,latency-5611da431101.csv
2,5611da431101,2025-10-15T11:45:51.623619,shrek3,boomerang,1,True,72ad01c69167,7.788913000240427,latency-5611da431101.csv
2,5611da431101,2025-10-15T11:45:51.738647,shrek,SHREK,433,True,a45d25883979,6.1098470000615634,latency-5611da431101.csv
2,5611da431101,2025-10-15T11:45:51.851408,shrek,will,16,True,a45d25883979,9.83429799998703,latency-5611da431101.csv
2,5611da431101,2025-10-15T11:45:51.976565,shrek3,They,80,True,a45d25883979,8.608656999967934,latency-5611da431101.csv
2,5611da431101,2025-10-15T11:45:52.113570,shrek,DONKEY,320,True,72ad01c69167,23.37170900000274,latency-5611da431101.csv
2,5611da431101,2025-10-15T11:45:52.262092,grail,Aaaaugh,9,True,a45d25883979,6.600703000003705,latency-5611da431101.csv
2,5611da431101,2025-10-15T11:45:52.378594,grail,pseudonym,1,True,a45d25883979,10.735815999851184,latency-5611da431101.csv
2,5611da431101,2025-10-15T11:45:52.500350,shrek3,the,1285,True,a45d25883979,13.609006000024236,latency-5611da431101.csv
2,5611da431101,2025-10-15T11:45:52.637977,grail,Michael,11,True,1de2274fea60,11.497607999899628,latency-5611da431101.csv
2,5611da431101,2025-10-15T11:45:52.759720,grail,time,33,True,1de2274fea60,11.135158999877603,latency-5611da431101.csv
2,5611da431101,2025-10-15T11:45:52.882281,shrek3,an,51,True,72ad01c69167,11.998142000265943,latency-5611da431101.csv
2,5611da431101,2025-10-15T11:45:53.005104,shrek3,them,44,True,72ad01c69167,16.316492999976617,latency-5611da431101.csv
2,5611da431101,2025-10-15T11:45:53.140084,shrek3,MERLIN,73,True,72ad01c69167,13.049791999947049,latency-5611da431101.csv
2,5611da431101,2025-10-15T11:45:53.264142,shrek3,the,1285,True,1de2274fea60,12.35224099991683,latency-5611da431101.csv
2,5611da431101,2025-10-15T11:45:53.403406,grail,54,2,True,a45d25883979,37.99364099995728,latency-5611da431101.csv
2,5611da431101,2025-10-15T11:45:53.582697,shrek3,its,1,True,72ad01c69167,17.646251000314805,latency-5611da431101.csv
2,5611da431101,2025-10-15T11:45:53.712752,shrek3,2,8,True,72ad01c69167,17.59462000018175,latency-5611da431101.csv
2,5611da431101,2025-10-15T11:45:53.870201,grail,the,1600,True,72ad01c69167,9.595762999651924,latency-5611da431101.csv
2,5611da431101,2025-10-15T11:45:54.025742,shrek,But,73,True,72ad01c69167,29.563766000137548,latency-5611da431101.csv
2,5611da431101,2025-10-15T11:45:54.215284,grail,and,722,True,72ad01c69167,14.995613999872148,latency-5611da431101.csv
1,59d8a9b8d3df,2025-10-15T11:45:01.256251,shrek3,reason,2,False,1de2274fea60,24.493506999988316,latency-59d8a9b8d3df.csv
1,59d8a9b8d3df,2025-10-15T11:45:01.397665,shrek3,CHARMING,232,True,72ad01c69167,12.398731999837764,latency-59d8a9b8d3df.csv
1,59d8a9b8d3df,2025-10-15T11:45:01.517799,grail,are,114,True,72ad01c69167,4.429796999829705,latency-59d8a9b8d3df.csv
1,59d8a9b8d3df,2025-10-15T11:45:01.629231,shrek3,bed,10,True,a45d25883979,5.740927000260854,latency-59d8a9b8d3df.csv
1,59d8a9b8d3df,2025-10-15T11:45:01.741407,shrek,Aah,6,True,a45d25883979,8.255575000021054,latency-59d8a9b8d3df.csv
1,59d8a9b8d3df,2025-10-15T11:45:01.857647,shrek3,EVIL,59,True,72ad01c69167,7.684204999804933,latency-59d8a9b8d3df.csv
1,59d8a9b8d3df,2025-10-15T11:45:01.970702,shrek3,time,23,True,72ad01c69167,8.01820799961206,latency-59d8a9b8d3df.csv
1,59d8a9b8d3df,2025-10-15T11:45:02.086122,shrek,FIONA,211,True,a45d25883979,12.202284000068175,latency-59d8a9b8d3df.csv
1,59d8a9b8d3df,2025-10-15T11:45:02.205160,grail,"Peng,",0,True,72ad01c69167,5.880608000097709,latency-59d8a9b8d3df.csv
1,59d8a9b8d3df,2025-10-15T11:45:02.319218,shrek3,SCHOOL,14,True,72ad01c69167,4.625610000402958,latency-59d8a9b8d3df.csv
1,59d8a9b8d3df,2025-10-15T11:45:02.429976,shrek,at,62,True,a45d25883979,4.517284000030486,latency-59d8a9b8d3df.csv
1,59d8a9b8d3df,2025-10-15T11:45:02.539633,shrek3,CAPTAIN,41,True,a45d25883979,7.81884700018054,latency-59d8a9b8d3df.csv
1,59d8a9b8d3df,2025-10-15T11:45:02.655684,grail,LTD,6,False,72ad01c69167,11.501322999720289,latency-59d8a9b8d3df.csv
1,59d8a9b8d3df,2025-10-15T11:45:02.773117,shrek3,the,1285,True,72ad01c69167,4.69122700042135,latency-59d8a9b8d3df.csv
1,59d8a9b8d3df,2025-10-15T11:45:02.882968,grail,LANCELOT,59,True,72ad01c69167,6.575855000392039,latency-59d8a9b8d3df.csv
1,59d8a9b8d3df,2025-10-15T11:45:02.996685,shrek3,time,23,True,72ad01c69167,7.7519359997495485,latency-59d8a9b8d3df.csv
1,59d8a9b8d3df,2025-10-15T11:45:03.119292,grail,ANOTHER,25,False,a45d25883979,15.018813000096998,latency-59d8a9b8d3df.csv
1,59d8a9b8d3df,2025-10-15T11:45:03.241208,shrek,DONKEY,320,True,a45d25883979,4.874713999925007,latency-59d8a9b8d3df.csv
1,59d8a9b8d3df,2025-10-15T11:45:03.351432,shrek3,boomerang,1,False,a45d25883979,15.896234000138064,latency-59d8a9b8d3df.csv
1,59d8a9b8d3df,2025-10-15T11:45:03.473372,grail,"Oh,",2,True,a45d25883979,9.17236600025717,latency-59d8a9b8d3df.csv
2,59d8a9b8d3df,2025-10-15T11:45:03.593478,shrek3,reason,2,True,a45d25883979,5.551078999815218,latency-59d8a9b8d3df.csv
2,59d8a9b8d3df,2025-10-15T11:45:03.705441,shrek3,CHARMING,232,True,72ad01c69167,5.569564000325045,latency-59d8a9b8d3df.csv
2,59d8a9b8d3df,2025-10-15T11:45:03.817076,grail,are,114,True,72ad01c69167,8.50496299972292,latency-59d8a9b8d3df.csv
2,59d8a9b8d3df,2025-10-15T11:45:03.933905,shrek3,bed,10,True,a45d25883979,11.517133000324977,latency-59d8a9b8d3df.csv
2,59d8a9b8d3df,2025-10-15T11:45:04.053432,shrek,Aah,6,True,1de2274fea60,7.552336999651743,latency-59d8a9b8d3df.csv
2,59d8a9b8d3df,2025-10-15T11:45:04.168923,shrek3,EVIL,59,True,72ad01c69167,7.423356999879616,latency-59d8a9b8d3df.csv
2,59d8a9b8d3df,2025-10-15T11:45:04.284181,shrek3,time,23,True,72ad01c69167,7.885425000040414,latency-59d8a9b8d3df.csv
2,59d8a9b8d3df,2025-10-15T11:45:04.401816,shrek,FIONA,211,True,72ad01c69167,18.84495499962213,latency-59d8a9b8d3df.csv
2,59d8a9b8d3df,2025-10-15T11:45:04.554298,grail,"Peng,",0,True,a45d25883979,9.369337999942218,latency-59d8a9b8d3df.csv
2,59d8a9b8d3df,2025-10-15T11:45:04.672544,shrek3,SCHOOL,14,True,72ad01c69167,5.89405499977147,latency-59d8a9b8d3df.csv
2,59d8a9b8d3df,2025-10-15T11:45:04.785005,shrek,at,62,True,a45d25883979,16.85454100015704,latency-59d8a9b8d3df.csv
2,59d8a9b8d3df,2025-10-15T11:45:04.919190,shrek3,CAPTAIN,41,True,1de2274fea60,18.04868199997145,latency-59d8a9b8d3df.csv
2,59d8a9b8d3df,2025-10-15T11:45:05.059592,grail,LTD,6,True,a45d25883979,8.395361000111734,latency-59d8a9b8d3df.csv
2,59d8a9b8d3df,2025-10-15T11:45:05.176171,shrek3,the,1285,True,a45d25883979,8.100907999960327,latency-59d8a9b8d3df.csv
2,59d8a9b8d3df,2025-10-15T11:45:05.297709,grail,LANCELOT,59,True,72ad01c69167,8.353233999969234,latency-59d8a9b8d3df.csv
2,59d8a9b8d3df,2025-10-15T11:45:05.413356,shrek3,time,23,True,72ad01c69167,6.557343000167748,latency-59d8a9b8d3df.csv
2,59d8a9b8d3df,2025-10-15T11:45:05.528087,grail,ANOTHER,25,True,72ad01c69167,11.70898100008344,latency-59d8a9b8d3df.csv
2,59d8a9b8d3df,2025-10-15T11:45:05.650628,shrek,DONKEY,320,True,72ad01c69167,5.260743999770057,latency-59d8a9b8d3df.csv
2,59d8a9b8d3df,2025-10-15T11:45:05.761081,shrek3,boomerang,1,True,72ad01c69167,6.262120999963372,latency-59d8a9b8d3df.csv
2,59d8a9b8d3df,2025-10-15T11:45:05.872464,grail,"Oh,",2,True,72ad01c69167,11.626906999936182,latency-59d8a9b8d3df.csv
1,5a12bd570e4e,2025-10-15T11:45:39.219325,shrek,placed,1,True,a45d25883979,14.769599999908678,latency-5a12bd570e4e.csv
1,5a12bd570e4e,2025-10-15T11:45:39.352664,shrek,minute,3,True,1de2274fea60,24.17441899979167,latency-5a12bd570e4e.csv
1,5a12bd570e4e,2025-10-15T11:45:39.492088,shrek,our,11,True,1de2274fea60,38.34767999978794,latency-5a12bd570e4e.csv
1,5a12bd570e4e,2025-10-15T11:45:39.665124,shrek3,body),0,True,1de2274fea60,10.7691509997494,latency-5a12bd570e4e.csv
1,5a12bd570e4e,2025-10-15T11:45:39.783229,grail,To,718,True,a45d25883979,9.788953999759542,latency-5a12bd570e4e.csv
1,5a12bd570e4e,2025-10-15T11:45:39.900093,grail,a,666,True,1de2274fea60,7.029160000001866,latency-5a12bd570e4e.csv
1,5a12bd570e4e,2025-10-15T11:45:40.015958,shrek3,-,110,True,a45d25883979,15.6189969998195,latency-5a12bd570e4e.csv
1,5a12bd570e4e,2025-10-15T11:45:40.145197,shrek3,WOLF,7,True,a45d25883979,8.191769999939424,latency-5a12bd570e4e.csv
1,5a12bd570e4e,2025-10-15T11:45:40.263234,grail,I,298,True,a45d25883979,5.313706999913848,latency-5a12bd570e4e.csv
1,5a12bd570e4e,2025-10-15T11:45:40.376876,shrek3,get,39,True,a45d25883979,6.119613999999274,latency-5a12bd570e4e.csv
1,5a12bd570e4e,2025-10-15T11:45:40.491986,grail,king,136,True,a45d25883979,7.470803000160231,latency-5a12bd570e4e.csv
1,5a12bd570e4e,2025-10-15T11:45:40.605565,grail,sell,1,True,a45d25883979,4.869308000252204,latency-5a12bd570e4e.csv
1,5a12bd570e4e,2025-10-15T11:45:40.715898,shrek,you,409,True,a45d25883979,7.552448000296863,latency-5a12bd570e4e.csv
1,5a12bd570e4e,2025-10-15T11:45:40.829719,grail,pseudonym,1,True,a45d25883979,5.28249799981495,latency-5a12bd570e4e.csv
1,5a12bd570e4e,2025-10-15T11:45:40.940190,shrek3,ho,8,True,a45d25883979,5.569655999806855,latency-5a12bd570e4e.csv
1,5a12bd570e4e,2025-10-15T11:45:41.052321,shrek,his,48,True,a45d25883979,5.3957969998919,latency-5a12bd570e4e.csv
1,5a12bd570e4e,2025-10-15T11:45:41.162734,shrek3,showing,1,True,a45d25883979,6.517373999940901,latency-5a12bd570e4e.csv
1,5a12bd570e4e,2025-10-15T11:45:41.277318,shrek3,Third,121,True,a45d25883979,4.832177000025695,latency-5a12bd570e4e.csv
1,5a12bd570e4e,2025-10-15T11:45:41.388242,grail,Guard,106,True,a45d25883979,6.32917799975985,latency-5a12bd570e4e.csv
1,5a12bd570e4e,2025-10-15T11:45:41.500019,grail,Footnote,4,True,a45d25883979,5.807623000237072,latency-5a12bd570e4e.csv
2,5a12bd570e4e,2025-10-15T11:45:41.611755,shrek,placed,1,True,a45d25883979,5.030581999562855,latency-5a12bd570e4e.csv
2,5a12bd570e4e,2025-10-15T11:45:41.723975,shrek,minute,3,True,72ad01c69167,8.647606000067753,latency-5a12bd570e4e.csv
2,5a12bd570e4e,2025-10-15T11:45:41.840482,shrek,our,11,True,a45d25883979,5.426240999895526,latency-5a12bd570e4e.csv
2,5a12bd570e4e,2025-10-15T11:45:41.952066,shrek3,body),0,True,a45d25883979,4.724858000372478,latency-5a12bd570e4e.csv
2,5a12bd570e4e,2025-10-15T11:45:42.062387,grail,To,718,True,1de2274fea60,8.298189000015554,latency-5a12bd570e4e.csv
2,5a12bd570e4e,2025-10-15T11:45:42.183188,grail,a,666,True,a45d25883979,8.377622999887535,latency-5a12bd570e4e.csv
2,5a12bd570e4e,2025-10-15T11:45:42.298549,shrek3,-,110,True,a45d25883979,10.43567200031248,latency-5a12bd570e4e.csv
2,5a12bd570e4e,2025-10-15T11:45:42.417175,shrek3,WOLF,7,True,1de2274fea60,10.841442000128154,latency-5a12bd570e4e.csv
2,5a12bd570e4e,2025-10-15T11:45:42.540005,grail,I,298,True,1de2274fea60,18.808776999776452,latency-5a12bd570e4e.csv
2,5a12bd570e4e,2025-10-15T11:45:42.684579,shrek3,get,39,True,72ad01c69167,8.829557999888493,latency-5a12bd570e4e.csv
2,5a12bd570e4e,2025-10-15T11:45:42.805803,grail,king,136,True,1de2274fea60,14.649279999957798,latency-5a12bd570e4e.csv
2,5a12bd570e4e,2025-10-15T11:45:42.931807,grail,sell,1,True,a45d25883979,17.007583000122395,latency-5a12bd570e4e.csv
2,5a12bd570e4e,2025-10-15T11:45:43.059361,shrek,you,409,True,a45d25883979,15.833132999887312,latency-5a12bd570e4e.csv
2,5a12bd570e4e,2025-10-15T11:45:43.184441,grail,pseudonym,1,True,a45d25883979,7.43857699990258,latency-5a12bd570e4e.csv
2,5a12bd570e4e,2025-10-15T11:45:43.308187,shrek3,ho,8,True,72ad01c69167,28.570468999987497,latency-5a12bd570e4e.csv
2,5a12bd570e4e,2025-10-15T11:45:43.460167,shrek,his,48,True,72ad01c69167,6.086381000386609,latency-5a12bd570e4e.csv
2,5a12bd570e4e,2025-10-15T11:45:43.572577,shrek3,showing,1,True,a45d25883979,12.04348500004926,latency-5a12bd570e4e.csv
2,5a12bd570e4e,2025-10-15T11:45:43.696057,shrek3,Third,121,True,72ad01c69167,7.848138000099425,latency-5a12bd570e4e.csv
2,5a12bd570e4e,2025-10-15T11:45:43.812386,grail,Guard,106,True,72ad01c69167,7.849381000141875,latency-5a12bd570e4e.csv
2,5a12bd570e4e,2025-10-15T11:45:43.925510,grail,Footnote,4,True,72ad01c69167,8.809513999949559,latency-5a12bd570e4e.csv
1,5adffa792e70,2025-10-15T11:46:29.610844,shrek,the,535,True,1de2274fea60,9.138134999830072,latency-5adffa792e70.csv
1,5adffa792e70,2025-10-15T11:46:29.726521,grail,Get,47,True,72ad01c69167,5.4067890000624175,latency-5adffa792e70.csv
1,5adffa792e70,2025-10-15T11:46:29.837606,grail,to,718,True,a45d25883979,11.476424999727897,latency-5adffa792e70.csv
1,5adffa792e70,2025-10-15T11:46:29.958648,shrek,will,16,True,a45d25883979,8.067295999808266,latency-5adffa792e70.csv
1,5adffa792e70,2025-10-15T11:46:30.073013,shrek,SHREK,433,True,a45d25883979,10.427187000004778,latency-5adffa792e70.csv
1,5adffa792e70,2025-10-15T11:46:30.192937,shrek3,you,328,True,a45d25883979,9.229490000052463,latency-5adffa792e70.csv
1,5adffa792e70,2025-10-15T11:46:30.313256,grail,rows,1,True,a45d25883979,9.820178000154556,latency-5adffa792e70.csv
1,5adffa792e70,2025-10-15T11:46:30.435141,shrek,SHREK,433,True,a45d25883979,9.129659999871365,latency-5adffa792e70.csv
1,5adffa792e70,2025-10-15T11:46:30.556871,shrek3,get,39,True,1de2274fea60,6.505510000351933,latency-5adffa792e70.csv
1,5adffa792e70,2025-10-15T11:46:30.671929,shrek3,SNOW,49,True,72ad01c69167,11.97475500021028,latency-5adffa792e70.csv
1,5adffa792e70,2025-10-15T11:46:30.792788,grail,since,10,True,72ad01c69167,6.654362999597652,latency-5adffa792e70.csv
1,5adffa792e70,2025-10-15T11:46:30.905420,shrek3,Gingerbread,37,True,a45d25883979,6.281508000029135,latency-5adffa792e70.csv
1,5adffa792e70,2025-10-15T11:46:31.018524,grail,about,49,True,a45d25883979,10.270757999933268,latency-5adffa792e70.csv
1,5adffa792e70,2025-10-15T11:46:31.140836,grail,G,6,True,a45d25883979,5.451820999951451,latency-5adffa792e70.csv
1,5adffa792e70,2025-10-15T11:46:31.253991,shrek3,Gingerbread,37,True,a45d25883979,4.967896000380279,latency-5adffa792e70.csv
1,5adffa792e70,2025-10-15T11:46:31.367703,shrek3,with,112,True,a45d25883979,4.531226999915816,latency-5adffa792e70.csv
1,5adffa792e70,2025-10-15T11:46:31.477051,shrek3,EVIL,59,True,a45d25883979,6.809214999975666,latency-5adffa792e70.csv
1,5adffa792e70,2025-10-15T11:46:31.590879,grail,Christ,8,True,a45d25883979,4.679249999753665,latency-5adffa792e70.csv
1,5adffa792e70,2025-10-15T11:46:31.700746,shrek3,body),0,True,a45d25883979,6.125241000063397,latency-5adffa792e70.csv
1,5adffa792e70,2025-10-15T11:46:31.812888,shrek3,Donkey,243,True,a45d25883979,5.41068600023209,latency-5adffa792e70.csv
2,5adffa792e70,2025-10-15T11:46:31.923750,shrek,the,535,True,a45d25883979,4.737404000024981,latency-5adffa792e70.csv
2,5adffa792e70,2025-10-15T11:46:32.033353,grail,Get,47,True,a45d25883979,7.175416999871231,latency-5adffa792e70.csv
2,5adffa792e70,2025-10-15T11:46:32.146328,grail,to,718,True,a45d25883979,5.042330999913247,latency-5adffa792e70.csv
2,5adffa792e70,2025-10-15T11:46:32.256653,shrek,will,16,True,a45d25883979,6.29190000017843,latency-5adffa792e70.csv
2,5adffa792e70,2025-10-15T11:46:32.369604,shrek,SHREK,433,True,a45d25883979,4.873513000347884,latency-5adffa792e70.csv
2,5adffa792e70,2025-10-15T11:46:32.479782,shrek3,you,328,True,a45d25883979,7.683959999667422,latency-5adffa792e70.csv
2,5adffa792e70,2025-10-15T11:46:32.593622,grail,rows,1,True,a45d25883979,6.769563000034395,latency-5adffa792e70.csv
2,5adffa792e70,2025-10-15T11:46:32.706035,shrek,SHREK,433,True,a45d25883979,8.02607999958127,latency-5adffa792e70.csv
2,5adffa792e70,2025-10-15T11:46:32.821051,shrek3,get,39,True,a45d25883979,5.739545999858819,latency-5adffa792e70.csv
2,5adffa792e70,2025-10-15T11:46:32.939623,shrek3,SNOW,49,True,72ad01c69167,9.483984999860697,latency-5adffa792e70.csv
2,5adffa792e70,2025-10-15T11:46:33.056177,grail,since,10,True,a45d25883979,8.025708999866765,latency-5adffa792e70.csv
2,5adffa792e70,2025-10-15T11:46:33.173422,shrek3,Gingerbread,37,True,a45d25883979,11.66368100030013,latency-5adffa792e70.csv
2,5adffa792e70,2025-10-15T11:46:33.296437,grail,about,49,True,a45d25883979,14.456186999723286,latency-5adffa792e70.csv
2,5adffa792e70,2025-10-15T11:46:33.421585,grail,G,6,True,72ad01c69167,11.310567999771592,latency-5adffa792e70.csv
2,5adffa792e70,2025-10-15T11:46:33.585063,shrek3,Gingerbread,37,True,1de2274fea60,10.0937300003352,latency-5adffa792e70.csv
2,5adffa792e70,2025-10-15T11:46:33.704856,shrek3,with,112,True,72ad01c69167,11.40874500015343,latency-5adffa792e70.csv
2,5adffa792e70,2025-10-15T11:46:33.833587,shrek3,EVIL,59,True,72ad01c69167,14.6041759999207,latency-5adffa792e70.csv
2,5adffa792e70,2025-10-15T11:46:33.961612,grail,Christ,8,True,1de2274fea60,17.38935900038996,latency-5adffa792e70.csv
2,5adffa792e70,2025-10-15T11:46:34.096523,shrek3,body),0,True,a45d25883979,10.768654999992576,latency-5adffa792e70.csv
2,5adffa792e70,2025-10-15T11:46:34.220745,shrek3,Donkey,243,True,a45d25883979,11.028785000235075,latency-5adffa792e70.csv
1,5b52692dfddf,2025-10-15T11:45:24.207633,shrek3,time,23,True,a45d25883979,4.88671399989471,latency-5b52692dfddf.csv
1,5b52692dfddf,2025-10-15T11:45:24.319946,shrek3,Im,1,True,a45d25883979,6.527759999698901,latency-5b52692dfddf.csv
1,5b52692dfddf,2025-10-15T11:45:24.437123,shrek,its,1,True,a45d25883979,6.754435999937414,latency-5b52692dfddf.csv
1,5b52692dfddf,2025-10-15T11:45:24.552669,shrek,on,88,True,a45d25883979,6.8041119998270005,latency-5b52692dfddf.csv
1,5b52692dfddf,2025-10-15T11:45:24.667316,grail,GALAHAD,87,True,a45d25883979,7.690254999943136,latency-5b52692dfddf.csv
1,5b52692dfddf,2025-10-15T11:45:24.784579,grail,feel,11,True,a45d25883979,4.923595000036585,latency-5b52692dfddf.csv
1,5b52692dfddf,2025-10-15T11:45:24.894757,grail,for,118,True,a45d25883979,6.774294000024383,latency-5b52692dfddf.csv
1,5b52692dfddf,2025-10-15T11:45:25.011146,grail,Yeah,13,True,a45d25883979,4.873278000104619,latency-5b52692dfddf.csv
1,5b52692dfddf,2025-10-15T11:45:25.121157,grail,Christ,8,True,a45d25883979,6.550959999913175,latency-5b52692dfddf.csv
1,5b52692dfddf,2025-10-15T11:45:25.234618,shrek3,EVIL,59,True,a45d25883979,8.841364000090834,latency-5b52692dfddf.csv
1,5b52692dfddf,2025-10-15T11:45:25.352796,shrek,edge,2,True,a45d25883979,6.479952000063349,latency-5b52692dfddf.csv
1,5b52692dfddf,2025-10-15T11:45:25.467403,shrek3,PUSS,196,True,72ad01c69167,7.974298000135604,latency-5b52692dfddf.csv
1,5b52692dfddf,2025-10-15T11:45:25.583145,shrek,you,409,True,a45d25883979,6.794212999921001,latency-5b52692dfddf.csv
1,5b52692dfddf,2025-10-15T11:45:25.697249,grail,LTD,6,True,a45d25883979,5.6479780000699975,latency-5b52692dfddf.csv
1,5b52692dfddf,2025-10-15T11:45:25.810959,grail,the,1600,True,72ad01c69167,9.33061599971552,latency-5b52692dfddf.csv
1,5b52692dfddf,2025-10-15T11:45:25.932256,shrek,INSIDE,16,True,a45d25883979,7.527562000177568,latency-5b52692dfddf.csv
1,5b52692dfddf,2025-10-15T11:45:26.047687,grail,going,21,True,a45d25883979,7.60167199996431,latency-5b52692dfddf.csv
1,5b52692dfddf,2025-10-15T11:45:26.163391,shrek3,get,39,True,a45d25883979,5.278605000057723,latency-5b52692dfddf.csv
1,5b52692dfddf,2025-10-15T11:45:26.275371,grail,toward,10,True,a45d25883979,9.707006000098772,latency-5b52692dfddf.csv
1,5b52692dfddf,2025-10-15T11:45:26.393498,shrek3,CAPTAIN,41,True,a45d25883979,8.525807999831159,latency-5b52692dfddf.csv
2,5b52692dfddf,2025-10-15T11:45:26.525861,shrek3,time,23,True,a45d25883979,21.170677000100117,latency-5b52692dfddf.csv
2,5b52692dfddf,2025-10-15T11:45:26.663616,shrek3,Im,1,True,72ad01c69167,22.3707000000104,latency-5b52692dfddf.csv
2,5b52692dfddf,2025-10-15T11:45:26.803445,shrek,its,1,True,72ad01c69167,19.73591200021474,latency-5b52692dfddf.csv
2,5b52692dfddf,2025-10-15T11:45:26.939432,shrek,on,88,True,a45d25883979,8.459529999981896,latency-5b52692dfddf.csv
2,5b52692dfddf,2025-10-15T11:45:27.056829,grail,GALAHAD,87,True,a45d25883979,27.853961999880998,latency-5b52692dfddf.csv
2,5b52692dfddf,2025-10-15T11:45:27.202474,grail,feel,11,True,72ad01c69167,10.468317000231764,latency-5b52692dfddf.csv
2,5b52692dfddf,2025-10-15T11:45:27.327650,grail,for,118,True,a45d25883979,12.188881999918522,latency-5b52692dfddf.csv
2,5b52692dfddf,2025-10-15T11:45:27.454371,grail,Yeah,13,True,72ad01c69167,7.602772999689478,latency-5b52692dfddf.csv
2,5b52692dfddf,2025-10-15T11:45:27.573459,grail,Christ,8,True,72ad01c69167,10.516625000036584,latency-5b52692dfddf.csv
2,5b52692dfddf,2025-10-15T11:45:27.693179,shrek3,EVIL,59,True,a45d25883979,13.062851000086084,latency-5b52692dfddf.csv
2,5b52692dfddf,2025-10-15T11:45:27.816165,shrek,edge,2,True,a45d25883979,29.613444000005984,latency-5b52692dfddf.csv
2,5b52692dfddf,2025-10-15T11:45:27.965674,shrek3,PUSS,196,True,72ad01c69167,16.558167000312096,latency-5b52692dfddf.csv
2,5b52692dfddf,2025-10-15T11:45:28.095262,shrek,you,409,True,a45d25883979,13.450785000259202,latency-5b52692dfddf.csv
2,5b52692dfddf,2025-10-15T11:45:28.223746,grail,LTD,6,True,72ad01c69167,14.802789999976085,latency-5b52692dfddf.csv
2,5b52692dfddf,2025-10-15T11:45:28.354430,grail,the,1600,True,72ad01c69167,9.19867200036606,latency-5b52692dfddf.csv
2,5b52692dfddf,2025-10-15T11:45:28.474895,shrek,INSIDE,16,True,72ad01c69167,16.6113810000752,latency-5b52692dfddf.csv
2,5b52692dfddf,2025-10-15T11:45:28.609542,grail,going,21,True,72ad01c69167,15.575134999835427,latency-5b52692dfddf.csv
2,5b52692dfddf,2025-10-15T11:45:28.756812,shrek3,get,39,True,1de2274fea60,27.32692700010375,latency-5b52692dfddf.csv
2,5b52692dfddf,2025-10-15T11:45:28.907774,grail,toward,10,True,a45d25883979,43.791192999833584,latency-5b52692dfddf.csv
2,5b52692dfddf,2025-10-15T11:45:29.085740,shrek3,CAPTAIN,41,True,72ad01c69167,24.105347999920923,latency-5b52692dfddf.csv
1,5bb6dada2703,2025-10-15T11:45:08.457325,shrek3,-,110,True,a45d25883979,4.909721999865724,latency-5bb6dada2703.csv
1,5bb6dada2703,2025-10-15T11:45:08.566890,grail,To,718,True,a45d25883979,4.660717999740882,latency-5bb6dada2703.csv
1,5bb6dada2703,2025-10-15T11:45:08.675813,grail,lost,6,True,a45d25883979,4.867699999977049,latency-5bb6dada2703.csv
1,5bb6dada2703,2025-10-15T11:45:08.787482,grail,grabbing,5,True,72ad01c69167,9.915831999933287,latency-5bb6dada2703.csv
1,5bb6dada2703,2025-10-15T11:45:08.904481,shrek3,SNOW,49,True,1de2274fea60,8.862208000209648,latency-5bb6dada2703.csv
1,5bb6dada2703,2025-10-15T11:45:09.021791,shrek,he,118,True,1de2274fea60,7.960421000007045,latency-5bb6dada2703.csv
1,5bb6dada2703,2025-10-15T11:45:09.137593,shrek,at,62,True,1de2274fea60,10.86415899999338,latency-5bb6dada2703.csv
1,5bb6dada2703,2025-10-15T11:45:09.259263,shrek3,youre,0,True,a45d25883979,9.928285000114556,latency-5bb6dada2703.csv
1,5bb6dada2703,2025-10-15T11:45:09.376575,grail,feel,11,False,a45d25883979,23.27414100000169,latency-5bb6dada2703.csv
1,5bb6dada2703,2025-10-15T11:45:09.508090,shrek3,the,1285,True,72ad01c69167,9.152787999937573,latency-5bb6dada2703.csv
1,5bb6dada2703,2025-10-15T11:45:09.629211,grail,pathetic,4,True,a45d25883979,7.021295999948052,latency-5bb6dada2703.csv
1,5bb6dada2703,2025-10-15T11:45:09.744589,shrek,its,1,True,72ad01c69167,6.071635000353126,latency-5bb6dada2703.csv
1,5bb6dada2703,2025-10-15T11:45:09.857181,shrek,FIONA,211,True,a45d25883979,9.449775000121008,latency-5bb6dada2703.csv
1,5bb6dada2703,2025-10-15T11:45:09.975127,shrek3,SHREK,678,True,a45d25883979,6.278432000272005,latency-5bb6dada2703.csv
1,5bb6dada2703,2025-10-15T11:45:10.086832,shrek,tell,25,True,a45d25883979,8.255241999904683,latency-5bb6dada2703.csv
1,5bb6dada2703,2025-10-15T11:45:10.202407,shrek3,-,110,True,a45d25883979,7.625913000083528,latency-5bb6dada2703.csv
1,5bb6dada2703,2025-10-15T11:45:10.323316,shrek,after,10,True,72ad01c69167,5.702612999812118,latency-5bb6dada2703.csv
1,5bb6dada2703,2025-10-15T11:45:10.434954,shrek,your,49,True,72ad01c69167,4.969522999999754,latency-5bb6dada2703.csv
1,5bb6dada2703,2025-10-15T11:45:10.545248,shrek3,Donkey,243,True,72ad01c69167,6.364690999816958,latency-5bb6dada2703.csv
1,5bb6dada2703,2025-10-15T11:45:10.657619,grail,feel,11,True,72ad01c69167,9.804308000184392,latency-5bb6dada2703.csv
2,5bb6dada2703,2025-10-15T11:45:10.776135,shrek3,-,110,True,72ad01c69167,9.130973999617709,latency-5bb6dada2703.csv
2,5bb6dada2703,2025-10-15T11:45:10.901958,grail,To,718,True,72ad01c69167,11.407977000089886,latency-5bb6dada2703.csv
2,5bb6dada2703,2025-10-15T11:45:11.029304,grail,lost,6,True,a45d25883979,9.70920500003558,latency-5bb6dada2703.csv
2,5bb6dada2703,2025-10-15T11:45:11.148224,grail,grabbing,5,True,72ad01c69167,10.001386999647366,latency-5bb6dada2703.csv
2,5bb6dada2703,2025-10-15T11:45:11.268319,shrek3,SNOW,49,True,1de2274fea60,24.5859050000945,latency-5bb6dada2703.csv
2,5bb6dada2703,2025-10-15T11:45:11.415077,shrek,he,118,True,72ad01c69167,8.23448199980703,latency-5bb6dada2703.csv
2,5bb6dada2703,2025-10-15T11:45:11.539463,shrek,at,62,True,1de2274fea60,17.713757999899826,latency-5bb6dada2703.csv
2,5bb6dada2703,2025-10-15T11:45:11.686658,shrek3,youre,0,True,72ad01c69167,19.567186999665864,latency-5bb6dada2703.csv
2,5bb6dada2703,2025-10-15T11:45:11.829933,grail,feel,11,True,a45d25883979,21.480958000211103,latency-5bb6dada2703.csv
2,5bb6dada2703,2025-10-15T11:45:11.968833,shrek3,the,1285,True,a45d25883979,14.430203999836522,latency-5bb6dada2703.csv
2,5bb6dada2703,2025-10-15T11:45:12.107238,grail,pathetic,4,True,72ad01c69167,16.068429000370088,latency-5bb6dada2703.csv
2,5bb6dada2703,2025-10-15T11:45:12.262855,shrek,its,1,True,a45d25883979,22.893229000146675,latency-5bb6dada2703.csv
2,5bb6dada2703,2025-10-15T11:45:12.409479,shrek,FIONA,211,True,1de2274fea60,20.41240600010497,latency-5bb6dada2703.csv
2,5bb6dada2703,2025-10-15T11:45:12.547586,shrek3,SHREK,678,True,1de2274fea60,31.26159600014944,latency-5bb6dada2703.csv
2,5bb6dada2703,2025-10-15T11:45:12.705318,shrek,tell,25,True,a45d25883979,17.439680000279623,latency-5bb6dada2703.csv
2,5bb6dada2703,2025-10-15T11:45:12.835539,shrek3,-,110,True,72ad01c69167,10.435055000016291,latency-5bb6dada2703.csv
2,5bb6dada2703,2025-10-15T11:45:12.958121,shrek,after,10,True,1de2274fea60,11.978110000200104,latency-5bb6dada2703.csv
2,5bb6dada2703,2025-10-15T11:45:13.082143,shrek,your,49,True,72ad01c69167,9.46680800007016,latency-5bb6dada2703.csv
2,5bb6dada2703,2025-10-15T11:45:13.205769,shrek3,Donkey,243,True,72ad01c69167,12.812594000024546,latency-5bb6dada2703.csv
2,5bb6dada2703,2025-10-15T11:45:13.333852,grail,feel,11,True,72ad01c69167,10.265119999985473,latency-5bb6dada2703.csv
1,5c74061f4d51,2025-10-15T11:46:32.400035,grail,with/,0,True,a45d25883979,5.11398900016502,latency-5c74061f4d51.csv
1,5c74061f4d51,2025-10-15T11:46:32.510674,shrek3,ruby,1,True,a45d25883979,4.650124000363576,latency-5c74061f4d51.csv
1,5c74061f4d51,2025-10-15T11:46:32.620885,shrek3,PUSS,196,True,a45d25883979,5.178565999813145,latency-5c74061f4d51.csv
1,5c74061f4d51,2025-10-15T11:46:32.730986,grail,54,2,True,a45d25883979,5.813359000057972,latency-5c74061f4d51.csv
1,5c74061f4d51,2025-10-15T11:46:32.843516,shrek,Is,132,True,a45d25883979,7.719965999967826,latency-5c74061f4d51.csv
1,5c74061f4d51,2025-10-15T11:46:32.956941,grail,and,722,True,a45d25883979,6.045605000053911,latency-5c74061f4d51.csv
1,5c74061f4d51,2025-10-15T11:46:33.068188,shrek,baby,3,True,72ad01c69167,7.249731000229076,latency-5c74061f4d51.csv
1,5c74061f4d51,2025-10-15T11:46:33.180732,shrek,fair,2,True,72ad01c69167,9.3257309999899,latency-5c74061f4d51.csv
1,5c74061f4d51,2025-10-15T11:46:33.298612,shrek,SHREK,433,True,a45d25883979,10.41734299997188,latency-5c74061f4d51.csv
1,5c74061f4d51,2025-10-15T11:46:33.420678,shrek3,SHREK,678,True,72ad01c69167,23.598708000008628,latency-5c74061f4d51.csv
1,5c74061f4d51,2025-10-15T11:46:33.559298,shrek3,Arg,1,True,1de2274fea60,16.117287000270153,latency-5c74061f4d51.csv
1,5c74061f4d51,2025-10-15T11:46:33.686613,shrek,FIONA,211,True,a45d25883979,10.459008999987418,latency-5c74061f4d51.csv
1,5c74061f4d51,2025-10-15T11:46:33.816693,shrek,lay,2,True,a45d25883979,11.424115000409074,latency-5c74061f4d51.csv
1,5c74061f4d51,2025-10-15T11:46:33.946404,shrek3,ARTIE,213,True,a45d25883979,11.13511399989875,latency-5c74061f4d51.csv
1,5c74061f4d51,2025-10-15T11:46:34.070662,shrek,CROWD,5,True,a45d25883979,8.211730999846623,latency-5c74061f4d51.csv
1,5c74061f4d51,2025-10-15T11:46:34.189788,grail,Boom,4,True,a45d25883979,11.092094000105137,latency-5c74061f4d51.csv
1,5c74061f4d51,2025-10-15T11:46:34.312250,grail,pretty,7,True,a45d25883979,15.073546999701648,latency-5c74061f4d51.csv
1,5c74061f4d51,2025-10-15T11:46:34.445164,shrek,No,114,True,a45d25883979,9.42785899997034,latency-5c74061f4d51.csv
1,5c74061f4d51,2025-10-15T11:46:34.568077,grail,few,8,True,72ad01c69167,9.94514000012714,latency-5c74061f4d51.csv
1,5c74061f4d51,2025-10-15T11:46:34.690037,shrek3,glass,9,True,72ad01c69167,12.537804999738,latency-5c74061f4d51.csv
2,5c74061f4d51,2025-10-15T11:46:34.817805,grail,with/,0,True,72ad01c69167,10.39770999977918,latency-5c74061f4d51.csv
2,5c74061f4d51,2025-10-15T11:46:34.940705,shrek3,ruby,1,True,72ad01c69167,11.800351000147202,latency-5c74061f4d51.csv
2,5c74061f4d51,2025-10-15T11:46:35.073402,shrek3,PUSS,196,True,72ad01c69167,17.772069000329793,latency-5c74061f4d51.csv
2,5c74061f4d51,2025-10-15T11:46:35.238145,grail,54,2,True,a45d25883979,18.470531000275518,latency-5c74061f4d51.csv
2,5c74061f4d51,2025-10-15T11:46:35.379716,shrek,Is,132,True,a45d25883979,57.67672900037724,latency-5c74061f4d51.csv
2,5c74061f4d51,2025-10-15T11:46:35.560848,grail,and,722,True,a45d25883979,8.920879000015702,latency-5c74061f4d51.csv
2,5c74061f4d51,2025-10-15T11:46:35.676298,shrek,baby,3,True,72ad01c69167,5.160289999821544,latency-5c74061f4d51.csv
2,5c74061f4d51,2025-10-15T11:46:35.787350,shrek,fair,2,True,a45d25883979,6.191759000103048,latency-5c74061f4d51.csv
2,5c74061f4d51,2025-10-15T11:46:35.899859,shrek,SHREK,433,True,a45d25883979,4.334254000241344,latency-5c74061f4d51.csv
2,5c74061f4d51,2025-10-15T11:46:36.008626,shrek3,SHREK,678,True,a45d25883979,6.558498000231339,latency-5c74061f4d51.csv
2,5c74061f4d51,2025-10-15T11:46:36.120398,shrek3,Arg,1,True,a45d25883979,5.1299919996381504,latency-5c74061f4d51.csv
2,5c74061f4d51,2025-10-15T11:46:36.230731,shrek,FIONA,211,True,a45d25883979,5.260484999780601,latency-5c74061f4d51.csv
2,5c74061f4d51,2025-10-15T11:46:36.341791,shrek,lay,2,True,a45d25883979,5.272367000088707,latency-5c74061f4d51.csv
2,5c74061f4d51,2025-10-15T11:46:36.451759,shrek3,ARTIE,213,True,a45d25883979,5.325279999851773,latency-5c74061f4d51.csv
2,5c74061f4d51,2025-10-15T11:46:36.561833,shrek,CROWD,5,True,a45d25883979,5.511631999979727,latency-5c74061f4d51.csv
2,5c74061f4d51,2025-10-15T11:46:36.672232,grail,Boom,4,True,a45d25883979,5.105543999889051,latency-5c74061f4d51.csv
2,5c74061f4d51,2025-10-15T11:46:36.782011,grail,pretty,7,True,a45d25883979,4.547207999621605,latency-5c74061f4d51.csv
2,5c74061f4d51,2025-10-15T11:46:36.891650,shrek,No,114,True,a45d25883979,4.196787000182667,latency-5c74061f4d51.csv
2,5c74061f4d51,2025-10-15T11:46:37.000591,grail,few,8,True,a45d25883979,4.518082000231516,latency-5c74061f4d51.csv
2,5c74061f4d51,2025-10-15T11:46:37.110099,shrek3,glass,9,True,a45d25883979,4.467493999982253,latency-5c74061f4d51.csv
1,5caa2321553b,2025-10-15T11:45:16.788312,shrek3,PRINCE,207,True,1de2274fea60,5.657520000113436,latency-5caa2321553b.csv
1,5caa2321553b,2025-10-15T11:45:16.900120,shrek3,an,51,True,1de2274fea60,8.869601999776933,latency-5caa2321553b.csv
1,5caa2321553b,2025-10-15T11:45:17.018293,grail,are,114,True,72ad01c69167,9.620626000014454,latency-5caa2321553b.csv
1,5caa2321553b,2025-10-15T11:45:17.135471,shrek,What,104,True,a45d25883979,7.306066000182909,latency-5caa2321553b.csv
1,5caa2321553b,2025-10-15T11:45:17.250844,shrek,HOOD,13,True,72ad01c69167,7.946149999952468,latency-5caa2321553b.csv
1,5caa2321553b,2025-10-15T11:45:17.370292,shrek3,PRINCE,207,True,a45d25883979,9.372443999836833,latency-5caa2321553b.csv
1,5caa2321553b,2025-10-15T11:45:17.489257,grail,are,114,True,a45d25883979,9.583483999904274,latency-5caa2321553b.csv
1,5caa2321553b,2025-10-15T11:45:17.608659,grail,pseudonym,1,True,a45d25883979,12.387235999995028,latency-5caa2321553b.csv
1,5caa2321553b,2025-10-15T11:45:17.738639,shrek3,of,275,True,a45d25883979,6.485900999905425,latency-5caa2321553b.csv
1,5caa2321553b,2025-10-15T11:45:17.852662,grail,music,21,True,a45d25883979,6.155358999876626,latency-5caa2321553b.csv
1,5caa2321553b,2025-10-15T11:45:17.966399,shrek3,116,1,True,a45d25883979,8.033167000121466,latency-5caa2321553b.csv
1,5caa2321553b,2025-10-15T11:45:18.086054,shrek,tell,25,True,a45d25883979,7.267051999860996,latency-5caa2321553b.csv
1,5caa2321553b,2025-10-15T11:45:18.200415,grail,Gallahad,44,True,a45d25883979,5.718104999687057,latency-5caa2321553b.csv
1,5caa2321553b,2025-10-15T11:45:18.312531,grail,Rostmm,1,True,a45d25883979,13.025580999965314,latency-5caa2321553b.csv
1,5caa2321553b,2025-10-15T11:45:18.439102,shrek3,him,87,True,a45d25883979,13.843216000168468,latency-5caa2321553b.csv
1,5caa2321553b,2025-10-15T11:45:18.582304,grail,music,21,True,a45d25883979,7.238891999804764,latency-5caa2321553b.csv
1,5caa2321553b,2025-10-15T11:45:18.702906,shrek,its,1,True,a45d25883979,8.451515000160725,latency-5caa2321553b.csv
1,5caa2321553b,2025-10-15T11:45:18.823189,shrek,not,50,True,a45d25883979,4.438363000190293,latency-5caa2321553b.csv
1,5caa2321553b,2025-10-15T11:45:18.932307,shrek3,CHARMING,232,True,a45d25883979,4.764645000250312,latency-5caa2321553b.csv
1,5caa2321553b,2025-10-15T11:45:19.041678,grail,Guard,106,True,a45d25883979,7.025924000117811,latency-5caa2321553b.csv
2,5caa2321553b,2025-10-15T11:45:19.154270,shrek3,PRINCE,207,True,a45d25883979,5.82119499995315,latency-5caa2321553b.csv
2,5caa2321553b,2025-10-15T11:45:19.266690,shrek3,an,51,True,a45d25883979,4.991367000002356,latency-5caa2321553b.csv
2,5caa2321553b,2025-10-15T11:45:19.376690,grail,are,114,True,a45d25883979,5.38806399981695,latency-5caa2321553b.csv
2,5caa2321553b,2025-10-15T11:45:19.487320,shrek,What,104,True,a45d25883979,5.736927000270953,latency-5caa2321553b.csv
2,5caa2321553b,2025-10-15T11:45:19.598958,shrek,HOOD,13,True,a45d25883979,10.814786999617354,latency-5caa2321553b.csv
2,5caa2321553b,2025-10-15T11:45:19.719832,shrek3,PRINCE,207,True,a45d25883979,11.47270199999184,latency-5caa2321553b.csv
2,5caa2321553b,2025-10-15T11:45:19.846446,grail,are,114,True,a45d25883979,8.953952999945614,latency-5caa2321553b.csv
2,5caa2321553b,2025-10-15T11:45:19.964783,grail,pseudonym,1,True,1de2274fea60,6.298890000380197,latency-5caa2321553b.csv
2,5caa2321553b,2025-10-15T11:45:20.079683,shrek3,of,275,True,1de2274fea60,6.740188000094349,latency-5caa2321553b.csv
2,5caa2321553b,2025-10-15T11:45:20.195638,grail,music,21,True,72ad01c69167,7.626778000030754,latency-5caa2321553b.csv
2,5caa2321553b,2025-10-15T11:45:20.314383,shrek3,116,1,True,a45d25883979,5.709002000003238,latency-5caa2321553b.csv
2,5caa2321553b,2025-10-15T11:45:20.425215,shrek,tell,25,True,a45d25883979,5.2719929999511805,latency-5caa2321553b.csv
2,5caa2321553b,2025-10-15T11:45:20.535486,grail,Gallahad,44,True,a45d25883979,7.322595999994519,latency-5caa2321553b.csv
2,5caa2321553b,2025-10-15T11:45:20.648759,grail,Rostmm,1,True,a45d25883979,5.932858000051056,latency-5caa2321553b.csv
2,5caa2321553b,2025-10-15T11:45:20.760472,shrek3,him,87,True,a45d25883979,6.185119000292616,latency-5caa2321553b.csv
2,5caa2321553b,2025-10-15T11:45:20.872535,grail,music,21,True,a45d25883979,5.2179069998601335,latency-5caa2321553b.csv
2,5caa2321553b,2025-10-15T11:45:20.986141,shrek,its,1,True,72ad01c69167,14.330348999919806,latency-5caa2321553b.csv
2,5caa2321553b,2025-10-15T11:45:21.112378,shrek,not,50,True,1de2274fea60,10.460745000273164,latency-5caa2321553b.csv
2,5caa2321553b,2025-10-15T11:45:21.229780,shrek3,CHARMING,232,True,a45d25883979,9.292877000007138,latency-5caa2321553b.csv
2,5caa2321553b,2025-10-15T11:45:21.347381,grail,Guard,106,True,72ad01c69167,6.2546929998461565,latency-5caa2321553b.csv
1,5e27a934f875,2025-10-15T11:44:59.118738,shrek,number,8,True,72ad01c69167,7.74460699994961,latency-5e27a934f875.csv
1,5e27a934f875,2025-10-15T11:44:59.238254,shrek,CROWD,5,False,72ad01c69167,24.195801000132636,latency-5e27a934f875.csv
1,5e27a934f875,2025-10-15T11:44:59.376546,shrek3,ho,8,True,1de2274fea60,15.871372000219708,latency-5e27a934f875.csv
1,5e27a934f875,2025-10-15T11:44:59.512302,grail,and,722,False,a45d25883979,22.112420999746973,latency-5e27a934f875.csv
1,5e27a934f875,2025-10-15T11:44:59.647899,grail,LANCELOT,59,True,72ad01c69167,9.072156000001996,latency-5e27a934f875.csv
1,5e27a934f875,2025-10-15T11:44:59.768910,grail,“I,0,True,72ad01c69167,15.571510999961902,latency-5e27a934f875.csv
1,5e27a934f875,2025-10-15T11:44:59.901506,shrek3,SNOW,49,True,1de2274fea60,18.48526799994943,latency-5e27a934f875.csv
1,5e27a934f875,2025-10-15T11:45:00.040651,grail,THREE-HEADED,8,False,1de2274fea60,25.70341999989978,latency-5e27a934f875.csv
1,5e27a934f875,2025-10-15T11:45:00.177522,grail,"lute,",0,True,72ad01c69167,11.946542000259797,latency-5e27a934f875.csv
1,5e27a934f875,2025-10-15T11:45:00.311867,grail,a,666,True,a45d25883979,6.566349999957311,latency-5e27a934f875.csv
1,5e27a934f875,2025-10-15T11:45:00.425504,grail,pseudonym,1,True,72ad01c69167,7.105183000021498,latency-5e27a934f875.csv
1,5e27a934f875,2025-10-15T11:45:00.538791,grail,at,104,True,72ad01c69167,7.0962210002107895,latency-5e27a934f875.csv
1,5e27a934f875,2025-10-15T11:45:00.652599,shrek,FIONA,211,True,72ad01c69167,9.691665999980614,latency-5e27a934f875.csv
1,5e27a934f875,2025-10-15T11:45:00.770127,shrek,the,535,True,1de2274fea60,12.583089000145264,latency-5e27a934f875.csv
1,5e27a934f875,2025-10-15T11:45:00.892007,shrek,FIONA,211,True,a45d25883979,9.37134600007994,latency-5e27a934f875.csv
1,5e27a934f875,2025-10-15T11:45:01.010382,shrek,number,8,True,1de2274fea60,17.32135499969445,latency-5e27a934f875.csv
1,5e27a934f875,2025-10-15T11:45:01.146224,shrek,happily,2,True,1de2274fea60,11.124645000109012,latency-5e27a934f875.csv
1,5e27a934f875,2025-10-15T11:45:01.273292,grail,pretty,7,True,a45d25883979,14.757984999960172,latency-5e27a934f875.csv
1,5e27a934f875,2025-10-15T11:45:01.403052,shrek3,ruby,1,False,1de2274fea60,24.9469450000106,latency-5e27a934f875.csv
1,5e27a934f875,2025-10-15T11:45:01.536362,shrek,the,535,True,a45d25883979,6.99998299978688,latency-5e27a934f875.csv
2,5e27a934f875,2025-10-15T11:45:01.654579,shrek,number,8,True,a45d25883979,6.493233000128384,latency-5e27a934f875.csv
2,5e27a934f875,2025-10-15T11:45:01.770079,shrek,CROWD,5,True,a45d25883979,7.48184099984428,latency-5e27a934f875.csv
2,5e27a934f875,2025-10-15T11:45:01.885801,shrek3,ho,8,True,a45d25883979,6.541869000102452,latency-5e27a934f875.csv
2,5e27a934f875,2025-10-15T11:45:01.998009,grail,and,722,True,a45d25883979,8.897369999885996,latency-5e27a934f875.csv
2,5e27a934f875,2025-10-15T11:45:02.117392,grail,LANCELOT,59,True,a45d25883979,6.054997999854095,latency-5e27a934f875.csv
2,5e27a934f875,2025-10-15T11:45:02.228712,grail,“I,0,True,a45d25883979,7.324965999941924,latency-5e27a934f875.csv
2,5e27a934f875,2025-10-15T11:45:02.350556,shrek3,SNOW,49,True,a45d25883979,7.2091060001184815,latency-5e27a934f875.csv
2,5e27a934f875,2025-10-15T11:45:02.466083,grail,THREE-HEADED,8,True,a45d25883979,9.229017000052409,latency-5e27a934f875.csv
2,5e27a934f875,2025-10-15T11:45:02.585378,grail,"lute,",0,True,a45d25883979,5.507939999915834,latency-5e27a934f875.csv
2,5e27a934f875,2025-10-15T11:45:02.698313,grail,a,666,True,72ad01c69167,4.321834999700513,latency-5e27a934f875.csv
2,5e27a934f875,2025-10-15T11:45:02.807203,grail,pseudonym,1,True,72ad01c69167,4.562387000078161,latency-5e27a934f875.csv
2,5e27a934f875,2025-10-15T11:45:02.917225,grail,at,104,True,a45d25883979,5.88238199998159,latency-5e27a934f875.csv
2,5e27a934f875,2025-10-15T11:45:03.030932,shrek,FIONA,211,True,a45d25883979,7.305664000341494,latency-5e27a934f875.csv
2,5e27a934f875,2025-10-15T11:45:03.144787,shrek,the,535,True,a45d25883979,7.840176999707182,latency-5e27a934f875.csv
2,5e27a934f875,2025-10-15T11:45:03.260038,shrek,FIONA,211,True,a45d25883979,6.963784000163287,latency-5e27a934f875.csv
2,5e27a934f875,2025-10-15T11:45:03.373819,shrek,number,8,True,a45d25883979,5.2955470000597415,latency-5e27a934f875.csv
2,5e27a934f875,2025-10-15T11:45:03.485377,shrek,happily,2,True,72ad01c69167,10.537309000028472,latency-5e27a934f875.csv
2,5e27a934f875,2025-10-15T11:45:03.603629,grail,pretty,7,True,72ad01c69167,6.115028999829519,latency-5e27a934f875.csv
2,5e27a934f875,2025-10-15T11:45:03.714879,shrek3,ruby,1,True,a45d25883979,5.908653999995295,latency-5e27a934f875.csv
2,5e27a934f875,2025-10-15T11:45:03.826458,shrek,the,535,True,1de2274fea60,7.355184000061854,latency-5e27a934f875.csv
1,5e589ee7d561,2025-10-15T11:44:57.671775,shrek,FIONA,211,True,a45d25883979,9.104859000217402,latency-5e589ee7d561.csv
1,5e589ee7d561,2025-10-15T11:44:57.800603,shrek3,"Bay""",0,False,a45d25883979,29.101228999934392,latency-5e589ee7d561.csv
1,5e589ee7d561,2025-10-15T11:44:57.945872,shrek3,SHREK,678,True,a45d25883979,9.680398999989848,latency-5e589ee7d561.csv
1,5e589ee7d561,2025-10-15T11:44:58.064815,grail,Yeah,13,False,72ad01c69167,17.6650849998623,latency-5e589ee7d561.csv
1,5e589ee7d561,2025-10-15T11:44:58.198936,grail,at,104,True,72ad01c69167,8.258281000053103,latency-5e589ee7d561.csv
1,5e589ee7d561,2025-10-15T11:44:58.327834,shrek,SHREK,433,True,a45d25883979,10.19106300009298,latency-5e589ee7d561.csv
1,5e589ee7d561,2025-10-15T11:44:58.456402,shrek,SHREK,433,True,a45d25883979,10.871075000068233,latency-5e589ee7d561.csv
1,5e589ee7d561,2025-10-15T11:44:58.576622,shrek,our,11,True,72ad01c69167,18.33526800010077,latency-5e589ee7d561.csv
1,5e589ee7d561,2025-10-15T11:44:58.711734,shrek3,ARTIE,213,True,72ad01c69167,18.28080699988277,latency-5e589ee7d561.csv
1,5e589ee7d561,2025-10-15T11:44:58.859830,shrek3,the,1285,True,72ad01c69167,16.034938999837323,latency-5e589ee7d561.csv
1,5e589ee7d561,2025-10-15T11:44:59.015017,shrek3,CHARMING,232,True,a45d25883979,7.514415000059671,latency-5e589ee7d561.csv
1,5e589ee7d561,2025-10-15T11:44:59.129739,grail,Jones,7,True,1de2274fea60,9.83365000001868,latency-5e589ee7d561.csv
1,5e589ee7d561,2025-10-15T11:44:59.247867,shrek3,bed,10,True,1de2274fea60,10.74414299955606,latency-5e589ee7d561.csv
1,5e589ee7d561,2025-10-15T11:44:59.369746,grail,music,21,True,a45d25883979,16.57960300008199,latency-5e589ee7d561.csv
1,5e589ee7d561,2025-10-15T11:44:59.493579,shrek,SHREK,433,True,1de2274fea60,11.184295000020938,latency-5e589ee7d561.csv
1,5e589ee7d561,2025-10-15T11:44:59.627136,grail,Gallahad,44,False,1de2274fea60,24.609592000160774,latency-5e589ee7d561.csv
1,5e589ee7d561,2025-10-15T11:44:59.760346,grail,pretty,7,True,a45d25883979,11.847539999962464,latency-5e589ee7d561.csv
1,5e589ee7d561,2025-10-15T11:44:59.885879,grail,I,298,True,72ad01c69167,9.647585000038816,latency-5e589ee7d561.csv
1,5e589ee7d561,2025-10-15T11:45:00.012442,shrek3,Whoa,7,True,a45d25883979,22.6132609996057,latency-5e589ee7d561.csv
1,5e589ee7d561,2025-10-15T11:45:00.155189,shrek,you,409,True,a45d25883979,10.81673899989255,latency-5e589ee7d561.csv
2,5e589ee7d561,2025-10-15T11:45:00.281626,shrek,FIONA,211,True,a45d25883979,5.484961000092881,latency-5e589ee7d561.csv
2,5e589ee7d561,2025-10-15T11:45:00.392381,shrek3,"Bay""",0,True,a45d25883979,6.011294000018097,latency-5e589ee7d561.csv
2,5e589ee7d561,2025-10-15T11:45:00.504555,shrek3,SHREK,678,True,72ad01c69167,9.712535999824468,latency-5e589ee7d561.csv
2,5e589ee7d561,2025-10-15T11:45:00.621482,grail,Yeah,13,True,72ad01c69167,16.379174999656243,latency-5e589ee7d561.csv
2,5e589ee7d561,2025-10-15T11:45:00.748010,grail,at,104,True,a45d25883979,14.029946000391648,latency-5e589ee7d561.csv
2,5e589ee7d561,2025-10-15T11:45:00.878529,shrek,SHREK,433,True,1de2274fea60,7.106088999989879,latency-5e589ee7d561.csv
2,5e589ee7d561,2025-10-15T11:45:00.998641,shrek,SHREK,433,True,72ad01c69167,7.045317999654799,latency-5e589ee7d561.csv
2,5e589ee7d561,2025-10-15T11:45:01.121660,shrek,our,11,True,1de2274fea60,10.382023000147456,latency-5e589ee7d561.csv
2,5e589ee7d561,2025-10-15T11:45:01.245842,shrek3,ARTIE,213,True,72ad01c69167,6.001495999953477,latency-5e589ee7d561.csv
2,5e589ee7d561,2025-10-15T11:45:01.362281,shrek3,the,1285,True,a45d25883979,18.03883899992797,latency-5e589ee7d561.csv
2,5e589ee7d561,2025-10-15T11:45:01.488345,shrek3,CHARMING,232,True,a45d25883979,5.168056999991677,latency-5e589ee7d561.csv
2,5e589ee7d561,2025-10-15T11:45:01.599381,grail,Jones,7,True,a45d25883979,5.207632999827183,latency-5e589ee7d561.csv
2,5e589ee7d561,2025-10-15T11:45:01.710762,shrek3,bed,10,True,a45d25883979,6.424309000067296,latency-5e589ee7d561.csv
2,5e589ee7d561,2025-10-15T11:45:01.823436,grail,music,21,True,a45d25883979,5.984898999940924,latency-5e589ee7d561.csv
2,5e589ee7d561,2025-10-15T11:45:01.935128,shrek,SHREK,433,True,a45d25883979,7.905639999989944,latency-5e589ee7d561.csv
2,5e589ee7d561,2025-10-15T11:45:02.048211,grail,Gallahad,44,True,a45d25883979,6.308013999841933,latency-5e589ee7d561.csv
2,5e589ee7d561,2025-10-15T11:45:02.160821,grail,pretty,7,True,a45d25883979,6.494822000149725,latency-5e589ee7d561.csv
2,5e589ee7d561,2025-10-15T11:45:02.274041,grail,I,298,True,a45d25883979,6.528027000058501,latency-5e589ee7d561.csv
2,5e589ee7d561,2025-10-15T11:45:02.386166,shrek3,Whoa,7,True,72ad01c69167,5.832966000070883,latency-5e589ee7d561.csv
2,5e589ee7d561,2025-10-15T11:45:02.498192,shrek,you,409,True,a45d25883979,9.792792000098416,latency-5e589ee7d561.csv
1,61ddc6c56943,2025-10-15T11:45:40.582168,shrek3,Artie,213,True,72ad01c69167,6.05160800023441,latency-61ddc6c56943.csv
1,61ddc6c56943,2025-10-15T11:45:40.693768,shrek3,body),0,True,72ad01c69167,5.561513999964518,latency-61ddc6c56943.csv
1,61ddc6c56943,2025-10-15T11:45:40.804961,shrek,our,11,True,72ad01c69167,7.282887000201299,latency-61ddc6c56943.csv
1,61ddc6c56943,2025-10-15T11:45:40.919813,shrek,DONKEY,320,True,72ad01c69167,7.525513999553368,latency-61ddc6c56943.csv
1,61ddc6c56943,2025-10-15T11:45:41.033128,shrek,SHREK,433,True,72ad01c69167,5.697670000245125,latency-61ddc6c56943.csv
1,61ddc6c56943,2025-10-15T11:45:41.146008,shrek3,Donkey,243,True,72ad01c69167,7.985673999883147,latency-61ddc6c56943.csv
1,61ddc6c56943,2025-10-15T11:45:41.261968,grail,Get,47,True,72ad01c69167,5.890504000035435,latency-61ddc6c56943.csv
1,61ddc6c56943,2025-10-15T11:45:41.373321,shrek3,its,1,True,72ad01c69167,5.722176999825024,latency-61ddc6c56943.csv
1,61ddc6c56943,2025-10-15T11:45:41.485465,shrek,FARQUAAD,84,True,a45d25883979,8.605158999671403,latency-61ddc6c56943.csv
1,61ddc6c56943,2025-10-15T11:45:41.599928,shrek,Is,132,True,a45d25883979,5.191015000036714,latency-61ddc6c56943.csv
1,61ddc6c56943,2025-10-15T11:45:41.710727,shrek,What,104,True,a45d25883979,8.899283999653562,latency-61ddc6c56943.csv
1,61ddc6c56943,2025-10-15T11:45:41.829115,shrek3,WOLF,7,True,a45d25883979,5.695746000128565,latency-61ddc6c56943.csv
1,61ddc6c56943,2025-10-15T11:45:41.939868,shrek,who,29,True,a45d25883979,5.882795000161423,latency-61ddc6c56943.csv
1,61ddc6c56943,2025-10-15T11:45:42.051102,shrek,SHREK,433,True,a45d25883979,7.995394000317901,latency-61ddc6c56943.csv
1,61ddc6c56943,2025-10-15T11:45:42.171794,grail,chops,3,True,1de2274fea60,7.698333000007551,latency-61ddc6c56943.csv
1,61ddc6c56943,2025-10-15T11:45:42.291142,grail,cross,13,True,1de2274fea60,6.986276000134239,latency-61ddc6c56943.csv
1,61ddc6c56943,2025-10-15T11:45:42.410493,grail,"Peng,",0,True,72ad01c69167,10.4749490001268,latency-61ddc6c56943.csv
1,61ddc6c56943,2025-10-15T11:45:42.532455,grail,music,21,True,72ad01c69167,20.896814000025188,latency-61ddc6c56943.csv
1,61ddc6c56943,2025-10-15T11:45:42.673604,grail,BEDEVERE,103,True,a45d25883979,9.90293599988945,latency-61ddc6c56943.csv
1,61ddc6c56943,2025-10-15T11:45:42.793193,grail,Footnote,4,True,a45d25883979,9.736130999954185,latency-61ddc6c56943.csv
2,61ddc6c56943,2025-10-15T11:45:42.913940,shrek3,Artie,213,True,a45d25883979,8.57142599988947,latency-61ddc6c56943.csv
2,61ddc6c56943,2025-10-15T11:45:43.031012,shrek3,body),0,True,a45d25883979,7.25526499991247,latency-61ddc6c56943.csv
2,61ddc6c56943,2025-10-15T11:45:43.149066,shrek,our,11,True,a45d25883979,6.419087999802287,latency-61ddc6c56943.csv
2,61ddc6c56943,2025-10-15T11:45:43.267920,shrek,DONKEY,320,True,1de2274fea60,36.302685999999085,latency-61ddc6c56943.csv
2,61ddc6c56943,2025-10-15T11:45:43.440193,shrek,SHREK,433,True,72ad01c69167,9.629473000131838,latency-61ddc6c56943.csv
2,61ddc6c56943,2025-10-15T11:45:43.556771,shrek3,Donkey,243,True,72ad01c69167,8.16400399980921,latency-61ddc6c56943.csv
2,61ddc6c56943,2025-10-15T11:45:43.671700,grail,Get,47,True,72ad01c69167,9.37145199986844,latency-61ddc6c56943.csv
2,61ddc6c56943,2025-10-15T11:45:43.787533,shrek3,its,1,True,a45d25883979,5.602831000032893,latency-61ddc6c56943.csv
2,61ddc6c56943,2025-10-15T11:45:43.898862,shrek,FARQUAAD,84,True,a45d25883979,9.599495999736972,latency-61ddc6c56943.csv
2,61ddc6c56943,2025-10-15T11:45:44.014969,shrek,Is,132,True,72ad01c69167,8.37230900015129,latency-61ddc6c56943.csv
2,61ddc6c56943,2025-10-15T11:45:44.130114,shrek,What,104,True,72ad01c69167,6.952816999728384,latency-61ddc6c56943.csv
2,61ddc6c56943,2025-10-15T11:45:44.244248,shrek3,WOLF,7,True,72ad01c69167,7.350581000082457,latency-61ddc6c56943.csv
2,61ddc6c56943,2025-10-15T11:45:44.358997,shrek,who,29,True,a45d25883979,16.65201600008004,latency-61ddc6c56943.csv
2,61ddc6c56943,2025-10-15T11:45:44.505810,shrek,SHREK,433,True,72ad01c69167,6.173090000174852,latency-61ddc6c56943.csv
2,61ddc6c56943,2025-10-15T11:45:44.618169,grail,chops,3,True,72ad01c69167,6.7733370001406,latency-61ddc6c56943.csv
2,61ddc6c56943,2025-10-15T11:45:44.731228,grail,cross,13,True,a45d25883979,9.500183000000106,latency-61ddc6c56943.csv
2,61ddc6c56943,2025-10-15T11:45:44.848532,grail,"Peng,",0,True,72ad01c69167,6.848439000350481,latency-61ddc6c56943.csv
2,61ddc6c56943,2025-10-15T11:45:44.962117,grail,music,21,True,72ad01c69167,9.758589999819378,latency-61ddc6c56943.csv
2,61ddc6c56943,2025-10-15T11:45:45.078443,grail,BEDEVERE,103,True,72ad01c69167,8.2627700003286,latency-61ddc6c56943.csv
2,61ddc6c56943,2025-10-15T11:45:45.199249,grail,Footnote,4,True,1de2274fea60,5.686311999852478,latency-61ddc6c56943.csv
1,62fbabb0d0d3,2025-10-15T11:45:34.909210,shrek,And,318,True,72ad01c69167,7.775765000133106,latency-62fbabb0d0d3.csv
1,62fbabb0d0d3,2025-10-15T11:45:35.023431,grail,Ecky-Ecky-Ecky,1,True,72ad01c69167,8.424212000136322,latency-62fbabb0d0d3.csv
1,62fbabb0d0d3,2025-10-15T11:45:35.138763,grail,right,66,True,72ad01c69167,7.083393999891996,latency-62fbabb0d0d3.csv
1,62fbabb0d0d3,2025-10-15T11:45:35.253396,grail,Who’s,3,True,72ad01c69167,7.735081000191712,latency-62fbabb0d0d3.csv
1,62fbabb0d0d3,2025-10-15T11:45:35.369090,grail,time,33,True,72ad01c69167,8.248915999956807,latency-62fbabb0d0d3.csv
1,62fbabb0d0d3,2025-10-15T11:45:35.484824,shrek3,PRINCE,207,True,1de2274fea60,7.715915000062523,latency-62fbabb0d0d3.csv
1,62fbabb0d0d3,2025-10-15T11:45:35.600182,shrek3,us,12,True,1de2274fea60,11.309952999909,latency-62fbabb0d0d3.csv
1,62fbabb0d0d3,2025-10-15T11:45:35.721599,grail,grabbing,5,True,1de2274fea60,7.944188000237773,latency-62fbabb0d0d3.csv
1,62fbabb0d0d3,2025-10-15T11:45:35.836919,grail,G,6,True,a45d25883979,14.186266000251637,latency-62fbabb0d0d3.csv
1,62fbabb0d0d3,2025-10-15T11:45:35.964492,shrek3,116,1,True,a45d25883979,12.684515999808356,latency-62fbabb0d0d3.csv
1,62fbabb0d0d3,2025-10-15T11:45:36.086154,shrek,SHREK,433,True,a45d25883979,7.945270000163873,latency-62fbabb0d0d3.csv
1,62fbabb0d0d3,2025-10-15T11:45:36.206797,shrek,afraid,8,True,72ad01c69167,7.442377999723249,latency-62fbabb0d0d3.csv
1,62fbabb0d0d3,2025-10-15T11:45:36.329876,grail,GALAHAD,87,True,a45d25883979,5.729832000270108,latency-62fbabb0d0d3.csv
1,62fbabb0d0d3,2025-10-15T11:45:36.444219,grail,the,1600,True,a45d25883979,6.049513000107254,latency-62fbabb0d0d3.csv
1,62fbabb0d0d3,2025-10-15T11:45:36.556630,grail,Cleveland,3,True,a45d25883979,7.764622999729909,latency-62fbabb0d0d3.csv
1,62fbabb0d0d3,2025-10-15T11:45:36.670913,shrek3,OGRE,39,True,a45d25883979,5.611778000002232,latency-62fbabb0d0d3.csv
1,62fbabb0d0d3,2025-10-15T11:45:36.782018,grail,Guard,106,True,a45d25883979,7.192457000201102,latency-62fbabb0d0d3.csv
1,62fbabb0d0d3,2025-10-15T11:45:36.895587,shrek3,Donkey,243,True,a45d25883979,7.168977000219456,latency-62fbabb0d0d3.csv
1,62fbabb0d0d3,2025-10-15T11:45:37.008952,shrek,SHREK,433,True,a45d25883979,8.22051500017551,latency-62fbabb0d0d3.csv
1,62fbabb0d0d3,2025-10-15T11:45:37.124063,shrek,its,1,True,a45d25883979,6.649204999575886,latency-62fbabb0d0d3.csv
2,62fbabb0d0d3,2025-10-15T11:45:37.237138,shrek,And,318,True,a45d25883979,5.185893999623659,latency-62fbabb0d0d3.csv
2,62fbabb0d0d3,2025-10-15T11:45:37.347496,grail,Ecky-Ecky-Ecky,1,True,a45d25883979,5.710374000045704,latency-62fbabb0d0d3.csv
2,62fbabb0d0d3,2025-10-15T11:45:37.458395,grail,right,66,True,a45d25883979,6.074492000152532,latency-62fbabb0d0d3.csv
2,62fbabb0d0d3,2025-10-15T11:45:37.569833,grail,Who’s,3,True,a45d25883979,12.310202000207935,latency-62fbabb0d0d3.csv
2,62fbabb0d0d3,2025-10-15T11:45:37.689702,grail,time,33,True,72ad01c69167,8.250189000136743,latency-62fbabb0d0d3.csv
2,62fbabb0d0d3,2025-10-15T11:45:37.803974,shrek3,PRINCE,207,True,a45d25883979,5.483593999997538,latency-62fbabb0d0d3.csv
2,62fbabb0d0d3,2025-10-15T11:45:37.915012,shrek3,us,12,True,72ad01c69167,9.485687000051255,latency-62fbabb0d0d3.csv
2,62fbabb0d0d3,2025-10-15T11:45:38.032226,grail,grabbing,5,True,a45d25883979,6.634296000356699,latency-62fbabb0d0d3.csv
2,62fbabb0d0d3,2025-10-15T11:45:38.145742,grail,G,6,True,a45d25883979,7.637897000222438,latency-62fbabb0d0d3.csv
2,62fbabb0d0d3,2025-10-15T11:45:38.261830,shrek3,116,1,True,a45d25883979,10.39008499992633,latency-62fbabb0d0d3.csv
2,62fbabb0d0d3,2025-10-15T11:45:38.379030,shrek,SHREK,433,True,a45d25883979,6.05890199994974,latency-62fbabb0d0d3.csv
2,62fbabb0d0d3,2025-10-15T11:45:38.490941,shrek,afraid,8,True,a45d25883979,8.92423899995265,latency-62fbabb0d0d3.csv
2,62fbabb0d0d3,2025-10-15T11:45:38.606846,grail,GALAHAD,87,True,a45d25883979,7.393477000277926,latency-62fbabb0d0d3.csv
2,62fbabb0d0d3,2025-10-15T11:45:38.720590,grail,the,1600,True,a45d25883979,14.861538999866752,latency-62fbabb0d0d3.csv
2,62fbabb0d0d3,2025-10-15T11:45:38.843393,grail,Cleveland,3,True,a45d25883979,10.26791599997523,latency-62fbabb0d0d3.csv
2,62fbabb0d0d3,2025-10-15T11:45:38.960303,shrek3,OGRE,39,True,72ad01c69167,5.560762999721192,latency-62fbabb0d0d3.csv
2,62fbabb0d0d3,2025-10-15T11:45:39.073508,grail,Guard,106,True,a45d25883979,10.671498000192514,latency-62fbabb0d0d3.csv
2,62fbabb0d0d3,2025-10-15T11:45:39.196348,shrek3,Donkey,243,True,72ad01c69167,5.519714000001841,latency-62fbabb0d0d3.csv
2,62fbabb0d0d3,2025-10-15T11:45:39.309527,shrek,SHREK,433,True,72ad01c69167,34.58804899992174,latency-62fbabb0d0d3.csv
2,62fbabb0d0d3,2025-10-15T11:45:39.480689,shrek,its,1,True,a45d25883979,51.75792099998944,latency-62fbabb0d0d3.csv
1,64945dc40ef2,2025-10-15T11:44:53.419347,shrek,swamp,18,False,72ad01c69167,24.97341799971764,latency-64945dc40ef2.csv
1,64945dc40ef2,2025-10-15T11:44:53.555071,shrek,to,268,True,72ad01c69167,15.94717399984802,latency-64945dc40ef2.csv
1,64945dc40ef2,2025-10-15T11:44:53.679117,shrek,FIONA'S,3,False,72ad01c69167,15.215315999739689,latency-64945dc40ef2.csv
1,64945dc40ef2,2025-10-15T11:44:53.803783,shrek,you,409,False,72ad01c69167,29.207900000074005,latency-64945dc40ef2.csv
1,64945dc40ef2,2025-10-15T11:44:53.949156,shrek3,of,275,True,1de2274fea60,20.78980500027683,latency-64945dc40ef2.csv
1,64945dc40ef2,2025-10-15T11:44:54.093799,grail,Jones,7,False,1de2274fea60,37.22861100004593,latency-64945dc40ef2.csv
1,64945dc40ef2,2025-10-15T11:44:54.239889,shrek,looks,37,False,a45d25883979,34.85072700004821,latency-64945dc40ef2.csv
1,64945dc40ef2,2025-10-15T11:44:54.394137,shrek3,SHREK,678,True,72ad01c69167,12.201501000163262,latency-64945dc40ef2.csv
1,64945dc40ef2,2025-10-15T11:44:54.554527,shrek,But,73,True,a45d25883979,15.76915400028156,latency-64945dc40ef2.csv
1,64945dc40ef2,2025-10-15T11:44:54.683780,shrek3,CHARMING,232,False,a45d25883979,21.709647000079716,latency-64945dc40ef2.csv
1,64945dc40ef2,2025-10-15T11:44:54.827469,grail,the,1600,True,a45d25883979,13.049138000042149,latency-64945dc40ef2.csv
1,64945dc40ef2,2025-10-15T11:44:54.955717,shrek,old,10,False,72ad01c69167,41.9967530001486,latency-64945dc40ef2.csv
1,64945dc40ef2,2025-10-15T11:44:55.110262,shrek3,still,18,False,72ad01c69167,27.968751000116757,latency-64945dc40ef2.csv
1,64945dc40ef2,2025-10-15T11:44:55.251913,grail,elected,2,False,72ad01c69167,32.38971600012519,latency-64945dc40ef2.csv
1,64945dc40ef2,2025-10-15T11:44:55.401292,shrek3,JOCKS,2,False,1de2274fea60,31.01015499987625,latency-64945dc40ef2.csv
1,64945dc40ef2,2025-10-15T11:44:55.539692,shrek3,get,39,False,a45d25883979,17.08554299966636,latency-64945dc40ef2.csv
1,64945dc40ef2,2025-10-15T11:44:55.670892,shrek3,decree,1,False,a45d25883979,53.70232899986149,latency-64945dc40ef2.csv
1,64945dc40ef2,2025-10-15T11:44:55.839683,shrek3,showing,1,True,72ad01c69167,11.783586000092328,latency-64945dc40ef2.csv
1,64945dc40ef2,2025-10-15T11:44:55.959394,shrek3,WHITE,45,True,72ad01c69167,13.056723000318016,latency-64945dc40ef2.csv
1,64945dc40ef2,2025-10-15T11:44:56.089194,shrek,cottage,4,False,a45d25883979,23.263960999884148,latency-64945dc40ef2.csv
2,64945dc40ef2,2025-10-15T11:44:56.222347,shrek,swamp,18,True,a45d25883979,41.533915999934834,latency-64945dc40ef2.csv
2,64945dc40ef2,2025-10-15T11:44:56.393053,shrek,to,268,True,72ad01c69167,17.865383000298607,latency-64945dc40ef2.csv
2,64945dc40ef2,2025-10-15T11:44:56.527126,shrek,FIONA'S,3,True,a45d25883979,26.729515000170068,latency-64945dc40ef2.csv
2,64945dc40ef2,2025-10-15T11:44:56.683848,shrek,you,409,True,a45d25883979,11.310840999612992,latency-64945dc40ef2.csv
2,64945dc40ef2,2025-10-15T11:44:56.807682,shrek3,of,275,True,a45d25883979,13.222492999830138,latency-64945dc40ef2.csv
2,64945dc40ef2,2025-10-15T11:44:56.940595,grail,Jones,7,True,a45d25883979,11.018529000011767,latency-64945dc40ef2.csv
2,64945dc40ef2,2025-10-15T11:44:57.058728,shrek,looks,37,True,a45d25883979,15.53380300038043,latency-64945dc40ef2.csv
2,64945dc40ef2,2025-10-15T11:44:57.188644,shrek3,SHREK,678,True,1de2274fea60,30.97063800032629,latency-64945dc40ef2.csv
2,64945dc40ef2,2025-10-15T11:44:57.337100,shrek,But,73,True,1de2274fea60,22.061689000111077,latency-64945dc40ef2.csv
2,64945dc40ef2,2025-10-15T11:44:57.474036,shrek3,CHARMING,232,True,1de2274fea60,15.911715000129334,latency-64945dc40ef2.csv
2,64945dc40ef2,2025-10-15T11:44:57.611320,grail,the,1600,True,1de2274fea60,20.3244059998724,latency-64945dc40ef2.csv
2,64945dc40ef2,2025-10-15T11:44:57.743900,shrek,old,10,True,72ad01c69167,9.012045999952534,latency-64945dc40ef2.csv
2,64945dc40ef2,2025-10-15T11:44:57.875034,shrek3,still,18,True,72ad01c69167,10.064266999961546,latency-64945dc40ef2.csv
2,64945dc40ef2,2025-10-15T11:44:58.012997,grail,elected,2,True,a45d25883979,8.77846799994586,latency-64945dc40ef2.csv
2,64945dc40ef2,2025-10-15T11:44:58.134638,shrek3,JOCKS,2,True,1de2274fea60,16.581998000219755,latency-64945dc40ef2.csv
2,64945dc40ef2,2025-10-15T11:44:58.271908,shrek3,get,39,True,72ad01c69167,29.839388000254985,latency-64945dc40ef2.csv
2,64945dc40ef2,2025-10-15T11:44:58.424508,shrek3,decree,1,True,72ad01c69167,16.396589999658318,latency-64945dc40ef2.csv
2,64945dc40ef2,2025-10-15T11:44:58.552197,shrek3,showing,1,True,a45d25883979,22.513632000027428,latency-64945dc40ef2.csv
2,64945dc40ef2,2025-10-15T11:44:58.693582,shrek3,WHITE,45,True,a45d25883979,24.20406600003844,latency-64945dc40ef2.csv
2,64945dc40ef2,2025-10-15T11:44:58.827583,shrek,cottage,4,True,a45d25883979,9.96106200000213,latency-64945dc40ef2.csv
1,66331f9e1ae4,2025-10-15T11:45:03.623152,grail,about,49,True,a45d25883979,5.1783740000246326,latency-66331f9e1ae4.csv
1,66331f9e1ae4,2025-10-15T11:45:03.734186,grail,right,66,True,a45d25883979,5.472359000123106,latency-66331f9e1ae4.csv
1,66331f9e1ae4,2025-10-15T11:45:03.846292,grail,"collective,",0,True,a45d25883979,6.1248430001796805,latency-66331f9e1ae4.csv
1,66331f9e1ae4,2025-10-15T11:45:03.959132,shrek3,him,87,True,a45d25883979,7.0919330000833725,latency-66331f9e1ae4.csv
1,66331f9e1ae4,2025-10-15T11:45:04.072487,shrek3,Be,71,True,a45d25883979,4.788856999766722,latency-66331f9e1ae4.csv
1,66331f9e1ae4,2025-10-15T11:45:04.183521,shrek3,true,1,True,a45d25883979,7.1083200000430224,latency-66331f9e1ae4.csv
1,66331f9e1ae4,2025-10-15T11:45:04.296973,shrek,FARQUAAD,84,True,a45d25883979,7.110113000180718,latency-66331f9e1ae4.csv
1,66331f9e1ae4,2025-10-15T11:45:04.410343,shrek,DONKEY,320,True,1de2274fea60,13.576339999872287,latency-66331f9e1ae4.csv
1,66331f9e1ae4,2025-10-15T11:45:04.552585,grail,singing,33,True,a45d25883979,10.355005000292294,latency-66331f9e1ae4.csv
1,66331f9e1ae4,2025-10-15T11:45:04.671551,shrek3,PUSS,196,True,a45d25883979,6.490765000307874,latency-66331f9e1ae4.csv
1,66331f9e1ae4,2025-10-15T11:45:04.784351,shrek,MAN,38,True,a45d25883979,18.388887000128307,latency-66331f9e1ae4.csv
1,66331f9e1ae4,2025-10-15T11:45:04.918358,shrek,this,79,True,1de2274fea60,23.566540000047095,latency-66331f9e1ae4.csv
1,66331f9e1ae4,2025-10-15T11:45:05.062570,grail,G,6,True,72ad01c69167,7.523391000177071,latency-66331f9e1ae4.csv
1,66331f9e1ae4,2025-10-15T11:45:05.178633,grail,Rostmm,1,True,72ad01c69167,7.953897999868786,latency-66331f9e1ae4.csv
1,66331f9e1ae4,2025-10-15T11:45:05.297810,shrek,I,386,True,72ad01c69167,8.668467000006785,latency-66331f9e1ae4.csv
1,66331f9e1ae4,2025-10-15T11:45:05.413520,shrek3,116,1,True,72ad01c69167,7.239422999646194,latency-66331f9e1ae4.csv
1,66331f9e1ae4,2025-10-15T11:45:05.528142,grail,lost,6,True,72ad01c69167,13.099739000153932,latency-66331f9e1ae4.csv
1,66331f9e1ae4,2025-10-15T11:45:05.651173,shrek3,ARTIE,213,True,a45d25883979,4.748669000036898,latency-66331f9e1ae4.csv
1,66331f9e1ae4,2025-10-15T11:45:05.761066,grail,Who’s,3,True,72ad01c69167,5.979526999908558,latency-66331f9e1ae4.csv
1,66331f9e1ae4,2025-10-15T11:45:05.872464,shrek,SHREK,433,True,72ad01c69167,11.035281000204122,latency-66331f9e1ae4.csv
2,66331f9e1ae4,2025-10-15T11:45:05.996718,grail,about,49,True,a45d25883979,5.64736600017568,latency-66331f9e1ae4.csv
2,66331f9e1ae4,2025-10-15T11:45:06.108153,grail,right,66,True,a45d25883979,4.818329000045196,latency-66331f9e1ae4.csv
2,66331f9e1ae4,2025-10-15T11:45:06.217709,grail,"collective,",0,True,a45d25883979,7.782354000028135,latency-66331f9e1ae4.csv
2,66331f9e1ae4,2025-10-15T11:45:06.332509,shrek3,him,87,True,a45d25883979,6.36107299987998,latency-66331f9e1ae4.csv
2,66331f9e1ae4,2025-10-15T11:45:06.445257,shrek3,Be,71,True,a45d25883979,4.450971000096615,latency-66331f9e1ae4.csv
2,66331f9e1ae4,2025-10-15T11:45:06.555123,shrek3,true,1,True,a45d25883979,6.30252799965092,latency-66331f9e1ae4.csv
2,66331f9e1ae4,2025-10-15T11:45:06.667337,shrek,FARQUAAD,84,True,a45d25883979,5.372282000280393,latency-66331f9e1ae4.csv
2,66331f9e1ae4,2025-10-15T11:45:06.778558,shrek,DONKEY,320,True,a45d25883979,6.558195000252454,latency-66331f9e1ae4.csv
2,66331f9e1ae4,2025-10-15T11:45:06.890629,grail,singing,33,True,72ad01c69167,10.782674999973096,latency-66331f9e1ae4.csv
2,66331f9e1ae4,2025-10-15T11:45:07.007970,shrek3,PUSS,196,True,1de2274fea60,20.008925999718485,latency-66331f9e1ae4.csv
2,66331f9e1ae4,2025-10-15T11:45:07.143356,shrek,MAN,38,True,72ad01c69167,9.569181999722788,latency-66331f9e1ae4.csv
2,66331f9e1ae4,2025-10-15T11:45:07.262581,shrek,this,79,True,72ad01c69167,23.49944500019774,latency-66331f9e1ae4.csv
2,66331f9e1ae4,2025-10-15T11:45:07.398345,grail,G,6,True,72ad01c69167,8.262717999969027,latency-66331f9e1ae4.csv
2,66331f9e1ae4,2025-10-15T11:45:07.516026,grail,Rostmm,1,True,a45d25883979,11.093880999851535,latency-66331f9e1ae4.csv
2,66331f9e1ae4,2025-10-15T11:45:07.637511,shrek,I,386,True,72ad01c69167,20.054474000062328,latency-66331f9e1ae4.csv
2,66331f9e1ae4,2025-10-15T11:45:07.766702,shrek3,116,1,True,72ad01c69167,11.470302999896376,latency-66331f9e1ae4.csv
2,66331f9e1ae4,2025-10-15T11:45:07.889749,grail,lost,6,True,a45d25883979,8.488942999974824,latency-66331f9e1ae4.csv
2,66331f9e1ae4,2025-10-15T11:45:08.006591,shrek3,ARTIE,213,True,a45d25883979,10.392922999926668,latency-66331f9e1ae4.csv
2,66331f9e1ae4,2025-10-15T11:45:08.135318,grail,Who’s,3,True,a45d25883979,14.705353999943329,latency-66331f9e1ae4.csv
2,66331f9e1ae4,2025-10-15T11:45:08.262526,shrek,SHREK,433,True,a45d25883979,11.731453999800578,latency-66331f9e1ae4.csv
1,6736f4923bcb,2025-10-15T11:44:55.084191,shrek3,WHITE,45,True,a45d25883979,13.626954999836016,latency-6736f4923bcb.csv
1,6736f4923bcb,2025-10-15T11:44:55.215148,grail,I,298,True,72ad01c69167,17.72609299996475,latency-6736f4923bcb.csv
1,6736f4923bcb,2025-10-15T11:44:55.350404,shrek3,cues,3,True,a45d25883979,18.823211999915657,latency-6736f4923bcb.csv
1,6736f4923bcb,2025-10-15T11:44:55.482682,shrek,after,10,True,a45d25883979,10.270852999838098,latency-6736f4923bcb.csv
1,6736f4923bcb,2025-10-15T11:44:55.603416,shrek3,of,275,True,a45d25883979,21.631049000006897,latency-6736f4923bcb.csv
1,6736f4923bcb,2025-10-15T11:44:55.748538,grail,"lute,",0,False,a45d25883979,35.81967799982522,latency-6736f4923bcb.csv
1,6736f4923bcb,2025-10-15T11:44:55.895715,shrek,Is,132,True,a45d25883979,23.40835099994365,latency-6736f4923bcb.csv
1,6736f4923bcb,2025-10-15T11:44:56.033328,grail,elected,2,True,72ad01c69167,42.99014200023521,latency-6736f4923bcb.csv
1,6736f4923bcb,2025-10-15T11:44:56.193242,shrek3,decree,1,True,1de2274fea60,30.002373999650445,latency-6736f4923bcb.csv
1,6736f4923bcb,2025-10-15T11:44:56.350747,shrek,lay,2,True,72ad01c69167,16.282097999919642,latency-6736f4923bcb.csv
1,6736f4923bcb,2025-10-15T11:44:56.490332,shrek,will,16,False,1de2274fea60,27.06531199964957,latency-6736f4923bcb.csv
1,6736f4923bcb,2025-10-15T11:44:56.652761,grail,Footnote,4,True,a45d25883979,6.823252999765828,latency-6736f4923bcb.csv
1,6736f4923bcb,2025-10-15T11:44:56.768419,shrek,HOOD,13,False,1de2274fea60,36.29080500013515,latency-6736f4923bcb.csv
1,6736f4923bcb,2025-10-15T11:44:56.917898,shrek,who,29,True,72ad01c69167,17.865853999865067,latency-6736f4923bcb.csv
1,6736f4923bcb,2025-10-15T11:44:57.043376,shrek,edge,2,True,1de2274fea60,15.6241320000845,latency-6736f4923bcb.csv
1,6736f4923bcb,2025-10-15T11:44:57.176347,shrek3,Hold,8,True,72ad01c69167,29.406865000055404,latency-6736f4923bcb.csv
1,6736f4923bcb,2025-10-15T11:44:57.324374,grail,“I,0,False,72ad01c69167,29.02432599967142,latency-6736f4923bcb.csv
1,6736f4923bcb,2025-10-15T11:44:57.472034,shrek3,what,82,True,1de2274fea60,16.85195099980774,latency-6736f4923bcb.csv
1,6736f4923bcb,2025-10-15T11:44:57.606444,shrek3,its,1,True,a45d25883979,16.052413000124943,latency-6736f4923bcb.csv
1,6736f4923bcb,2025-10-15T11:44:57.739919,shrek3,wont,0,False,72ad01c69167,26.265117999628277,latency-6736f4923bcb.csv
2,6736f4923bcb,2025-10-15T11:44:57.879034,shrek3,WHITE,45,True,1de2274fea60,7.570308999675035,latency-6736f4923bcb.csv
2,6736f4923bcb,2025-10-15T11:44:57.993650,grail,I,298,True,a45d25883979,9.94374899983086,latency-6736f4923bcb.csv
2,6736f4923bcb,2025-10-15T11:44:58.113166,shrek3,cues,3,True,72ad01c69167,10.224852000192186,latency-6736f4923bcb.csv
2,6736f4923bcb,2025-10-15T11:44:58.240762,shrek,after,10,True,1de2274fea60,22.435863000282552,latency-6736f4923bcb.csv
2,6736f4923bcb,2025-10-15T11:44:58.386181,shrek3,of,275,True,a45d25883979,9.956608000265987,latency-6736f4923bcb.csv
2,6736f4923bcb,2025-10-15T11:44:58.507706,grail,"lute,",0,True,a45d25883979,23.97025400023267,latency-6736f4923bcb.csv
2,6736f4923bcb,2025-10-15T11:44:58.646853,shrek,Is,132,True,a45d25883979,7.202561999747559,latency-6736f4923bcb.csv
2,6736f4923bcb,2025-10-15T11:44:58.761573,grail,elected,2,True,72ad01c69167,15.561236999928951,latency-6736f4923bcb.csv
2,6736f4923bcb,2025-10-15T11:44:58.891255,shrek3,decree,1,True,1de2274fea60,45.73558799984312,latency-6736f4923bcb.csv
2,6736f4923bcb,2025-10-15T11:44:59.053889,shrek,lay,2,True,72ad01c69167,16.224105000219424,latency-6736f4923bcb.csv
2,6736f4923bcb,2025-10-15T11:44:59.188002,shrek,will,16,True,a45d25883979,19.731399999727728,latency-6736f4923bcb.csv
2,6736f4923bcb,2025-10-15T11:44:59.321022,grail,Footnote,4,True,72ad01c69167,8.061134000399761,latency-6736f4923bcb.csv
2,6736f4923bcb,2025-10-15T11:44:59.446587,shrek,HOOD,13,True,72ad01c69167,8.979285999885178,latency-6736f4923bcb.csv
2,6736f4923bcb,2025-10-15T11:44:59.573811,shrek,who,29,True,a45d25883979,8.409293000113394,latency-6736f4923bcb.csv
2,6736f4923bcb,2025-10-15T11:44:59.690941,shrek,edge,2,True,72ad01c69167,8.201024999834772,latency-6736f4923bcb.csv
2,6736f4923bcb,2025-10-15T11:44:59.816138,shrek3,Hold,8,True,a45d25883979,7.936928000162879,latency-6736f4923bcb.csv
2,6736f4923bcb,2025-10-15T11:44:59.939184,grail,“I,0,True,a45d25883979,10.997158999998646,latency-6736f4923bcb.csv
2,6736f4923bcb,2025-10-15T11:45:00.059902,shrek3,what,82,True,a45d25883979,9.037669999997888,latency-6736f4923bcb.csv
2,6736f4923bcb,2025-10-15T11:45:00.181486,shrek3,its,1,True,a45d25883979,9.248036999906615,latency-6736f4923bcb.csv
2,6736f4923bcb,2025-10-15T11:45:00.301967,shrek3,wont,0,True,a45d25883979,5.043785999987449,latency-6736f4923bcb.csv
1,6745aba2084c,2025-10-15T11:45:33.357078,shrek3,WOLF,7,True,a45d25883979,4.82132500019361,latency-6745aba2084c.csv
1,6745aba2084c,2025-10-15T11:45:33.469610,grail,the,1600,True,a45d25883979,5.728690000069037,latency-6745aba2084c.csv
1,6745aba2084c,2025-10-15T11:45:33.583982,shrek,GUARD,25,True,a45d25883979,5.910122000386764,latency-6745aba2084c.csv
1,6745aba2084c,2025-10-15T11:45:33.695842,shrek,SHREK,433,True,a45d25883979,5.050204999861307,latency-6745aba2084c.csv
1,6745aba2084c,2025-10-15T11:45:33.805538,shrek,DONKEY,320,True,a45d25883979,4.742551999697753,latency-6745aba2084c.csv
1,6745aba2084c,2025-10-15T11:45:33.915150,shrek3,They,80,True,a45d25883979,4.446537000148965,latency-6745aba2084c.csv
1,6745aba2084c,2025-10-15T11:45:34.024457,grail,about,49,True,72ad01c69167,7.553412000106618,latency-6745aba2084c.csv
1,6745aba2084c,2025-10-15T11:45:34.137597,grail,LANCELOT,59,True,72ad01c69167,8.31109099999594,latency-6745aba2084c.csv
1,6745aba2084c,2025-10-15T11:45:34.252155,shrek,"Well,",0,True,72ad01c69167,6.937890999779484,latency-6745aba2084c.csv
1,6745aba2084c,2025-10-15T11:45:34.365458,grail,for,118,True,72ad01c69167,7.208687999991525,latency-6745aba2084c.csv
1,6745aba2084c,2025-10-15T11:45:34.479952,shrek3,SHREK,678,True,72ad01c69167,6.81795799982865,latency-6745aba2084c.csv
1,6745aba2084c,2025-10-15T11:45:34.592187,grail,sell,1,True,72ad01c69167,6.331321999823558,latency-6745aba2084c.csv
1,6745aba2084c,2025-10-15T11:45:34.704054,shrek3,you,328,True,a45d25883979,8.792988000095647,latency-6745aba2084c.csv
1,6745aba2084c,2025-10-15T11:45:34.819969,shrek,afraid,8,True,72ad01c69167,7.753487000172754,latency-6745aba2084c.csv
1,6745aba2084c,2025-10-15T11:45:34.934316,grail,Aaaaugh,9,True,72ad01c69167,7.558903999779432,latency-6745aba2084c.csv
1,6745aba2084c,2025-10-15T11:45:35.048059,shrek3,PUSS,196,True,72ad01c69167,8.690314999967086,latency-6745aba2084c.csv
1,6745aba2084c,2025-10-15T11:45:35.163756,shrek3,ho,8,True,a45d25883979,5.385011000271334,latency-6745aba2084c.csv
1,6745aba2084c,2025-10-15T11:45:35.275436,shrek,you,409,True,a45d25883979,7.223762000194256,latency-6745aba2084c.csv
1,6745aba2084c,2025-10-15T11:45:35.388588,shrek3,MERLIN,73,True,a45d25883979,6.971056000111275,latency-6745aba2084c.csv
1,6745aba2084c,2025-10-15T11:45:35.502348,shrek,on,88,True,a45d25883979,7.763672999772098,latency-6745aba2084c.csv
2,6745aba2084c,2025-10-15T11:45:35.616795,shrek3,WOLF,7,True,a45d25883979,8.874573000412056,latency-6745aba2084c.csv
2,6745aba2084c,2025-10-15T11:45:35.732103,grail,the,1600,True,a45d25883979,7.520673000271927,latency-6745aba2084c.csv
2,6745aba2084c,2025-10-15T11:45:35.847022,shrek,GUARD,25,True,72ad01c69167,12.036771000111912,latency-6745aba2084c.csv
2,6745aba2084c,2025-10-15T11:45:35.968816,shrek,SHREK,433,True,72ad01c69167,14.393902999927375,latency-6745aba2084c.csv
2,6745aba2084c,2025-10-15T11:45:36.092583,shrek,DONKEY,320,True,1de2274fea60,11.182585000369729,latency-6745aba2084c.csv
2,6745aba2084c,2025-10-15T11:45:36.215834,shrek3,They,80,True,a45d25883979,12.65628100009053,latency-6745aba2084c.csv
2,6745aba2084c,2025-10-15T11:45:36.338676,grail,about,49,True,1de2274fea60,9.278171999994813,latency-6745aba2084c.csv
2,6745aba2084c,2025-10-15T11:45:36.457201,grail,LANCELOT,59,True,a45d25883979,9.071034000044165,latency-6745aba2084c.csv
2,6745aba2084c,2025-10-15T11:45:36.576213,shrek,"Well,",0,True,a45d25883979,9.754052000062076,latency-6745aba2084c.csv
2,6745aba2084c,2025-10-15T11:45:36.695078,grail,for,118,True,72ad01c69167,7.037549999949988,latency-6745aba2084c.csv
2,6745aba2084c,2025-10-15T11:45:36.808953,shrek3,SHREK,678,True,72ad01c69167,5.656860999806668,latency-6745aba2084c.csv
2,6745aba2084c,2025-10-15T11:45:36.920968,grail,sell,1,True,72ad01c69167,7.693345000006957,latency-6745aba2084c.csv
2,6745aba2084c,2025-10-15T11:45:37.037645,shrek3,you,328,True,72ad01c69167,8.635729000161518,latency-6745aba2084c.csv
2,6745aba2084c,2025-10-15T11:45:37.160536,shrek,afraid,8,True,1de2274fea60,7.343554999806656,latency-6745aba2084c.csv
2,6745aba2084c,2025-10-15T11:45:37.274370,grail,Aaaaugh,9,True,a45d25883979,4.789559000073496,latency-6745aba2084c.csv
2,6745aba2084c,2025-10-15T11:45:37.384496,shrek3,PUSS,196,True,a45d25883979,5.444767999961186,latency-6745aba2084c.csv
2,6745aba2084c,2025-10-15T11:45:37.495571,shrek3,ho,8,True,a45d25883979,7.345678999627125,latency-6745aba2084c.csv
2,6745aba2084c,2025-10-15T11:45:37.611330,shrek,you,409,True,a45d25883979,8.628258000044298,latency-6745aba2084c.csv
2,6745aba2084c,2025-10-15T11:45:37.726502,shrek3,MERLIN,73,True,a45d25883979,6.669478999810963,latency-6745aba2084c.csv
2,6745aba2084c,2025-10-15T11:45:37.838540,shrek,on,88,True,a45d25883979,6.352072000026965,latency-6745aba2084c.csv
1,6747056317c1,2025-10-15T11:44:51.223255,shrek,DONKEY,320,False,a45d25883979,27.15196000008291,latency-6747056317c1.csv
1,6747056317c1,2025-10-15T11:44:51.358232,shrek,help,5,False,72ad01c69167,29.95886500002598,latency-6747056317c1.csv
1,6747056317c1,2025-10-15T11:44:51.497242,grail,CALLS,3,False,72ad01c69167,16.167528000096354,latency-6747056317c1.csv
1,6747056317c1,2025-10-15T11:44:51.620512,grail,pathetic,4,False,72ad01c69167,16.62617100009811,latency-6747056317c1.csv
1,6747056317c1,2025-10-15T11:44:51.744048,shrek,DONKEY,320,True,a45d25883979,10.198738000326555,latency-6747056317c1.csv
1,6747056317c1,2025-10-15T11:44:51.863445,shrek3,Be,71,False,a45d25883979,17.763733999800024,latency-6747056317c1.csv
1,6747056317c1,2025-10-15T11:44:51.989011,shrek3,"meet""",0,False,a45d25883979,22.4219249998896,latency-6747056317c1.csv
1,6747056317c1,2025-10-15T11:44:52.125397,shrek,No,114,False,a45d25883979,18.2344589998138,latency-6747056317c1.csv
1,6747056317c1,2025-10-15T11:44:52.250968,shrek3,cues,3,False,72ad01c69167,20.083345000330155,latency-6747056317c1.csv
1,6747056317c1,2025-10-15T11:44:52.382722,shrek,FIONA,211,True,a45d25883979,14.529491999837774,latency-6747056317c1.csv
1,6747056317c1,2025-10-15T11:44:52.522787,shrek,(standing,0,True,a45d25883979,13.699048000034963,latency-6747056317c1.csv
1,6747056317c1,2025-10-15T11:44:52.653389,shrek3,the,1285,False,a45d25883979,23.497891999795684,latency-6747056317c1.csv
1,6747056317c1,2025-10-15T11:44:52.788532,grail,rows,1,False,72ad01c69167,18.64090400022178,latency-6747056317c1.csv
1,6747056317c1,2025-10-15T11:44:52.915354,shrek,INSIDE,16,False,72ad01c69167,25.32407499984401,latency-6747056317c1.csv
1,6747056317c1,2025-10-15T11:44:53.055310,shrek,FARQUAAD,84,False,a45d25883979,17.375678999997035,latency-6747056317c1.csv
1,6747056317c1,2025-10-15T11:44:53.184640,grail,thus,5,False,a45d25883979,25.05377400029829,latency-6747056317c1.csv
1,6747056317c1,2025-10-15T11:44:53.321828,grail,from,94,True,a45d25883979,7.861921000312577,latency-6747056317c1.csv
1,6747056317c1,2025-10-15T11:44:53.444520,shrek,our,11,True,a45d25883979,8.614014999693609,latency-6747056317c1.csv
1,6747056317c1,2025-10-15T11:44:53.561776,grail,king,136,False,1de2274fea60,24.96996499985471,latency-6747056317c1.csv
1,6747056317c1,2025-10-15T11:44:53.696889,shrek3,ARTIE,213,True,a45d25883979,9.86312099985298,latency-6747056317c1.csv
2,6747056317c1,2025-10-15T11:44:53.817010,shrek,DONKEY,320,True,1de2274fea60,8.462440999664977,latency-6747056317c1.csv
2,6747056317c1,2025-10-15T11:44:53.934974,shrek,help,5,True,a45d25883979,6.788234000396187,latency-6747056317c1.csv
2,6747056317c1,2025-10-15T11:44:54.066039,grail,CALLS,3,True,72ad01c69167,9.296590999838372,latency-6747056317c1.csv
2,6747056317c1,2025-10-15T11:44:54.183896,grail,pathetic,4,True,72ad01c69167,7.410960000015621,latency-6747056317c1.csv
2,6747056317c1,2025-10-15T11:44:54.301887,shrek,DONKEY,320,True,a45d25883979,11.740723000002616,latency-6747056317c1.csv
2,6747056317c1,2025-10-15T11:44:54.422082,shrek3,Be,71,True,a45d25883979,10.38624600005278,latency-6747056317c1.csv
2,6747056317c1,2025-10-15T11:44:54.559586,shrek3,"meet""",0,True,72ad01c69167,27.4686230000043,latency-6747056317c1.csv
2,6747056317c1,2025-10-15T11:44:54.702243,shrek,No,114,True,72ad01c69167,55.776966999928845,latency-6747056317c1.csv
2,6747056317c1,2025-10-15T11:44:54.892274,shrek3,cues,3,True,a45d25883979,9.055213999999978,latency-6747056317c1.csv
2,6747056317c1,2025-10-15T11:44:55.015646,shrek,FIONA,211,True,a45d25883979,7.5154629998905875,latency-6747056317c1.csv
2,6747056317c1,2025-10-15T11:44:55.131880,shrek,(standing,0,True,a45d25883979,11.816912000085722,latency-6747056317c1.csv
2,6747056317c1,2025-10-15T11:44:55.256916,shrek3,the,1285,True,1de2274fea60,20.963166000001365,latency-6747056317c1.csv
2,6747056317c1,2025-10-15T11:44:55.389533,grail,rows,1,True,72ad01c69167,18.144679000215547,latency-6747056317c1.csv
2,6747056317c1,2025-10-15T11:44:55.558227,shrek,INSIDE,16,True,72ad01c69167,15.82233199997063,latency-6747056317c1.csv
2,6747056317c1,2025-10-15T11:44:55.692008,shrek,FARQUAAD,84,True,1de2274fea60,52.82825199992658,latency-6747056317c1.csv
2,6747056317c1,2025-10-15T11:44:55.875534,grail,thus,5,True,72ad01c69167,18.30262900011803,latency-6747056317c1.csv
2,6747056317c1,2025-10-15T11:44:56.015061,grail,from,94,True,a45d25883979,42.47073199985607,latency-6747056317c1.csv
2,6747056317c1,2025-10-15T11:44:56.183442,shrek,our,11,True,72ad01c69167,26.18262299984053,latency-6747056317c1.csv
2,6747056317c1,2025-10-15T11:44:56.342379,grail,king,136,True,a45d25883979,20.7407160000912,latency-6747056317c1.csv
2,6747056317c1,2025-10-15T11:44:56.479551,shrek3,ARTIE,213,True,a45d25883979,8.289570000215463,latency-6747056317c1.csv
1,680fc990bdf5,2025-10-15T11:45:22.588254,shrek,to,268,True,a45d25883979,5.72767899984683,latency-680fc990bdf5.csv
1,680fc990bdf5,2025-10-15T11:45:22.699770,shrek,and,318,True,a45d25883979,8.50599199975477,latency-680fc990bdf5.csv
1,680fc990bdf5,2025-10-15T11:45:22.815208,grail,king,136,True,72ad01c69167,11.88588000013624,latency-680fc990bdf5.csv
1,680fc990bdf5,2025-10-15T11:45:22.933127,grail,dancing,10,True,a45d25883979,6.982388999858813,latency-680fc990bdf5.csv
1,680fc990bdf5,2025-10-15T11:45:23.046700,shrek3,showing,1,True,a45d25883979,6.977986000038072,latency-680fc990bdf5.csv
1,680fc990bdf5,2025-10-15T11:45:23.159967,shrek,and,318,True,a45d25883979,5.400922999797331,latency-680fc990bdf5.csv
1,680fc990bdf5,2025-10-15T11:45:23.270399,shrek3,the,1285,True,72ad01c69167,8.064318999913667,latency-680fc990bdf5.csv
1,680fc990bdf5,2025-10-15T11:45:23.385187,shrek3,Arg,1,True,72ad01c69167,7.54181599995718,latency-680fc990bdf5.csv
1,680fc990bdf5,2025-10-15T11:45:23.500016,shrek,old,10,True,1de2274fea60,8.144218999859731,latency-680fc990bdf5.csv
1,680fc990bdf5,2025-10-15T11:45:23.614675,shrek,field,4,True,a45d25883979,8.931921000112197,latency-680fc990bdf5.csv
1,680fc990bdf5,2025-10-15T11:45:23.732543,grail,Jones,7,True,a45d25883979,13.90819400012333,latency-680fc990bdf5.csv
1,680fc990bdf5,2025-10-15T11:45:23.854615,shrek3,true,1,True,72ad01c69167,11.86808199963707,latency-680fc990bdf5.csv
1,680fc990bdf5,2025-10-15T11:45:23.974222,shrek3,ARTIE,213,True,72ad01c69167,9.784660000150325,latency-680fc990bdf5.csv
1,680fc990bdf5,2025-10-15T11:45:24.092991,shrek3,still,18,True,72ad01c69167,13.016284000059386,latency-680fc990bdf5.csv
1,680fc990bdf5,2025-10-15T11:45:24.213802,shrek3,Be,71,True,72ad01c69167,7.937761999983195,latency-680fc990bdf5.csv
1,680fc990bdf5,2025-10-15T11:45:24.328164,shrek,true,20,True,72ad01c69167,11.272241999904509,latency-680fc990bdf5.csv
1,680fc990bdf5,2025-10-15T11:45:24.446275,shrek,"Ha,",0,True,72ad01c69167,8.489233999625867,latency-680fc990bdf5.csv
1,680fc990bdf5,2025-10-15T11:45:24.561538,shrek,number,8,True,72ad01c69167,8.113409000088723,latency-680fc990bdf5.csv
1,680fc990bdf5,2025-10-15T11:45:24.677023,shrek,swamp,18,True,72ad01c69167,9.766739000042437,latency-680fc990bdf5.csv
1,680fc990bdf5,2025-10-15T11:45:24.793910,shrek,placed,1,True,a45d25883979,6.667135000043345,latency-680fc990bdf5.csv
2,680fc990bdf5,2025-10-15T11:45:24.907928,shrek,to,268,True,1de2274fea60,7.252514999890991,latency-680fc990bdf5.csv
2,680fc990bdf5,2025-10-15T11:45:25.021243,shrek,and,318,True,a45d25883979,6.149112999992212,latency-680fc990bdf5.csv
2,680fc990bdf5,2025-10-15T11:45:25.132464,grail,king,136,True,72ad01c69167,7.549333000042679,latency-680fc990bdf5.csv
2,680fc990bdf5,2025-10-15T11:45:25.245781,grail,dancing,10,True,72ad01c69167,8.151747999818326,latency-680fc990bdf5.csv
2,680fc990bdf5,2025-10-15T11:45:25.360425,shrek3,showing,1,True,72ad01c69167,8.497190000070987,latency-680fc990bdf5.csv
2,680fc990bdf5,2025-10-15T11:45:25.475384,shrek,and,318,True,a45d25883979,8.235698000135017,latency-680fc990bdf5.csv
2,680fc990bdf5,2025-10-15T11:45:25.591148,shrek3,the,1285,True,72ad01c69167,7.292681999842898,latency-680fc990bdf5.csv
2,680fc990bdf5,2025-10-15T11:45:25.704235,shrek3,Arg,1,True,72ad01c69167,7.260589999987133,latency-680fc990bdf5.csv
2,680fc990bdf5,2025-10-15T11:45:25.817745,shrek,old,10,True,a45d25883979,8.902182999918296,latency-680fc990bdf5.csv
2,680fc990bdf5,2025-10-15T11:45:25.936430,shrek,field,4,True,72ad01c69167,7.012665999809542,latency-680fc990bdf5.csv
2,680fc990bdf5,2025-10-15T11:45:26.050632,grail,Jones,7,True,72ad01c69167,6.8137399998704495,latency-680fc990bdf5.csv
2,680fc990bdf5,2025-10-15T11:45:26.164557,shrek3,true,1,True,a45d25883979,4.590046999965125,latency-680fc990bdf5.csv
2,680fc990bdf5,2025-10-15T11:45:26.275782,shrek3,ARTIE,213,True,a45d25883979,9.20441900007063,latency-680fc990bdf5.csv
2,680fc990bdf5,2025-10-15T11:45:26.393769,shrek3,still,18,True,a45d25883979,13.117386999965674,latency-680fc990bdf5.csv
2,680fc990bdf5,2025-10-15T11:45:26.526356,shrek3,Be,71,True,a45d25883979,23.474622999856365,latency-680fc990bdf5.csv
2,680fc990bdf5,2025-10-15T11:45:26.666170,shrek,true,20,True,72ad01c69167,22.93771199992989,latency-680fc990bdf5.csv
2,680fc990bdf5,2025-10-15T11:45:26.809577,shrek,"Ha,",0,True,a45d25883979,15.15089100030309,latency-680fc990bdf5.csv
2,680fc990bdf5,2025-10-15T11:45:26.941823,shrek,number,8,True,72ad01c69167,28.97819800000434,latency-680fc990bdf5.csv
2,680fc990bdf5,2025-10-15T11:45:27.079567,shrek,swamp,18,True,1de2274fea60,16.286079000110476,latency-680fc990bdf5.csv
2,680fc990bdf5,2025-10-15T11:45:27.213661,shrek,placed,1,True,1de2274fea60,14.370413000051483,latency-680fc990bdf5.csv
1,682c2d4dab23,2025-10-15T11:45:20.774112,shrek3,SHOUTING),0,True,a45d25883979,5.5897309998727,latency-682c2d4dab23.csv
1,682c2d4dab23,2025-10-15T11:45:20.885177,shrek,tell,25,True,a45d25883979,4.950427000039781,latency-682c2d4dab23.csv
1,682c2d4dab23,2025-10-15T11:45:20.995726,shrek,gone,3,True,72ad01c69167,14.614479999636387,latency-682c2d4dab23.csv
1,682c2d4dab23,2025-10-15T11:45:21.120201,shrek3,PUSS,196,True,a45d25883979,6.619553999826167,latency-682c2d4dab23.csv
1,682c2d4dab23,2025-10-15T11:45:21.233766,grail,Bridge,30,True,a45d25883979,8.041028999741684,latency-682c2d4dab23.csv
1,682c2d4dab23,2025-10-15T11:45:21.348905,shrek3,an,51,True,72ad01c69167,6.557643000178359,latency-682c2d4dab23.csv
1,682c2d4dab23,2025-10-15T11:45:21.463217,grail,"Oh,",2,True,1de2274fea60,9.208427999965352,latency-682c2d4dab23.csv
1,682c2d4dab23,2025-10-15T11:45:21.579180,shrek,fair,2,True,1de2274fea60,9.16522299985445,latency-682c2d4dab23.csv
1,682c2d4dab23,2025-10-15T11:45:21.694928,shrek3,CAPTAIN,41,True,a45d25883979,9.589303999746337,latency-682c2d4dab23.csv
1,682c2d4dab23,2025-10-15T11:45:21.811944,shrek3,me,72,True,1de2274fea60,6.798140000228159,latency-682c2d4dab23.csv
1,682c2d4dab23,2025-10-15T11:45:21.926382,shrek3,Third,121,True,a45d25883979,6.240746000003128,latency-682c2d4dab23.csv
1,682c2d4dab23,2025-10-15T11:45:22.038192,grail,Jones,7,True,a45d25883979,7.204075000117882,latency-682c2d4dab23.csv
1,682c2d4dab23,2025-10-15T11:45:22.151645,shrek3,get,39,True,a45d25883979,7.169553000039741,latency-682c2d4dab23.csv
1,682c2d4dab23,2025-10-15T11:45:22.265233,grail,from,94,True,a45d25883979,8.27142600019215,latency-682c2d4dab23.csv
1,682c2d4dab23,2025-10-15T11:45:22.384065,grail,Auuuuuuuugh,2,True,a45d25883979,15.497388999847317,latency-682c2d4dab23.csv
1,682c2d4dab23,2025-10-15T11:45:22.518730,grail,TV,2,True,a45d25883979,6.782385999940743,latency-682c2d4dab23.csv
1,682c2d4dab23,2025-10-15T11:45:22.631511,shrek,SHREK,433,True,a45d25883979,6.549666999944748,latency-682c2d4dab23.csv
1,682c2d4dab23,2025-10-15T11:45:22.743395,shrek,and,318,True,a45d25883979,7.855546999962826,latency-682c2d4dab23.csv
1,682c2d4dab23,2025-10-15T11:45:22.857196,shrek3,at,134,True,a45d25883979,6.43660399964574,latency-682c2d4dab23.csv
1,682c2d4dab23,2025-10-15T11:45:22.969942,shrek,this,79,True,a45d25883979,10.251791999962734,latency-682c2d4dab23.csv
2,682c2d4dab23,2025-10-15T11:45:23.086947,shrek3,SHOUTING),0,True,a45d25883979,9.786587000235158,latency-682c2d4dab23.csv
2,682c2d4dab23,2025-10-15T11:45:23.204048,shrek,tell,25,True,a45d25883979,6.1536469997918175,latency-682c2d4dab23.csv
2,682c2d4dab23,2025-10-15T11:45:23.315593,shrek,gone,3,True,a45d25883979,8.908584999971936,latency-682c2d4dab23.csv
2,682c2d4dab23,2025-10-15T11:45:23.432682,shrek3,PUSS,196,True,a45d25883979,8.083288999841898,latency-682c2d4dab23.csv
2,682c2d4dab23,2025-10-15T11:45:23.555187,grail,Bridge,30,True,a45d25883979,5.2858100002595165,latency-682c2d4dab23.csv
2,682c2d4dab23,2025-10-15T11:45:23.666143,shrek3,an,51,True,a45d25883979,6.076177000068128,latency-682c2d4dab23.csv
2,682c2d4dab23,2025-10-15T11:45:23.780030,grail,"Oh,",2,True,a45d25883979,5.463395999868226,latency-682c2d4dab23.csv
2,682c2d4dab23,2025-10-15T11:45:23.892542,shrek,fair,2,True,a45d25883979,6.816746999902534,latency-682c2d4dab23.csv
2,682c2d4dab23,2025-10-15T11:45:24.006166,shrek3,CAPTAIN,41,True,a45d25883979,8.49866699991253,latency-682c2d4dab23.csv
2,682c2d4dab23,2025-10-15T11:45:24.121872,shrek3,me,72,True,a45d25883979,8.14420799997606,latency-682c2d4dab23.csv
2,682c2d4dab23,2025-10-15T11:45:24.237828,shrek3,Third,121,True,a45d25883979,7.379727000170533,latency-682c2d4dab23.csv
2,682c2d4dab23,2025-10-15T11:45:24.353108,grail,Jones,7,True,a45d25883979,8.893494999938412,latency-682c2d4dab23.csv
2,682c2d4dab23,2025-10-15T11:45:24.469478,shrek3,get,39,True,a45d25883979,11.942225000439066,latency-682c2d4dab23.csv
2,682c2d4dab23,2025-10-15T11:45:24.591752,grail,from,94,True,72ad01c69167,4.9277829998573,latency-682c2d4dab23.csv
2,682c2d4dab23,2025-10-15T11:45:24.702443,grail,Auuuuuuuugh,2,True,a45d25883979,7.64314900015961,latency-682c2d4dab23.csv
2,682c2d4dab23,2025-10-15T11:45:24.820716,grail,TV,2,True,72ad01c69167,4.733205000320595,latency-682c2d4dab23.csv
2,682c2d4dab23,2025-10-15T11:45:24.930917,shrek,SHREK,433,True,a45d25883979,6.215087000327912,latency-682c2d4dab23.csv
2,682c2d4dab23,2025-10-15T11:45:25.044561,shrek,and,318,True,a45d25883979,6.03090799995698,latency-682c2d4dab23.csv
2,682c2d4dab23,2025-10-15T11:45:25.158854,shrek3,at,134,True,a45d25883979,5.341697999938333,latency-682c2d4dab23.csv
2,682c2d4dab23,2025-10-15T11:45:25.269872,shrek,this,79,True,72ad01c69167,8.628606000002037,latency-682c2d4dab23.csv
1,687aa7011490,2025-10-15T11:46:33.395251,shrek,at,62,True,a45d25883979,5.172644000140281,latency-687aa7011490.csv
1,687aa7011490,2025-10-15T11:46:33.505723,shrek,Is,132,True,a45d25883979,13.030226999944716,latency-687aa7011490.csv
1,687aa7011490,2025-10-15T11:46:33.631205,grail,3,18,True,1de2274fea60,10.773859999972046,latency-687aa7011490.csv
1,687aa7011490,2025-10-15T11:46:33.755654,shrek3,bed,10,True,a45d25883979,12.054410000018834,latency-687aa7011490.csv
1,687aa7011490,2025-10-15T11:46:33.875210,shrek3,the,1285,True,a45d25883979,9.06407799993758,latency-687aa7011490.csv
1,687aa7011490,2025-10-15T11:46:33.993415,shrek,tell,25,True,a45d25883979,12.709598000128608,latency-687aa7011490.csv
1,687aa7011490,2025-10-15T11:46:34.114407,grail,the,1600,True,1de2274fea60,11.085526999977446,latency-687aa7011490.csv
1,687aa7011490,2025-10-15T11:46:34.240120,grail,the,1600,True,72ad01c69167,13.011630000164589,latency-687aa7011490.csv
1,687aa7011490,2025-10-15T11:46:34.363632,grail,LTD,6,True,72ad01c69167,11.740379999992,latency-687aa7011490.csv
1,687aa7011490,2025-10-15T11:46:34.490156,shrek3,"Suddenly,",0,True,a45d25883979,9.203698999954211,latency-687aa7011490.csv
1,687aa7011490,2025-10-15T11:46:34.607527,shrek3,ruby,1,True,a45d25883979,21.250412999961554,latency-687aa7011490.csv
1,687aa7011490,2025-10-15T11:46:34.756428,shrek,ogre,27,True,72ad01c69167,9.46777099989049,latency-687aa7011490.csv
1,687aa7011490,2025-10-15T11:46:34.885868,shrek,CROWD,5,True,72ad01c69167,7.633847999841237,latency-687aa7011490.csv
1,687aa7011490,2025-10-15T11:46:34.999911,shrek,whistles,2,True,a45d25883979,13.88583900006779,latency-687aa7011490.csv
1,687aa7011490,2025-10-15T11:46:35.127240,shrek3,OGRE,39,True,a45d25883979,21.92581799999971,latency-687aa7011490.csv
1,687aa7011490,2025-10-15T11:46:35.277964,shrek,number,8,True,a45d25883979,11.80725899985191,latency-687aa7011490.csv
1,687aa7011490,2025-10-15T11:46:35.421704,shrek,whole,10,True,1de2274fea60,51.71434499970928,latency-687aa7011490.csv
1,687aa7011490,2025-10-15T11:46:35.595658,grail,Eolio,2,True,72ad01c69167,7.4270949999117875,latency-687aa7011490.csv
1,687aa7011490,2025-10-15T11:46:35.712806,shrek,I,386,True,72ad01c69167,9.052494000115985,latency-687aa7011490.csv
1,687aa7011490,2025-10-15T11:46:35.830732,grail,Cleese,10,True,72ad01c69167,7.710901999871567,latency-687aa7011490.csv
2,687aa7011490,2025-10-15T11:46:35.945182,shrek,at,62,True,72ad01c69167,8.182805000160442,latency-687aa7011490.csv
2,687aa7011490,2025-10-15T11:46:36.060459,shrek,Is,132,True,a45d25883979,7.407848000184458,latency-687aa7011490.csv
2,687aa7011490,2025-10-15T11:46:36.173077,grail,3,18,True,a45d25883979,8.26009399997929,latency-687aa7011490.csv
2,687aa7011490,2025-10-15T11:46:36.287040,shrek3,bed,10,True,a45d25883979,7.865588000186108,latency-687aa7011490.csv
2,687aa7011490,2025-10-15T11:46:36.401481,shrek3,the,1285,True,a45d25883979,7.685171000048285,latency-687aa7011490.csv
2,687aa7011490,2025-10-15T11:46:36.514300,shrek,tell,25,True,a45d25883979,7.141290000163281,latency-687aa7011490.csv
2,687aa7011490,2025-10-15T11:46:36.627009,grail,the,1600,True,a45d25883979,6.318830999589409,latency-687aa7011490.csv
2,687aa7011490,2025-10-15T11:46:36.738643,grail,the,1600,True,a45d25883979,7.354764999945473,latency-687aa7011490.csv
2,687aa7011490,2025-10-15T11:46:36.851926,grail,LTD,6,True,a45d25883979,7.596465000005992,latency-687aa7011490.csv
2,687aa7011490,2025-10-15T11:46:36.964833,shrek3,"Suddenly,",0,True,a45d25883979,7.654331999674467,latency-687aa7011490.csv
2,687aa7011490,2025-10-15T11:46:37.078378,shrek3,ruby,1,True,a45d25883979,11.65862100015147,latency-687aa7011490.csv
2,687aa7011490,2025-10-15T11:46:37.200322,shrek,ogre,27,True,a45d25883979,6.914614999914193,latency-687aa7011490.csv
2,687aa7011490,2025-10-15T11:46:37.313188,shrek,CROWD,5,True,a45d25883979,7.4278769998272764,latency-687aa7011490.csv
2,687aa7011490,2025-10-15T11:46:37.425934,shrek,whistles,2,True,a45d25883979,11.626677999629464,latency-687aa7011490.csv
2,687aa7011490,2025-10-15T11:46:37.544818,shrek3,OGRE,39,True,a45d25883979,8.014602999992348,latency-687aa7011490.csv
2,687aa7011490,2025-10-15T11:46:37.658945,shrek,number,8,True,a45d25883979,13.189495999995415,latency-687aa7011490.csv
2,687aa7011490,2025-10-15T11:46:37.781359,shrek,whole,10,True,a45d25883979,9.735453999837771,latency-687aa7011490.csv
2,687aa7011490,2025-10-15T11:46:37.899513,grail,Eolio,2,True,a45d25883979,10.031076000359462,latency-687aa7011490.csv
2,687aa7011490,2025-10-15T11:46:38.018283,shrek,I,386,True,a45d25883979,9.043065999776443,latency-687aa7011490.csv
2,687aa7011490,2025-10-15T11:46:38.134649,grail,Cleese,10,True,a45d25883979,7.11474099989573,latency-687aa7011490.csv
1,68aa7e685307,2025-10-15T11:44:52.653265,grail,"collective,",0,True,a45d25883979,9.50760400019135,latency-68aa7e685307.csv
1,68aa7e685307,2025-10-15T11:44:52.785948,shrek,lay,2,False,a45d25883979,23.014291999970737,latency-68aa7e685307.csv
1,68aa7e685307,2025-10-15T11:44:52.916709,shrek,edge,2,False,72ad01c69167,24.03086399999665,latency-68aa7e685307.csv
1,68aa7e685307,2025-10-15T11:44:53.052708,shrek3,did,14,False,72ad01c69167,20.025913999688782,latency-68aa7e685307.csv
1,68aa7e685307,2025-10-15T11:44:53.184535,shrek3,them,44,False,a45d25883979,25.734046999787097,latency-68aa7e685307.csv
1,68aa7e685307,2025-10-15T11:44:53.322362,shrek3,glass,9,False,a45d25883979,16.224017999775242,latency-68aa7e685307.csv
1,68aa7e685307,2025-10-15T11:44:53.446979,shrek,whistles,2,False,1de2274fea60,21.791707999909704,latency-68aa7e685307.csv
1,68aa7e685307,2025-10-15T11:44:53.579882,shrek,SHREK,433,True,a45d25883979,13.393142000040823,latency-68aa7e685307.csv
1,68aa7e685307,2025-10-15T11:44:53.704629,grail,the,1600,True,72ad01c69167,8.531604999916453,latency-68aa7e685307.csv
1,68aa7e685307,2025-10-15T11:44:53.823981,shrek3,SNOW,49,True,a45d25883979,11.8468689997826,latency-68aa7e685307.csv
1,68aa7e685307,2025-10-15T11:44:53.950398,shrek3,cosmic,1,False,1de2274fea60,36.17818699967757,latency-68aa7e685307.csv
1,68aa7e685307,2025-10-15T11:44:54.097377,shrek3,its,1,False,a45d25883979,33.50735699996221,latency-68aa7e685307.csv
1,68aa7e685307,2025-10-15T11:44:54.242119,shrek3,Uh,18,True,72ad01c69167,18.941195999559568,latency-68aa7e685307.csv
1,68aa7e685307,2025-10-15T11:44:54.368967,shrek,your,49,False,1de2274fea60,27.600278000136317,latency-68aa7e685307.csv
1,68aa7e685307,2025-10-15T11:44:54.510698,shrek,not,50,True,a45d25883979,13.814219000323646,latency-68aa7e685307.csv
1,68aa7e685307,2025-10-15T11:44:54.636403,grail,chops,3,False,72ad01c69167,24.271637000310875,latency-68aa7e685307.csv
1,68aa7e685307,2025-10-15T11:44:54.769626,shrek,(standing,0,True,a45d25883979,30.08841100017889,latency-68aa7e685307.csv
1,68aa7e685307,2025-10-15T11:44:54.918036,shrek3,PRINCE,207,True,a45d25883979,22.397017999992386,latency-68aa7e685307.csv
1,68aa7e685307,2025-10-15T11:44:55.063553,shrek,DONKEY,320,True,72ad01c69167,24.88830100037376,latency-68aa7e685307.csv
1,68aa7e685307,2025-10-15T11:44:55.209661,shrek,its,1,True,1de2274fea60,18.191533999925014,latency-68aa7e685307.csv
2,68aa7e685307,2025-10-15T11:44:55.347424,grail,"collective,",0,True,1de2274fea60,20.66496399993412,latency-68aa7e685307.csv
2,68aa7e685307,2025-10-15T11:44:55.481435,shrek,lay,2,True,a45d25883979,10.976788999869314,latency-68aa7e685307.csv
2,68aa7e685307,2025-10-15T11:44:55.601548,shrek,edge,2,True,a45d25883979,22.50993600000584,latency-68aa7e685307.csv
2,68aa7e685307,2025-10-15T11:44:55.749720,shrek3,did,14,True,a45d25883979,33.35103900008107,latency-68aa7e685307.csv
2,68aa7e685307,2025-10-15T11:44:55.896061,shrek3,them,44,True,a45d25883979,23.397155000111525,latency-68aa7e685307.csv
2,68aa7e685307,2025-10-15T11:44:56.038733,shrek3,glass,9,True,72ad01c69167,31.382647000100405,latency-68aa7e685307.csv
2,68aa7e685307,2025-10-15T11:44:56.185025,shrek,whistles,2,True,72ad01c69167,32.3503160002474,latency-68aa7e685307.csv
2,68aa7e685307,2025-10-15T11:44:56.355583,shrek,SHREK,433,True,1de2274fea60,39.76082899998801,latency-68aa7e685307.csv
2,68aa7e685307,2025-10-15T11:44:56.524014,grail,the,1600,True,72ad01c69167,43.55428899998515,latency-68aa7e685307.csv
2,68aa7e685307,2025-10-15T11:44:56.709063,shrek3,SNOW,49,True,1de2274fea60,22.452180000072985,latency-68aa7e685307.csv
2,68aa7e685307,2025-10-15T11:44:56.859416,shrek3,cosmic,1,True,72ad01c69167,18.119444999683765,latency-68aa7e685307.csv
2,68aa7e685307,2025-10-15T11:44:57.011110,shrek3,its,1,True,a45d25883979,11.665402999824437,latency-68aa7e685307.csv
2,68aa7e685307,2025-10-15T11:44:57.133930,shrek3,Uh,18,True,1de2274fea60,25.062268000056065,latency-68aa7e685307.csv
2,68aa7e685307,2025-10-15T11:44:57.289265,shrek,your,49,True,a45d25883979,16.07997599967348,latency-68aa7e685307.csv
2,68aa7e685307,2025-10-15T11:44:57.414577,shrek,not,50,True,a45d25883979,14.924277999853077,latency-68aa7e685307.csv
2,68aa7e685307,2025-10-15T11:44:57.541448,grail,chops,3,True,72ad01c69167,25.218279999990045,latency-68aa7e685307.csv
2,68aa7e685307,2025-10-15T11:44:57.681405,shrek,(standing,0,True,1de2274fea60,9.585620000052586,latency-68aa7e685307.csv
2,68aa7e685307,2025-10-15T11:44:57.805122,shrek3,PRINCE,207,True,72ad01c69167,10.055190000002767,latency-68aa7e685307.csv
2,68aa7e685307,2025-10-15T11:44:57.924798,shrek,DONKEY,320,True,a45d25883979,18.787688999964303,latency-68aa7e685307.csv
2,68aa7e685307,2025-10-15T11:44:58.061577,shrek,its,1,True,a45d25883979,19.32274000000689,latency-68aa7e685307.csv
1,68efbe4d5e41,2025-10-15T11:45:35.408468,shrek3,Hold,8,True,a45d25883979,6.469063999702485,latency-68efbe4d5e41.csv
1,68efbe4d5e41,2025-10-15T11:45:35.522288,shrek3,the,1285,True,a45d25883979,5.774207999820646,latency-68efbe4d5e41.csv
1,68efbe4d5e41,2025-10-15T11:45:35.634064,shrek3,and,576,True,a45d25883979,6.187933000092016,latency-68efbe4d5e41.csv
1,68efbe4d5e41,2025-10-15T11:45:35.746971,grail,seek,12,True,a45d25883979,5.390170999817201,latency-68efbe4d5e41.csv
1,68efbe4d5e41,2025-10-15T11:45:35.857542,shrek3,Donkey,243,True,1de2274fea60,9.524300000066432,latency-68efbe4d5e41.csv
1,68efbe4d5e41,2025-10-15T11:45:35.975688,shrek,DONKEY,320,True,1de2274fea60,8.222077000027639,latency-68efbe4d5e41.csv
1,68efbe4d5e41,2025-10-15T11:45:36.093433,shrek3,the,1285,True,1de2274fea60,11.167517000103544,latency-68efbe4d5e41.csv
1,68efbe4d5e41,2025-10-15T11:45:36.215973,shrek,stairs,7,True,a45d25883979,13.575999000295267,latency-68efbe4d5e41.csv
1,68efbe4d5e41,2025-10-15T11:45:36.340380,grail,cross,13,True,72ad01c69167,9.54350699976203,latency-68efbe4d5e41.csv
1,68efbe4d5e41,2025-10-15T11:45:36.457870,grail,To,718,True,a45d25883979,8.361891999811633,latency-68efbe4d5e41.csv
1,68efbe4d5e41,2025-10-15T11:45:36.575778,shrek3,toward,14,True,a45d25883979,8.111613999972178,latency-68efbe4d5e41.csv
1,68efbe4d5e41,2025-10-15T11:45:36.692226,shrek,FARQUAAD,84,True,a45d25883979,7.493241999782185,latency-68efbe4d5e41.csv
1,68efbe4d5e41,2025-10-15T11:45:36.805549,grail,the,1600,True,a45d25883979,6.541531000038958,latency-68efbe4d5e41.csv
1,68efbe4d5e41,2025-10-15T11:45:36.918140,shrek3,ARTIE,213,True,a45d25883979,7.152478000080009,latency-68efbe4d5e41.csv
1,68efbe4d5e41,2025-10-15T11:45:37.032315,grail,lost,6,True,a45d25883979,6.1107329997867055,latency-68efbe4d5e41.csv
1,68efbe4d5e41,2025-10-15T11:45:37.149329,grail,rows,1,True,a45d25883979,7.095938000020396,latency-68efbe4d5e41.csv
1,68efbe4d5e41,2025-10-15T11:45:37.264834,shrek3,WHITE,45,True,a45d25883979,4.145530999721814,latency-68efbe4d5e41.csv
1,68efbe4d5e41,2025-10-15T11:45:37.373181,shrek,looks,37,True,a45d25883979,5.340719999821886,latency-68efbe4d5e41.csv
1,68efbe4d5e41,2025-10-15T11:45:37.483218,grail,Yeah,13,True,a45d25883979,4.807449000054476,latency-68efbe4d5e41.csv
1,68efbe4d5e41,2025-10-15T11:45:37.593001,grail,Butts,2,True,a45d25883979,6.711575999815977,latency-68efbe4d5e41.csv
2,68efbe4d5e41,2025-10-15T11:45:37.706343,shrek3,Hold,8,True,a45d25883979,5.74097399976381,latency-68efbe4d5e41.csv
2,68efbe4d5e41,2025-10-15T11:45:37.817286,shrek3,the,1285,True,a45d25883979,4.567763000068226,latency-68efbe4d5e41.csv
2,68efbe4d5e41,2025-10-15T11:45:37.926824,shrek3,and,576,True,a45d25883979,9.084815999813143,latency-68efbe4d5e41.csv
2,68efbe4d5e41,2025-10-15T11:45:38.042074,grail,seek,12,True,72ad01c69167,6.492810999588983,latency-68efbe4d5e41.csv
2,68efbe4d5e41,2025-10-15T11:45:38.154326,shrek3,Donkey,243,True,72ad01c69167,7.622451999850455,latency-68efbe4d5e41.csv
2,68efbe4d5e41,2025-10-15T11:45:38.268252,shrek,DONKEY,320,True,72ad01c69167,6.578332000117371,latency-68efbe4d5e41.csv
2,68efbe4d5e41,2025-10-15T11:45:38.381619,shrek3,the,1285,True,72ad01c69167,5.125545999817405,latency-68efbe4d5e41.csv
2,68efbe4d5e41,2025-10-15T11:45:38.492556,shrek,stairs,7,True,a45d25883979,8.902224999928876,latency-68efbe4d5e41.csv
2,68efbe4d5e41,2025-10-15T11:45:38.609035,grail,cross,13,True,72ad01c69167,6.115513000167994,latency-68efbe4d5e41.csv
2,68efbe4d5e41,2025-10-15T11:45:38.721449,grail,To,718,True,a45d25883979,12.909061999835105,latency-68efbe4d5e41.csv
2,68efbe4d5e41,2025-10-15T11:45:38.841948,shrek3,toward,14,True,a45d25883979,8.269770999959292,latency-68efbe4d5e41.csv
2,68efbe4d5e41,2025-10-15T11:45:38.957451,shrek,FARQUAAD,84,True,a45d25883979,7.519331999901624,latency-68efbe4d5e41.csv
2,68efbe4d5e41,2025-10-15T11:45:39.072368,grail,the,1600,True,a45d25883979,9.951627000191364,latency-68efbe4d5e41.csv
2,68efbe4d5e41,2025-10-15T11:45:39.193201,shrek3,ARTIE,213,True,a45d25883979,7.581062000099337,latency-68efbe4d5e41.csv
2,68efbe4d5e41,2025-10-15T11:45:39.308314,grail,lost,6,True,72ad01c69167,24.75659999981872,latency-68efbe4d5e41.csv
2,68efbe4d5e41,2025-10-15T11:45:39.465248,grail,rows,1,True,72ad01c69167,23.130954999942333,latency-68efbe4d5e41.csv
2,68efbe4d5e41,2025-10-15T11:45:39.623759,shrek3,WHITE,45,True,1de2274fea60,16.35469299981196,latency-68efbe4d5e41.csv
2,68efbe4d5e41,2025-10-15T11:45:39.762645,shrek,looks,37,True,a45d25883979,5.620335000003252,latency-68efbe4d5e41.csv
2,68efbe4d5e41,2025-10-15T11:45:39.880874,grail,Yeah,13,True,a45d25883979,4.6658030000799045,latency-68efbe4d5e41.csv
2,68efbe4d5e41,2025-10-15T11:45:39.991789,grail,Butts,2,True,a45d25883979,7.233235000057903,latency-68efbe4d5e41.csv
1,6a509eb7cfa6,2025-10-15T11:46:27.448115,shrek,Aah,6,True,a45d25883979,9.412382999926194,latency-6a509eb7cfa6.csv
1,6a509eb7cfa6,2025-10-15T11:46:27.568674,grail,king,136,True,a45d25883979,7.163477000176499,latency-6a509eb7cfa6.csv
1,6a509eb7cfa6,2025-10-15T11:46:27.683168,grail,pretty,7,True,a45d25883979,5.674114000157715,latency-6a509eb7cfa6.csv
1,6a509eb7cfa6,2025-10-15T11:46:27.802119,grail,Tm,5,True,a45d25883979,8.49924700014526,latency-6a509eb7cfa6.csv
1,6a509eb7cfa6,2025-10-15T11:46:27.922222,shrek3,"Bay""",0,True,a45d25883979,8.142962999954761,latency-6a509eb7cfa6.csv
1,6a509eb7cfa6,2025-10-15T11:46:28.041020,grail,seek,12,True,a45d25883979,8.29541600023731,latency-6a509eb7cfa6.csv
1,6a509eb7cfa6,2025-10-15T11:46:28.158930,shrek3,Im,1,True,a45d25883979,7.412621999719704,latency-6a509eb7cfa6.csv
1,6a509eb7cfa6,2025-10-15T11:46:28.276710,grail,to,718,True,a45d25883979,6.900434999806748,latency-6a509eb7cfa6.csv
1,6a509eb7cfa6,2025-10-15T11:46:28.390659,shrek3,glass,9,True,a45d25883979,6.886814000154118,latency-6a509eb7cfa6.csv
1,6a509eb7cfa6,2025-10-15T11:46:28.505512,shrek,Shrek,433,True,1de2274fea60,38.291131000278256,latency-6a509eb7cfa6.csv
1,6a509eb7cfa6,2025-10-15T11:46:28.671816,shrek,FARQUAAD,84,True,a45d25883979,8.271960000001854,latency-6a509eb7cfa6.csv
1,6a509eb7cfa6,2025-10-15T11:46:28.786967,shrek3,SHREK,678,True,72ad01c69167,7.420062000164762,latency-6a509eb7cfa6.csv
1,6a509eb7cfa6,2025-10-15T11:46:28.900917,shrek3,you,328,True,72ad01c69167,7.5363630003266735,latency-6a509eb7cfa6.csv
1,6a509eb7cfa6,2025-10-15T11:46:29.013900,grail,chops,3,True,72ad01c69167,9.69258900022396,latency-6a509eb7cfa6.csv
1,6a509eb7cfa6,2025-10-15T11:46:29.129707,grail,feel,11,True,72ad01c69167,7.671136000226397,latency-6a509eb7cfa6.csv
1,6a509eb7cfa6,2025-10-15T11:46:29.244126,shrek,DONKEY,320,True,72ad01c69167,7.75804499971855,latency-6a509eb7cfa6.csv
1,6a509eb7cfa6,2025-10-15T11:46:29.357890,shrek,tale,7,True,72ad01c69167,7.447204000072816,latency-6a509eb7cfa6.csv
1,6a509eb7cfa6,2025-10-15T11:46:29.470669,grail,pretty,7,True,72ad01c69167,11.034460000246328,latency-6a509eb7cfa6.csv
1,6a509eb7cfa6,2025-10-15T11:46:29.588269,grail,I,298,True,72ad01c69167,14.28612100016835,latency-6a509eb7cfa6.csv
1,6a509eb7cfa6,2025-10-15T11:46:29.716277,shrek,baby,3,True,1de2274fea60,5.330080000021553,latency-6a509eb7cfa6.csv
2,6a509eb7cfa6,2025-10-15T11:46:29.830192,shrek,Aah,6,True,1de2274fea60,8.815561999654165,latency-6a509eb7cfa6.csv
2,6a509eb7cfa6,2025-10-15T11:46:29.950893,grail,king,136,True,1de2274fea60,5.213785000250937,latency-6a509eb7cfa6.csv
2,6a509eb7cfa6,2025-10-15T11:46:30.063454,grail,pretty,7,True,1de2274fea60,7.296993000181828,latency-6a509eb7cfa6.csv
2,6a509eb7cfa6,2025-10-15T11:46:30.178814,grail,Tm,5,True,72ad01c69167,7.639097000264883,latency-6a509eb7cfa6.csv
2,6a509eb7cfa6,2025-10-15T11:46:30.291484,shrek3,"Bay""",0,True,72ad01c69167,6.801340000038181,latency-6a509eb7cfa6.csv
2,6a509eb7cfa6,2025-10-15T11:46:30.403658,grail,seek,12,True,72ad01c69167,6.205769000189321,latency-6a509eb7cfa6.csv
2,6a509eb7cfa6,2025-10-15T11:46:30.515849,shrek3,Im,1,True,72ad01c69167,6.500093999875389,latency-6a509eb7cfa6.csv
2,6a509eb7cfa6,2025-10-15T11:46:30.628448,grail,to,718,True,72ad01c69167,5.050120000305469,latency-6a509eb7cfa6.csv
2,6a509eb7cfa6,2025-10-15T11:46:30.738482,shrek3,glass,9,True,72ad01c69167,4.5395389997793245,latency-6a509eb7cfa6.csv
2,6a509eb7cfa6,2025-10-15T11:46:30.848625,shrek,Shrek,433,True,72ad01c69167,5.275944999993953,latency-6a509eb7cfa6.csv
2,6a509eb7cfa6,2025-10-15T11:46:30.958639,shrek,FARQUAAD,84,True,72ad01c69167,4.254980000041542,latency-6a509eb7cfa6.csv
2,6a509eb7cfa6,2025-10-15T11:46:31.068173,shrek3,SHREK,678,True,72ad01c69167,7.152752999900258,latency-6a509eb7cfa6.csv
2,6a509eb7cfa6,2025-10-15T11:46:31.182604,shrek3,you,328,True,72ad01c69167,6.961219999993773,latency-6a509eb7cfa6.csv
2,6a509eb7cfa6,2025-10-15T11:46:31.296026,grail,chops,3,True,72ad01c69167,4.910354000003281,latency-6a509eb7cfa6.csv
2,6a509eb7cfa6,2025-10-15T11:46:31.406052,grail,feel,11,True,72ad01c69167,4.844461000175215,latency-6a509eb7cfa6.csv
2,6a509eb7cfa6,2025-10-15T11:46:31.516253,shrek,DONKEY,320,True,a45d25883979,9.262331999707383,latency-6a509eb7cfa6.csv
2,6a509eb7cfa6,2025-10-15T11:46:31.631714,shrek,tale,7,True,1de2274fea60,10.768406000352115,latency-6a509eb7cfa6.csv
2,6a509eb7cfa6,2025-10-15T11:46:31.750045,grail,pretty,7,True,72ad01c69167,11.783323000145174,latency-6a509eb7cfa6.csv
2,6a509eb7cfa6,2025-10-15T11:46:31.868902,grail,I,298,True,1de2274fea60,11.653210000076797,latency-6a509eb7cfa6.csv
2,6a509eb7cfa6,2025-10-15T11:46:31.989436,shrek,baby,3,True,72ad01c69167,9.297540999796183,latency-6a509eb7cfa6.csv
1,6c5a6c0e6f80,2025-10-15T11:46:14.676748,shrek3,dat,1,True,a45d25883979,10.42007600017314,latency-6c5a6c0e6f80.csv
1,6c5a6c0e6f80,2025-10-15T11:46:14.805164,shrek,FIONA,211,True,72ad01c69167,13.22032300004139,latency-6c5a6c0e6f80.csv
1,6c5a6c0e6f80,2025-10-15T11:46:14.933454,shrek,DONKEY,320,True,a45d25883979,9.377832999689415,latency-6c5a6c0e6f80.csv
1,6c5a6c0e6f80,2025-10-15T11:46:15.050250,shrek3,SNOW,49,True,a45d25883979,21.632190000218543,latency-6c5a6c0e6f80.csv
1,6c5a6c0e6f80,2025-10-15T11:46:15.193012,shrek3,SHREK,678,True,a45d25883979,17.37260200025048,latency-6c5a6c0e6f80.csv
1,6c5a6c0e6f80,2025-10-15T11:46:15.337570,grail,ANOTHER,25,True,72ad01c69167,7.153092000407924,latency-6c5a6c0e6f80.csv
1,6c5a6c0e6f80,2025-10-15T11:46:15.455947,shrek3,2,8,True,72ad01c69167,13.238228999853163,latency-6c5a6c0e6f80.csv
1,6c5a6c0e6f80,2025-10-15T11:46:15.590189,shrek3,youre,0,True,72ad01c69167,26.63088700001026,latency-6c5a6c0e6f80.csv
1,6c5a6c0e6f80,2025-10-15T11:46:15.741398,grail,pathetic,4,True,72ad01c69167,14.560655999957817,latency-6c5a6c0e6f80.csv
1,6c5a6c0e6f80,2025-10-15T11:46:15.866447,shrek3,Ahh,8,True,72ad01c69167,24.185075999866967,latency-6c5a6c0e6f80.csv
1,6c5a6c0e6f80,2025-10-15T11:46:16.017704,shrek3,fall,6,True,a45d25883979,13.617076999707932,latency-6c5a6c0e6f80.csv
1,6c5a6c0e6f80,2025-10-15T11:46:16.145509,grail,right,66,True,a45d25883979,24.0175740000268,latency-6c5a6c0e6f80.csv
1,6c5a6c0e6f80,2025-10-15T11:46:16.305257,grail,music,21,True,72ad01c69167,16.672653000114224,latency-6c5a6c0e6f80.csv
1,6c5a6c0e6f80,2025-10-15T11:46:16.438749,grail,G,6,True,72ad01c69167,11.553914999694824,latency-6c5a6c0e6f80.csv
1,6c5a6c0e6f80,2025-10-15T11:46:16.564679,grail,us,32,True,a45d25883979,10.797866999837424,latency-6c5a6c0e6f80.csv
1,6c5a6c0e6f80,2025-10-15T11:46:16.691925,shrek3,showing,1,True,a45d25883979,12.937921999764512,latency-6c5a6c0e6f80.csv
1,6c5a6c0e6f80,2025-10-15T11:46:16.819387,shrek,afraid,8,True,a45d25883979,8.430121999936091,latency-6c5a6c0e6f80.csv
1,6c5a6c0e6f80,2025-10-15T11:46:16.936070,shrek,this,79,True,a45d25883979,7.947640000111278,latency-6c5a6c0e6f80.csv
1,6c5a6c0e6f80,2025-10-15T11:46:17.061838,shrek3,get,39,True,a45d25883979,6.291593999776524,latency-6c5a6c0e6f80.csv
1,6c5a6c0e6f80,2025-10-15T11:46:17.176889,shrek,don't,72,True,a45d25883979,6.545208000261482,latency-6c5a6c0e6f80.csv
2,6c5a6c0e6f80,2025-10-15T11:46:17.293414,shrek3,dat,1,True,a45d25883979,11.47285600018222,latency-6c5a6c0e6f80.csv
2,6c5a6c0e6f80,2025-10-15T11:46:17.414469,shrek,FIONA,211,True,a45d25883979,8.36368099999163,latency-6c5a6c0e6f80.csv
2,6c5a6c0e6f80,2025-10-15T11:46:17.539641,shrek,DONKEY,320,True,a45d25883979,9.243662000244512,latency-6c5a6c0e6f80.csv
2,6c5a6c0e6f80,2025-10-15T11:46:17.655910,shrek3,SNOW,49,True,a45d25883979,8.038728999963496,latency-6c5a6c0e6f80.csv
2,6c5a6c0e6f80,2025-10-15T11:46:17.770300,shrek3,SHREK,678,True,a45d25883979,12.78770099997928,latency-6c5a6c0e6f80.csv
2,6c5a6c0e6f80,2025-10-15T11:46:17.892679,grail,ANOTHER,25,True,a45d25883979,11.304097999982332,latency-6c5a6c0e6f80.csv
2,6c5a6c0e6f80,2025-10-15T11:46:18.021833,shrek3,2,8,True,a45d25883979,13.08659300002546,latency-6c5a6c0e6f80.csv
2,6c5a6c0e6f80,2025-10-15T11:46:18.144265,shrek3,youre,0,True,a45d25883979,10.402670999610564,latency-6c5a6c0e6f80.csv
2,6c5a6c0e6f80,2025-10-15T11:46:18.263827,grail,pathetic,4,True,a45d25883979,11.954310999954032,latency-6c5a6c0e6f80.csv
2,6c5a6c0e6f80,2025-10-15T11:46:18.387906,shrek3,Ahh,8,True,a45d25883979,8.148992999849725,latency-6c5a6c0e6f80.csv
2,6c5a6c0e6f80,2025-10-15T11:46:18.504429,shrek3,fall,6,True,a45d25883979,7.578281000405695,latency-6c5a6c0e6f80.csv
2,6c5a6c0e6f80,2025-10-15T11:46:18.623733,grail,right,66,True,72ad01c69167,9.764717999587448,latency-6c5a6c0e6f80.csv
2,6c5a6c0e6f80,2025-10-15T11:46:18.748659,grail,music,21,True,a45d25883979,19.572829000026104,latency-6c5a6c0e6f80.csv
2,6c5a6c0e6f80,2025-10-15T11:46:18.890519,grail,G,6,True,a45d25883979,6.723193999732757,latency-6c5a6c0e6f80.csv
2,6c5a6c0e6f80,2025-10-15T11:46:19.003045,grail,us,32,True,1de2274fea60,7.884873999955744,latency-6c5a6c0e6f80.csv
2,6c5a6c0e6f80,2025-10-15T11:46:19.122645,shrek3,showing,1,True,a45d25883979,11.770031000196468,latency-6c5a6c0e6f80.csv
2,6c5a6c0e6f80,2025-10-15T11:46:19.247691,shrek,afraid,8,True,a45d25883979,8.070204999967245,latency-6c5a6c0e6f80.csv
2,6c5a6c0e6f80,2025-10-15T11:46:19.363568,shrek,this,79,True,a45d25883979,7.91205199993783,latency-6c5a6c0e6f80.csv
2,6c5a6c0e6f80,2025-10-15T11:46:19.482153,shrek3,get,39,True,a45d25883979,10.849352000150247,latency-6c5a6c0e6f80.csv
2,6c5a6c0e6f80,2025-10-15T11:46:19.602782,shrek,don't,72,True,a45d25883979,10.929482999927131,latency-6c5a6c0e6f80.csv
1,6dcca2a2e933,2025-10-15T11:45:48.361524,shrek3,Artie,213,True,72ad01c69167,5.262457999833714,latency-6dcca2a2e933.csv
1,6dcca2a2e933,2025-10-15T11:45:48.475682,shrek,SHREK,433,True,72ad01c69167,9.7616210000524,latency-6dcca2a2e933.csv
1,6dcca2a2e933,2025-10-15T11:45:48.594872,shrek,INSIDE,16,True,a45d25883979,9.248187000139296,latency-6dcca2a2e933.csv
1,6dcca2a2e933,2025-10-15T11:45:48.713199,grail,Butts,2,True,72ad01c69167,6.484194999757165,latency-6dcca2a2e933.csv
1,6dcca2a2e933,2025-10-15T11:45:48.830109,shrek,FARQUAAD,84,True,72ad01c69167,12.066764999872248,latency-6dcca2a2e933.csv
1,6dcca2a2e933,2025-10-15T11:45:48.952761,shrek3,ruby,1,True,a45d25883979,4.92232700025852,latency-6dcca2a2e933.csv
1,6dcca2a2e933,2025-10-15T11:45:49.066027,shrek3,the,1285,True,a45d25883979,5.715319000046293,latency-6dcca2a2e933.csv
1,6dcca2a2e933,2025-10-15T11:45:49.178129,grail,Gallahad,44,True,72ad01c69167,9.546688000227732,latency-6dcca2a2e933.csv
1,6dcca2a2e933,2025-10-15T11:45:49.296671,grail,(as,0,True,a45d25883979,5.954374999873835,latency-6dcca2a2e933.csv
1,6dcca2a2e933,2025-10-15T11:45:49.411422,shrek,its,1,True,a45d25883979,5.927882999912981,latency-6dcca2a2e933.csv
1,6dcca2a2e933,2025-10-15T11:45:49.525199,shrek,afraid,8,True,a45d25883979,13.85911399984252,latency-6dcca2a2e933.csv
1,6dcca2a2e933,2025-10-15T11:45:49.659600,shrek,fair,2,True,a45d25883979,7.395593000182998,latency-6dcca2a2e933.csv
1,6dcca2a2e933,2025-10-15T11:45:49.778681,shrek3,body),0,True,a45d25883979,6.200658000125259,latency-6dcca2a2e933.csv
1,6dcca2a2e933,2025-10-15T11:45:49.891613,shrek,you,409,True,a45d25883979,7.980269000199769,latency-6dcca2a2e933.csv
1,6dcca2a2e933,2025-10-15T11:45:50.006270,shrek3,WOLF,7,True,a45d25883979,6.818966000082583,latency-6dcca2a2e933.csv
1,6dcca2a2e933,2025-10-15T11:45:50.119793,shrek3,Arg,1,True,a45d25883979,7.280313000137539,latency-6dcca2a2e933.csv
1,6dcca2a2e933,2025-10-15T11:45:50.235169,grail,feel,11,True,a45d25883979,8.868767999956617,latency-6dcca2a2e933.csv
1,6dcca2a2e933,2025-10-15T11:45:50.351438,grail,feel,11,True,a45d25883979,6.626812999911635,latency-6dcca2a2e933.csv
1,6dcca2a2e933,2025-10-15T11:45:50.464129,shrek3,of,275,True,a45d25883979,6.953053999950498,latency-6dcca2a2e933.csv
1,6dcca2a2e933,2025-10-15T11:45:50.577569,shrek3,Ahh,8,True,1de2274fea60,7.518236999658256,latency-6dcca2a2e933.csv
2,6dcca2a2e933,2025-10-15T11:45:50.691505,shrek3,Artie,213,True,a45d25883979,5.132626000431628,latency-6dcca2a2e933.csv
2,6dcca2a2e933,2025-10-15T11:45:50.802455,shrek,SHREK,433,True,1de2274fea60,6.907272999796987,latency-6dcca2a2e933.csv
2,6dcca2a2e933,2025-10-15T11:45:50.916383,shrek,INSIDE,16,True,72ad01c69167,11.02064099995914,latency-6dcca2a2e933.csv
2,6dcca2a2e933,2025-10-15T11:45:51.034899,grail,Butts,2,True,72ad01c69167,7.347884999944654,latency-6dcca2a2e933.csv
2,6dcca2a2e933,2025-10-15T11:45:51.148717,shrek,FARQUAAD,84,True,a45d25883979,9.04080400005114,latency-6dcca2a2e933.csv
2,6dcca2a2e933,2025-10-15T11:45:51.268992,shrek3,ruby,1,True,1de2274fea60,8.612114999777987,latency-6dcca2a2e933.csv
2,6dcca2a2e933,2025-10-15T11:45:51.390159,shrek3,the,1285,True,a45d25883979,9.448300999792991,latency-6dcca2a2e933.csv
2,6dcca2a2e933,2025-10-15T11:45:51.508784,grail,Gallahad,44,True,72ad01c69167,13.53984199977276,latency-6dcca2a2e933.csv
2,6dcca2a2e933,2025-10-15T11:45:51.633640,grail,(as,0,True,a45d25883979,8.937899000102334,latency-6dcca2a2e933.csv
2,6dcca2a2e933,2025-10-15T11:45:51.749418,shrek,its,1,True,a45d25883979,5.8020930000566295,latency-6dcca2a2e933.csv
2,6dcca2a2e933,2025-10-15T11:45:51.861693,shrek,afraid,8,True,72ad01c69167,11.008086000401818,latency-6dcca2a2e933.csv
2,6dcca2a2e933,2025-10-15T11:45:51.983593,shrek,fair,2,True,72ad01c69167,33.48020599969459,latency-6dcca2a2e933.csv
2,6dcca2a2e933,2025-10-15T11:45:52.160642,shrek3,body),0,True,1de2274fea60,8.27189699975861,latency-6dcca2a2e933.csv
2,6dcca2a2e933,2025-10-15T11:45:52.277809,shrek,you,409,True,a45d25883979,9.714059000089035,latency-6dcca2a2e933.csv
2,6dcca2a2e933,2025-10-15T11:45:52.393510,shrek3,WOLF,7,True,1de2274fea60,9.795087000384228,latency-6dcca2a2e933.csv
2,6dcca2a2e933,2025-10-15T11:45:52.520919,shrek3,Arg,1,True,1de2274fea60,12.261048999789637,latency-6dcca2a2e933.csv
2,6dcca2a2e933,2025-10-15T11:45:52.645094,grail,feel,11,True,a45d25883979,10.00078199967902,latency-6dcca2a2e933.csv
2,6dcca2a2e933,2025-10-15T11:45:52.766071,grail,feel,11,True,a45d25883979,10.654478000105884,latency-6dcca2a2e933.csv
2,6dcca2a2e933,2025-10-15T11:45:52.886921,shrek3,of,275,True,1de2274fea60,9.859280999990006,latency-6dcca2a2e933.csv
2,6dcca2a2e933,2025-10-15T11:45:53.006243,shrek3,Ahh,8,True,72ad01c69167,21.050719999948345,latency-6dcca2a2e933.csv
1,6e58df2a0b72,2025-10-15T11:45:21.718658,grail,"Peng,",0,True,a45d25883979,8.830302999740525,latency-6e58df2a0b72.csv
1,6e58df2a0b72,2025-10-15T11:45:21.834789,shrek3,MERLIN,73,True,a45d25883979,9.21284200012451,latency-6e58df2a0b72.csv
1,6e58df2a0b72,2025-10-15T11:45:21.951587,shrek,MAN,38,True,a45d25883979,6.143433000033838,latency-6e58df2a0b72.csv
1,6e58df2a0b72,2025-10-15T11:45:22.063561,shrek,way,26,True,a45d25883979,10.027010000158043,latency-6e58df2a0b72.csv
1,6e58df2a0b72,2025-10-15T11:45:22.183370,grail,pretty,7,True,a45d25883979,5.564952999975503,latency-6e58df2a0b72.csv
1,6e58df2a0b72,2025-10-15T11:45:22.294478,shrek,token,1,True,a45d25883979,7.606572999975469,latency-6e58df2a0b72.csv
1,6e58df2a0b72,2025-10-15T11:45:22.409853,grail,3,18,True,72ad01c69167,17.32782999988558,latency-6e58df2a0b72.csv
1,6e58df2a0b72,2025-10-15T11:45:22.535790,shrek3,cues,3,True,a45d25883979,6.166542999835656,latency-6e58df2a0b72.csv
1,6e58df2a0b72,2025-10-15T11:45:22.648703,shrek,Is,132,True,a45d25883979,7.207785999980842,latency-6e58df2a0b72.csv
1,6e58df2a0b72,2025-10-15T11:45:22.762977,shrek3,SHOUTING),0,True,a45d25883979,6.248591999792552,latency-6e58df2a0b72.csv
1,6e58df2a0b72,2025-10-15T11:45:22.875064,shrek,And,318,True,a45d25883979,6.861494000077073,latency-6e58df2a0b72.csv
1,6e58df2a0b72,2025-10-15T11:45:22.989442,shrek,old,10,True,a45d25883979,7.815508000021509,latency-6e58df2a0b72.csv
1,6e58df2a0b72,2025-10-15T11:45:23.106182,shrek,whole,10,True,a45d25883979,12.867558999914763,latency-6e58df2a0b72.csv
1,6e58df2a0b72,2025-10-15T11:45:23.227732,shrek,FARQUAAD,84,True,a45d25883979,10.322353999981717,latency-6e58df2a0b72.csv
1,6e58df2a0b72,2025-10-15T11:45:23.346746,shrek3,reason,2,True,a45d25883979,9.910097000101814,latency-6e58df2a0b72.csv
1,6e58df2a0b72,2025-10-15T11:45:23.465963,shrek,on,88,True,a45d25883979,20.28943799996341,latency-6e58df2a0b72.csv
1,6e58df2a0b72,2025-10-15T11:45:23.604371,shrek,the,535,True,72ad01c69167,7.114295000064885,latency-6e58df2a0b72.csv
1,6e58df2a0b72,2025-10-15T11:45:23.723393,shrek3,flaming,2,True,1de2274fea60,8.247848999872076,latency-6e58df2a0b72.csv
1,6e58df2a0b72,2025-10-15T11:45:23.847590,shrek3,them,44,True,a45d25883979,10.33193700004631,latency-6e58df2a0b72.csv
1,6e58df2a0b72,2025-10-15T11:45:23.966142,shrek,FIONA,211,True,a45d25883979,6.251692999740044,latency-6e58df2a0b72.csv
2,6e58df2a0b72,2025-10-15T11:45:24.082324,grail,"Peng,",0,True,a45d25883979,5.434287999833032,latency-6e58df2a0b72.csv
2,6e58df2a0b72,2025-10-15T11:45:24.196333,shrek3,MERLIN,73,True,a45d25883979,5.268741999771009,latency-6e58df2a0b72.csv
2,6e58df2a0b72,2025-10-15T11:45:24.307156,shrek,MAN,38,True,a45d25883979,4.91967800007842,latency-6e58df2a0b72.csv
2,6e58df2a0b72,2025-10-15T11:45:24.417743,shrek,way,26,True,a45d25883979,4.928334999931394,latency-6e58df2a0b72.csv
2,6e58df2a0b72,2025-10-15T11:45:24.527683,grail,pretty,7,True,a45d25883979,7.612053000229935,latency-6e58df2a0b72.csv
2,6e58df2a0b72,2025-10-15T11:45:24.642227,shrek,token,1,True,a45d25883979,11.395401999834576,latency-6e58df2a0b72.csv
2,6e58df2a0b72,2025-10-15T11:45:24.760529,grail,3,18,True,72ad01c69167,5.86194900006376,latency-6e58df2a0b72.csv
2,6e58df2a0b72,2025-10-15T11:45:24.872841,shrek3,cues,3,True,72ad01c69167,5.981286999940494,latency-6e58df2a0b72.csv
2,6e58df2a0b72,2025-10-15T11:45:24.986776,shrek,Is,132,True,72ad01c69167,6.588993000150367,latency-6e58df2a0b72.csv
2,6e58df2a0b72,2025-10-15T11:45:25.100956,shrek3,SHOUTING),0,True,72ad01c69167,8.599543999935122,latency-6e58df2a0b72.csv
2,6e58df2a0b72,2025-10-15T11:45:25.218335,shrek,And,318,True,72ad01c69167,9.855507000338548,latency-6e58df2a0b72.csv
2,6e58df2a0b72,2025-10-15T11:45:25.335074,shrek,old,10,True,72ad01c69167,9.608190000108152,latency-6e58df2a0b72.csv
2,6e58df2a0b72,2025-10-15T11:45:25.451403,shrek,whole,10,True,a45d25883979,8.957840999755717,latency-6e58df2a0b72.csv
2,6e58df2a0b72,2025-10-15T11:45:25.567375,shrek,FARQUAAD,84,True,a45d25883979,5.273419999866746,latency-6e58df2a0b72.csv
2,6e58df2a0b72,2025-10-15T11:45:25.678037,shrek3,reason,2,True,a45d25883979,7.410881999931007,latency-6e58df2a0b72.csv
2,6e58df2a0b72,2025-10-15T11:45:25.792653,shrek,on,88,True,a45d25883979,11.091455000041606,latency-6e58df2a0b72.csv
2,6e58df2a0b72,2025-10-15T11:45:25.915763,shrek,the,535,True,1de2274fea60,6.616705999931583,latency-6e58df2a0b72.csv
2,6e58df2a0b72,2025-10-15T11:45:26.029140,shrek3,flaming,2,True,1de2274fea60,6.45308399998612,latency-6e58df2a0b72.csv
2,6e58df2a0b72,2025-10-15T11:45:26.142005,shrek3,them,44,True,a45d25883979,4.711642000074789,latency-6e58df2a0b72.csv
2,6e58df2a0b72,2025-10-15T11:45:26.253548,shrek,FIONA,211,True,a45d25883979,6.131433000064135,latency-6e58df2a0b72.csv
1,6ec65ad318fb,2025-10-15T11:46:14.078064,shrek3,WHITE,45,True,a45d25883979,13.313825999830442,latency-6ec65ad318fb.csv
1,6ec65ad318fb,2025-10-15T11:46:14.206178,shrek,SHREK,433,True,72ad01c69167,10.989320000135194,latency-6ec65ad318fb.csv
1,6ec65ad318fb,2025-10-15T11:46:14.325445,shrek,your,49,True,a45d25883979,10.097771999880932,latency-6ec65ad318fb.csv
1,6ec65ad318fb,2025-10-15T11:46:14.446908,grail,to,718,True,a45d25883979,6.865000999823678,latency-6ec65ad318fb.csv
1,6ec65ad318fb,2025-10-15T11:46:14.561092,shrek3,TO,511,True,a45d25883979,7.810123000126623,latency-6ec65ad318fb.csv
1,6ec65ad318fb,2025-10-15T11:46:14.676677,grail,right,66,True,a45d25883979,9.609079000256315,latency-6ec65ad318fb.csv
1,6ec65ad318fb,2025-10-15T11:46:14.802825,grail,are,114,True,a45d25883979,13.091072999941389,latency-6ec65ad318fb.csv
1,6ec65ad318fb,2025-10-15T11:46:14.934997,grail,Boom,4,True,a45d25883979,8.281276000161597,latency-6ec65ad318fb.csv
1,6ec65ad318fb,2025-10-15T11:46:15.052725,shrek,you,409,True,a45d25883979,17.299008999998478,latency-6ec65ad318fb.csv
1,6ec65ad318fb,2025-10-15T11:46:15.193476,shrek3,its,1,True,a45d25883979,23.00908300003357,latency-6ec65ad318fb.csv
1,6ec65ad318fb,2025-10-15T11:46:15.348247,shrek,baby,3,True,a45d25883979,8.95696899988252,latency-6ec65ad318fb.csv
1,6ec65ad318fb,2025-10-15T11:46:15.469898,shrek,and,318,True,a45d25883979,12.09308100033013,latency-6ec65ad318fb.csv
1,6ec65ad318fb,2025-10-15T11:46:15.606863,grail,are,114,True,1de2274fea60,21.194160000050037,latency-6ec65ad318fb.csv
1,6ec65ad318fb,2025-10-15T11:46:15.745550,shrek,this,79,True,a45d25883979,8.847841000260814,latency-6ec65ad318fb.csv
1,6ec65ad318fb,2025-10-15T11:46:15.865685,shrek,rising,1,True,72ad01c69167,23.65963600004761,latency-6ec65ad318fb.csv
1,6ec65ad318fb,2025-10-15T11:46:16.015887,shrek3,Whoa,7,True,a45d25883979,11.047243000120943,latency-6ec65ad318fb.csv
1,6ec65ad318fb,2025-10-15T11:46:16.148441,shrek3,"Bay""",0,True,a45d25883979,33.61043599988989,latency-6ec65ad318fb.csv
1,6ec65ad318fb,2025-10-15T11:46:16.304466,grail,Tm,5,True,72ad01c69167,15.153480999742897,latency-6ec65ad318fb.csv
1,6ec65ad318fb,2025-10-15T11:46:16.438936,grail,music,21,True,72ad01c69167,12.09349199962162,latency-6ec65ad318fb.csv
1,6ec65ad318fb,2025-10-15T11:46:16.566237,grail,Butts,2,True,a45d25883979,10.494125000150234,latency-6ec65ad318fb.csv
2,6ec65ad318fb,2025-10-15T11:46:16.693653,shrek3,WHITE,45,True,a45d25883979,16.946692000146868,latency-6ec65ad318fb.csv
2,6ec65ad318fb,2025-10-15T11:46:16.823459,shrek,SHREK,433,True,72ad01c69167,9.182818000226687,latency-6ec65ad318fb.csv
2,6ec65ad318fb,2025-10-15T11:46:16.940679,shrek,your,49,True,1de2274fea60,10.403773999769328,latency-6ec65ad318fb.csv
2,6ec65ad318fb,2025-10-15T11:46:17.066087,grail,to,718,True,1de2274fea60,6.579639999927167,latency-6ec65ad318fb.csv
2,6ec65ad318fb,2025-10-15T11:46:17.184721,shrek3,TO,511,True,1de2274fea60,9.049372999925254,latency-6ec65ad318fb.csv
2,6ec65ad318fb,2025-10-15T11:46:17.301074,grail,right,66,True,72ad01c69167,11.069264000070689,latency-6ec65ad318fb.csv
2,6ec65ad318fb,2025-10-15T11:46:17.426038,grail,are,114,True,1de2274fea60,14.887579000060214,latency-6ec65ad318fb.csv
2,6ec65ad318fb,2025-10-15T11:46:17.571309,grail,Boom,4,True,a45d25883979,9.470554000017728,latency-6ec65ad318fb.csv
2,6ec65ad318fb,2025-10-15T11:46:17.692384,shrek,you,409,True,a45d25883979,8.397477000016806,latency-6ec65ad318fb.csv
2,6ec65ad318fb,2025-10-15T11:46:17.809310,shrek3,its,1,True,a45d25883979,11.276820000148293,latency-6ec65ad318fb.csv
2,6ec65ad318fb,2025-10-15T11:46:17.929130,shrek,baby,3,True,a45d25883979,10.8513509999284,latency-6ec65ad318fb.csv
2,6ec65ad318fb,2025-10-15T11:46:18.051710,shrek,and,318,True,a45d25883979,6.744465999872773,latency-6ec65ad318fb.csv
2,6ec65ad318fb,2025-10-15T11:46:18.170195,grail,are,114,True,a45d25883979,10.407168999790883,latency-6ec65ad318fb.csv
2,6ec65ad318fb,2025-10-15T11:46:18.289792,shrek,this,79,True,a45d25883979,15.52800199988269,latency-6ec65ad318fb.csv
2,6ec65ad318fb,2025-10-15T11:46:18.422613,shrek,rising,1,True,a45d25883979,8.256251999682718,latency-6ec65ad318fb.csv
2,6ec65ad318fb,2025-10-15T11:46:18.539587,shrek3,Whoa,7,True,a45d25883979,12.00168700006543,latency-6ec65ad318fb.csv
2,6ec65ad318fb,2025-10-15T11:46:18.664372,shrek3,"Bay""",0,True,72ad01c69167,16.62169900009758,latency-6ec65ad318fb.csv
2,6ec65ad318fb,2025-10-15T11:46:18.812722,grail,Tm,5,True,a45d25883979,14.995608999925023,latency-6ec65ad318fb.csv
2,6ec65ad318fb,2025-10-15T11:46:18.950965,grail,music,21,True,a45d25883979,11.410350000005565,latency-6ec65ad318fb.csv
2,6ec65ad318fb,2025-10-15T11:46:19.079452,grail,Butts,2,True,a45d25883979,8.596119999765506,latency-6ec65ad318fb.csv
1,718d98369668,2025-10-15T11:45:29.658720,shrek3,through,43,True,72ad01c69167,9.782941999674222,latency-718d98369668.csv
1,718d98369668,2025-10-15T11:45:29.776068,shrek3,and,576,True,a45d25883979,7.059787000343931,latency-718d98369668.csv
1,718d98369668,2025-10-15T11:45:29.889893,shrek,HOOD,13,True,a45d25883979,9.874631999991834,latency-718d98369668.csv
1,718d98369668,2025-10-15T11:45:30.006721,shrek,SHREK,433,True,a45d25883979,10.530201000165109,latency-718d98369668.csv
1,718d98369668,2025-10-15T11:45:30.130712,shrek3,boomerang,1,True,72ad01c69167,8.27054199999111,latency-718d98369668.csv
1,718d98369668,2025-10-15T11:45:30.244565,shrek,your,49,True,72ad01c69167,6.919194999682077,latency-718d98369668.csv
1,718d98369668,2025-10-15T11:45:30.358314,shrek3,WHITE,45,True,a45d25883979,7.013272000222059,latency-718d98369668.csv
1,718d98369668,2025-10-15T11:45:30.472469,shrek3,them,44,True,a45d25883979,7.590700000037032,latency-718d98369668.csv
1,718d98369668,2025-10-15T11:45:30.586123,shrek,Is,132,True,a45d25883979,8.330464000209759,latency-718d98369668.csv
1,718d98369668,2025-10-15T11:45:30.700874,shrek3,time,23,True,a45d25883979,6.105230999764899,latency-718d98369668.csv
1,718d98369668,2025-10-15T11:45:30.813342,shrek,rising,1,True,a45d25883979,6.868767000014486,latency-718d98369668.csv
1,718d98369668,2025-10-15T11:45:30.926456,shrek,your,49,True,a45d25883979,5.724566000026243,latency-718d98369668.csv
1,718d98369668,2025-10-15T11:45:31.038211,shrek,whole,10,True,a45d25883979,7.567073000245728,latency-718d98369668.csv
1,718d98369668,2025-10-15T11:45:31.152884,grail,is,317,True,a45d25883979,5.784589000086271,latency-718d98369668.csv
1,718d98369668,2025-10-15T11:45:31.269236,grail,Butts,2,True,a45d25883979,4.954754000209505,latency-718d98369668.csv
1,718d98369668,2025-10-15T11:45:31.379167,grail,them,41,True,72ad01c69167,6.031512999925326,latency-718d98369668.csv
1,718d98369668,2025-10-15T11:45:31.491397,shrek,HOOD,13,True,72ad01c69167,5.593210999904841,latency-718d98369668.csv
1,718d98369668,2025-10-15T11:45:31.603300,grail,the,1600,True,72ad01c69167,6.768380999801593,latency-718d98369668.csv
1,718d98369668,2025-10-15T11:45:31.718538,grail,elected,2,True,72ad01c69167,6.060163999791257,latency-718d98369668.csv
1,718d98369668,2025-10-15T11:45:31.831351,shrek3,of,275,True,72ad01c69167,5.667385999913677,latency-718d98369668.csv
2,718d98369668,2025-10-15T11:45:31.942773,shrek3,through,43,True,72ad01c69167,7.9358009998031775,latency-718d98369668.csv
2,718d98369668,2025-10-15T11:45:32.057294,shrek3,and,576,True,72ad01c69167,6.046037000032811,latency-718d98369668.csv
2,718d98369668,2025-10-15T11:45:32.169471,shrek,HOOD,13,True,72ad01c69167,4.710449999947741,latency-718d98369668.csv
2,718d98369668,2025-10-15T11:45:32.278775,shrek,SHREK,433,True,72ad01c69167,5.163582000022871,latency-718d98369668.csv
2,718d98369668,2025-10-15T11:45:32.389284,shrek3,boomerang,1,True,72ad01c69167,7.009551000010106,latency-718d98369668.csv
2,718d98369668,2025-10-15T11:45:32.502529,shrek,your,49,True,72ad01c69167,4.959698999755346,latency-718d98369668.csv
2,718d98369668,2025-10-15T11:45:32.612420,shrek3,WHITE,45,True,72ad01c69167,4.460753999865119,latency-718d98369668.csv
2,718d98369668,2025-10-15T11:45:32.722026,shrek3,them,44,True,72ad01c69167,6.248364999919431,latency-718d98369668.csv
2,718d98369668,2025-10-15T11:45:32.833935,shrek,Is,132,True,72ad01c69167,5.68894200023351,latency-718d98369668.csv
2,718d98369668,2025-10-15T11:45:32.945454,shrek3,time,23,True,a45d25883979,6.095793999975285,latency-718d98369668.csv
2,718d98369668,2025-10-15T11:45:33.058415,shrek,rising,1,True,a45d25883979,6.021459999828949,latency-718d98369668.csv
2,718d98369668,2025-10-15T11:45:33.170417,shrek,your,49,True,a45d25883979,6.140172999948845,latency-718d98369668.csv
2,718d98369668,2025-10-15T11:45:33.282919,shrek,whole,10,True,a45d25883979,5.300285999965126,latency-718d98369668.csv
2,718d98369668,2025-10-15T11:45:33.392920,grail,is,317,True,a45d25883979,7.094977000178915,latency-718d98369668.csv
2,718d98369668,2025-10-15T11:45:33.508112,grail,Butts,2,True,a45d25883979,6.615504999899713,latency-718d98369668.csv
2,718d98369668,2025-10-15T11:45:33.621987,grail,them,41,True,a45d25883979,8.3603870002662,latency-718d98369668.csv
2,718d98369668,2025-10-15T11:45:33.738683,shrek,HOOD,13,True,a45d25883979,7.357335000051535,latency-718d98369668.csv
2,718d98369668,2025-10-15T11:45:33.852760,grail,the,1600,True,a45d25883979,7.34791300010329,latency-718d98369668.csv
2,718d98369668,2025-10-15T11:45:33.967079,grail,elected,2,True,a45d25883979,8.304999999836582,latency-718d98369668.csv
2,718d98369668,2025-10-15T11:45:34.088449,shrek3,of,275,True,72ad01c69167,7.381819999864092,latency-718d98369668.csv
1,73079805f7e0,2025-10-15T11:46:05.632256,shrek,after,10,True,a45d25883979,9.00119400012045,latency-73079805f7e0.csv
1,73079805f7e0,2025-10-15T11:46:05.750890,shrek3,Be,71,True,a45d25883979,10.226164999949106,latency-73079805f7e0.csv
1,73079805f7e0,2025-10-15T11:46:05.870190,shrek,DONKEY,320,True,a45d25883979,6.47939899999983,latency-73079805f7e0.csv
1,73079805f7e0,2025-10-15T11:46:05.984104,grail,"collective,",0,True,a45d25883979,11.551449999842587,latency-73079805f7e0.csv
1,73079805f7e0,2025-10-15T11:46:06.112295,shrek,don't,72,True,a45d25883979,6.417948000034812,latency-73079805f7e0.csv
1,73079805f7e0,2025-10-15T11:46:06.225025,grail,THREE-HEADED,8,True,a45d25883979,6.738606999988406,latency-73079805f7e0.csv
1,73079805f7e0,2025-10-15T11:46:06.343105,shrek3,PRINCE,207,True,a45d25883979,8.390556999984256,latency-73079805f7e0.csv
1,73079805f7e0,2025-10-15T11:46:06.468424,grail,time,33,True,a45d25883979,9.634698999889224,latency-73079805f7e0.csv
1,73079805f7e0,2025-10-15T11:46:06.584582,shrek,afraid,8,True,a45d25883979,9.245255999758228,latency-73079805f7e0.csv
1,73079805f7e0,2025-10-15T11:46:06.705158,shrek,rising,1,True,a45d25883979,6.121735999840894,latency-73079805f7e0.csv
1,73079805f7e0,2025-10-15T11:46:06.818236,shrek3,MERLIN,73,True,a45d25883979,9.375580999858355,latency-73079805f7e0.csv
1,73079805f7e0,2025-10-15T11:46:06.936716,shrek,Is,132,True,a45d25883979,9.1819320000468,latency-73079805f7e0.csv
1,73079805f7e0,2025-10-15T11:46:07.053086,shrek,one,44,True,a45d25883979,6.998602999829018,latency-73079805f7e0.csv
1,73079805f7e0,2025-10-15T11:46:07.166980,grail,pause,10,True,a45d25883979,10.085676000016974,latency-73079805f7e0.csv
1,73079805f7e0,2025-10-15T11:46:07.284675,grail,of,684,True,a45d25883979,10.783970999909798,latency-73079805f7e0.csv
1,73079805f7e0,2025-10-15T11:46:07.404390,grail,dancing,10,True,a45d25883979,7.328930000312539,latency-73079805f7e0.csv
1,73079805f7e0,2025-10-15T11:46:07.519500,shrek3,SHREK,678,True,a45d25883979,7.795364999765297,latency-73079805f7e0.csv
1,73079805f7e0,2025-10-15T11:46:07.633585,shrek,number,8,True,a45d25883979,7.160326999837707,latency-73079805f7e0.csv
1,73079805f7e0,2025-10-15T11:46:07.747745,shrek,one,44,True,a45d25883979,8.217195000270294,latency-73079805f7e0.csv
1,73079805f7e0,2025-10-15T11:46:07.864262,shrek,gone,3,True,72ad01c69167,6.434796000121423,latency-73079805f7e0.csv
2,73079805f7e0,2025-10-15T11:46:07.978092,shrek,after,10,True,72ad01c69167,7.576728999993065,latency-73079805f7e0.csv
2,73079805f7e0,2025-10-15T11:46:08.093035,shrek3,Be,71,True,72ad01c69167,14.6748000001935,latency-73079805f7e0.csv
2,73079805f7e0,2025-10-15T11:46:08.215756,shrek,DONKEY,320,True,a45d25883979,5.848984999829554,latency-73079805f7e0.csv
2,73079805f7e0,2025-10-15T11:46:08.327123,grail,"collective,",0,True,a45d25883979,7.389079000404308,latency-73079805f7e0.csv
2,73079805f7e0,2025-10-15T11:46:08.444508,shrek,don't,72,True,a45d25883979,12.719089000256645,latency-73079805f7e0.csv
2,73079805f7e0,2025-10-15T11:46:08.567354,grail,THREE-HEADED,8,True,a45d25883979,11.2169349999931,latency-73079805f7e0.csv
2,73079805f7e0,2025-10-15T11:46:08.690216,shrek3,PRINCE,207,True,72ad01c69167,7.920818000002328,latency-73079805f7e0.csv
2,73079805f7e0,2025-10-15T11:46:08.806402,grail,time,33,True,72ad01c69167,12.545519000013885,latency-73079805f7e0.csv
2,73079805f7e0,2025-10-15T11:46:08.925604,shrek,afraid,8,True,a45d25883979,12.946420999924158,latency-73079805f7e0.csv
2,73079805f7e0,2025-10-15T11:46:09.046973,shrek,rising,1,True,a45d25883979,13.664453999808757,latency-73079805f7e0.csv
2,73079805f7e0,2025-10-15T11:46:09.175420,shrek3,MERLIN,73,True,72ad01c69167,7.112484000117547,latency-73079805f7e0.csv
2,73079805f7e0,2025-10-15T11:46:09.292444,shrek,Is,132,True,a45d25883979,8.983096000065416,latency-73079805f7e0.csv
2,73079805f7e0,2025-10-15T11:46:09.416141,shrek,one,44,True,a45d25883979,13.314116999936232,latency-73079805f7e0.csv
2,73079805f7e0,2025-10-15T11:46:09.546901,grail,pause,10,True,72ad01c69167,11.292782000055013,latency-73079805f7e0.csv
2,73079805f7e0,2025-10-15T11:46:09.670651,grail,of,684,True,72ad01c69167,9.24557200005438,latency-73079805f7e0.csv
2,73079805f7e0,2025-10-15T11:46:09.793502,grail,dancing,10,True,a45d25883979,8.704082999884122,latency-73079805f7e0.csv
2,73079805f7e0,2025-10-15T11:46:09.913507,shrek3,SHREK,678,True,a45d25883979,7.549148999714816,latency-73079805f7e0.csv
2,73079805f7e0,2025-10-15T11:46:10.035503,shrek,number,8,True,a45d25883979,6.62950500009174,latency-73079805f7e0.csv
2,73079805f7e0,2025-10-15T11:46:10.151344,shrek,one,44,True,a45d25883979,7.116682999821933,latency-73079805f7e0.csv
2,73079805f7e0,2025-10-15T11:46:10.264764,shrek,gone,3,True,a45d25883979,5.818596999688452,latency-73079805f7e0.csv
1,735107727b35,2025-10-15T11:46:21.335647,grail,about,49,True,a45d25883979,7.186897999872599,latency-735107727b35.csv
1,735107727b35,2025-10-15T11:46:21.452150,shrek3,you,328,True,a45d25883979,9.523292000267247,latency-735107727b35.csv
1,735107727b35,2025-10-15T11:46:21.578094,grail,and,722,True,a45d25883979,26.01077999997869,latency-735107727b35.csv
1,735107727b35,2025-10-15T11:46:21.715507,shrek3,and,576,True,72ad01c69167,8.21808900036558,latency-735107727b35.csv
1,735107727b35,2025-10-15T11:46:21.847796,shrek3,Donkey,243,True,a45d25883979,19.81929499970647,latency-735107727b35.csv
1,735107727b35,2025-10-15T11:46:21.982731,shrek3,PRINCE,207,True,a45d25883979,9.750826000072266,latency-735107727b35.csv
1,735107727b35,2025-10-15T11:46:22.100453,shrek,SHREK,433,True,a45d25883979,18.07200700022804,latency-735107727b35.csv
1,735107727b35,2025-10-15T11:46:22.242444,shrek,the,535,True,72ad01c69167,8.150167999701807,latency-735107727b35.csv
1,735107727b35,2025-10-15T11:46:22.359710,shrek,one,44,True,1de2274fea60,13.70325200014122,latency-735107727b35.csv
1,735107727b35,2025-10-15T11:46:22.490257,shrek3,reason,2,True,1de2274fea60,7.474343000012595,latency-735107727b35.csv
1,735107727b35,2025-10-15T11:46:22.606065,shrek3,you,328,True,72ad01c69167,10.255950000100713,latency-735107727b35.csv
1,735107727b35,2025-10-15T11:46:22.725146,shrek,SHREK,433,True,72ad01c69167,9.691567000118084,latency-735107727b35.csv
1,735107727b35,2025-10-15T11:46:22.847316,shrek3,reason,2,True,72ad01c69167,18.13595699968573,latency-735107727b35.csv
1,735107727b35,2025-10-15T11:46:22.979586,grail,Get,47,True,72ad01c69167,8.454308000182209,latency-735107727b35.csv
1,735107727b35,2025-10-15T11:46:23.100643,shrek,fair,2,True,1de2274fea60,10.430343999814797,latency-735107727b35.csv
1,735107727b35,2025-10-15T11:46:23.222003,shrek,I,386,True,a45d25883979,11.072072999922966,latency-735107727b35.csv
1,735107727b35,2025-10-15T11:46:23.343846,shrek3,WHITE,45,True,1de2274fea60,5.600116000096023,latency-735107727b35.csv
1,735107727b35,2025-10-15T11:46:23.456099,grail,GALAHAD,87,True,1de2274fea60,8.617444999799773,latency-735107727b35.csv
1,735107727b35,2025-10-15T11:46:23.573457,grail,the,1600,True,72ad01c69167,20.38029799996366,latency-735107727b35.csv
1,735107727b35,2025-10-15T11:46:23.771963,shrek3,an,51,True,a45d25883979,81.81491400000596,latency-735107727b35.csv
2,735107727b35,2025-10-15T11:46:23.990175,grail,about,49,True,a45d25883979,9.344607000002725,latency-735107727b35.csv
2,735107727b35,2025-10-15T11:46:24.114436,shrek3,you,328,True,a45d25883979,24.59675199997946,latency-735107727b35.csv
2,735107727b35,2025-10-15T11:46:24.260982,grail,and,722,True,a45d25883979,8.5264740000639,latency-735107727b35.csv
2,735107727b35,2025-10-15T11:46:24.378575,shrek3,and,576,True,a45d25883979,10.097888000018427,latency-735107727b35.csv
2,735107727b35,2025-10-15T11:46:24.498004,shrek3,Donkey,243,True,a45d25883979,13.228432999767392,latency-735107727b35.csv
2,735107727b35,2025-10-15T11:46:24.627495,shrek3,PRINCE,207,True,a45d25883979,8.676270000250952,latency-735107727b35.csv
2,735107727b35,2025-10-15T11:46:24.743934,shrek,SHREK,433,True,a45d25883979,6.956435999654786,latency-735107727b35.csv
2,735107727b35,2025-10-15T11:46:24.858384,shrek,the,535,True,a45d25883979,4.607864999798039,latency-735107727b35.csv
2,735107727b35,2025-10-15T11:46:24.967785,shrek,one,44,True,a45d25883979,4.487310000058642,latency-735107727b35.csv
2,735107727b35,2025-10-15T11:46:25.077313,shrek3,reason,2,True,a45d25883979,6.464997999955813,latency-735107727b35.csv
2,735107727b35,2025-10-15T11:46:25.192024,shrek3,you,328,True,72ad01c69167,10.607112999878154,latency-735107727b35.csv
2,735107727b35,2025-10-15T11:46:25.315079,shrek,SHREK,433,True,a45d25883979,18.635318000178813,latency-735107727b35.csv
2,735107727b35,2025-10-15T11:46:25.460831,shrek3,reason,2,True,a45d25883979,4.629988000033336,latency-735107727b35.csv
2,735107727b35,2025-10-15T11:46:25.570446,grail,Get,47,True,a45d25883979,5.331062999630376,latency-735107727b35.csv
2,735107727b35,2025-10-15T11:46:25.682095,shrek,fair,2,True,a45d25883979,5.990510000174254,latency-735107727b35.csv
2,735107727b35,2025-10-15T11:46:25.794959,shrek,I,386,True,a45d25883979,6.345708000026207,latency-735107727b35.csv
2,735107727b35,2025-10-15T11:46:25.908327,shrek3,WHITE,45,True,a45d25883979,4.428522000125668,latency-735107727b35.csv
2,735107727b35,2025-10-15T11:46:26.018990,grail,GALAHAD,87,True,a45d25883979,5.630220000057307,latency-735107727b35.csv
2,735107727b35,2025-10-15T11:46:26.130345,grail,the,1600,True,a45d25883979,7.396481000341737,latency-735107727b35.csv
2,735107727b35,2025-10-15T11:46:26.245063,shrek3,an,51,True,a45d25883979,4.820940000172413,latency-735107727b35.csv
1,73899cf414ed,2025-10-15T11:45:04.589561,shrek3,Gingerbread,37,True,a45d25883979,5.888534000405343,latency-73899cf414ed.csv
1,73899cf414ed,2025-10-15T11:45:04.701644,shrek,at,62,True,a45d25883979,6.219502000021748,latency-73899cf414ed.csv
1,73899cf414ed,2025-10-15T11:45:04.813296,shrek3,them,44,True,1de2274fea60,10.737904000052367,latency-73899cf414ed.csv
1,73899cf414ed,2025-10-15T11:45:04.941861,shrek,But,73,True,a45d25883979,21.58779499995944,latency-73899cf414ed.csv
1,73899cf414ed,2025-10-15T11:45:05.085975,shrek3,CAPTAIN,41,True,a45d25883979,11.117552000087016,latency-73899cf414ed.csv
1,73899cf414ed,2025-10-15T11:45:05.206850,shrek,and,318,True,72ad01c69167,8.123576999878424,latency-73899cf414ed.csv
1,73899cf414ed,2025-10-15T11:45:05.323522,shrek3,WHITE,45,True,a45d25883979,17.683146999843302,latency-73899cf414ed.csv
1,73899cf414ed,2025-10-15T11:45:05.451317,grail,with/,0,False,72ad01c69167,21.971241000301237,latency-73899cf414ed.csv
1,73899cf414ed,2025-10-15T11:45:05.585884,shrek3,still,18,True,1de2274fea60,8.59561000015674,latency-73899cf414ed.csv
1,73899cf414ed,2025-10-15T11:45:05.700155,shrek3,WHITE,45,True,1de2274fea60,7.107166999958281,latency-73899cf414ed.csv
1,73899cf414ed,2025-10-15T11:45:05.812993,shrek3,ARTIE,213,True,1de2274fea60,9.08088299956944,latency-73899cf414ed.csv
1,73899cf414ed,2025-10-15T11:45:05.928784,shrek3,DWARF,10,True,1de2274fea60,8.072057999925164,latency-73899cf414ed.csv
1,73899cf414ed,2025-10-15T11:45:06.043391,shrek3,"meet""",0,True,1de2274fea60,7.282312999905116,latency-73899cf414ed.csv
1,73899cf414ed,2025-10-15T11:45:06.155828,shrek,CROWD,5,True,1de2274fea60,6.356132999826514,latency-73899cf414ed.csv
1,73899cf414ed,2025-10-15T11:45:06.267330,shrek,way,26,True,72ad01c69167,10.510717000215664,latency-73899cf414ed.csv
1,73899cf414ed,2025-10-15T11:45:06.387957,grail,toward,10,True,72ad01c69167,8.715579000181606,latency-73899cf414ed.csv
1,73899cf414ed,2025-10-15T11:45:06.504157,shrek3,-,110,True,72ad01c69167,11.862704000122903,latency-73899cf414ed.csv
1,73899cf414ed,2025-10-15T11:45:06.623556,shrek,its,1,True,a45d25883979,9.260056000130136,latency-73899cf414ed.csv
1,73899cf414ed,2025-10-15T11:45:06.740997,grail,it,279,False,a45d25883979,20.94145399996705,latency-73899cf414ed.csv
1,73899cf414ed,2025-10-15T11:45:06.875100,shrek,its,1,True,a45d25883979,10.351157000059176,latency-73899cf414ed.csv
2,73899cf414ed,2025-10-15T11:45:06.999083,shrek3,Gingerbread,37,True,a45d25883979,15.99536599997009,latency-73899cf414ed.csv
2,73899cf414ed,2025-10-15T11:45:07.141317,shrek,at,62,True,72ad01c69167,10.11410099999921,latency-73899cf414ed.csv
2,73899cf414ed,2025-10-15T11:45:07.261610,shrek3,them,44,True,72ad01c69167,15.118200999950204,latency-73899cf414ed.csv
2,73899cf414ed,2025-10-15T11:45:07.397304,shrek,But,73,True,a45d25883979,10.44475400021838,latency-73899cf414ed.csv
2,73899cf414ed,2025-10-15T11:45:07.517620,shrek3,CAPTAIN,41,True,a45d25883979,10.433050999836269,latency-73899cf414ed.csv
2,73899cf414ed,2025-10-15T11:45:07.638218,shrek,and,318,True,72ad01c69167,11.5184340002088,latency-73899cf414ed.csv
2,73899cf414ed,2025-10-15T11:45:07.764390,shrek3,WHITE,45,True,a45d25883979,14.84111399986432,latency-73899cf414ed.csv
2,73899cf414ed,2025-10-15T11:45:07.890804,grail,with/,0,True,a45d25883979,8.039770000323188,latency-73899cf414ed.csv
2,73899cf414ed,2025-10-15T11:45:08.007068,shrek3,still,18,True,a45d25883979,10.280609999881564,latency-73899cf414ed.csv
2,73899cf414ed,2025-10-15T11:45:08.135992,shrek3,WHITE,45,True,a45d25883979,14.707653999721517,latency-73899cf414ed.csv
2,73899cf414ed,2025-10-15T11:45:08.261109,shrek3,ARTIE,213,True,a45d25883979,12.12593599984757,latency-73899cf414ed.csv
2,73899cf414ed,2025-10-15T11:45:08.386648,shrek3,DWARF,10,True,a45d25883979,8.924105000005511,latency-73899cf414ed.csv
2,73899cf414ed,2025-10-15T11:45:08.507610,shrek3,"meet""",0,True,72ad01c69167,4.818724999950064,latency-73899cf414ed.csv
2,73899cf414ed,2025-10-15T11:45:08.618971,shrek,CROWD,5,True,a45d25883979,4.941143999985798,latency-73899cf414ed.csv
2,73899cf414ed,2025-10-15T11:45:08.729850,shrek,way,26,True,a45d25883979,6.1275329999261885,latency-73899cf414ed.csv
2,73899cf414ed,2025-10-15T11:45:08.843553,grail,toward,10,True,a45d25883979,6.158744000003935,latency-73899cf414ed.csv
2,73899cf414ed,2025-10-15T11:45:08.955617,shrek3,-,110,True,a45d25883979,5.311487000199122,latency-73899cf414ed.csv
2,73899cf414ed,2025-10-15T11:45:09.066363,shrek,its,1,True,a45d25883979,7.390847999886319,latency-73899cf414ed.csv
2,73899cf414ed,2025-10-15T11:45:09.178553,grail,it,279,True,a45d25883979,6.405022000308236,latency-73899cf414ed.csv
2,73899cf414ed,2025-10-15T11:45:09.290901,shrek,its,1,True,a45d25883979,5.843285000082688,latency-73899cf414ed.csv
1,767ba59dd5be,2025-10-15T11:45:34.575419,shrek3,OGRE,39,True,a45d25883979,5.028889000186609,latency-767ba59dd5be.csv
1,767ba59dd5be,2025-10-15T11:45:34.685494,shrek,its,1,True,a45d25883979,7.127038999897195,latency-767ba59dd5be.csv
1,767ba59dd5be,2025-10-15T11:45:34.802803,shrek3,the,1285,True,a45d25883979,5.343039999843313,latency-767ba59dd5be.csv
1,767ba59dd5be,2025-10-15T11:45:34.913254,shrek3,WOLF,7,True,a45d25883979,5.784553000012238,latency-767ba59dd5be.csv
1,767ba59dd5be,2025-10-15T11:45:35.025938,shrek3,DONKEY,243,True,1de2274fea60,7.657907000066189,latency-767ba59dd5be.csv
1,767ba59dd5be,2025-10-15T11:45:35.140669,shrek,FARQUAAD,84,True,1de2274fea60,7.349512000018876,latency-767ba59dd5be.csv
1,767ba59dd5be,2025-10-15T11:45:35.255141,shrek3,MERLIN,73,True,1de2274fea60,7.307168999886926,latency-767ba59dd5be.csv
1,767ba59dd5be,2025-10-15T11:45:35.370500,shrek,true,20,True,72ad01c69167,6.892181999774039,latency-767ba59dd5be.csv
1,767ba59dd5be,2025-10-15T11:45:35.485223,shrek3,and,576,True,1de2274fea60,7.758917000046495,latency-767ba59dd5be.csv
1,767ba59dd5be,2025-10-15T11:45:35.600188,shrek3,WHITE,45,True,1de2274fea60,11.258408000230702,latency-767ba59dd5be.csv
1,767ba59dd5be,2025-10-15T11:45:35.719887,grail,from,94,True,1de2274fea60,8.47460900013175,latency-767ba59dd5be.csv
1,767ba59dd5be,2025-10-15T11:45:35.836335,grail,to,718,True,a45d25883979,16.14069599963841,latency-767ba59dd5be.csv
1,767ba59dd5be,2025-10-15T11:45:35.964438,shrek,FARQUAAD,84,True,a45d25883979,14.726567000252544,latency-767ba59dd5be.csv
1,767ba59dd5be,2025-10-15T11:45:36.087595,shrek,you,409,True,a45d25883979,8.01397299983364,latency-767ba59dd5be.csv
1,767ba59dd5be,2025-10-15T11:45:36.205387,grail,upon,13,True,a45d25883979,7.549255999947491,latency-767ba59dd5be.csv
1,767ba59dd5be,2025-10-15T11:45:36.331053,shrek,don't,72,True,a45d25883979,5.013939000036771,latency-767ba59dd5be.csv
1,767ba59dd5be,2025-10-15T11:45:36.444625,grail,king,136,True,a45d25883979,5.9178470000915695,latency-767ba59dd5be.csv
1,767ba59dd5be,2025-10-15T11:45:36.557081,shrek,this,79,True,a45d25883979,7.5781159998769,latency-767ba59dd5be.csv
1,767ba59dd5be,2025-10-15T11:45:36.670999,shrek,ogre,27,True,a45d25883979,4.975374000423471,latency-767ba59dd5be.csv
1,767ba59dd5be,2025-10-15T11:45:36.782028,shrek,after,10,True,a45d25883979,7.195922999926552,latency-767ba59dd5be.csv
2,767ba59dd5be,2025-10-15T11:45:36.895902,shrek3,OGRE,39,True,a45d25883979,6.977429000016855,latency-767ba59dd5be.csv
2,767ba59dd5be,2025-10-15T11:45:37.009187,shrek,its,1,True,a45d25883979,8.531318999757787,latency-767ba59dd5be.csv
2,767ba59dd5be,2025-10-15T11:45:37.124932,shrek3,the,1285,True,a45d25883979,6.889287000376498,latency-767ba59dd5be.csv
2,767ba59dd5be,2025-10-15T11:45:37.238260,shrek3,WOLF,7,True,a45d25883979,4.638839999643096,latency-767ba59dd5be.csv
2,767ba59dd5be,2025-10-15T11:45:37.348114,shrek3,DONKEY,243,True,a45d25883979,5.698760000086622,latency-767ba59dd5be.csv
2,767ba59dd5be,2025-10-15T11:45:37.458811,shrek,FARQUAAD,84,True,a45d25883979,5.700946000160911,latency-767ba59dd5be.csv
2,767ba59dd5be,2025-10-15T11:45:37.570025,shrek3,MERLIN,73,True,a45d25883979,12.502050999955827,latency-767ba59dd5be.csv
2,767ba59dd5be,2025-10-15T11:45:37.689754,shrek,true,20,True,72ad01c69167,8.184435000202939,latency-767ba59dd5be.csv
2,767ba59dd5be,2025-10-15T11:45:37.803870,shrek3,and,576,True,a45d25883979,5.3586500002893445,latency-767ba59dd5be.csv
2,767ba59dd5be,2025-10-15T11:45:37.915058,shrek3,WHITE,45,True,72ad01c69167,9.452851999867562,latency-767ba59dd5be.csv
2,767ba59dd5be,2025-10-15T11:45:38.032147,grail,from,94,True,a45d25883979,6.68436300020403,latency-767ba59dd5be.csv
2,767ba59dd5be,2025-10-15T11:45:38.145733,grail,to,718,True,a45d25883979,8.581565999975282,latency-767ba59dd5be.csv
2,767ba59dd5be,2025-10-15T11:45:38.262389,shrek,FARQUAAD,84,True,a45d25883979,10.19666899992444,latency-767ba59dd5be.csv
2,767ba59dd5be,2025-10-15T11:45:38.379040,shrek,you,409,True,a45d25883979,6.851072999779717,latency-767ba59dd5be.csv
2,767ba59dd5be,2025-10-15T11:45:38.491669,grail,upon,13,True,a45d25883979,8.60485199973482,latency-767ba59dd5be.csv
2,767ba59dd5be,2025-10-15T11:45:38.607915,shrek,don't,72,True,a45d25883979,7.022877000053995,latency-767ba59dd5be.csv
2,767ba59dd5be,2025-10-15T11:45:38.721404,grail,king,136,True,a45d25883979,14.32690999990882,latency-767ba59dd5be.csv
2,767ba59dd5be,2025-10-15T11:45:38.842974,shrek,this,79,True,a45d25883979,6.982096999763598,latency-767ba59dd5be.csv
2,767ba59dd5be,2025-10-15T11:45:38.957421,shrek,ogre,27,True,a45d25883979,8.805293000023084,latency-767ba59dd5be.csv
2,767ba59dd5be,2025-10-15T11:45:39.073599,shrek,after,10,True,a45d25883979,10.271101999933308,latency-767ba59dd5be.csv
1,77a22c6a844d,2025-10-15T11:45:40.175752,grail,them,41,True,a45d25883979,6.95023999969635,latency-77a22c6a844d.csv
1,77a22c6a844d,2025-10-15T11:45:40.288214,grail,them,41,True,72ad01c69167,5.649145000006683,latency-77a22c6a844d.csv
1,77a22c6a844d,2025-10-15T11:45:40.399950,shrek3,reason,2,True,1de2274fea60,10.586626000076649,latency-77a22c6a844d.csv
1,77a22c6a844d,2025-10-15T11:45:40.518481,grail,upon,13,True,72ad01c69167,10.728962000030153,latency-77a22c6a844d.csv
1,77a22c6a844d,2025-10-15T11:45:40.638427,shrek3,Im,1,True,a45d25883979,6.941473000097176,latency-77a22c6a844d.csv
1,77a22c6a844d,2025-10-15T11:45:40.754416,grail,"Oh,",2,True,1de2274fea60,14.554892999967706,latency-77a22c6a844d.csv
1,77a22c6a844d,2025-10-15T11:45:40.883487,shrek,the,535,True,1de2274fea60,11.425246999806404,latency-77a22c6a844d.csv
1,77a22c6a844d,2025-10-15T11:45:41.002913,shrek3,OGRE,39,True,a45d25883979,7.297816000118473,latency-77a22c6a844d.csv
1,77a22c6a844d,2025-10-15T11:45:41.116292,grail,"collective,",0,True,a45d25883979,14.032026000222686,latency-77a22c6a844d.csv
1,77a22c6a844d,2025-10-15T11:45:41.239541,shrek,I,386,True,72ad01c69167,5.502053999862255,latency-77a22c6a844d.csv
1,77a22c6a844d,2025-10-15T11:45:41.351550,shrek3,Guards,23,True,a45d25883979,4.809837999800948,latency-77a22c6a844d.csv
1,77a22c6a844d,2025-10-15T11:45:41.463454,grail,to,718,True,a45d25883979,5.991885999719671,latency-77a22c6a844d.csv
1,77a22c6a844d,2025-10-15T11:45:41.578829,shrek,its,1,True,72ad01c69167,5.917516999943473,latency-77a22c6a844d.csv
1,77a22c6a844d,2025-10-15T11:45:41.693050,shrek3,us,12,True,72ad01c69167,5.781453000054171,latency-77a22c6a844d.csv
1,77a22c6a844d,2025-10-15T11:45:41.808534,shrek,edge,2,True,72ad01c69167,5.611578999833,latency-77a22c6a844d.csv
1,77a22c6a844d,2025-10-15T11:45:41.921321,shrek3,WHITE,45,True,a45d25883979,7.242108999889751,latency-77a22c6a844d.csv
1,77a22c6a844d,2025-10-15T11:45:42.036615,shrek3,PUSS,196,True,72ad01c69167,20.500367999829905,latency-77a22c6a844d.csv
1,77a22c6a844d,2025-10-15T11:45:42.169242,shrek3,him,87,True,72ad01c69167,8.613898000021436,latency-77a22c6a844d.csv
1,77a22c6a844d,2025-10-15T11:45:42.288992,shrek,its,1,True,72ad01c69167,8.240698000008706,latency-77a22c6a844d.csv
1,77a22c6a844d,2025-10-15T11:45:42.410937,grail,rows,1,True,72ad01c69167,10.971058999984962,latency-77a22c6a844d.csv
2,77a22c6a844d,2025-10-15T11:45:42.532412,grail,them,41,True,72ad01c69167,20.55316199994195,latency-77a22c6a844d.csv
2,77a22c6a844d,2025-10-15T11:45:42.673746,grail,them,41,True,a45d25883979,11.96625500006121,latency-77a22c6a844d.csv
2,77a22c6a844d,2025-10-15T11:45:42.798345,shrek3,reason,2,True,72ad01c69167,8.813838000151009,latency-77a22c6a844d.csv
2,77a22c6a844d,2025-10-15T11:45:42.918848,grail,upon,13,True,72ad01c69167,8.479015999910189,latency-77a22c6a844d.csv
2,77a22c6a844d,2025-10-15T11:45:43.040788,shrek3,Im,1,True,72ad01c69167,9.723247000238189,latency-77a22c6a844d.csv
2,77a22c6a844d,2025-10-15T11:45:43.159272,grail,"Oh,",2,True,72ad01c69167,10.696665000068606,latency-77a22c6a844d.csv
2,77a22c6a844d,2025-10-15T11:45:43.279806,shrek,the,535,True,a45d25883979,39.40160499996637,latency-77a22c6a844d.csv
2,77a22c6a844d,2025-10-15T11:45:43.457850,shrek3,OGRE,39,True,a45d25883979,7.720549999703508,latency-77a22c6a844d.csv
2,77a22c6a844d,2025-10-15T11:45:43.571414,grail,"collective,",0,True,a45d25883979,10.224324999853708,latency-77a22c6a844d.csv
2,77a22c6a844d,2025-10-15T11:45:43.689848,shrek,I,386,True,a45d25883979,7.149538999783545,latency-77a22c6a844d.csv
2,77a22c6a844d,2025-10-15T11:45:43.805988,shrek3,Guards,23,True,a45d25883979,5.700140000044485,latency-77a22c6a844d.csv
2,77a22c6a844d,2025-10-15T11:45:43.919148,grail,to,718,True,a45d25883979,6.635279000420269,latency-77a22c6a844d.csv
2,77a22c6a844d,2025-10-15T11:45:44.034147,shrek,its,1,True,a45d25883979,5.689408999842271,latency-77a22c6a844d.csv
2,77a22c6a844d,2025-10-15T11:45:44.145904,shrek3,us,12,True,a45d25883979,6.287822000103915,latency-77a22c6a844d.csv
2,77a22c6a844d,2025-10-15T11:45:44.260249,shrek,edge,2,True,a45d25883979,5.3102960000614985,latency-77a22c6a844d.csv
2,77a22c6a844d,2025-10-15T11:45:44.371374,shrek3,WHITE,45,True,72ad01c69167,29.05338299979121,latency-77a22c6a844d.csv
2,77a22c6a844d,2025-10-15T11:45:44.520614,shrek3,PUSS,196,True,a45d25883979,6.7186770002081175,latency-77a22c6a844d.csv
2,77a22c6a844d,2025-10-15T11:45:44.633544,shrek3,him,87,True,a45d25883979,5.976363000172569,latency-77a22c6a844d.csv
2,77a22c6a844d,2025-10-15T11:45:44.744996,shrek,its,1,True,1de2274fea60,11.349270999744476,latency-77a22c6a844d.csv
2,77a22c6a844d,2025-10-15T11:45:44.863292,grail,rows,1,True,a45d25883979,5.653398000049492,latency-77a22c6a844d.csv
1,78faaaeaa34a,2025-10-15T11:45:27.547076,grail,right,66,True,1de2274fea60,9.629974999825208,latency-78faaaeaa34a.csv
1,78faaaeaa34a,2025-10-15T11:45:27.665895,shrek,one,44,True,72ad01c69167,18.328879999899076,latency-78faaaeaa34a.csv
1,78faaaeaa34a,2025-10-15T11:45:27.796950,shrek,swamp,18,True,72ad01c69167,18.27177499990285,latency-78faaaeaa34a.csv
1,78faaaeaa34a,2025-10-15T11:45:27.929809,shrek3,decree,1,True,72ad01c69167,15.898118999757571,latency-78faaaeaa34a.csv
1,78faaaeaa34a,2025-10-15T11:45:28.065655,shrek,tale,7,True,a45d25883979,8.858390000114014,latency-78faaaeaa34a.csv
1,78faaaeaa34a,2025-10-15T11:45:28.190243,shrek3,WHITE,45,True,72ad01c69167,11.53359099998852,latency-78faaaeaa34a.csv
1,78faaaeaa34a,2025-10-15T11:45:28.323248,grail,Christ,8,True,72ad01c69167,11.22179399999368,latency-78faaaeaa34a.csv
1,78faaaeaa34a,2025-10-15T11:45:28.445534,shrek,field,4,True,72ad01c69167,9.494807000010042,latency-78faaaeaa34a.csv
1,78faaaeaa34a,2025-10-15T11:45:28.572083,grail,Michael,11,True,72ad01c69167,8.213843000248744,latency-78faaaeaa34a.csv
1,78faaaeaa34a,2025-10-15T11:45:28.693674,grail,cross,13,True,72ad01c69167,17.513480999696185,latency-78faaaeaa34a.csv
1,78faaaeaa34a,2025-10-15T11:45:28.824310,shrek,FIONA,211,True,1de2274fea60,68.8949259997571,latency-78faaaeaa34a.csv
1,78faaaeaa34a,2025-10-15T11:45:29.018749,shrek,lay,2,True,a45d25883979,85.14729099988472,latency-78faaaeaa34a.csv
1,78faaaeaa34a,2025-10-15T11:45:29.213217,shrek,FIONA,211,True,72ad01c69167,30.968499000209704,latency-78faaaeaa34a.csv
1,78faaaeaa34a,2025-10-15T11:45:29.393582,shrek,its,1,True,1de2274fea60,27.38915999998426,latency-78faaaeaa34a.csv
1,78faaaeaa34a,2025-10-15T11:45:29.534344,grail,I,298,True,72ad01c69167,8.355131999906007,latency-78faaaeaa34a.csv
1,78faaaeaa34a,2025-10-15T11:45:29.648974,shrek3,did,14,True,a45d25883979,6.917311000051996,latency-78faaaeaa34a.csv
1,78faaaeaa34a,2025-10-15T11:45:29.763815,shrek3,cosmic,1,True,a45d25883979,5.386469000313809,latency-78faaaeaa34a.csv
1,78faaaeaa34a,2025-10-15T11:45:29.874310,shrek3,RAPUNZEL,30,True,a45d25883979,6.613686000036978,latency-78faaaeaa34a.csv
1,78faaaeaa34a,2025-10-15T11:45:29.986904,shrek3,you,328,True,a45d25883979,6.550958000389073,latency-78faaaeaa34a.csv
1,78faaaeaa34a,2025-10-15T11:45:30.100602,shrek,FIONA,211,True,a45d25883979,5.52605599978051,latency-78faaaeaa34a.csv
2,78faaaeaa34a,2025-10-15T11:45:30.211382,grail,right,66,True,a45d25883979,6.34288400033256,latency-78faaaeaa34a.csv
2,78faaaeaa34a,2025-10-15T11:45:30.324149,shrek,one,44,True,a45d25883979,5.27279300013106,latency-78faaaeaa34a.csv
2,78faaaeaa34a,2025-10-15T11:45:30.434942,shrek,swamp,18,True,a45d25883979,6.456034000166255,latency-78faaaeaa34a.csv
2,78faaaeaa34a,2025-10-15T11:45:30.547524,shrek3,decree,1,True,a45d25883979,5.043917999955738,latency-78faaaeaa34a.csv
2,78faaaeaa34a,2025-10-15T11:45:30.658344,shrek,tale,7,True,a45d25883979,8.001529000011942,latency-78faaaeaa34a.csv
2,78faaaeaa34a,2025-10-15T11:45:30.775807,shrek3,WHITE,45,True,a45d25883979,8.241781000378978,latency-78faaaeaa34a.csv
2,78faaaeaa34a,2025-10-15T11:45:30.890605,grail,Christ,8,True,a45d25883979,4.504008000367321,latency-78faaaeaa34a.csv
2,78faaaeaa34a,2025-10-15T11:45:31.000157,shrek,field,4,True,a45d25883979,6.095281999932922,latency-78faaaeaa34a.csv
2,78faaaeaa34a,2025-10-15T11:45:31.111609,grail,Michael,11,True,a45d25883979,6.106143000124575,latency-78faaaeaa34a.csv
2,78faaaeaa34a,2025-10-15T11:45:31.223250,grail,cross,13,True,a45d25883979,6.334215999686421,latency-78faaaeaa34a.csv
2,78faaaeaa34a,2025-10-15T11:45:31.335408,shrek,FIONA,211,True,a45d25883979,4.491684999720746,latency-78faaaeaa34a.csv
2,78faaaeaa34a,2025-10-15T11:45:31.445366,shrek,lay,2,True,a45d25883979,7.542036999893753,latency-78faaaeaa34a.csv
2,78faaaeaa34a,2025-10-15T11:45:31.559969,shrek,FIONA,211,True,a45d25883979,4.585105999922234,latency-78faaaeaa34a.csv
2,78faaaeaa34a,2025-10-15T11:45:31.669865,shrek,its,1,True,a45d25883979,6.9103770001675,latency-78faaaeaa34a.csv
2,78faaaeaa34a,2025-10-15T11:45:31.782717,grail,I,298,True,a45d25883979,4.823690000193892,latency-78faaaeaa34a.csv
2,78faaaeaa34a,2025-10-15T11:45:31.892503,shrek3,did,14,True,a45d25883979,4.736267999760457,latency-78faaaeaa34a.csv
2,78faaaeaa34a,2025-10-15T11:45:32.002799,shrek3,cosmic,1,True,a45d25883979,8.428273999925295,latency-78faaaeaa34a.csv
2,78faaaeaa34a,2025-10-15T11:45:32.118163,shrek3,RAPUNZEL,30,True,a45d25883979,5.711976999918988,latency-78faaaeaa34a.csv
2,78faaaeaa34a,2025-10-15T11:45:32.229101,shrek3,you,328,True,a45d25883979,5.273789999591827,latency-78faaaeaa34a.csv
2,78faaaeaa34a,2025-10-15T11:45:32.340036,shrek,FIONA,211,True,a45d25883979,6.615824999698816,latency-78faaaeaa34a.csv
1,79da1a652add,2025-10-15T11:46:03.441266,shrek,"Ha,",0,True,1de2274fea60,28.412136000042665,latency-79da1a652add.csv
1,79da1a652add,2025-10-15T11:46:03.583091,shrek,true,20,True,a45d25883979,18.09122800023033,latency-79da1a652add.csv
1,79da1a652add,2025-10-15T11:46:03.734392,shrek3,me,72,True,a45d25883979,20.709037999949945,latency-79da1a652add.csv
1,79da1a652add,2025-10-15T11:46:03.872656,grail,singing,33,True,a45d25883979,15.807707000021765,latency-79da1a652add.csv
1,79da1a652add,2025-10-15T11:46:04.007331,shrek3,"Bay""",0,True,a45d25883979,33.07105500016405,latency-79da1a652add.csv
1,79da1a652add,2025-10-15T11:46:04.159370,shrek,your,49,True,a45d25883979,18.15843800022776,latency-79da1a652add.csv
1,79da1a652add,2025-10-15T11:46:04.296056,grail,Aaaaugh,9,True,a45d25883979,8.516409999629104,latency-79da1a652add.csv
1,79da1a652add,2025-10-15T11:46:04.427580,shrek,way,26,True,72ad01c69167,15.178582999851642,latency-79da1a652add.csv
1,79da1a652add,2025-10-15T11:46:04.557197,grail,them,41,True,72ad01c69167,20.743585000218445,latency-79da1a652add.csv
1,79da1a652add,2025-10-15T11:46:04.695738,shrek3,at,134,True,72ad01c69167,11.303027999929329,latency-79da1a652add.csv
1,79da1a652add,2025-10-15T11:46:04.822662,shrek,Is,132,True,72ad01c69167,9.946611000032137,latency-79da1a652add.csv
1,79da1a652add,2025-10-15T11:46:04.952894,grail,seek,12,True,a45d25883979,7.103097000253911,latency-79da1a652add.csv
1,79da1a652add,2025-10-15T11:46:05.073277,shrek3,"Suddenly,",0,True,a45d25883979,12.361105999843858,latency-79da1a652add.csv
1,79da1a652add,2025-10-15T11:46:05.202609,grail,Butts,2,True,a45d25883979,18.30063399984283,latency-79da1a652add.csv
1,79da1a652add,2025-10-15T11:46:05.330869,grail,3,18,True,a45d25883979,21.87206000007791,latency-79da1a652add.csv
1,79da1a652add,2025-10-15T11:46:05.486261,shrek3,WHITE,45,True,a45d25883979,9.33572699977958,latency-79da1a652add.csv
1,79da1a652add,2025-10-15T11:46:05.603411,shrek,our,11,True,a45d25883979,6.934258000001137,latency-79da1a652add.csv
1,79da1a652add,2025-10-15T11:46:05.718664,grail,TV,2,True,a45d25883979,8.623738000096637,latency-79da1a652add.csv
1,79da1a652add,2025-10-15T11:46:05.838280,shrek,Aah,6,True,a45d25883979,8.275154999864753,latency-79da1a652add.csv
1,79da1a652add,2025-10-15T11:46:05.955398,shrek,"Ha,",0,True,a45d25883979,9.225818999766489,latency-79da1a652add.csv
2,79da1a652add,2025-10-15T11:46:06.075512,shrek,"Ha,",0,True,a45d25883979,8.539963000202988,latency-79da1a652add.csv
2,79da1a652add,2025-10-15T11:46:06.191353,shrek,true,20,True,a45d25883979,7.02242000033948,latency-79da1a652add.csv
2,79da1a652add,2025-10-15T11:46:06.303635,shrek3,me,72,True,a45d25883979,4.978515999937372,latency-79da1a652add.csv
2,79da1a652add,2025-10-15T11:46:06.414782,grail,singing,33,True,a45d25883979,4.871638000167877,latency-79da1a652add.csv
2,79da1a652add,2025-10-15T11:46:06.525349,shrek3,"Bay""",0,True,a45d25883979,9.981890999824827,latency-79da1a652add.csv
2,79da1a652add,2025-10-15T11:46:06.644335,shrek,your,49,True,72ad01c69167,8.894058000350924,latency-79da1a652add.csv
2,79da1a652add,2025-10-15T11:46:06.759484,grail,Aaaaugh,9,True,a45d25883979,9.641948000080449,latency-79da1a652add.csv
2,79da1a652add,2025-10-15T11:46:06.878203,shrek,way,26,True,a45d25883979,5.7416019999436685,latency-79da1a652add.csv
2,79da1a652add,2025-10-15T11:46:06.989383,grail,them,41,True,a45d25883979,9.286807000080444,latency-79da1a652add.csv
2,79da1a652add,2025-10-15T11:46:07.114411,shrek3,at,134,True,a45d25883979,5.990511000163679,latency-79da1a652add.csv
2,79da1a652add,2025-10-15T11:46:07.225613,shrek,Is,132,True,a45d25883979,9.798317999866413,latency-79da1a652add.csv
2,79da1a652add,2025-10-15T11:46:07.344289,grail,seek,12,True,1de2274fea60,8.172116999958234,latency-79da1a652add.csv
2,79da1a652add,2025-10-15T11:46:07.461669,shrek3,"Suddenly,",0,True,72ad01c69167,8.46623899997212,latency-79da1a652add.csv
2,79da1a652add,2025-10-15T11:46:07.576281,grail,Butts,2,True,72ad01c69167,8.487741999942955,latency-79da1a652add.csv
2,79da1a652add,2025-10-15T11:46:07.694571,grail,3,18,True,a45d25883979,10.566834000201196,latency-79da1a652add.csv
2,79da1a652add,2025-10-15T11:46:07.813905,shrek3,WHITE,45,True,a45d25883979,14.005742000335886,latency-79da1a652add.csv
2,79da1a652add,2025-10-15T11:46:07.939672,shrek,our,11,True,72ad01c69167,7.424216999879718,latency-79da1a652add.csv
2,79da1a652add,2025-10-15T11:46:08.058442,grail,TV,2,True,72ad01c69167,15.458073999980115,latency-79da1a652add.csv
2,79da1a652add,2025-10-15T11:46:08.188227,shrek,Aah,6,True,a45d25883979,7.571754000309738,latency-79da1a652add.csv
2,79da1a652add,2025-10-15T11:46:08.302657,shrek,"Ha,",0,True,a45d25883979,7.076009000229533,latency-79da1a652add.csv
1,7b7abda13681,2025-10-15T11:44:55.974583,shrek3,2,8,False,a45d25883979,27.58165600016582,latency-7b7abda13681.csv
1,7b7abda13681,2025-10-15T11:44:56.116078,grail,the,1600,True,72ad01c69167,14.185287000145763,latency-7b7abda13681.csv
1,7b7abda13681,2025-10-15T11:44:56.242362,grail,cross,13,True,72ad01c69167,15.698787000019363,latency-7b7abda13681.csv
1,7b7abda13681,2025-10-15T11:44:56.397488,shrek3,Be,71,True,72ad01c69167,22.29471999999077,latency-7b7abda13681.csv
1,7b7abda13681,2025-10-15T11:44:56.539683,grail,3,18,False,1de2274fea60,33.1645109999954,latency-7b7abda13681.csv
1,7b7abda13681,2025-10-15T11:44:56.718552,shrek3,the,1285,True,72ad01c69167,31.00348799989661,latency-7b7abda13681.csv
1,7b7abda13681,2025-10-15T11:44:56.887070,grail,Footnote,4,True,a45d25883979,19.595739000124013,latency-7b7abda13681.csv
1,7b7abda13681,2025-10-15T11:44:57.035545,grail,"Peng,",0,True,a45d25883979,20.867010000074515,latency-7b7abda13681.csv
1,7b7abda13681,2025-10-15T11:44:57.173830,grail,Rostmm,1,True,72ad01c69167,28.57063500005097,latency-7b7abda13681.csv
1,7b7abda13681,2025-10-15T11:44:57.331722,grail,witch,30,False,1de2274fea60,24.17878199958068,latency-7b7abda13681.csv
1,7b7abda13681,2025-10-15T11:44:57.474184,shrek,transport,1,False,1de2274fea60,27.508124000178213,latency-7b7abda13681.csv
1,7b7abda13681,2025-10-15T11:44:57.623165,shrek3,2,8,True,a45d25883979,17.72922500003915,latency-7b7abda13681.csv
1,7b7abda13681,2025-10-15T11:44:57.754834,shrek,to,268,True,a45d25883979,8.049126000059914,latency-7b7abda13681.csv
1,7b7abda13681,2025-10-15T11:44:57.873109,grail,at,104,False,72ad01c69167,21.53554999995322,latency-7b7abda13681.csv
1,7b7abda13681,2025-10-15T11:44:58.013464,shrek,No,114,True,a45d25883979,9.09831299986763,latency-7b7abda13681.csv
1,7b7abda13681,2025-10-15T11:44:58.136889,grail,toward,10,True,1de2274fea60,15.61596700003065,latency-7b7abda13681.csv
1,7b7abda13681,2025-10-15T11:44:58.269687,shrek3,Whoa,7,True,72ad01c69167,28.27757399973052,latency-7b7abda13681.csv
1,7b7abda13681,2025-10-15T11:44:58.411031,grail,"Peng,",0,True,a45d25883979,7.726549999915733,latency-7b7abda13681.csv
1,7b7abda13681,2025-10-15T11:44:58.535817,shrek3,SCHOOL,14,True,1de2274fea60,28.563997999754065,latency-7b7abda13681.csv
1,7b7abda13681,2025-10-15T11:44:58.680346,grail,the,1600,True,72ad01c69167,10.903493000114397,latency-7b7abda13681.csv
2,7b7abda13681,2025-10-15T11:44:58.815828,shrek3,2,8,True,72ad01c69167,9.86888400029784,latency-7b7abda13681.csv
2,7b7abda13681,2025-10-15T11:44:58.939684,grail,the,1600,True,72ad01c69167,12.05531300001894,latency-7b7abda13681.csv
2,7b7abda13681,2025-10-15T11:44:59.072301,grail,cross,13,True,72ad01c69167,16.363133999675483,latency-7b7abda13681.csv
2,7b7abda13681,2025-10-15T11:44:59.202980,shrek3,Be,71,True,72ad01c69167,20.72439400035364,latency-7b7abda13681.csv
2,7b7abda13681,2025-10-15T11:44:59.339004,grail,3,18,True,a45d25883979,16.152680999766744,latency-7b7abda13681.csv
2,7b7abda13681,2025-10-15T11:44:59.465344,shrek3,the,1285,True,a45d25883979,20.16991099981169,latency-7b7abda13681.csv
2,7b7abda13681,2025-10-15T11:44:59.600196,grail,Footnote,4,True,72ad01c69167,15.11024699993868,latency-7b7abda13681.csv
2,7b7abda13681,2025-10-15T11:44:59.736014,grail,"Peng,",0,True,a45d25883979,11.744340999939595,latency-7b7abda13681.csv
2,7b7abda13681,2025-10-15T11:44:59.856702,grail,Rostmm,1,True,a45d25883979,23.011121999843454,latency-7b7abda13681.csv
2,7b7abda13681,2025-10-15T11:44:59.990843,grail,witch,30,True,72ad01c69167,9.191056999952709,latency-7b7abda13681.csv
2,7b7abda13681,2025-10-15T11:45:00.136750,shrek,transport,1,True,a45d25883979,9.32325799976752,latency-7b7abda13681.csv
2,7b7abda13681,2025-10-15T11:45:00.253776,shrek3,2,8,True,a45d25883979,8.656921999772749,latency-7b7abda13681.csv
2,7b7abda13681,2025-10-15T11:45:00.368602,shrek,to,268,True,72ad01c69167,11.802988999988884,latency-7b7abda13681.csv
2,7b7abda13681,2025-10-15T11:45:00.490237,grail,at,104,True,1de2274fea60,9.648762999859173,latency-7b7abda13681.csv
2,7b7abda13681,2025-10-15T11:45:00.611594,shrek,No,114,True,a45d25883979,22.903168000084406,latency-7b7abda13681.csv
2,7b7abda13681,2025-10-15T11:45:00.748345,grail,toward,10,True,a45d25883979,13.59662799995931,latency-7b7abda13681.csv
2,7b7abda13681,2025-10-15T11:45:00.877729,shrek3,Whoa,7,True,1de2274fea60,7.786375999785378,latency-7b7abda13681.csv
2,7b7abda13681,2025-10-15T11:45:00.994775,grail,"Peng,",0,True,a45d25883979,9.018272000048457,latency-7b7abda13681.csv
2,7b7abda13681,2025-10-15T11:45:01.119109,shrek3,SCHOOL,14,True,72ad01c69167,10.266565000165429,latency-7b7abda13681.csv
2,7b7abda13681,2025-10-15T11:45:01.238409,grail,the,1600,True,a45d25883979,5.4308550002133416,latency-7b7abda13681.csv
1,7c30b04cb5e1,2025-10-15T11:46:13.334833,shrek3,and,576,True,a45d25883979,39.33269599974665,latency-7c30b04cb5e1.csv
1,7c30b04cb5e1,2025-10-15T11:46:13.525555,shrek3,PRINCE,207,True,72ad01c69167,15.324595000038244,latency-7c30b04cb5e1.csv
1,7c30b04cb5e1,2025-10-15T11:46:13.657608,shrek3,DWARF,10,True,a45d25883979,15.66394500014212,latency-7c30b04cb5e1.csv
1,7c30b04cb5e1,2025-10-15T11:46:13.786257,shrek,SHREK,433,True,a45d25883979,18.587655999908748,latency-7c30b04cb5e1.csv
1,7c30b04cb5e1,2025-10-15T11:46:13.917347,shrek,our,11,True,a45d25883979,8.85813800005053,latency-7c30b04cb5e1.csv
1,7c30b04cb5e1,2025-10-15T11:46:14.040616,shrek3,me,72,True,a45d25883979,6.8000539999957255,latency-7c30b04cb5e1.csv
1,7c30b04cb5e1,2025-10-15T11:46:14.154198,shrek3,"Bay""",0,True,a45d25883979,7.934795999972266,latency-7c30b04cb5e1.csv
1,7c30b04cb5e1,2025-10-15T11:46:14.275606,grail,going,21,True,a45d25883979,8.890619999874616,latency-7c30b04cb5e1.csv
1,7c30b04cb5e1,2025-10-15T11:46:14.392467,shrek,placed,1,True,a45d25883979,7.661513000130071,latency-7c30b04cb5e1.csv
1,7c30b04cb5e1,2025-10-15T11:46:14.508912,shrek,DONKEY,320,True,a45d25883979,9.265500000310569,latency-7c30b04cb5e1.csv
1,7c30b04cb5e1,2025-10-15T11:46:14.631449,grail,seek,12,True,a45d25883979,6.428329000300437,latency-7c30b04cb5e1.csv
1,7c30b04cb5e1,2025-10-15T11:46:14.744385,shrek3,"meet""",0,True,a45d25883979,12.597167999956582,latency-7c30b04cb5e1.csv
1,7c30b04cb5e1,2025-10-15T11:46:14.869377,shrek,FIONA,211,True,a45d25883979,9.617895999781467,latency-7c30b04cb5e1.csv
1,7c30b04cb5e1,2025-10-15T11:46:14.990185,shrek3,ARTIE,213,True,72ad01c69167,7.121085000107996,latency-7c30b04cb5e1.csv
1,7c30b04cb5e1,2025-10-15T11:46:15.105926,shrek3,"meet""",0,True,72ad01c69167,7.83533300000272,latency-7c30b04cb5e1.csv
1,7c30b04cb5e1,2025-10-15T11:46:15.226833,shrek,the,535,True,1de2274fea60,17.490432000158762,latency-7c30b04cb5e1.csv
1,7c30b04cb5e1,2025-10-15T11:46:15.357935,shrek,a,305,True,72ad01c69167,14.909129999978177,latency-7c30b04cb5e1.csv
1,7c30b04cb5e1,2025-10-15T11:46:15.484635,shrek3,CHARMING,232,True,a45d25883979,35.6756870000936,latency-7c30b04cb5e1.csv
1,7c30b04cb5e1,2025-10-15T11:46:15.651989,shrek,baby,3,True,1de2274fea60,9.609339999769873,latency-7c30b04cb5e1.csv
1,7c30b04cb5e1,2025-10-15T11:46:15.773753,shrek3,body),0,True,72ad01c69167,10.986345000219444,latency-7c30b04cb5e1.csv
2,7c30b04cb5e1,2025-10-15T11:46:15.894194,shrek3,and,576,True,1de2274fea60,18.31083499973829,latency-7c30b04cb5e1.csv
2,7c30b04cb5e1,2025-10-15T11:46:16.025188,shrek3,PRINCE,207,True,72ad01c69167,10.431387000153336,latency-7c30b04cb5e1.csv
2,7c30b04cb5e1,2025-10-15T11:46:16.148173,shrek3,DWARF,10,True,a45d25883979,35.175166000044555,latency-7c30b04cb5e1.csv
2,7c30b04cb5e1,2025-10-15T11:46:16.305473,shrek,SHREK,433,True,72ad01c69167,15.20805299969652,latency-7c30b04cb5e1.csv
2,7c30b04cb5e1,2025-10-15T11:46:16.439810,shrek,our,11,True,a45d25883979,11.244880999583984,latency-7c30b04cb5e1.csv
2,7c30b04cb5e1,2025-10-15T11:46:16.567259,shrek3,me,72,True,72ad01c69167,8.68819400011489,latency-7c30b04cb5e1.csv
2,7c30b04cb5e1,2025-10-15T11:46:16.693437,shrek3,"Bay""",0,True,a45d25883979,14.469017000010354,latency-7c30b04cb5e1.csv
2,7c30b04cb5e1,2025-10-15T11:46:16.820659,grail,going,21,True,a45d25883979,8.373971999844798,latency-7c30b04cb5e1.csv
2,7c30b04cb5e1,2025-10-15T11:46:16.938234,shrek,placed,1,True,72ad01c69167,9.50185000010606,latency-7c30b04cb5e1.csv
2,7c30b04cb5e1,2025-10-15T11:46:17.062903,shrek,DONKEY,320,True,a45d25883979,6.676118000086717,latency-7c30b04cb5e1.csv
2,7c30b04cb5e1,2025-10-15T11:46:17.179167,grail,seek,12,True,72ad01c69167,8.802367000043887,latency-7c30b04cb5e1.csv
2,7c30b04cb5e1,2025-10-15T11:46:17.295116,shrek3,"meet""",0,True,a45d25883979,10.793521999858058,latency-7c30b04cb5e1.csv
2,7c30b04cb5e1,2025-10-15T11:46:17.417017,shrek,FIONA,211,True,72ad01c69167,7.27896199987299,latency-7c30b04cb5e1.csv
2,7c30b04cb5e1,2025-10-15T11:46:17.539667,shrek3,ARTIE,213,True,a45d25883979,8.742205000089598,latency-7c30b04cb5e1.csv
2,7c30b04cb5e1,2025-10-15T11:46:17.655349,shrek3,"meet""",0,True,a45d25883979,8.129712000027212,latency-7c30b04cb5e1.csv
2,7c30b04cb5e1,2025-10-15T11:46:17.769983,shrek,the,535,True,a45d25883979,13.03770300000906,latency-7c30b04cb5e1.csv
2,7c30b04cb5e1,2025-10-15T11:46:17.892677,shrek,a,305,True,a45d25883979,11.480757999834168,latency-7c30b04cb5e1.csv
2,7c30b04cb5e1,2025-10-15T11:46:18.019978,shrek3,CHARMING,232,True,a45d25883979,14.033983999979682,latency-7c30b04cb5e1.csv
2,7c30b04cb5e1,2025-10-15T11:46:18.143460,shrek,baby,3,True,a45d25883979,11.579409000205487,latency-7c30b04cb5e1.csv
2,7c30b04cb5e1,2025-10-15T11:46:18.265306,shrek3,body),0,True,a45d25883979,11.351355999977386,latency-7c30b04cb5e1.csv
1,7e53fdc5beda,2025-10-15T11:45:18.533144,shrek3,116,1,True,a45d25883979,4.785687000094185,latency-7e53fdc5beda.csv
1,7e53fdc5beda,2025-10-15T11:45:18.643574,shrek3,DONKEY,243,True,a45d25883979,5.139671000051749,latency-7e53fdc5beda.csv
1,7e53fdc5beda,2025-10-15T11:45:18.754761,grail,few,8,True,a45d25883979,7.2764910000842065,latency-7e53fdc5beda.csv
1,7e53fdc5beda,2025-10-15T11:45:18.868641,grail,right,66,True,a45d25883979,7.623284999681346,latency-7e53fdc5beda.csv
1,7e53fdc5beda,2025-10-15T11:45:18.984620,shrek3,get,39,True,a45d25883979,7.765067000036652,latency-7e53fdc5beda.csv
1,7e53fdc5beda,2025-10-15T11:45:19.098464,shrek,GUARD,25,True,72ad01c69167,9.312550999766245,latency-7e53fdc5beda.csv
1,7e53fdc5beda,2025-10-15T11:45:19.214238,shrek,MAN,38,True,1de2274fea60,7.598576999953366,latency-7e53fdc5beda.csv
1,7e53fdc5beda,2025-10-15T11:45:19.328698,grail,Cleveland,3,True,1de2274fea60,7.311308999760513,latency-7e53fdc5beda.csv
1,7e53fdc5beda,2025-10-15T11:45:19.442907,shrek3,showing,1,True,72ad01c69167,5.251663999843004,latency-7e53fdc5beda.csv
1,7e53fdc5beda,2025-10-15T11:45:19.554787,grail,Cleveland,3,True,1de2274fea60,7.938777999697777,latency-7e53fdc5beda.csv
1,7e53fdc5beda,2025-10-15T11:45:19.669461,grail,LANCELOT,59,True,72ad01c69167,27.251112000158173,latency-7e53fdc5beda.csv
1,7e53fdc5beda,2025-10-15T11:45:19.808314,grail,Tm,5,True,a45d25883979,10.423876999993809,latency-7e53fdc5beda.csv
1,7e53fdc5beda,2025-10-15T11:45:19.926765,shrek3,DONKEY,243,True,a45d25883979,4.784901000220998,latency-7e53fdc5beda.csv
1,7e53fdc5beda,2025-10-15T11:45:20.036553,grail,the,1600,True,a45d25883979,4.200013999707153,latency-7e53fdc5beda.csv
1,7e53fdc5beda,2025-10-15T11:45:20.145801,grail,chops,3,True,a45d25883979,7.26691199997731,latency-7e53fdc5beda.csv
1,7e53fdc5beda,2025-10-15T11:45:20.258706,grail,thus,5,True,a45d25883979,6.025663999935205,latency-7e53fdc5beda.csv
1,7e53fdc5beda,2025-10-15T11:45:20.371952,grail,LANCELOT,59,True,1de2274fea60,15.497868999773344,latency-7e53fdc5beda.csv
1,7e53fdc5beda,2025-10-15T11:45:20.501553,shrek,old,10,True,72ad01c69167,4.4415180000214605,latency-7e53fdc5beda.csv
1,7e53fdc5beda,2025-10-15T11:45:20.612144,shrek3,right,36,True,72ad01c69167,9.875575000023671,latency-7e53fdc5beda.csv
1,7e53fdc5beda,2025-10-15T11:45:20.729908,grail,feel,11,True,72ad01c69167,8.726369999749295,latency-7e53fdc5beda.csv
2,7e53fdc5beda,2025-10-15T11:45:20.844976,shrek3,116,1,True,72ad01c69167,6.706011000005674,latency-7e53fdc5beda.csv
2,7e53fdc5beda,2025-10-15T11:45:20.957160,shrek3,DONKEY,243,True,72ad01c69167,10.170900000048276,latency-7e53fdc5beda.csv
2,7e53fdc5beda,2025-10-15T11:45:21.078744,grail,few,8,True,1de2274fea60,7.51010000021779,latency-7e53fdc5beda.csv
2,7e53fdc5beda,2025-10-15T11:45:21.193166,grail,right,66,True,1de2274fea60,5.343130000255769,latency-7e53fdc5beda.csv
2,7e53fdc5beda,2025-10-15T11:45:21.304011,shrek3,get,39,True,1de2274fea60,9.639275999688834,latency-7e53fdc5beda.csv
2,7e53fdc5beda,2025-10-15T11:45:21.419717,shrek,GUARD,25,True,a45d25883979,8.945643000060954,latency-7e53fdc5beda.csv
2,7e53fdc5beda,2025-10-15T11:45:21.535038,shrek,MAN,38,True,a45d25883979,8.086927000022115,latency-7e53fdc5beda.csv
2,7e53fdc5beda,2025-10-15T11:45:21.649417,grail,Cleveland,3,True,a45d25883979,7.01745900005335,latency-7e53fdc5beda.csv
2,7e53fdc5beda,2025-10-15T11:45:21.762881,shrek3,showing,1,True,a45d25883979,6.589296000129252,latency-7e53fdc5beda.csv
2,7e53fdc5beda,2025-10-15T11:45:21.876298,grail,Cleveland,3,True,72ad01c69167,9.223787999872002,latency-7e53fdc5beda.csv
2,7e53fdc5beda,2025-10-15T11:45:21.992096,grail,LANCELOT,59,True,a45d25883979,6.625185000302736,latency-7e53fdc5beda.csv
2,7e53fdc5beda,2025-10-15T11:45:22.103947,grail,Tm,5,True,72ad01c69167,9.877189000235376,latency-7e53fdc5beda.csv
2,7e53fdc5beda,2025-10-15T11:45:22.221218,shrek3,DONKEY,243,True,a45d25883979,13.597153999853616,latency-7e53fdc5beda.csv
2,7e53fdc5beda,2025-10-15T11:45:22.341890,grail,the,1600,True,a45d25883979,8.644671000183735,latency-7e53fdc5beda.csv
2,7e53fdc5beda,2025-10-15T11:45:22.457606,grail,chops,3,True,a45d25883979,6.627288999879966,latency-7e53fdc5beda.csv
2,7e53fdc5beda,2025-10-15T11:45:22.571208,grail,thus,5,True,a45d25883979,6.578254000032757,latency-7e53fdc5beda.csv
2,7e53fdc5beda,2025-10-15T11:45:22.683016,grail,LANCELOT,59,True,a45d25883979,7.935827999972389,latency-7e53fdc5beda.csv
2,7e53fdc5beda,2025-10-15T11:45:22.799076,shrek,old,10,True,a45d25883979,9.582334999777231,latency-7e53fdc5beda.csv
2,7e53fdc5beda,2025-10-15T11:45:22.919159,shrek3,right,36,True,a45d25883979,6.564005999734945,latency-7e53fdc5beda.csv
2,7e53fdc5beda,2025-10-15T11:45:23.032570,grail,feel,11,True,a45d25883979,5.928304999997636,latency-7e53fdc5beda.csv
1,7ec774c79323,2025-10-15T11:46:06.783509,shrek,FIONA'S,3,True,a45d25883979,8.111718999771256,latency-7ec774c79323.csv
1,7ec774c79323,2025-10-15T11:46:06.898211,shrek,Is,132,True,a45d25883979,6.373386000177561,latency-7ec774c79323.csv
1,7ec774c79323,2025-10-15T11:46:07.012101,shrek,baby,3,True,72ad01c69167,9.167028999854663,latency-7ec774c79323.csv
1,7ec774c79323,2025-10-15T11:46:07.133185,shrek,baby,3,True,a45d25883979,7.1706829999129695,latency-7ec774c79323.csv
1,7ec774c79323,2025-10-15T11:46:07.246821,shrek,DONKEY,320,True,a45d25883979,9.517009999854054,latency-7ec774c79323.csv
1,7ec774c79323,2025-10-15T11:46:07.363688,grail,ANOTHER,25,True,a45d25883979,6.277499000134412,latency-7ec774c79323.csv
1,7ec774c79323,2025-10-15T11:46:07.476699,shrek3,boomerang,1,True,a45d25883979,5.546707000121387,latency-7ec774c79323.csv
1,7ec774c79323,2025-10-15T11:46:07.588227,shrek,placed,1,True,1de2274fea60,8.73887099987769,latency-7ec774c79323.csv
1,7ec774c79323,2025-10-15T11:46:07.703526,shrek3,him,87,True,72ad01c69167,8.548966000034852,latency-7ec774c79323.csv
1,7ec774c79323,2025-10-15T11:46:07.822937,shrek3,him,87,True,72ad01c69167,8.463013000437059,latency-7ec774c79323.csv
1,7ec774c79323,2025-10-15T11:46:07.940866,grail,toward,10,True,1de2274fea60,6.240206999791553,latency-7ec774c79323.csv
1,7ec774c79323,2025-10-15T11:46:08.059239,shrek3,Ahh,8,True,72ad01c69167,16.701724999620637,latency-7ec774c79323.csv
1,7ec774c79323,2025-10-15T11:46:08.184508,grail,rows,1,True,1de2274fea60,8.181561000128568,latency-7ec774c79323.csv
1,7ec774c79323,2025-10-15T11:46:08.300071,grail,(as,0,True,1de2274fea60,9.393308999733565,latency-7ec774c79323.csv
1,7ec774c79323,2025-10-15T11:46:08.416194,grail,Christ,8,True,1de2274fea60,19.167786000252818,latency-7ec774c79323.csv
1,7ec774c79323,2025-10-15T11:46:08.557278,shrek,the,535,True,72ad01c69167,10.486407999906078,latency-7ec774c79323.csv
1,7ec774c79323,2025-10-15T11:46:08.681473,shrek3,them,44,True,a45d25883979,6.699732000015501,latency-7ec774c79323.csv
1,7ec774c79323,2025-10-15T11:46:08.797489,grail,Bridge,30,True,a45d25883979,8.858287999828462,latency-7ec774c79323.csv
1,7ec774c79323,2025-10-15T11:46:08.915166,shrek,CROWD,5,True,72ad01c69167,7.047904000046401,latency-7ec774c79323.csv
1,7ec774c79323,2025-10-15T11:46:09.031078,grail,at,104,True,72ad01c69167,10.588396000002833,latency-7ec774c79323.csv
2,7ec774c79323,2025-10-15T11:46:09.155243,shrek,FIONA'S,3,True,a45d25883979,7.045387999824015,latency-7ec774c79323.csv
2,7ec774c79323,2025-10-15T11:46:09.267920,shrek,Is,132,True,a45d25883979,5.76903899991521,latency-7ec774c79323.csv
2,7ec774c79323,2025-10-15T11:46:09.379069,shrek,baby,3,True,72ad01c69167,5.324104000010266,latency-7ec774c79323.csv
2,7ec774c79323,2025-10-15T11:46:09.489985,shrek,baby,3,True,72ad01c69167,7.815813999968668,latency-7ec774c79323.csv
2,7ec774c79323,2025-10-15T11:46:09.603650,shrek,DONKEY,320,True,72ad01c69167,14.862730000004376,latency-7ec774c79323.csv
2,7ec774c79323,2025-10-15T11:46:09.729272,grail,ANOTHER,25,True,72ad01c69167,10.203391000231932,latency-7ec774c79323.csv
2,7ec774c79323,2025-10-15T11:46:09.851421,shrek3,boomerang,1,True,a45d25883979,7.384194000223943,latency-7ec774c79323.csv
2,7ec774c79323,2025-10-15T11:46:09.968401,shrek,placed,1,True,a45d25883979,10.61854499994297,latency-7ec774c79323.csv
2,7ec774c79323,2025-10-15T11:46:10.089649,shrek3,him,87,True,a45d25883979,8.484291000058874,latency-7ec774c79323.csv
2,7ec774c79323,2025-10-15T11:46:10.206614,shrek3,him,87,True,a45d25883979,9.363496999867492,latency-7ec774c79323.csv
2,7ec774c79323,2025-10-15T11:46:10.323991,grail,toward,10,True,72ad01c69167,7.128931999886845,latency-7ec774c79323.csv
2,7ec774c79323,2025-10-15T11:46:10.437445,shrek3,Ahh,8,True,72ad01c69167,6.802447000154643,latency-7ec774c79323.csv
2,7ec774c79323,2025-10-15T11:46:10.549970,grail,rows,1,True,72ad01c69167,10.99134000014601,latency-7ec774c79323.csv
2,7ec774c79323,2025-10-15T11:46:10.667894,grail,(as,0,True,1de2274fea60,8.479736000026605,latency-7ec774c79323.csv
2,7ec774c79323,2025-10-15T11:46:10.783669,grail,Christ,8,True,72ad01c69167,9.117262000017943,latency-7ec774c79323.csv
2,7ec774c79323,2025-10-15T11:46:10.901371,shrek,the,535,True,a45d25883979,19.23533800027144,latency-7ec774c79323.csv
2,7ec774c79323,2025-10-15T11:46:11.030194,shrek3,them,44,True,1de2274fea60,12.067288999787706,latency-7ec774c79323.csv
2,7ec774c79323,2025-10-15T11:46:11.152134,grail,Bridge,30,True,1de2274fea60,11.67155500024819,latency-7ec774c79323.csv
2,7ec774c79323,2025-10-15T11:46:11.278758,shrek,CROWD,5,True,72ad01c69167,7.999430999916512,latency-7ec774c79323.csv
2,7ec774c79323,2025-10-15T11:46:11.394704,grail,at,104,True,72ad01c69167,8.413186999860045,latency-7ec774c79323.csv
1,7fc1c8fc748e,2025-10-15T11:45:20.367318,shrek3,SHREK,678,True,a45d25883979,17.045048999989376,latency-7fc1c8fc748e.csv
1,7fc1c8fc748e,2025-10-15T11:45:20.498473,grail,Guard,106,True,a45d25883979,4.905650000182504,latency-7fc1c8fc748e.csv
1,7fc1c8fc748e,2025-10-15T11:45:20.608794,shrek,minute,3,True,72ad01c69167,13.037423999776363,latency-7fc1c8fc748e.csv
1,7fc1c8fc748e,2025-10-15T11:45:20.729468,grail,Boom,4,True,72ad01c69167,8.73798699967665,latency-7fc1c8fc748e.csv
1,7fc1c8fc748e,2025-10-15T11:45:20.844923,shrek3,time,23,True,72ad01c69167,6.4896859998953005,latency-7fc1c8fc748e.csv
1,7fc1c8fc748e,2025-10-15T11:45:20.957098,shrek3,glass,9,True,72ad01c69167,11.717067000063253,latency-7fc1c8fc748e.csv
1,7fc1c8fc748e,2025-10-15T11:45:21.085853,shrek,DONKEY,320,True,a45d25883979,6.660782999915682,latency-7fc1c8fc748e.csv
1,7fc1c8fc748e,2025-10-15T11:45:21.198289,shrek,on,88,True,a45d25883979,4.9037670000871,latency-7fc1c8fc748e.csv
1,7fc1c8fc748e,2025-10-15T11:45:21.308628,grail,the,1600,True,a45d25883979,6.548400000156107,latency-7fc1c8fc748e.csv
1,7fc1c8fc748e,2025-10-15T11:45:21.420739,shrek3,the,1285,True,a45d25883979,8.077680000042164,latency-7fc1c8fc748e.csv
1,7fc1c8fc748e,2025-10-15T11:45:21.535591,grail,for,118,True,a45d25883979,7.47458599971651,latency-7fc1c8fc748e.csv
1,7fc1c8fc748e,2025-10-15T11:45:21.649232,shrek,Blah,1,True,a45d25883979,6.450791000133904,latency-7fc1c8fc748e.csv
1,7fc1c8fc748e,2025-10-15T11:45:21.762183,shrek,the,535,True,a45d25883979,7.242224000037822,latency-7fc1c8fc748e.csv
1,7fc1c8fc748e,2025-10-15T11:45:21.876401,shrek3,WOLF,7,True,72ad01c69167,9.569100000135222,latency-7fc1c8fc748e.csv
1,7fc1c8fc748e,2025-10-15T11:45:21.992124,shrek,way,26,True,a45d25883979,6.566961000316951,latency-7fc1c8fc748e.csv
1,7fc1c8fc748e,2025-10-15T11:45:22.103745,shrek3,ARTIE,213,True,72ad01c69167,10.205867999957263,latency-7fc1c8fc748e.csv
1,7fc1c8fc748e,2025-10-15T11:45:22.221326,grail,time,33,True,a45d25883979,13.72897000010198,latency-7fc1c8fc748e.csv
1,7fc1c8fc748e,2025-10-15T11:45:22.341886,shrek3,Be,71,True,a45d25883979,8.484681000027194,latency-7fc1c8fc748e.csv
1,7fc1c8fc748e,2025-10-15T11:45:22.457607,shrek,on,88,True,a45d25883979,6.193074000293564,latency-7fc1c8fc748e.csv
1,7fc1c8fc748e,2025-10-15T11:45:22.571034,grail,Boom,4,True,a45d25883979,6.540780999785056,latency-7fc1c8fc748e.csv
2,7fc1c8fc748e,2025-10-15T11:45:22.682877,shrek3,SHREK,678,True,a45d25883979,7.891160999861313,latency-7fc1c8fc748e.csv
2,7fc1c8fc748e,2025-10-15T11:45:22.799304,grail,Guard,106,True,a45d25883979,10.436671000206845,latency-7fc1c8fc748e.csv
2,7fc1c8fc748e,2025-10-15T11:45:22.920714,shrek,minute,3,True,72ad01c69167,6.3449600002059015,latency-7fc1c8fc748e.csv
2,7fc1c8fc748e,2025-10-15T11:45:23.034830,grail,Boom,4,True,72ad01c69167,6.575663000148779,latency-7fc1c8fc748e.csv
2,7fc1c8fc748e,2025-10-15T11:45:23.148390,shrek3,time,23,True,a45d25883979,6.08048999993116,latency-7fc1c8fc748e.csv
2,7fc1c8fc748e,2025-10-15T11:45:23.260208,shrek3,glass,9,True,a45d25883979,7.948897999995097,latency-7fc1c8fc748e.csv
2,7fc1c8fc748e,2025-10-15T11:45:23.375944,shrek,DONKEY,320,True,a45d25883979,8.379877999686869,latency-7fc1c8fc748e.csv
2,7fc1c8fc748e,2025-10-15T11:45:23.493235,shrek,on,88,True,72ad01c69167,12.507565000305476,latency-7fc1c8fc748e.csv
2,7fc1c8fc748e,2025-10-15T11:45:23.612745,grail,the,1600,True,1de2274fea60,10.199981999903684,latency-7fc1c8fc748e.csv
2,7fc1c8fc748e,2025-10-15T11:45:23.731741,shrek3,the,1285,True,a45d25883979,13.63667500027077,latency-7fc1c8fc748e.csv
2,7fc1c8fc748e,2025-10-15T11:45:23.853960,grail,for,118,True,72ad01c69167,11.357487000168476,latency-7fc1c8fc748e.csv
2,7fc1c8fc748e,2025-10-15T11:45:23.972963,shrek,Blah,1,True,72ad01c69167,9.246867999991082,latency-7fc1c8fc748e.csv
2,7fc1c8fc748e,2025-10-15T11:45:24.091358,shrek,the,535,True,72ad01c69167,12.80380599973796,latency-7fc1c8fc748e.csv
2,7fc1c8fc748e,2025-10-15T11:45:24.212585,shrek3,WOLF,7,True,72ad01c69167,7.610260000092239,latency-7fc1c8fc748e.csv
2,7fc1c8fc748e,2025-10-15T11:45:24.327712,shrek,way,26,True,72ad01c69167,10.933612999906472,latency-7fc1c8fc748e.csv
2,7fc1c8fc748e,2025-10-15T11:45:24.445651,shrek3,ARTIE,213,True,72ad01c69167,9.232219999830704,latency-7fc1c8fc748e.csv
2,7fc1c8fc748e,2025-10-15T11:45:24.561170,grail,time,33,True,72ad01c69167,7.765071999983775,latency-7fc1c8fc748e.csv
2,7fc1c8fc748e,2025-10-15T11:45:24.676128,shrek3,Be,71,True,72ad01c69167,9.26793999997244,latency-7fc1c8fc748e.csv
2,7fc1c8fc748e,2025-10-15T11:45:24.792576,shrek,on,88,True,72ad01c69167,5.996010000217211,latency-7fc1c8fc748e.csv
2,7fc1c8fc748e,2025-10-15T11:45:24.905384,grail,Boom,4,True,72ad01c69167,9.51637700018182,latency-7fc1c8fc748e.csv
1,80658b27d68c,2025-10-15T11:45:16.039920,grail,since,10,True,72ad01c69167,12.441760999990947,latency-80658b27d68c.csv
1,80658b27d68c,2025-10-15T11:45:16.162739,grail,dancing,10,True,72ad01c69167,10.36414700001842,latency-80658b27d68c.csv
1,80658b27d68c,2025-10-15T11:45:16.281042,grail,from,94,True,72ad01c69167,6.3471909998042975,latency-80658b27d68c.csv
1,80658b27d68c,2025-10-15T11:45:16.393163,shrek3,"Suddenly,",0,True,a45d25883979,6.627306999689608,latency-80658b27d68c.csv
1,80658b27d68c,2025-10-15T11:45:16.505512,shrek3,CAPTAIN,41,True,72ad01c69167,5.946052000126656,latency-80658b27d68c.csv
1,80658b27d68c,2025-10-15T11:45:16.617817,shrek3,Guards,23,True,72ad01c69167,7.5257839998812415,latency-80658b27d68c.csv
1,80658b27d68c,2025-10-15T11:45:16.732250,shrek,and,318,True,72ad01c69167,7.606394000049477,latency-80658b27d68c.csv
1,80658b27d68c,2025-10-15T11:45:16.845552,grail,to,718,True,72ad01c69167,7.110104999810574,latency-80658b27d68c.csv
1,80658b27d68c,2025-10-15T11:45:16.957873,shrek3,through,43,True,72ad01c69167,8.509630999924411,latency-80658b27d68c.csv
1,80658b27d68c,2025-10-15T11:45:17.072017,shrek,edge,2,True,72ad01c69167,6.364355000187061,latency-80658b27d68c.csv
1,80658b27d68c,2025-10-15T11:45:17.183790,grail,the,1600,True,72ad01c69167,5.266620999918814,latency-80658b27d68c.csv
1,80658b27d68c,2025-10-15T11:45:17.293863,shrek3,WOLF,7,True,72ad01c69167,6.41898100002436,latency-80658b27d68c.csv
1,80658b27d68c,2025-10-15T11:45:17.407184,shrek3,glass,9,True,72ad01c69167,6.506882999929076,latency-80658b27d68c.csv
1,80658b27d68c,2025-10-15T11:45:17.519756,grail,"lute,",0,True,72ad01c69167,6.776166000236117,latency-80658b27d68c.csv
1,80658b27d68c,2025-10-15T11:45:17.633783,shrek,DONKEY,320,True,72ad01c69167,13.617231999887736,latency-80658b27d68c.csv
1,80658b27d68c,2025-10-15T11:45:17.755179,shrek,and,318,True,a45d25883979,6.837290000021312,latency-80658b27d68c.csv
1,80658b27d68c,2025-10-15T11:45:17.868746,grail,thus,5,True,a45d25883979,6.658622000031755,latency-80658b27d68c.csv
1,80658b27d68c,2025-10-15T11:45:17.982422,shrek,DONKEY,320,True,1de2274fea60,12.337573999957383,latency-80658b27d68c.csv
1,80658b27d68c,2025-10-15T11:45:18.103075,shrek,a,305,True,72ad01c69167,9.141558999999688,latency-80658b27d68c.csv
1,80658b27d68c,2025-10-15T11:45:18.219375,shrek3,cosmic,1,True,72ad01c69167,7.875646000229608,latency-80658b27d68c.csv
2,80658b27d68c,2025-10-15T11:45:18.333905,grail,since,10,True,1de2274fea60,12.249907999830612,latency-80658b27d68c.csv
2,80658b27d68c,2025-10-15T11:45:18.462490,grail,dancing,10,True,1de2274fea60,19.148128999859185,latency-80658b27d68c.csv
2,80658b27d68c,2025-10-15T11:45:18.590996,grail,from,94,True,1de2274fea60,11.44049399999858,latency-80658b27d68c.csv
2,80658b27d68c,2025-10-15T11:45:18.716979,shrek3,"Suddenly,",0,True,1de2274fea60,20.24805800010654,latency-80658b27d68c.csv
2,80658b27d68c,2025-10-15T11:45:18.851242,shrek3,CAPTAIN,41,True,a45d25883979,7.586203000300884,latency-80658b27d68c.csv
2,80658b27d68c,2025-10-15T11:45:18.966574,shrek3,Guards,23,True,a45d25883979,4.736847000003763,latency-80658b27d68c.csv
2,80658b27d68c,2025-10-15T11:45:19.080165,shrek,and,318,True,a45d25883979,5.649130000165314,latency-80658b27d68c.csv
2,80658b27d68c,2025-10-15T11:45:19.193033,grail,to,718,True,a45d25883979,5.836435999754031,latency-80658b27d68c.csv
2,80658b27d68c,2025-10-15T11:45:19.304620,shrek3,through,43,True,a45d25883979,5.008549999729439,latency-80658b27d68c.csv
2,80658b27d68c,2025-10-15T11:45:19.414830,shrek,edge,2,True,a45d25883979,5.111271000259876,latency-80658b27d68c.csv
2,80658b27d68c,2025-10-15T11:45:19.526007,grail,the,1600,True,a45d25883979,6.359252000038396,latency-80658b27d68c.csv
2,80658b27d68c,2025-10-15T11:45:19.638616,shrek3,WOLF,7,True,a45d25883979,6.384651000189479,latency-80658b27d68c.csv
2,80658b27d68c,2025-10-15T11:45:19.750921,shrek3,glass,9,True,72ad01c69167,10.11743699973522,latency-80658b27d68c.csv
2,80658b27d68c,2025-10-15T11:45:19.869425,grail,"lute,",0,True,a45d25883979,7.247525000366295,latency-80658b27d68c.csv
2,80658b27d68c,2025-10-15T11:45:19.984025,shrek,DONKEY,320,True,1de2274fea60,7.280859999809763,latency-80658b27d68c.csv
2,80658b27d68c,2025-10-15T11:45:20.097142,shrek,and,318,True,72ad01c69167,9.204270000282122,latency-80658b27d68c.csv
2,80658b27d68c,2025-10-15T11:45:20.217676,grail,thus,5,True,72ad01c69167,14.942494000024451,latency-80658b27d68c.csv
2,80658b27d68c,2025-10-15T11:45:20.349046,shrek,DONKEY,320,True,a45d25883979,8.727766999982123,latency-80658b27d68c.csv
2,80658b27d68c,2025-10-15T11:45:20.466983,shrek,a,305,True,1de2274fea60,6.959540000025299,latency-80658b27d68c.csv
2,80658b27d68c,2025-10-15T11:45:20.580815,shrek3,cosmic,1,True,72ad01c69167,9.512330000234217,latency-80658b27d68c.csv
1,80b023dfa34e,2025-10-15T11:45:10.027861,grail,king,136,True,a45d25883979,6.6714529998535,latency-80b023dfa34e.csv
1,80b023dfa34e,2025-10-15T11:45:10.140526,shrek,after,10,True,a45d25883979,4.560166999908688,latency-80b023dfa34e.csv
1,80b023dfa34e,2025-10-15T11:45:10.254235,shrek3,time,23,True,a45d25883979,8.119202000216319,latency-80b023dfa34e.csv
1,80b023dfa34e,2025-10-15T11:45:10.368637,shrek3,SNOW,49,True,a45d25883979,5.08645499985505,latency-80b023dfa34e.csv
1,80b023dfa34e,2025-10-15T11:45:10.478705,shrek3,TO,511,True,1de2274fea60,7.82811999988553,latency-80b023dfa34e.csv
1,80b023dfa34e,2025-10-15T11:45:10.592714,shrek3,cues,3,True,a45d25883979,5.6714679999458895,latency-80b023dfa34e.csv
1,80b023dfa34e,2025-10-15T11:45:10.704192,shrek3,Shrek,678,True,72ad01c69167,7.445388000178355,latency-80b023dfa34e.csv
1,80b023dfa34e,2025-10-15T11:45:10.818257,shrek,help,5,True,1de2274fea60,20.10057400002552,latency-80b023dfa34e.csv
1,80b023dfa34e,2025-10-15T11:45:10.972516,grail,from,94,True,72ad01c69167,11.56737199971758,latency-80b023dfa34e.csv
1,80b023dfa34e,2025-10-15T11:45:11.099706,shrek,SHREK,433,True,1de2274fea60,8.118827000089368,latency-80b023dfa34e.csv
1,80b023dfa34e,2025-10-15T11:45:11.215482,grail,about,49,True,72ad01c69167,27.628962000108004,latency-80b023dfa34e.csv
1,80b023dfa34e,2025-10-15T11:45:11.387036,shrek,Shrek,433,True,72ad01c69167,18.188706999808343,latency-80b023dfa34e.csv
1,80b023dfa34e,2025-10-15T11:45:11.515834,shrek3,DWARF,10,True,72ad01c69167,34.90017000012813,latency-80b023dfa34e.csv
1,80b023dfa34e,2025-10-15T11:45:11.672511,shrek,FARQUAAD,84,True,1de2274fea60,30.30307800008813,latency-80b023dfa34e.csv
1,80b023dfa34e,2025-10-15T11:45:11.817564,shrek3,116,1,True,a45d25883979,24.323123999693053,latency-80b023dfa34e.csv
1,80b023dfa34e,2025-10-15T11:45:11.965363,shrek,FIONA,211,True,72ad01c69167,13.93426399999953,latency-80b023dfa34e.csv
1,80b023dfa34e,2025-10-15T11:45:12.100020,shrek3,DONKEY,243,True,72ad01c69167,21.677109000393106,latency-80b023dfa34e.csv
1,80b023dfa34e,2025-10-15T11:45:12.246650,grail,the,1600,True,72ad01c69167,20.653794000281778,latency-80b023dfa34e.csv
1,80b023dfa34e,2025-10-15T11:45:12.387629,shrek,its,1,True,a45d25883979,22.16636999992261,latency-80b023dfa34e.csv
1,80b023dfa34e,2025-10-15T11:45:12.538319,shrek3,Donkey,243,True,a45d25883979,18.18764400013606,latency-80b023dfa34e.csv
2,80b023dfa34e,2025-10-15T11:45:12.691674,grail,king,136,True,72ad01c69167,19.494757000302343,latency-80b023dfa34e.csv
2,80b023dfa34e,2025-10-15T11:45:12.830132,shrek,after,10,True,72ad01c69167,20.15239499996824,latency-80b023dfa34e.csv
2,80b023dfa34e,2025-10-15T11:45:12.959152,shrek3,time,23,True,1de2274fea60,16.4451860000554,latency-80b023dfa34e.csv
2,80b023dfa34e,2025-10-15T11:45:13.101366,shrek3,SNOW,49,True,a45d25883979,12.181746999885943,latency-80b023dfa34e.csv
2,80b023dfa34e,2025-10-15T11:45:13.221297,shrek3,TO,511,True,1de2274fea60,14.305641000191828,latency-80b023dfa34e.csv
2,80b023dfa34e,2025-10-15T11:45:13.346478,shrek3,cues,3,True,a45d25883979,13.704486999813524,latency-80b023dfa34e.csv
2,80b023dfa34e,2025-10-15T11:45:13.483726,shrek3,Shrek,678,True,a45d25883979,13.538800999867815,latency-80b023dfa34e.csv
2,80b023dfa34e,2025-10-15T11:45:13.610060,shrek,help,5,True,a45d25883979,59.846246000233805,latency-80b023dfa34e.csv
2,80b023dfa34e,2025-10-15T11:45:13.875837,grail,from,94,True,1de2274fea60,89.61347700005717,latency-80b023dfa34e.csv
2,80b023dfa34e,2025-10-15T11:45:14.120048,shrek,SHREK,433,True,1de2274fea60,21.4691349997338,latency-80b023dfa34e.csv
2,80b023dfa34e,2025-10-15T11:45:14.268124,grail,about,49,True,a45d25883979,29.187092000029224,latency-80b023dfa34e.csv
2,80b023dfa34e,2025-10-15T11:45:14.429657,shrek,Shrek,433,True,1de2274fea60,23.04402299978392,latency-80b023dfa34e.csv
2,80b023dfa34e,2025-10-15T11:45:14.601698,shrek3,DWARF,10,True,a45d25883979,7.514906999858795,latency-80b023dfa34e.csv
2,80b023dfa34e,2025-10-15T11:45:14.715563,shrek,FARQUAAD,84,True,a45d25883979,5.447231000289321,latency-80b023dfa34e.csv
2,80b023dfa34e,2025-10-15T11:45:14.826627,shrek3,116,1,True,a45d25883979,4.555879000236018,latency-80b023dfa34e.csv
2,80b023dfa34e,2025-10-15T11:45:14.935680,shrek,FIONA,211,True,a45d25883979,4.335350000019389,latency-80b023dfa34e.csv
2,80b023dfa34e,2025-10-15T11:45:15.044980,shrek3,DONKEY,243,True,a45d25883979,7.521854000060557,latency-80b023dfa34e.csv
2,80b023dfa34e,2025-10-15T11:45:15.159095,grail,the,1600,True,a45d25883979,5.08140000010826,latency-80b023dfa34e.csv
2,80b023dfa34e,2025-10-15T11:45:15.269596,shrek,its,1,True,a45d25883979,4.560387999845261,latency-80b023dfa34e.csv
2,80b023dfa34e,2025-10-15T11:45:15.378678,shrek3,Donkey,243,True,a45d25883979,7.024162999641703,latency-80b023dfa34e.csv
1,81d12c9ba88b,2025-10-15T11:45:08.917396,shrek3,SNOW,49,True,a45d25883979,6.387382999946567,latency-81d12c9ba88b.csv
1,81d12c9ba88b,2025-10-15T11:45:09.029505,shrek3,PUSS,196,True,a45d25883979,7.148858000164182,latency-81d12c9ba88b.csv
1,81d12c9ba88b,2025-10-15T11:45:09.142217,shrek,and,318,True,a45d25883979,11.724620999757462,latency-81d12c9ba88b.csv
1,81d12c9ba88b,2025-10-15T11:45:09.261465,grail,elected,2,True,72ad01c69167,9.208035000028758,latency-81d12c9ba88b.csv
1,81d12c9ba88b,2025-10-15T11:45:09.377224,shrek3,"meet""",0,True,a45d25883979,21.78883499982476,latency-81d12c9ba88b.csv
1,81d12c9ba88b,2025-10-15T11:45:09.507770,grail,19Prince,0,True,72ad01c69167,8.95840999965003,latency-81d12c9ba88b.csv
1,81d12c9ba88b,2025-10-15T11:45:09.628572,grail,for,118,True,a45d25883979,7.626812000125938,latency-81d12c9ba88b.csv
1,81d12c9ba88b,2025-10-15T11:45:09.744199,grail,since,10,True,72ad01c69167,6.397598000148719,latency-81d12c9ba88b.csv
1,81d12c9ba88b,2025-10-15T11:45:09.857146,grail,Michael,11,True,a45d25883979,8.672464000028413,latency-81d12c9ba88b.csv
1,81d12c9ba88b,2025-10-15T11:45:09.974595,shrek3,WOLF,7,True,a45d25883979,6.452255999647605,latency-81d12c9ba88b.csv
1,81d12c9ba88b,2025-10-15T11:45:10.086184,grail,to,718,True,a45d25883979,8.973648999926809,latency-81d12c9ba88b.csv
1,81d12c9ba88b,2025-10-15T11:45:10.202406,shrek3,still,18,True,a45d25883979,7.80958500035922,latency-81d12c9ba88b.csv
1,81d12c9ba88b,2025-10-15T11:45:10.321846,grail,Butts,2,True,a45d25883979,5.395830999987084,latency-81d12c9ba88b.csv
1,81d12c9ba88b,2025-10-15T11:45:10.433674,shrek,number,8,True,72ad01c69167,5.929689999902621,latency-81d12c9ba88b.csv
1,81d12c9ba88b,2025-10-15T11:45:10.545077,shrek,FIONA,211,True,72ad01c69167,6.186618999890925,latency-81d12c9ba88b.csv
1,81d12c9ba88b,2025-10-15T11:45:10.657448,grail,TV,2,True,72ad01c69167,9.701965000203929,latency-81d12c9ba88b.csv
1,81d12c9ba88b,2025-10-15T11:45:10.776417,shrek,Is,132,True,72ad01c69167,9.352792000299814,latency-81d12c9ba88b.csv
1,81d12c9ba88b,2025-10-15T11:45:10.941815,grail,Aaaaugh,9,True,72ad01c69167,15.331369999785238,latency-81d12c9ba88b.csv
1,81d12c9ba88b,2025-10-15T11:45:11.068390,grail,it,279,True,72ad01c69167,15.013151000403012,latency-81d12c9ba88b.csv
1,81d12c9ba88b,2025-10-15T11:45:11.205314,shrek,after,10,True,a45d25883979,21.10349499980657,latency-81d12c9ba88b.csv
2,81d12c9ba88b,2025-10-15T11:45:11.345354,shrek3,SNOW,49,True,72ad01c69167,14.161224999952536,latency-81d12c9ba88b.csv
2,81d12c9ba88b,2025-10-15T11:45:11.478385,shrek3,PUSS,196,True,1de2274fea60,27.102509000087597,latency-81d12c9ba88b.csv
2,81d12c9ba88b,2025-10-15T11:45:11.637443,shrek,and,318,True,72ad01c69167,16.49018399984925,latency-81d12c9ba88b.csv
2,81d12c9ba88b,2025-10-15T11:45:11.791575,grail,elected,2,True,a45d25883979,16.55724000011105,latency-81d12c9ba88b.csv
2,81d12c9ba88b,2025-10-15T11:45:11.924440,shrek3,"meet""",0,True,a45d25883979,10.502382000140642,latency-81d12c9ba88b.csv
2,81d12c9ba88b,2025-10-15T11:45:12.047524,grail,19Prince,0,True,a45d25883979,9.289191999869216,latency-81d12c9ba88b.csv
2,81d12c9ba88b,2025-10-15T11:45:12.169868,grail,for,118,True,72ad01c69167,9.850658000232215,latency-81d12c9ba88b.csv
2,81d12c9ba88b,2025-10-15T11:45:12.294424,grail,since,10,True,72ad01c69167,21.615760000258888,latency-81d12c9ba88b.csv
2,81d12c9ba88b,2025-10-15T11:45:12.427505,grail,Michael,11,True,72ad01c69167,18.94523700002537,latency-81d12c9ba88b.csv
2,81d12c9ba88b,2025-10-15T11:45:12.568466,shrek3,WOLF,7,True,72ad01c69167,26.457434000349167,latency-81d12c9ba88b.csv
2,81d12c9ba88b,2025-10-15T11:45:12.718028,grail,to,718,True,1de2274fea60,21.779067999887047,latency-81d12c9ba88b.csv
2,81d12c9ba88b,2025-10-15T11:45:12.858555,shrek3,still,18,True,a45d25883979,11.160319999817148,latency-81d12c9ba88b.csv
2,81d12c9ba88b,2025-10-15T11:45:12.980637,grail,Butts,2,True,a45d25883979,19.42994999990333,latency-81d12c9ba88b.csv
2,81d12c9ba88b,2025-10-15T11:45:13.124104,shrek,number,8,True,72ad01c69167,9.939897000094788,latency-81d12c9ba88b.csv
2,81d12c9ba88b,2025-10-15T11:45:13.245494,shrek,FIONA,211,True,72ad01c69167,10.97049000009065,latency-81d12c9ba88b.csv
2,81d12c9ba88b,2025-10-15T11:45:13.374532,grail,TV,2,True,1de2274fea60,15.230088000407704,latency-81d12c9ba88b.csv
2,81d12c9ba88b,2025-10-15T11:45:13.503771,shrek,Is,132,True,1de2274fea60,17.914162000124634,latency-81d12c9ba88b.csv
2,81d12c9ba88b,2025-10-15T11:45:13.634726,grail,Aaaaugh,9,True,1de2274fea60,32.332967999991524,latency-81d12c9ba88b.csv
2,81d12c9ba88b,2025-10-15T11:45:13.838509,grail,it,279,True,a45d25883979,74.08010200015269,latency-81d12c9ba88b.csv
2,81d12c9ba88b,2025-10-15T11:45:14.076483,shrek,after,10,True,1de2274fea60,18.488229000013234,latency-81d12c9ba88b.csv
1,81faf460b77b,2025-10-15T11:45:06.895773,grail,and,722,True,1de2274fea60,8.395436000228074,latency-81faf460b77b.csv
1,81faf460b77b,2025-10-15T11:45:07.010772,grail,king,136,True,1de2274fea60,18.94984199998362,latency-81faf460b77b.csv
1,81faf460b77b,2025-10-15T11:45:07.144680,shrek,Blah,1,True,a45d25883979,9.491946999787617,latency-81faf460b77b.csv
1,81faf460b77b,2025-10-15T11:45:07.262785,grail,the,1600,True,72ad01c69167,14.352353000049334,latency-81faf460b77b.csv
1,81faf460b77b,2025-10-15T11:45:07.396215,grail,LTD,6,True,a45d25883979,10.638950999691588,latency-81faf460b77b.csv
1,81faf460b77b,2025-10-15T11:45:07.516672,grail,rows,1,True,a45d25883979,9.741497000050003,latency-81faf460b77b.csv
1,81faf460b77b,2025-10-15T11:45:07.637451,grail,54,2,False,72ad01c69167,20.262419000118825,latency-81faf460b77b.csv
1,81faf460b77b,2025-10-15T11:45:07.766654,grail,the,1600,True,72ad01c69167,13.381195999954798,latency-81faf460b77b.csv
1,81faf460b77b,2025-10-15T11:45:07.892644,shrek3,cues,3,True,72ad01c69167,6.930474999990111,latency-81faf460b77b.csv
1,81faf460b77b,2025-10-15T11:45:08.007293,grail,rows,1,True,a45d25883979,9.599160999641754,latency-81faf460b77b.csv
1,81faf460b77b,2025-10-15T11:45:08.135681,shrek,tale,7,True,a45d25883979,11.602038000091852,latency-81faf460b77b.csv
1,81faf460b77b,2025-10-15T11:45:08.260593,shrek3,cues,3,True,a45d25883979,11.222641000131262,latency-81faf460b77b.csv
1,81faf460b77b,2025-10-15T11:45:08.385286,shrek3,SHREK,678,True,a45d25883979,10.13252700022349,latency-81faf460b77b.csv
1,81faf460b77b,2025-10-15T11:45:08.506901,shrek3,Hold,8,True,72ad01c69167,4.933276999963709,latency-81faf460b77b.csv
1,81faf460b77b,2025-10-15T11:45:08.618515,shrek,afraid,8,True,a45d25883979,4.552046999833692,latency-81faf460b77b.csv
1,81faf460b77b,2025-10-15T11:45:08.729094,shrek3,BOAT,32,True,a45d25883979,6.981748999805859,latency-81faf460b77b.csv
1,81faf460b77b,2025-10-15T11:45:08.843708,shrek3,glass,9,True,a45d25883979,6.2722650000068825,latency-81faf460b77b.csv
1,81faf460b77b,2025-10-15T11:45:08.955616,grail,Footnote,4,True,a45d25883979,5.292947000270942,latency-81faf460b77b.csv
1,81faf460b77b,2025-10-15T11:45:09.066309,shrek,DONKEY,320,True,a45d25883979,7.111205000001064,latency-81faf460b77b.csv
1,81faf460b77b,2025-10-15T11:45:09.178445,shrek,SHREK,433,True,a45d25883979,6.2938420001046325,latency-81faf460b77b.csv
2,81faf460b77b,2025-10-15T11:45:09.290687,grail,and,722,True,a45d25883979,6.338904000131151,latency-81faf460b77b.csv
2,81faf460b77b,2025-10-15T11:45:09.402971,grail,king,136,True,72ad01c69167,6.870311000056972,latency-81faf460b77b.csv
2,81faf460b77b,2025-10-15T11:45:09.515665,shrek,Blah,1,True,a45d25883979,12.738516999888816,latency-81faf460b77b.csv
2,81faf460b77b,2025-10-15T11:45:09.636552,grail,the,1600,True,72ad01c69167,7.429648000197631,latency-81faf460b77b.csv
2,81faf460b77b,2025-10-15T11:45:09.752571,grail,LTD,6,True,a45d25883979,5.925316000229941,latency-81faf460b77b.csv
2,81faf460b77b,2025-10-15T11:45:09.865616,grail,rows,1,True,72ad01c69167,7.334787000218057,latency-81faf460b77b.csv
2,81faf460b77b,2025-10-15T11:45:09.985079,grail,54,2,True,72ad01c69167,5.45286800024769,latency-81faf460b77b.csv
2,81faf460b77b,2025-10-15T11:45:10.097770,grail,the,1600,True,72ad01c69167,6.98797699988063,latency-81faf460b77b.csv
2,81faf460b77b,2025-10-15T11:45:10.211854,shrek3,cues,3,True,72ad01c69167,9.59952700031863,latency-81faf460b77b.csv
2,81faf460b77b,2025-10-15T11:45:10.335142,grail,rows,1,True,a45d25883979,5.372736000026634,latency-81faf460b77b.csv
2,81faf460b77b,2025-10-15T11:45:10.445585,shrek,tale,7,True,a45d25883979,5.948557000010624,latency-81faf460b77b.csv
2,81faf460b77b,2025-10-15T11:45:10.557515,shrek3,cues,3,True,a45d25883979,6.760616000065056,latency-81faf460b77b.csv
2,81faf460b77b,2025-10-15T11:45:10.669429,shrek3,SHREK,678,True,1de2274fea60,7.186283000010008,latency-81faf460b77b.csv
2,81faf460b77b,2025-10-15T11:45:10.786183,shrek3,Hold,8,True,1de2274fea60,14.708233999954246,latency-81faf460b77b.csv
2,81faf460b77b,2025-10-15T11:45:10.909493,shrek,afraid,8,True,1de2274fea60,10.056589000214444,latency-81faf460b77b.csv
2,81faf460b77b,2025-10-15T11:45:11.029338,shrek3,BOAT,32,True,a45d25883979,34.58713300005911,latency-81faf460b77b.csv
2,81faf460b77b,2025-10-15T11:45:11.177485,shrek3,glass,9,True,1de2274fea60,32.612622999749874,latency-81faf460b77b.csv
2,81faf460b77b,2025-10-15T11:45:11.340939,grail,Footnote,4,True,a45d25883979,9.48462800033667,latency-81faf460b77b.csv
2,81faf460b77b,2025-10-15T11:45:11.464829,shrek,DONKEY,320,True,a45d25883979,19.400642999698903,latency-81faf460b77b.csv
2,81faf460b77b,2025-10-15T11:45:11.624479,shrek,SHREK,433,True,a45d25883979,9.642979000091144,latency-81faf460b77b.csv
1,84d977c85194,2025-10-15T11:45:49.762858,grail,LANCELOT,59,True,72ad01c69167,6.445205000090937,latency-84d977c85194.csv
1,84d977c85194,2025-10-15T11:45:49.876096,shrek,number,8,True,72ad01c69167,7.838188999812701,latency-84d977c85194.csv
1,84d977c85194,2025-10-15T11:45:49.992769,shrek,(standing,0,True,72ad01c69167,7.234394000079192,latency-84d977c85194.csv
1,84d977c85194,2025-10-15T11:45:50.108813,shrek,But,73,True,72ad01c69167,7.190378999894165,latency-84d977c85194.csv
1,84d977c85194,2025-10-15T11:45:50.225615,shrek3,me,72,True,72ad01c69167,9.83875200017792,latency-84d977c85194.csv
1,84d977c85194,2025-10-15T11:45:50.344877,grail,“I,0,True,72ad01c69167,5.333495999821025,latency-84d977c85194.csv
1,84d977c85194,2025-10-15T11:45:50.457636,shrek,fair,2,True,72ad01c69167,6.452804000218748,latency-84d977c85194.csv
1,84d977c85194,2025-10-15T11:45:50.572074,shrek3,of,275,True,72ad01c69167,7.957737999731762,latency-84d977c85194.csv
1,84d977c85194,2025-10-15T11:45:50.687447,grail,are,114,True,72ad01c69167,5.135520999829168,latency-84d977c85194.csv
1,84d977c85194,2025-10-15T11:45:50.798722,shrek,on,88,True,72ad01c69167,8.272509000107675,latency-84d977c85194.csv
1,84d977c85194,2025-10-15T11:45:50.916392,shrek3,showing,1,True,72ad01c69167,11.551444999895466,latency-84d977c85194.csv
1,84d977c85194,2025-10-15T11:45:51.038787,shrek3,They,80,True,a45d25883979,5.913716000122804,latency-84d977c85194.csv
1,84d977c85194,2025-10-15T11:45:51.151292,shrek3,116,1,True,72ad01c69167,10.164679999888904,latency-84d977c85194.csv
1,84d977c85194,2025-10-15T11:45:51.271537,grail,Cleese,10,True,a45d25883979,7.518633000017871,latency-84d977c85194.csv
1,84d977c85194,2025-10-15T11:45:51.389250,shrek,What,104,True,a45d25883979,9.61854300021514,latency-84d977c85194.csv
1,84d977c85194,2025-10-15T11:45:51.508918,shrek,SHREK,433,True,72ad01c69167,14.290321000316908,latency-84d977c85194.csv
1,84d977c85194,2025-10-15T11:45:51.637661,grail,rows,1,True,72ad01c69167,8.566105000227253,latency-84d977c85194.csv
1,84d977c85194,2025-10-15T11:45:51.754117,grail,cross,13,True,72ad01c69167,6.705616000090231,latency-84d977c85194.csv
1,84d977c85194,2025-10-15T11:45:51.867060,shrek3,Donkey,243,True,1de2274fea60,13.300346000050922,latency-84d977c85194.csv
1,84d977c85194,2025-10-15T11:45:51.988766,shrek3,"meet""",0,True,72ad01c69167,17.706728000121075,latency-84d977c85194.csv
2,84d977c85194,2025-10-15T11:45:52.116909,grail,LANCELOT,59,True,72ad01c69167,30.82399799995983,latency-84d977c85194.csv
2,84d977c85194,2025-10-15T11:45:52.265275,shrek,number,8,True,72ad01c69167,5.8335519997854135,latency-84d977c85194.csv
2,84d977c85194,2025-10-15T11:45:52.380607,shrek,(standing,0,True,a45d25883979,9.122543000103178,latency-84d977c85194.csv
2,84d977c85194,2025-10-15T11:45:52.501349,shrek,But,73,True,a45d25883979,12.089871000171115,latency-84d977c85194.csv
2,84d977c85194,2025-10-15T11:45:52.627301,shrek3,me,72,True,a45d25883979,10.333163000268542,latency-84d977c85194.csv
2,84d977c85194,2025-10-15T11:45:52.752094,grail,“I,0,True,a45d25883979,9.807214999909776,latency-84d977c85194.csv
2,84d977c85194,2025-10-15T11:45:52.875210,shrek,fair,2,True,a45d25883979,7.563385000139533,latency-84d977c85194.csv
2,84d977c85194,2025-10-15T11:45:52.996131,shrek3,of,275,True,a45d25883979,17.1172509999451,latency-84d977c85194.csv
2,84d977c85194,2025-10-15T11:45:53.127918,grail,are,114,True,a45d25883979,7.44964900013656,latency-84d977c85194.csv
2,84d977c85194,2025-10-15T11:45:53.250886,shrek,on,88,True,a45d25883979,9.242064999853028,latency-84d977c85194.csv
2,84d977c85194,2025-10-15T11:45:53.380400,shrek3,showing,1,True,a45d25883979,61.81595699990794,latency-84d977c85194.csv
2,84d977c85194,2025-10-15T11:45:53.581977,shrek3,They,80,True,72ad01c69167,17.5543230002404,latency-84d977c85194.csv
2,84d977c85194,2025-10-15T11:45:53.711131,shrek3,116,1,True,72ad01c69167,19.78520300008313,latency-84d977c85194.csv
2,84d977c85194,2025-10-15T11:45:53.859386,grail,Cleese,10,True,a45d25883979,10.20309500017902,latency-84d977c85194.csv
2,84d977c85194,2025-10-15T11:45:53.981878,shrek,What,104,True,72ad01c69167,20.741576999625977,latency-84d977c85194.csv
2,84d977c85194,2025-10-15T11:45:54.123803,shrek,SHREK,433,True,72ad01c69167,21.164776999739843,latency-84d977c85194.csv
2,84d977c85194,2025-10-15T11:45:54.257830,grail,rows,1,True,72ad01c69167,19.974650999756705,latency-84d977c85194.csv
2,84d977c85194,2025-10-15T11:45:54.390623,grail,cross,13,True,1de2274fea60,23.14700300030381,latency-84d977c85194.csv
2,84d977c85194,2025-10-15T11:45:54.556971,shrek3,Donkey,243,True,a45d25883979,63.88482700003806,latency-84d977c85194.csv
2,84d977c85194,2025-10-15T11:45:54.760782,shrek3,"meet""",0,True,72ad01c69167,22.312052999950534,latency-84d977c85194.csv
1,8512fd0b86f5,2025-10-15T11:45:32.211397,grail,is,317,True,72ad01c69167,5.4256650000752416,latency-8512fd0b86f5.csv
1,8512fd0b86f5,2025-10-15T11:45:32.322841,grail,is,317,True,a45d25883979,7.57430400017256,latency-8512fd0b86f5.csv
1,8512fd0b86f5,2025-10-15T11:45:32.437101,shrek,placed,1,True,a45d25883979,7.798550000188698,latency-8512fd0b86f5.csv
1,8512fd0b86f5,2025-10-15T11:45:32.551868,grail,door,14,True,a45d25883979,8.588429999690561,latency-8512fd0b86f5.csv
1,8512fd0b86f5,2025-10-15T11:45:32.666745,shrek3,supposed,11,True,a45d25883979,5.928872999902524,latency-8512fd0b86f5.csv
1,8512fd0b86f5,2025-10-15T11:45:32.779175,grail,at,104,True,a45d25883979,9.68213200030732,latency-8512fd0b86f5.csv
1,8512fd0b86f5,2025-10-15T11:45:32.898012,shrek3,"Suddenly,",0,True,a45d25883979,5.800949999866134,latency-8512fd0b86f5.csv
1,8512fd0b86f5,2025-10-15T11:45:33.010203,shrek3,2,8,True,a45d25883979,10.471402000348462,latency-8512fd0b86f5.csv
1,8512fd0b86f5,2025-10-15T11:45:33.127473,grail,is,317,True,a45d25883979,8.093517999895994,latency-8512fd0b86f5.csv
1,8512fd0b86f5,2025-10-15T11:45:33.243118,shrek,you,409,True,a45d25883979,8.225405000302999,latency-8512fd0b86f5.csv
1,8512fd0b86f5,2025-10-15T11:45:33.361979,shrek3,did,14,True,72ad01c69167,8.213506999709352,latency-8512fd0b86f5.csv
1,8512fd0b86f5,2025-10-15T11:45:33.477686,shrek,I,386,True,72ad01c69167,10.679085999981908,latency-8512fd0b86f5.csv
1,8512fd0b86f5,2025-10-15T11:45:33.595483,shrek,DONKEY,320,True,a45d25883979,10.833159999947384,latency-8512fd0b86f5.csv
1,8512fd0b86f5,2025-10-15T11:45:33.716558,grail,the,1600,True,a45d25883979,7.565622000129224,latency-8512fd0b86f5.csv
1,8512fd0b86f5,2025-10-15T11:45:33.830695,shrek3,glass,9,True,a45d25883979,8.985602999928233,latency-8512fd0b86f5.csv
1,8512fd0b86f5,2025-10-15T11:45:33.946560,shrek3,TO,511,True,a45d25883979,7.357317000241892,latency-8512fd0b86f5.csv
1,8512fd0b86f5,2025-10-15T11:45:34.061184,grail,rows,1,True,a45d25883979,4.864318999807438,latency-8512fd0b86f5.csv
1,8512fd0b86f5,2025-10-15T11:45:34.174549,shrek,this,79,True,a45d25883979,6.649410000136413,latency-8512fd0b86f5.csv
1,8512fd0b86f5,2025-10-15T11:45:34.289497,shrek3,Hold,8,True,a45d25883979,8.68042999991303,latency-8512fd0b86f5.csv
1,8512fd0b86f5,2025-10-15T11:45:34.405922,grail,Get,47,True,a45d25883979,6.764839000425127,latency-8512fd0b86f5.csv
2,8512fd0b86f5,2025-10-15T11:45:34.523132,grail,is,317,True,a45d25883979,5.503475000296021,latency-8512fd0b86f5.csv
2,8512fd0b86f5,2025-10-15T11:45:34.634482,grail,is,317,True,a45d25883979,5.400130999987596,latency-8512fd0b86f5.csv
2,8512fd0b86f5,2025-10-15T11:45:34.744862,shrek,placed,1,True,a45d25883979,8.486974000334158,latency-8512fd0b86f5.csv
2,8512fd0b86f5,2025-10-15T11:45:34.860608,grail,door,14,True,a45d25883979,9.17560300013065,latency-8512fd0b86f5.csv
2,8512fd0b86f5,2025-10-15T11:45:34.980381,shrek3,supposed,11,True,a45d25883979,4.973633000190603,latency-8512fd0b86f5.csv
2,8512fd0b86f5,2025-10-15T11:45:35.090150,grail,at,104,True,a45d25883979,6.692204000046331,latency-8512fd0b86f5.csv
2,8512fd0b86f5,2025-10-15T11:45:35.203080,shrek3,"Suddenly,",0,True,a45d25883979,7.228201000089029,latency-8512fd0b86f5.csv
2,8512fd0b86f5,2025-10-15T11:45:35.317033,shrek3,2,8,True,a45d25883979,4.728183999759494,latency-8512fd0b86f5.csv
2,8512fd0b86f5,2025-10-15T11:45:35.426936,grail,is,317,True,a45d25883979,6.71489800015479,latency-8512fd0b86f5.csv
2,8512fd0b86f5,2025-10-15T11:45:35.539776,shrek,you,409,True,a45d25883979,6.874598000194965,latency-8512fd0b86f5.csv
2,8512fd0b86f5,2025-10-15T11:45:35.652672,shrek3,did,14,True,a45d25883979,7.407254000099783,latency-8512fd0b86f5.csv
2,8512fd0b86f5,2025-10-15T11:45:35.767059,shrek,I,386,True,a45d25883979,5.209414000091783,latency-8512fd0b86f5.csv
2,8512fd0b86f5,2025-10-15T11:45:35.877164,shrek,DONKEY,320,True,a45d25883979,6.848693999927491,latency-8512fd0b86f5.csv
2,8512fd0b86f5,2025-10-15T11:45:35.990379,grail,the,1600,True,a45d25883979,7.755330999771104,latency-8512fd0b86f5.csv
2,8512fd0b86f5,2025-10-15T11:45:36.105017,shrek3,glass,9,True,a45d25883979,10.472468999978446,latency-8512fd0b86f5.csv
2,8512fd0b86f5,2025-10-15T11:45:36.223487,shrek3,TO,511,True,72ad01c69167,10.611875999984475,latency-8512fd0b86f5.csv
2,8512fd0b86f5,2025-10-15T11:45:36.346609,grail,rows,1,True,a45d25883979,8.790688999852136,latency-8512fd0b86f5.csv
2,8512fd0b86f5,2025-10-15T11:45:36.463079,shrek,this,79,True,1de2274fea60,12.023680999845965,latency-8512fd0b86f5.csv
2,8512fd0b86f5,2025-10-15T11:45:36.590740,shrek3,Hold,8,True,72ad01c69167,11.224568000216095,latency-8512fd0b86f5.csv
2,8512fd0b86f5,2025-10-15T11:45:36.709199,grail,Get,47,True,a45d25883979,5.903073000354198,latency-8512fd0b86f5.csv
1,89c2aea27287,2025-10-15T11:45:38.728727,shrek3,to,511,True,72ad01c69167,6.144579000192607,latency-89c2aea27287.csv
1,89c2aea27287,2025-10-15T11:45:38.842261,grail,cross,13,True,a45d25883979,8.046838000154821,latency-89c2aea27287.csv
1,89c2aea27287,2025-10-15T11:45:38.958499,grail,since,10,True,a45d25883979,7.89481199990405,latency-89c2aea27287.csv
1,89c2aea27287,2025-10-15T11:45:39.074143,shrek,looks,37,True,72ad01c69167,8.327387999997882,latency-89c2aea27287.csv
1,89c2aea27287,2025-10-15T11:45:39.191799,shrek,HOOD,13,True,a45d25883979,8.76446299980671,latency-89c2aea27287.csv
1,89c2aea27287,2025-10-15T11:45:39.308150,shrek,a,305,True,72ad01c69167,41.95735900020736,latency-89c2aea27287.csv
1,89c2aea27287,2025-10-15T11:45:39.478067,shrek,SHREK,433,True,a45d25883979,37.0248420003918,latency-89c2aea27287.csv
1,89c2aea27287,2025-10-15T11:45:39.646554,grail,"Peng,",0,True,72ad01c69167,16.546675999961735,latency-89c2aea27287.csv
1,89c2aea27287,2025-10-15T11:45:39.774609,shrek3,what,82,True,72ad01c69167,9.35776699998314,latency-89c2aea27287.csv
1,89c2aea27287,2025-10-15T11:45:39.895352,shrek3,-,110,True,a45d25883979,9.923000000071625,latency-89c2aea27287.csv
1,89c2aea27287,2025-10-15T11:45:40.014021,grail,"Peng,",0,True,a45d25883979,19.199053999727766,latency-89c2aea27287.csv
1,89c2aea27287,2025-10-15T11:45:40.149574,shrek3,fall,6,True,72ad01c69167,9.715791999951762,latency-89c2aea27287.csv
1,89c2aea27287,2025-10-15T11:45:40.269143,grail,“I,0,True,72ad01c69167,7.133556000098906,latency-89c2aea27287.csv
1,89c2aea27287,2025-10-15T11:45:40.385758,grail,lost,6,True,72ad01c69167,12.472643999899446,latency-89c2aea27287.csv
1,89c2aea27287,2025-10-15T11:45:40.511709,grail,lost,6,True,72ad01c69167,7.943045000047277,latency-89c2aea27287.csv
1,89c2aea27287,2025-10-15T11:45:40.631076,shrek3,"Bay""",0,True,72ad01c69167,5.634847000237642,latency-89c2aea27287.csv
1,89c2aea27287,2025-10-15T11:45:40.745637,shrek3,Artie,213,True,a45d25883979,10.501580999971338,latency-89c2aea27287.csv
1,89c2aea27287,2025-10-15T11:45:40.877743,grail,for,118,True,72ad01c69167,4.232654999668739,latency-89c2aea27287.csv
1,89c2aea27287,2025-10-15T11:45:40.994058,shrek3,Guards,23,True,72ad01c69167,5.235105000338081,latency-89c2aea27287.csv
1,89c2aea27287,2025-10-15T11:45:41.104993,shrek,minute,3,True,72ad01c69167,6.310291000318102,latency-89c2aea27287.csv
2,89c2aea27287,2025-10-15T11:45:41.217818,shrek3,to,511,True,72ad01c69167,5.212035000113247,latency-89c2aea27287.csv
2,89c2aea27287,2025-10-15T11:45:41.328678,grail,cross,13,True,72ad01c69167,6.092080999678728,latency-89c2aea27287.csv
2,89c2aea27287,2025-10-15T11:45:41.440083,grail,since,10,True,72ad01c69167,6.454094999753579,latency-89c2aea27287.csv
2,89c2aea27287,2025-10-15T11:45:41.551910,shrek,looks,37,True,72ad01c69167,6.113978000030329,latency-89c2aea27287.csv
2,89c2aea27287,2025-10-15T11:45:41.665769,shrek,HOOD,13,True,72ad01c69167,9.464950000165118,latency-89c2aea27287.csv
2,89c2aea27287,2025-10-15T11:45:41.783076,shrek,a,305,True,72ad01c69167,5.693683000117744,latency-89c2aea27287.csv
2,89c2aea27287,2025-10-15T11:45:41.896119,shrek,SHREK,433,True,72ad01c69167,6.787988999803929,latency-89c2aea27287.csv
2,89c2aea27287,2025-10-15T11:45:42.009693,grail,"Peng,",0,True,72ad01c69167,14.75518600000214,latency-89c2aea27287.csv
2,89c2aea27287,2025-10-15T11:45:42.138836,shrek3,what,82,True,72ad01c69167,14.492248999886217,latency-89c2aea27287.csv
2,89c2aea27287,2025-10-15T11:45:42.260449,shrek3,-,110,True,a45d25883979,7.2261029999936,latency-89c2aea27287.csv
2,89c2aea27287,2025-10-15T11:45:42.374055,grail,"Peng,",0,True,72ad01c69167,11.395070000162375,latency-89c2aea27287.csv
2,89c2aea27287,2025-10-15T11:45:42.499185,shrek3,fall,6,True,72ad01c69167,9.516304000044329,latency-89c2aea27287.csv
2,89c2aea27287,2025-10-15T11:45:42.617404,grail,“I,0,True,72ad01c69167,13.651388000198494,latency-89c2aea27287.csv
2,89c2aea27287,2025-10-15T11:45:42.745429,grail,lost,6,True,a45d25883979,9.22359999958644,latency-89c2aea27287.csv
2,89c2aea27287,2025-10-15T11:45:42.862915,grail,lost,6,True,1de2274fea60,9.091708000141807,latency-89c2aea27287.csv
2,89c2aea27287,2025-10-15T11:45:42.984081,shrek3,"Bay""",0,True,1de2274fea60,9.580243000073096,latency-89c2aea27287.csv
2,89c2aea27287,2025-10-15T11:45:43.105181,shrek3,Artie,213,True,1de2274fea60,10.856691999833856,latency-89c2aea27287.csv
2,89c2aea27287,2025-10-15T11:45:43.235077,grail,for,118,True,72ad01c69167,33.89782700014621,latency-89c2aea27287.csv
2,89c2aea27287,2025-10-15T11:45:43.398812,shrek3,Guards,23,True,1de2274fea60,8.957077000104618,latency-89c2aea27287.csv
2,89c2aea27287,2025-10-15T11:45:43.515318,shrek,minute,3,True,1de2274fea60,7.984873999703268,latency-89c2aea27287.csv
1,8e4d221093ae,2025-10-15T11:44:56.525031,grail,a,666,False,72ad01c69167,40.88518100024885,latency-8e4d221093ae.csv
1,8e4d221093ae,2025-10-15T11:44:56.706953,shrek,field,4,False,a45d25883979,38.95311099995524,latency-8e4d221093ae.csv
1,8e4d221093ae,2025-10-15T11:44:56.875748,shrek3,Uh,18,True,1de2274fea60,31.658534999678523,latency-8e4d221093ae.csv
1,8e4d221093ae,2025-10-15T11:44:57.029260,grail,To,718,True,72ad01c69167,23.3092180001222,latency-8e4d221093ae.csv
1,8e4d221093ae,2025-10-15T11:44:57.170347,shrek3,the,1285,True,a45d25883979,30.840662000173324,latency-8e4d221093ae.csv
1,8e4d221093ae,2025-10-15T11:44:57.316634,grail,the,1600,True,a45d25883979,12.765258000399626,latency-8e4d221093ae.csv
1,8e4d221093ae,2025-10-15T11:44:57.443913,shrek,Is,132,True,a45d25883979,9.01884399991104,latency-8e4d221093ae.csv
1,8e4d221093ae,2025-10-15T11:44:57.562917,shrek3,an,51,True,a45d25883979,9.966226999949868,latency-8e4d221093ae.csv
1,8e4d221093ae,2025-10-15T11:44:57.684394,shrek,he,118,True,a45d25883979,12.768333000167331,latency-8e4d221093ae.csv
1,8e4d221093ae,2025-10-15T11:44:57.808970,grail,Cleese,10,True,1de2274fea60,8.70720100010658,latency-8e4d221093ae.csv
1,8e4d221093ae,2025-10-15T11:44:57.927707,grail,Michael,11,False,72ad01c69167,23.311984999963897,latency-8e4d221093ae.csv
1,8e4d221093ae,2025-10-15T11:44:58.061635,shrek,GUARD,25,False,a45d25883979,19.1251569999622,latency-8e4d221093ae.csv
1,8e4d221093ae,2025-10-15T11:44:58.194659,shrek3,-,110,False,a45d25883979,33.62624600003983,latency-8e4d221093ae.csv
1,8e4d221093ae,2025-10-15T11:44:58.341124,shrek,this,79,True,1de2274fea60,24.700492000192757,latency-8e4d221093ae.csv
1,8e4d221093ae,2025-10-15T11:44:58.475304,shrek,tale,7,True,a45d25883979,16.81517499991969,latency-8e4d221093ae.csv
1,8e4d221093ae,2025-10-15T11:44:58.611004,shrek,DONKEY,320,True,a45d25883979,12.785435999830952,latency-8e4d221093ae.csv
1,8e4d221093ae,2025-10-15T11:44:58.736571,grail,from,94,True,a45d25883979,13.122768999892289,latency-8e4d221093ae.csv
1,8e4d221093ae,2025-10-15T11:44:58.864424,shrek3,WHITE,45,True,1de2274fea60,13.994838000144227,latency-8e4d221093ae.csv
1,8e4d221093ae,2025-10-15T11:44:59.029483,shrek,token,1,True,a45d25883979,7.579445999908785,latency-8e4d221093ae.csv
1,8e4d221093ae,2025-10-15T11:44:59.164149,grail,Cleese,10,True,a45d25883979,9.508476000064547,latency-8e4d221093ae.csv
2,8e4d221093ae,2025-10-15T11:44:59.282802,grail,a,666,True,a45d25883979,6.792362999931356,latency-8e4d221093ae.csv
2,8e4d221093ae,2025-10-15T11:44:59.400161,shrek,field,4,True,a45d25883979,20.345584999631683,latency-8e4d221093ae.csv
2,8e4d221093ae,2025-10-15T11:44:59.531924,shrek3,Uh,18,True,1de2274fea60,10.8387970003605,latency-8e4d221093ae.csv
2,8e4d221093ae,2025-10-15T11:44:59.659966,grail,To,718,True,1de2274fea60,8.659602000079758,latency-8e4d221093ae.csv
2,8e4d221093ae,2025-10-15T11:44:59.776573,shrek3,the,1285,True,1de2274fea60,13.91535400034627,latency-8e4d221093ae.csv
2,8e4d221093ae,2025-10-15T11:44:59.902018,grail,the,1600,True,1de2274fea60,15.70300599996699,latency-8e4d221093ae.csv
2,8e4d221093ae,2025-10-15T11:45:00.034032,shrek,Is,132,True,72ad01c69167,21.364447999985718,latency-8e4d221093ae.csv
2,8e4d221093ae,2025-10-15T11:45:00.174347,shrek3,an,51,True,72ad01c69167,22.62344699965979,latency-8e4d221093ae.csv
2,8e4d221093ae,2025-10-15T11:45:00.309804,shrek,he,118,True,72ad01c69167,6.534362999900623,latency-8e4d221093ae.csv
2,8e4d221093ae,2025-10-15T11:45:00.423827,grail,Cleese,10,True,a45d25883979,6.816323999828455,latency-8e4d221093ae.csv
2,8e4d221093ae,2025-10-15T11:45:00.537039,grail,Michael,11,True,a45d25883979,6.037925999862637,latency-8e4d221093ae.csv
2,8e4d221093ae,2025-10-15T11:45:00.649751,shrek,GUARD,25,True,a45d25883979,9.097466000184795,latency-8e4d221093ae.csv
2,8e4d221093ae,2025-10-15T11:45:00.766200,shrek3,-,110,True,72ad01c69167,12.760958000399114,latency-8e4d221093ae.csv
2,8e4d221093ae,2025-10-15T11:45:00.889686,shrek,this,79,True,a45d25883979,10.922860999926344,latency-8e4d221093ae.csv
2,8e4d221093ae,2025-10-15T11:45:01.010383,shrek,tale,7,True,1de2274fea60,15.56692700023632,latency-8e4d221093ae.csv
2,8e4d221093ae,2025-10-15T11:45:01.145512,shrek,DONKEY,320,True,1de2274fea60,11.479693000183032,latency-8e4d221093ae.csv
2,8e4d221093ae,2025-10-15T11:45:01.273304,grail,from,94,True,a45d25883979,14.448071000060736,latency-8e4d221093ae.csv
2,8e4d221093ae,2025-10-15T11:45:01.402368,shrek3,WHITE,45,True,1de2274fea60,14.23457300006703,latency-8e4d221093ae.csv
2,8e4d221093ae,2025-10-15T11:45:01.535480,shrek,token,1,True,a45d25883979,7.232569999814586,latency-8e4d221093ae.csv
2,8e4d221093ae,2025-10-15T11:45:01.654495,grail,Cleese,10,True,a45d25883979,6.496057999811455,latency-8e4d221093ae.csv
1,917ae20d9bf7,2025-10-15T11:45:24.523108,shrek,lay,2,True,1de2274fea60,8.291815999655228,latency-917ae20d9bf7.csv
1,917ae20d9bf7,2025-10-15T11:45:24.638789,grail,to,718,True,1de2274fea60,13.191625000217757,latency-917ae20d9bf7.csv
1,917ae20d9bf7,2025-10-15T11:45:24.760084,shrek,FARQUAAD,84,True,72ad01c69167,5.776424000032421,latency-917ae20d9bf7.csv
1,917ae20d9bf7,2025-10-15T11:45:24.872252,grail,Guard,106,True,72ad01c69167,6.185399000059988,latency-917ae20d9bf7.csv
1,917ae20d9bf7,2025-10-15T11:45:24.986589,grail,right,66,True,72ad01c69167,7.006764999914594,latency-917ae20d9bf7.csv
1,917ae20d9bf7,2025-10-15T11:45:25.100948,grail,Eolio,2,True,72ad01c69167,8.872846000031132,latency-917ae20d9bf7.csv
1,917ae20d9bf7,2025-10-15T11:45:25.218863,shrek3,the,1285,True,72ad01c69167,10.57048200027566,latency-917ae20d9bf7.csv
1,917ae20d9bf7,2025-10-15T11:45:25.336448,shrek,GORDO,5,True,72ad01c69167,9.454586999709136,latency-917ae20d9bf7.csv
1,917ae20d9bf7,2025-10-15T11:45:25.452635,shrek3,cues,3,True,a45d25883979,8.65706600006888,latency-917ae20d9bf7.csv
1,917ae20d9bf7,2025-10-15T11:45:25.569511,shrek,MAN,38,True,72ad01c69167,4.988496000351006,latency-917ae20d9bf7.csv
1,917ae20d9bf7,2025-10-15T11:45:25.680302,grail,Butts,2,True,72ad01c69167,5.684313999609003,latency-917ae20d9bf7.csv
1,917ae20d9bf7,2025-10-15T11:45:25.792653,grail,and,722,True,a45d25883979,10.35591999971075,latency-917ae20d9bf7.csv
1,917ae20d9bf7,2025-10-15T11:45:25.914284,grail,is,317,True,72ad01c69167,6.280330999743455,latency-917ae20d9bf7.csv
1,917ae20d9bf7,2025-10-15T11:45:26.027465,shrek3,to,511,True,72ad01c69167,6.064493999929255,latency-917ae20d9bf7.csv
1,917ae20d9bf7,2025-10-15T11:45:26.140975,shrek3,"Suddenly,",0,True,a45d25883979,5.313516999649437,latency-917ae20d9bf7.csv
1,917ae20d9bf7,2025-10-15T11:45:26.252480,shrek3,BOAT,32,True,a45d25883979,7.310740000320948,latency-917ae20d9bf7.csv
1,917ae20d9bf7,2025-10-15T11:45:26.367680,shrek,its,1,True,a45d25883979,7.864231999974436,latency-917ae20d9bf7.csv
1,917ae20d9bf7,2025-10-15T11:45:26.482568,shrek3,cosmic,1,True,72ad01c69167,15.314688999751525,latency-917ae20d9bf7.csv
1,917ae20d9bf7,2025-10-15T11:45:26.624673,shrek,FARQUAAD,84,True,a45d25883979,15.810363000127836,latency-917ae20d9bf7.csv
1,917ae20d9bf7,2025-10-15T11:45:26.758318,shrek3,"Bay""",0,True,72ad01c69167,8.20188399984545,latency-917ae20d9bf7.csv
2,917ae20d9bf7,2025-10-15T11:45:26.898676,shrek,lay,2,True,a45d25883979,10.808677000113676,latency-917ae20d9bf7.csv
2,917ae20d9bf7,2025-10-15T11:45:27.027754,grail,to,718,True,a45d25883979,9.570494999934454,latency-917ae20d9bf7.csv
2,917ae20d9bf7,2025-10-15T11:45:27.156746,shrek,FARQUAAD,84,True,72ad01c69167,14.994792999914353,latency-917ae20d9bf7.csv
2,917ae20d9bf7,2025-10-15T11:45:27.290623,grail,Guard,106,True,a45d25883979,15.32602199995381,latency-917ae20d9bf7.csv
2,917ae20d9bf7,2025-10-15T11:45:27.425619,grail,right,66,True,1de2274fea60,12.325648000114596,latency-917ae20d9bf7.csv
2,917ae20d9bf7,2025-10-15T11:45:27.546044,grail,Eolio,2,True,72ad01c69167,10.537059999933264,latency-917ae20d9bf7.csv
2,917ae20d9bf7,2025-10-15T11:45:27.668215,shrek3,the,1285,True,1de2274fea60,13.608833000034792,latency-917ae20d9bf7.csv
2,917ae20d9bf7,2025-10-15T11:45:27.798597,shrek,GORDO,5,True,1de2274fea60,36.28436600001805,latency-917ae20d9bf7.csv
2,917ae20d9bf7,2025-10-15T11:45:27.945671,shrek3,cues,3,True,a45d25883979,15.916965000087655,latency-917ae20d9bf7.csv
2,917ae20d9bf7,2025-10-15T11:45:28.084747,shrek,MAN,38,True,72ad01c69167,9.994694999932108,latency-917ae20d9bf7.csv
2,917ae20d9bf7,2025-10-15T11:45:28.214295,grail,Butts,2,True,a45d25883979,19.331274000251145,latency-917ae20d9bf7.csv
2,917ae20d9bf7,2025-10-15T11:45:28.345944,grail,and,722,True,a45d25883979,7.711343999744713,latency-917ae20d9bf7.csv
2,917ae20d9bf7,2025-10-15T11:45:28.465783,grail,is,317,True,a45d25883979,10.376567000093928,latency-917ae20d9bf7.csv
2,917ae20d9bf7,2025-10-15T11:45:28.593150,shrek3,to,511,True,a45d25883979,11.315452999951958,latency-917ae20d9bf7.csv
2,917ae20d9bf7,2025-10-15T11:45:28.727765,shrek3,"Suddenly,",0,True,a45d25883979,16.413466000358312,latency-917ae20d9bf7.csv
2,917ae20d9bf7,2025-10-15T11:45:28.873790,shrek3,BOAT,32,True,a45d25883979,29.829643000084616,latency-917ae20d9bf7.csv
2,917ae20d9bf7,2025-10-15T11:45:29.052020,shrek,its,1,True,72ad01c69167,58.06190300017988,latency-917ae20d9bf7.csv
2,917ae20d9bf7,2025-10-15T11:45:29.255104,shrek3,cosmic,1,True,1de2274fea60,58.96535700003369,latency-917ae20d9bf7.csv
2,917ae20d9bf7,2025-10-15T11:45:29.466699,shrek,FARQUAAD,84,True,a45d25883979,21.310843999799545,latency-917ae20d9bf7.csv
2,917ae20d9bf7,2025-10-15T11:45:29.598508,shrek3,"Bay""",0,True,72ad01c69167,7.2359609998784435,latency-917ae20d9bf7.csv
1,92822a5e4b79,2025-10-15T11:44:51.919381,shrek3,Hold,8,False,a45d25883979,16.257623999990756,latency-92822a5e4b79.csv
1,92822a5e4b79,2025-10-15T11:44:52.042543,shrek,whole,10,False,a45d25883979,14.710128999922745,latency-92822a5e4b79.csv
1,92822a5e4b79,2025-10-15T11:44:52.163884,grail,pseudonym,1,False,a45d25883979,15.658087000247178,latency-92822a5e4b79.csv
1,92822a5e4b79,2025-10-15T11:44:52.287360,shrek,baby,3,False,72ad01c69167,16.446091000034357,latency-92822a5e4b79.csv
1,92822a5e4b79,2025-10-15T11:44:52.411033,shrek3,TO,511,False,1de2274fea60,28.28085000010105,latency-92822a5e4b79.csv
1,92822a5e4b79,2025-10-15T11:44:52.546967,grail,Get,47,True,a45d25883979,16.210647000207246,latency-92822a5e4b79.csv
1,92822a5e4b79,2025-10-15T11:44:52.672819,grail,cross,13,False,1de2274fea60,41.65030200010733,latency-92822a5e4b79.csv
1,92822a5e4b79,2025-10-15T11:44:52.824426,grail,are,114,True,72ad01c69167,7.109358999969118,latency-92822a5e4b79.csv
1,92822a5e4b79,2025-10-15T11:44:52.943962,shrek,Is,132,False,a45d25883979,20.29655999967872,latency-92822a5e4b79.csv
1,92822a5e4b79,2025-10-15T11:44:53.075626,grail,19Prince,0,False,1de2274fea60,28.406995999830546,latency-92822a5e4b79.csv
1,92822a5e4b79,2025-10-15T11:44:53.215066,shrek3,Final,119,False,1de2274fea60,26.23973999970985,latency-92822a5e4b79.csv
1,92822a5e4b79,2025-10-15T11:44:53.354817,grail,-,259,False,a45d25883979,37.40828599984525,latency-92822a5e4b79.csv
1,92822a5e4b79,2025-10-15T11:44:53.501456,shrek,DONKEY,320,True,72ad01c69167,8.464689999982511,latency-92822a5e4b79.csv
1,92822a5e4b79,2025-10-15T11:44:53.617512,shrek,whistles,2,True,a45d25883979,7.050153000363935,latency-92822a5e4b79.csv
1,92822a5e4b79,2025-10-15T11:44:53.736491,shrek,Shrek,433,True,a45d25883979,5.984185000215803,latency-92822a5e4b79.csv
1,92822a5e4b79,2025-10-15T11:44:53.853261,shrek3,ho,8,True,a45d25883979,7.590215999698557,latency-92822a5e4b79.csv
1,92822a5e4b79,2025-10-15T11:44:53.968812,shrek,edge,2,True,a45d25883979,9.56361199996536,latency-92822a5e4b79.csv
1,92822a5e4b79,2025-10-15T11:44:54.090185,grail,thus,5,True,72ad01c69167,9.18151299993042,latency-92822a5e4b79.csv
1,92822a5e4b79,2025-10-15T11:44:54.217781,shrek,I,386,False,a45d25883979,12.500239000019064,latency-92822a5e4b79.csv
1,92822a5e4b79,2025-10-15T11:44:54.344353,shrek,help,5,True,a45d25883979,14.069788999677256,latency-92822a5e4b79.csv
2,92822a5e4b79,2025-10-15T11:44:54.479546,shrek3,Hold,8,True,a45d25883979,7.235095999931218,latency-92822a5e4b79.csv
2,92822a5e4b79,2025-10-15T11:44:54.596296,shrek,whole,10,True,a45d25883979,9.16798199978075,latency-92822a5e4b79.csv
2,92822a5e4b79,2025-10-15T11:44:54.714835,grail,pseudonym,1,True,a45d25883979,22.07838599997558,latency-92822a5e4b79.csv
2,92822a5e4b79,2025-10-15T11:44:54.891645,shrek,baby,3,True,a45d25883979,9.879764999823236,latency-92822a5e4b79.csv
2,92822a5e4b79,2025-10-15T11:44:55.014169,shrek3,TO,511,True,a45d25883979,9.209256999838544,latency-92822a5e4b79.csv
2,92822a5e4b79,2025-10-15T11:44:55.132037,grail,Get,47,True,a45d25883979,10.572567000053825,latency-92822a5e4b79.csv
2,92822a5e4b79,2025-10-15T11:44:55.255412,grail,cross,13,True,1de2274fea60,23.10914600002434,latency-92822a5e4b79.csv
2,92822a5e4b79,2025-10-15T11:44:55.388606,grail,are,114,True,72ad01c69167,59.80444999977408,latency-92822a5e4b79.csv
2,92822a5e4b79,2025-10-15T11:44:55.565544,shrek,Is,132,True,1de2274fea60,10.34730999981548,latency-92822a5e4b79.csv
2,92822a5e4b79,2025-10-15T11:44:55.691473,grail,19Prince,0,True,1de2274fea60,43.82943699965836,latency-92822a5e4b79.csv
2,92822a5e4b79,2025-10-15T11:44:55.874313,shrek3,Final,119,True,72ad01c69167,18.808908999744745,latency-92822a5e4b79.csv
2,92822a5e4b79,2025-10-15T11:44:56.013190,grail,-,259,True,a45d25883979,18.632132999755413,latency-92822a5e4b79.csv
2,92822a5e4b79,2025-10-15T11:44:56.174473,shrek,DONKEY,320,True,a45d25883979,9.999332000006689,latency-92822a5e4b79.csv
2,92822a5e4b79,2025-10-15T11:44:56.319011,shrek,whistles,2,True,a45d25883979,7.74156999978004,latency-92822a5e4b79.csv
2,92822a5e4b79,2025-10-15T11:44:56.436587,shrek,Shrek,433,True,a45d25883979,11.062224000397691,latency-92822a5e4b79.csv
2,92822a5e4b79,2025-10-15T11:44:56.555662,shrek3,ho,8,True,1de2274fea60,48.60761000009006,latency-92822a5e4b79.csv
2,92822a5e4b79,2025-10-15T11:44:56.724185,shrek,edge,2,True,a45d25883979,29.43217599977288,latency-92822a5e4b79.csv
2,92822a5e4b79,2025-10-15T11:44:56.885991,grail,thus,5,True,a45d25883979,22.788220000165893,latency-92822a5e4b79.csv
2,92822a5e4b79,2025-10-15T11:44:57.029253,shrek,I,386,True,72ad01c69167,25.060614999802056,latency-92822a5e4b79.csv
2,92822a5e4b79,2025-10-15T11:44:57.171342,shrek,help,5,True,a45d25883979,29.92932799998016,latency-92822a5e4b79.csv
1,929477d30460,2025-10-15T11:46:12.591519,shrek3,what,82,True,1de2274fea60,10.212995000074445,latency-929477d30460.csv
1,929477d30460,2025-10-15T11:46:12.709976,shrek,don't,72,True,1de2274fea60,10.67886200007706,latency-929477d30460.csv
1,929477d30460,2025-10-15T11:46:12.832200,shrek,you,409,True,a45d25883979,15.431833999627996,latency-929477d30460.csv
1,929477d30460,2025-10-15T11:46:12.993527,grail,THREE-HEADED,8,True,a45d25883979,32.895111000016186,latency-929477d30460.csv
1,929477d30460,2025-10-15T11:46:13.148544,shrek,gone,3,True,a45d25883979,41.75829000041631,latency-929477d30460.csv
1,929477d30460,2025-10-15T11:46:13.343169,shrek,the,535,True,72ad01c69167,33.7733549999939,latency-929477d30460.csv
1,929477d30460,2025-10-15T11:46:13.516837,shrek,SHREK,433,True,a45d25883979,7.928215999982058,latency-929477d30460.csv
1,929477d30460,2025-10-15T11:46:13.638149,shrek,and,318,True,a45d25883979,7.060460000047897,latency-929477d30460.csv
1,929477d30460,2025-10-15T11:46:13.752113,shrek3,time,23,True,72ad01c69167,13.24477099979049,latency-929477d30460.csv
1,929477d30460,2025-10-15T11:46:13.895163,grail,is,317,True,a45d25883979,11.496949000047607,latency-929477d30460.csv
1,929477d30460,2025-10-15T11:46:14.014269,shrek3,DWARF,10,True,a45d25883979,6.039963000148418,latency-929477d30460.csv
1,929477d30460,2025-10-15T11:46:14.126979,grail,"lute,",0,True,a45d25883979,5.464976999974169,latency-929477d30460.csv
1,929477d30460,2025-10-15T11:46:14.238021,grail,Eolio,2,True,a45d25883979,8.27833199991801,latency-929477d30460.csv
1,929477d30460,2025-10-15T11:46:14.353814,grail,from,94,True,a45d25883979,6.2049340003795805,latency-929477d30460.csv
1,929477d30460,2025-10-15T11:46:14.466474,shrek,SHREK,433,True,a45d25883979,6.95677900012015,latency-929477d30460.csv
1,929477d30460,2025-10-15T11:46:14.580682,grail,pseudonym,1,True,a45d25883979,7.194122000328207,latency-929477d30460.csv
1,929477d30460,2025-10-15T11:46:14.693844,grail,Aaaaugh,9,True,72ad01c69167,14.431964000323203,latency-929477d30460.csv
1,929477d30460,2025-10-15T11:46:14.815901,grail,Yeah,13,True,1de2274fea60,8.937555000102293,latency-929477d30460.csv
1,929477d30460,2025-10-15T11:46:14.938606,shrek,"Ha,",0,True,72ad01c69167,8.162831999925402,latency-929477d30460.csv
1,929477d30460,2025-10-15T11:46:15.055189,shrek3,SNOW,49,True,72ad01c69167,14.6324609995645,latency-929477d30460.csv
2,929477d30460,2025-10-15T11:46:15.193680,shrek3,what,82,True,a45d25883979,20.679887999904167,latency-929477d30460.csv
2,929477d30460,2025-10-15T11:46:15.343425,shrek,don't,72,True,1de2274fea60,9.638797000206978,latency-929477d30460.csv
2,929477d30460,2025-10-15T11:46:15.466778,shrek,you,409,True,1de2274fea60,14.844644000277183,latency-929477d30460.csv
2,929477d30460,2025-10-15T11:46:15.600587,grail,THREE-HEADED,8,True,1de2274fea60,33.95280399990952,latency-929477d30460.csv
2,929477d30460,2025-10-15T11:46:15.754397,shrek,gone,3,True,1de2274fea60,9.623928000110029,latency-929477d30460.csv
2,929477d30460,2025-10-15T11:46:15.883135,shrek,the,535,True,a45d25883979,12.3320220000096,latency-929477d30460.csv
2,929477d30460,2025-10-15T11:46:16.017412,shrek,SHREK,433,True,a45d25883979,10.877402000005532,latency-929477d30460.csv
2,929477d30460,2025-10-15T11:46:16.146528,shrek,and,318,True,a45d25883979,24.852905999978248,latency-929477d30460.csv
2,929477d30460,2025-10-15T11:46:16.302152,shrek3,time,23,True,a45d25883979,12.932401999933065,latency-929477d30460.csv
2,929477d30460,2025-10-15T11:46:16.427643,grail,is,317,True,a45d25883979,6.169030000364728,latency-929477d30460.csv
2,929477d30460,2025-10-15T11:46:16.542162,shrek3,DWARF,10,True,a45d25883979,8.002458999726514,latency-929477d30460.csv
2,929477d30460,2025-10-15T11:46:16.657533,grail,"lute,",0,True,a45d25883979,7.699682999827928,latency-929477d30460.csv
2,929477d30460,2025-10-15T11:46:16.772804,grail,Eolio,2,True,a45d25883979,12.410589000410257,latency-929477d30460.csv
2,929477d30460,2025-10-15T11:46:16.893498,grail,from,94,True,a45d25883979,9.349638999992749,latency-929477d30460.csv
2,929477d30460,2025-10-15T11:46:17.009597,shrek,SHREK,433,True,a45d25883979,7.823249000011856,latency-929477d30460.csv
2,929477d30460,2025-10-15T11:46:17.128528,grail,pseudonym,1,True,a45d25883979,9.230741000010312,latency-929477d30460.csv
2,929477d30460,2025-10-15T11:46:17.244985,grail,Aaaaugh,9,True,a45d25883979,8.434009000211518,latency-929477d30460.csv
2,929477d30460,2025-10-15T11:46:17.361418,grail,Yeah,13,True,a45d25883979,7.244321000143827,latency-929477d30460.csv
2,929477d30460,2025-10-15T11:46:17.476452,shrek,"Ha,",0,True,1de2274fea60,16.083749999779684,latency-929477d30460.csv
2,929477d30460,2025-10-15T11:46:17.609258,shrek3,SNOW,49,True,1de2274fea60,9.767537999778142,latency-929477d30460.csv
1,93621a1d02c7,2025-10-15T11:45:33.759897,shrek3,showing,1,True,a45d25883979,5.834150000282534,latency-93621a1d02c7.csv
1,93621a1d02c7,2025-10-15T11:45:33.871168,grail,Who’s,3,True,a45d25883979,5.168935999790847,latency-93621a1d02c7.csv
1,93621a1d02c7,2025-10-15T11:45:33.981225,grail,going,21,True,1de2274fea60,11.90504000032888,latency-93621a1d02c7.csv
1,93621a1d02c7,2025-10-15T11:45:34.099564,grail,(as,0,True,a45d25883979,6.936156999927334,latency-93621a1d02c7.csv
1,93621a1d02c7,2025-10-15T11:45:34.212854,shrek,FIONA,211,True,a45d25883979,6.37095899992346,latency-93621a1d02c7.csv
1,93621a1d02c7,2025-10-15T11:45:34.324616,grail,to,718,True,a45d25883979,7.500155000343511,latency-93621a1d02c7.csv
1,93621a1d02c7,2025-10-15T11:45:34.437625,grail,and,722,True,a45d25883979,14.37750299965046,latency-93621a1d02c7.csv
1,93621a1d02c7,2025-10-15T11:45:34.558438,grail,are,114,True,a45d25883979,6.209664999914821,latency-93621a1d02c7.csv
1,93621a1d02c7,2025-10-15T11:45:34.670258,shrek3,ARTIE,213,True,a45d25883979,7.61545399973329,latency-93621a1d02c7.csv
1,93621a1d02c7,2025-10-15T11:45:34.785736,shrek,way,26,True,a45d25883979,6.846699000107037,latency-93621a1d02c7.csv
1,93621a1d02c7,2025-10-15T11:45:34.898967,shrek,"Ha,",0,True,a45d25883979,7.64622499991674,latency-93621a1d02c7.csv
1,93621a1d02c7,2025-10-15T11:45:35.014264,shrek3,CAPTAIN,41,True,a45d25883979,8.044792999953643,latency-93621a1d02c7.csv
1,93621a1d02c7,2025-10-15T11:45:35.132136,shrek,this,79,True,a45d25883979,5.748433000007935,latency-93621a1d02c7.csv
1,93621a1d02c7,2025-10-15T11:45:35.246479,shrek,But,73,True,a45d25883979,8.931874000154494,latency-93621a1d02c7.csv
1,93621a1d02c7,2025-10-15T11:45:35.363827,grail,to,718,True,a45d25883979,12.025275000269176,latency-93621a1d02c7.csv
1,93621a1d02c7,2025-10-15T11:45:35.483149,grail,lost,6,True,72ad01c69167,7.091429999945831,latency-93621a1d02c7.csv
1,93621a1d02c7,2025-10-15T11:45:35.597545,shrek,cottage,4,True,72ad01c69167,8.458122000320145,latency-93621a1d02c7.csv
1,93621a1d02c7,2025-10-15T11:45:35.716017,shrek3,field,3,True,72ad01c69167,6.836524000391364,latency-93621a1d02c7.csv
1,93621a1d02c7,2025-10-15T11:45:35.830356,shrek,at,62,True,1de2274fea60,7.806432000052155,latency-93621a1d02c7.csv
1,93621a1d02c7,2025-10-15T11:45:35.951024,grail,Auuuuuuuugh,2,True,72ad01c69167,6.978093999805424,latency-93621a1d02c7.csv
2,93621a1d02c7,2025-10-15T11:45:36.064787,shrek3,showing,1,True,72ad01c69167,5.555042999731086,latency-93621a1d02c7.csv
2,93621a1d02c7,2025-10-15T11:45:36.175308,grail,Who’s,3,True,72ad01c69167,5.647893000059412,latency-93621a1d02c7.csv
2,93621a1d02c7,2025-10-15T11:45:36.286340,grail,going,21,True,72ad01c69167,7.745551999960298,latency-93621a1d02c7.csv
2,93621a1d02c7,2025-10-15T11:45:36.400740,grail,(as,0,True,72ad01c69167,6.086830999720405,latency-93621a1d02c7.csv
2,93621a1d02c7,2025-10-15T11:45:36.512453,shrek,FIONA,211,True,a45d25883979,10.762543000055302,latency-93621a1d02c7.csv
2,93621a1d02c7,2025-10-15T11:45:36.637625,grail,to,718,True,72ad01c69167,5.593237000084628,latency-93621a1d02c7.csv
2,93621a1d02c7,2025-10-15T11:45:36.749352,grail,and,722,True,72ad01c69167,9.879952000119374,latency-93621a1d02c7.csv
2,93621a1d02c7,2025-10-15T11:45:36.868314,grail,are,114,True,72ad01c69167,7.657425000161311,latency-93621a1d02c7.csv
2,93621a1d02c7,2025-10-15T11:45:36.982547,shrek3,ARTIE,213,True,a45d25883979,6.479619999936404,latency-93621a1d02c7.csv
2,93621a1d02c7,2025-10-15T11:45:37.095264,shrek,way,26,True,a45d25883979,7.449865999660687,latency-93621a1d02c7.csv
2,93621a1d02c7,2025-10-15T11:45:37.208789,shrek,"Ha,",0,True,a45d25883979,5.917406000207848,latency-93621a1d02c7.csv
2,93621a1d02c7,2025-10-15T11:45:37.319908,shrek3,CAPTAIN,41,True,a45d25883979,5.071938000128284,latency-93621a1d02c7.csv
2,93621a1d02c7,2025-10-15T11:45:37.430532,shrek,this,79,True,a45d25883979,6.1591660000885895,latency-93621a1d02c7.csv
2,93621a1d02c7,2025-10-15T11:45:37.544216,shrek,But,73,True,1de2274fea60,23.06363400020928,latency-93621a1d02c7.csv
2,93621a1d02c7,2025-10-15T11:45:37.679831,grail,to,718,True,a45d25883979,6.017626999891945,latency-93621a1d02c7.csv
2,93621a1d02c7,2025-10-15T11:45:37.792228,grail,lost,6,True,a45d25883979,5.709422000109043,latency-93621a1d02c7.csv
2,93621a1d02c7,2025-10-15T11:45:37.903408,shrek,cottage,4,True,a45d25883979,8.750160000090546,latency-93621a1d02c7.csv
2,93621a1d02c7,2025-10-15T11:45:38.021341,shrek3,field,3,True,a45d25883979,5.660506999902282,latency-93621a1d02c7.csv
2,93621a1d02c7,2025-10-15T11:45:38.132600,shrek,at,62,True,a45d25883979,7.394683999791596,latency-93621a1d02c7.csv
2,93621a1d02c7,2025-10-15T11:45:38.246730,grail,Auuuuuuuugh,2,True,a45d25883979,6.063436000204092,latency-93621a1d02c7.csv
1,94892fdeed93,2025-10-15T11:44:52.274308,shrek,he,118,False,a45d25883979,19.739116999971884,latency-94892fdeed93.csv
1,94892fdeed93,2025-10-15T11:44:52.402283,grail,Get,47,False,72ad01c69167,16.141697999955795,latency-94892fdeed93.csv
1,94892fdeed93,2025-10-15T11:44:52.529546,shrek,who,29,False,72ad01c69167,17.493227000159095,latency-94892fdeed93.csv
1,94892fdeed93,2025-10-15T11:44:52.657930,grail,pause,10,False,72ad01c69167,19.4553240003188,latency-94892fdeed93.csv
1,94892fdeed93,2025-10-15T11:44:52.793214,grail,the,1600,True,1de2274fea60,8.976035000159754,latency-94892fdeed93.csv
1,94892fdeed93,2025-10-15T11:44:52.910172,shrek,its,1,True,a45d25883979,10.340673999962746,latency-94892fdeed93.csv
1,94892fdeed93,2025-10-15T11:44:53.028953,shrek3,SNOW,49,False,a45d25883979,18.26946700020926,latency-94892fdeed93.csv
1,94892fdeed93,2025-10-15T11:44:53.154370,shrek,who,29,True,72ad01c69167,9.756597999967198,latency-94892fdeed93.csv
1,94892fdeed93,2025-10-15T11:44:53.275011,grail,To,718,True,a45d25883979,9.782438999991427,latency-94892fdeed93.csv
1,94892fdeed93,2025-10-15T11:44:53.407853,grail,(as,0,False,a45d25883979,17.690109999875858,latency-94892fdeed93.csv
1,94892fdeed93,2025-10-15T11:44:53.533287,grail,"Peng,",0,False,a45d25883979,20.271530999707466,latency-94892fdeed93.csv
1,94892fdeed93,2025-10-15T11:44:53.669774,grail,for,118,False,a45d25883979,14.793151000048963,latency-94892fdeed93.csv
1,94892fdeed93,2025-10-15T11:44:53.792239,shrek,true,20,True,a45d25883979,6.181283999922016,latency-94892fdeed93.csv
1,94892fdeed93,2025-10-15T11:44:53.907020,grail,Boom,4,True,72ad01c69167,7.46785599994837,latency-94892fdeed93.csv
1,94892fdeed93,2025-10-15T11:44:54.042388,grail,king,136,True,a45d25883979,19.666339999730557,latency-94892fdeed93.csv
1,94892fdeed93,2025-10-15T11:44:54.173564,shrek3,showing,1,False,a45d25883979,19.29326799972841,latency-94892fdeed93.csv
1,94892fdeed93,2025-10-15T11:44:54.304455,shrek,FIONA,211,True,a45d25883979,9.07070300036139,latency-94892fdeed93.csv
1,94892fdeed93,2025-10-15T11:44:54.421491,grail,few,8,False,a45d25883979,26.81479600005332,latency-94892fdeed93.csv
1,94892fdeed93,2025-10-15T11:44:54.562215,shrek3,PUSS,196,False,1de2274fea60,23.796547000074497,latency-94892fdeed93.csv
1,94892fdeed93,2025-10-15T11:44:54.697200,shrek3,BOAT,32,False,72ad01c69167,59.662645000116754,latency-94892fdeed93.csv
2,94892fdeed93,2025-10-15T11:44:54.904200,shrek,he,118,True,72ad01c69167,14.864241999930528,latency-94892fdeed93.csv
2,94892fdeed93,2025-10-15T11:44:55.050663,grail,Get,47,True,a45d25883979,9.458550000090328,latency-94892fdeed93.csv
2,94892fdeed93,2025-10-15T11:44:55.175056,shrek,who,29,True,a45d25883979,7.524299000124301,latency-94892fdeed93.csv
2,94892fdeed93,2025-10-15T11:44:55.289477,grail,pause,10,True,a45d25883979,14.330607999909262,latency-94892fdeed93.csv
2,94892fdeed93,2025-10-15T11:44:55.413553,grail,the,1600,True,a45d25883979,18.2567309998376,latency-94892fdeed93.csv
2,94892fdeed93,2025-10-15T11:44:55.539649,shrek,its,1,True,a45d25883979,9.507209000275909,latency-94892fdeed93.csv
2,94892fdeed93,2025-10-15T11:44:55.668131,shrek3,SNOW,49,True,a45d25883979,29.159592999803863,latency-94892fdeed93.csv
2,94892fdeed93,2025-10-15T11:44:55.831685,shrek,who,29,True,a45d25883979,7.621626999934961,latency-94892fdeed93.csv
2,94892fdeed93,2025-10-15T11:44:55.950366,grail,To,718,True,a45d25883979,8.997115999591188,latency-94892fdeed93.csv
2,94892fdeed93,2025-10-15T11:44:56.073440,grail,(as,0,True,a45d25883979,17.540978999932122,latency-94892fdeed93.csv
2,94892fdeed93,2025-10-15T11:44:56.211823,grail,"Peng,",0,True,a45d25883979,41.918568999790295,latency-94892fdeed93.csv
2,94892fdeed93,2025-10-15T11:44:56.377241,grail,for,118,True,a45d25883979,36.29539899975498,latency-94892fdeed93.csv
2,94892fdeed93,2025-10-15T11:44:56.531876,shrek,true,20,True,a45d25883979,26.985060999777488,latency-94892fdeed93.csv
2,94892fdeed93,2025-10-15T11:44:56.708865,grail,Boom,4,True,1de2274fea60,23.77414400007183,latency-94892fdeed93.csv
2,94892fdeed93,2025-10-15T11:44:56.843148,grail,king,136,True,a45d25883979,15.221284000290323,latency-94892fdeed93.csv
2,94892fdeed93,2025-10-15T11:44:56.993408,shrek3,showing,1,True,a45d25883979,8.186005999959889,latency-94892fdeed93.csv
2,94892fdeed93,2025-10-15T11:44:57.112007,shrek,FIONA,211,True,a45d25883979,14.623530999870129,latency-94892fdeed93.csv
2,94892fdeed93,2025-10-15T11:44:57.253562,grail,few,8,True,1de2274fea60,11.270122999576415,latency-94892fdeed93.csv
2,94892fdeed93,2025-10-15T11:44:57.376368,shrek3,PUSS,196,True,72ad01c69167,20.864995000010826,latency-94892fdeed93.csv
2,94892fdeed93,2025-10-15T11:44:57.505967,shrek3,BOAT,32,True,a45d25883979,15.015755000149513,latency-94892fdeed93.csv
1,948a43c33f8e,2025-10-15T11:46:29.247927,shrek,Aah,6,True,1de2274fea60,6.883959000333562,latency-948a43c33f8e.csv
1,948a43c33f8e,2025-10-15T11:46:29.360885,grail,is,317,True,1de2274fea60,5.194035999920743,latency-948a43c33f8e.csv
1,948a43c33f8e,2025-10-15T11:46:29.471343,shrek3,toward,14,True,72ad01c69167,9.69755799997074,latency-948a43c33f8e.csv
1,948a43c33f8e,2025-10-15T11:46:29.588056,shrek,Shrek,433,True,72ad01c69167,15.624200000274868,latency-948a43c33f8e.csv
1,948a43c33f8e,2025-10-15T11:46:29.714569,grail,the,1600,True,72ad01c69167,4.709182999704353,latency-948a43c33f8e.csv
1,948a43c33f8e,2025-10-15T11:46:29.827390,shrek3,what,82,True,72ad01c69167,8.646900000258029,latency-948a43c33f8e.csv
1,948a43c33f8e,2025-10-15T11:46:29.947792,shrek3,at,134,True,72ad01c69167,4.998424999939743,latency-948a43c33f8e.csv
1,948a43c33f8e,2025-10-15T11:46:30.058102,grail,GALAHAD,87,True,72ad01c69167,4.571940999994695,latency-948a43c33f8e.csv
1,948a43c33f8e,2025-10-15T11:46:30.170256,shrek3,Cinderella,21,True,a45d25883979,8.27711800002362,latency-948a43c33f8e.csv
1,948a43c33f8e,2025-10-15T11:46:30.286795,grail,Boom,4,True,a45d25883979,4.629673000181356,latency-948a43c33f8e.csv
1,948a43c33f8e,2025-10-15T11:46:30.397985,shrek3,CAPTAIN,41,True,a45d25883979,6.792060999941896,latency-948a43c33f8e.csv
1,948a43c33f8e,2025-10-15T11:46:30.511537,grail,on,139,True,a45d25883979,6.442843000058929,latency-948a43c33f8e.csv
1,948a43c33f8e,2025-10-15T11:46:30.624608,shrek,tale,7,True,a45d25883979,5.2541919999384845,latency-948a43c33f8e.csv
1,948a43c33f8e,2025-10-15T11:46:30.735278,shrek3,WHITE,45,True,a45d25883979,4.7724859996378655,latency-948a43c33f8e.csv
1,948a43c33f8e,2025-10-15T11:46:30.845090,grail,is,317,True,a45d25883979,5.287227000280836,latency-948a43c33f8e.csv
1,948a43c33f8e,2025-10-15T11:46:30.955515,grail,Christ,8,True,a45d25883979,5.134665000241512,latency-948a43c33f8e.csv
1,948a43c33f8e,2025-10-15T11:46:31.065880,shrek,Nobody,4,True,a45d25883979,7.066976000260183,latency-948a43c33f8e.csv
1,948a43c33f8e,2025-10-15T11:46:31.179595,grail,"collective,",0,True,a45d25883979,7.023892999768577,latency-948a43c33f8e.csv
1,948a43c33f8e,2025-10-15T11:46:31.292732,shrek3,Final,119,True,a45d25883979,5.65137399962623,latency-948a43c33f8e.csv
1,948a43c33f8e,2025-10-15T11:46:31.403845,shrek3,his,238,True,a45d25883979,5.694769000001543,latency-948a43c33f8e.csv
2,948a43c33f8e,2025-10-15T11:46:31.514926,shrek,Aah,6,True,a45d25883979,10.648998999840842,latency-948a43c33f8e.csv
2,948a43c33f8e,2025-10-15T11:46:31.631820,grail,is,317,True,1de2274fea60,10.70199199966737,latency-948a43c33f8e.csv
2,948a43c33f8e,2025-10-15T11:46:31.750110,shrek3,toward,14,True,72ad01c69167,12.123595000048226,latency-948a43c33f8e.csv
2,948a43c33f8e,2025-10-15T11:46:31.869468,shrek,Shrek,433,True,1de2274fea60,11.35946900012641,latency-948a43c33f8e.csv
2,948a43c33f8e,2025-10-15T11:46:31.989012,grail,the,1600,True,72ad01c69167,8.818625999992946,latency-948a43c33f8e.csv
2,948a43c33f8e,2025-10-15T11:46:32.107929,shrek3,what,82,True,1de2274fea60,9.739299999637296,latency-948a43c33f8e.csv
2,948a43c33f8e,2025-10-15T11:46:32.225041,shrek3,at,134,True,1de2274fea60,14.33779700028026,latency-948a43c33f8e.csv
2,948a43c33f8e,2025-10-15T11:46:32.348130,grail,GALAHAD,87,True,a45d25883979,11.25373300010324,latency-948a43c33f8e.csv
2,948a43c33f8e,2025-10-15T11:46:32.467299,shrek3,Cinderella,21,True,72ad01c69167,7.0743299997957365,latency-948a43c33f8e.csv
2,948a43c33f8e,2025-10-15T11:46:32.582291,grail,Boom,4,True,72ad01c69167,7.408143000247946,latency-948a43c33f8e.csv
2,948a43c33f8e,2025-10-15T11:46:32.697868,shrek3,CAPTAIN,41,True,72ad01c69167,8.948241999860329,latency-948a43c33f8e.csv
2,948a43c33f8e,2025-10-15T11:46:32.815672,grail,on,139,True,72ad01c69167,10.117674999946756,latency-948a43c33f8e.csv
2,948a43c33f8e,2025-10-15T11:46:32.933367,shrek,tale,7,True,a45d25883979,5.355620000045747,latency-948a43c33f8e.csv
2,948a43c33f8e,2025-10-15T11:46:33.046866,shrek3,WHITE,45,True,a45d25883979,4.680842999732704,latency-948a43c33f8e.csv
2,948a43c33f8e,2025-10-15T11:46:33.157207,grail,is,317,True,a45d25883979,5.696211999747902,latency-948a43c33f8e.csv
2,948a43c33f8e,2025-10-15T11:46:33.269857,grail,Christ,8,True,a45d25883979,6.756402000064554,latency-948a43c33f8e.csv
2,948a43c33f8e,2025-10-15T11:46:33.383089,shrek,Nobody,4,True,a45d25883979,5.074192999927618,latency-948a43c33f8e.csv
2,948a43c33f8e,2025-10-15T11:46:33.493756,grail,"collective,",0,True,1de2274fea60,11.838991000331587,latency-948a43c33f8e.csv
2,948a43c33f8e,2025-10-15T11:46:33.614135,shrek3,Final,119,True,72ad01c69167,8.984604000033869,latency-948a43c33f8e.csv
2,948a43c33f8e,2025-10-15T11:46:33.740585,shrek3,his,238,True,72ad01c69167,12.606092000169156,latency-948a43c33f8e.csv
1,9724d7350c70,2025-10-15T11:45:00.247295,shrek,FIONA'S,3,True,1de2274fea60,10.323073000108709,latency-9724d7350c70.csv
1,9724d7350c70,2025-10-15T11:45:00.365219,shrek3,SHOUTING),0,True,1de2274fea60,6.163931000173761,latency-9724d7350c70.csv
1,9724d7350c70,2025-10-15T11:45:00.482212,shrek3,time,23,True,a45d25883979,5.431037000107608,latency-9724d7350c70.csv
1,9724d7350c70,2025-10-15T11:45:00.597755,shrek,and,318,True,a45d25883979,8.630211000308918,latency-9724d7350c70.csv
1,9724d7350c70,2025-10-15T11:45:00.717901,shrek3,him,87,True,a45d25883979,4.965380000157893,latency-9724d7350c70.csv
1,9724d7350c70,2025-10-15T11:45:00.828571,shrek3,toward,14,True,a45d25883979,5.278569999973115,latency-9724d7350c70.csv
1,9724d7350c70,2025-10-15T11:45:00.939146,shrek3,SHOUTING),0,True,a45d25883979,6.79068899989943,latency-9724d7350c70.csv
1,9724d7350c70,2025-10-15T11:45:01.051920,grail,pause,10,True,72ad01c69167,7.092825000199809,latency-9724d7350c70.csv
1,9724d7350c70,2025-10-15T11:45:01.165070,grail,rows,1,True,72ad01c69167,11.85588699991058,latency-9724d7350c70.csv
1,9724d7350c70,2025-10-15T11:45:01.284009,grail,them,41,True,1de2274fea60,11.687760999848251,latency-9724d7350c70.csv
1,9724d7350c70,2025-10-15T11:45:01.405969,grail,"Peng,",0,True,a45d25883979,9.541930000068533,latency-9724d7350c70.csv
1,9724d7350c70,2025-10-15T11:45:01.523004,grail,Auuuuuuuugh,2,True,a45d25883979,5.462026000259357,latency-9724d7350c70.csv
1,9724d7350c70,2025-10-15T11:45:01.633121,shrek3,ARTIE,213,True,1de2274fea60,5.593331000000035,latency-9724d7350c70.csv
1,9724d7350c70,2025-10-15T11:45:01.744113,shrek,I,386,True,1de2274fea60,7.5235680001242144,latency-9724d7350c70.csv
1,9724d7350c70,2025-10-15T11:45:01.858200,shrek3,toward,14,True,72ad01c69167,7.290849000128219,latency-9724d7350c70.csv
1,9724d7350c70,2025-10-15T11:45:01.970706,shrek3,Artie,213,True,72ad01c69167,7.517765000102372,latency-9724d7350c70.csv
1,9724d7350c70,2025-10-15T11:45:02.085049,shrek3,DWARF,10,True,a45d25883979,10.307791999821347,latency-9724d7350c70.csv
1,9724d7350c70,2025-10-15T11:45:02.202633,shrek3,SHREK,678,True,a45d25883979,6.666336000307638,latency-9724d7350c70.csv
1,9724d7350c70,2025-10-15T11:45:02.317641,shrek3,ARTIE,213,True,a45d25883979,5.3322020003179205,latency-9724d7350c70.csv
1,9724d7350c70,2025-10-15T11:45:02.428635,shrek,your,49,True,a45d25883979,5.33902000006492,latency-9724d7350c70.csv
2,9724d7350c70,2025-10-15T11:45:02.539313,shrek,FIONA'S,3,True,a45d25883979,7.440335999945091,latency-9724d7350c70.csv
2,9724d7350c70,2025-10-15T11:45:02.653472,shrek3,SHOUTING),0,True,a45d25883979,6.506515000182844,latency-9724d7350c70.csv
2,9724d7350c70,2025-10-15T11:45:02.766986,shrek3,time,23,True,a45d25883979,5.166209999970306,latency-9724d7350c70.csv
2,9724d7350c70,2025-10-15T11:45:02.877427,shrek,and,318,True,a45d25883979,4.368950999833032,latency-9724d7350c70.csv
2,9724d7350c70,2025-10-15T11:45:02.988334,shrek3,him,87,True,a45d25883979,7.5975459999426675,latency-9724d7350c70.csv
2,9724d7350c70,2025-10-15T11:45:03.104849,shrek3,toward,14,True,72ad01c69167,6.83341100011603,latency-9724d7350c70.csv
2,9724d7350c70,2025-10-15T11:45:03.217292,shrek3,SHOUTING),0,True,72ad01c69167,5.701695999960066,latency-9724d7350c70.csv
2,9724d7350c70,2025-10-15T11:45:03.330338,grail,pause,10,True,a45d25883979,10.545124000145734,latency-9724d7350c70.csv
2,9724d7350c70,2025-10-15T11:45:03.451052,grail,rows,1,True,a45d25883979,11.20162999995955,latency-9724d7350c70.csv
2,9724d7350c70,2025-10-15T11:45:03.577130,grail,them,41,True,72ad01c69167,6.645425999977306,latency-9724d7350c70.csv
2,9724d7350c70,2025-10-15T11:45:03.690828,grail,"Peng,",0,True,a45d25883979,6.815529000050447,latency-9724d7350c70.csv
2,9724d7350c70,2025-10-15T11:45:03.803520,grail,Auuuuuuuugh,2,True,a45d25883979,6.544177999785461,latency-9724d7350c70.csv
2,9724d7350c70,2025-10-15T11:45:03.919565,shrek3,ARTIE,213,True,a45d25883979,6.86388900021484,latency-9724d7350c70.csv
2,9724d7350c70,2025-10-15T11:45:04.038002,shrek,I,386,True,a45d25883979,5.158610000307817,latency-9724d7350c70.csv
2,9724d7350c70,2025-10-15T11:45:04.147948,shrek3,toward,14,True,a45d25883979,4.69060100022034,latency-9724d7350c70.csv
2,9724d7350c70,2025-10-15T11:45:04.258594,shrek3,Artie,213,True,a45d25883979,5.478978999690298,latency-9724d7350c70.csv
2,9724d7350c70,2025-10-15T11:45:04.369678,shrek3,DWARF,10,True,a45d25883979,10.166082000068856,latency-9724d7350c70.csv
2,9724d7350c70,2025-10-15T11:45:04.486672,shrek3,SHREK,678,True,a45d25883979,7.349894000071799,latency-9724d7350c70.csv
2,9724d7350c70,2025-10-15T11:45:04.600364,shrek3,ARTIE,213,True,a45d25883979,7.106196000222553,latency-9724d7350c70.csv
2,9724d7350c70,2025-10-15T11:45:04.713576,shrek,your,49,True,a45d25883979,6.6659310000432015,latency-9724d7350c70.csv
1,98653f30ebcf,2025-10-15T11:45:45.272962,shrek,FIONA,211,True,a45d25883979,7.316229000025487,latency-98653f30ebcf.csv
1,98653f30ebcf,2025-10-15T11:45:45.387576,grail,to,718,True,a45d25883979,6.080545000259008,latency-98653f30ebcf.csv
1,98653f30ebcf,2025-10-15T11:45:45.503311,shrek,MAN,38,True,a45d25883979,7.614604000082181,latency-98653f30ebcf.csv
1,98653f30ebcf,2025-10-15T11:45:45.617676,shrek3,you,328,True,1de2274fea60,12.342134999926202,latency-98653f30ebcf.csv
1,98653f30ebcf,2025-10-15T11:45:45.738035,shrek3,did,14,True,a45d25883979,6.336067000120238,latency-98653f30ebcf.csv
1,98653f30ebcf,2025-10-15T11:45:45.852905,shrek,FIONA'S,3,True,a45d25883979,6.449562999932823,latency-98653f30ebcf.csv
1,98653f30ebcf,2025-10-15T11:45:45.965799,shrek,edge,2,True,a45d25883979,7.385329000044294,latency-98653f30ebcf.csv
1,98653f30ebcf,2025-10-15T11:45:46.079257,shrek,FIONA,211,True,a45d25883979,6.0950590000175,latency-98653f30ebcf.csv
1,98653f30ebcf,2025-10-15T11:45:46.191234,grail,Bum,13,True,a45d25883979,4.53666700013855,latency-98653f30ebcf.csv
1,98653f30ebcf,2025-10-15T11:45:46.301004,shrek,token,1,True,a45d25883979,8.902906000002986,latency-98653f30ebcf.csv
1,98653f30ebcf,2025-10-15T11:45:46.416786,shrek,Is,132,True,a45d25883979,7.383525000022928,latency-98653f30ebcf.csv
1,98653f30ebcf,2025-10-15T11:45:46.530262,shrek,afraid,8,True,a45d25883979,4.963956999745278,latency-98653f30ebcf.csv
1,98653f30ebcf,2025-10-15T11:45:46.641746,shrek3,CAPTAIN,41,True,a45d25883979,9.020648999921832,latency-98653f30ebcf.csv
1,98653f30ebcf,2025-10-15T11:45:46.757127,shrek3,EVIL,59,True,a45d25883979,7.796562999828893,latency-98653f30ebcf.csv
1,98653f30ebcf,2025-10-15T11:45:46.873493,shrek3,of,275,True,72ad01c69167,11.831358000108594,latency-98653f30ebcf.csv
1,98653f30ebcf,2025-10-15T11:45:46.994555,shrek,our,11,True,1de2274fea60,9.12102500024048,latency-98653f30ebcf.csv
1,98653f30ebcf,2025-10-15T11:45:47.110250,grail,“I,0,True,1de2274fea60,13.603590999991866,latency-98653f30ebcf.csv
1,98653f30ebcf,2025-10-15T11:45:47.236222,shrek,INSIDE,16,True,1de2274fea60,10.119797999777802,latency-98653f30ebcf.csv
1,98653f30ebcf,2025-10-15T11:45:47.357400,shrek,Is,132,True,72ad01c69167,20.590944000105083,latency-98653f30ebcf.csv
1,98653f30ebcf,2025-10-15T11:45:47.511000,shrek3,Gingerbread,37,True,a45d25883979,9.780960000171037,latency-98653f30ebcf.csv
2,98653f30ebcf,2025-10-15T11:45:47.629445,shrek,FIONA,211,True,a45d25883979,7.190599000296061,latency-98653f30ebcf.csv
2,98653f30ebcf,2025-10-15T11:45:47.745958,grail,to,718,True,a45d25883979,5.603943000096479,latency-98653f30ebcf.csv
2,98653f30ebcf,2025-10-15T11:45:47.860195,shrek,MAN,38,True,a45d25883979,6.671362999895791,latency-98653f30ebcf.csv
2,98653f30ebcf,2025-10-15T11:45:47.977788,shrek3,you,328,True,a45d25883979,9.080272000119294,latency-98653f30ebcf.csv
2,98653f30ebcf,2025-10-15T11:45:48.098783,shrek3,did,14,True,a45d25883979,6.874735000110377,latency-98653f30ebcf.csv
2,98653f30ebcf,2025-10-15T11:45:48.212005,shrek,FIONA'S,3,True,a45d25883979,9.786324000288005,latency-98653f30ebcf.csv
2,98653f30ebcf,2025-10-15T11:45:48.332605,shrek,edge,2,True,a45d25883979,4.600099000072078,latency-98653f30ebcf.csv
2,98653f30ebcf,2025-10-15T11:45:48.443106,shrek,FIONA,211,True,a45d25883979,7.637152999905084,latency-98653f30ebcf.csv
2,98653f30ebcf,2025-10-15T11:45:48.559635,grail,Bum,13,True,a45d25883979,18.046850000246195,latency-98653f30ebcf.csv
2,98653f30ebcf,2025-10-15T11:45:48.685744,shrek,token,1,True,a45d25883979,6.7901759998676425,latency-98653f30ebcf.csv
2,98653f30ebcf,2025-10-15T11:45:48.799771,shrek,Is,132,True,a45d25883979,4.73237699998208,latency-98653f30ebcf.csv
2,98653f30ebcf,2025-10-15T11:45:48.911323,shrek,afraid,8,True,a45d25883979,4.109303999939584,latency-98653f30ebcf.csv
2,98653f30ebcf,2025-10-15T11:45:49.021125,shrek3,CAPTAIN,41,True,a45d25883979,7.057635999899503,latency-98653f30ebcf.csv
2,98653f30ebcf,2025-10-15T11:45:49.136332,shrek3,EVIL,59,True,a45d25883979,7.088671000019531,latency-98653f30ebcf.csv
2,98653f30ebcf,2025-10-15T11:45:49.253356,shrek3,of,275,True,a45d25883979,6.749536999905104,latency-98653f30ebcf.csv
2,98653f30ebcf,2025-10-15T11:45:49.366599,shrek,our,11,True,a45d25883979,6.3381109998772445,latency-98653f30ebcf.csv
2,98653f30ebcf,2025-10-15T11:45:49.479222,grail,“I,0,True,a45d25883979,4.792963999989297,latency-98653f30ebcf.csv
2,98653f30ebcf,2025-10-15T11:45:49.589435,shrek,INSIDE,16,True,a45d25883979,6.832041000052413,latency-98653f30ebcf.csv
2,98653f30ebcf,2025-10-15T11:45:49.702978,shrek,Is,132,True,a45d25883979,9.32766799996898,latency-98653f30ebcf.csv
2,98653f30ebcf,2025-10-15T11:45:49.818939,shrek3,Gingerbread,37,True,a45d25883979,5.765757000062877,latency-98653f30ebcf.csv
1,99550ec2c605,2025-10-15T11:46:18.146802,shrek,looks,37,True,72ad01c69167,9.267699000247376,latency-99550ec2c605.csv
1,99550ec2c605,2025-10-15T11:46:18.268079,shrek3,with,112,True,72ad01c69167,10.193814999638562,latency-99550ec2c605.csv
1,99550ec2c605,2025-10-15T11:46:18.397440,shrek3,OGRE,39,True,72ad01c69167,7.94427499977246,latency-99550ec2c605.csv
1,99550ec2c605,2025-10-15T11:46:18.514735,shrek,SHREK,433,True,72ad01c69167,9.408131999862237,latency-99550ec2c605.csv
1,99550ec2c605,2025-10-15T11:46:18.640202,shrek3,MERLIN,73,True,a45d25883979,14.52150500017524,latency-99550ec2c605.csv
1,99550ec2c605,2025-10-15T11:46:18.769152,grail,Footnote,4,True,a45d25883979,17.35654499998418,latency-99550ec2c605.csv
1,99550ec2c605,2025-10-15T11:46:18.910844,shrek,SHREK,433,True,a45d25883979,5.1679889998013095,latency-99550ec2c605.csv
1,99550ec2c605,2025-10-15T11:46:19.021042,shrek3,PRINCE,207,True,a45d25883979,7.210300000224379,latency-99550ec2c605.csv
1,99550ec2c605,2025-10-15T11:46:19.135629,grail,Launcelot,107,True,72ad01c69167,11.906506999821431,latency-99550ec2c605.csv
1,99550ec2c605,2025-10-15T11:46:19.254598,shrek3,and,576,True,72ad01c69167,7.011796999904618,latency-99550ec2c605.csv
1,99550ec2c605,2025-10-15T11:46:19.368108,shrek,But,73,True,72ad01c69167,8.683766000103788,latency-99550ec2c605.csv
1,99550ec2c605,2025-10-15T11:46:19.487029,shrek,FIONA,211,True,72ad01c69167,12.4270470000738,latency-99550ec2c605.csv
1,99550ec2c605,2025-10-15T11:46:19.606261,shrek,not,50,True,72ad01c69167,8.071000999734679,latency-99550ec2c605.csv
1,99550ec2c605,2025-10-15T11:46:19.721168,shrek,placed,1,True,a45d25883979,13.071949000277527,latency-99550ec2c605.csv
1,99550ec2c605,2025-10-15T11:46:19.842250,shrek3,Uh,18,True,a45d25883979,10.123235999799364,latency-99550ec2c605.csv
1,99550ec2c605,2025-10-15T11:46:19.964152,grail,Gallahad,44,True,a45d25883979,7.227593999687087,latency-99550ec2c605.csv
1,99550ec2c605,2025-10-15T11:46:20.086879,grail,the,1600,True,72ad01c69167,5.551380000270001,latency-99550ec2c605.csv
1,99550ec2c605,2025-10-15T11:46:20.205419,shrek,I,386,True,72ad01c69167,15.140832000270166,latency-99550ec2c605.csv
1,99550ec2c605,2025-10-15T11:46:20.339034,grail,pause,10,True,72ad01c69167,7.802202999755536,latency-99550ec2c605.csv
1,99550ec2c605,2025-10-15T11:46:20.459853,shrek3,Hold,8,True,72ad01c69167,9.080890000404906,latency-99550ec2c605.csv
2,99550ec2c605,2025-10-15T11:46:20.584093,shrek,looks,37,True,a45d25883979,11.246506000134104,latency-99550ec2c605.csv
2,99550ec2c605,2025-10-15T11:46:20.704726,shrek3,with,112,True,a45d25883979,6.019142000241118,latency-99550ec2c605.csv
2,99550ec2c605,2025-10-15T11:46:20.816860,shrek3,OGRE,39,True,a45d25883979,5.319476999829931,latency-99550ec2c605.csv
2,99550ec2c605,2025-10-15T11:46:20.927893,shrek,SHREK,433,True,a45d25883979,8.512823999808461,latency-99550ec2c605.csv
2,99550ec2c605,2025-10-15T11:46:21.045357,shrek3,MERLIN,73,True,a45d25883979,8.889411999916774,latency-99550ec2c605.csv
2,99550ec2c605,2025-10-15T11:46:21.169989,grail,Footnote,4,True,a45d25883979,10.957087999940995,latency-99550ec2c605.csv
2,99550ec2c605,2025-10-15T11:46:21.297129,shrek,SHREK,433,True,72ad01c69167,7.177169999977195,latency-99550ec2c605.csv
2,99550ec2c605,2025-10-15T11:46:21.413316,shrek3,PRINCE,207,True,72ad01c69167,5.81980900005874,latency-99550ec2c605.csv
2,99550ec2c605,2025-10-15T11:46:21.533685,grail,Launcelot,107,True,a45d25883979,16.439924000223982,latency-99550ec2c605.csv
2,99550ec2c605,2025-10-15T11:46:21.666460,shrek3,and,576,True,a45d25883979,13.607096999749048,latency-99550ec2c605.csv
2,99550ec2c605,2025-10-15T11:46:21.795405,shrek,But,73,True,a45d25883979,19.12902499998381,latency-99550ec2c605.csv
2,99550ec2c605,2025-10-15T11:46:21.935007,shrek,FIONA,211,True,a45d25883979,9.734418999869376,latency-99550ec2c605.csv
2,99550ec2c605,2025-10-15T11:46:22.063977,shrek,not,50,True,72ad01c69167,43.37917200018637,latency-99550ec2c605.csv
2,99550ec2c605,2025-10-15T11:46:22.224685,shrek,placed,1,True,a45d25883979,13.337435999801528,latency-99550ec2c605.csv
2,99550ec2c605,2025-10-15T11:46:22.347453,shrek3,Uh,18,True,72ad01c69167,20.293067999773484,latency-99550ec2c605.csv
2,99550ec2c605,2025-10-15T11:46:22.484918,grail,Gallahad,44,True,a45d25883979,6.556817999808118,latency-99550ec2c605.csv
2,99550ec2c605,2025-10-15T11:46:22.600695,grail,the,1600,True,a45d25883979,8.26233499992668,latency-99550ec2c605.csv
2,99550ec2c605,2025-10-15T11:46:22.720144,shrek,I,386,True,a45d25883979,8.955844999945839,latency-99550ec2c605.csv
2,99550ec2c605,2025-10-15T11:46:22.839527,grail,pause,10,True,a45d25883979,15.864377000070816,latency-99550ec2c605.csv
2,99550ec2c605,2025-10-15T11:46:22.974792,shrek3,Hold,8,True,a45d25883979,8.882576999894809,latency-99550ec2c605.csv
1,99d7d42f6ccf,2025-10-15T11:45:09.662339,shrek,SHREK,433,True,a45d25883979,7.463676000043051,latency-99d7d42f6ccf.csv
1,99d7d42f6ccf,2025-10-15T11:45:09.776146,shrek3,with,112,True,a45d25883979,5.047039000146469,latency-99d7d42f6ccf.csv
1,99d7d42f6ccf,2025-10-15T11:45:09.887212,shrek,FARQUAAD,84,True,72ad01c69167,7.900682000126835,latency-99d7d42f6ccf.csv
1,99d7d42f6ccf,2025-10-15T11:45:10.003442,grail,chops,3,True,72ad01c69167,7.337787999858847,latency-99d7d42f6ccf.csv
1,99d7d42f6ccf,2025-10-15T11:45:10.117643,shrek,after,10,True,72ad01c69167,5.9565320002548106,latency-99d7d42f6ccf.csv
1,99d7d42f6ccf,2025-10-15T11:45:10.229569,grail,rows,1,True,a45d25883979,12.382512999920436,latency-99d7d42f6ccf.csv
1,99d7d42f6ccf,2025-10-15T11:45:10.355717,grail,the,1600,True,72ad01c69167,6.090396999752556,latency-99d7d42f6ccf.csv
1,99d7d42f6ccf,2025-10-15T11:45:10.466882,shrek3,get,39,True,72ad01c69167,6.874949000120978,latency-99d7d42f6ccf.csv
1,99d7d42f6ccf,2025-10-15T11:45:10.580014,grail,from,94,True,a45d25883979,5.823965000217868,latency-99d7d42f6ccf.csv
1,99d7d42f6ccf,2025-10-15T11:45:10.691464,grail,THREE-HEADED,8,True,72ad01c69167,6.343098000343161,latency-99d7d42f6ccf.csv
1,99d7d42f6ccf,2025-10-15T11:45:10.805258,grail,door,14,True,a45d25883979,16.8178059998354,latency-99d7d42f6ccf.csv
1,99d7d42f6ccf,2025-10-15T11:45:10.940938,shrek3,PUSS,196,True,a45d25883979,16.278891999718326,latency-99d7d42f6ccf.csv
1,99d7d42f6ccf,2025-10-15T11:45:11.077284,shrek,you,409,True,a45d25883979,13.226289000158433,latency-99d7d42f6ccf.csv
1,99d7d42f6ccf,2025-10-15T11:45:11.208368,shrek,"Well,",0,True,72ad01c69167,32.08205099963379,latency-99d7d42f6ccf.csv
1,99d7d42f6ccf,2025-10-15T11:45:11.372283,shrek,your,49,True,a45d25883979,9.898571000121592,latency-99d7d42f6ccf.csv
1,99d7d42f6ccf,2025-10-15T11:45:11.496446,grail,Ecky-Ecky-Ecky,1,True,a45d25883979,27.942060999976093,latency-99d7d42f6ccf.csv
1,99d7d42f6ccf,2025-10-15T11:45:11.658357,grail,Michael,11,True,a45d25883979,20.226217999606888,latency-99d7d42f6ccf.csv
1,99d7d42f6ccf,2025-10-15T11:45:11.802382,shrek,this,79,True,72ad01c69167,15.58361099978356,latency-99d7d42f6ccf.csv
1,99d7d42f6ccf,2025-10-15T11:45:11.946625,grail,the,1600,True,a45d25883979,10.273321000113356,latency-99d7d42f6ccf.csv
1,99d7d42f6ccf,2025-10-15T11:45:12.073228,shrek3,Final,119,True,a45d25883979,13.247969999611088,latency-99d7d42f6ccf.csv
2,99d7d42f6ccf,2025-10-15T11:45:12.218203,shrek,SHREK,433,True,a45d25883979,13.548047999847768,latency-99d7d42f6ccf.csv
2,99d7d42f6ccf,2025-10-15T11:45:12.350785,shrek3,with,112,True,a45d25883979,9.859650000180409,latency-99d7d42f6ccf.csv
2,99d7d42f6ccf,2025-10-15T11:45:12.477958,shrek,FARQUAAD,84,True,a45d25883979,15.89723100005358,latency-99d7d42f6ccf.csv
2,99d7d42f6ccf,2025-10-15T11:45:12.614564,grail,chops,3,True,a45d25883979,13.716640999973606,latency-99d7d42f6ccf.csv
2,99d7d42f6ccf,2025-10-15T11:45:12.743418,shrek,after,10,True,a45d25883979,15.265262999946572,latency-99d7d42f6ccf.csv
2,99d7d42f6ccf,2025-10-15T11:45:12.875940,grail,rows,1,True,72ad01c69167,9.316084999682062,latency-99d7d42f6ccf.csv
2,99d7d42f6ccf,2025-10-15T11:45:13.003073,grail,the,1600,True,72ad01c69167,16.489287000240438,latency-99d7d42f6ccf.csv
2,99d7d42f6ccf,2025-10-15T11:45:13.128630,shrek3,get,39,True,1de2274fea60,14.251001000047836,latency-99d7d42f6ccf.csv
2,99d7d42f6ccf,2025-10-15T11:45:13.251499,grail,from,94,True,1de2274fea60,15.19253700007539,latency-99d7d42f6ccf.csv
2,99d7d42f6ccf,2025-10-15T11:45:13.385323,grail,THREE-HEADED,8,True,a45d25883979,15.014034000159882,latency-99d7d42f6ccf.csv
2,99d7d42f6ccf,2025-10-15T11:45:13.512479,grail,door,14,True,a45d25883979,25.41270399979112,latency-99d7d42f6ccf.csv
2,99d7d42f6ccf,2025-10-15T11:45:13.695740,shrek3,PUSS,196,True,72ad01c69167,215.18698399995628,latency-99d7d42f6ccf.csv
2,99d7d42f6ccf,2025-10-15T11:45:14.114806,shrek,you,409,True,a45d25883979,30.363078999926078,latency-99d7d42f6ccf.csv
2,99d7d42f6ccf,2025-10-15T11:45:14.266458,shrek,"Well,",0,True,a45d25883979,26.782235999689878,latency-99d7d42f6ccf.csv
2,99d7d42f6ccf,2025-10-15T11:45:14.413738,shrek,your,49,True,72ad01c69167,38.1846560003396,latency-99d7d42f6ccf.csv
2,99d7d42f6ccf,2025-10-15T11:45:14.566872,grail,Ecky-Ecky-Ecky,1,True,72ad01c69167,9.959319999779837,latency-99d7d42f6ccf.csv
2,99d7d42f6ccf,2025-10-15T11:45:14.687026,grail,Michael,11,True,a45d25883979,7.051435999983369,latency-99d7d42f6ccf.csv
2,99d7d42f6ccf,2025-10-15T11:45:14.802210,shrek,this,79,True,a45d25883979,5.382951999763463,latency-99d7d42f6ccf.csv
2,99d7d42f6ccf,2025-10-15T11:45:14.912699,grail,the,1600,True,a45d25883979,5.670120000104362,latency-99d7d42f6ccf.csv
2,99d7d42f6ccf,2025-10-15T11:45:15.025271,shrek3,Final,119,True,a45d25883979,9.066784999959054,latency-99d7d42f6ccf.csv
1,9aa3f548c698,2025-10-15T11:45:02.382080,shrek3,OGRE,39,False,a45d25883979,12.073102000158542,latency-9aa3f548c698.csv
1,9aa3f548c698,2025-10-15T11:45:02.500943,grail,Michael,11,True,1de2274fea60,8.099350000065897,latency-9aa3f548c698.csv
1,9aa3f548c698,2025-10-15T11:45:02.617848,shrek,you,409,True,72ad01c69167,10.19094999992376,latency-9aa3f548c698.csv
1,9aa3f548c698,2025-10-15T11:45:02.736651,shrek,who,29,True,72ad01c69167,6.991462999849318,latency-9aa3f548c698.csv
1,9aa3f548c698,2025-10-15T11:45:02.849600,shrek3,Final,119,True,72ad01c69167,6.639748999987205,latency-9aa3f548c698.csv
1,9aa3f548c698,2025-10-15T11:45:02.962656,shrek,you,409,True,a45d25883979,9.97126299989759,latency-9aa3f548c698.csv
1,9aa3f548c698,2025-10-15T11:45:03.083731,shrek3,his,238,False,a45d25883979,19.35276099993644,latency-9aa3f548c698.csv
1,9aa3f548c698,2025-10-15T11:45:03.211273,grail,singing,33,True,a45d25883979,11.205205999885948,latency-9aa3f548c698.csv
1,9aa3f548c698,2025-10-15T11:45:03.330204,shrek,Is,132,True,a45d25883979,11.981481000020722,latency-9aa3f548c698.csv
1,9aa3f548c698,2025-10-15T11:45:03.452378,shrek,SHREK,433,True,72ad01c69167,11.112838000371994,latency-9aa3f548c698.csv
1,9aa3f548c698,2025-10-15T11:45:03.578727,grail,CALLS,3,True,1de2274fea60,6.662477999725525,latency-9aa3f548c698.csv
1,9aa3f548c698,2025-10-15T11:45:03.692623,grail,thus,5,True,72ad01c69167,6.072259999655216,latency-9aa3f548c698.csv
1,9aa3f548c698,2025-10-15T11:45:03.805563,shrek3,his,238,True,72ad01c69167,7.153247000132978,latency-9aa3f548c698.csv
1,9aa3f548c698,2025-10-15T11:45:03.922065,grail,Cleese,10,True,72ad01c69167,7.6117469998280285,latency-9aa3f548c698.csv
1,9aa3f548c698,2025-10-15T11:45:04.040230,grail,the,1600,True,72ad01c69167,4.132226999900013,latency-9aa3f548c698.csv
1,9aa3f548c698,2025-10-15T11:45:04.149243,shrek,MAN,38,True,a45d25883979,4.564420000406244,latency-9aa3f548c698.csv
1,9aa3f548c698,2025-10-15T11:45:04.259331,shrek3,2,8,True,a45d25883979,4.773106999891752,latency-9aa3f548c698.csv
1,9aa3f548c698,2025-10-15T11:45:04.369686,grail,the,1600,True,a45d25883979,9.820175000186282,latency-9aa3f548c698.csv
1,9aa3f548c698,2025-10-15T11:45:04.487878,shrek,INSIDE,16,True,a45d25883979,6.903716999659082,latency-9aa3f548c698.csv
1,9aa3f548c698,2025-10-15T11:45:04.601032,shrek,No,114,True,a45d25883979,7.080641000356991,latency-9aa3f548c698.csv
2,9aa3f548c698,2025-10-15T11:45:04.714185,shrek3,OGRE,39,True,a45d25883979,6.801949999953649,latency-9aa3f548c698.csv
2,9aa3f548c698,2025-10-15T11:45:04.828621,grail,Michael,11,True,a45d25883979,11.446104999777162,latency-9aa3f548c698.csv
2,9aa3f548c698,2025-10-15T11:45:04.947058,shrek,you,409,True,72ad01c69167,16.954852000253595,latency-9aa3f548c698.csv
2,9aa3f548c698,2025-10-15T11:45:05.082714,shrek,who,29,True,a45d25883979,11.765364999973826,latency-9aa3f548c698.csv
2,9aa3f548c698,2025-10-15T11:45:05.204546,shrek3,Final,119,True,a45d25883979,9.954942000149458,latency-9aa3f548c698.csv
2,9aa3f548c698,2025-10-15T11:45:05.322019,shrek,you,409,True,a45d25883979,19.796438999946982,latency-9aa3f548c698.csv
2,9aa3f548c698,2025-10-15T11:45:05.452719,shrek3,his,238,True,72ad01c69167,10.437963999720523,latency-9aa3f548c698.csv
2,9aa3f548c698,2025-10-15T11:45:05.579993,grail,singing,33,True,72ad01c69167,5.58405199990375,latency-9aa3f548c698.csv
2,9aa3f548c698,2025-10-15T11:45:05.694731,shrek,Is,132,True,72ad01c69167,4.806797000128427,latency-9aa3f548c698.csv
2,9aa3f548c698,2025-10-15T11:45:05.806635,shrek,SHREK,433,True,72ad01c69167,9.351584000341973,latency-9aa3f548c698.csv
2,9aa3f548c698,2025-10-15T11:45:05.924183,grail,CALLS,3,True,72ad01c69167,5.540426000152365,latency-9aa3f548c698.csv
2,9aa3f548c698,2025-10-15T11:45:06.037879,grail,thus,5,True,72ad01c69167,5.312804999903165,latency-9aa3f548c698.csv
2,9aa3f548c698,2025-10-15T11:45:06.150456,shrek3,his,238,True,72ad01c69167,4.652039999655244,latency-9aa3f548c698.csv
2,9aa3f548c698,2025-10-15T11:45:06.261606,grail,Cleese,10,True,a45d25883979,5.805192000025272,latency-9aa3f548c698.csv
2,9aa3f548c698,2025-10-15T11:45:06.377935,grail,the,1600,True,a45d25883979,6.891884000197024,latency-9aa3f548c698.csv
2,9aa3f548c698,2025-10-15T11:45:06.493228,shrek,MAN,38,True,a45d25883979,7.9511869998896145,latency-9aa3f548c698.csv
2,9aa3f548c698,2025-10-15T11:45:06.612181,shrek3,2,8,True,a45d25883979,5.537456000183738,latency-9aa3f548c698.csv
2,9aa3f548c698,2025-10-15T11:45:06.723518,grail,the,1600,True,a45d25883979,5.752074000156426,latency-9aa3f548c698.csv
2,9aa3f548c698,2025-10-15T11:45:06.834559,shrek,INSIDE,16,True,a45d25883979,5.469140000059269,latency-9aa3f548c698.csv
2,9aa3f548c698,2025-10-15T11:45:06.946144,shrek,No,114,True,a45d25883979,5.572399999891786,latency-9aa3f548c698.csv
1,9cff75a228b1,2025-10-15T11:45:23.834905,shrek,And,318,True,72ad01c69167,5.478703999870049,latency-9cff75a228b1.csv
1,9cff75a228b1,2025-10-15T11:45:23.945804,shrek,after,10,True,a45d25883979,5.41264699995736,latency-9cff75a228b1.csv
1,9cff75a228b1,2025-10-15T11:45:24.059005,shrek3,supposed,11,True,a45d25883979,8.61927599999035,latency-9cff75a228b1.csv
1,9cff75a228b1,2025-10-15T11:45:24.174609,shrek,will,16,True,a45d25883979,6.765026000266516,latency-9cff75a228b1.csv
1,9cff75a228b1,2025-10-15T11:45:24.289709,grail,at,104,True,a45d25883979,4.839431999698718,latency-9cff75a228b1.csv
1,9cff75a228b1,2025-10-15T11:45:24.400788,grail,the,1600,True,a45d25883979,5.93664500001978,latency-9cff75a228b1.csv
1,9cff75a228b1,2025-10-15T11:45:24.512733,shrek,this,79,True,a45d25883979,6.133654000223032,latency-9cff75a228b1.csv
1,9cff75a228b1,2025-10-15T11:45:24.626156,grail,the,1600,True,a45d25883979,6.614036999962991,latency-9cff75a228b1.csv
1,9cff75a228b1,2025-10-15T11:45:24.741031,grail,them,41,True,a45d25883979,5.534669000098802,latency-9cff75a228b1.csv
1,9cff75a228b1,2025-10-15T11:45:24.852479,shrek3,TO,511,True,a45d25883979,4.464611999992485,latency-9cff75a228b1.csv
1,9cff75a228b1,2025-10-15T11:45:24.961719,grail,the,1600,True,a45d25883979,5.202847999953519,latency-9cff75a228b1.csv
1,9cff75a228b1,2025-10-15T11:45:25.073919,shrek3,boomerang,1,True,a45d25883979,5.42397900017022,latency-9cff75a228b1.csv
1,9cff75a228b1,2025-10-15T11:45:25.185073,shrek3,and,576,True,a45d25883979,5.9348769996177,latency-9cff75a228b1.csv
1,9cff75a228b1,2025-10-15T11:45:25.304354,shrek3,SHREK,678,True,a45d25883979,11.045064999962053,latency-9cff75a228b1.csv
1,9cff75a228b1,2025-10-15T11:45:25.422269,shrek,the,535,True,a45d25883979,4.754566999963572,latency-9cff75a228b1.csv
1,9cff75a228b1,2025-10-15T11:45:25.532541,grail,Aaaaugh,9,True,a45d25883979,5.804208999961702,latency-9cff75a228b1.csv
1,9cff75a228b1,2025-10-15T11:45:25.644265,grail,us,32,True,a45d25883979,4.7033969999574765,latency-9cff75a228b1.csv
1,9cff75a228b1,2025-10-15T11:45:25.753711,grail,about,49,True,a45d25883979,5.441120999876148,latency-9cff75a228b1.csv
1,9cff75a228b1,2025-10-15T11:45:25.864612,shrek3,Third,121,True,a45d25883979,7.639021000159119,latency-9cff75a228b1.csv
1,9cff75a228b1,2025-10-15T11:45:25.978368,shrek3,glass,9,True,a45d25883979,5.407659999946191,latency-9cff75a228b1.csv
2,9cff75a228b1,2025-10-15T11:45:26.089095,shrek,And,318,True,a45d25883979,5.896079999729409,latency-9cff75a228b1.csv
2,9cff75a228b1,2025-10-15T11:45:26.200941,shrek,after,10,True,a45d25883979,5.391357999997126,latency-9cff75a228b1.csv
2,9cff75a228b1,2025-10-15T11:45:26.312185,shrek3,supposed,11,True,1de2274fea60,8.743892999973468,latency-9cff75a228b1.csv
2,9cff75a228b1,2025-10-15T11:45:26.429088,shrek,will,16,True,72ad01c69167,21.943027999896003,latency-9cff75a228b1.csv
2,9cff75a228b1,2025-10-15T11:45:26.583233,grail,at,104,True,a45d25883979,24.281354999857285,latency-9cff75a228b1.csv
2,9cff75a228b1,2025-10-15T11:45:26.721288,grail,the,1600,True,72ad01c69167,6.7941720003545925,latency-9cff75a228b1.csv
2,9cff75a228b1,2025-10-15T11:45:26.834879,shrek,this,79,True,1de2274fea60,22.43519700004981,latency-9cff75a228b1.csv
2,9cff75a228b1,2025-10-15T11:45:26.973320,grail,the,1600,True,a45d25883979,7.897425999999541,latency-9cff75a228b1.csv
2,9cff75a228b1,2025-10-15T11:45:27.096602,grail,them,41,True,a45d25883979,15.983149000021513,latency-9cff75a228b1.csv
2,9cff75a228b1,2025-10-15T11:45:27.225942,shrek3,TO,511,True,a45d25883979,24.435185000129422,latency-9cff75a228b1.csv
2,9cff75a228b1,2025-10-15T11:45:27.370268,grail,the,1600,True,a45d25883979,17.984210000122403,latency-9cff75a228b1.csv
2,9cff75a228b1,2025-10-15T11:45:27.502468,shrek3,boomerang,1,True,a45d25883979,8.02559600015229,latency-9cff75a228b1.csv
2,9cff75a228b1,2025-10-15T11:45:27.623839,shrek3,and,576,True,a45d25883979,9.56564599982812,latency-9cff75a228b1.csv
2,9cff75a228b1,2025-10-15T11:45:27.744427,shrek3,SHREK,678,True,a45d25883979,7.709956999860879,latency-9cff75a228b1.csv
2,9cff75a228b1,2025-10-15T11:45:27.873959,shrek,the,535,True,a45d25883979,8.409872999891377,latency-9cff75a228b1.csv
2,9cff75a228b1,2025-10-15T11:45:27.993839,grail,Aaaaugh,9,True,a45d25883979,15.853385999889724,latency-9cff75a228b1.csv
2,9cff75a228b1,2025-10-15T11:45:28.124429,grail,us,32,True,a45d25883979,13.526187000024947,latency-9cff75a228b1.csv
2,9cff75a228b1,2025-10-15T11:45:28.248440,grail,about,49,True,a45d25883979,13.480823999998393,latency-9cff75a228b1.csv
2,9cff75a228b1,2025-10-15T11:45:28.374629,shrek3,Third,121,True,a45d25883979,8.674818000145024,latency-9cff75a228b1.csv
2,9cff75a228b1,2025-10-15T11:45:28.498024,shrek3,glass,9,True,a45d25883979,19.3731259996639,latency-9cff75a228b1.csv
1,9d468eda9154,2025-10-15T11:45:50.785782,shrek,SHREK,433,True,72ad01c69167,6.699753999782843,latency-9d468eda9154.csv
1,9d468eda9154,2025-10-15T11:45:50.898817,grail,"collective,",0,True,72ad01c69167,8.29339500023707,latency-9d468eda9154.csv
1,9d468eda9154,2025-10-15T11:45:51.014313,grail,(as,0,True,72ad01c69167,9.602700999948866,latency-9d468eda9154.csv
1,9d468eda9154,2025-10-15T11:45:51.132683,grail,grabbing,5,True,72ad01c69167,9.663956000167673,latency-9d468eda9154.csv
1,9d468eda9154,2025-10-15T11:45:51.252023,shrek3,Artie,213,True,72ad01c69167,7.049861999803397,latency-9d468eda9154.csv
1,9d468eda9154,2025-10-15T11:45:51.374057,grail,pause,10,True,a45d25883979,6.842133000191097,latency-9d468eda9154.csv
1,9d468eda9154,2025-10-15T11:45:51.489089,shrek,lay,2,True,72ad01c69167,9.15915900031905,latency-9d468eda9154.csv
1,9d468eda9154,2025-10-15T11:45:51.609434,grail,is,317,True,a45d25883979,6.897709999975632,latency-9d468eda9154.csv
1,9d468eda9154,2025-10-15T11:45:51.728628,shrek3,boomerang,1,True,72ad01c69167,7.817023999905359,latency-9d468eda9154.csv
1,9d468eda9154,2025-10-15T11:45:51.843749,grail,"Peng,",0,True,72ad01c69167,9.938570000031175,latency-9d468eda9154.csv
1,9d468eda9154,2025-10-15T11:45:51.961920,grail,the,1600,True,72ad01c69167,9.877186000267102,latency-9d468eda9154.csv
1,9d468eda9154,2025-10-15T11:45:52.086873,grail,from,94,True,a45d25883979,26.757311999972444,latency-9d468eda9154.csv
1,9d468eda9154,2025-10-15T11:45:52.232042,shrek3,cosmic,1,True,a45d25883979,9.767963999820497,latency-9d468eda9154.csv
1,9d468eda9154,2025-10-15T11:45:52.348510,grail,3,18,True,a45d25883979,15.546029999768509,latency-9d468eda9154.csv
1,9d468eda9154,2025-10-15T11:45:52.474608,shrek,FIONA,211,True,72ad01c69167,9.351378000246768,latency-9d468eda9154.csv
1,9d468eda9154,2025-10-15T11:45:52.595515,grail,ANOTHER,25,True,72ad01c69167,11.922154999865596,latency-9d468eda9154.csv
1,9d468eda9154,2025-10-15T11:45:52.723129,shrek,GUARD,25,True,72ad01c69167,9.716082000068129,latency-9d468eda9154.csv
1,9d468eda9154,2025-10-15T11:45:52.843320,shrek,to,268,True,72ad01c69167,8.370003999971232,latency-9d468eda9154.csv
1,9d468eda9154,2025-10-15T11:45:52.963000,shrek,Nobody,4,True,72ad01c69167,19.029181999940192,latency-9d468eda9154.csv
1,9d468eda9154,2025-10-15T11:45:53.097410,grail,them,41,True,72ad01c69167,12.92940900020767,latency-9d468eda9154.csv
2,9d468eda9154,2025-10-15T11:45:53.221730,shrek,SHREK,433,True,72ad01c69167,9.821819000080724,latency-9d468eda9154.csv
2,9d468eda9154,2025-10-15T11:45:53.338328,grail,"collective,",0,True,72ad01c69167,20.188853000036037,latency-9d468eda9154.csv
2,9d468eda9154,2025-10-15T11:45:53.529663,grail,(as,0,True,a45d25883979,20.052537000083248,latency-9d468eda9154.csv
2,9d468eda9154,2025-10-15T11:45:53.660467,grail,grabbing,5,True,a45d25883979,6.319194999832689,latency-9d468eda9154.csv
2,9d468eda9154,2025-10-15T11:45:53.776087,shrek3,Artie,213,True,72ad01c69167,14.417167999908996,latency-9d468eda9154.csv
2,9d468eda9154,2025-10-15T11:45:53.911494,grail,pause,10,True,72ad01c69167,25.87078599981396,latency-9d468eda9154.csv
2,9d468eda9154,2025-10-15T11:45:54.047599,shrek,lay,2,True,1de2274fea60,70.43663900003594,latency-9d468eda9154.csv
2,9d468eda9154,2025-10-15T11:45:54.239505,grail,is,317,True,a45d25883979,15.080543999829388,latency-9d468eda9154.csv
2,9d468eda9154,2025-10-15T11:45:54.377302,shrek3,boomerang,1,True,a45d25883979,24.36768699999448,latency-9d468eda9154.csv
2,9d468eda9154,2025-10-15T11:45:54.523048,grail,"Peng,",0,True,72ad01c69167,86.5626270001485,latency-9d468eda9154.csv
2,9d468eda9154,2025-10-15T11:45:54.804407,grail,the,1600,True,72ad01c69167,25.519888999951945,latency-9d468eda9154.csv
2,9d468eda9154,2025-10-15T11:45:54.967768,grail,from,94,True,72ad01c69167,44.34686700005841,latency-9d468eda9154.csv
2,9d468eda9154,2025-10-15T11:45:55.142559,shrek3,cosmic,1,True,72ad01c69167,29.558966999957192,latency-9d468eda9154.csv
2,9d468eda9154,2025-10-15T11:45:55.292884,grail,3,18,True,1de2274fea60,18.960719000006065,latency-9d468eda9154.csv
2,9d468eda9154,2025-10-15T11:45:55.420974,shrek,FIONA,211,True,1de2274fea60,25.89996899996549,latency-9d468eda9154.csv
2,9d468eda9154,2025-10-15T11:45:55.567023,grail,ANOTHER,25,True,1de2274fea60,16.271496000172192,latency-9d468eda9154.csv
2,9d468eda9154,2025-10-15T11:45:55.706937,shrek,GUARD,25,True,a45d25883979,17.264893000174197,latency-9d468eda9154.csv
2,9d468eda9154,2025-10-15T11:45:55.836387,shrek,to,268,True,a45d25883979,8.768072999828291,latency-9d468eda9154.csv
2,9d468eda9154,2025-10-15T11:45:55.958320,shrek,Nobody,4,True,a45d25883979,27.5127509999038,latency-9d468eda9154.csv
2,9d468eda9154,2025-10-15T11:45:56.102722,grail,them,41,True,a45d25883979,8.114752999972552,latency-9d468eda9154.csv
1,9dbb70e75926,2025-10-15T11:44:56.991543,shrek,INSIDE,16,True,a45d25883979,9.010037000280136,latency-9dbb70e75926.csv
1,9dbb70e75926,2025-10-15T11:44:57.111938,shrek,our,11,True,a45d25883979,11.096194999936415,latency-9dbb70e75926.csv
1,9dbb70e75926,2025-10-15T11:44:57.248754,shrek,I,386,True,72ad01c69167,11.06484999991153,latency-9dbb70e75926.csv
1,9dbb70e75926,2025-10-15T11:44:57.377132,shrek,FIONA,211,True,72ad01c69167,19.64230300018244,latency-9dbb70e75926.csv
1,9dbb70e75926,2025-10-15T11:44:57.507961,grail,“I,0,True,a45d25883979,16.678249000051437,latency-9dbb70e75926.csv
1,9dbb70e75926,2025-10-15T11:44:57.645875,shrek,after,10,True,1de2274fea60,12.767357000029731,latency-9dbb70e75926.csv
1,9dbb70e75926,2025-10-15T11:44:57.773273,shrek3,bed,10,True,a45d25883979,10.438923000037905,latency-9dbb70e75926.csv
1,9dbb70e75926,2025-10-15T11:44:57.897244,grail,Butts,2,True,1de2274fea60,18.7527099997169,latency-9dbb70e75926.csv
1,9dbb70e75926,2025-10-15T11:44:58.025378,shrek3,CAPTAIN,41,True,1de2274fea60,12.153729000146996,latency-9dbb70e75926.csv
1,9dbb70e75926,2025-10-15T11:44:58.145033,grail,Who’s,3,False,72ad01c69167,22.338668999964284,latency-9dbb70e75926.csv
1,9dbb70e75926,2025-10-15T11:44:58.284880,shrek3,116,1,True,1de2274fea60,23.48701899973093,latency-9dbb70e75926.csv
1,9dbb70e75926,2025-10-15T11:44:58.423094,shrek3,body),0,True,72ad01c69167,13.74206399987088,latency-9dbb70e75926.csv
1,9dbb70e75926,2025-10-15T11:44:58.552282,shrek3,"meet""",0,True,a45d25883979,23.62696899990624,latency-9dbb70e75926.csv
1,9dbb70e75926,2025-10-15T11:44:58.701009,grail,"Oh,",2,False,1de2274fea60,32.69323400036228,latency-9dbb70e75926.csv
1,9dbb70e75926,2025-10-15T11:44:58.849059,shrek,What,104,True,a45d25883979,13.84247400028471,latency-9dbb70e75926.csv
1,9dbb70e75926,2025-10-15T11:44:58.978985,grail,to,718,True,a45d25883979,8.794664000106422,latency-9dbb70e75926.csv
1,9dbb70e75926,2025-10-15T11:44:59.108735,grail,king,136,True,a45d25883979,14.853060999939771,latency-9dbb70e75926.csv
1,9dbb70e75926,2025-10-15T11:44:59.237735,shrek3,the,1285,True,72ad01c69167,25.546631999986857,latency-9dbb70e75926.csv
1,9dbb70e75926,2025-10-15T11:44:59.373293,shrek,not,50,True,1de2274fea60,20.950496999830648,latency-9dbb70e75926.csv
1,9dbb70e75926,2025-10-15T11:44:59.512043,shrek,swamp,18,True,a45d25883979,21.51821600000403,latency-9dbb70e75926.csv
2,9dbb70e75926,2025-10-15T11:44:59.647361,shrek,INSIDE,16,True,a45d25883979,10.478640000201269,latency-9dbb70e75926.csv
2,9dbb70e75926,2025-10-15T11:44:59.767677,shrek,our,11,True,72ad01c69167,19.558285999664804,latency-9dbb70e75926.csv
2,9dbb70e75926,2025-10-15T11:44:59.902695,shrek,I,386,True,1de2274fea60,18.682505000015222,latency-9dbb70e75926.csv
2,9dbb70e75926,2025-10-15T11:45:00.037469,shrek,FIONA,211,True,72ad01c69167,15.689759999986563,latency-9dbb70e75926.csv
2,9dbb70e75926,2025-10-15T11:45:00.176446,grail,“I,0,True,72ad01c69167,14.207766000254196,latency-9dbb70e75926.csv
2,9dbb70e75926,2025-10-15T11:45:00.311311,shrek,after,10,True,a45d25883979,7.401492000099097,latency-9dbb70e75926.csv
2,9dbb70e75926,2025-10-15T11:45:00.425891,shrek3,bed,10,True,72ad01c69167,6.79485199998453,latency-9dbb70e75926.csv
2,9dbb70e75926,2025-10-15T11:45:00.539294,grail,Butts,2,True,72ad01c69167,6.323344000065845,latency-9dbb70e75926.csv
2,9dbb70e75926,2025-10-15T11:45:00.652240,shrek3,CAPTAIN,41,True,72ad01c69167,9.644038999795155,latency-9dbb70e75926.csv
2,9dbb70e75926,2025-10-15T11:45:00.770511,grail,Who’s,3,True,1de2274fea60,13.196612999763602,latency-9dbb70e75926.csv
2,9dbb70e75926,2025-10-15T11:45:00.894098,shrek3,116,1,True,72ad01c69167,7.949494000058621,latency-9dbb70e75926.csv
2,9dbb70e75926,2025-10-15T11:45:01.011023,shrek3,body),0,True,1de2274fea60,16.57641700012391,latency-9dbb70e75926.csv
2,9dbb70e75926,2025-10-15T11:45:01.137475,shrek3,"meet""",0,True,72ad01c69167,14.127013000234,latency-9dbb70e75926.csv
2,9dbb70e75926,2025-10-15T11:45:01.266118,grail,"Oh,",2,True,72ad01c69167,8.462986999802524,latency-9dbb70e75926.csv
2,9dbb70e75926,2025-10-15T11:45:01.392007,shrek,What,104,True,a45d25883979,7.467984999948385,latency-9dbb70e75926.csv
2,9dbb70e75926,2025-10-15T11:45:01.512217,grail,to,718,True,a45d25883979,4.780566999670555,latency-9dbb70e75926.csv
2,9dbb70e75926,2025-10-15T11:45:01.621946,grail,king,136,True,72ad01c69167,5.897098000332335,latency-9dbb70e75926.csv
2,9dbb70e75926,2025-10-15T11:45:01.734553,shrek3,the,1285,True,72ad01c69167,7.585970000036468,latency-9dbb70e75926.csv
2,9dbb70e75926,2025-10-15T11:45:01.851757,shrek,not,50,True,a45d25883979,4.781217999607179,latency-9dbb70e75926.csv
2,9dbb70e75926,2025-10-15T11:45:01.964292,shrek,swamp,18,True,a45d25883979,5.07897099987531,latency-9dbb70e75926.csv
1,9edde1925de1,2025-10-15T11:46:17.459461,grail,for,118,True,72ad01c69167,28.178434999972524,latency-9edde1925de1.csv
1,9edde1925de1,2025-10-15T11:46:17.605002,grail,toward,10,True,72ad01c69167,12.90181800004575,latency-9edde1925de1.csv
1,9edde1925de1,2025-10-15T11:46:17.735754,grail,"collective,",0,True,72ad01c69167,8.30026799985717,latency-9edde1925de1.csv
1,9edde1925de1,2025-10-15T11:46:17.857315,shrek,your,49,True,72ad01c69167,8.296310999867273,latency-9edde1925de1.csv
1,9edde1925de1,2025-10-15T11:46:17.976747,grail,“I,0,True,72ad01c69167,17.964854999718227,latency-9edde1925de1.csv
1,9edde1925de1,2025-10-15T11:46:18.107093,grail,are,114,True,72ad01c69167,12.180371999875206,latency-9edde1925de1.csv
1,9edde1925de1,2025-10-15T11:46:18.234070,shrek,I,386,True,72ad01c69167,8.583711000028416,latency-9edde1925de1.csv
1,9edde1925de1,2025-10-15T11:46:18.354376,shrek3,through,43,True,72ad01c69167,12.312579000081314,latency-9edde1925de1.csv
1,9edde1925de1,2025-10-15T11:46:18.475492,grail,"Oh,",2,True,72ad01c69167,8.446339000329317,latency-9edde1925de1.csv
1,9edde1925de1,2025-10-15T11:46:18.593057,grail,Christ,8,True,72ad01c69167,9.903298000153882,latency-9edde1925de1.csv
1,9edde1925de1,2025-10-15T11:46:18.725704,shrek3,CAPTAIN,41,True,72ad01c69167,30.22850000024846,latency-9edde1925de1.csv
1,9edde1925de1,2025-10-15T11:46:18.875640,shrek3,his,238,True,a45d25883979,6.221811999694182,latency-9edde1925de1.csv
1,9edde1925de1,2025-10-15T11:46:18.988365,shrek,GUARD,25,True,a45d25883979,13.807537000047889,latency-9edde1925de1.csv
1,9edde1925de1,2025-10-15T11:46:19.111473,grail,toward,10,True,72ad01c69167,9.702107000066462,latency-9edde1925de1.csv
1,9edde1925de1,2025-10-15T11:46:19.233308,grail,sell,1,True,a45d25883979,6.600766000246949,latency-9edde1925de1.csv
1,9edde1925de1,2025-10-15T11:46:19.345893,shrek,GUARD,25,True,1de2274fea60,10.955253999782144,latency-9edde1925de1.csv
1,9edde1925de1,2025-10-15T11:46:19.464312,shrek,(standing,0,True,1de2274fea60,10.463609999987966,latency-9edde1925de1.csv
1,9edde1925de1,2025-10-15T11:46:19.585029,grail,at,104,True,72ad01c69167,8.07707300009497,latency-9edde1925de1.csv
1,9edde1925de1,2025-10-15T11:46:19.702678,shrek,swamp,18,True,72ad01c69167,7.148943000174768,latency-9edde1925de1.csv
1,9edde1925de1,2025-10-15T11:46:19.820182,grail,since,10,True,72ad01c69167,5.46619999977338,latency-9edde1925de1.csv
2,9edde1925de1,2025-10-15T11:46:19.933150,grail,for,118,True,a45d25883979,16.2931669997306,latency-9edde1925de1.csv
2,9edde1925de1,2025-10-15T11:46:20.059570,grail,toward,10,True,a45d25883979,4.9892890001501655,latency-9edde1925de1.csv
2,9edde1925de1,2025-10-15T11:46:20.169462,grail,"collective,",0,True,72ad01c69167,9.120136000092316,latency-9edde1925de1.csv
2,9edde1925de1,2025-10-15T11:46:20.289597,shrek,your,49,True,72ad01c69167,6.989233999775024,latency-9edde1925de1.csv
2,9edde1925de1,2025-10-15T11:46:20.402936,grail,“I,0,True,a45d25883979,5.031993000102375,latency-9edde1925de1.csv
2,9edde1925de1,2025-10-15T11:46:20.513643,grail,are,114,True,a45d25883979,8.339273999808938,latency-9edde1925de1.csv
2,9edde1925de1,2025-10-15T11:46:20.631177,shrek,I,386,True,72ad01c69167,10.431281999899513,latency-9edde1925de1.csv
2,9edde1925de1,2025-10-15T11:46:20.753155,shrek3,through,43,True,72ad01c69167,6.823861000157194,latency-9edde1925de1.csv
2,9edde1925de1,2025-10-15T11:46:20.868217,grail,"Oh,",2,True,72ad01c69167,8.239886000410479,latency-9edde1925de1.csv
2,9edde1925de1,2025-10-15T11:46:20.982562,grail,Christ,8,True,72ad01c69167,8.329204999881767,latency-9edde1925de1.csv
2,9edde1925de1,2025-10-15T11:46:21.101314,shrek3,CAPTAIN,41,True,72ad01c69167,13.706475000162754,latency-9edde1925de1.csv
2,9edde1925de1,2025-10-15T11:46:21.232366,shrek3,his,238,True,72ad01c69167,6.424893999792403,latency-9edde1925de1.csv
2,9edde1925de1,2025-10-15T11:46:21.349588,shrek,GUARD,25,True,1de2274fea60,10.04144400030782,latency-9edde1925de1.csv
2,9edde1925de1,2025-10-15T11:46:21.471256,grail,toward,10,True,72ad01c69167,32.72243099991101,latency-9edde1925de1.csv
2,9edde1925de1,2025-10-15T11:46:21.624468,grail,sell,1,True,a45d25883979,15.041021999877556,latency-9edde1925de1.csv
2,9edde1925de1,2025-10-15T11:46:21.773507,shrek,GUARD,25,True,a45d25883979,9.870589000001928,latency-9edde1925de1.csv
2,9edde1925de1,2025-10-15T11:46:21.895676,shrek,(standing,0,True,a45d25883979,12.18358200003422,latency-9edde1925de1.csv
2,9edde1925de1,2025-10-15T11:46:22.029555,grail,at,104,True,72ad01c69167,10.38786200024333,latency-9edde1925de1.csv
2,9edde1925de1,2025-10-15T11:46:22.150444,shrek,swamp,18,True,a45d25883979,24.16432099971644,latency-9edde1925de1.csv
2,9edde1925de1,2025-10-15T11:46:22.290141,grail,since,10,True,a45d25883979,12.97566800030836,latency-9edde1925de1.csv
1,9f3bcb9e9fc5,2025-10-15T11:45:11.809433,shrek,FARQUAAD,84,True,1de2274fea60,13.743383000019094,latency-9f3bcb9e9fc5.csv
1,9f3bcb9e9fc5,2025-10-15T11:45:11.952092,shrek3,an,51,True,1de2274fea60,10.427194999920175,latency-9f3bcb9e9fc5.csv
1,9f3bcb9e9fc5,2025-10-15T11:45:12.079399,shrek3,dat,1,True,1de2274fea60,11.201720999906684,latency-9f3bcb9e9fc5.csv
1,9f3bcb9e9fc5,2025-10-15T11:45:12.215667,shrek,FIONA,211,True,a45d25883979,16.007594999791763,latency-9f3bcb9e9fc5.csv
1,9f3bcb9e9fc5,2025-10-15T11:45:12.358137,shrek,a,305,True,72ad01c69167,10.459226999955716,latency-9f3bcb9e9fc5.csv
1,9f3bcb9e9fc5,2025-10-15T11:45:12.480529,grail,"collective,",0,True,a45d25883979,17.423873999632633,latency-9f3bcb9e9fc5.csv
1,9f3bcb9e9fc5,2025-10-15T11:45:12.625153,grail,"lute,",0,True,72ad01c69167,13.654620999659528,latency-9f3bcb9e9fc5.csv
1,9f3bcb9e9fc5,2025-10-15T11:45:12.749266,shrek,tell,25,True,72ad01c69167,16.11766499991063,latency-9f3bcb9e9fc5.csv
1,9f3bcb9e9fc5,2025-10-15T11:45:12.876858,grail,Cleveland,3,True,72ad01c69167,10.89806599975418,latency-9f3bcb9e9fc5.csv
1,9f3bcb9e9fc5,2025-10-15T11:45:13.009597,shrek,FIONA'S,3,True,1de2274fea60,14.270587999817508,latency-9f3bcb9e9fc5.csv
1,9f3bcb9e9fc5,2025-10-15T11:45:13.137149,grail,Eolio,2,True,a45d25883979,8.981163000044035,latency-9f3bcb9e9fc5.csv
1,9f3bcb9e9fc5,2025-10-15T11:45:13.260128,shrek,No,114,True,a45d25883979,18.19065000017872,latency-9f3bcb9e9fc5.csv
1,9f3bcb9e9fc5,2025-10-15T11:45:13.392100,grail,Footnote,4,True,a45d25883979,10.53089099968929,latency-9f3bcb9e9fc5.csv
1,9f3bcb9e9fc5,2025-10-15T11:45:13.516843,shrek,on,88,True,a45d25883979,30.800664000253164,latency-9f3bcb9e9fc5.csv
1,9f3bcb9e9fc5,2025-10-15T11:45:13.698396,shrek3,true,1,True,72ad01c69167,191.99132199992164,latency-9f3bcb9e9fc5.csv
1,9f3bcb9e9fc5,2025-10-15T11:45:14.105072,shrek,What,104,True,a45d25883979,31.34045400020113,latency-9f3bcb9e9fc5.csv
1,9f3bcb9e9fc5,2025-10-15T11:45:14.254978,shrek,tale,7,True,72ad01c69167,20.032156000070245,latency-9f3bcb9e9fc5.csv
1,9f3bcb9e9fc5,2025-10-15T11:45:14.397183,shrek3,SNOW,49,True,a45d25883979,18.04687499998181,latency-9f3bcb9e9fc5.csv
1,9f3bcb9e9fc5,2025-10-15T11:45:14.556005,grail,singing,33,True,a45d25883979,24.199564000355167,latency-9f3bcb9e9fc5.csv
1,9f3bcb9e9fc5,2025-10-15T11:45:14.696027,shrek3,TO,511,True,72ad01c69167,7.65443399996002,latency-9f3bcb9e9fc5.csv
2,9f3bcb9e9fc5,2025-10-15T11:45:14.810291,shrek,FARQUAAD,84,True,72ad01c69167,6.002450999858411,latency-9f3bcb9e9fc5.csv
2,9f3bcb9e9fc5,2025-10-15T11:45:14.921293,shrek3,an,51,True,72ad01c69167,5.472922000080871,latency-9f3bcb9e9fc5.csv
2,9f3bcb9e9fc5,2025-10-15T11:45:15.031511,shrek3,dat,1,True,72ad01c69167,8.563165999930789,latency-9f3bcb9e9fc5.csv
2,9f3bcb9e9fc5,2025-10-15T11:45:15.149083,shrek,FIONA,211,True,72ad01c69167,5.427451999821642,latency-9f3bcb9e9fc5.csv
2,9f3bcb9e9fc5,2025-10-15T11:45:15.259955,shrek,a,305,True,72ad01c69167,5.64393900003779,latency-9f3bcb9e9fc5.csv
2,9f3bcb9e9fc5,2025-10-15T11:45:15.370692,grail,"collective,",0,True,72ad01c69167,6.668520999937755,latency-9f3bcb9e9fc5.csv
2,9f3bcb9e9fc5,2025-10-15T11:45:15.485207,grail,"lute,",0,True,72ad01c69167,7.271228000263363,latency-9f3bcb9e9fc5.csv
2,9f3bcb9e9fc5,2025-10-15T11:45:15.599370,shrek,tell,25,True,a45d25883979,6.192578000081994,latency-9f3bcb9e9fc5.csv
2,9f3bcb9e9fc5,2025-10-15T11:45:15.710413,grail,Cleveland,3,True,a45d25883979,6.348132999846712,latency-9f3bcb9e9fc5.csv
2,9f3bcb9e9fc5,2025-10-15T11:45:15.823368,shrek,FIONA'S,3,True,a45d25883979,5.882081999970978,latency-9f3bcb9e9fc5.csv
2,9f3bcb9e9fc5,2025-10-15T11:45:15.935197,grail,Eolio,2,True,a45d25883979,5.096609999782231,latency-9f3bcb9e9fc5.csv
2,9f3bcb9e9fc5,2025-10-15T11:45:16.047780,shrek,No,114,True,1de2274fea60,14.210110000021814,latency-9f3bcb9e9fc5.csv
2,9f3bcb9e9fc5,2025-10-15T11:45:16.167811,grail,Footnote,4,True,1de2274fea60,7.863539000027231,latency-9f3bcb9e9fc5.csv
2,9f3bcb9e9fc5,2025-10-15T11:45:16.283310,shrek,on,88,True,1de2274fea60,5.537727999580966,latency-9f3bcb9e9fc5.csv
2,9f3bcb9e9fc5,2025-10-15T11:45:16.394747,shrek3,true,1,True,a45d25883979,6.035205999978643,latency-9f3bcb9e9fc5.csv
2,9f3bcb9e9fc5,2025-10-15T11:45:16.506203,shrek,What,104,True,72ad01c69167,5.338089999895601,latency-9f3bcb9e9fc5.csv
2,9f3bcb9e9fc5,2025-10-15T11:45:16.617887,shrek,tale,7,True,72ad01c69167,7.32304999974076,latency-9f3bcb9e9fc5.csv
2,9f3bcb9e9fc5,2025-10-15T11:45:16.732237,shrek3,SNOW,49,True,72ad01c69167,6.642866999754915,latency-9f3bcb9e9fc5.csv
2,9f3bcb9e9fc5,2025-10-15T11:45:16.845189,grail,singing,33,True,72ad01c69167,7.451639000009891,latency-9f3bcb9e9fc5.csv
2,9f3bcb9e9fc5,2025-10-15T11:45:16.957919,shrek3,TO,511,True,72ad01c69167,8.511745999840059,latency-9f3bcb9e9fc5.csv
1,a1556846bd46,2025-10-15T11:45:56.880353,shrek,not,50,True,72ad01c69167,8.948484000029566,latency-a1556846bd46.csv
1,a1556846bd46,2025-10-15T11:45:56.999833,shrek,not,50,True,72ad01c69167,7.09362699990379,latency-a1556846bd46.csv
1,a1556846bd46,2025-10-15T11:45:57.116661,grail,G,6,True,a45d25883979,18.81697799990434,latency-a1556846bd46.csv
1,a1556846bd46,2025-10-15T11:45:57.256734,grail,the,1600,True,72ad01c69167,19.30441600006816,latency-a1556846bd46.csv
1,a1556846bd46,2025-10-15T11:45:57.394693,shrek3,of,275,True,a45d25883979,23.0013489999692,latency-a1556846bd46.csv
1,a1556846bd46,2025-10-15T11:45:57.540602,shrek,MAN,38,True,1de2274fea60,19.58092600034433,latency-a1556846bd46.csv
1,a1556846bd46,2025-10-15T11:45:57.681112,shrek,stairs,7,True,a45d25883979,19.432992000020025,latency-a1556846bd46.csv
1,a1556846bd46,2025-10-15T11:45:57.817977,grail,Bum,13,True,a45d25883979,24.82093899971005,latency-a1556846bd46.csv
1,a1556846bd46,2025-10-15T11:45:57.960411,grail,Get,47,True,a45d25883979,16.0990130002574,latency-a1556846bd46.csv
1,a1556846bd46,2025-10-15T11:45:58.101068,shrek3,SHREK,678,True,1de2274fea60,17.770047999874805,latency-a1556846bd46.csv
1,a1556846bd46,2025-10-15T11:45:58.229702,shrek,this,79,True,72ad01c69167,23.93186399967817,latency-a1556846bd46.csv
1,a1556846bd46,2025-10-15T11:45:58.381681,grail,pretty,7,True,72ad01c69167,45.426246999795694,latency-a1556846bd46.csv
1,a1556846bd46,2025-10-15T11:45:58.543014,grail,with/,0,True,1de2274fea60,16.034046999720886,latency-a1556846bd46.csv
1,a1556846bd46,2025-10-15T11:45:58.677472,shrek,one,44,True,72ad01c69167,30.283114000212663,latency-a1556846bd46.csv
1,a1556846bd46,2025-10-15T11:45:58.856524,shrek3,Im,1,True,72ad01c69167,29.199592000168195,latency-a1556846bd46.csv
1,a1556846bd46,2025-10-15T11:45:59.014884,grail,are,114,True,72ad01c69167,27.89873100027762,latency-a1556846bd46.csv
1,a1556846bd46,2025-10-15T11:45:59.179542,shrek3,ARTIE,213,True,1de2274fea60,18.420156000047427,latency-a1556846bd46.csv
1,a1556846bd46,2025-10-15T11:45:59.317272,shrek3,get,39,True,a45d25883979,15.756902999783051,latency-a1556846bd46.csv
1,a1556846bd46,2025-10-15T11:45:59.448892,shrek,tale,7,True,72ad01c69167,34.1367809996882,latency-a1556846bd46.csv
1,a1556846bd46,2025-10-15T11:45:59.621071,shrek,GORDO,5,True,a45d25883979,20.112937999783757,latency-a1556846bd46.csv
2,a1556846bd46,2025-10-15T11:45:59.764881,shrek,not,50,True,a45d25883979,64.62713900009476,latency-a1556846bd46.csv
2,a1556846bd46,2025-10-15T11:45:59.958466,shrek,not,50,True,72ad01c69167,12.460799000109546,latency-a1556846bd46.csv
2,a1556846bd46,2025-10-15T11:46:00.098908,grail,G,6,True,72ad01c69167,21.42798499971832,latency-a1556846bd46.csv
2,a1556846bd46,2025-10-15T11:46:00.257792,grail,the,1600,True,a45d25883979,40.65906000005271,latency-a1556846bd46.csv
2,a1556846bd46,2025-10-15T11:46:00.467108,shrek3,of,275,True,1de2274fea60,25.839341999926543,latency-a1556846bd46.csv
2,a1556846bd46,2025-10-15T11:46:00.612865,shrek,MAN,38,True,a45d25883979,60.46835600000122,latency-a1556846bd46.csv
2,a1556846bd46,2025-10-15T11:46:00.810458,shrek,stairs,7,True,72ad01c69167,25.61363300037556,latency-a1556846bd46.csv
2,a1556846bd46,2025-10-15T11:46:00.971924,grail,Bum,13,True,72ad01c69167,30.848578000131965,latency-a1556846bd46.csv
2,a1556846bd46,2025-10-15T11:46:01.126106,grail,Get,47,True,72ad01c69167,17.965122000077827,latency-a1556846bd46.csv
2,a1556846bd46,2025-10-15T11:46:01.276448,shrek3,SHREK,678,True,72ad01c69167,10.071662999962427,latency-a1556846bd46.csv
2,a1556846bd46,2025-10-15T11:46:01.397077,shrek,this,79,True,a45d25883979,22.85065600017333,latency-a1556846bd46.csv
2,a1556846bd46,2025-10-15T11:46:01.532121,grail,pretty,7,True,72ad01c69167,43.49057499985065,latency-a1556846bd46.csv
2,a1556846bd46,2025-10-15T11:46:01.693526,grail,with/,0,True,72ad01c69167,39.52614100035135,latency-a1556846bd46.csv
2,a1556846bd46,2025-10-15T11:46:01.847665,shrek,one,44,True,1de2274fea60,55.60413900002459,latency-a1556846bd46.csv
2,a1556846bd46,2025-10-15T11:46:02.056958,shrek3,Im,1,True,a45d25883979,73.59824699960882,latency-a1556846bd46.csv
2,a1556846bd46,2025-10-15T11:46:02.267951,grail,are,114,True,a45d25883979,43.8028429998667,latency-a1556846bd46.csv
2,a1556846bd46,2025-10-15T11:46:02.431429,shrek3,ARTIE,213,True,a45d25883979,69.24858000002132,latency-a1556846bd46.csv
2,a1556846bd46,2025-10-15T11:46:02.630726,shrek3,get,39,True,1de2274fea60,56.76557700007834,latency-a1556846bd46.csv
2,a1556846bd46,2025-10-15T11:46:02.827571,shrek,tale,7,True,a45d25883979,20.91408499973113,latency-a1556846bd46.csv
2,a1556846bd46,2025-10-15T11:46:02.974755,shrek,GORDO,5,True,1de2274fea60,16.980937999960588,latency-a1556846bd46.csv
1,a1a0ce22d680,2025-10-15T11:45:23.471186,grail,with/,0,True,72ad01c69167,11.95815599976413,latency-a1a0ce22d680.csv
1,a1a0ce22d680,2025-10-15T11:45:23.591345,shrek3,boomerang,1,True,a45d25883979,4.9619900000834605,latency-a1a0ce22d680.csv
1,a1a0ce22d680,2025-10-15T11:45:23.701102,shrek,And,318,True,a45d25883979,5.969579000066005,latency-a1a0ce22d680.csv
1,a1a0ce22d680,2025-10-15T11:45:23.812379,shrek3,body),0,True,a45d25883979,4.96781199990437,latency-a1a0ce22d680.csv
1,a1a0ce22d680,2025-10-15T11:45:23.922140,shrek,"Well,",0,True,a45d25883979,5.099237000194989,latency-a1a0ce22d680.csv
1,a1a0ce22d680,2025-10-15T11:45:24.033015,shrek3,cues,3,True,a45d25883979,6.975049000175204,latency-a1a0ce22d680.csv
1,a1a0ce22d680,2025-10-15T11:45:24.147209,grail,of,684,True,a45d25883979,6.640174000040133,latency-a1a0ce22d680.csv
1,a1a0ce22d680,2025-10-15T11:45:24.262042,shrek3,glass,9,True,a45d25883979,5.2566330000445305,latency-a1a0ce22d680.csv
1,a1a0ce22d680,2025-10-15T11:45:24.372275,grail,with/,0,True,a45d25883979,6.672516999969957,latency-a1a0ce22d680.csv
1,a1a0ce22d680,2025-10-15T11:45:24.485582,grail,them,41,True,72ad01c69167,8.876526999756607,latency-a1a0ce22d680.csv
1,a1a0ce22d680,2025-10-15T11:45:24.603222,grail,Auuuuuuuugh,2,True,a45d25883979,4.844265999963682,latency-a1a0ce22d680.csv
1,a1a0ce22d680,2025-10-15T11:45:24.714734,shrek,its,1,True,72ad01c69167,8.709318000001076,latency-a1a0ce22d680.csv
1,a1a0ce22d680,2025-10-15T11:45:24.830323,shrek,Aah,6,True,a45d25883979,4.526939000243146,latency-a1a0ce22d680.csv
1,a1a0ce22d680,2025-10-15T11:45:24.940171,shrek3,SNOW,49,True,72ad01c69167,7.043297000109305,latency-a1a0ce22d680.csv
1,a1a0ce22d680,2025-10-15T11:45:25.052518,grail,the,1600,True,72ad01c69167,7.823814999937895,latency-a1a0ce22d680.csv
1,a1a0ce22d680,2025-10-15T11:45:25.167727,grail,of,684,True,72ad01c69167,5.099808000068151,latency-a1a0ce22d680.csv
1,a1a0ce22d680,2025-10-15T11:45:25.278249,shrek3,ARTIE,213,True,a45d25883979,8.886341000106768,latency-a1a0ce22d680.csv
1,a1a0ce22d680,2025-10-15T11:45:25.395017,grail,Boom,4,True,72ad01c69167,4.6343230001184565,latency-a1a0ce22d680.csv
1,a1a0ce22d680,2025-10-15T11:45:25.505689,grail,I,298,True,a45d25883979,7.569791000150872,latency-a1a0ce22d680.csv
1,a1a0ce22d680,2025-10-15T11:45:25.619853,shrek3,CAPTAIN,41,True,a45d25883979,5.720496000321873,latency-a1a0ce22d680.csv
2,a1a0ce22d680,2025-10-15T11:45:25.730955,grail,with/,0,True,a45d25883979,6.301594999968074,latency-a1a0ce22d680.csv
2,a1a0ce22d680,2025-10-15T11:45:25.843757,shrek3,boomerang,1,True,a45d25883979,7.137025000247377,latency-a1a0ce22d680.csv
2,a1a0ce22d680,2025-10-15T11:45:25.957717,shrek,And,318,True,a45d25883979,5.677305000062916,latency-a1a0ce22d680.csv
2,a1a0ce22d680,2025-10-15T11:45:26.068585,shrek3,body),0,True,72ad01c69167,11.276121999799216,latency-a1a0ce22d680.csv
2,a1a0ce22d680,2025-10-15T11:45:26.186632,shrek,"Well,",0,True,72ad01c69167,5.671438000263152,latency-a1a0ce22d680.csv
2,a1a0ce22d680,2025-10-15T11:45:26.301022,shrek3,cues,3,True,72ad01c69167,15.720915000201783,latency-a1a0ce22d680.csv
2,a1a0ce22d680,2025-10-15T11:45:26.429748,grail,of,684,True,1de2274fea60,14.129716000297776,latency-a1a0ce22d680.csv
2,a1a0ce22d680,2025-10-15T11:45:26.564533,shrek3,glass,9,True,a45d25883979,8.076966000317043,latency-a1a0ce22d680.csv
2,a1a0ce22d680,2025-10-15T11:45:26.681263,grail,with/,0,True,1de2274fea60,16.91569200011145,latency-a1a0ce22d680.csv
2,a1a0ce22d680,2025-10-15T11:45:26.809653,grail,them,41,True,a45d25883979,15.76849699995364,latency-a1a0ce22d680.csv
2,a1a0ce22d680,2025-10-15T11:45:26.957678,grail,Auuuuuuuugh,2,True,a45d25883979,7.485140999961004,latency-a1a0ce22d680.csv
2,a1a0ce22d680,2025-10-15T11:45:27.074224,shrek,its,1,True,72ad01c69167,17.34280300024693,latency-a1a0ce22d680.csv
2,a1a0ce22d680,2025-10-15T11:45:27.210411,shrek,Aah,6,True,1de2274fea60,15.481765000004089,latency-a1a0ce22d680.csv
2,a1a0ce22d680,2025-10-15T11:45:27.345378,shrek3,SNOW,49,True,1de2274fea60,14.182787999743596,latency-a1a0ce22d680.csv
2,a1a0ce22d680,2025-10-15T11:45:27.475325,grail,the,1600,True,a45d25883979,13.24380400001246,latency-a1a0ce22d680.csv
2,a1a0ce22d680,2025-10-15T11:45:27.600204,grail,of,684,True,a45d25883979,7.82720999995945,latency-a1a0ce22d680.csv
2,a1a0ce22d680,2025-10-15T11:45:27.717621,shrek3,ARTIE,213,True,a45d25883979,9.185696999793436,latency-a1a0ce22d680.csv
2,a1a0ce22d680,2025-10-15T11:45:27.842679,grail,Boom,4,True,72ad01c69167,16.29439399994226,latency-a1a0ce22d680.csv
2,a1a0ce22d680,2025-10-15T11:45:27.972944,grail,I,298,True,1de2274fea60,10.088912999890454,latency-a1a0ce22d680.csv
2,a1a0ce22d680,2025-10-15T11:45:28.098664,shrek3,CAPTAIN,41,True,1de2274fea60,12.914666999677138,latency-a1a0ce22d680.csv
1,a25c0758ffed,2025-10-15T11:45:57.466074,grail,Gallahad,44,True,72ad01c69167,9.828120000292984,latency-a25c0758ffed.csv
1,a25c0758ffed,2025-10-15T11:45:57.589829,shrek,Shrek,433,True,1de2274fea60,25.75712999987445,latency-a25c0758ffed.csv
1,a25c0758ffed,2025-10-15T11:45:57.737942,shrek,our,11,True,72ad01c69167,33.31180700024561,latency-a25c0758ffed.csv
1,a25c0758ffed,2025-10-15T11:45:57.892255,shrek,you,409,True,72ad01c69167,30.612596000082704,latency-a25c0758ffed.csv
1,a25c0758ffed,2025-10-15T11:45:58.036760,grail,Bridge,30,True,72ad01c69167,47.89039499974024,latency-a25c0758ffed.csv
1,a25c0758ffed,2025-10-15T11:45:58.208713,shrek3,the,1285,True,a45d25883979,20.0197079998361,latency-a25c0758ffed.csv
1,a25c0758ffed,2025-10-15T11:45:58.364009,shrek3,Shrek,678,True,a45d25883979,17.584190999968996,latency-a25c0758ffed.csv
1,a25c0758ffed,2025-10-15T11:45:58.508810,grail,Guard,106,True,a45d25883979,17.438277999644924,latency-a25c0758ffed.csv
1,a25c0758ffed,2025-10-15T11:45:58.636535,shrek3,WHITE,45,True,a45d25883979,16.658821999953943,latency-a25c0758ffed.csv
1,a25c0758ffed,2025-10-15T11:45:58.769181,shrek3,MERLIN,73,True,72ad01c69167,20.18050500009849,latency-a25c0758ffed.csv
1,a25c0758ffed,2025-10-15T11:45:58.910621,shrek,you,409,True,a45d25883979,13.735215999986394,latency-a25c0758ffed.csv
1,a25c0758ffed,2025-10-15T11:45:59.065978,shrek,DONKEY,320,True,a45d25883979,24.21914199976527,latency-a25c0758ffed.csv
1,a25c0758ffed,2025-10-15T11:45:59.215987,grail,To,718,True,72ad01c69167,24.222093000389577,latency-a25c0758ffed.csv
1,a25c0758ffed,2025-10-15T11:45:59.350415,grail,from,94,True,1de2274fea60,17.83172800014654,latency-a25c0758ffed.csv
1,a25c0758ffed,2025-10-15T11:45:59.486276,shrek3,flaming,2,True,a45d25883979,22.814090000338183,latency-a25c0758ffed.csv
1,a25c0758ffed,2025-10-15T11:45:59.634753,shrek3,Donkey,243,True,72ad01c69167,12.509498999861536,latency-a25c0758ffed.csv
1,a25c0758ffed,2025-10-15T11:45:59.766984,shrek,GORDO,5,True,a45d25883979,26.81195499962996,latency-a25c0758ffed.csv
1,a25c0758ffed,2025-10-15T11:45:59.957964,shrek3,116,1,True,72ad01c69167,16.105791999962094,latency-a25c0758ffed.csv
1,a25c0758ffed,2025-10-15T11:46:00.116701,grail,LANCELOT,59,True,a45d25883979,33.94648799985589,latency-a25c0758ffed.csv
1,a25c0758ffed,2025-10-15T11:46:00.281976,shrek3,Hold,8,True,72ad01c69167,21.30242200018984,latency-a25c0758ffed.csv
2,a25c0758ffed,2025-10-15T11:46:00.454122,grail,Gallahad,44,True,a45d25883979,33.51142699966658,latency-a25c0758ffed.csv
2,a25c0758ffed,2025-10-15T11:46:00.611003,shrek,Shrek,433,True,a45d25883979,47.93732999996792,latency-a25c0758ffed.csv
2,a25c0758ffed,2025-10-15T11:46:00.819665,shrek,our,11,True,1de2274fea60,42.11347699992984,latency-a25c0758ffed.csv
2,a25c0758ffed,2025-10-15T11:46:01.009792,shrek,you,409,True,a45d25883979,17.6972719996229,latency-a25c0758ffed.csv
2,a25c0758ffed,2025-10-15T11:46:01.151013,grail,Bridge,30,True,a45d25883979,32.759814000201004,latency-a25c0758ffed.csv
2,a25c0758ffed,2025-10-15T11:46:01.312672,shrek3,the,1285,True,1de2274fea60,23.133280999900308,latency-a25c0758ffed.csv
2,a25c0758ffed,2025-10-15T11:46:01.464100,shrek3,Shrek,678,True,72ad01c69167,19.968433000030927,latency-a25c0758ffed.csv
2,a25c0758ffed,2025-10-15T11:46:01.606231,grail,Guard,106,True,1de2274fea60,32.17696100000467,latency-a25c0758ffed.csv
2,a25c0758ffed,2025-10-15T11:46:01.788787,shrek3,WHITE,45,True,a45d25883979,15.460597000128471,latency-a25c0758ffed.csv
2,a25c0758ffed,2025-10-15T11:46:01.951281,shrek3,MERLIN,73,True,1de2274fea60,29.038223000043217,latency-a25c0758ffed.csv
2,a25c0758ffed,2025-10-15T11:46:02.132237,shrek,you,409,True,72ad01c69167,65.99355500020465,latency-a25c0758ffed.csv
2,a25c0758ffed,2025-10-15T11:46:02.414779,shrek,DONKEY,320,True,1de2274fea60,70.88120399976106,latency-a25c0758ffed.csv
2,a25c0758ffed,2025-10-15T11:46:02.618538,grail,To,718,True,1de2274fea60,68.66650299980392,latency-a25c0758ffed.csv
2,a25c0758ffed,2025-10-15T11:46:02.853683,grail,from,94,True,1de2274fea60,17.38091600009284,latency-a25c0758ffed.csv
2,a25c0758ffed,2025-10-15T11:46:02.983548,shrek3,flaming,2,True,a45d25883979,15.447091000169166,latency-a25c0758ffed.csv
2,a25c0758ffed,2025-10-15T11:46:03.114958,shrek3,Donkey,243,True,72ad01c69167,21.04056199959814,latency-a25c0758ffed.csv
2,a25c0758ffed,2025-10-15T11:46:03.271329,shrek,GORDO,5,True,72ad01c69167,21.012967999922694,latency-a25c0758ffed.csv
2,a25c0758ffed,2025-10-15T11:46:03.406902,shrek3,116,1,True,72ad01c69167,14.179742000123952,latency-a25c0758ffed.csv
2,a25c0758ffed,2025-10-15T11:46:03.563157,grail,LANCELOT,59,True,72ad01c69167,15.34551900022052,latency-a25c0758ffed.csv
2,a25c0758ffed,2025-10-15T11:46:03.696742,shrek3,Hold,8,True,72ad01c69167,9.712524999940795,latency-a25c0758ffed.csv
1,a425f21efe93,2025-10-15T11:45:19.545738,grail,Bum,13,True,a45d25883979,6.3214639999387146,latency-a425f21efe93.csv
1,a425f21efe93,2025-10-15T11:45:19.660567,grail,"lute,",0,True,a45d25883979,9.832737999659004,latency-a425f21efe93.csv
1,a425f21efe93,2025-10-15T11:45:19.786442,shrek3,the,1285,True,a45d25883979,9.653463000176998,latency-a425f21efe93.csv
1,a425f21efe93,2025-10-15T11:45:19.904326,shrek,whole,10,True,a45d25883979,5.289177000122436,latency-a425f21efe93.csv
1,a425f21efe93,2025-10-15T11:45:20.015089,grail,feel,11,True,a45d25883979,4.385970000384987,latency-a425f21efe93.csv
1,a425f21efe93,2025-10-15T11:45:20.124094,shrek3,the,1285,True,a45d25883979,5.759827000019868,latency-a425f21efe93.csv
1,a425f21efe93,2025-10-15T11:45:20.235215,shrek3,ARTIE,213,True,1de2274fea60,11.071315999743092,latency-a425f21efe93.csv
1,a425f21efe93,2025-10-15T11:45:20.354169,shrek3,"meet""",0,True,72ad01c69167,9.924901999966096,latency-a425f21efe93.csv
1,a425f21efe93,2025-10-15T11:45:20.483372,grail,BEDEVERE,103,True,a45d25883979,5.180613999982597,latency-a425f21efe93.csv
1,a425f21efe93,2025-10-15T11:45:20.594547,grail,the,1600,True,1de2274fea60,14.807161999669916,latency-a425f21efe93.csv
1,a425f21efe93,2025-10-15T11:45:20.722164,shrek,looks,37,True,a45d25883979,6.670963000033225,latency-a425f21efe93.csv
1,a425f21efe93,2025-10-15T11:45:20.837744,shrek,DONKEY,320,True,a45d25883979,5.298237999795674,latency-a425f21efe93.csv
1,a425f21efe93,2025-10-15T11:45:20.949949,shrek,tale,7,True,a45d25883979,9.33225999960996,latency-a425f21efe93.csv
1,a425f21efe93,2025-10-15T11:45:21.069634,grail,Rostmm,1,True,a45d25883979,7.521717999679822,latency-a425f21efe93.csv
1,a425f21efe93,2025-10-15T11:45:21.184562,grail,"lute,",0,True,a45d25883979,4.740417999983038,latency-a425f21efe93.csv
1,a425f21efe93,2025-10-15T11:45:21.294636,shrek,minute,3,True,a45d25883979,5.757241000083013,latency-a425f21efe93.csv
1,a425f21efe93,2025-10-15T11:45:21.407787,shrek3,"Bay""",0,True,a45d25883979,5.657240999880742,latency-a425f21efe93.csv
1,a425f21efe93,2025-10-15T11:45:21.519016,grail,at,104,True,a45d25883979,6.975963000058982,latency-a425f21efe93.csv
1,a425f21efe93,2025-10-15T11:45:21.633291,shrek3,an,51,True,a45d25883979,7.23940899979425,latency-a425f21efe93.csv
1,a425f21efe93,2025-10-15T11:45:21.747368,shrek,MAN,38,True,a45d25883979,8.92688099975203,latency-a425f21efe93.csv
2,a425f21efe93,2025-10-15T11:45:21.862996,grail,Bum,13,True,a45d25883979,8.12698600020667,latency-a425f21efe93.csv
2,a425f21efe93,2025-10-15T11:45:21.978760,grail,"lute,",0,True,a45d25883979,6.042671999693994,latency-a425f21efe93.csv
2,a425f21efe93,2025-10-15T11:45:22.090781,shrek3,the,1285,True,a45d25883979,10.848005999832822,latency-a425f21efe93.csv
2,a425f21efe93,2025-10-15T11:45:22.211753,shrek,whole,10,True,72ad01c69167,6.452897999679408,latency-a425f21efe93.csv
2,a425f21efe93,2025-10-15T11:45:22.325907,grail,feel,11,True,72ad01c69167,5.690241000138485,latency-a425f21efe93.csv
2,a425f21efe93,2025-10-15T11:45:22.437671,shrek3,the,1285,True,a45d25883979,7.014415999947232,latency-a425f21efe93.csv
2,a425f21efe93,2025-10-15T11:45:22.550839,shrek3,ARTIE,213,True,a45d25883979,4.675421999763785,latency-a425f21efe93.csv
2,a425f21efe93,2025-10-15T11:45:22.660372,shrek3,"meet""",0,True,72ad01c69167,6.215548999989551,latency-a425f21efe93.csv
2,a425f21efe93,2025-10-15T11:45:22.772829,grail,BEDEVERE,103,True,72ad01c69167,5.852186000083748,latency-a425f21efe93.csv
2,a425f21efe93,2025-10-15T11:45:22.883744,grail,the,1600,True,72ad01c69167,7.324584000343748,latency-a425f21efe93.csv
2,a425f21efe93,2025-10-15T11:45:22.997763,shrek,looks,37,True,72ad01c69167,7.6799509997727,latency-a425f21efe93.csv
2,a425f21efe93,2025-10-15T11:45:23.111947,shrek,DONKEY,320,True,72ad01c69167,7.328954000058729,latency-a425f21efe93.csv
2,a425f21efe93,2025-10-15T11:45:23.227498,shrek,tale,7,True,a45d25883979,9.256867000203783,latency-a425f21efe93.csv
2,a425f21efe93,2025-10-15T11:45:23.345215,grail,Rostmm,1,True,a45d25883979,11.271099999703438,latency-a425f21efe93.csv
2,a425f21efe93,2025-10-15T11:45:23.465755,grail,"lute,",0,True,a45d25883979,22.707791999891924,latency-a425f21efe93.csv
2,a425f21efe93,2025-10-15T11:45:23.603863,shrek,minute,3,True,72ad01c69167,7.060581000132515,latency-a425f21efe93.csv
2,a425f21efe93,2025-10-15T11:45:23.721622,shrek3,"Bay""",0,True,1de2274fea60,9.037044999786303,latency-a425f21efe93.csv
2,a425f21efe93,2025-10-15T11:45:23.846941,grail,at,104,True,a45d25883979,11.28761600011785,latency-a425f21efe93.csv
2,a425f21efe93,2025-10-15T11:45:23.966373,shrek3,an,51,True,a45d25883979,6.532683999921574,latency-a425f21efe93.csv
2,a425f21efe93,2025-10-15T11:45:24.082614,shrek,MAN,38,True,a45d25883979,5.503863999820169,latency-a425f21efe93.csv
1,a437cc061558,2025-10-15T11:46:18.849730,shrek3,at,134,True,72ad01c69167,12.28348199992979,latency-a437cc061558.csv
1,a437cc061558,2025-10-15T11:46:18.971078,shrek3,and,576,True,1de2274fea60,11.100968000391733,latency-a437cc061558.csv
1,a437cc061558,2025-10-15T11:46:19.095712,grail,seek,12,True,a45d25883979,16.78056299988384,latency-a437cc061558.csv
1,a437cc061558,2025-10-15T11:46:19.223390,shrek,FARQUAAD,84,True,72ad01c69167,6.217559000106121,latency-a437cc061558.csv
1,a437cc061558,2025-10-15T11:46:19.336995,grail,BEDEVERE,103,True,72ad01c69167,8.78296400014733,latency-a437cc061558.csv
1,a437cc061558,2025-10-15T11:46:19.459191,shrek3,ho,8,True,72ad01c69167,9.435282000140433,latency-a437cc061558.csv
1,a437cc061558,2025-10-15T11:46:19.579940,shrek3,DONKEY,243,True,a45d25883979,9.36600599970916,latency-a437cc061558.csv
1,a437cc061558,2025-10-15T11:46:19.698964,grail,sell,1,True,a45d25883979,9.3678089997411,latency-a437cc061558.csv
1,a437cc061558,2025-10-15T11:46:19.817804,grail,us,32,True,a45d25883979,7.068176999837306,latency-a437cc061558.csv
1,a437cc061558,2025-10-15T11:46:19.931253,shrek,"Well,",0,True,a45d25883979,7.652005000181816,latency-a437cc061558.csv
1,a437cc061558,2025-10-15T11:46:20.050625,shrek3,dat,1,True,a45d25883979,5.1081659998999385,latency-a437cc061558.csv
1,a437cc061558,2025-10-15T11:46:20.161010,shrek,you,409,True,a45d25883979,7.07025000019712,latency-a437cc061558.csv
1,a437cc061558,2025-10-15T11:46:20.277798,grail,on,139,True,a45d25883979,7.821605000117415,latency-a437cc061558.csv
1,a437cc061558,2025-10-15T11:46:20.392722,shrek,you,409,True,a45d25883979,5.126912999912747,latency-a437cc061558.csv
1,a437cc061558,2025-10-15T11:46:20.503153,grail,feel,11,True,a45d25883979,5.644942999879277,latency-a437cc061558.csv
1,a437cc061558,2025-10-15T11:46:20.618017,shrek3,you,328,True,a45d25883979,13.29346100010298,latency-a437cc061558.csv
1,a437cc061558,2025-10-15T11:46:20.740813,shrek,to,268,True,a45d25883979,9.271060000173748,latency-a437cc061558.csv
1,a437cc061558,2025-10-15T11:46:20.862144,grail,Tm,5,True,a45d25883979,8.213013999920804,latency-a437cc061558.csv
1,a437cc061558,2025-10-15T11:46:20.978993,shrek,after,10,True,a45d25883979,7.769673999973747,latency-a437cc061558.csv
1,a437cc061558,2025-10-15T11:46:21.097162,shrek3,ARTIE,213,True,a45d25883979,10.073168999952031,latency-a437cc061558.csv
2,a437cc061558,2025-10-15T11:46:21.225953,shrek3,at,134,True,a45d25883979,10.053636000066035,latency-a437cc061558.csv
2,a437cc061558,2025-10-15T11:46:21.344139,shrek3,and,576,True,72ad01c69167,11.584605000280137,latency-a437cc061558.csv
2,a437cc061558,2025-10-15T11:46:21.468426,grail,seek,12,True,72ad01c69167,25.94775599982313,latency-a437cc061558.csv
2,a437cc061558,2025-10-15T11:46:21.604380,shrek,FARQUAAD,84,True,72ad01c69167,9.920755999701214,latency-a437cc061558.csv
2,a437cc061558,2025-10-15T11:46:21.730345,grail,BEDEVERE,103,True,a45d25883979,22.636572000010347,latency-a437cc061558.csv
2,a437cc061558,2025-10-15T11:46:21.868888,shrek3,ho,8,True,72ad01c69167,17.110571000102937,latency-a437cc061558.csv
2,a437cc061558,2025-10-15T11:46:22.012735,shrek3,DONKEY,243,True,a45d25883979,16.647376000037184,latency-a437cc061558.csv
2,a437cc061558,2025-10-15T11:46:22.167519,grail,sell,1,True,72ad01c69167,12.18629000004512,latency-a437cc061558.csv
2,a437cc061558,2025-10-15T11:46:22.293768,grail,us,32,True,72ad01c69167,28.941479000422987,latency-a437cc061558.csv
2,a437cc061558,2025-10-15T11:46:22.435264,shrek,"Well,",0,True,a45d25883979,8.43446600038078,latency-a437cc061558.csv
2,a437cc061558,2025-10-15T11:46:22.552651,shrek3,dat,1,True,a45d25883979,7.672191999972711,latency-a437cc061558.csv
2,a437cc061558,2025-10-15T11:46:22.666696,shrek,you,409,True,a45d25883979,10.0378649999584,latency-a437cc061558.csv
2,a437cc061558,2025-10-15T11:46:22.784584,grail,on,139,True,a45d25883979,7.935008999993443,latency-a437cc061558.csv
2,a437cc061558,2025-10-15T11:46:22.900239,shrek,you,409,True,a45d25883979,8.985628000118595,latency-a437cc061558.csv
2,a437cc061558,2025-10-15T11:46:23.017898,grail,feel,11,True,a45d25883979,6.517837000046711,latency-a437cc061558.csv
2,a437cc061558,2025-10-15T11:46:23.131044,shrek3,you,328,True,a45d25883979,7.11906500009718,latency-a437cc061558.csv
2,a437cc061558,2025-10-15T11:46:23.245967,shrek,to,268,True,a45d25883979,7.250245999784965,latency-a437cc061558.csv
2,a437cc061558,2025-10-15T11:46:23.360995,grail,Tm,5,True,a45d25883979,4.909062000024278,latency-a437cc061558.csv
2,a437cc061558,2025-10-15T11:46:23.472864,shrek,after,10,True,a45d25883979,12.194735999855766,latency-a437cc061558.csv
2,a437cc061558,2025-10-15T11:46:23.596059,shrek3,ARTIE,213,True,1de2274fea60,55.95912700027839,latency-a437cc061558.csv
1,a4bbea9c4fef,2025-10-15T11:45:14.651570,shrek,afraid,8,True,a45d25883979,6.68925699983447,latency-a4bbea9c4fef.csv
1,a4bbea9c4fef,2025-10-15T11:45:14.765615,shrek3,They,80,True,a45d25883979,5.239486999926157,latency-a4bbea9c4fef.csv
1,a4bbea9c4fef,2025-10-15T11:45:14.876046,grail,witch,30,True,a45d25883979,4.554997000013827,latency-a4bbea9c4fef.csv
1,a4bbea9c4fef,2025-10-15T11:45:14.985537,shrek,Blah,1,True,a45d25883979,8.423008000136178,latency-a4bbea9c4fef.csv
1,a4bbea9c4fef,2025-10-15T11:45:15.100971,shrek3,WHITE,45,True,a45d25883979,6.936107000001357,latency-a4bbea9c4fef.csv
1,a4bbea9c4fef,2025-10-15T11:45:15.214552,shrek3,WHITE,45,True,a45d25883979,5.1796399998238485,latency-a4bbea9c4fef.csv
1,a4bbea9c4fef,2025-10-15T11:45:15.325830,grail,upon,13,True,a45d25883979,5.877187999885791,latency-a4bbea9c4fef.csv
1,a4bbea9c4fef,2025-10-15T11:45:15.438407,grail,since,10,True,72ad01c69167,9.210063999944396,latency-a4bbea9c4fef.csv
1,a4bbea9c4fef,2025-10-15T11:45:15.555952,shrek,DONKEY,320,True,a45d25883979,6.171097999867925,latency-a4bbea9c4fef.csv
1,a4bbea9c4fef,2025-10-15T11:45:15.667890,grail,Cleese,10,True,a45d25883979,4.728463999981614,latency-a4bbea9c4fef.csv
1,a4bbea9c4fef,2025-10-15T11:45:15.777656,shrek,Is,132,True,a45d25883979,6.479719999788358,latency-a4bbea9c4fef.csv
1,a4bbea9c4fef,2025-10-15T11:45:15.892581,grail,"Oh,",2,True,72ad01c69167,6.708233000153996,latency-a4bbea9c4fef.csv
1,a4bbea9c4fef,2025-10-15T11:45:16.005496,shrek3,its,1,True,a45d25883979,6.50452799982304,latency-a4bbea9c4fef.csv
1,a4bbea9c4fef,2025-10-15T11:45:16.118512,shrek3,Im,1,True,a45d25883979,5.3483589999814285,latency-a4bbea9c4fef.csv
1,a4bbea9c4fef,2025-10-15T11:45:16.230018,shrek3,and,576,True,a45d25883979,10.519569000280171,latency-a4bbea9c4fef.csv
1,a4bbea9c4fef,2025-10-15T11:45:16.347323,shrek,gone,3,False,a45d25883979,14.410870000119758,latency-a4bbea9c4fef.csv
1,a4bbea9c4fef,2025-10-15T11:45:16.466891,grail,thus,5,True,72ad01c69167,6.137414000022545,latency-a4bbea9c4fef.csv
1,a4bbea9c4fef,2025-10-15T11:45:16.579667,shrek3,with,112,True,72ad01c69167,5.93955400017876,latency-a4bbea9c4fef.csv
1,a4bbea9c4fef,2025-10-15T11:45:16.692134,shrek3,MERLIN,73,False,72ad01c69167,10.949645999971835,latency-a4bbea9c4fef.csv
1,a4bbea9c4fef,2025-10-15T11:45:16.809072,shrek3,EVIL,59,True,a45d25883979,5.781685999863839,latency-a4bbea9c4fef.csv
2,a4bbea9c4fef,2025-10-15T11:45:16.920099,shrek,afraid,8,True,72ad01c69167,7.068504000017128,latency-a4bbea9c4fef.csv
2,a4bbea9c4fef,2025-10-15T11:45:17.034173,shrek3,They,80,True,1de2274fea60,7.413966000058281,latency-a4bbea9c4fef.csv
2,a4bbea9c4fef,2025-10-15T11:45:17.148401,grail,witch,30,True,1de2274fea60,5.877327999769477,latency-a4bbea9c4fef.csv
2,a4bbea9c4fef,2025-10-15T11:45:17.259460,shrek,Blah,1,True,72ad01c69167,11.116571000002295,latency-a4bbea9c4fef.csv
2,a4bbea9c4fef,2025-10-15T11:45:17.378371,shrek3,WHITE,45,True,1de2274fea60,7.533362999765814,latency-a4bbea9c4fef.csv
2,a4bbea9c4fef,2025-10-15T11:45:17.494126,shrek3,WHITE,45,True,72ad01c69167,5.585271999734687,latency-a4bbea9c4fef.csv
2,a4bbea9c4fef,2025-10-15T11:45:17.608850,grail,upon,13,True,a45d25883979,12.333922000379973,latency-a4bbea9c4fef.csv
2,a4bbea9c4fef,2025-10-15T11:45:17.741774,grail,since,10,True,72ad01c69167,6.081929999709246,latency-a4bbea9c4fef.csv
2,a4bbea9c4fef,2025-10-15T11:45:17.855002,shrek,DONKEY,320,True,72ad01c69167,5.477957000039169,latency-a4bbea9c4fef.csv
2,a4bbea9c4fef,2025-10-15T11:45:17.968689,grail,Cleese,10,True,72ad01c69167,6.075058999613248,latency-a4bbea9c4fef.csv
2,a4bbea9c4fef,2025-10-15T11:45:18.087549,shrek,Is,132,True,72ad01c69167,6.771418999960588,latency-a4bbea9c4fef.csv
2,a4bbea9c4fef,2025-10-15T11:45:18.201387,grail,"Oh,",2,True,72ad01c69167,4.954726000050869,latency-a4bbea9c4fef.csv
2,a4bbea9c4fef,2025-10-15T11:45:18.312078,shrek3,its,1,True,a45d25883979,12.125416000344558,latency-a4bbea9c4fef.csv
2,a4bbea9c4fef,2025-10-15T11:45:18.440635,shrek3,Im,1,True,a45d25883979,10.767509999823233,latency-a4bbea9c4fef.csv
2,a4bbea9c4fef,2025-10-15T11:45:18.562379,shrek3,and,576,True,a45d25883979,4.56201199995121,latency-a4bbea9c4fef.csv
2,a4bbea9c4fef,2025-10-15T11:45:18.672732,shrek,gone,3,True,a45d25883979,8.077653999862378,latency-a4bbea9c4fef.csv
2,a4bbea9c4fef,2025-10-15T11:45:18.787485,grail,thus,5,True,a45d25883979,6.015248000039719,latency-a4bbea9c4fef.csv
2,a4bbea9c4fef,2025-10-15T11:45:18.898732,shrek3,with,112,True,72ad01c69167,8.2561210001586,latency-a4bbea9c4fef.csv
2,a4bbea9c4fef,2025-10-15T11:45:19.013473,shrek3,MERLIN,73,True,72ad01c69167,7.15091600022788,latency-a4bbea9c4fef.csv
2,a4bbea9c4fef,2025-10-15T11:45:19.127666,shrek3,EVIL,59,True,72ad01c69167,8.410947999891505,latency-a4bbea9c4fef.csv
1,a508d2d07950,2025-10-15T11:45:13.727442,shrek3,Shrek,678,True,72ad01c69167,106.19133999989572,latency-a508d2d07950.csv
1,a508d2d07950,2025-10-15T11:45:14.041504,grail,for,118,True,a45d25883979,30.30451500035269,latency-a508d2d07950.csv
1,a508d2d07950,2025-10-15T11:45:14.195773,shrek3,supposed,11,True,a45d25883979,13.035706999744434,latency-a508d2d07950.csv
1,a508d2d07950,2025-10-15T11:45:14.324373,shrek3,did,14,True,a45d25883979,17.609595000067202,latency-a508d2d07950.csv
1,a508d2d07950,2025-10-15T11:45:14.460816,grail,dancing,10,True,a45d25883979,48.30107799989492,latency-a508d2d07950.csv
1,a508d2d07950,2025-10-15T11:45:14.627846,grail,Auuuuuuuugh,2,True,a45d25883979,7.654883999748563,latency-a508d2d07950.csv
1,a508d2d07950,2025-10-15T11:45:14.741260,grail,19Prince,0,True,a45d25883979,8.31886600008147,latency-a508d2d07950.csv
1,a508d2d07950,2025-10-15T11:45:14.858248,grail,Auuuuuuuugh,2,True,a45d25883979,5.036592999658751,latency-a508d2d07950.csv
1,a508d2d07950,2025-10-15T11:45:14.967804,shrek3,Final,119,True,a45d25883979,6.424893000257725,latency-a508d2d07950.csv
1,a508d2d07950,2025-10-15T11:45:15.081698,shrek3,ARTIE,213,True,a45d25883979,6.03885700002138,latency-a508d2d07950.csv
1,a508d2d07950,2025-10-15T11:45:15.193337,shrek3,with,112,True,a45d25883979,7.317769000110275,latency-a508d2d07950.csv
1,a508d2d07950,2025-10-15T11:45:15.306178,grail,chops,3,True,a45d25883979,8.75178300020707,latency-a508d2d07950.csv
1,a508d2d07950,2025-10-15T11:45:15.421027,shrek3,Donkey,243,True,a45d25883979,11.03682499979186,latency-a508d2d07950.csv
1,a508d2d07950,2025-10-15T11:45:15.542964,grail,the,1600,True,1de2274fea60,5.671022000115045,latency-a508d2d07950.csv
1,a508d2d07950,2025-10-15T11:45:15.654036,shrek3,ho,8,True,1de2274fea60,4.269381000085559,latency-a508d2d07950.csv
1,a508d2d07950,2025-10-15T11:45:15.763959,shrek,its,1,True,72ad01c69167,7.159211000271171,latency-a508d2d07950.csv
1,a508d2d07950,2025-10-15T11:45:15.877524,shrek3,Be,71,True,a45d25883979,12.523530999715147,latency-a508d2d07950.csv
1,a508d2d07950,2025-10-15T11:45:15.997175,grail,the,1600,True,72ad01c69167,4.524618000232294,latency-a508d2d07950.csv
1,a508d2d07950,2025-10-15T11:45:16.107683,shrek3,OGRE,39,True,72ad01c69167,5.589670000063052,latency-a508d2d07950.csv
1,a508d2d07950,2025-10-15T11:45:16.219027,shrek,not,50,True,72ad01c69167,6.651717999829998,latency-a508d2d07950.csv
2,a508d2d07950,2025-10-15T11:45:16.337020,shrek3,Shrek,678,True,72ad01c69167,5.5557880000378645,latency-a508d2d07950.csv
2,a508d2d07950,2025-10-15T11:45:16.448616,grail,for,118,True,72ad01c69167,6.009100000028411,latency-a508d2d07950.csv
2,a508d2d07950,2025-10-15T11:45:16.561100,shrek3,supposed,11,True,72ad01c69167,7.042404000003444,latency-a508d2d07950.csv
2,a508d2d07950,2025-10-15T11:45:16.674315,shrek3,did,14,True,72ad01c69167,6.394889000148396,latency-a508d2d07950.csv
2,a508d2d07950,2025-10-15T11:45:16.786070,grail,dancing,10,True,72ad01c69167,6.507834999865736,latency-a508d2d07950.csv
2,a508d2d07950,2025-10-15T11:45:16.898106,grail,Auuuuuuuugh,2,True,72ad01c69167,9.3436339998334,latency-a508d2d07950.csv
2,a508d2d07950,2025-10-15T11:45:17.017137,grail,19Prince,0,True,72ad01c69167,8.880146000137756,latency-a508d2d07950.csv
2,a508d2d07950,2025-10-15T11:45:17.134129,grail,Auuuuuuuugh,2,True,a45d25883979,7.207012999970175,latency-a508d2d07950.csv
2,a508d2d07950,2025-10-15T11:45:17.249024,shrek3,Final,119,True,a45d25883979,8.921701999952347,latency-a508d2d07950.csv
2,a508d2d07950,2025-10-15T11:45:17.368663,shrek3,ARTIE,213,True,a45d25883979,10.375207999913982,latency-a508d2d07950.csv
2,a508d2d07950,2025-10-15T11:45:17.487961,shrek3,with,112,True,a45d25883979,7.887425999797415,latency-a508d2d07950.csv
2,a508d2d07950,2025-10-15T11:45:17.607022,grail,chops,3,True,a45d25883979,14.407893999759835,latency-a508d2d07950.csv
2,a508d2d07950,2025-10-15T11:45:17.742393,shrek3,Donkey,243,True,72ad01c69167,5.901910999909887,latency-a508d2d07950.csv
2,a508d2d07950,2025-10-15T11:45:17.855489,grail,the,1600,True,72ad01c69167,5.455974000142305,latency-a508d2d07950.csv
2,a508d2d07950,2025-10-15T11:45:17.969142,shrek3,ho,8,True,72ad01c69167,6.507039000098303,latency-a508d2d07950.csv
2,a508d2d07950,2025-10-15T11:45:18.088961,shrek,its,1,True,1de2274fea60,6.7368519999035925,latency-a508d2d07950.csv
2,a508d2d07950,2025-10-15T11:45:18.203337,shrek3,Be,71,True,1de2274fea60,4.440812000211736,latency-a508d2d07950.csv
2,a508d2d07950,2025-10-15T11:45:18.313697,grail,the,1600,True,a45d25883979,12.772043000040869,latency-a508d2d07950.csv
2,a508d2d07950,2025-10-15T11:45:18.441513,shrek3,OGRE,39,True,a45d25883979,13.518315000055736,latency-a508d2d07950.csv
2,a508d2d07950,2025-10-15T11:45:18.568214,shrek,not,50,True,72ad01c69167,5.511828999715362,latency-a508d2d07950.csv
1,a61abe6dd886,2025-10-15T11:45:05.203972,grail,Launcelot,107,True,a45d25883979,10.332060000109776,latency-a61abe6dd886.csv
1,a61abe6dd886,2025-10-15T11:45:05.322097,grail,seek,12,False,a45d25883979,21.69185600041601,latency-a61abe6dd886.csv
1,a61abe6dd886,2025-10-15T11:45:05.454613,shrek,cottage,4,True,72ad01c69167,20.50438899959772,latency-a61abe6dd886.csv
1,a61abe6dd886,2025-10-15T11:45:05.587702,shrek,transport,1,True,1de2274fea60,7.241609000175231,latency-a61abe6dd886.csv
1,a61abe6dd886,2025-10-15T11:45:05.701117,shrek,will,16,True,1de2274fea60,6.122908999714127,latency-a61abe6dd886.csv
1,a61abe6dd886,2025-10-15T11:45:05.812995,shrek,this,79,True,1de2274fea60,10.0764829999207,latency-a61abe6dd886.csv
1,a61abe6dd886,2025-10-15T11:45:05.929836,shrek,your,49,True,1de2274fea60,7.903759999862814,latency-a61abe6dd886.csv
1,a61abe6dd886,2025-10-15T11:45:06.043795,grail,seek,12,True,1de2274fea60,7.065993000196613,latency-a61abe6dd886.csv
1,a61abe6dd886,2025-10-15T11:45:06.155838,shrek3,them,44,True,1de2274fea60,6.272770000123273,latency-a61abe6dd886.csv
1,a61abe6dd886,2025-10-15T11:45:06.267334,grail,Michael,11,True,72ad01c69167,10.189482999976462,latency-a61abe6dd886.csv
1,a61abe6dd886,2025-10-15T11:45:06.387112,grail,TV,2,True,72ad01c69167,9.908977000122832,latency-a61abe6dd886.csv
1,a61abe6dd886,2025-10-15T11:45:06.505163,shrek3,toward,14,True,72ad01c69167,10.228883000308995,latency-a61abe6dd886.csv
1,a61abe6dd886,2025-10-15T11:45:06.623644,shrek3,glass,9,True,a45d25883979,9.680954000032216,latency-a61abe6dd886.csv
1,a61abe6dd886,2025-10-15T11:45:06.742100,shrek,old,10,True,a45d25883979,18.02205000012691,latency-a61abe6dd886.csv
1,a61abe6dd886,2025-10-15T11:45:06.874586,shrek,What,104,True,a45d25883979,9.61410399986562,latency-a61abe6dd886.csv
1,a61abe6dd886,2025-10-15T11:45:06.997788,grail,CALLS,3,True,a45d25883979,14.382329999989452,latency-a61abe6dd886.csv
1,a61abe6dd886,2025-10-15T11:45:07.132414,shrek,Is,132,True,a45d25883979,4.874672999903851,latency-a61abe6dd886.csv
1,a61abe6dd886,2025-10-15T11:45:07.245889,shrek,on,88,False,a45d25883979,8.63410500005557,latency-a61abe6dd886.csv
1,a61abe6dd886,2025-10-15T11:45:07.359920,shrek3,EVIL,59,True,a45d25883979,6.338107999908971,latency-a61abe6dd886.csv
1,a61abe6dd886,2025-10-15T11:45:07.471581,grail,us,32,True,a45d25883979,6.6765649999069865,latency-a61abe6dd886.csv
2,a61abe6dd886,2025-10-15T11:45:07.584823,grail,Launcelot,107,True,a45d25883979,6.255335999867384,latency-a61abe6dd886.csv
2,a61abe6dd886,2025-10-15T11:45:07.695802,grail,seek,12,True,a45d25883979,4.960991000189097,latency-a61abe6dd886.csv
2,a61abe6dd886,2025-10-15T11:45:07.806306,shrek,cottage,4,True,a45d25883979,7.654530999843701,latency-a61abe6dd886.csv
2,a61abe6dd886,2025-10-15T11:45:07.934378,shrek,transport,1,True,a45d25883979,4.2010550000668445,latency-a61abe6dd886.csv
2,a61abe6dd886,2025-10-15T11:45:08.043773,shrek,will,16,True,a45d25883979,6.345370999952138,latency-a61abe6dd886.csv
2,a61abe6dd886,2025-10-15T11:45:08.155870,shrek,this,79,True,72ad01c69167,8.74272999999448,latency-a61abe6dd886.csv
2,a61abe6dd886,2025-10-15T11:45:08.270729,shrek,your,49,True,1de2274fea60,11.082629000156883,latency-a61abe6dd886.csv
2,a61abe6dd886,2025-10-15T11:45:08.392684,grail,seek,12,True,1de2274fea60,9.368622000238249,latency-a61abe6dd886.csv
2,a61abe6dd886,2025-10-15T11:45:08.516422,shrek3,them,44,True,a45d25883979,10.89288499997565,latency-a61abe6dd886.csv
2,a61abe6dd886,2025-10-15T11:45:08.638970,grail,Michael,11,True,72ad01c69167,9.00934299988876,latency-a61abe6dd886.csv
2,a61abe6dd886,2025-10-15T11:45:08.756463,grail,TV,2,True,72ad01c69167,12.833617000069353,latency-a61abe6dd886.csv
2,a61abe6dd886,2025-10-15T11:45:08.879337,shrek3,toward,14,True,a45d25883979,5.4622299999209645,latency-a61abe6dd886.csv
2,a61abe6dd886,2025-10-15T11:45:08.990393,shrek3,glass,9,True,a45d25883979,4.857940999954735,latency-a61abe6dd886.csv
2,a61abe6dd886,2025-10-15T11:45:09.100275,shrek,old,10,True,a45d25883979,7.104286999947362,latency-a61abe6dd886.csv
2,a61abe6dd886,2025-10-15T11:45:09.213907,shrek,What,104,True,a45d25883979,7.26485799987131,latency-a61abe6dd886.csv
2,a61abe6dd886,2025-10-15T11:45:09.327010,grail,CALLS,3,True,a45d25883979,7.515645999774279,latency-a61abe6dd886.csv
2,a61abe6dd886,2025-10-15T11:45:09.446125,shrek,Is,132,True,a45d25883979,9.632881000015914,latency-a61abe6dd886.csv
2,a61abe6dd886,2025-10-15T11:45:09.562338,shrek,on,88,True,a45d25883979,5.268819999855623,latency-a61abe6dd886.csv
2,a61abe6dd886,2025-10-15T11:45:09.672597,shrek3,EVIL,59,True,72ad01c69167,6.615024999973684,latency-a61abe6dd886.csv
2,a61abe6dd886,2025-10-15T11:45:09.785228,grail,us,32,True,72ad01c69167,5.697321999832639,latency-a61abe6dd886.csv
1,a6758398e5a0,2025-10-15T11:45:06.060781,grail,pause,10,True,a45d25883979,4.77448399988134,latency-a6758398e5a0.csv
1,a6758398e5a0,2025-10-15T11:45:06.171334,shrek3,the,1285,True,a45d25883979,4.660432000036963,latency-a6758398e5a0.csv
1,a6758398e5a0,2025-10-15T11:45:06.281296,grail,going,21,False,a45d25883979,15.48387200000434,latency-a6758398e5a0.csv
1,a6758398e5a0,2025-10-15T11:45:06.403002,shrek,"Well,",0,True,a45d25883979,5.371929999910208,latency-a6758398e5a0.csv
1,a6758398e5a0,2025-10-15T11:45:06.513781,shrek3,still,18,True,a45d25883979,7.3331719995621825,latency-a6758398e5a0.csv
1,a6758398e5a0,2025-10-15T11:45:06.627459,grail,Bridge,30,True,72ad01c69167,5.970398000044952,latency-a6758398e5a0.csv
1,a6758398e5a0,2025-10-15T11:45:06.741316,shrek3,"Suddenly,",0,True,a45d25883979,16.775442999914958,latency-a6758398e5a0.csv
1,a6758398e5a0,2025-10-15T11:45:06.873824,shrek,the,535,True,a45d25883979,9.843470999840063,latency-a6758398e5a0.csv
1,a6758398e5a0,2025-10-15T11:45:06.997039,shrek3,still,18,True,a45d25883979,16.88652299981186,latency-a6758398e5a0.csv
1,a6758398e5a0,2025-10-15T11:45:07.133895,grail,king,136,True,72ad01c69167,4.416252999817516,latency-a6758398e5a0.csv
1,a6758398e5a0,2025-10-15T11:45:07.249626,grail,to,718,True,72ad01c69167,4.694032999850606,latency-a6758398e5a0.csv
1,a6758398e5a0,2025-10-15T11:45:07.359621,shrek,"Well,",0,True,a45d25883979,5.971023999791214,latency-a6758398e5a0.csv
1,a6758398e5a0,2025-10-15T11:45:07.471541,shrek3,cosmic,1,True,a45d25883979,7.505866999963473,latency-a6758398e5a0.csv
1,a6758398e5a0,2025-10-15T11:45:07.584811,shrek3,PUSS,196,True,a45d25883979,6.494551000287174,latency-a6758398e5a0.csv
1,a6758398e5a0,2025-10-15T11:45:07.695795,grail,pretty,7,True,a45d25883979,4.6889129998817225,latency-a6758398e5a0.csv
1,a6758398e5a0,2025-10-15T11:45:07.806244,shrek3,Third,121,False,a45d25883979,20.240661000116237,latency-a6758398e5a0.csv
1,a6758398e5a0,2025-10-15T11:45:07.939239,shrek,swamp,18,True,72ad01c69167,4.552537999643391,latency-a6758398e5a0.csv
1,a6758398e5a0,2025-10-15T11:45:08.048397,shrek,this,79,True,72ad01c69167,5.321653000009974,latency-a6758398e5a0.csv
1,a6758398e5a0,2025-10-15T11:45:08.158860,shrek,who,29,True,1de2274fea60,7.564561999970465,latency-a6758398e5a0.csv
1,a6758398e5a0,2025-10-15T11:45:08.272220,grail,THREE-HEADED,8,True,1de2274fea60,12.278954000066731,latency-a6758398e5a0.csv
2,a6758398e5a0,2025-10-15T11:45:08.394313,grail,pause,10,True,1de2274fea60,9.106898000027286,latency-a6758398e5a0.csv
2,a6758398e5a0,2025-10-15T11:45:08.517159,shrek3,the,1285,True,a45d25883979,9.27333700019517,latency-a6758398e5a0.csv
2,a6758398e5a0,2025-10-15T11:45:08.638899,grail,going,21,True,72ad01c69167,8.661733000280947,latency-a6758398e5a0.csv
2,a6758398e5a0,2025-10-15T11:45:08.756443,shrek,"Well,",0,True,72ad01c69167,13.010493999900063,latency-a6758398e5a0.csv
2,a6758398e5a0,2025-10-15T11:45:08.880629,shrek3,still,18,True,a45d25883979,5.8248199998161,latency-a6758398e5a0.csv
2,a6758398e5a0,2025-10-15T11:45:08.991676,grail,Bridge,30,True,72ad01c69167,4.159352999977273,latency-a6758398e5a0.csv
2,a6758398e5a0,2025-10-15T11:45:09.100796,shrek3,"Suddenly,",0,True,a45d25883979,7.048608999866701,latency-a6758398e5a0.csv
2,a6758398e5a0,2025-10-15T11:45:09.213901,shrek,the,535,True,a45d25883979,7.145085000047402,latency-a6758398e5a0.csv
2,a6758398e5a0,2025-10-15T11:45:09.326791,shrek3,still,18,True,a45d25883979,8.247928999935539,latency-a6758398e5a0.csv
2,a6758398e5a0,2025-10-15T11:45:09.452238,grail,king,136,True,72ad01c69167,7.75042300028872,latency-a6758398e5a0.csv
2,a6758398e5a0,2025-10-15T11:45:09.566100,grail,to,718,True,72ad01c69167,4.7003039999253815,latency-a6758398e5a0.csv
2,a6758398e5a0,2025-10-15T11:45:09.675551,shrek,"Well,",0,True,a45d25883979,5.651087999922311,latency-a6758398e5a0.csv
2,a6758398e5a0,2025-10-15T11:45:09.786849,shrek3,cosmic,1,True,a45d25883979,5.28834300030212,latency-a6758398e5a0.csv
2,a6758398e5a0,2025-10-15T11:45:09.898125,shrek3,PUSS,196,True,a45d25883979,7.502648000354384,latency-a6758398e5a0.csv
2,a6758398e5a0,2025-10-15T11:45:10.011305,grail,pretty,7,True,a45d25883979,6.097174999922572,latency-a6758398e5a0.csv
2,a6758398e5a0,2025-10-15T11:45:10.123350,shrek3,Third,121,True,a45d25883979,5.167828999674384,latency-a6758398e5a0.csv
2,a6758398e5a0,2025-10-15T11:45:10.234778,shrek,swamp,18,True,72ad01c69167,15.248994999637944,latency-a6758398e5a0.csv
2,a6758398e5a0,2025-10-15T11:45:10.359355,shrek,this,79,True,a45d25883979,4.870996000136074,latency-a6758398e5a0.csv
2,a6758398e5a0,2025-10-15T11:45:10.469702,shrek,who,29,True,a45d25883979,5.59507499974643,latency-a6758398e5a0.csv
2,a6758398e5a0,2025-10-15T11:45:10.582758,grail,THREE-HEADED,8,True,72ad01c69167,5.076680999991368,latency-a6758398e5a0.csv
1,a8cfe9d232bf,2025-10-15T11:45:09.306723,grail,the,1600,True,a45d25883979,6.893077000313497,latency-a8cfe9d232bf.csv
1,a8cfe9d232bf,2025-10-15T11:45:09.419584,shrek3,2,8,True,a45d25883979,6.627934999869467,latency-a8cfe9d232bf.csv
1,a8cfe9d232bf,2025-10-15T11:45:09.532495,shrek,I,386,True,72ad01c69167,6.887395000376273,latency-a8cfe9d232bf.csv
1,a8cfe9d232bf,2025-10-15T11:45:09.646053,grail,(as,0,True,a45d25883979,8.170649000021513,latency-a8cfe9d232bf.csv
1,a8cfe9d232bf,2025-10-15T11:45:09.760433,shrek3,PRINCE,207,True,72ad01c69167,6.472473000030732,latency-a8cfe9d232bf.csv
1,a8cfe9d232bf,2025-10-15T11:45:09.873387,shrek3,Cinderella,21,True,a45d25883979,12.361701999907382,latency-a8cfe9d232bf.csv
1,a8cfe9d232bf,2025-10-15T11:45:09.994130,grail,toward,10,True,a45d25883979,6.6383719999976165,latency-a8cfe9d232bf.csv
1,a8cfe9d232bf,2025-10-15T11:45:10.108187,shrek3,the,1285,True,a45d25883979,7.406165999782388,latency-a8cfe9d232bf.csv
1,a8cfe9d232bf,2025-10-15T11:45:10.221958,shrek3,WHITE,45,True,1de2274fea60,11.18203199985146,latency-a8cfe9d232bf.csv
1,a8cfe9d232bf,2025-10-15T11:45:10.347366,shrek,its,1,True,a45d25883979,4.930278000301769,latency-a8cfe9d232bf.csv
1,a8cfe9d232bf,2025-10-15T11:45:10.458411,grail,I,298,True,a45d25883979,5.007365999972535,latency-a8cfe9d232bf.csv
1,a8cfe9d232bf,2025-10-15T11:45:10.569992,grail,witch,30,True,a45d25883979,5.215993000092567,latency-a8cfe9d232bf.csv
1,a8cfe9d232bf,2025-10-15T11:45:10.680672,shrek3,Guards,23,False,a45d25883979,20.584253999913926,latency-a8cfe9d232bf.csv
1,a8cfe9d232bf,2025-10-15T11:45:10.810467,shrek,Is,132,True,72ad01c69167,15.54300099996908,latency-a8cfe9d232bf.csv
1,a8cfe9d232bf,2025-10-15T11:45:10.941012,shrek,at,62,True,a45d25883979,23.597463999976757,latency-a8cfe9d232bf.csv
1,a8cfe9d232bf,2025-10-15T11:45:11.072037,shrek3,body),0,True,a45d25883979,17.998918000103004,latency-a8cfe9d232bf.csv
1,a8cfe9d232bf,2025-10-15T11:45:11.205304,shrek,Is,132,True,a45d25883979,20.696804000181142,latency-a8cfe9d232bf.csv
1,a8cfe9d232bf,2025-10-15T11:45:11.344827,shrek,SHREK,433,True,72ad01c69167,13.62950099974114,latency-a8cfe9d232bf.csv
1,a8cfe9d232bf,2025-10-15T11:45:11.474113,grail,grabbing,5,True,72ad01c69167,17.001021999931254,latency-a8cfe9d232bf.csv
1,a8cfe9d232bf,2025-10-15T11:45:11.626309,grail,I,298,True,a45d25883979,12.614156999916304,latency-a8cfe9d232bf.csv
2,a8cfe9d232bf,2025-10-15T11:45:11.760336,grail,the,1600,True,a45d25883979,12.516125999809448,latency-a8cfe9d232bf.csv
2,a8cfe9d232bf,2025-10-15T11:45:11.889901,shrek3,2,8,True,a45d25883979,13.46460600007049,latency-a8cfe9d232bf.csv
2,a8cfe9d232bf,2025-10-15T11:45:12.015358,shrek,I,386,True,a45d25883979,13.555983000060223,latency-a8cfe9d232bf.csv
2,a8cfe9d232bf,2025-10-15T11:45:12.147316,grail,(as,0,True,a45d25883979,15.74401299967576,latency-a8cfe9d232bf.csv
2,a8cfe9d232bf,2025-10-15T11:45:12.279323,shrek3,PRINCE,207,True,1de2274fea60,22.25664200022948,latency-a8cfe9d232bf.csv
2,a8cfe9d232bf,2025-10-15T11:45:12.419106,shrek3,Cinderella,21,True,a45d25883979,26.017173000127517,latency-a8cfe9d232bf.csv
2,a8cfe9d232bf,2025-10-15T11:45:12.576709,grail,toward,10,True,72ad01c69167,27.20230700015236,latency-a8cfe9d232bf.csv
2,a8cfe9d232bf,2025-10-15T11:45:12.718210,shrek3,the,1285,True,1de2274fea60,20.43320099983248,latency-a8cfe9d232bf.csv
2,a8cfe9d232bf,2025-10-15T11:45:12.860139,shrek3,WHITE,45,True,a45d25883979,9.572699000273133,latency-a8cfe9d232bf.csv
2,a8cfe9d232bf,2025-10-15T11:45:12.986801,shrek,its,1,True,a45d25883979,14.863391000289994,latency-a8cfe9d232bf.csv
2,a8cfe9d232bf,2025-10-15T11:45:13.119390,grail,I,298,True,a45d25883979,8.454919000087102,latency-a8cfe9d232bf.csv
2,a8cfe9d232bf,2025-10-15T11:45:13.237181,grail,witch,30,True,a45d25883979,10.366972999690915,latency-a8cfe9d232bf.csv
2,a8cfe9d232bf,2025-10-15T11:45:13.363328,shrek3,Guards,23,True,72ad01c69167,15.352841999629163,latency-a8cfe9d232bf.csv
2,a8cfe9d232bf,2025-10-15T11:45:13.495531,shrek,Is,132,True,72ad01c69167,7.727104999958101,latency-a8cfe9d232bf.csv
2,a8cfe9d232bf,2025-10-15T11:45:13.621492,shrek,at,62,True,72ad01c69167,49.75411300029009,latency-a8cfe9d232bf.csv
2,a8cfe9d232bf,2025-10-15T11:45:13.840853,shrek3,body),0,True,a45d25883979,104.5625030001247,latency-a8cfe9d232bf.csv
2,a8cfe9d232bf,2025-10-15T11:45:14.115634,shrek,Is,132,True,a45d25883979,28.745273999902565,latency-a8cfe9d232bf.csv
2,a8cfe9d232bf,2025-10-15T11:45:14.275620,shrek,SHREK,433,True,1de2274fea60,18.395328000224254,latency-a8cfe9d232bf.csv
2,a8cfe9d232bf,2025-10-15T11:45:14.411118,grail,grabbing,5,True,72ad01c69167,40.810386999964976,latency-a8cfe9d232bf.csv
2,a8cfe9d232bf,2025-10-15T11:45:14.585610,grail,I,298,True,72ad01c69167,15.761956999995164,latency-a8cfe9d232bf.csv
1,a9650665d5a7,2025-10-15T11:45:28.729287,grail,with/,0,True,a45d25883979,14.344343000175286,latency-a9650665d5a7.csv
1,a9650665d5a7,2025-10-15T11:45:28.854021,shrek3,Cinderella,21,True,a45d25883979,23.510205999627946,latency-a9650665d5a7.csv
1,a9650665d5a7,2025-10-15T11:45:29.003847,shrek3,glass,9,True,a45d25883979,99.3656679997912,latency-a9650665d5a7.csv
1,a9650665d5a7,2025-10-15T11:45:29.252841,shrek,(standing,0,True,1de2274fea60,61.315121999996336,latency-a9650665d5a7.csv
1,a9650665d5a7,2025-10-15T11:45:29.424676,shrek3,MERLIN,73,True,a45d25883979,13.759379000021,latency-a9650665d5a7.csv
1,a9650665d5a7,2025-10-15T11:45:29.546821,shrek3,BOAT,32,True,a45d25883979,6.930706999810354,latency-a9650665d5a7.csv
1,a9650665d5a7,2025-10-15T11:45:29.659874,grail,(as,0,True,72ad01c69167,8.308952000334102,latency-a9650665d5a7.csv
1,a9650665d5a7,2025-10-15T11:45:29.775593,grail,pathetic,4,True,a45d25883979,7.42471800003841,latency-a9650665d5a7.csv
1,a9650665d5a7,2025-10-15T11:45:29.889791,grail,ANOTHER,25,True,a45d25883979,9.756968000147026,latency-a9650665d5a7.csv
1,a9650665d5a7,2025-10-15T11:45:30.006523,shrek,you,409,True,a45d25883979,9.0598670003601,latency-a9650665d5a7.csv
1,a9650665d5a7,2025-10-15T11:45:30.126955,shrek3,what,82,True,a45d25883979,8.246706000136328,latency-a9650665d5a7.csv
1,a9650665d5a7,2025-10-15T11:45:30.242433,shrek3,EVIL,59,True,a45d25883979,8.074770999883185,latency-a9650665d5a7.csv
1,a9650665d5a7,2025-10-15T11:45:30.357177,shrek,SHREK,433,True,a45d25883979,7.60972700027196,latency-a9650665d5a7.csv
1,a9650665d5a7,2025-10-15T11:45:30.472395,grail,“I,0,True,a45d25883979,7.554971999979898,latency-a9650665d5a7.csv
1,a9650665d5a7,2025-10-15T11:45:30.586021,shrek,SHREK,433,True,a45d25883979,9.054601000116236,latency-a9650665d5a7.csv
1,a9650665d5a7,2025-10-15T11:45:30.702644,shrek3,the,1285,True,72ad01c69167,6.895798999721592,latency-a9650665d5a7.csv
1,a9650665d5a7,2025-10-15T11:45:30.815947,shrek,his,48,False,72ad01c69167,14.241472999856342,latency-a9650665d5a7.csv
1,a9650665d5a7,2025-10-15T11:45:30.937533,shrek3,ruby,1,True,a45d25883979,4.674419999901147,latency-a9650665d5a7.csv
1,a9650665d5a7,2025-10-15T11:45:31.047128,shrek,tell,25,True,72ad01c69167,6.600749999961408,latency-a9650665d5a7.csv
1,a9650665d5a7,2025-10-15T11:45:31.159754,shrek,FIONA,211,True,72ad01c69167,11.200069000096846,latency-a9650665d5a7.csv
2,a9650665d5a7,2025-10-15T11:45:31.279133,grail,with/,0,True,a45d25883979,5.226327999935165,latency-a9650665d5a7.csv
2,a9650665d5a7,2025-10-15T11:45:31.389378,shrek3,Cinderella,21,True,a45d25883979,7.311857999866334,latency-a9650665d5a7.csv
2,a9650665d5a7,2025-10-15T11:45:31.502312,shrek3,glass,9,True,a45d25883979,6.009785000060219,latency-a9650665d5a7.csv
2,a9650665d5a7,2025-10-15T11:45:31.614030,shrek,(standing,0,True,a45d25883979,7.966225000018312,latency-a9650665d5a7.csv
2,a9650665d5a7,2025-10-15T11:45:31.728974,shrek3,MERLIN,73,True,a45d25883979,8.567819999825588,latency-a9650665d5a7.csv
2,a9650665d5a7,2025-10-15T11:45:31.842542,shrek3,BOAT,32,True,a45d25883979,9.08075799998187,latency-a9650665d5a7.csv
2,a9650665d5a7,2025-10-15T11:45:31.957569,grail,(as,0,True,a45d25883979,6.968741000036971,latency-a9650665d5a7.csv
2,a9650665d5a7,2025-10-15T11:45:32.070480,grail,pathetic,4,True,a45d25883979,6.89962700016622,latency-a9650665d5a7.csv
2,a9650665d5a7,2025-10-15T11:45:32.186571,grail,ANOTHER,25,True,a45d25883979,5.418041000211815,latency-a9650665d5a7.csv
2,a9650665d5a7,2025-10-15T11:45:32.298224,shrek,you,409,True,a45d25883979,9.56551599983868,latency-a9650665d5a7.csv
2,a9650665d5a7,2025-10-15T11:45:32.415556,shrek3,what,82,True,a45d25883979,7.054345999677025,latency-a9650665d5a7.csv
2,a9650665d5a7,2025-10-15T11:45:32.530249,shrek3,EVIL,59,True,a45d25883979,10.58441600025617,latency-a9650665d5a7.csv
2,a9650665d5a7,2025-10-15T11:45:32.647460,shrek,SHREK,433,True,a45d25883979,7.711248999839881,latency-a9650665d5a7.csv
2,a9650665d5a7,2025-10-15T11:45:32.760309,grail,“I,0,True,a45d25883979,7.470701000329427,latency-a9650665d5a7.csv
2,a9650665d5a7,2025-10-15T11:45:32.874223,shrek,SHREK,433,True,a45d25883979,6.732716999977129,latency-a9650665d5a7.csv
2,a9650665d5a7,2025-10-15T11:45:32.986205,shrek3,the,1285,True,a45d25883979,9.353617000215309,latency-a9650665d5a7.csv
2,a9650665d5a7,2025-10-15T11:45:33.102737,shrek,his,48,True,a45d25883979,10.599757000363752,latency-a9650665d5a7.csv
2,a9650665d5a7,2025-10-15T11:45:33.220467,shrek3,ruby,1,True,a45d25883979,8.991733999664575,latency-a9650665d5a7.csv
2,a9650665d5a7,2025-10-15T11:45:33.336793,shrek,tell,25,True,a45d25883979,7.3413149998486915,latency-a9650665d5a7.csv
2,a9650665d5a7,2025-10-15T11:45:33.450331,shrek,FIONA,211,True,a45d25883979,6.660105000264593,latency-a9650665d5a7.csv
1,a99a58eed20c,2025-10-15T11:45:25.659932,grail,Rostmm,1,True,a45d25883979,6.572997000148462,latency-a99a58eed20c.csv
1,a99a58eed20c,2025-10-15T11:45:25.772659,shrek,I,386,True,a45d25883979,8.30074199984665,latency-a99a58eed20c.csv
1,a99a58eed20c,2025-10-15T11:45:25.890620,shrek3,youre,0,True,a45d25883979,7.451751999724365,latency-a99a58eed20c.csv
1,a99a58eed20c,2025-10-15T11:45:26.004716,shrek3,toward,14,True,a45d25883979,5.464700999709748,latency-a99a58eed20c.csv
1,a99a58eed20c,2025-10-15T11:45:26.115121,shrek3,him,87,True,a45d25883979,5.250831000012113,latency-a99a58eed20c.csv
1,a99a58eed20c,2025-10-15T11:45:26.225159,shrek3,Hold,8,True,a45d25883979,6.96917699997357,latency-a99a58eed20c.csv
1,a99a58eed20c,2025-10-15T11:45:26.338780,shrek3,flaming,2,True,a45d25883979,7.636789000116551,latency-a99a58eed20c.csv
1,a99a58eed20c,2025-10-15T11:45:26.477703,shrek3,Arg,1,True,a45d25883979,18.46502500029601,latency-a99a58eed20c.csv
1,a99a58eed20c,2025-10-15T11:45:26.621203,grail,is,317,True,a45d25883979,15.558052999949725,latency-a99a58eed20c.csv
1,a99a58eed20c,2025-10-15T11:45:26.755252,shrek,true,20,True,72ad01c69167,11.332077000133722,latency-a99a58eed20c.csv
1,a99a58eed20c,2025-10-15T11:45:26.898659,shrek,DONKEY,320,True,a45d25883979,20.96751699991728,latency-a99a58eed20c.csv
1,a99a58eed20c,2025-10-15T11:45:27.027554,grail,the,1600,True,a45d25883979,10.227252000277076,latency-a99a58eed20c.csv
1,a99a58eed20c,2025-10-15T11:45:27.149924,shrek,you,409,True,a45d25883979,10.854409999865313,latency-a99a58eed20c.csv
1,a99a58eed20c,2025-10-15T11:45:27.273365,shrek,lay,2,True,72ad01c69167,19.629209999948216,latency-a99a58eed20c.csv
1,a99a58eed20c,2025-10-15T11:45:27.414059,shrek3,MERLIN,73,True,a45d25883979,8.985457000108,latency-a99a58eed20c.csv
1,a99a58eed20c,2025-10-15T11:45:27.532750,grail,Boom,4,True,a45d25883979,9.246560000065074,latency-a99a58eed20c.csv
1,a99a58eed20c,2025-10-15T11:45:27.654211,grail,thus,5,True,a45d25883979,10.238683999887144,latency-a99a58eed20c.csv
1,a99a58eed20c,2025-10-15T11:45:27.781266,shrek3,PUSS,196,True,a45d25883979,14.75415000004432,latency-a99a58eed20c.csv
1,a99a58eed20c,2025-10-15T11:45:27.915763,shrek,But,73,True,a45d25883979,9.408866000285345,latency-a99a58eed20c.csv
1,a99a58eed20c,2025-10-15T11:45:28.040404,shrek,But,73,True,a45d25883979,9.099489000163883,latency-a99a58eed20c.csv
2,a99a58eed20c,2025-10-15T11:45:28.157790,grail,Rostmm,1,True,a45d25883979,13.419919999705598,latency-a99a58eed20c.csv
2,a99a58eed20c,2025-10-15T11:45:28.280159,shrek,I,386,True,a45d25883979,12.073497000073983,latency-a99a58eed20c.csv
2,a99a58eed20c,2025-10-15T11:45:28.403516,shrek3,youre,0,True,a45d25883979,12.742072000037297,latency-a99a58eed20c.csv
2,a99a58eed20c,2025-10-15T11:45:28.526734,shrek3,toward,14,True,a45d25883979,16.23703800032672,latency-a99a58eed20c.csv
2,a99a58eed20c,2025-10-15T11:45:28.655965,shrek3,him,87,True,72ad01c69167,16.237193999586452,latency-a99a58eed20c.csv
2,a99a58eed20c,2025-10-15T11:45:28.788814,shrek3,Hold,8,True,72ad01c69167,50.97950100025628,latency-a99a58eed20c.csv
2,a99a58eed20c,2025-10-15T11:45:28.979252,shrek3,flaming,2,True,a45d25883979,17.035841000051732,latency-a99a58eed20c.csv
2,a99a58eed20c,2025-10-15T11:45:29.133458,shrek3,Arg,1,True,1de2274fea60,19.393461999698047,latency-a99a58eed20c.csv
2,a99a58eed20c,2025-10-15T11:45:29.282985,grail,is,317,True,a45d25883979,67.44511899978534,latency-a99a58eed20c.csv
2,a99a58eed20c,2025-10-15T11:45:29.509620,shrek,true,20,True,a45d25883979,6.220761999884417,latency-a99a58eed20c.csv
2,a99a58eed20c,2025-10-15T11:45:29.623757,shrek,DONKEY,320,True,a45d25883979,5.667004999850178,latency-a99a58eed20c.csv
2,a99a58eed20c,2025-10-15T11:45:29.734641,grail,the,1600,True,a45d25883979,5.207004000112647,latency-a99a58eed20c.csv
2,a99a58eed20c,2025-10-15T11:45:29.844922,shrek,you,409,True,a45d25883979,4.737482000109594,latency-a99a58eed20c.csv
2,a99a58eed20c,2025-10-15T11:45:29.954271,shrek,lay,2,True,72ad01c69167,7.121076000203175,latency-a99a58eed20c.csv
2,a99a58eed20c,2025-10-15T11:45:30.069498,shrek3,MERLIN,73,True,72ad01c69167,6.033994000063103,latency-a99a58eed20c.csv
2,a99a58eed20c,2025-10-15T11:45:30.181669,grail,Boom,4,True,1de2274fea60,8.093058000213205,latency-a99a58eed20c.csv
2,a99a58eed20c,2025-10-15T11:45:30.295998,grail,thus,5,True,1de2274fea60,9.265607000088494,latency-a99a58eed20c.csv
2,a99a58eed20c,2025-10-15T11:45:30.412638,shrek3,PUSS,196,True,1de2274fea60,7.113768000181153,latency-a99a58eed20c.csv
2,a99a58eed20c,2025-10-15T11:45:30.526168,shrek,But,73,True,1de2274fea60,5.948281999735627,latency-a99a58eed20c.csv
2,a99a58eed20c,2025-10-15T11:45:30.637813,shrek,But,73,True,a45d25883979,6.042194999736239,latency-a99a58eed20c.csv
1,aa376389b47b,2025-10-15T11:45:50.387716,grail,pseudonym,1,True,72ad01c69167,7.881504000124551,latency-aa376389b47b.csv
1,aa376389b47b,2025-10-15T11:45:50.507881,grail,Rostmm,1,True,72ad01c69167,7.924331999674905,latency-aa376389b47b.csv
1,aa376389b47b,2025-10-15T11:45:50.625521,shrek3,me,72,True,a45d25883979,12.94407199975467,latency-aa376389b47b.csv
1,aa376389b47b,2025-10-15T11:45:50.754298,shrek,will,16,True,a45d25883979,6.1555249999400985,latency-aa376389b47b.csv
1,aa376389b47b,2025-10-15T11:45:50.867461,grail,few,8,True,a45d25883979,6.415521000235458,latency-aa376389b47b.csv
1,aa376389b47b,2025-10-15T11:45:50.981360,shrek,GORDO,5,True,a45d25883979,10.500047999812525,latency-aa376389b47b.csv
1,aa376389b47b,2025-10-15T11:45:51.101055,shrek,DONKEY,320,True,a45d25883979,9.626108000247768,latency-aa376389b47b.csv
1,aa376389b47b,2025-10-15T11:45:51.220074,grail,us,32,True,a45d25883979,6.640783999955602,latency-aa376389b47b.csv
1,aa376389b47b,2025-10-15T11:45:51.333212,shrek3,ho,8,True,a45d25883979,6.613701999867772,latency-aa376389b47b.csv
1,aa376389b47b,2025-10-15T11:45:51.445303,grail,us,32,True,a45d25883979,12.585840000156168,latency-aa376389b47b.csv
1,aa376389b47b,2025-10-15T11:45:51.569643,shrek3,what,82,True,72ad01c69167,7.20816399962132,latency-aa376389b47b.csv
1,aa376389b47b,2025-10-15T11:45:51.684705,shrek,MAN,38,True,a45d25883979,9.104751999984728,latency-aa376389b47b.csv
1,aa376389b47b,2025-10-15T11:45:51.807022,shrek3,fall,6,True,a45d25883979,6.970977000037237,latency-aa376389b47b.csv
1,aa376389b47b,2025-10-15T11:45:51.922590,shrek3,Be,71,True,a45d25883979,12.947488999998312,latency-aa376389b47b.csv
1,aa376389b47b,2025-10-15T11:45:52.053062,shrek,DONKEY,320,True,a45d25883979,9.271818000343046,latency-aa376389b47b.csv
1,aa376389b47b,2025-10-15T11:45:52.178505,grail,Gallahad,44,True,a45d25883979,12.853787000040027,latency-aa376389b47b.csv
1,aa376389b47b,2025-10-15T11:45:52.301727,grail,"Oh,",2,True,a45d25883979,5.607749999853695,latency-aa376389b47b.csv
1,aa376389b47b,2025-10-15T11:45:52.418312,shrek3,at,134,True,a45d25883979,8.331213999554166,latency-aa376389b47b.csv
1,aa376389b47b,2025-10-15T11:45:52.536273,shrek3,still,18,True,a45d25883979,8.759105000081036,latency-aa376389b47b.csv
1,aa376389b47b,2025-10-15T11:45:52.653431,shrek3,SHREK,678,True,a45d25883979,10.910797000178718,latency-aa376389b47b.csv
2,aa376389b47b,2025-10-15T11:45:52.785631,grail,pseudonym,1,True,a45d25883979,8.399886999995942,latency-aa376389b47b.csv
2,aa376389b47b,2025-10-15T11:45:52.902920,grail,Rostmm,1,True,a45d25883979,12.215950999689085,latency-aa376389b47b.csv
2,aa376389b47b,2025-10-15T11:45:53.025830,shrek3,me,72,True,a45d25883979,17.63518900042982,latency-aa376389b47b.csv
2,aa376389b47b,2025-10-15T11:45:53.158040,shrek,will,16,True,a45d25883979,9.758013999999092,latency-aa376389b47b.csv
2,aa376389b47b,2025-10-15T11:45:53.277150,grail,few,8,True,a45d25883979,19.734408999738665,latency-aa376389b47b.csv
2,aa376389b47b,2025-10-15T11:45:53.425554,shrek,GORDO,5,True,72ad01c69167,39.73714400035533,latency-aa376389b47b.csv
2,aa376389b47b,2025-10-15T11:45:53.604463,shrek,DONKEY,320,True,a45d25883979,14.681463000215444,latency-aa376389b47b.csv
2,aa376389b47b,2025-10-15T11:45:53.732777,grail,us,32,True,a45d25883979,22.3418750001656,latency-aa376389b47b.csv
2,aa376389b47b,2025-10-15T11:45:53.896253,shrek3,ho,8,True,a45d25883979,39.95872000041345,latency-aa376389b47b.csv
2,aa376389b47b,2025-10-15T11:45:54.044964,grail,us,32,True,1de2274fea60,45.66465999960201,latency-aa376389b47b.csv
2,aa376389b47b,2025-10-15T11:45:54.220496,shrek3,what,82,True,1de2274fea60,13.086779999866849,latency-aa376389b47b.csv
2,aa376389b47b,2025-10-15T11:45:54.359447,shrek,MAN,38,True,72ad01c69167,24.883970999781013,latency-aa376389b47b.csv
2,aa376389b47b,2025-10-15T11:45:54.521506,shrek3,fall,6,True,72ad01c69167,94.98969600008422,latency-aa376389b47b.csv
2,aa376389b47b,2025-10-15T11:45:54.790255,shrek3,Be,71,True,a45d25883979,29.828060999989248,latency-aa376389b47b.csv
2,aa376389b47b,2025-10-15T11:45:54.941281,shrek,DONKEY,320,True,a45d25883979,31.924158000038005,latency-aa376389b47b.csv
2,aa376389b47b,2025-10-15T11:45:55.128113,grail,Gallahad,44,True,a45d25883979,33.33457199960321,latency-aa376389b47b.csv
2,aa376389b47b,2025-10-15T11:45:55.272650,grail,"Oh,",2,True,1de2274fea60,19.43450999988272,latency-aa376389b47b.csv
2,aa376389b47b,2025-10-15T11:45:55.407313,shrek3,at,134,True,72ad01c69167,11.53421500021068,latency-aa376389b47b.csv
2,aa376389b47b,2025-10-15T11:45:55.546131,shrek3,still,18,True,a45d25883979,14.791916999911336,latency-aa376389b47b.csv
2,aa376389b47b,2025-10-15T11:45:55.685456,shrek3,SHREK,678,True,a45d25883979,11.023506999663368,latency-aa376389b47b.csv
1,ada12dac509c,2025-10-15T11:45:32.517615,grail,"Oh,",2,True,a45d25883979,6.4841380003599625,latency-ada12dac509c.csv
1,ada12dac509c,2025-10-15T11:45:32.629946,shrek,Blah,1,True,a45d25883979,4.843658000027062,latency-ada12dac509c.csv
1,ada12dac509c,2025-10-15T11:45:32.739398,shrek,FIONA'S,3,True,a45d25883979,4.709056999672612,latency-ada12dac509c.csv
1,ada12dac509c,2025-10-15T11:45:32.849663,grail,"collective,",0,True,a45d25883979,5.426541999895562,latency-ada12dac509c.csv
1,ada12dac509c,2025-10-15T11:45:32.961092,grail,for,118,True,a45d25883979,5.9823929996127845,latency-ada12dac509c.csv
1,ada12dac509c,2025-10-15T11:45:33.072561,grail,TV,2,True,a45d25883979,5.077212999822223,latency-ada12dac509c.csv
1,ada12dac509c,2025-10-15T11:45:33.183102,shrek,DONKEY,320,True,a45d25883979,6.685950000246521,latency-ada12dac509c.csv
1,ada12dac509c,2025-10-15T11:45:33.295957,grail,of,684,True,a45d25883979,6.105597999976453,latency-ada12dac509c.csv
1,ada12dac509c,2025-10-15T11:45:33.407208,grail,at,104,True,a45d25883979,6.194194999807223,latency-ada12dac509c.csv
1,ada12dac509c,2025-10-15T11:45:33.518929,shrek,lay,2,True,72ad01c69167,7.876521000071079,latency-ada12dac509c.csv
1,ada12dac509c,2025-10-15T11:45:33.635060,shrek,DONKEY,320,True,72ad01c69167,6.970400000227528,latency-ada12dac509c.csv
1,ada12dac509c,2025-10-15T11:45:33.747738,grail,Rostmm,1,True,72ad01c69167,6.0823969997727545,latency-ada12dac509c.csv
1,ada12dac509c,2025-10-15T11:45:33.859331,shrek3,SHREK,678,True,72ad01c69167,6.185416999869631,latency-ada12dac509c.csv
1,ada12dac509c,2025-10-15T11:45:33.971840,shrek3,Uh,18,True,72ad01c69167,7.487655000204541,latency-ada12dac509c.csv
1,ada12dac509c,2025-10-15T11:45:34.092263,shrek3,Third,121,True,1de2274fea60,6.720629000028566,latency-ada12dac509c.csv
1,ada12dac509c,2025-10-15T11:45:34.206486,grail,To,718,True,72ad01c69167,5.140295000273909,latency-ada12dac509c.csv
1,ada12dac509c,2025-10-15T11:45:34.318517,grail,right,66,True,72ad01c69167,6.010397999943962,latency-ada12dac509c.csv
1,ada12dac509c,2025-10-15T11:45:34.432236,grail,upon,13,True,1de2274fea60,10.842339000191714,latency-ada12dac509c.csv
1,ada12dac509c,2025-10-15T11:45:34.555095,shrek,What,104,True,a45d25883979,8.106473000225378,latency-ada12dac509c.csv
1,ada12dac509c,2025-10-15T11:45:34.669123,grail,is,317,True,a45d25883979,8.38471999986723,latency-ada12dac509c.csv
2,ada12dac509c,2025-10-15T11:45:34.784944,grail,"Oh,",2,True,a45d25883979,6.7612780003400985,latency-ada12dac509c.csv
2,ada12dac509c,2025-10-15T11:45:34.898503,shrek,Blah,1,True,a45d25883979,7.453299000189872,latency-ada12dac509c.csv
2,ada12dac509c,2025-10-15T11:45:35.013889,shrek,FIONA'S,3,True,a45d25883979,7.982050999999046,latency-ada12dac509c.csv
2,ada12dac509c,2025-10-15T11:45:35.131848,grail,"collective,",0,True,a45d25883979,5.499122999935935,latency-ada12dac509c.csv
2,ada12dac509c,2025-10-15T11:45:35.245069,grail,for,118,True,a45d25883979,9.684522000043216,latency-ada12dac509c.csv
2,ada12dac509c,2025-10-15T11:45:35.363674,grail,TV,2,True,a45d25883979,8.369225000024016,latency-ada12dac509c.csv
2,ada12dac509c,2025-10-15T11:45:35.479322,shrek,DONKEY,320,True,a45d25883979,6.283479000103398,latency-ada12dac509c.csv
2,ada12dac509c,2025-10-15T11:45:35.593311,grail,of,684,True,a45d25883979,6.6626240000005055,latency-ada12dac509c.csv
2,ada12dac509c,2025-10-15T11:45:35.711526,grail,at,104,True,a45d25883979,5.556890999741881,latency-ada12dac509c.csv
2,ada12dac509c,2025-10-15T11:45:35.825826,shrek,lay,2,True,72ad01c69167,8.344878000116296,latency-ada12dac509c.csv
2,ada12dac509c,2025-10-15T11:45:35.943466,shrek,DONKEY,320,True,a45d25883979,6.401964000360749,latency-ada12dac509c.csv
2,ada12dac509c,2025-10-15T11:45:36.057528,grail,Rostmm,1,True,a45d25883979,4.730968999865581,latency-ada12dac509c.csv
2,ada12dac509c,2025-10-15T11:45:36.168337,shrek3,SHREK,678,True,a45d25883979,4.809591999674012,latency-ada12dac509c.csv
2,ada12dac509c,2025-10-15T11:45:36.279614,shrek3,Uh,18,True,a45d25883979,5.505767000158812,latency-ada12dac509c.csv
2,ada12dac509c,2025-10-15T11:45:36.394842,shrek3,Third,121,True,a45d25883979,5.096209999919665,latency-ada12dac509c.csv
2,ada12dac509c,2025-10-15T11:45:36.506720,grail,To,718,True,72ad01c69167,9.882080999886966,latency-ada12dac509c.csv
2,ada12dac509c,2025-10-15T11:45:36.628802,grail,right,66,True,a45d25883979,4.97541499998988,latency-ada12dac509c.csv
2,ada12dac509c,2025-10-15T11:45:36.739638,grail,upon,13,True,a45d25883979,6.952996000109124,latency-ada12dac509c.csv
2,ada12dac509c,2025-10-15T11:45:36.856154,shrek,What,104,True,a45d25883979,8.359064000160288,latency-ada12dac509c.csv
2,ada12dac509c,2025-10-15T11:45:36.972310,grail,is,317,True,a45d25883979,4.621225999926537,latency-ada12dac509c.csv
1,ada1cc573d27,2025-10-15T11:45:54.863119,shrek3,an,51,True,a45d25883979,26.892008000231726,latency-ada1cc573d27.csv
1,ada1cc573d27,2025-10-15T11:45:55.045045,grail,Aaaaugh,9,True,a45d25883979,33.70713699996486,latency-ada1cc573d27.csv
1,ada1cc573d27,2025-10-15T11:45:55.204305,grail,on,139,True,a45d25883979,13.602423000065755,latency-ada1cc573d27.csv
1,ada1cc573d27,2025-10-15T11:45:55.329189,shrek,Nobody,4,True,a45d25883979,8.776178000061918,latency-ada1cc573d27.csv
1,ada1cc573d27,2025-10-15T11:45:55.446598,shrek,DONKEY,320,True,72ad01c69167,15.25220299981811,latency-ada1cc573d27.csv
1,ada1cc573d27,2025-10-15T11:45:55.571531,shrek,edge,2,True,1de2274fea60,16.058530999998766,latency-ada1cc573d27.csv
1,ada1cc573d27,2025-10-15T11:45:55.710904,shrek,you,409,True,72ad01c69167,17.18182800004797,latency-ada1cc573d27.csv
1,ada1cc573d27,2025-10-15T11:45:55.840478,shrek3,Arg,1,True,72ad01c69167,11.43443599994498,latency-ada1cc573d27.csv
1,ada1cc573d27,2025-10-15T11:45:55.965395,shrek3,SNOW,49,True,72ad01c69167,21.25611900009972,latency-ada1cc573d27.csv
1,ada1cc573d27,2025-10-15T11:45:56.109692,shrek3,with,112,True,1de2274fea60,12.15424100018936,latency-ada1cc573d27.csv
1,ada1cc573d27,2025-10-15T11:45:56.238256,shrek3,Gingerbread,37,True,72ad01c69167,12.346696999884443,latency-ada1cc573d27.csv
1,ada1cc573d27,2025-10-15T11:45:56.367527,grail,Bum,13,True,1de2274fea60,11.028645999886066,latency-ada1cc573d27.csv
1,ada1cc573d27,2025-10-15T11:45:56.494480,grail,witch,30,True,1de2274fea60,12.647557000036612,latency-ada1cc573d27.csv
1,ada1cc573d27,2025-10-15T11:45:56.642031,grail,Ecky-Ecky-Ecky,1,True,1de2274fea60,14.623008999933518,latency-ada1cc573d27.csv
1,ada1cc573d27,2025-10-15T11:45:56.777827,grail,LTD,6,True,a45d25883979,16.694042999915837,latency-ada1cc573d27.csv
1,ada1cc573d27,2025-10-15T11:45:56.904124,grail,at,104,True,a45d25883979,9.310337999977492,latency-ada1cc573d27.csv
1,ada1cc573d27,2025-10-15T11:45:57.026273,shrek,a,305,True,a45d25883979,9.944086000359675,latency-ada1cc573d27.csv
1,ada1cc573d27,2025-10-15T11:45:57.154570,shrek,DONKEY,320,True,72ad01c69167,22.35495800005083,latency-ada1cc573d27.csv
1,ada1cc573d27,2025-10-15T11:45:57.301890,shrek3,SHREK,678,True,72ad01c69167,12.176969999927678,latency-ada1cc573d27.csv
1,ada1cc573d27,2025-10-15T11:45:57.429623,grail,Eolio,2,True,72ad01c69167,11.77122999979474,latency-ada1cc573d27.csv
2,ada1cc573d27,2025-10-15T11:45:57.554602,shrek3,an,51,True,a45d25883979,21.65910800022175,latency-ada1cc573d27.csv
2,ada1cc573d27,2025-10-15T11:45:57.716555,grail,Aaaaugh,9,True,a45d25883979,11.930726000173308,latency-ada1cc573d27.csv
2,ada1cc573d27,2025-10-15T11:45:57.862901,grail,on,139,True,a45d25883979,23.344007000105197,latency-ada1cc573d27.csv
2,ada1cc573d27,2025-10-15T11:45:58.018062,shrek,Nobody,4,True,a45d25883979,8.947297999839066,latency-ada1cc573d27.csv
2,ada1cc573d27,2025-10-15T11:45:58.166136,shrek,DONKEY,320,True,a45d25883979,14.2304759997387,latency-ada1cc573d27.csv
2,ada1cc573d27,2025-10-15T11:45:58.306350,shrek,edge,2,True,a45d25883979,31.99150499995085,latency-ada1cc573d27.csv
2,ada1cc573d27,2025-10-15T11:45:58.461712,shrek,you,409,True,a45d25883979,28.08945799961293,latency-ada1cc573d27.csv
2,ada1cc573d27,2025-10-15T11:45:58.604169,shrek3,Arg,1,True,a45d25883979,11.118835000161198,latency-ada1cc573d27.csv
2,ada1cc573d27,2025-10-15T11:45:58.726138,shrek3,SNOW,49,True,a45d25883979,28.575342000294768,latency-ada1cc573d27.csv
2,ada1cc573d27,2025-10-15T11:45:58.884347,shrek3,with,112,True,a45d25883979,29.086946999996144,latency-ada1cc573d27.csv
2,ada1cc573d27,2025-10-15T11:45:59.040161,shrek3,Gingerbread,37,True,1de2274fea60,34.50964200010276,latency-ada1cc573d27.csv
2,ada1cc573d27,2025-10-15T11:45:59.202089,grail,Bum,13,True,a45d25883979,36.75997699974687,latency-ada1cc573d27.csv
2,ada1cc573d27,2025-10-15T11:45:59.358713,grail,witch,30,True,a45d25883979,40.135986000223056,latency-ada1cc573d27.csv
2,ada1cc573d27,2025-10-15T11:45:59.519716,grail,Ecky-Ecky-Ecky,1,True,72ad01c69167,41.04171299968584,latency-ada1cc573d27.csv
2,ada1cc573d27,2025-10-15T11:45:59.678793,grail,LTD,6,True,72ad01c69167,28.66295300009369,latency-ada1cc573d27.csv
2,ada1cc573d27,2025-10-15T11:45:59.848825,grail,at,104,True,72ad01c69167,19.46378599996024,latency-ada1cc573d27.csv
2,ada1cc573d27,2025-10-15T11:46:00.002342,shrek,a,305,True,a45d25883979,37.00213399997665,latency-ada1cc573d27.csv
2,ada1cc573d27,2025-10-15T11:46:00.174557,shrek,DONKEY,320,True,a45d25883979,28.70787099982408,latency-ada1cc573d27.csv
2,ada1cc573d27,2025-10-15T11:46:00.337313,shrek3,SHREK,678,True,1de2274fea60,50.60043000003134,latency-ada1cc573d27.csv
2,ada1cc573d27,2025-10-15T11:46:00.526720,grail,Eolio,2,True,72ad01c69167,13.05121599989434,latency-ada1cc573d27.csv
1,ae78c5e36083,2025-10-15T11:46:10.348139,shrek,What,104,True,a45d25883979,9.08491900008812,latency-ae78c5e36083.csv
1,ae78c5e36083,2025-10-15T11:46:10.465035,shrek3,PRINCE,207,True,a45d25883979,7.585805999951845,latency-ae78c5e36083.csv
1,ae78c5e36083,2025-10-15T11:46:10.580051,shrek3,reason,2,True,a45d25883979,7.748027000161528,latency-ae78c5e36083.csv
1,ae78c5e36083,2025-10-15T11:46:10.694710,shrek3,what,82,True,a45d25883979,6.356833000154438,latency-ae78c5e36083.csv
1,ae78c5e36083,2025-10-15T11:46:10.807359,shrek3,the,1285,True,a45d25883979,5.863755000063975,latency-ae78c5e36083.csv
1,ae78c5e36083,2025-10-15T11:46:10.919567,grail,To,718,True,72ad01c69167,8.368023999992147,latency-ae78c5e36083.csv
1,ae78c5e36083,2025-10-15T11:46:11.036730,shrek,SHREK,433,True,a45d25883979,10.638417999871308,latency-ae78c5e36083.csv
1,ae78c5e36083,2025-10-15T11:46:11.155556,shrek,cottage,4,True,a45d25883979,17.484062999756134,latency-ae78c5e36083.csv
1,ae78c5e36083,2025-10-15T11:46:11.285240,shrek,don't,72,True,1de2274fea60,7.77206800012209,latency-ae78c5e36083.csv
1,ae78c5e36083,2025-10-15T11:46:11.399178,grail,GALAHAD,87,True,1de2274fea60,6.417296000108763,latency-ae78c5e36083.csv
1,ae78c5e36083,2025-10-15T11:46:11.521970,grail,ANOTHER,25,True,a45d25883979,9.017278000101214,latency-ae78c5e36083.csv
1,ae78c5e36083,2025-10-15T11:46:11.637762,shrek,a,305,True,72ad01c69167,5.261140999664349,latency-ae78c5e36083.csv
1,ae78c5e36083,2025-10-15T11:46:11.749571,grail,3,18,True,72ad01c69167,11.8862369999988,latency-ae78c5e36083.csv
1,ae78c5e36083,2025-10-15T11:46:11.878300,grail,Michael,11,True,1de2274fea60,9.186120000322262,latency-ae78c5e36083.csv
1,ae78c5e36083,2025-10-15T11:46:11.995243,shrek,after,10,True,72ad01c69167,6.176160999984859,latency-ae78c5e36083.csv
1,ae78c5e36083,2025-10-15T11:46:12.107920,grail,the,1600,True,a45d25883979,13.776194999991276,latency-ae78c5e36083.csv
1,ae78c5e36083,2025-10-15T11:46:12.234523,grail,lost,6,True,1de2274fea60,13.8002119997509,latency-ae78c5e36083.csv
1,ae78c5e36083,2025-10-15T11:46:12.365187,grail,the,1600,True,72ad01c69167,22.642914000243763,latency-ae78c5e36083.csv
1,ae78c5e36083,2025-10-15T11:46:12.501258,grail,upon,13,True,1de2274fea60,13.677789999746892,latency-ae78c5e36083.csv
1,ae78c5e36083,2025-10-15T11:46:12.633619,shrek3,SHREK,678,True,1de2274fea60,12.635074000172608,latency-ae78c5e36083.csv
2,ae78c5e36083,2025-10-15T11:46:12.760249,shrek,What,104,True,72ad01c69167,39.19321100011075,latency-ae78c5e36083.csv
2,ae78c5e36083,2025-10-15T11:46:12.925944,shrek3,PRINCE,207,True,72ad01c69167,28.960546999769576,latency-ae78c5e36083.csv
2,ae78c5e36083,2025-10-15T11:46:13.107364,shrek3,reason,2,True,72ad01c69167,23.208180999972683,latency-ae78c5e36083.csv
2,ae78c5e36083,2025-10-15T11:46:13.259307,shrek3,what,82,True,a45d25883979,10.234435999791458,latency-ae78c5e36083.csv
2,ae78c5e36083,2025-10-15T11:46:13.381681,shrek3,the,1285,True,a45d25883979,46.40798999980689,latency-ae78c5e36083.csv
2,ae78c5e36083,2025-10-15T11:46:13.543057,grail,To,718,True,a45d25883979,16.559277000396833,latency-ae78c5e36083.csv
2,ae78c5e36083,2025-10-15T11:46:13.676736,shrek,SHREK,433,True,72ad01c69167,9.762043000137057,latency-ae78c5e36083.csv
2,ae78c5e36083,2025-10-15T11:46:13.807421,shrek,cottage,4,True,72ad01c69167,12.889604000065448,latency-ae78c5e36083.csv
2,ae78c5e36083,2025-10-15T11:46:13.940808,shrek,don't,72,True,a45d25883979,10.899887000050512,latency-ae78c5e36083.csv
2,ae78c5e36083,2025-10-15T11:46:14.063121,grail,GALAHAD,87,True,72ad01c69167,7.096076999914658,latency-ae78c5e36083.csv
2,ae78c5e36083,2025-10-15T11:46:14.184590,grail,ANOTHER,25,True,72ad01c69167,7.666323000194097,latency-ae78c5e36083.csv
2,ae78c5e36083,2025-10-15T11:46:14.308532,shrek,a,305,True,72ad01c69167,7.510918999741989,latency-ae78c5e36083.csv
2,ae78c5e36083,2025-10-15T11:46:14.424892,grail,3,18,True,72ad01c69167,7.406306000120821,latency-ae78c5e36083.csv
2,ae78c5e36083,2025-10-15T11:46:14.543207,grail,Michael,11,True,72ad01c69167,7.175189999998111,latency-ae78c5e36083.csv
2,ae78c5e36083,2025-10-15T11:46:14.658057,shrek,after,10,True,72ad01c69167,6.290675999935047,latency-ae78c5e36083.csv
2,ae78c5e36083,2025-10-15T11:46:14.769850,grail,the,1600,True,a45d25883979,7.863987999826349,latency-ae78c5e36083.csv
2,ae78c5e36083,2025-10-15T11:46:14.885232,grail,lost,6,True,1de2274fea60,11.890675999893574,latency-ae78c5e36083.csv
2,ae78c5e36083,2025-10-15T11:46:15.008249,grail,the,1600,True,a45d25883979,8.958101000189345,latency-ae78c5e36083.csv
2,ae78c5e36083,2025-10-15T11:46:15.128843,grail,upon,13,True,a45d25883979,12.69208899975638,latency-ae78c5e36083.csv
2,ae78c5e36083,2025-10-15T11:46:15.255210,shrek3,SHREK,678,True,a45d25883979,18.398391000118863,latency-ae78c5e36083.csv
1,af57e9dbc3a4,2025-10-15T11:45:28.189006,shrek,Shrek,433,True,72ad01c69167,11.038077999728555,latency-af57e9dbc3a4.csv
1,af57e9dbc3a4,2025-10-15T11:45:28.316050,grail,the,1600,True,a45d25883979,8.867147999808367,latency-af57e9dbc3a4.csv
1,af57e9dbc3a4,2025-10-15T11:45:28.437523,shrek3,me,72,True,a45d25883979,10.097394000240456,latency-af57e9dbc3a4.csv
1,af57e9dbc3a4,2025-10-15T11:45:28.564682,shrek,lay,2,True,a45d25883979,12.780086000020674,latency-af57e9dbc3a4.csv
1,af57e9dbc3a4,2025-10-15T11:45:28.689661,shrek3,body),0,True,a45d25883979,14.171005999742192,latency-af57e9dbc3a4.csv
1,af57e9dbc3a4,2025-10-15T11:45:28.819724,grail,(as,0,True,1de2274fea60,53.968070999872,latency-af57e9dbc3a4.csv
1,af57e9dbc3a4,2025-10-15T11:45:29.009627,shrek3,TO,511,True,a45d25883979,93.742685000052,latency-af57e9dbc3a4.csv
1,af57e9dbc3a4,2025-10-15T11:45:29.254418,shrek,Is,132,True,1de2274fea60,48.78323000002638,latency-af57e9dbc3a4.csv
1,af57e9dbc3a4,2025-10-15T11:45:29.442363,grail,pseudonym,1,True,72ad01c69167,7.374569000148767,latency-af57e9dbc3a4.csv
1,af57e9dbc3a4,2025-10-15T11:45:29.555972,shrek3,Gingerbread,37,True,72ad01c69167,5.671277999681479,latency-af57e9dbc3a4.csv
1,af57e9dbc3a4,2025-10-15T11:45:29.667229,grail,Yeah,13,True,a45d25883979,6.905321999965963,latency-af57e9dbc3a4.csv
1,af57e9dbc3a4,2025-10-15T11:45:29.780961,grail,a,666,True,72ad01c69167,6.826333999924827,latency-af57e9dbc3a4.csv
1,af57e9dbc3a4,2025-10-15T11:45:29.893805,grail,G,6,True,72ad01c69167,6.554385000072216,latency-af57e9dbc3a4.csv
1,af57e9dbc3a4,2025-10-15T11:45:30.007021,shrek,your,49,True,a45d25883979,10.881108999910794,latency-af57e9dbc3a4.csv
1,af57e9dbc3a4,2025-10-15T11:45:30.128390,grail,“I,0,True,a45d25883979,9.223445000316133,latency-af57e9dbc3a4.csv
1,af57e9dbc3a4,2025-10-15T11:45:30.243288,grail,from,94,True,a45d25883979,7.347627999934048,latency-af57e9dbc3a4.csv
1,af57e9dbc3a4,2025-10-15T11:45:30.357187,grail,door,14,True,a45d25883979,8.514728000136529,latency-af57e9dbc3a4.csv
1,af57e9dbc3a4,2025-10-15T11:45:30.472715,shrek3,WHITE,45,True,a45d25883979,6.33442800017292,latency-af57e9dbc3a4.csv
1,af57e9dbc3a4,2025-10-15T11:45:30.585668,grail,upon,13,True,a45d25883979,8.780549000221072,latency-af57e9dbc3a4.csv
1,af57e9dbc3a4,2025-10-15T11:45:30.702536,grail,king,136,True,72ad01c69167,6.583783000223775,latency-af57e9dbc3a4.csv
2,af57e9dbc3a4,2025-10-15T11:45:30.814979,shrek,Shrek,433,True,72ad01c69167,6.740537000041513,latency-af57e9dbc3a4.csv
2,af57e9dbc3a4,2025-10-15T11:45:30.936413,grail,the,1600,True,72ad01c69167,5.0896570000986685,latency-af57e9dbc3a4.csv
2,af57e9dbc3a4,2025-10-15T11:45:31.046520,shrek3,me,72,True,72ad01c69167,6.889851999858365,latency-af57e9dbc3a4.csv
2,af57e9dbc3a4,2025-10-15T11:45:31.159802,shrek,lay,2,True,72ad01c69167,11.523957999997949,latency-af57e9dbc3a4.csv
2,af57e9dbc3a4,2025-10-15T11:45:31.279386,shrek3,body),0,True,a45d25883979,4.816911999569129,latency-af57e9dbc3a4.csv
2,af57e9dbc3a4,2025-10-15T11:45:31.389374,grail,(as,0,True,a45d25883979,7.290832000308001,latency-af57e9dbc3a4.csv
2,af57e9dbc3a4,2025-10-15T11:45:31.502436,shrek3,TO,511,True,a45d25883979,5.935601000146562,latency-af57e9dbc3a4.csv
2,af57e9dbc3a4,2025-10-15T11:45:31.614500,shrek,Is,132,True,a45d25883979,7.476288000361819,latency-af57e9dbc3a4.csv
2,af57e9dbc3a4,2025-10-15T11:45:31.728631,grail,pseudonym,1,True,a45d25883979,8.864366000125301,latency-af57e9dbc3a4.csv
2,af57e9dbc3a4,2025-10-15T11:45:31.842542,shrek3,Gingerbread,37,True,a45d25883979,9.14107500011596,latency-af57e9dbc3a4.csv
2,af57e9dbc3a4,2025-10-15T11:45:31.957681,grail,Yeah,13,True,a45d25883979,6.715489999805868,latency-af57e9dbc3a4.csv
2,af57e9dbc3a4,2025-10-15T11:45:32.070485,grail,a,666,True,a45d25883979,7.4213910002072225,latency-af57e9dbc3a4.csv
2,af57e9dbc3a4,2025-10-15T11:45:32.186854,grail,G,6,True,a45d25883979,5.130757000188169,latency-af57e9dbc3a4.csv
2,af57e9dbc3a4,2025-10-15T11:45:32.297609,shrek,your,49,True,a45d25883979,9.44680900011008,latency-af57e9dbc3a4.csv
2,af57e9dbc3a4,2025-10-15T11:45:32.415555,grail,“I,0,True,a45d25883979,7.628118999946309,latency-af57e9dbc3a4.csv
2,af57e9dbc3a4,2025-10-15T11:45:32.530467,grail,from,94,True,a45d25883979,11.016697000286513,latency-af57e9dbc3a4.csv
2,af57e9dbc3a4,2025-10-15T11:45:32.648544,grail,door,14,True,a45d25883979,6.693666000046505,latency-af57e9dbc3a4.csv
2,af57e9dbc3a4,2025-10-15T11:45:32.760301,shrek3,WHITE,45,True,a45d25883979,7.706405000135419,latency-af57e9dbc3a4.csv
2,af57e9dbc3a4,2025-10-15T11:45:32.874709,grail,upon,13,True,72ad01c69167,6.119534000390559,latency-af57e9dbc3a4.csv
2,af57e9dbc3a4,2025-10-15T11:45:32.986006,grail,king,136,True,a45d25883979,8.481602999836468,latency-af57e9dbc3a4.csv
1,afa258f64c7d,2025-10-15T11:45:17.096111,grail,Auuuuuuuugh,2,True,a45d25883979,5.538779000289651,latency-afa258f64c7d.csv
1,afa258f64c7d,2025-10-15T11:45:17.207809,shrek,on,88,True,a45d25883979,5.12236499980645,latency-afa258f64c7d.csv
1,afa258f64c7d,2025-10-15T11:45:17.318063,grail,the,1600,True,a45d25883979,7.366945999820018,latency-afa258f64c7d.csv
1,afa258f64c7d,2025-10-15T11:45:17.431557,shrek3,Arg,1,True,a45d25883979,4.91681499988772,latency-afa258f64c7d.csv
1,afa258f64c7d,2025-10-15T11:45:17.541387,shrek,old,10,True,a45d25883979,6.175778000397258,latency-afa258f64c7d.csv
1,afa258f64c7d,2025-10-15T11:45:17.653427,grail,Aaaaugh,9,True,a45d25883979,6.713714999932563,latency-afa258f64c7d.csv
1,afa258f64c7d,2025-10-15T11:45:17.766313,shrek,happily,2,True,72ad01c69167,6.056136000097467,latency-afa258f64c7d.csv
1,afa258f64c7d,2025-10-15T11:45:17.877911,grail,with/,0,True,72ad01c69167,6.091560000186291,latency-afa258f64c7d.csv
1,afa258f64c7d,2025-10-15T11:45:17.988811,shrek,SHREK,433,True,a45d25883979,7.18366099999912,latency-afa258f64c7d.csv
1,afa258f64c7d,2025-10-15T11:45:18.104078,grail,seek,12,True,72ad01c69167,9.6858520000751,latency-afa258f64c7d.csv
1,afa258f64c7d,2025-10-15T11:45:18.223494,shrek3,him,87,True,1de2274fea60,6.367369000145118,latency-afa258f64c7d.csv
1,afa258f64c7d,2025-10-15T11:45:18.335922,grail,pretty,7,True,1de2274fea60,11.848697999994329,latency-afa258f64c7d.csv
1,afa258f64c7d,2025-10-15T11:45:18.464806,shrek,Is,132,True,1de2274fea60,18.449764999786566,latency-afa258f64c7d.csv
1,afa258f64c7d,2025-10-15T11:45:18.593345,grail,king,136,True,a45d25883979,11.709822999819153,latency-afa258f64c7d.csv
1,afa258f64c7d,2025-10-15T11:45:18.717185,grail,to,718,True,1de2274fea60,26.76001700001507,latency-afa258f64c7d.csv
1,afa258f64c7d,2025-10-15T11:45:18.855904,shrek,way,26,True,1de2274fea60,7.662706999781221,latency-afa258f64c7d.csv
1,afa258f64c7d,2025-10-15T11:45:18.972391,shrek3,field,3,True,1de2274fea60,7.6392760001908755,latency-afa258f64c7d.csv
1,afa258f64c7d,2025-10-15T11:45:19.091339,shrek3,body),0,True,a45d25883979,8.676203000050009,latency-afa258f64c7d.csv
1,afa258f64c7d,2025-10-15T11:45:19.209543,shrek3,SNOW,49,True,72ad01c69167,10.642475999702585,latency-afa258f64c7d.csv
1,afa258f64c7d,2025-10-15T11:45:19.327873,grail,Jones,7,True,72ad01c69167,10.905769000146393,latency-afa258f64c7d.csv
2,afa258f64c7d,2025-10-15T11:45:19.452006,grail,Auuuuuuuugh,2,True,a45d25883979,9.161756999674251,latency-afa258f64c7d.csv
2,afa258f64c7d,2025-10-15T11:45:19.570963,shrek,on,88,True,a45d25883979,8.608746999925643,latency-afa258f64c7d.csv
2,afa258f64c7d,2025-10-15T11:45:19.690783,grail,the,1600,True,1de2274fea60,17.04563000021153,latency-afa258f64c7d.csv
2,afa258f64c7d,2025-10-15T11:45:19.831810,shrek3,Arg,1,True,a45d25883979,6.601526999929774,latency-afa258f64c7d.csv
2,afa258f64c7d,2025-10-15T11:45:19.944965,shrek,old,10,True,a45d25883979,5.97774500010928,latency-afa258f64c7d.csv
2,afa258f64c7d,2025-10-15T11:45:20.055789,grail,Aaaaugh,9,True,a45d25883979,6.0424620000958384,latency-afa258f64c7d.csv
2,afa258f64c7d,2025-10-15T11:45:20.168534,shrek,happily,2,True,a45d25883979,7.220602999950643,latency-afa258f64c7d.csv
2,afa258f64c7d,2025-10-15T11:45:20.282639,grail,with/,0,True,a45d25883979,6.334773999697063,latency-afa258f64c7d.csv
2,afa258f64c7d,2025-10-15T11:45:20.396651,shrek,SHREK,433,True,72ad01c69167,9.030943000198022,latency-afa258f64c7d.csv
2,afa258f64c7d,2025-10-15T11:45:20.516435,grail,seek,12,True,a45d25883979,5.342299999938405,latency-afa258f64c7d.csv
2,afa258f64c7d,2025-10-15T11:45:20.629053,shrek3,him,87,True,a45d25883979,7.634827999936533,latency-afa258f64c7d.csv
2,afa258f64c7d,2025-10-15T11:45:20.746543,grail,pretty,7,True,a45d25883979,6.924761999925977,latency-afa258f64c7d.csv
2,afa258f64c7d,2025-10-15T11:45:20.860691,shrek,Is,132,True,a45d25883979,5.2996770000390825,latency-afa258f64c7d.csv
2,afa258f64c7d,2025-10-15T11:45:20.971801,grail,king,136,True,a45d25883979,19.074815999829298,latency-afa258f64c7d.csv
2,afa258f64c7d,2025-10-15T11:45:21.104284,grail,to,718,True,a45d25883979,7.768988999941939,latency-afa258f64c7d.csv
2,afa258f64c7d,2025-10-15T11:45:21.220217,shrek,way,26,True,72ad01c69167,6.488193000222964,latency-afa258f64c7d.csv
2,afa258f64c7d,2025-10-15T11:45:21.336015,shrek3,field,3,True,72ad01c69167,6.401639000159776,latency-afa258f64c7d.csv
2,afa258f64c7d,2025-10-15T11:45:21.448566,shrek3,body),0,True,72ad01c69167,9.575848000167753,latency-afa258f64c7d.csv
2,afa258f64c7d,2025-10-15T11:45:21.568619,shrek3,SNOW,49,True,a45d25883979,7.2046469999804685,latency-afa258f64c7d.csv
2,afa258f64c7d,2025-10-15T11:45:21.684147,grail,Jones,7,True,a45d25883979,6.4748779996079975,latency-afa258f64c7d.csv
1,b09f982c0c09,2025-10-15T11:45:18.162254,shrek3,ruby,1,True,a45d25883979,5.219134999606467,latency-b09f982c0c09.csv
1,b09f982c0c09,2025-10-15T11:45:18.274062,shrek,INSIDE,16,True,a45d25883979,4.85865400014518,latency-b09f982c0c09.csv
1,b09f982c0c09,2025-10-15T11:45:18.383747,shrek3,right,36,True,a45d25883979,5.63866099992083,latency-b09f982c0c09.csv
1,b09f982c0c09,2025-10-15T11:45:18.495064,shrek,swamp,18,True,a45d25883979,6.039651000264712,latency-b09f982c0c09.csv
1,b09f982c0c09,2025-10-15T11:45:18.607092,grail,the,1600,True,1de2274fea60,10.27102499983812,latency-b09f982c0c09.csv
1,b09f982c0c09,2025-10-15T11:45:18.723627,shrek,its,1,True,a45d25883979,9.84552799991434,latency-b09f982c0c09.csv
1,b09f982c0c09,2025-10-15T11:45:18.840230,shrek,field,4,True,72ad01c69167,5.893001000004006,latency-b09f982c0c09.csv
1,b09f982c0c09,2025-10-15T11:45:18.950778,grail,“I,0,True,72ad01c69167,4.574126000079559,latency-b09f982c0c09.csv
1,b09f982c0c09,2025-10-15T11:45:19.060183,shrek,FIONA,211,True,72ad01c69167,5.7820600000013656,latency-b09f982c0c09.csv
1,b09f982c0c09,2025-10-15T11:45:19.172363,shrek,SHREK,433,True,72ad01c69167,7.077745000060531,latency-b09f982c0c09.csv
1,b09f982c0c09,2025-10-15T11:45:19.285576,shrek,I,386,True,72ad01c69167,4.418929000166827,latency-b09f982c0c09.csv
1,b09f982c0c09,2025-10-15T11:45:19.395276,shrek,field,4,True,a45d25883979,6.424413999866374,latency-b09f982c0c09.csv
1,b09f982c0c09,2025-10-15T11:45:19.507831,grail,a,666,True,a45d25883979,6.716891999985819,latency-b09f982c0c09.csv
1,b09f982c0c09,2025-10-15T11:45:19.621497,grail,on,139,True,a45d25883979,6.7680669999390375,latency-b09f982c0c09.csv
1,b09f982c0c09,2025-10-15T11:45:19.734803,shrek,What,104,True,a45d25883979,13.52646699979232,latency-b09f982c0c09.csv
1,b09f982c0c09,2025-10-15T11:45:19.861642,shrek,whole,10,True,1de2274fea60,9.98337500004709,latency-b09f982c0c09.csv
1,b09f982c0c09,2025-10-15T11:45:19.980408,grail,54,2,True,72ad01c69167,9.268239999983052,latency-b09f982c0c09.csv
1,b09f982c0c09,2025-10-15T11:45:20.096193,shrek3,JOCKS,2,True,72ad01c69167,9.04880799998864,latency-b09f982c0c09.csv
1,b09f982c0c09,2025-10-15T11:45:20.217238,shrek,FIONA,211,True,72ad01c69167,14.047067999854336,latency-b09f982c0c09.csv
1,b09f982c0c09,2025-10-15T11:45:20.347604,grail,since,10,True,a45d25883979,8.05643700005021,latency-b09f982c0c09.csv
2,b09f982c0c09,2025-10-15T11:45:20.466623,shrek3,ruby,1,True,1de2274fea60,7.199796999884711,latency-b09f982c0c09.csv
2,b09f982c0c09,2025-10-15T11:45:20.581084,shrek,INSIDE,16,True,72ad01c69167,10.27169100007086,latency-b09f982c0c09.csv
2,b09f982c0c09,2025-10-15T11:45:20.703258,shrek3,right,36,True,1de2274fea60,7.273413999882905,latency-b09f982c0c09.csv
2,b09f982c0c09,2025-10-15T11:45:20.816634,shrek,swamp,18,True,72ad01c69167,5.687762999968982,latency-b09f982c0c09.csv
2,b09f982c0c09,2025-10-15T11:45:20.927008,grail,the,1600,True,1de2274fea60,6.070506000014575,latency-b09f982c0c09.csv
2,b09f982c0c09,2025-10-15T11:45:21.038780,shrek,its,1,True,72ad01c69167,8.399353999720915,latency-b09f982c0c09.csv
2,b09f982c0c09,2025-10-15T11:45:21.157529,shrek,field,4,True,a45d25883979,5.767365999872709,latency-b09f982c0c09.csv
2,b09f982c0c09,2025-10-15T11:45:21.268469,grail,“I,0,True,a45d25883979,4.827012000077957,latency-b09f982c0c09.csv
2,b09f982c0c09,2025-10-15T11:45:21.378381,shrek,FIONA,211,True,a45d25883979,7.049849999930302,latency-b09f982c0c09.csv
2,b09f982c0c09,2025-10-15T11:45:21.491083,shrek,SHREK,433,True,a45d25883979,6.2553249999837135,latency-b09f982c0c09.csv
2,b09f982c0c09,2025-10-15T11:45:21.603498,shrek,I,386,True,a45d25883979,7.324795999920752,latency-b09f982c0c09.csv
2,b09f982c0c09,2025-10-15T11:45:21.719504,shrek,field,4,True,a45d25883979,7.470267999906355,latency-b09f982c0c09.csv
2,b09f982c0c09,2025-10-15T11:45:21.834341,grail,a,666,True,a45d25883979,9.701106999727926,latency-b09f982c0c09.csv
2,b09f982c0c09,2025-10-15T11:45:21.952537,grail,on,139,True,a45d25883979,5.839126000410033,latency-b09f982c0c09.csv
2,b09f982c0c09,2025-10-15T11:45:22.063796,shrek,What,104,True,a45d25883979,11.44344500016814,latency-b09f982c0c09.csv
2,b09f982c0c09,2025-10-15T11:45:22.185708,shrek,whole,10,True,72ad01c69167,5.428317000223615,latency-b09f982c0c09.csv
2,b09f982c0c09,2025-10-15T11:45:22.296942,grail,54,2,True,72ad01c69167,7.429149000017787,latency-b09f982c0c09.csv
2,b09f982c0c09,2025-10-15T11:45:22.411082,shrek3,JOCKS,2,True,72ad01c69167,15.563076000034926,latency-b09f982c0c09.csv
2,b09f982c0c09,2025-10-15T11:45:22.535061,shrek,FIONA,211,True,a45d25883979,7.632278000073711,latency-b09f982c0c09.csv
2,b09f982c0c09,2025-10-15T11:45:22.648836,grail,since,10,True,a45d25883979,6.6128900002695445,latency-b09f982c0c09.csv
1,b1971e0299d8,2025-10-15T11:44:53.807332,shrek,But,73,False,a45d25883979,18.495517000246764,latency-b1971e0299d8.csv
1,b1971e0299d8,2025-10-15T11:44:53.943923,grail,us,32,False,72ad01c69167,31.77003599967065,latency-b1971e0299d8.csv
1,b1971e0299d8,2025-10-15T11:44:54.085014,shrek,and,318,False,a45d25883979,17.884279000099923,latency-b1971e0299d8.csv
1,b1971e0299d8,2025-10-15T11:44:54.235653,grail,is,317,True,1de2274fea60,13.053184000000329,latency-b1971e0299d8.csv
1,b1971e0299d8,2025-10-15T11:44:54.360869,shrek,SHREK,433,True,72ad01c69167,18.392855000001877,latency-b1971e0299d8.csv
1,b1971e0299d8,2025-10-15T11:44:54.495413,grail,the,1600,True,a45d25883979,12.926289000006363,latency-b1971e0299d8.csv
1,b1971e0299d8,2025-10-15T11:44:54.623006,shrek3,SHREK,678,True,72ad01c69167,15.60566199987079,latency-b1971e0299d8.csv
1,b1971e0299d8,2025-10-15T11:44:54.757526,shrek3,an,51,True,1de2274fea60,29.150896999908586,latency-b1971e0299d8.csv
1,b1971e0299d8,2025-10-15T11:44:54.933185,shrek3,toward,14,False,72ad01c69167,38.16170799973406,latency-b1971e0299d8.csv
1,b1971e0299d8,2025-10-15T11:44:55.097333,shrek,What,104,False,1de2274fea60,42.59474099990257,latency-b1971e0299d8.csv
1,b1971e0299d8,2025-10-15T11:44:55.257756,shrek,FIONA,211,True,1de2274fea60,21.85440200037192,latency-b1971e0299d8.csv
1,b1971e0299d8,2025-10-15T11:44:55.390720,shrek,minute,3,False,72ad01c69167,53.272340999683365,latency-b1971e0299d8.csv
1,b1971e0299d8,2025-10-15T11:44:55.557928,shrek,who,29,True,72ad01c69167,15.297971999643778,latency-b1971e0299d8.csv
1,b1971e0299d8,2025-10-15T11:44:55.686687,shrek,tale,7,False,1de2274fea60,46.53723000001264,latency-b1971e0299d8.csv
1,b1971e0299d8,2025-10-15T11:44:55.868408,shrek3,of,275,True,a45d25883979,8.459841000330925,latency-b1971e0299d8.csv
1,b1971e0299d8,2025-10-15T11:44:55.996375,shrek3,Donkey,243,True,72ad01c69167,7.49122500019439,latency-b1971e0299d8.csv
1,b1971e0299d8,2025-10-15T11:44:56.115893,shrek3,SHREK,678,True,72ad01c69167,14.70360499979506,latency-b1971e0299d8.csv
1,b1971e0299d8,2025-10-15T11:44:56.241056,shrek3,CAPTAIN,41,False,72ad01c69167,43.64724900005968,latency-b1971e0299d8.csv
1,b1971e0299d8,2025-10-15T11:44:56.397982,shrek3,WHITE,45,True,72ad01c69167,17.300748000252497,latency-b1971e0299d8.csv
1,b1971e0299d8,2025-10-15T11:44:56.542934,shrek3,him,87,True,1de2274fea60,59.82616099981897,latency-b1971e0299d8.csv
2,b1971e0299d8,2025-10-15T11:44:56.719845,shrek,But,73,True,72ad01c69167,29.182186000070946,latency-b1971e0299d8.csv
2,b1971e0299d8,2025-10-15T11:44:56.874974,grail,us,32,True,1de2274fea60,31.357667000065703,latency-b1971e0299d8.csv
2,b1971e0299d8,2025-10-15T11:44:57.032224,shrek,and,318,True,a45d25883979,21.58355099982145,latency-b1971e0299d8.csv
2,b1971e0299d8,2025-10-15T11:44:57.174431,grail,is,317,True,72ad01c69167,34.312517999751435,latency-b1971e0299d8.csv
2,b1971e0299d8,2025-10-15T11:44:57.325812,shrek,SHREK,433,True,72ad01c69167,26.872668999658345,latency-b1971e0299d8.csv
2,b1971e0299d8,2025-10-15T11:44:57.463284,grail,the,1600,True,a45d25883979,12.495324999690638,latency-b1971e0299d8.csv
2,b1971e0299d8,2025-10-15T11:44:57.590835,shrek3,SHREK,678,True,72ad01c69167,17.88640899985694,latency-b1971e0299d8.csv
2,b1971e0299d8,2025-10-15T11:44:57.732946,shrek3,an,51,True,a45d25883979,12.294516000110889,latency-b1971e0299d8.csv
2,b1971e0299d8,2025-10-15T11:44:57.857680,shrek3,toward,14,True,a45d25883979,10.441277000154514,latency-b1971e0299d8.csv
2,b1971e0299d8,2025-10-15T11:44:57.981320,shrek,What,104,True,72ad01c69167,7.81004300006316,latency-b1971e0299d8.csv
2,b1971e0299d8,2025-10-15T11:44:58.100429,shrek,FIONA,211,True,a45d25883979,8.841359000143711,latency-b1971e0299d8.csv
2,b1971e0299d8,2025-10-15T11:44:58.221548,shrek,minute,3,True,72ad01c69167,11.632798999926308,latency-b1971e0299d8.csv
2,b1971e0299d8,2025-10-15T11:44:58.361307,shrek,who,29,True,a45d25883979,12.138971000240415,latency-b1971e0299d8.csv
2,b1971e0299d8,2025-10-15T11:44:58.486012,shrek,tale,7,True,1de2274fea60,17.6397770001131,latency-b1971e0299d8.csv
2,b1971e0299d8,2025-10-15T11:44:58.625216,shrek3,of,275,True,1de2274fea60,13.24806399998124,latency-b1971e0299d8.csv
2,b1971e0299d8,2025-10-15T11:44:58.746296,shrek3,Donkey,243,True,1de2274fea60,24.01353200002632,latency-b1971e0299d8.csv
2,b1971e0299d8,2025-10-15T11:44:58.884053,shrek3,SHREK,678,True,a45d25883979,26.58761099974072,latency-b1971e0299d8.csv
2,b1971e0299d8,2025-10-15T11:44:59.041636,shrek3,CAPTAIN,41,True,a45d25883979,26.03589299997111,latency-b1971e0299d8.csv
2,b1971e0299d8,2025-10-15T11:44:59.186794,shrek3,WHITE,45,True,a45d25883979,20.749776999764435,latency-b1971e0299d8.csv
2,b1971e0299d8,2025-10-15T11:44:59.327701,shrek3,him,87,True,1de2274fea60,12.946803999966503,latency-b1971e0299d8.csv
1,b21b30d36185,2025-10-15T11:44:55.509089,shrek3,toward,14,True,a45d25883979,12.298544000259426,latency-b21b30d36185.csv
1,b21b30d36185,2025-10-15T11:44:55.631878,shrek,Blah,1,False,72ad01c69167,31.879125999694224,latency-b21b30d36185.csv
1,b21b30d36185,2025-10-15T11:44:55.787939,shrek,He,118,True,1de2274fea60,10.850659999960044,latency-b21b30d36185.csv
1,b21b30d36185,2025-10-15T11:44:55.906952,shrek3,at,134,False,1de2274fea60,32.68105999995896,latency-b21b30d36185.csv
1,b21b30d36185,2025-10-15T11:44:56.054026,shrek3,time,23,False,1de2274fea60,49.83784600017316,latency-b21b30d36185.csv
1,b21b30d36185,2025-10-15T11:44:56.215743,shrek,(standing,0,True,72ad01c69167,23.278955000023416,latency-b21b30d36185.csv
1,b21b30d36185,2025-10-15T11:44:56.356919,shrek3,EVIL,59,False,1de2274fea60,39.12194700023974,latency-b21b30d36185.csv
1,b21b30d36185,2025-10-15T11:44:56.519922,shrek,edge,2,True,72ad01c69167,22.705099000177142,latency-b21b30d36185.csv
1,b21b30d36185,2025-10-15T11:44:56.704255,shrek3,cues,3,True,72ad01c69167,21.69336499991914,latency-b21b30d36185.csv
1,b21b30d36185,2025-10-15T11:44:56.856775,shrek,number,8,True,72ad01c69167,17.838351000136754,latency-b21b30d36185.csv
1,b21b30d36185,2025-10-15T11:44:57.010402,grail,the,1600,True,a45d25883979,11.902942999768127,latency-b21b30d36185.csv
1,b21b30d36185,2025-10-15T11:44:57.133159,grail,the,1600,True,1de2274fea60,29.39918599986413,latency-b21b30d36185.csv
1,b21b30d36185,2025-10-15T11:44:57.288807,shrek3,CHARMING,232,True,a45d25883979,15.508628999668872,latency-b21b30d36185.csv
1,b21b30d36185,2025-10-15T11:44:57.414238,shrek3,Hold,8,True,a45d25883979,16.241479000200343,latency-b21b30d36185.csv
1,b21b30d36185,2025-10-15T11:44:57.541232,shrek3,get,39,True,72ad01c69167,24.395331000050646,latency-b21b30d36185.csv
1,b21b30d36185,2025-10-15T11:44:57.676498,shrek,He,118,True,72ad01c69167,9.656383000219648,latency-b21b30d36185.csv
1,b21b30d36185,2025-10-15T11:44:57.800833,shrek3,of,275,True,a45d25883979,12.584025999785808,latency-b21b30d36185.csv
1,b21b30d36185,2025-10-15T11:44:57.943862,shrek,baby,3,True,1de2274fea60,9.080247999918356,latency-b21b30d36185.csv
1,b21b30d36185,2025-10-15T11:44:58.074774,shrek,DONKEY,320,True,1de2274fea60,8.052374999806489,latency-b21b30d36185.csv
1,b21b30d36185,2025-10-15T11:44:58.196251,grail,right,66,False,a45d25883979,33.02006599960805,latency-b21b30d36185.csv
2,b21b30d36185,2025-10-15T11:44:58.346367,shrek3,toward,14,True,1de2274fea60,22.55997300017043,latency-b21b30d36185.csv
2,b21b30d36185,2025-10-15T11:44:58.482178,shrek,Blah,1,True,72ad01c69167,19.80881200006479,latency-b21b30d36185.csv
2,b21b30d36185,2025-10-15T11:44:58.619564,shrek,He,118,True,72ad01c69167,16.007024999908026,latency-b21b30d36185.csv
2,b21b30d36185,2025-10-15T11:44:58.746293,shrek3,at,134,True,1de2274fea60,25.67545500005508,latency-b21b30d36185.csv
2,b21b30d36185,2025-10-15T11:44:58.879283,shrek3,time,23,True,a45d25883979,29.677622999770392,latency-b21b30d36185.csv
2,b21b30d36185,2025-10-15T11:44:59.041610,shrek,(standing,0,True,a45d25883979,25.9305099998528,latency-b21b30d36185.csv
2,b21b30d36185,2025-10-15T11:44:59.189666,shrek3,EVIL,59,True,a45d25883979,21.60859600007825,latency-b21b30d36185.csv
2,b21b30d36185,2025-10-15T11:44:59.332380,shrek,edge,2,True,a45d25883979,15.395506000004389,latency-b21b30d36185.csv
2,b21b30d36185,2025-10-15T11:44:59.466160,shrek3,cues,3,True,a45d25883979,17.26979900013248,latency-b21b30d36185.csv
2,b21b30d36185,2025-10-15T11:44:59.601823,shrek,number,8,True,72ad01c69167,20.766381000157708,latency-b21b30d36185.csv
2,b21b30d36185,2025-10-15T11:44:59.742766,grail,the,1600,True,72ad01c69167,12.710507000065263,latency-b21b30d36185.csv
2,b21b30d36185,2025-10-15T11:44:59.866575,grail,the,1600,True,a45d25883979,17.48197999995682,latency-b21b30d36185.csv
2,b21b30d36185,2025-10-15T11:44:59.997652,shrek3,CHARMING,232,True,1de2274fea60,17.77269400008663,latency-b21b30d36185.csv
2,b21b30d36185,2025-10-15T11:45:00.143169,shrek3,Hold,8,True,72ad01c69167,8.28045399975963,latency-b21b30d36185.csv
2,b21b30d36185,2025-10-15T11:45:00.260745,shrek3,get,39,True,72ad01c69167,6.413007000446669,latency-b21b30d36185.csv
2,b21b30d36185,2025-10-15T11:45:00.373805,shrek,He,118,True,1de2274fea60,10.798570000133624,latency-b21b30d36185.csv
2,b21b30d36185,2025-10-15T11:45:00.492822,shrek3,of,275,True,a45d25883979,7.356144000368658,latency-b21b30d36185.csv
2,b21b30d36185,2025-10-15T11:45:00.612117,shrek,baby,3,True,a45d25883979,22.610700999848632,latency-b21b30d36185.csv
2,b21b30d36185,2025-10-15T11:45:00.746521,shrek,DONKEY,320,True,a45d25883979,12.14915500031566,latency-b21b30d36185.csv
2,b21b30d36185,2025-10-15T11:45:00.869218,grail,right,66,True,a45d25883979,5.465483000079985,latency-b21b30d36185.csv
1,b34790b09540,2025-10-15T11:45:40.955167,grail,To,718,True,a45d25883979,5.926458999965689,latency-b34790b09540.csv
1,b34790b09540,2025-10-15T11:45:41.067244,shrek3,of,275,True,a45d25883979,7.074437000028411,latency-b34790b09540.csv
1,b34790b09540,2025-10-15T11:45:41.181475,grail,a,666,True,a45d25883979,8.28094299959048,latency-b34790b09540.csv
1,b34790b09540,2025-10-15T11:45:41.296743,shrek,HOOD,13,True,a45d25883979,6.759548999980325,latency-b34790b09540.csv
1,b34790b09540,2025-10-15T11:45:41.411875,shrek,you,409,True,a45d25883979,8.74753000016426,latency-b34790b09540.csv
1,b34790b09540,2025-10-15T11:45:41.526870,shrek,a,305,True,a45d25883979,6.798194000111835,latency-b34790b09540.csv
1,b34790b09540,2025-10-15T11:45:41.640771,shrek3,2,8,True,a45d25883979,9.836427999744046,latency-b34790b09540.csv
1,b34790b09540,2025-10-15T11:45:41.760927,shrek,his,48,True,a45d25883979,7.637697000063781,latency-b34790b09540.csv
1,b34790b09540,2025-10-15T11:45:41.874869,grail,about,49,True,a45d25883979,7.1906269999999495,latency-b34790b09540.csv
1,b34790b09540,2025-10-15T11:45:41.988933,shrek,Nobody,4,True,a45d25883979,7.87214000001768,latency-b34790b09540.csv
1,b34790b09540,2025-10-15T11:45:42.108316,shrek,token,1,True,72ad01c69167,8.779381000294961,latency-b34790b09540.csv
1,b34790b09540,2025-10-15T11:45:42.225019,shrek3,Arg,1,True,a45d25883979,6.0028040002180205,latency-b34790b09540.csv
1,b34790b09540,2025-10-15T11:45:42.337211,grail,king,136,True,a45d25883979,9.24943500012887,latency-b34790b09540.csv
1,b34790b09540,2025-10-15T11:45:42.457312,shrek,whole,10,True,a45d25883979,11.303260000204318,latency-b34790b09540.csv
1,b34790b09540,2025-10-15T11:45:42.581499,grail,THREE-HEADED,8,True,72ad01c69167,15.394389999983105,latency-b34790b09540.csv
1,b34790b09540,2025-10-15T11:45:42.710748,shrek,to,268,True,72ad01c69167,7.239335000122082,latency-b34790b09540.csv
1,b34790b09540,2025-10-15T11:45:42.828643,grail,Cleveland,3,True,72ad01c69167,8.982639999885578,latency-b34790b09540.csv
1,b34790b09540,2025-10-15T11:45:42.950609,shrek,you,409,True,72ad01c69167,10.027798999999504,latency-b34790b09540.csv
1,b34790b09540,2025-10-15T11:45:43.069956,shrek3,DONKEY,243,True,1de2274fea60,12.739853999846671,latency-b34790b09540.csv
1,b34790b09540,2025-10-15T11:45:43.203595,shrek,Blah,1,True,1de2274fea60,29.205288999946788,latency-b34790b09540.csv
2,b34790b09540,2025-10-15T11:45:43.376448,grail,To,718,True,a45d25883979,9.584827999788104,latency-b34790b09540.csv
2,b34790b09540,2025-10-15T11:45:43.493260,shrek3,of,275,True,a45d25883979,7.556671000202186,latency-b34790b09540.csv
2,b34790b09540,2025-10-15T11:45:43.607904,grail,a,666,True,a45d25883979,6.687038999643846,latency-b34790b09540.csv
2,b34790b09540,2025-10-15T11:45:43.721835,shrek,HOOD,13,True,a45d25883979,7.843750000120053,latency-b34790b09540.csv
2,b34790b09540,2025-10-15T11:45:43.837100,shrek,you,409,True,a45d25883979,7.097828000041773,latency-b34790b09540.csv
2,b34790b09540,2025-10-15T11:45:43.951446,shrek,a,305,True,a45d25883979,8.702951000032044,latency-b34790b09540.csv
2,b34790b09540,2025-10-15T11:45:44.066993,shrek3,2,8,True,a45d25883979,5.580928000199492,latency-b34790b09540.csv
2,b34790b09540,2025-10-15T11:45:44.178646,shrek,his,48,True,a45d25883979,6.320436999885715,latency-b34790b09540.csv
2,b34790b09540,2025-10-15T11:45:44.292025,grail,about,49,True,a45d25883979,5.97479399993972,latency-b34790b09540.csv
2,b34790b09540,2025-10-15T11:45:44.405830,shrek,Nobody,4,True,1de2274fea60,14.390146000096138,latency-b34790b09540.csv
2,b34790b09540,2025-10-15T11:45:44.534393,shrek,token,1,True,a45d25883979,8.990661000098044,latency-b34790b09540.csv
2,b34790b09540,2025-10-15T11:45:44.649883,shrek3,Arg,1,True,a45d25883979,7.810845999756566,latency-b34790b09540.csv
2,b34790b09540,2025-10-15T11:45:44.763537,grail,king,136,True,72ad01c69167,9.276592999867717,latency-b34790b09540.csv
2,b34790b09540,2025-10-15T11:45:44.879728,shrek,whole,10,True,a45d25883979,8.156689000315964,latency-b34790b09540.csv
2,b34790b09540,2025-10-15T11:45:44.993998,grail,THREE-HEADED,8,True,72ad01c69167,6.4596119996167545,latency-b34790b09540.csv
2,b34790b09540,2025-10-15T11:45:45.107514,shrek,to,268,True,72ad01c69167,14.277056000082666,latency-b34790b09540.csv
2,b34790b09540,2025-10-15T11:45:45.235697,grail,Cleveland,3,True,a45d25883979,9.507873000075053,latency-b34790b09540.csv
2,b34790b09540,2025-10-15T11:45:45.352755,shrek,you,409,True,a45d25883979,6.282412000018667,latency-b34790b09540.csv
2,b34790b09540,2025-10-15T11:45:45.465091,shrek3,DONKEY,243,True,72ad01c69167,6.679284000256303,latency-b34790b09540.csv
2,b34790b09540,2025-10-15T11:45:45.578176,shrek,Blah,1,True,72ad01c69167,6.657040999925812,latency-b34790b09540.csv
1,b4402fda1a83,2025-10-15T11:45:31.371561,grail,54,2,True,a45d25883979,8.451314000012644,latency-b4402fda1a83.csv
1,b4402fda1a83,2025-10-15T11:45:31.487284,grail,the,1600,True,a45d25883979,6.09760199995435,latency-b4402fda1a83.csv
1,b4402fda1a83,2025-10-15T11:45:31.599223,shrek3,ho,8,True,a45d25883979,7.231866999973135,latency-b4402fda1a83.csv
1,b4402fda1a83,2025-10-15T11:45:31.713287,grail,the,1600,True,a45d25883979,4.942726000081166,latency-b4402fda1a83.csv
1,b4402fda1a83,2025-10-15T11:45:31.824025,shrek,whole,10,True,a45d25883979,5.290087000048516,latency-b4402fda1a83.csv
1,b4402fda1a83,2025-10-15T11:45:31.936744,grail,Tm,5,True,a45d25883979,8.196968999982346,latency-b4402fda1a83.csv
1,b4402fda1a83,2025-10-15T11:45:32.051610,shrek,I,386,True,a45d25883979,6.051767999906588,latency-b4402fda1a83.csv
1,b4402fda1a83,2025-10-15T11:45:32.164533,grail,-,259,True,a45d25883979,5.0981740000679565,latency-b4402fda1a83.csv
1,b4402fda1a83,2025-10-15T11:45:32.274794,shrek3,JOCKS,2,True,a45d25883979,4.347403999872768,latency-b4402fda1a83.csv
1,b4402fda1a83,2025-10-15T11:45:32.385234,shrek3,field,3,True,a45d25883979,7.467450000149256,latency-b4402fda1a83.csv
1,b4402fda1a83,2025-10-15T11:45:32.499041,shrek,to,268,True,a45d25883979,5.596341999989818,latency-b4402fda1a83.csv
1,b4402fda1a83,2025-10-15T11:45:32.609769,grail,Ecky-Ecky-Ecky,1,True,a45d25883979,5.043598000156635,latency-b4402fda1a83.csv
1,b4402fda1a83,2025-10-15T11:45:32.719880,shrek,He,118,True,a45d25883979,6.424281999898085,latency-b4402fda1a83.csv
1,b4402fda1a83,2025-10-15T11:45:32.832065,shrek,you,409,True,a45d25883979,6.492093999895587,latency-b4402fda1a83.csv
1,b4402fda1a83,2025-10-15T11:45:32.944575,shrek,true,20,True,a45d25883979,6.486442999630526,latency-b4402fda1a83.csv
1,b4402fda1a83,2025-10-15T11:45:33.057234,shrek,you,409,True,a45d25883979,6.513740000173129,latency-b4402fda1a83.csv
1,b4402fda1a83,2025-10-15T11:45:33.169769,shrek3,the,1285,True,a45d25883979,6.380295999861119,latency-b4402fda1a83.csv
1,b4402fda1a83,2025-10-15T11:45:33.282724,shrek3,the,1285,True,a45d25883979,5.212506000134454,latency-b4402fda1a83.csv
1,b4402fda1a83,2025-10-15T11:45:33.392796,shrek3,boomerang,1,True,a45d25883979,7.004560000041238,latency-b4402fda1a83.csv
1,b4402fda1a83,2025-10-15T11:45:33.507802,shrek,INSIDE,16,True,a45d25883979,6.41807100009828,latency-b4402fda1a83.csv
2,b4402fda1a83,2025-10-15T11:45:33.621325,grail,54,2,True,a45d25883979,8.350552000138123,latency-b4402fda1a83.csv
2,b4402fda1a83,2025-10-15T11:45:33.738674,grail,the,1600,True,a45d25883979,6.989360000261513,latency-b4402fda1a83.csv
2,b4402fda1a83,2025-10-15T11:45:33.852361,shrek3,ho,8,True,a45d25883979,6.977207000090857,latency-b4402fda1a83.csv
2,b4402fda1a83,2025-10-15T11:45:33.966898,grail,the,1600,True,a45d25883979,7.253735000176675,latency-b4402fda1a83.csv
2,b4402fda1a83,2025-10-15T11:45:34.081733,shrek,whole,10,True,a45d25883979,6.391263999830699,latency-b4402fda1a83.csv
2,b4402fda1a83,2025-10-15T11:45:34.196157,grail,Tm,5,True,a45d25883979,7.712697999977536,latency-b4402fda1a83.csv
2,b4402fda1a83,2025-10-15T11:45:34.309860,shrek,I,386,True,a45d25883979,6.522894000227097,latency-b4402fda1a83.csv
2,b4402fda1a83,2025-10-15T11:45:34.424207,grail,-,259,True,a45d25883979,6.921700000020792,latency-b4402fda1a83.csv
2,b4402fda1a83,2025-10-15T11:45:34.541055,shrek3,JOCKS,2,True,a45d25883979,8.195731999876443,latency-b4402fda1a83.csv
2,b4402fda1a83,2025-10-15T11:45:34.656036,shrek3,field,3,True,a45d25883979,5.209470999943733,latency-b4402fda1a83.csv
2,b4402fda1a83,2025-10-15T11:45:34.768331,shrek,to,268,True,a45d25883979,7.055498999761767,latency-b4402fda1a83.csv
2,b4402fda1a83,2025-10-15T11:45:34.885251,grail,Ecky-Ecky-Ecky,1,True,a45d25883979,7.165242000155558,latency-b4402fda1a83.csv
2,b4402fda1a83,2025-10-15T11:45:34.998992,shrek,He,118,True,a45d25883979,5.386483000165754,latency-b4402fda1a83.csv
2,b4402fda1a83,2025-10-15T11:45:35.109837,shrek,you,409,True,a45d25883979,6.9861299998592585,latency-b4402fda1a83.csv
2,b4402fda1a83,2025-10-15T11:45:35.224231,shrek,true,20,True,a45d25883979,7.997437000085483,latency-b4402fda1a83.csv
2,b4402fda1a83,2025-10-15T11:45:35.340132,shrek,you,409,True,a45d25883979,6.353439000122307,latency-b4402fda1a83.csv
2,b4402fda1a83,2025-10-15T11:45:35.454334,shrek3,the,1285,True,a45d25883979,7.431626000197866,latency-b4402fda1a83.csv
2,b4402fda1a83,2025-10-15T11:45:35.568773,shrek3,the,1285,True,a45d25883979,5.680987000232562,latency-b4402fda1a83.csv
2,b4402fda1a83,2025-10-15T11:45:35.680044,shrek3,boomerang,1,True,a45d25883979,9.576125999956275,latency-b4402fda1a83.csv
2,b4402fda1a83,2025-10-15T11:45:35.796578,shrek,INSIDE,16,True,a45d25883979,5.937837000146828,latency-b4402fda1a83.csv
1,b4a01b54adcb,2025-10-15T11:46:11.343899,shrek3,us,12,True,a45d25883979,10.002128999985873,latency-b4a01b54adcb.csv
1,b4a01b54adcb,2025-10-15T11:46:11.464146,shrek,Is,132,True,a45d25883979,13.901299000281142,latency-b4a01b54adcb.csv
1,b4a01b54adcb,2025-10-15T11:46:11.590382,shrek,his,48,True,a45d25883979,8.519922999767005,latency-b4a01b54adcb.csv
1,b4a01b54adcb,2025-10-15T11:46:11.713573,grail,singing,33,True,a45d25883979,6.179980000069918,latency-b4a01b54adcb.csv
1,b4a01b54adcb,2025-10-15T11:46:11.827723,shrek,FARQUAAD,84,True,a45d25883979,11.13383200026874,latency-b4a01b54adcb.csv
1,b4a01b54adcb,2025-10-15T11:46:11.956848,shrek,DONKEY,320,True,72ad01c69167,7.088477999786846,latency-b4a01b54adcb.csv
1,b4a01b54adcb,2025-10-15T11:46:12.072034,shrek3,Ahh,8,True,a45d25883979,13.27819800008001,latency-b4a01b54adcb.csv
1,b4a01b54adcb,2025-10-15T11:46:12.201752,grail,THREE-HEADED,8,True,72ad01c69167,7.930893999855471,latency-b4a01b54adcb.csv
1,b4a01b54adcb,2025-10-15T11:46:12.322072,grail,Auuuuuuuugh,2,True,72ad01c69167,15.549948000170843,latency-b4a01b54adcb.csv
1,b4a01b54adcb,2025-10-15T11:46:12.460002,grail,music,21,True,72ad01c69167,8.76537800013466,latency-b4a01b54adcb.csv
1,b4a01b54adcb,2025-10-15T11:46:12.581362,shrek3,MERLIN,73,True,a45d25883979,9.59997200016005,latency-b4a01b54adcb.csv
1,b4a01b54adcb,2025-10-15T11:46:12.702190,shrek3,RAPUNZEL,30,True,a45d25883979,8.883675999641127,latency-b4a01b54adcb.csv
1,b4a01b54adcb,2025-10-15T11:46:12.825279,grail,lost,6,True,a45d25883979,16.24154399996769,latency-b4a01b54adcb.csv
1,b4a01b54adcb,2025-10-15T11:46:12.976933,shrek3,ho,8,True,1de2274fea60,39.08073100001275,latency-b4a01b54adcb.csv
1,b4a01b54adcb,2025-10-15T11:46:13.150582,shrek,true,20,True,a45d25883979,37.70773899987034,latency-b4a01b54adcb.csv
1,b4a01b54adcb,2025-10-15T11:46:13.353052,shrek,CROWD,5,True,1de2274fea60,26.70263199979672,latency-b4a01b54adcb.csv
1,b4a01b54adcb,2025-10-15T11:46:13.528157,shrek,don't,72,True,72ad01c69167,12.295263999931194,latency-b4a01b54adcb.csv
1,b4a01b54adcb,2025-10-15T11:46:13.657810,shrek,I,386,True,a45d25883979,13.79185099995084,latency-b4a01b54adcb.csv
1,b4a01b54adcb,2025-10-15T11:46:13.788797,grail,GALAHAD,87,True,a45d25883979,17.03856599988285,latency-b4a01b54adcb.csv
1,b4a01b54adcb,2025-10-15T11:46:13.920218,shrek,fair,2,True,a45d25883979,7.284198999968794,latency-b4a01b54adcb.csv
2,b4a01b54adcb,2025-10-15T11:46:14.041554,shrek3,us,12,True,a45d25883979,6.212510000295879,latency-b4a01b54adcb.csv
2,b4a01b54adcb,2025-10-15T11:46:14.154200,shrek,Is,132,True,a45d25883979,8.029781000004732,latency-b4a01b54adcb.csv
2,b4a01b54adcb,2025-10-15T11:46:14.275611,shrek,his,48,True,a45d25883979,8.347160000084841,latency-b4a01b54adcb.csv
2,b4a01b54adcb,2025-10-15T11:46:14.391985,grail,singing,33,True,a45d25883979,7.403490999877249,latency-b4a01b54adcb.csv
2,b4a01b54adcb,2025-10-15T11:46:14.507555,shrek,FARQUAAD,84,True,a45d25883979,10.00821299976451,latency-b4a01b54adcb.csv
2,b4a01b54adcb,2025-10-15T11:46:14.632438,shrek,DONKEY,320,True,a45d25883979,5.345279000266601,latency-b4a01b54adcb.csv
2,b4a01b54adcb,2025-10-15T11:46:14.744031,shrek3,Ahh,8,True,a45d25883979,12.252066000201012,latency-b4a01b54adcb.csv
2,b4a01b54adcb,2025-10-15T11:46:14.867170,grail,THREE-HEADED,8,True,a45d25883979,10.354942999583727,latency-b4a01b54adcb.csv
2,b4a01b54adcb,2025-10-15T11:46:14.987864,grail,Auuuuuuuugh,2,True,a45d25883979,6.985304999943764,latency-b4a01b54adcb.csv
2,b4a01b54adcb,2025-10-15T11:46:15.102505,grail,music,21,True,a45d25883979,11.406212000110829,latency-b4a01b54adcb.csv
2,b4a01b54adcb,2025-10-15T11:46:15.230048,shrek3,MERLIN,73,True,72ad01c69167,18.439492000197788,latency-b4a01b54adcb.csv
2,b4a01b54adcb,2025-10-15T11:46:15.366197,shrek3,RAPUNZEL,30,True,1de2274fea60,10.582787999737777,latency-b4a01b54adcb.csv
2,b4a01b54adcb,2025-10-15T11:46:15.487379,grail,lost,6,True,72ad01c69167,32.54331200014349,latency-b4a01b54adcb.csv
2,b4a01b54adcb,2025-10-15T11:46:15.641224,shrek3,ho,8,True,a45d25883979,14.645365999967908,latency-b4a01b54adcb.csv
2,b4a01b54adcb,2025-10-15T11:46:15.770246,shrek,true,20,True,a45d25883979,13.965640999686002,latency-b4a01b54adcb.csv
2,b4a01b54adcb,2025-10-15T11:46:15.897519,shrek,CROWD,5,True,a45d25883979,24.66493500014621,latency-b4a01b54adcb.csv
2,b4a01b54adcb,2025-10-15T11:46:16.053431,shrek,don't,72,True,a45d25883979,9.26190799964388,latency-b4a01b54adcb.csv
2,b4a01b54adcb,2025-10-15T11:46:16.171113,shrek,I,386,True,1de2274fea60,25.51038299998254,latency-b4a01b54adcb.csv
2,b4a01b54adcb,2025-10-15T11:46:16.312987,grail,GALAHAD,87,True,a45d25883979,11.13428799999383,latency-b4a01b54adcb.csv
2,b4a01b54adcb,2025-10-15T11:46:16.439797,shrek,fair,2,True,a45d25883979,10.881338999752188,latency-b4a01b54adcb.csv
1,b917f02937e7,2025-10-15T11:46:08.720710,shrek,FARQUAAD,84,True,72ad01c69167,9.131158999934996,latency-b917f02937e7.csv
1,b917f02937e7,2025-10-15T11:46:08.838150,shrek,who,29,True,72ad01c69167,6.770088999928703,latency-b917f02937e7.csv
1,b917f02937e7,2025-10-15T11:46:08.951271,grail,THREE-HEADED,8,True,72ad01c69167,6.93358700027602,latency-b917f02937e7.csv
1,b917f02937e7,2025-10-15T11:46:09.064652,shrek,Nobody,4,True,1de2274fea60,12.586244999965857,latency-b917f02937e7.csv
1,b917f02937e7,2025-10-15T11:46:09.185542,grail,the,1600,True,72ad01c69167,10.476845000084722,latency-b917f02937e7.csv
1,b917f02937e7,2025-10-15T11:46:09.302724,shrek3,CHARMING,232,True,1de2274fea60,11.359562000052392,latency-b917f02937e7.csv
1,b917f02937e7,2025-10-15T11:46:09.427710,shrek3,toward,14,True,1de2274fea60,18.47001199985243,latency-b917f02937e7.csv
1,b917f02937e7,2025-10-15T11:46:09.555127,shrek,swamp,18,True,1de2274fea60,15.627463999862812,latency-b917f02937e7.csv
1,b917f02937e7,2025-10-15T11:46:09.681933,shrek,minute,3,True,a45d25883979,10.102294999796868,latency-b917f02937e7.csv
1,b917f02937e7,2025-10-15T11:46:09.800631,shrek,DONKEY,320,True,1de2274fea60,15.243723000367028,latency-b917f02937e7.csv
1,b917f02937e7,2025-10-15T11:46:09.927052,shrek,edge,2,True,a45d25883979,18.738765999842144,latency-b917f02937e7.csv
1,b917f02937e7,2025-10-15T11:46:10.058868,shrek,SHREK,433,True,a45d25883979,11.922717999823362,latency-b917f02937e7.csv
1,b917f02937e7,2025-10-15T11:46:10.181292,grail,it,279,True,a45d25883979,7.82505699999092,latency-b917f02937e7.csv
1,b917f02937e7,2025-10-15T11:46:10.296678,shrek3,wont,0,True,a45d25883979,5.881940000108443,latency-b917f02937e7.csv
1,b917f02937e7,2025-10-15T11:46:10.411148,shrek3,CHARMING,232,True,a45d25883979,7.480516000214266,latency-b917f02937e7.csv
1,b917f02937e7,2025-10-15T11:46:10.526604,shrek3,you,328,True,a45d25883979,7.4076989999412035,latency-b917f02937e7.csv
1,b917f02937e7,2025-10-15T11:46:10.644574,shrek,number,8,True,a45d25883979,7.157852000091225,latency-b917f02937e7.csv
1,b917f02937e7,2025-10-15T11:46:10.757527,grail,few,8,True,a45d25883979,8.068870999977662,latency-b917f02937e7.csv
1,b917f02937e7,2025-10-15T11:46:10.875520,shrek3,to,511,True,a45d25883979,12.8191329999936,latency-b917f02937e7.csv
1,b917f02937e7,2025-10-15T11:46:11.000751,grail,king,136,True,a45d25883979,7.766341999740689,latency-b917f02937e7.csv
2,b917f02937e7,2025-10-15T11:46:11.119132,shrek,FARQUAAD,84,True,a45d25883979,8.582945999933145,latency-b917f02937e7.csv
2,b917f02937e7,2025-10-15T11:46:11.235125,shrek,who,29,True,a45d25883979,6.4517230002820725,latency-b917f02937e7.csv
2,b917f02937e7,2025-10-15T11:46:11.349235,grail,THREE-HEADED,8,True,72ad01c69167,10.032448999936603,latency-b917f02937e7.csv
2,b917f02937e7,2025-10-15T11:46:11.468964,shrek,Nobody,4,True,72ad01c69167,12.019336999856025,latency-b917f02937e7.csv
2,b917f02937e7,2025-10-15T11:46:11.595397,grail,the,1600,True,72ad01c69167,11.172582999734004,latency-b917f02937e7.csv
2,b917f02937e7,2025-10-15T11:46:11.716859,shrek3,CHARMING,232,True,72ad01c69167,6.424346000130754,latency-b917f02937e7.csv
2,b917f02937e7,2025-10-15T11:46:11.829801,shrek3,toward,14,True,72ad01c69167,10.059711999929275,latency-b917f02937e7.csv
2,b917f02937e7,2025-10-15T11:46:11.952934,shrek,swamp,18,True,a45d25883979,7.755555999665376,latency-b917f02937e7.csv
2,b917f02937e7,2025-10-15T11:46:12.068798,shrek,minute,3,True,a45d25883979,15.50674500003879,latency-b917f02937e7.csv
2,b917f02937e7,2025-10-15T11:46:12.198097,shrek,DONKEY,320,True,a45d25883979,8.5012130002724,latency-b917f02937e7.csv
2,b917f02937e7,2025-10-15T11:46:12.317729,shrek,edge,2,True,a45d25883979,11.00335899991478,latency-b917f02937e7.csv
2,b917f02937e7,2025-10-15T11:46:12.446745,shrek,SHREK,433,True,a45d25883979,9.465343999636389,latency-b917f02937e7.csv
2,b917f02937e7,2025-10-15T11:46:12.565820,grail,it,279,True,a45d25883979,8.276861000013014,latency-b917f02937e7.csv
2,b917f02937e7,2025-10-15T11:46:12.680939,shrek3,wont,0,True,a45d25883979,7.207646000097156,latency-b917f02937e7.csv
2,b917f02937e7,2025-10-15T11:46:12.795996,shrek3,CHARMING,232,True,1de2274fea60,22.06070100010038,latency-b917f02937e7.csv
2,b917f02937e7,2025-10-15T11:46:12.941793,shrek3,you,328,True,1de2274fea60,20.094160000098785,latency-b917f02937e7.csv
2,b917f02937e7,2025-10-15T11:46:13.083486,shrek,number,8,True,a45d25883979,20.905372000015632,latency-b917f02937e7.csv
2,b917f02937e7,2025-10-15T11:46:13.230572,grail,few,8,True,1de2274fea60,29.30267500005357,latency-b917f02937e7.csv
2,b917f02937e7,2025-10-15T11:46:13.374007,shrek3,to,511,True,72ad01c69167,27.483587999995507,latency-b917f02937e7.csv
2,b917f02937e7,2025-10-15T11:46:13.537171,grail,king,136,True,a45d25883979,10.165652000068803,latency-b917f02937e7.csv
1,be2b8063c7d4,2025-10-15T11:46:15.300047,shrek,CROWD,5,True,a45d25883979,8.528168000339065,latency-be2b8063c7d4.csv
1,be2b8063c7d4,2025-10-15T11:46:15.415836,shrek,"Well,",0,True,a45d25883979,5.671694000284333,latency-be2b8063c7d4.csv
1,be2b8063c7d4,2025-10-15T11:46:15.527857,grail,from,94,True,a45d25883979,14.560811999672296,latency-be2b8063c7d4.csv
1,be2b8063c7d4,2025-10-15T11:46:15.649993,grail,Cleveland,3,True,a45d25883979,10.155676000067617,latency-be2b8063c7d4.csv
1,be2b8063c7d4,2025-10-15T11:46:15.770159,grail,the,1600,True,a45d25883979,20.23879800026407,latency-be2b8063c7d4.csv
1,be2b8063c7d4,2025-10-15T11:46:15.907418,shrek3,EVIL,59,True,a45d25883979,12.329025999861187,latency-be2b8063c7d4.csv
1,be2b8063c7d4,2025-10-15T11:46:16.029004,grail,Cleese,10,True,1de2274fea60,16.4251839996723,latency-be2b8063c7d4.csv
1,be2b8063c7d4,2025-10-15T11:46:16.160810,shrek,you,409,True,72ad01c69167,21.864747000108764,latency-be2b8063c7d4.csv
1,be2b8063c7d4,2025-10-15T11:46:16.307196,shrek3,them,44,True,1de2274fea60,13.323730000138312,latency-be2b8063c7d4.csv
1,be2b8063c7d4,2025-10-15T11:46:16.437226,shrek,And,318,True,72ad01c69167,14.286347000052046,latency-be2b8063c7d4.csv
1,be2b8063c7d4,2025-10-15T11:46:16.567449,shrek,tell,25,True,72ad01c69167,9.572498000125051,latency-be2b8063c7d4.csv
1,be2b8063c7d4,2025-10-15T11:46:16.693800,grail,from,94,True,a45d25883979,15.268571999968117,latency-be2b8063c7d4.csv
1,be2b8063c7d4,2025-10-15T11:46:16.822597,grail,with/,0,True,72ad01c69167,9.671662000073413,latency-be2b8063c7d4.csv
1,be2b8063c7d4,2025-10-15T11:46:16.940061,shrek3,them,44,True,1de2274fea60,9.38521199987008,latency-be2b8063c7d4.csv
1,be2b8063c7d4,2025-10-15T11:46:17.064695,shrek3,cues,3,True,72ad01c69167,5.555273000027228,latency-be2b8063c7d4.csv
1,be2b8063c7d4,2025-10-15T11:46:17.184727,grail,Launcelot,107,True,1de2274fea60,9.249103000001924,latency-be2b8063c7d4.csv
1,be2b8063c7d4,2025-10-15T11:46:17.300986,shrek3,and,576,True,72ad01c69167,14.371110999945811,latency-be2b8063c7d4.csv
1,be2b8063c7d4,2025-10-15T11:46:17.425046,grail,since,10,True,1de2274fea60,16.04931299971213,latency-be2b8063c7d4.csv
1,be2b8063c7d4,2025-10-15T11:46:17.571174,shrek,way,26,True,a45d25883979,9.554492999996,latency-be2b8063c7d4.csv
1,be2b8063c7d4,2025-10-15T11:46:17.692905,shrek3,Shrek,678,True,a45d25883979,8.034169999973528,latency-be2b8063c7d4.csv
2,be2b8063c7d4,2025-10-15T11:46:17.809557,shrek,CROWD,5,True,a45d25883979,10.372347000156878,latency-be2b8063c7d4.csv
2,be2b8063c7d4,2025-10-15T11:46:17.929980,shrek,"Well,",0,True,a45d25883979,10.766281000087474,latency-be2b8063c7d4.csv
2,be2b8063c7d4,2025-10-15T11:46:18.052470,grail,from,94,True,a45d25883979,5.97999699994034,latency-be2b8063c7d4.csv
2,be2b8063c7d4,2025-10-15T11:46:18.168919,grail,Cleveland,3,True,a45d25883979,11.407403999783128,latency-be2b8063c7d4.csv
2,be2b8063c7d4,2025-10-15T11:46:18.287865,grail,the,1600,True,a45d25883979,17.109849999997095,latency-be2b8063c7d4.csv
2,be2b8063c7d4,2025-10-15T11:46:18.421455,shrek3,EVIL,59,True,a45d25883979,8.733762999781902,latency-be2b8063c7d4.csv
2,be2b8063c7d4,2025-10-15T11:46:18.541169,grail,Cleese,10,True,a45d25883979,11.09882299988385,latency-be2b8063c7d4.csv
2,be2b8063c7d4,2025-10-15T11:46:18.663489,shrek,you,409,True,72ad01c69167,14.883820999784804,latency-be2b8063c7d4.csv
2,be2b8063c7d4,2025-10-15T11:46:18.814438,shrek3,them,44,True,a45d25883979,22.535030000199185,latency-be2b8063c7d4.csv
2,be2b8063c7d4,2025-10-15T11:46:18.960748,shrek,And,318,True,72ad01c69167,15.274412000053417,latency-be2b8063c7d4.csv
2,be2b8063c7d4,2025-10-15T11:46:19.088372,shrek,tell,25,True,72ad01c69167,10.36632000023019,latency-be2b8063c7d4.csv
2,be2b8063c7d4,2025-10-15T11:46:19.205698,grail,from,94,True,a45d25883979,4.864672000167047,latency-be2b8063c7d4.csv
2,be2b8063c7d4,2025-10-15T11:46:19.316892,grail,with/,0,True,a45d25883979,9.25020000022414,latency-be2b8063c7d4.csv
2,be2b8063c7d4,2025-10-15T11:46:19.434752,shrek3,them,44,True,a45d25883979,6.405385000107344,latency-be2b8063c7d4.csv
2,be2b8063c7d4,2025-10-15T11:46:19.548281,shrek3,cues,3,True,a45d25883979,7.404317000236915,latency-be2b8063c7d4.csv
2,be2b8063c7d4,2025-10-15T11:46:19.663779,grail,Launcelot,107,True,a45d25883979,7.057912000163924,latency-be2b8063c7d4.csv
2,be2b8063c7d4,2025-10-15T11:46:19.781598,shrek3,and,576,True,a45d25883979,7.223989999602054,latency-be2b8063c7d4.csv
2,be2b8063c7d4,2025-10-15T11:46:19.899632,grail,since,10,True,a45d25883979,7.457145000444143,latency-be2b8063c7d4.csv
2,be2b8063c7d4,2025-10-15T11:46:20.017892,shrek,way,26,True,a45d25883979,9.26066500005618,latency-be2b8063c7d4.csv
2,be2b8063c7d4,2025-10-15T11:46:20.140468,shrek3,Shrek,678,True,a45d25883979,6.352471999889531,latency-be2b8063c7d4.csv
1,bf06d883673e,2025-10-15T11:45:53.268993,shrek,And,318,True,a45d25883979,24.94601700027488,latency-bf06d883673e.csv
1,bf06d883673e,2025-10-15T11:45:53.421441,shrek,his,48,True,1de2274fea60,14.237619000141422,latency-bf06d883673e.csv
1,bf06d883673e,2025-10-15T11:45:53.577346,shrek3,SNOW,49,True,a45d25883979,9.978298000078212,latency-bf06d883673e.csv
1,bf06d883673e,2025-10-15T11:45:53.702939,shrek3,WOLF,7,True,a45d25883979,14.196182999967276,latency-bf06d883673e.csv
1,bf06d883673e,2025-10-15T11:45:53.839283,shrek3,him,87,True,a45d25883979,13.095417000386078,latency-bf06d883673e.csv
1,bf06d883673e,2025-10-15T11:45:53.960001,grail,Christ,8,True,a45d25883979,9.20202799989056,latency-bf06d883673e.csv
1,bf06d883673e,2025-10-15T11:45:54.120002,shrek,CROWD,5,True,a45d25883979,24.86233000036009,latency-bf06d883673e.csv
1,bf06d883673e,2025-10-15T11:45:54.256244,grail,To,718,True,72ad01c69167,21.666186999937054,latency-bf06d883673e.csv
1,bf06d883673e,2025-10-15T11:45:54.393336,grail,with/,0,True,1de2274fea60,22.71192099988184,latency-bf06d883673e.csv
1,bf06d883673e,2025-10-15T11:45:54.544553,grail,Ecky-Ecky-Ecky,1,True,a45d25883979,58.26258400020379,latency-bf06d883673e.csv
1,bf06d883673e,2025-10-15T11:45:54.752164,shrek3,WHITE,45,True,a45d25883979,14.358269000240398,latency-bf06d883673e.csv
1,bf06d883673e,2025-10-15T11:45:54.903893,grail,is,317,True,72ad01c69167,35.87865199961016,latency-bf06d883673e.csv
1,bf06d883673e,2025-10-15T11:45:55.072989,shrek3,MERLIN,73,True,72ad01c69167,33.060278999982984,latency-bf06d883673e.csv
1,bf06d883673e,2025-10-15T11:45:55.237024,shrek3,boomerang,1,True,a45d25883979,8.383330000015121,latency-bf06d883673e.csv
1,bf06d883673e,2025-10-15T11:45:55.353414,shrek,I,386,True,a45d25883979,7.56806300023527,latency-bf06d883673e.csv
1,bf06d883673e,2025-10-15T11:45:55.469128,shrek,whole,10,True,a45d25883979,8.14381999998659,latency-bf06d883673e.csv
1,bf06d883673e,2025-10-15T11:45:55.588405,grail,Get,47,True,a45d25883979,20.33376000008502,latency-bf06d883673e.csv
1,bf06d883673e,2025-10-15T11:45:55.729232,grail,Eolio,2,True,a45d25883979,10.008291999838548,latency-bf06d883673e.csv
1,bf06d883673e,2025-10-15T11:45:55.845931,shrek3,SNOW,49,True,1de2274fea60,11.41004300006898,latency-bf06d883673e.csv
1,bf06d883673e,2025-10-15T11:45:55.972502,shrek3,Whoa,7,True,1de2274fea60,18.697065000196744,latency-bf06d883673e.csv
2,bf06d883673e,2025-10-15T11:45:56.110502,shrek,And,318,True,1de2274fea60,11.929163000331757,latency-bf06d883673e.csv
2,bf06d883673e,2025-10-15T11:45:56.236156,shrek,his,48,True,72ad01c69167,9.650228999817044,latency-bf06d883673e.csv
2,bf06d883673e,2025-10-15T11:45:56.361587,shrek3,SNOW,49,True,a45d25883979,11.615493000135755,latency-bf06d883673e.csv
2,bf06d883673e,2025-10-15T11:45:56.492526,shrek3,WOLF,7,True,72ad01c69167,15.265347999957156,latency-bf06d883673e.csv
2,bf06d883673e,2025-10-15T11:45:56.640288,shrek3,him,87,True,1de2274fea60,16.5555690000474,latency-bf06d883673e.csv
2,bf06d883673e,2025-10-15T11:45:56.791223,grail,Christ,8,True,72ad01c69167,13.5528969999541,latency-bf06d883673e.csv
2,bf06d883673e,2025-10-15T11:45:56.912538,shrek,CROWD,5,True,72ad01c69167,11.609706999934131,latency-bf06d883673e.csv
2,bf06d883673e,2025-10-15T11:45:57.032538,grail,To,718,True,72ad01c69167,9.47844400025133,latency-bf06d883673e.csv
2,bf06d883673e,2025-10-15T11:45:57.156236,grail,with/,0,True,a45d25883979,22.13231799987625,latency-bf06d883673e.csv
2,bf06d883673e,2025-10-15T11:45:57.296179,grail,Ecky-Ecky-Ecky,1,True,a45d25883979,20.324882000295474,latency-bf06d883673e.csv
2,bf06d883673e,2025-10-15T11:45:57.437409,shrek3,WHITE,45,True,a45d25883979,22.890162999829045,latency-bf06d883673e.csv
2,bf06d883673e,2025-10-15T11:45:57.574548,grail,is,317,True,72ad01c69167,43.58623300004183,latency-bf06d883673e.csv
2,bf06d883673e,2025-10-15T11:45:57.741439,shrek3,MERLIN,73,True,72ad01c69167,43.5897039997144,latency-bf06d883673e.csv
2,bf06d883673e,2025-10-15T11:45:57.904163,shrek3,boomerang,1,True,72ad01c69167,23.7424160000046,latency-bf06d883673e.csv
2,bf06d883673e,2025-10-15T11:45:58.046526,shrek,I,386,True,72ad01c69167,58.76865099980933,latency-bf06d883673e.csv
2,bf06d883673e,2025-10-15T11:45:58.229724,shrek,whole,10,True,72ad01c69167,40.57376199989449,latency-bf06d883673e.csv
2,bf06d883673e,2025-10-15T11:45:58.399093,grail,Get,47,True,1de2274fea60,33.253628999773355,latency-bf06d883673e.csv
2,bf06d883673e,2025-10-15T11:45:58.545477,grail,Eolio,2,True,a45d25883979,19.80812600004356,latency-bf06d883673e.csv
2,bf06d883673e,2025-10-15T11:45:58.692229,shrek3,SNOW,49,True,1de2274fea60,27.061159000368207,latency-bf06d883673e.csv
2,bf06d883673e,2025-10-15T11:45:58.860242,shrek3,Whoa,7,True,72ad01c69167,25.58317500006524,latency-bf06d883673e.csv
1,bff67cae0212,2025-10-15T11:45:44.362385,shrek,whole,10,True,a45d25883979,22.89354000004096,latency-bff67cae0212.csv
1,bff67cae0212,2025-10-15T11:45:44.507003,grail,elected,2,True,72ad01c69167,6.472490999840375,latency-bff67cae0212.csv
1,bff67cae0212,2025-10-15T11:45:44.619740,shrek3,decree,1,True,1de2274fea60,6.557217000136006,latency-bff67cae0212.csv
1,bff67cae0212,2025-10-15T11:45:44.732444,shrek,field,4,True,72ad01c69167,8.361050999610598,latency-bff67cae0212.csv
1,bff67cae0212,2025-10-15T11:45:44.848466,grail,and,722,True,72ad01c69167,6.775055999696633,latency-bff67cae0212.csv
1,bff67cae0212,2025-10-15T11:45:44.962035,shrek,FIONA,211,True,72ad01c69167,9.46362099966791,latency-bff67cae0212.csv
1,bff67cae0212,2025-10-15T11:45:45.078259,grail,for,118,True,72ad01c69167,7.357688999945822,latency-bff67cae0212.csv
1,bff67cae0212,2025-10-15T11:45:45.196327,shrek3,ARTIE,213,True,72ad01c69167,5.747998000060761,latency-bff67cae0212.csv
1,bff67cae0212,2025-10-15T11:45:45.307889,shrek,gone,3,True,72ad01c69167,6.989938000060647,latency-bff67cae0212.csv
1,bff67cae0212,2025-10-15T11:45:45.423067,grail,pause,10,True,72ad01c69167,5.9384629998930905,latency-bff67cae0212.csv
1,bff67cae0212,2025-10-15T11:45:45.534794,grail,-,259,True,72ad01c69167,6.831490000422491,latency-bff67cae0212.csv
1,bff67cae0212,2025-10-15T11:45:45.648055,shrek,a,305,True,a45d25883979,9.974200000215204,latency-bff67cae0212.csv
1,bff67cae0212,2025-10-15T11:45:45.769768,grail,right,66,True,a45d25883979,10.54255600001852,latency-bff67cae0212.csv
1,bff67cae0212,2025-10-15T11:45:45.889398,shrek,a,305,True,a45d25883979,8.542323999790824,latency-bff67cae0212.csv
1,bff67cae0212,2025-10-15T11:45:46.009961,shrek3,They,80,True,1de2274fea60,7.598692999636114,latency-bff67cae0212.csv
1,bff67cae0212,2025-10-15T11:45:46.124816,shrek3,Guards,23,True,a45d25883979,6.478272999629553,latency-bff67cae0212.csv
1,bff67cae0212,2025-10-15T11:45:46.238187,shrek3,ruby,1,True,a45d25883979,8.776785000009113,latency-bff67cae0212.csv
1,bff67cae0212,2025-10-15T11:45:46.356776,grail,Who’s,3,True,a45d25883979,7.824241999969672,latency-bff67cae0212.csv
1,bff67cae0212,2025-10-15T11:45:46.472536,shrek3,PRINCE,207,True,a45d25883979,6.149665000066307,latency-bff67cae0212.csv
1,bff67cae0212,2025-10-15T11:45:46.584981,shrek,"Well,",0,True,a45d25883979,4.986871000255633,latency-bff67cae0212.csv
2,bff67cae0212,2025-10-15T11:45:46.695494,shrek,whole,10,True,a45d25883979,7.826029999705497,latency-bff67cae0212.csv
2,bff67cae0212,2025-10-15T11:45:46.810966,grail,elected,2,True,a45d25883979,7.080935999965732,latency-bff67cae0212.csv
2,bff67cae0212,2025-10-15T11:45:46.925406,shrek3,decree,1,True,a45d25883979,5.0368849997539655,latency-bff67cae0212.csv
2,bff67cae0212,2025-10-15T11:45:47.035808,shrek,field,4,True,a45d25883979,6.525565000174538,latency-bff67cae0212.csv
2,bff67cae0212,2025-10-15T11:45:47.149117,grail,and,722,True,72ad01c69167,9.371858000122302,latency-bff67cae0212.csv
2,bff67cae0212,2025-10-15T11:45:47.265186,shrek,FIONA,211,True,72ad01c69167,6.153727999844705,latency-bff67cae0212.csv
2,bff67cae0212,2025-10-15T11:45:47.378372,grail,for,118,True,a45d25883979,30.242131000250083,latency-bff67cae0212.csv
2,bff67cae0212,2025-10-15T11:45:47.518872,shrek3,ARTIE,213,True,1de2274fea60,13.110676999986026,latency-bff67cae0212.csv
2,bff67cae0212,2025-10-15T11:45:47.639614,shrek,gone,3,True,1de2274fea60,8.131070000217733,latency-bff67cae0212.csv
2,bff67cae0212,2025-10-15T11:45:47.756440,grail,pause,10,True,1de2274fea60,7.488338999792177,latency-bff67cae0212.csv
2,bff67cae0212,2025-10-15T11:45:47.870306,grail,-,259,True,72ad01c69167,11.717210999904635,latency-bff67cae0212.csv
2,bff67cae0212,2025-10-15T11:45:47.991151,shrek,a,305,True,72ad01c69167,18.646722000084992,latency-bff67cae0212.csv
2,bff67cae0212,2025-10-15T11:45:48.123626,grail,right,66,True,72ad01c69167,16.57907500020883,latency-bff67cae0212.csv
2,bff67cae0212,2025-10-15T11:45:48.254491,shrek,a,305,True,1de2274fea60,6.84230699971522,latency-bff67cae0212.csv
2,bff67cae0212,2025-10-15T11:45:48.368152,shrek3,They,80,True,a45d25883979,7.003624999924796,latency-bff67cae0212.csv
2,bff67cae0212,2025-10-15T11:45:48.483094,shrek3,Guards,23,True,a45d25883979,10.326566000003368,latency-bff67cae0212.csv
2,bff67cae0212,2025-10-15T11:45:48.599600,shrek3,ruby,1,True,1de2274fea60,9.668058999977802,latency-bff67cae0212.csv
2,bff67cae0212,2025-10-15T11:45:48.718838,grail,Who’s,3,True,1de2274fea60,8.719613999801368,latency-bff67cae0212.csv
2,bff67cae0212,2025-10-15T11:45:48.835049,shrek3,PRINCE,207,True,a45d25883979,15.083178999702795,latency-bff67cae0212.csv
2,bff67cae0212,2025-10-15T11:45:48.960052,shrek,"Well,",0,True,72ad01c69167,9.971594000035113,latency-bff67cae0212.csv
1,c02203bf9a36,2025-10-15T11:45:43.376867,shrek,fair,2,True,a45d25883979,9.60392100023455,latency-c02203bf9a36.csv
1,c02203bf9a36,2025-10-15T11:45:43.493253,shrek,whistles,2,True,a45d25883979,6.971192000037263,latency-c02203bf9a36.csv
1,c02203bf9a36,2025-10-15T11:45:43.607007,shrek,FIONA,211,True,a45d25883979,6.907649999902787,latency-c02203bf9a36.csv
1,c02203bf9a36,2025-10-15T11:45:43.721406,shrek,and,318,True,a45d25883979,7.415466000111337,latency-c02203bf9a36.csv
1,c02203bf9a36,2025-10-15T11:45:43.836484,grail,for,118,True,a45d25883979,7.563474000107817,latency-c02203bf9a36.csv
1,c02203bf9a36,2025-10-15T11:45:43.950414,shrek3,the,1285,True,a45d25883979,9.129601000040566,latency-c02203bf9a36.csv
1,c02203bf9a36,2025-10-15T11:45:44.066970,shrek3,Final,119,True,a45d25883979,5.288193000069441,latency-c02203bf9a36.csv
1,c02203bf9a36,2025-10-15T11:45:44.177985,shrek,edge,2,True,a45d25883979,7.342479999806528,latency-c02203bf9a36.csv
1,c02203bf9a36,2025-10-15T11:45:44.292136,grail,feel,11,True,a45d25883979,5.854772000020603,latency-c02203bf9a36.csv
1,c02203bf9a36,2025-10-15T11:45:44.406615,shrek3,the,1285,True,a45d25883979,17.091105000417883,latency-c02203bf9a36.csv
1,c02203bf9a36,2025-10-15T11:45:44.534386,grail,To,718,True,a45d25883979,9.069894999811368,latency-c02203bf9a36.csv
1,c02203bf9a36,2025-10-15T11:45:44.650368,shrek,DONKEY,320,True,a45d25883979,6.830072999946424,latency-c02203bf9a36.csv
1,c02203bf9a36,2025-10-15T11:45:44.763440,grail,pathetic,4,True,72ad01c69167,9.065843000371387,latency-c02203bf9a36.csv
1,c02203bf9a36,2025-10-15T11:45:44.879341,shrek,one,44,True,a45d25883979,8.352759999979753,latency-c02203bf9a36.csv
1,c02203bf9a36,2025-10-15T11:45:44.993863,shrek3,WHITE,45,True,72ad01c69167,6.464726999638515,latency-c02203bf9a36.csv
1,c02203bf9a36,2025-10-15T11:45:45.107587,grail,GALAHAD,87,True,72ad01c69167,13.509588000033546,latency-c02203bf9a36.csv
1,c02203bf9a36,2025-10-15T11:45:45.227911,shrek,after,10,True,72ad01c69167,7.632502999967983,latency-c02203bf9a36.csv
1,c02203bf9a36,2025-10-15T11:45:45.347228,shrek,SHREK,433,True,72ad01c69167,7.021870999778912,latency-c02203bf9a36.csv
1,c02203bf9a36,2025-10-15T11:45:45.461035,shrek3,the,1285,True,72ad01c69167,9.90278600011152,latency-c02203bf9a36.csv
1,c02203bf9a36,2025-10-15T11:45:45.577198,shrek,old,10,True,72ad01c69167,6.732477000241488,latency-c02203bf9a36.csv
2,c02203bf9a36,2025-10-15T11:45:45.691925,shrek,fair,2,True,72ad01c69167,6.7196929999227,latency-c02203bf9a36.csv
2,c02203bf9a36,2025-10-15T11:45:45.804876,shrek,whistles,2,True,72ad01c69167,5.905976000121882,latency-c02203bf9a36.csv
2,c02203bf9a36,2025-10-15T11:45:45.916849,shrek,FIONA,211,True,72ad01c69167,7.8311499996743805,latency-c02203bf9a36.csv
2,c02203bf9a36,2025-10-15T11:45:46.030224,shrek,and,318,True,72ad01c69167,10.93855600038296,latency-c02203bf9a36.csv
2,c02203bf9a36,2025-10-15T11:45:46.147505,grail,for,118,True,72ad01c69167,5.990699999983917,latency-c02203bf9a36.csv
2,c02203bf9a36,2025-10-15T11:45:46.259781,shrek3,the,1285,True,a45d25883979,8.169428999735828,latency-c02203bf9a36.csv
2,c02203bf9a36,2025-10-15T11:45:46.375271,shrek3,Final,119,True,a45d25883979,12.97636599974794,latency-c02203bf9a36.csv
2,c02203bf9a36,2025-10-15T11:45:46.498135,shrek,edge,2,True,72ad01c69167,5.289783000080206,latency-c02203bf9a36.csv
2,c02203bf9a36,2025-10-15T11:45:46.611827,grail,feel,11,True,a45d25883979,7.70134300000791,latency-c02203bf9a36.csv
2,c02203bf9a36,2025-10-15T11:45:46.729315,shrek3,the,1285,True,a45d25883979,16.562410999995336,latency-c02203bf9a36.csv
2,c02203bf9a36,2025-10-15T11:45:46.856251,grail,To,718,True,a45d25883979,12.28947799972957,latency-c02203bf9a36.csv
2,c02203bf9a36,2025-10-15T11:45:46.984296,shrek,DONKEY,320,True,72ad01c69167,9.656967999944754,latency-c02203bf9a36.csv
2,c02203bf9a36,2025-10-15T11:45:47.105659,grail,pathetic,4,True,72ad01c69167,15.036873999633826,latency-c02203bf9a36.csv
2,c02203bf9a36,2025-10-15T11:45:47.231740,shrek,one,44,True,a45d25883979,8.713813000213122,latency-c02203bf9a36.csv
2,c02203bf9a36,2025-10-15T11:45:47.352231,shrek3,WHITE,45,True,a45d25883979,9.018685999762964,latency-c02203bf9a36.csv
2,c02203bf9a36,2025-10-15T11:45:47.479897,grail,GALAHAD,87,True,a45d25883979,4.192316999706236,latency-c02203bf9a36.csv
2,c02203bf9a36,2025-10-15T11:45:47.589129,shrek,after,10,True,a45d25883979,7.217653000225255,latency-c02203bf9a36.csv
2,c02203bf9a36,2025-10-15T11:45:47.704096,shrek,SHREK,433,True,a45d25883979,6.491904999620601,latency-c02203bf9a36.csv
2,c02203bf9a36,2025-10-15T11:45:47.817326,shrek3,the,1285,True,a45d25883979,6.096248999710952,latency-c02203bf9a36.csv
2,c02203bf9a36,2025-10-15T11:45:47.928298,shrek,old,10,True,a45d25883979,4.819380999833811,latency-c02203bf9a36.csv
1,c0584b9811ef,2025-10-15T11:46:25.837413,shrek3,with,112,True,a45d25883979,6.812418999743386,latency-c0584b9811ef.csv
1,c0584b9811ef,2025-10-15T11:46:25.949496,shrek3,ho,8,True,a45d25883979,4.799813999852631,latency-c0584b9811ef.csv
1,c0584b9811ef,2025-10-15T11:46:26.059515,grail,BEDEVERE,103,True,a45d25883979,4.7429790001842775,latency-c0584b9811ef.csv
1,c0584b9811ef,2025-10-15T11:46:26.169168,shrek3,Guards,23,True,a45d25883979,6.625745999826904,latency-c0584b9811ef.csv
1,c0584b9811ef,2025-10-15T11:46:26.281527,grail,the,1600,True,a45d25883979,5.946289999883447,latency-c0584b9811ef.csv
1,c0584b9811ef,2025-10-15T11:46:26.394465,grail,grabbing,5,True,a45d25883979,21.526163000089586,latency-c0584b9811ef.csv
1,c0584b9811ef,2025-10-15T11:46:26.537346,shrek3,Whoa,7,True,a45d25883979,21.247786000003543,latency-c0584b9811ef.csv
1,c0584b9811ef,2025-10-15T11:46:26.676130,grail,G,6,True,a45d25883979,7.236363999709283,latency-c0584b9811ef.csv
1,c0584b9811ef,2025-10-15T11:46:26.808166,grail,it,279,True,72ad01c69167,10.578131999864128,latency-c0584b9811ef.csv
1,c0584b9811ef,2025-10-15T11:46:26.927248,grail,Bridge,30,True,72ad01c69167,10.34003799986749,latency-c0584b9811ef.csv
1,c0584b9811ef,2025-10-15T11:46:27.045482,shrek3,"Suddenly,",0,True,72ad01c69167,8.431173999724706,latency-c0584b9811ef.csv
1,c0584b9811ef,2025-10-15T11:46:27.159529,shrek,FIONA,211,True,72ad01c69167,5.356351000045834,latency-c0584b9811ef.csv
1,c0584b9811ef,2025-10-15T11:46:27.269850,shrek3,BOAT,32,True,72ad01c69167,6.206646000009641,latency-c0584b9811ef.csv
1,c0584b9811ef,2025-10-15T11:46:27.382736,grail,Jones,7,True,72ad01c69167,5.1598009999906935,latency-c0584b9811ef.csv
1,c0584b9811ef,2025-10-15T11:46:27.493563,grail,54,2,True,72ad01c69167,17.528805999972974,latency-c0584b9811ef.csv
1,c0584b9811ef,2025-10-15T11:46:27.624303,shrek,whistles,2,True,a45d25883979,7.390634999865142,latency-c0584b9811ef.csv
1,c0584b9811ef,2025-10-15T11:46:27.742676,grail,Butts,2,True,a45d25883979,7.392443999833631,latency-c0584b9811ef.csv
1,c0584b9811ef,2025-10-15T11:46:27.862121,shrek,whole,10,True,a45d25883979,9.037649000219972,latency-c0584b9811ef.csv
1,c0584b9811ef,2025-10-15T11:46:27.984468,grail,chops,3,True,a45d25883979,13.272007000068696,latency-c0584b9811ef.csv
1,c0584b9811ef,2025-10-15T11:46:28.114202,grail,is,317,True,a45d25883979,10.06590299994059,latency-c0584b9811ef.csv
2,c0584b9811ef,2025-10-15T11:46:28.236031,shrek3,with,112,True,a45d25883979,9.348754999791709,latency-c0584b9811ef.csv
2,c0584b9811ef,2025-10-15T11:46:28.354040,shrek3,ho,8,True,a45d25883979,10.071356000025844,latency-c0584b9811ef.csv
2,c0584b9811ef,2025-10-15T11:46:28.476929,grail,BEDEVERE,103,True,a45d25883979,28.511514000001625,latency-c0584b9811ef.csv
2,c0584b9811ef,2025-10-15T11:46:28.644169,shrek3,Guards,23,True,a45d25883979,7.21922499997163,latency-c0584b9811ef.csv
2,c0584b9811ef,2025-10-15T11:46:28.759598,grail,the,1600,True,a45d25883979,5.465458999879047,latency-c0584b9811ef.csv
2,c0584b9811ef,2025-10-15T11:46:28.872184,grail,grabbing,5,True,a45d25883979,4.6527479998985655,latency-c0584b9811ef.csv
2,c0584b9811ef,2025-10-15T11:46:28.982542,shrek3,Whoa,7,True,a45d25883979,4.259096000168938,latency-c0584b9811ef.csv
2,c0584b9811ef,2025-10-15T11:46:29.092951,grail,G,6,True,a45d25883979,6.782736999866756,latency-c0584b9811ef.csv
2,c0584b9811ef,2025-10-15T11:46:29.207411,grail,it,279,True,a45d25883979,5.524559000150475,latency-c0584b9811ef.csv
2,c0584b9811ef,2025-10-15T11:46:29.318725,grail,Bridge,30,True,a45d25883979,5.440074000034656,latency-c0584b9811ef.csv
2,c0584b9811ef,2025-10-15T11:46:29.428294,shrek3,"Suddenly,",0,True,a45d25883979,6.177820000175416,latency-c0584b9811ef.csv
2,c0584b9811ef,2025-10-15T11:46:29.541149,shrek,FIONA,211,True,a45d25883979,6.092644000091241,latency-c0584b9811ef.csv
2,c0584b9811ef,2025-10-15T11:46:29.654360,shrek3,BOAT,32,True,a45d25883979,5.257425000309013,latency-c0584b9811ef.csv
2,c0584b9811ef,2025-10-15T11:46:29.765029,grail,Jones,7,True,a45d25883979,5.794609000076889,latency-c0584b9811ef.csv
2,c0584b9811ef,2025-10-15T11:46:29.875682,grail,54,2,True,a45d25883979,6.286541999998008,latency-c0584b9811ef.csv
2,c0584b9811ef,2025-10-15T11:46:29.987613,shrek,whistles,2,True,a45d25883979,4.652206000173464,latency-c0584b9811ef.csv
2,c0584b9811ef,2025-10-15T11:46:30.098225,grail,Butts,2,True,a45d25883979,10.400455000308284,latency-c0584b9811ef.csv
2,c0584b9811ef,2025-10-15T11:46:30.215104,shrek,whole,10,True,a45d25883979,6.484784999884141,latency-c0584b9811ef.csv
2,c0584b9811ef,2025-10-15T11:46:30.328115,grail,chops,3,True,1de2274fea60,12.523651999799768,latency-c0584b9811ef.csv
2,c0584b9811ef,2025-10-15T11:46:30.448856,grail,is,317,True,1de2274fea60,9.2471579996527,latency-c0584b9811ef.csv
1,c147fb264177,2025-10-15T11:46:20.091315,shrek,will,16,True,1de2274fea60,10.41730999986612,latency-c147fb264177.csv
1,c147fb264177,2025-10-15T11:46:20.213476,grail,To,718,True,1de2274fea60,15.452428000116925,latency-c147fb264177.csv
1,c147fb264177,2025-10-15T11:46:20.351199,shrek3,SHREK,678,True,a45d25883979,10.42999899982533,latency-c147fb264177.csv
1,c147fb264177,2025-10-15T11:46:20.469020,shrek,No,114,True,a45d25883979,12.283691999982691,latency-c147fb264177.csv
1,c147fb264177,2025-10-15T11:46:20.590419,shrek,GORDO,5,True,72ad01c69167,13.306105000083337,latency-c147fb264177.csv
1,c147fb264177,2025-10-15T11:46:20.727414,shrek,number,8,True,72ad01c69167,7.517052000366675,latency-c147fb264177.csv
1,c147fb264177,2025-10-15T11:46:20.843804,shrek3,get,39,True,a45d25883979,6.043750000117143,latency-c147fb264177.csv
1,c147fb264177,2025-10-15T11:46:20.955728,shrek3,bed,10,True,a45d25883979,6.920116999935999,latency-c147fb264177.csv
1,c147fb264177,2025-10-15T11:46:21.071913,grail,I,298,True,a45d25883979,10.783207999793376,latency-c147fb264177.csv
1,c147fb264177,2025-10-15T11:46:21.193661,shrek,lay,2,True,1de2274fea60,7.660626999950182,latency-c147fb264177.csv
1,c147fb264177,2025-10-15T11:46:21.307907,shrek3,WHITE,45,True,a45d25883979,7.305248999728064,latency-c147fb264177.csv
1,c147fb264177,2025-10-15T11:46:21.421300,grail,Christ,8,True,a45d25883979,9.229474999756349,latency-c147fb264177.csv
1,c147fb264177,2025-10-15T11:46:21.540300,grail,pretty,7,True,1de2274fea60,25.157725000099163,latency-c147fb264177.csv
1,c147fb264177,2025-10-15T11:46:21.695732,shrek3,Arg,1,True,a45d25883979,14.116835999629984,latency-c147fb264177.csv
1,c147fb264177,2025-10-15T11:46:21.818102,shrek,CROWD,5,True,1de2274fea60,15.243526000176644,latency-c147fb264177.csv
1,c147fb264177,2025-10-15T11:46:21.956853,shrek,whole,10,True,1de2274fea60,9.583580000253278,latency-c147fb264177.csv
1,c147fb264177,2025-10-15T11:46:22.084275,shrek,DONKEY,320,True,1de2274fea60,22.085611000420613,latency-c147fb264177.csv
1,c147fb264177,2025-10-15T11:46:22.225690,shrek3,you,328,True,a45d25883979,12.746636999963812,latency-c147fb264177.csv
1,c147fb264177,2025-10-15T11:46:22.347544,shrek,And,318,True,72ad01c69167,17.102415999943332,latency-c147fb264177.csv
1,c147fb264177,2025-10-15T11:46:22.483774,shrek3,PRINCE,207,True,72ad01c69167,7.2656380002626975,latency-c147fb264177.csv
2,c147fb264177,2025-10-15T11:46:22.599643,shrek,will,16,True,a45d25883979,7.980998000221007,latency-c147fb264177.csv
2,c147fb264177,2025-10-15T11:46:22.719134,grail,To,718,True,a45d25883979,8.724625000013475,latency-c147fb264177.csv
2,c147fb264177,2025-10-15T11:46:22.840768,shrek3,SHREK,678,True,a45d25883979,18.309474000034243,latency-c147fb264177.csv
2,c147fb264177,2025-10-15T11:46:22.975385,shrek,No,114,True,a45d25883979,8.136900999943464,latency-c147fb264177.csv
2,c147fb264177,2025-10-15T11:46:23.095121,shrek,GORDO,5,True,72ad01c69167,8.448878999843146,latency-c147fb264177.csv
2,c147fb264177,2025-10-15T11:46:23.212800,shrek,number,8,True,72ad01c69167,8.436444000381016,latency-c147fb264177.csv
2,c147fb264177,2025-10-15T11:46:23.332885,shrek3,get,39,True,72ad01c69167,7.208067999727064,latency-c147fb264177.csv
2,c147fb264177,2025-10-15T11:46:23.448048,shrek3,bed,10,True,72ad01c69167,8.150168000156555,latency-c147fb264177.csv
2,c147fb264177,2025-10-15T11:46:23.574784,grail,I,298,True,72ad01c69167,31.440953000128506,latency-c147fb264177.csv
2,c147fb264177,2025-10-15T11:46:23.773459,shrek,lay,2,True,1de2274fea60,94.16080499977396,latency-c147fb264177.csv
2,c147fb264177,2025-10-15T11:46:24.006408,shrek3,WHITE,45,True,72ad01c69167,13.95760200011864,latency-c147fb264177.csv
2,c147fb264177,2025-10-15T11:46:24.134310,grail,Christ,8,True,72ad01c69167,15.544791000138504,latency-c147fb264177.csv
2,c147fb264177,2025-10-15T11:46:24.279910,grail,pretty,7,True,a45d25883979,13.923425000029964,latency-c147fb264177.csv
2,c147fb264177,2025-10-15T11:46:24.418714,shrek3,Arg,1,True,1de2274fea60,8.499161999679927,latency-c147fb264177.csv
2,c147fb264177,2025-10-15T11:46:24.535727,shrek,CROWD,5,True,72ad01c69167,12.149559000135923,latency-c147fb264177.csv
2,c147fb264177,2025-10-15T11:46:24.659068,shrek,whole,10,True,72ad01c69167,7.787441999880684,latency-c147fb264177.csv
2,c147fb264177,2025-10-15T11:46:24.779479,shrek,DONKEY,320,True,a45d25883979,18.26566899990212,latency-c147fb264177.csv
2,c147fb264177,2025-10-15T11:46:24.911261,shrek3,you,328,True,a45d25883979,5.7650720000310685,latency-c147fb264177.csv
2,c147fb264177,2025-10-15T11:46:25.022774,shrek,And,318,True,72ad01c69167,7.055877999846416,latency-c147fb264177.csv
2,c147fb264177,2025-10-15T11:46:25.137776,shrek3,PRINCE,207,True,72ad01c69167,14.571241999874474,latency-c147fb264177.csv
1,c3f0373a4308,2025-10-15T11:45:35.815534,shrek,DONKEY,320,True,a45d25883979,7.368137999947066,latency-c3f0373a4308.csv
1,c3f0373a4308,2025-10-15T11:45:35.932547,shrek,baby,3,True,a45d25883979,5.660839000029228,latency-c3f0373a4308.csv
1,c3f0373a4308,2025-10-15T11:45:36.043992,grail,To,718,True,a45d25883979,5.215011000018421,latency-c3f0373a4308.csv
1,c3f0373a4308,2025-10-15T11:45:36.154114,shrek,ogre,27,True,a45d25883979,5.405562000305508,latency-c3f0373a4308.csv
1,c3f0373a4308,2025-10-15T11:45:36.265495,shrek,And,318,True,a45d25883979,6.131672999799775,latency-c3f0373a4308.csv
1,c3f0373a4308,2025-10-15T11:45:36.377989,shrek3,Guards,23,True,a45d25883979,4.578042000048299,latency-c3f0373a4308.csv
1,c3f0373a4308,2025-10-15T11:45:36.488140,grail,Footnote,4,True,a45d25883979,15.712931000052777,latency-c3f0373a4308.csv
1,c3f0373a4308,2025-10-15T11:45:36.611518,grail,"Oh,",2,True,a45d25883979,9.176259000014396,latency-c3f0373a4308.csv
1,c3f0373a4308,2025-10-15T11:45:36.726562,shrek,you,409,True,a45d25883979,6.283047000124498,latency-c3f0373a4308.csv
1,c3f0373a4308,2025-10-15T11:45:36.840193,shrek3,SHREK,678,True,a45d25883979,5.504414000370161,latency-c3f0373a4308.csv
1,c3f0373a4308,2025-10-15T11:45:36.952340,grail,right,66,True,a45d25883979,5.061323000063567,latency-c3f0373a4308.csv
1,c3f0373a4308,2025-10-15T11:45:37.062942,shrek3,boomerang,1,True,a45d25883979,8.66618700001709,latency-c3f0373a4308.csv
1,c3f0373a4308,2025-10-15T11:45:37.182498,shrek,at,62,True,a45d25883979,5.556414999773551,latency-c3f0373a4308.csv
1,c3f0373a4308,2025-10-15T11:45:37.293450,shrek3,Uh,18,True,a45d25883979,6.966582000131893,latency-c3f0373a4308.csv
1,c3f0373a4308,2025-10-15T11:45:37.407674,shrek3,SCHOOL,14,True,a45d25883979,5.668292000336805,latency-c3f0373a4308.csv
1,c3f0373a4308,2025-10-15T11:45:37.519434,shrek3,us,12,True,a45d25883979,18.888580999828264,latency-c3f0373a4308.csv
1,c3f0373a4308,2025-10-15T11:45:37.654142,shrek3,and,576,True,a45d25883979,5.683390999820404,latency-c3f0373a4308.csv
1,c3f0373a4308,2025-10-15T11:45:37.765716,shrek,FIONA,211,True,72ad01c69167,4.910890000246582,latency-c3f0373a4308.csv
1,c3f0373a4308,2025-10-15T11:45:37.875900,shrek3,his,238,True,a45d25883979,5.990779000057955,latency-c3f0373a4308.csv
1,c3f0373a4308,2025-10-15T11:45:37.988357,shrek,edge,2,True,a45d25883979,11.107710000032966,latency-c3f0373a4308.csv
2,c3f0373a4308,2025-10-15T11:45:38.106161,shrek,DONKEY,320,True,72ad01c69167,8.063273999596277,latency-c3f0373a4308.csv
2,c3f0373a4308,2025-10-15T11:45:38.220973,shrek,baby,3,True,72ad01c69167,6.170389000089926,latency-c3f0373a4308.csv
2,c3f0373a4308,2025-10-15T11:45:38.333282,grail,To,718,True,72ad01c69167,5.871477000255254,latency-c3f0373a4308.csv
2,c3f0373a4308,2025-10-15T11:45:38.446721,shrek,ogre,27,True,a45d25883979,9.246490999885282,latency-c3f0373a4308.csv
2,c3f0373a4308,2025-10-15T11:45:38.569733,shrek,And,318,True,a45d25883979,9.00437400014198,latency-c3f0373a4308.csv
2,c3f0373a4308,2025-10-15T11:45:38.685936,shrek3,Guards,23,True,a45d25883979,9.626640000078623,latency-c3f0373a4308.csv
2,c3f0373a4308,2025-10-15T11:45:38.805365,grail,Footnote,4,True,a45d25883979,7.109996000053798,latency-c3f0373a4308.csv
2,c3f0373a4308,2025-10-15T11:45:38.920528,grail,"Oh,",2,True,a45d25883979,10.009913999965647,latency-c3f0373a4308.csv
2,c3f0373a4308,2025-10-15T11:45:39.043130,shrek,you,409,True,a45d25883979,13.906832999964536,latency-c3f0373a4308.csv
2,c3f0373a4308,2025-10-15T11:45:39.170756,shrek3,SHREK,678,True,a45d25883979,9.396543000093516,latency-c3f0373a4308.csv
2,c3f0373a4308,2025-10-15T11:45:39.288788,grail,right,66,True,a45d25883979,41.1881979998725,latency-c3f0373a4308.csv
2,c3f0373a4308,2025-10-15T11:45:39.465031,shrek3,boomerang,1,True,72ad01c69167,22.77088900018498,latency-c3f0373a4308.csv
2,c3f0373a4308,2025-10-15T11:45:39.618068,shrek,at,62,True,72ad01c69167,18.932114000108413,latency-c3f0373a4308.csv
2,c3f0373a4308,2025-10-15T11:45:39.761288,shrek3,Uh,18,True,a45d25883979,6.511717000194039,latency-c3f0373a4308.csv
2,c3f0373a4308,2025-10-15T11:45:39.879424,shrek3,SCHOOL,14,True,a45d25883979,5.735491999985243,latency-c3f0373a4308.csv
2,c3f0373a4308,2025-10-15T11:45:39.991104,shrek3,us,12,True,a45d25883979,7.853616999909718,latency-c3f0373a4308.csv
2,c3f0373a4308,2025-10-15T11:45:40.105962,shrek3,and,576,True,a45d25883979,8.299062999867601,latency-c3f0373a4308.csv
2,c3f0373a4308,2025-10-15T11:45:40.222091,shrek,FIONA,211,True,a45d25883979,5.919080000239774,latency-c3f0373a4308.csv
2,c3f0373a4308,2025-10-15T11:45:40.333717,shrek3,his,238,True,a45d25883979,4.456485999980941,latency-c3f0373a4308.csv
2,c3f0373a4308,2025-10-15T11:45:40.443094,shrek,edge,2,True,a45d25883979,5.824391000260221,latency-c3f0373a4308.csv
1,c3f31a0bfcd8,2025-10-15T11:45:48.805724,shrek3,get,39,True,72ad01c69167,6.548390000261861,latency-c3f31a0bfcd8.csv
1,c3f31a0bfcd8,2025-10-15T11:45:48.919328,grail,Christ,8,True,72ad01c69167,6.205052000041178,latency-c3f31a0bfcd8.csv
1,c3f31a0bfcd8,2025-10-15T11:45:49.032348,shrek,tale,7,True,72ad01c69167,8.415942999818071,latency-c3f31a0bfcd8.csv
1,c3f31a0bfcd8,2025-10-15T11:45:49.148055,shrek3,at,134,True,72ad01c69167,10.016927000378928,latency-c3f31a0bfcd8.csv
1,c3f31a0bfcd8,2025-10-15T11:45:49.271076,shrek3,its,1,True,a45d25883979,5.6571719997009495,latency-c3f31a0bfcd8.csv
1,c3f31a0bfcd8,2025-10-15T11:45:49.382811,shrek3,PUSS,196,True,a45d25883979,6.1760749999848485,latency-c3f31a0bfcd8.csv
1,c3f31a0bfcd8,2025-10-15T11:45:49.495423,shrek,MAN,38,True,a45d25883979,6.159572999877128,latency-c3f31a0bfcd8.csv
1,c3f31a0bfcd8,2025-10-15T11:45:49.608438,shrek,the,535,True,a45d25883979,5.861929999809945,latency-c3f31a0bfcd8.csv
1,c3f31a0bfcd8,2025-10-15T11:45:49.720467,shrek3,supposed,11,True,a45d25883979,5.365688999972917,latency-c3f31a0bfcd8.csv
1,c3f31a0bfcd8,2025-10-15T11:45:49.831781,grail,Michael,11,True,a45d25883979,6.818554999881599,latency-c3f31a0bfcd8.csv
1,c3f31a0bfcd8,2025-10-15T11:45:49.944255,shrek,looks,37,True,a45d25883979,6.307010999989871,latency-c3f31a0bfcd8.csv
1,c3f31a0bfcd8,2025-10-15T11:45:50.056111,shrek3,showing,1,True,a45d25883979,9.402056999988416,latency-c3f31a0bfcd8.csv
1,c3f31a0bfcd8,2025-10-15T11:45:50.173906,shrek3,you,328,True,a45d25883979,9.198817000196868,latency-c3f31a0bfcd8.csv
1,c3f31a0bfcd8,2025-10-15T11:45:50.296775,shrek3,PRINCE,207,True,a45d25883979,10.261839000122563,latency-c3f31a0bfcd8.csv
1,c3f31a0bfcd8,2025-10-15T11:45:50.415939,grail,To,718,True,a45d25883979,15.937710999878618,latency-c3f31a0bfcd8.csv
1,c3f31a0bfcd8,2025-10-15T11:45:50.544131,shrek3,ruby,1,True,a45d25883979,6.942337000054977,latency-c3f31a0bfcd8.csv
1,c3f31a0bfcd8,2025-10-15T11:45:50.658036,shrek,tale,7,True,72ad01c69167,8.733060000395199,latency-c3f31a0bfcd8.csv
1,c3f31a0bfcd8,2025-10-15T11:45:50.773560,shrek,placed,1,True,a45d25883979,8.119682000142348,latency-c3f31a0bfcd8.csv
1,c3f31a0bfcd8,2025-10-15T11:45:50.888488,shrek3,Donkey,243,True,a45d25883979,6.701494000026287,latency-c3f31a0bfcd8.csv
1,c3f31a0bfcd8,2025-10-15T11:45:51.002908,shrek3,Ahh,8,True,a45d25883979,9.362297999814473,latency-c3f31a0bfcd8.csv
2,c3f31a0bfcd8,2025-10-15T11:45:51.124054,shrek3,get,39,True,a45d25883979,8.750275000238616,latency-c3f31a0bfcd8.csv
2,c3f31a0bfcd8,2025-10-15T11:45:51.244834,grail,Christ,8,True,a45d25883979,5.96155799985354,latency-c3f31a0bfcd8.csv
2,c3f31a0bfcd8,2025-10-15T11:45:51.358296,shrek,tale,7,True,a45d25883979,7.825318999948649,latency-c3f31a0bfcd8.csv
2,c3f31a0bfcd8,2025-10-15T11:45:51.473907,shrek3,at,134,True,a45d25883979,8.187818999886076,latency-c3f31a0bfcd8.csv
2,c3f31a0bfcd8,2025-10-15T11:45:51.591269,shrek3,its,1,True,a45d25883979,8.312095999826852,latency-c3f31a0bfcd8.csv
2,c3f31a0bfcd8,2025-10-15T11:45:51.707104,shrek3,PUSS,196,True,a45d25883979,10.182326000176545,latency-c3f31a0bfcd8.csv
2,c3f31a0bfcd8,2025-10-15T11:45:51.830905,shrek,MAN,38,True,a45d25883979,7.91523900034008,latency-c3f31a0bfcd8.csv
2,c3f31a0bfcd8,2025-10-15T11:45:51.950445,shrek,the,535,True,a45d25883979,10.89397400028247,latency-c3f31a0bfcd8.csv
2,c3f31a0bfcd8,2025-10-15T11:45:52.075792,shrek3,supposed,11,True,1de2274fea60,31.879722000212496,latency-c3f31a0bfcd8.csv
2,c3f31a0bfcd8,2025-10-15T11:45:52.233899,grail,Michael,11,True,a45d25883979,9.252109000044584,latency-c3f31a0bfcd8.csv
2,c3f31a0bfcd8,2025-10-15T11:45:52.350221,shrek,looks,37,True,a45d25883979,13.640519000091444,latency-c3f31a0bfcd8.csv
2,c3f31a0bfcd8,2025-10-15T11:45:52.475623,shrek3,showing,1,True,72ad01c69167,11.646952999853966,latency-c3f31a0bfcd8.csv
2,c3f31a0bfcd8,2025-10-15T11:45:52.597888,shrek3,you,328,True,1de2274fea60,11.825630000203091,latency-c3f31a0bfcd8.csv
2,c3f31a0bfcd8,2025-10-15T11:45:52.724028,shrek3,PRINCE,207,True,72ad01c69167,7.4821210000664,latency-c3f31a0bfcd8.csv
2,c3f31a0bfcd8,2025-10-15T11:45:52.842828,grail,To,718,True,72ad01c69167,8.104475999971328,latency-c3f31a0bfcd8.csv
2,c3f31a0bfcd8,2025-10-15T11:45:52.962739,shrek3,ruby,1,True,72ad01c69167,18.011211000157346,latency-c3f31a0bfcd8.csv
2,c3f31a0bfcd8,2025-10-15T11:45:53.100642,shrek,tale,7,True,1de2274fea60,13.463362000038614,latency-c3f31a0bfcd8.csv
2,c3f31a0bfcd8,2025-10-15T11:45:53.223205,shrek,placed,1,True,72ad01c69167,9.770158000264928,latency-c3f31a0bfcd8.csv
2,c3f31a0bfcd8,2025-10-15T11:45:53.339478,shrek3,Donkey,243,True,72ad01c69167,19.3871820001732,latency-c3f31a0bfcd8.csv
2,c3f31a0bfcd8,2025-10-15T11:45:53.503090,shrek3,Ahh,8,True,a45d25883979,12.027458999909868,latency-c3f31a0bfcd8.csv
1,c45572c798f6,2025-10-15T11:45:17.786515,shrek3,the,1285,True,a45d25883979,6.570617000306811,latency-c45572c798f6.csv
1,c45572c798f6,2025-10-15T11:45:17.900816,shrek3,at,134,True,a45d25883979,5.296265000197309,latency-c45572c798f6.csv
1,c45572c798f6,2025-10-15T11:45:18.014198,shrek3,flaming,2,True,a45d25883979,5.844106000040483,latency-c45572c798f6.csv
1,c45572c798f6,2025-10-15T11:45:18.128065,shrek3,They,80,True,a45d25883979,5.747877999965567,latency-c45572c798f6.csv
1,c45572c798f6,2025-10-15T11:45:18.240341,shrek3,CAPTAIN,41,True,a45d25883979,5.528913000034663,latency-c45572c798f6.csv
1,c45572c798f6,2025-10-15T11:45:18.351556,shrek3,ARTIE,213,True,a45d25883979,11.477702000320278,latency-c45572c798f6.csv
1,c45572c798f6,2025-10-15T11:45:18.471578,grail,and,722,True,a45d25883979,15.34750200016788,latency-c45572c798f6.csv
1,c45572c798f6,2025-10-15T11:45:18.595815,shrek3,Shrek,678,True,72ad01c69167,11.679218000153924,latency-c45572c798f6.csv
1,c45572c798f6,2025-10-15T11:45:18.719180,shrek3,DWARF,10,True,1de2274fea60,18.95741899988934,latency-c45572c798f6.csv
1,c45572c798f6,2025-10-15T11:45:18.853477,shrek,and,318,True,72ad01c69167,8.406617999753507,latency-c45572c798f6.csv
1,c45572c798f6,2025-10-15T11:45:18.969470,shrek3,did,14,True,72ad01c69167,7.232090000343305,latency-c45572c798f6.csv
1,c45572c798f6,2025-10-15T11:45:19.087716,shrek,swamp,18,True,72ad01c69167,8.729520999622764,latency-c45572c798f6.csv
1,c45572c798f6,2025-10-15T11:45:19.206315,shrek,tale,7,True,a45d25883979,7.62541499989311,latency-c45572c798f6.csv
1,c45572c798f6,2025-10-15T11:45:19.322214,shrek3,Donkey,243,True,a45d25883979,5.385402999763755,latency-c45572c798f6.csv
1,c45572c798f6,2025-10-15T11:45:19.436795,shrek,Nobody,4,True,a45d25883979,5.660237000029156,latency-c45572c798f6.csv
1,c45572c798f6,2025-10-15T11:45:19.547607,shrek,to,268,True,72ad01c69167,5.60793599970566,latency-c45572c798f6.csv
1,c45572c798f6,2025-10-15T11:45:19.662276,shrek3,the,1285,True,a45d25883979,8.499442999891471,latency-c45572c798f6.csv
1,c45572c798f6,2025-10-15T11:45:19.794239,shrek,way,26,True,72ad01c69167,8.62228400001186,latency-c45572c798f6.csv
1,c45572c798f6,2025-10-15T11:45:19.914050,shrek,baby,3,True,a45d25883979,5.429569000170886,latency-c45572c798f6.csv
1,c45572c798f6,2025-10-15T11:45:20.024616,grail,seek,12,True,a45d25883979,4.811977999906958,latency-c45572c798f6.csv
2,c45572c798f6,2025-10-15T11:45:20.134207,shrek3,the,1285,True,a45d25883979,5.582605999734369,latency-c45572c798f6.csv
2,c45572c798f6,2025-10-15T11:45:20.246131,shrek3,at,134,True,a45d25883979,7.573774000320554,latency-c45572c798f6.csv
2,c45572c798f6,2025-10-15T11:45:20.359940,shrek3,flaming,2,True,72ad01c69167,8.583788999658282,latency-c45572c798f6.csv
2,c45572c798f6,2025-10-15T11:45:20.488291,shrek3,They,80,True,72ad01c69167,5.453560000205471,latency-c45572c798f6.csv
2,c45572c798f6,2025-10-15T11:45:20.599297,shrek3,CAPTAIN,41,True,a45d25883979,15.146747000017058,latency-c45572c798f6.csv
2,c45572c798f6,2025-10-15T11:45:20.723392,shrek3,ARTIE,213,True,a45d25883979,5.836485999680008,latency-c45572c798f6.csv
2,c45572c798f6,2025-10-15T11:45:20.838021,grail,and,722,True,a45d25883979,5.025813999964157,latency-c45572c798f6.csv
2,c45572c798f6,2025-10-15T11:45:20.949979,shrek3,Shrek,678,True,a45d25883979,13.01391499964666,latency-c45572c798f6.csv
2,c45572c798f6,2025-10-15T11:45:21.072243,shrek3,DWARF,10,True,72ad01c69167,6.646737000210123,latency-c45572c798f6.csv
2,c45572c798f6,2025-10-15T11:45:21.186356,shrek,and,318,True,72ad01c69167,4.242751000219869,latency-c45572c798f6.csv
2,c45572c798f6,2025-10-15T11:45:21.296524,shrek3,did,14,True,72ad01c69167,5.256582999663806,latency-c45572c798f6.csv
2,c45572c798f6,2025-10-15T11:45:21.410551,shrek,swamp,18,True,72ad01c69167,4.87115400028415,latency-c45572c798f6.csv
2,c45572c798f6,2025-10-15T11:45:21.522321,shrek,tale,7,True,72ad01c69167,7.007121999777155,latency-c45572c798f6.csv
2,c45572c798f6,2025-10-15T11:45:21.635397,shrek3,Donkey,243,True,72ad01c69167,6.014548000166542,latency-c45572c798f6.csv
2,c45572c798f6,2025-10-15T11:45:21.748048,shrek,Nobody,4,True,a45d25883979,9.201894999932849,latency-c45572c798f6.csv
2,c45572c798f6,2025-10-15T11:45:21.863170,shrek,to,268,True,a45d25883979,8.366916999875684,latency-c45572c798f6.csv
2,c45572c798f6,2025-10-15T11:45:21.979253,shrek3,the,1285,True,a45d25883979,5.874504000075831,latency-c45572c798f6.csv
2,c45572c798f6,2025-10-15T11:45:22.090948,shrek,way,26,True,a45d25883979,8.063336000304844,latency-c45572c798f6.csv
2,c45572c798f6,2025-10-15T11:45:22.208081,shrek,baby,3,True,a45d25883979,6.298955000147544,latency-c45572c798f6.csv
2,c45572c798f6,2025-10-15T11:45:22.320546,grail,seek,12,True,a45d25883979,5.034160000377597,latency-c45572c798f6.csv
1,c60e8ca06522,2025-10-15T11:44:59.688611,grail,them,41,False,a45d25883979,22.785238999858848,latency-c60e8ca06522.csv
1,c60e8ca06522,2025-10-15T11:44:59.826658,shrek,"Well,",0,False,72ad01c69167,31.10117200003515,latency-c60e8ca06522.csv
1,c60e8ca06522,2025-10-15T11:44:59.977770,shrek,FIONA,211,True,a45d25883979,12.728387000151995,latency-c60e8ca06522.csv
1,c60e8ca06522,2025-10-15T11:45:00.102478,shrek,minute,3,True,a45d25883979,16.766866000125447,latency-c60e8ca06522.csv
1,c60e8ca06522,2025-10-15T11:45:00.232055,shrek,at,62,False,a45d25883979,14.002818999870216,latency-c60e8ca06522.csv
1,c60e8ca06522,2025-10-15T11:45:00.354977,grail,G,6,False,a45d25883979,24.879474000044866,latency-c60e8ca06522.csv
1,c60e8ca06522,2025-10-15T11:45:00.489828,shrek3,its,1,True,1de2274fea60,10.508017000120162,latency-c60e8ca06522.csv
1,c60e8ca06522,2025-10-15T11:45:00.612241,grail,for,118,True,a45d25883979,22.587937000025704,latency-c60e8ca06522.csv
1,c60e8ca06522,2025-10-15T11:45:00.748558,grail,them,41,True,a45d25883979,12.6463420001528,latency-c60e8ca06522.csv
1,c60e8ca06522,2025-10-15T11:45:00.872244,grail,Cleveland,3,False,72ad01c69167,13.662744999692222,latency-c60e8ca06522.csv
1,c60e8ca06522,2025-10-15T11:45:00.995173,shrek,SHREK,433,True,a45d25883979,8.327824999923905,latency-c60e8ca06522.csv
1,c60e8ca06522,2025-10-15T11:45:01.114294,shrek3,Gingerbread,37,False,a45d25883979,21.028797999861126,latency-c60e8ca06522.csv
1,c60e8ca06522,2025-10-15T11:45:01.252167,shrek,Nobody,4,False,a45d25883979,15.036038999824086,latency-c60e8ca06522.csv
1,c60e8ca06522,2025-10-15T11:45:01.380473,shrek,"Well,",0,True,72ad01c69167,7.263956000315375,latency-c60e8ca06522.csv
1,c60e8ca06522,2025-10-15T11:45:01.494194,shrek3,ho,8,True,72ad01c69167,5.798434000098496,latency-c60e8ca06522.csv
1,c60e8ca06522,2025-10-15T11:45:01.605329,shrek3,Im,1,True,72ad01c69167,5.388327999753528,latency-c60e8ca06522.csv
1,c60e8ca06522,2025-10-15T11:45:01.715637,shrek,lay,2,True,72ad01c69167,6.243709000045783,latency-c60e8ca06522.csv
1,c60e8ca06522,2025-10-15T11:45:01.827687,shrek,(standing,0,True,72ad01c69167,5.602332000307797,latency-c60e8ca06522.csv
1,c60e8ca06522,2025-10-15T11:45:01.939841,shrek3,RAPUNZEL,30,True,72ad01c69167,6.123591000232409,latency-c60e8ca06522.csv
1,c60e8ca06522,2025-10-15T11:45:02.050812,grail,To,718,True,72ad01c69167,5.235756000274705,latency-c60e8ca06522.csv
2,c60e8ca06522,2025-10-15T11:45:02.161626,grail,them,41,True,a45d25883979,6.246299999929761,latency-c60e8ca06522.csv
2,c60e8ca06522,2025-10-15T11:45:02.274596,shrek,"Well,",0,True,a45d25883979,6.132602999969095,latency-c60e8ca06522.csv
2,c60e8ca06522,2025-10-15T11:45:02.386309,shrek,FIONA,211,True,72ad01c69167,5.530808000003162,latency-c60e8ca06522.csv
2,c60e8ca06522,2025-10-15T11:45:02.498108,shrek,minute,3,True,a45d25883979,9.74326099958489,latency-c60e8ca06522.csv
2,c60e8ca06522,2025-10-15T11:45:02.615476,shrek,at,62,True,72ad01c69167,10.393454000222846,latency-c60e8ca06522.csv
2,c60e8ca06522,2025-10-15T11:45:02.734725,grail,G,6,True,72ad01c69167,8.529992000148923,latency-c60e8ca06522.csv
2,c60e8ca06522,2025-10-15T11:45:02.849484,shrek3,its,1,True,72ad01c69167,5.596445999799471,latency-c60e8ca06522.csv
2,c60e8ca06522,2025-10-15T11:45:02.961805,grail,for,118,True,a45d25883979,11.805393000031472,latency-c60e8ca06522.csv
2,c60e8ca06522,2025-10-15T11:45:03.085701,grail,them,41,True,a45d25883979,16.420714000105363,latency-c60e8ca06522.csv
2,c60e8ca06522,2025-10-15T11:45:03.211061,grail,Cleveland,3,True,a45d25883979,8.368152000002738,latency-c60e8ca06522.csv
2,c60e8ca06522,2025-10-15T11:45:03.328947,shrek,SHREK,433,True,a45d25883979,10.395283999969251,latency-c60e8ca06522.csv
2,c60e8ca06522,2025-10-15T11:45:03.449058,shrek3,Gingerbread,37,True,a45d25883979,10.397813000054157,latency-c60e8ca06522.csv
2,c60e8ca06522,2025-10-15T11:45:03.570118,shrek,Nobody,4,True,a45d25883979,4.996459999802028,latency-c60e8ca06522.csv
2,c60e8ca06522,2025-10-15T11:45:03.680650,shrek,"Well,",0,True,a45d25883979,4.486909999741329,latency-c60e8ca06522.csv
2,c60e8ca06522,2025-10-15T11:45:03.789709,shrek3,ho,8,True,a45d25883979,4.685395999786124,latency-c60e8ca06522.csv
2,c60e8ca06522,2025-10-15T11:45:03.899112,shrek3,Im,1,True,a45d25883979,6.507415999749355,latency-c60e8ca06522.csv
2,c60e8ca06522,2025-10-15T11:45:04.011996,shrek,lay,2,True,a45d25883979,7.9029429998627165,latency-c60e8ca06522.csv
2,c60e8ca06522,2025-10-15T11:45:04.125898,shrek,(standing,0,True,a45d25883979,5.107105999741179,latency-c60e8ca06522.csv
2,c60e8ca06522,2025-10-15T11:45:04.235987,shrek3,RAPUNZEL,30,True,a45d25883979,6.377478999638697,latency-c60e8ca06522.csv
2,c60e8ca06522,2025-10-15T11:45:04.349550,grail,To,718,True,a45d25883979,9.354280000025028,latency-c60e8ca06522.csv
1,c681f355811c,2025-10-15T11:46:00.076671,shrek3,its,1,True,a45d25883979,12.527399000191508,latency-c681f355811c.csv
1,c681f355811c,2025-10-15T11:46:00.212039,grail,with/,0,True,72ad01c69167,23.794817999714724,latency-c681f355811c.csv
1,c681f355811c,2025-10-15T11:46:00.387916,shrek,trip,1,True,a45d25883979,25.108272000125,latency-c681f355811c.csv
1,c681f355811c,2025-10-15T11:46:00.542256,grail,Bridge,30,True,a45d25883979,23.791031000200743,latency-c681f355811c.csv
1,c681f355811c,2025-10-15T11:46:00.682389,shrek3,DONKEY,243,True,1de2274fea60,32.360423000227456,latency-c681f355811c.csv
1,c681f355811c,2025-10-15T11:46:00.869601,shrek3,Donkey,243,True,72ad01c69167,36.070710999865696,latency-c681f355811c.csv
1,c681f355811c,2025-10-15T11:46:01.034166,grail,Butts,2,True,72ad01c69167,14.348740999594156,latency-c681f355811c.csv
1,c681f355811c,2025-10-15T11:46:01.166962,grail,at,104,True,a45d25883979,15.032799999971758,latency-c681f355811c.csv
1,c681f355811c,2025-10-15T11:46:01.316320,shrek,and,318,True,1de2274fea60,26.844297000025108,latency-c681f355811c.csv
1,c681f355811c,2025-10-15T11:46:01.467186,grail,the,1600,True,72ad01c69167,19.89740899989556,latency-c681f355811c.csv
1,c681f355811c,2025-10-15T11:46:01.600171,shrek,stairs,7,True,72ad01c69167,40.07301999990887,latency-c681f355811c.csv
1,c681f355811c,2025-10-15T11:46:01.777927,grail,chops,3,True,a45d25883979,23.614937999809623,latency-c681f355811c.csv
1,c681f355811c,2025-10-15T11:46:01.921984,shrek3,JOCKS,2,True,72ad01c69167,42.38029699990875,latency-c681f355811c.csv
1,c681f355811c,2025-10-15T11:46:02.096304,shrek,SHREK,433,True,a45d25883979,60.00126900016767,latency-c681f355811c.csv
1,c681f355811c,2025-10-15T11:46:02.343851,shrek3,bed,10,True,a45d25883979,33.851171000151226,latency-c681f355811c.csv
1,c681f355811c,2025-10-15T11:46:02.522197,shrek,DONKEY,320,True,1de2274fea60,22.832576999917364,latency-c681f355811c.csv
1,c681f355811c,2025-10-15T11:46:02.661484,shrek3,the,1285,True,a45d25883979,35.53535600030955,latency-c681f355811c.csv
1,c681f355811c,2025-10-15T11:46:02.840803,grail,the,1600,True,a45d25883979,16.889956000341044,latency-c681f355811c.csv
1,c681f355811c,2025-10-15T11:46:02.976779,grail,pause,10,True,1de2274fea60,17.500628999641776,latency-c681f355811c.csv
1,c681f355811c,2025-10-15T11:46:03.118960,shrek3,glass,9,True,72ad01c69167,36.36369600008038,latency-c681f355811c.csv
2,c681f355811c,2025-10-15T11:46:03.279709,shrek3,its,1,True,1de2274fea60,16.248193999672367,latency-c681f355811c.csv
2,c681f355811c,2025-10-15T11:46:03.406756,grail,with/,0,True,72ad01c69167,15.058009000313175,latency-c681f355811c.csv
2,c681f355811c,2025-10-15T11:46:03.562564,shrek,trip,1,True,72ad01c69167,16.760053999860247,latency-c681f355811c.csv
2,c681f355811c,2025-10-15T11:46:03.704630,grail,Bridge,30,True,1de2274fea60,18.518266999763,latency-c681f355811c.csv
2,c681f355811c,2025-10-15T11:46:03.847424,shrek3,DONKEY,243,True,72ad01c69167,25.94881599998189,latency-c681f355811c.csv
2,c681f355811c,2025-10-15T11:46:03.997938,shrek3,Donkey,243,True,a45d25883979,37.1132140003283,latency-c681f355811c.csv
2,c681f355811c,2025-10-15T11:46:04.154964,grail,Butts,2,True,a45d25883979,20.05317200018908,latency-c681f355811c.csv
2,c681f355811c,2025-10-15T11:46:04.294835,grail,at,104,True,72ad01c69167,9.257651000098122,latency-c681f355811c.csv
2,c681f355811c,2025-10-15T11:46:04.420772,shrek,and,318,True,a45d25883979,11.431437999817716,latency-c681f355811c.csv
2,c681f355811c,2025-10-15T11:46:04.547530,grail,the,1600,True,a45d25883979,19.812584999726823,latency-c681f355811c.csv
2,c681f355811c,2025-10-15T11:46:04.690261,shrek,stairs,7,True,a45d25883979,13.166922999971575,latency-c681f355811c.csv
2,c681f355811c,2025-10-15T11:46:04.817649,grail,chops,3,True,a45d25883979,13.23309099961989,latency-c681f355811c.csv
2,c681f355811c,2025-10-15T11:46:04.951352,shrek3,JOCKS,2,True,a45d25883979,8.809970000129397,latency-c681f355811c.csv
2,c681f355811c,2025-10-15T11:46:05.073278,shrek,SHREK,433,True,a45d25883979,13.535563999994338,latency-c681f355811c.csv
2,c681f355811c,2025-10-15T11:46:05.199670,shrek3,bed,10,True,a45d25883979,18.54783499993573,latency-c681f355811c.csv
2,c681f355811c,2025-10-15T11:46:05.331870,shrek,DONKEY,320,True,a45d25883979,24.642559999847435,latency-c681f355811c.csv
2,c681f355811c,2025-10-15T11:46:05.517376,shrek3,the,1285,True,a45d25883979,7.830149999790592,latency-c681f355811c.csv
2,c681f355811c,2025-10-15T11:46:05.637193,grail,the,1600,True,72ad01c69167,6.5805260001070565,latency-c681f355811c.csv
2,c681f355811c,2025-10-15T11:46:05.755574,grail,pause,10,True,1de2274fea60,8.618593999926816,latency-c681f355811c.csv
2,c681f355811c,2025-10-15T11:46:05.880414,shrek3,glass,9,True,72ad01c69167,6.51946699963446,latency-c681f355811c.csv
1,c81f77daa01a,2025-10-15T11:45:30.175170,shrek,I,386,True,72ad01c69167,7.958674999827053,latency-c81f77daa01a.csv
1,c81f77daa01a,2025-10-15T11:45:30.290513,shrek,SHREK,433,True,72ad01c69167,6.494894000297791,latency-c81f77daa01a.csv
1,c81f77daa01a,2025-10-15T11:45:30.406659,shrek,(standing,0,True,72ad01c69167,5.271390999951109,latency-c81f77daa01a.csv
1,c81f77daa01a,2025-10-15T11:45:30.519188,shrek,trip,1,True,72ad01c69167,5.172328000298876,latency-c81f77daa01a.csv
1,c81f77daa01a,2025-10-15T11:45:30.630508,shrek,Aah,6,True,1de2274fea60,5.360483999993448,latency-c81f77daa01a.csv
1,c81f77daa01a,2025-10-15T11:45:30.742146,shrek,And,318,True,72ad01c69167,15.010266999979647,latency-c81f77daa01a.csv
1,c81f77daa01a,2025-10-15T11:45:30.869631,grail,-,259,True,a45d25883979,5.371424999793817,latency-c81f77daa01a.csv
1,c81f77daa01a,2025-10-15T11:45:30.980190,shrek,minute,3,True,a45d25883979,6.36382400034563,latency-c81f77daa01a.csv
1,c81f77daa01a,2025-10-15T11:45:31.092467,grail,them,41,True,a45d25883979,7.0819659999870055,latency-c81f77daa01a.csv
1,c81f77daa01a,2025-10-15T11:45:31.206005,shrek3,and,576,True,a45d25883979,8.168394000222179,latency-c81f77daa01a.csv
1,c81f77daa01a,2025-10-15T11:45:31.321473,grail,are,114,True,72ad01c69167,5.799466999633296,latency-c81f77daa01a.csv
1,c81f77daa01a,2025-10-15T11:45:31.432282,shrek3,of,275,True,72ad01c69167,6.1327559997153,latency-c81f77daa01a.csv
1,c81f77daa01a,2025-10-15T11:45:31.543881,shrek,CROWD,5,True,72ad01c69167,5.236166000031517,latency-c81f77daa01a.csv
1,c81f77daa01a,2025-10-15T11:45:31.654128,shrek3,SHREK,678,True,72ad01c69167,6.602469000426936,latency-c81f77daa01a.csv
1,c81f77daa01a,2025-10-15T11:45:31.767569,shrek3,his,238,True,72ad01c69167,5.04490999992413,latency-c81f77daa01a.csv
1,c81f77daa01a,2025-10-15T11:45:31.877014,shrek3,They,80,True,72ad01c69167,4.800003000127617,latency-c81f77daa01a.csv
1,c81f77daa01a,2025-10-15T11:45:31.986869,shrek,field,4,True,72ad01c69167,6.521782000163512,latency-c81f77daa01a.csv
1,c81f77daa01a,2025-10-15T11:45:32.100146,shrek3,did,14,True,72ad01c69167,4.629432000001543,latency-c81f77daa01a.csv
1,c81f77daa01a,2025-10-15T11:45:32.210283,shrek3,Artie,213,True,a45d25883979,5.555293000270467,latency-c81f77daa01a.csv
1,c81f77daa01a,2025-10-15T11:45:32.322167,shrek,fair,2,True,a45d25883979,9.011343000111085,latency-c81f77daa01a.csv
2,c81f77daa01a,2025-10-15T11:45:32.437677,shrek,I,386,True,a45d25883979,8.140919999732432,latency-c81f77daa01a.csv
2,c81f77daa01a,2025-10-15T11:45:32.552019,shrek,SHREK,433,True,a45d25883979,7.867879000059474,latency-c81f77daa01a.csv
2,c81f77daa01a,2025-10-15T11:45:32.666595,shrek,(standing,0,True,a45d25883979,7.541379000031156,latency-c81f77daa01a.csv
2,c81f77daa01a,2025-10-15T11:45:32.779577,shrek,trip,1,True,a45d25883979,9.198281999942992,latency-c81f77daa01a.csv
2,c81f77daa01a,2025-10-15T11:45:32.896908,shrek,Aah,6,True,a45d25883979,6.465682999987621,latency-c81f77daa01a.csv
2,c81f77daa01a,2025-10-15T11:45:33.009676,shrek,And,318,True,a45d25883979,11.085136000019702,latency-c81f77daa01a.csv
2,c81f77daa01a,2025-10-15T11:45:33.127624,grail,-,259,True,a45d25883979,8.516095999766549,latency-c81f77daa01a.csv
2,c81f77daa01a,2025-10-15T11:45:33.243922,shrek,minute,3,True,a45d25883979,8.122244000333012,latency-c81f77daa01a.csv
2,c81f77daa01a,2025-10-15T11:45:33.362973,grail,them,41,True,72ad01c69167,8.200567000130832,latency-c81f77daa01a.csv
2,c81f77daa01a,2025-10-15T11:45:33.478449,shrek3,and,576,True,72ad01c69167,10.03404099992622,latency-c81f77daa01a.csv
2,c81f77daa01a,2025-10-15T11:45:33.595864,grail,are,114,True,a45d25883979,10.962812999878224,latency-c81f77daa01a.csv
2,c81f77daa01a,2025-10-15T11:45:33.718326,shrek3,of,275,True,72ad01c69167,8.411957000134862,latency-c81f77daa01a.csv
2,c81f77daa01a,2025-10-15T11:45:33.835339,shrek,CROWD,5,True,72ad01c69167,11.79840700024215,latency-c81f77daa01a.csv
2,c81f77daa01a,2025-10-15T11:45:33.954180,shrek3,SHREK,678,True,1de2274fea60,5.689339000127802,latency-c81f77daa01a.csv
2,c81f77daa01a,2025-10-15T11:45:34.066455,shrek3,his,238,True,72ad01c69167,10.77265300000363,latency-c81f77daa01a.csv
2,c81f77daa01a,2025-10-15T11:45:34.184465,shrek3,They,80,True,72ad01c69167,9.441520000109447,latency-c81f77daa01a.csv
2,c81f77daa01a,2025-10-15T11:45:34.302260,shrek,field,4,True,72ad01c69167,8.598751000135962,latency-c81f77daa01a.csv
2,c81f77daa01a,2025-10-15T11:45:34.418755,shrek3,did,14,True,72ad01c69167,12.741606999952635,latency-c81f77daa01a.csv
2,c81f77daa01a,2025-10-15T11:45:34.544869,shrek3,Artie,213,True,72ad01c69167,6.954081999992923,latency-c81f77daa01a.csv
2,c81f77daa01a,2025-10-15T11:45:34.660285,shrek,fair,2,True,72ad01c69167,8.145729999796458,latency-c81f77daa01a.csv
1,c8d98c6e3fac,2025-10-15T11:45:03.162570,shrek,cottage,4,True,a45d25883979,12.57260900001711,latency-c8d98c6e3fac.csv
1,c8d98c6e3fac,2025-10-15T11:45:03.282514,shrek3,WHITE,45,True,a45d25883979,8.146367000335886,latency-c8d98c6e3fac.csv
1,c8d98c6e3fac,2025-10-15T11:45:03.396237,shrek3,They,80,False,a45d25883979,15.773305000038818,latency-c8d98c6e3fac.csv
1,c8d98c6e3fac,2025-10-15T11:45:03.519060,shrek3,WHITE,45,True,a45d25883979,5.328376000306889,latency-c8d98c6e3fac.csv
1,c8d98c6e3fac,2025-10-15T11:45:03.630195,grail,on,139,False,72ad01c69167,10.259879999921395,latency-c8d98c6e3fac.csv
1,c8d98c6e3fac,2025-10-15T11:45:03.746166,grail,G,6,True,a45d25883979,13.124472000072274,latency-c8d98c6e3fac.csv
1,c8d98c6e3fac,2025-10-15T11:45:03.866652,shrek,true,20,True,a45d25883979,6.461658000262105,latency-c8d98c6e3fac.csv
1,c8d98c6e3fac,2025-10-15T11:45:03.978957,shrek3,SHREK,678,True,a45d25883979,6.387052000263793,latency-c8d98c6e3fac.csv
1,c8d98c6e3fac,2025-10-15T11:45:04.090549,shrek3,right,36,False,a45d25883979,11.397090000173192,latency-c8d98c6e3fac.csv
1,c8d98c6e3fac,2025-10-15T11:45:04.208633,grail,Aaaaugh,9,False,a45d25883979,11.26458199996705,latency-c8d98c6e3fac.csv
1,c8d98c6e3fac,2025-10-15T11:45:04.326701,shrek,happily,2,True,a45d25883979,9.898212000280182,latency-c8d98c6e3fac.csv
1,c8d98c6e3fac,2025-10-15T11:45:04.448143,grail,"lute,",0,True,a45d25883979,15.408195000418344,latency-c8d98c6e3fac.csv
1,c8d98c6e3fac,2025-10-15T11:45:04.571977,shrek3,WHITE,45,True,a45d25883979,6.308975999672839,latency-c8d98c6e3fac.csv
1,c8d98c6e3fac,2025-10-15T11:45:04.685117,shrek,placed,1,False,a45d25883979,11.486031999993427,latency-c8d98c6e3fac.csv
1,c8d98c6e3fac,2025-10-15T11:45:04.802737,shrek3,to,511,True,72ad01c69167,16.461531999993895,latency-c8d98c6e3fac.csv
1,c8d98c6e3fac,2025-10-15T11:45:04.930908,grail,the,1600,True,a45d25883979,56.75399199981257,latency-c8d98c6e3fac.csv
1,c8d98c6e3fac,2025-10-15T11:45:05.107326,shrek,And,318,True,a45d25883979,7.393136999780836,latency-c8d98c6e3fac.csv
1,c8d98c6e3fac,2025-10-15T11:45:05.225298,shrek,DONKEY,320,True,a45d25883979,9.656962000008209,latency-c8d98c6e3fac.csv
1,c8d98c6e3fac,2025-10-15T11:45:05.343286,shrek,DONKEY,320,True,72ad01c69167,9.048119999988558,latency-c8d98c6e3fac.csv
1,c8d98c6e3fac,2025-10-15T11:45:05.460697,shrek,(standing,0,True,a45d25883979,7.01353000022209,latency-c8d98c6e3fac.csv
2,c8d98c6e3fac,2025-10-15T11:45:05.576554,shrek,cottage,4,True,a45d25883979,7.005424999988463,latency-c8d98c6e3fac.csv
2,c8d98c6e3fac,2025-10-15T11:45:05.692066,shrek3,WHITE,45,True,a45d25883979,5.155974999979662,latency-c8d98c6e3fac.csv
2,c8d98c6e3fac,2025-10-15T11:45:05.803794,shrek3,They,80,True,a45d25883979,8.879096999862668,latency-c8d98c6e3fac.csv
2,c8d98c6e3fac,2025-10-15T11:45:05.922243,shrek3,WHITE,45,True,a45d25883979,5.474040000081004,latency-c8d98c6e3fac.csv
2,c8d98c6e3fac,2025-10-15T11:45:06.036364,grail,on,139,True,a45d25883979,5.478746999870054,latency-c8d98c6e3fac.csv
2,c8d98c6e3fac,2025-10-15T11:45:06.149100,grail,G,6,True,a45d25883979,5.0001829999928304,latency-c8d98c6e3fac.csv
2,c8d98c6e3fac,2025-10-15T11:45:06.260671,shrek,true,20,True,a45d25883979,6.4713860001575085,latency-c8d98c6e3fac.csv
2,c8d98c6e3fac,2025-10-15T11:45:06.377731,shrek3,SHREK,678,True,a45d25883979,7.121343999642704,latency-c8d98c6e3fac.csv
2,c8d98c6e3fac,2025-10-15T11:45:06.493231,shrek3,right,36,True,a45d25883979,7.982031999745232,latency-c8d98c6e3fac.csv
2,c8d98c6e3fac,2025-10-15T11:45:06.612457,grail,Aaaaugh,9,True,a45d25883979,5.871079999906215,latency-c8d98c6e3fac.csv
2,c8d98c6e3fac,2025-10-15T11:45:06.724317,shrek,happily,2,True,a45d25883979,5.3423520002979785,latency-c8d98c6e3fac.csv
2,c8d98c6e3fac,2025-10-15T11:45:06.834843,grail,"lute,",0,True,a45d25883979,5.5646539999543165,latency-c8d98c6e3fac.csv
2,c8d98c6e3fac,2025-10-15T11:45:06.946136,shrek3,WHITE,45,True,a45d25883979,5.228359999819077,latency-c8d98c6e3fac.csv
2,c8d98c6e3fac,2025-10-15T11:45:07.056831,shrek,placed,1,True,a45d25883979,6.768749000002572,latency-c8d98c6e3fac.csv
2,c8d98c6e3fac,2025-10-15T11:45:07.169575,shrek3,to,511,True,a45d25883979,4.446962000201893,latency-c8d98c6e3fac.csv
2,c8d98c6e3fac,2025-10-15T11:45:07.279508,grail,the,1600,True,a45d25883979,14.18106000028274,latency-c8d98c6e3fac.csv
2,c8d98c6e3fac,2025-10-15T11:45:07.402217,shrek,And,318,True,1de2274fea60,6.540605999816762,latency-c8d98c6e3fac.csv
2,c8d98c6e3fac,2025-10-15T11:45:07.518816,shrek,DONKEY,320,True,72ad01c69167,7.510560999890004,latency-c8d98c6e3fac.csv
2,c8d98c6e3fac,2025-10-15T11:45:07.633492,shrek,DONKEY,320,True,a45d25883979,8.052890000271873,latency-c8d98c6e3fac.csv
2,c8d98c6e3fac,2025-10-15T11:45:07.750163,shrek,(standing,0,True,a45d25883979,5.329376000190678,latency-c8d98c6e3fac.csv
1,ca4c72881a1d,2025-10-15T11:46:32.912550,shrek,"Well,",0,True,a45d25883979,5.690491000223119,latency-ca4c72881a1d.csv
1,ca4c72881a1d,2025-10-15T11:46:33.024741,shrek3,TO,511,True,a45d25883979,5.085524000151054,latency-ca4c72881a1d.csv
1,ca4c72881a1d,2025-10-15T11:46:33.136692,shrek,"Ha,",0,True,a45d25883979,7.554733999768359,latency-ca4c72881a1d.csv
1,ca4c72881a1d,2025-10-15T11:46:33.251620,shrek,FIONA,211,True,a45d25883979,8.267284000339714,latency-ca4c72881a1d.csv
1,ca4c72881a1d,2025-10-15T11:46:33.367448,shrek,and,318,True,a45d25883979,4.742592999718909,latency-ca4c72881a1d.csv
1,ca4c72881a1d,2025-10-15T11:46:33.478259,shrek,GORDO,5,True,a45d25883979,10.740336000253592,latency-ca4c72881a1d.csv
1,ca4c72881a1d,2025-10-15T11:46:33.604368,grail,54,2,True,a45d25883979,34.954741000092326,latency-ca4c72881a1d.csv
1,ca4c72881a1d,2025-10-15T11:46:33.754436,shrek3,them,44,True,a45d25883979,13.27407000007952,latency-ca4c72881a1d.csv
1,ca4c72881a1d,2025-10-15T11:46:33.875372,grail,pretty,7,True,a45d25883979,9.30115899973316,latency-ca4c72881a1d.csv
1,ca4c72881a1d,2025-10-15T11:46:33.993988,shrek,tale,7,True,1de2274fea60,11.48408200015183,latency-ca4c72881a1d.csv
1,ca4c72881a1d,2025-10-15T11:46:34.115482,grail,the,1600,True,1de2274fea60,10.061474999929487,latency-ca4c72881a1d.csv
1,ca4c72881a1d,2025-10-15T11:46:34.241041,grail,“I,0,True,72ad01c69167,10.519947999910071,latency-ca4c72881a1d.csv
1,ca4c72881a1d,2025-10-15T11:46:34.362556,shrek,"Ha,",0,True,72ad01c69167,10.659548999683466,latency-ca4c72881a1d.csv
1,ca4c72881a1d,2025-10-15T11:46:34.487501,shrek,transport,1,True,72ad01c69167,8.523457000137569,latency-ca4c72881a1d.csv
1,ca4c72881a1d,2025-10-15T11:46:34.606425,shrek,Is,132,True,a45d25883979,19.79107800025304,latency-ca4c72881a1d.csv
1,ca4c72881a1d,2025-10-15T11:46:34.750367,shrek3,ho,8,True,a45d25883979,12.490422000155377,latency-ca4c72881a1d.csv
1,ca4c72881a1d,2025-10-15T11:46:34.879776,shrek3,Ahh,8,True,a45d25883979,10.941566999917995,latency-ca4c72881a1d.csv
1,ca4c72881a1d,2025-10-15T11:46:34.997656,shrek3,SCHOOL,14,True,a45d25883979,12.16268999996828,latency-ca4c72881a1d.csv
1,ca4c72881a1d,2025-10-15T11:46:35.130606,grail,grabbing,5,True,a45d25883979,16.958161999809818,latency-ca4c72881a1d.csv
1,ca4c72881a1d,2025-10-15T11:46:35.265587,shrek3,the,1285,True,1de2274fea60,23.815730000023905,latency-ca4c72881a1d.csv
2,ca4c72881a1d,2025-10-15T11:46:35.421714,shrek,"Well,",0,True,1de2274fea60,41.786360000060085,latency-ca4c72881a1d.csv
2,ca4c72881a1d,2025-10-15T11:46:35.594345,shrek3,TO,511,True,a45d25883979,8.839359999910812,latency-ca4c72881a1d.csv
2,ca4c72881a1d,2025-10-15T11:46:35.713772,shrek,"Ha,",0,True,72ad01c69167,10.347079999974085,latency-ca4c72881a1d.csv
2,ca4c72881a1d,2025-10-15T11:46:35.832254,shrek,FIONA,211,True,72ad01c69167,6.996378999701847,latency-ca4c72881a1d.csv
2,ca4c72881a1d,2025-10-15T11:46:35.945421,shrek,and,318,True,72ad01c69167,8.336749000136479,latency-ca4c72881a1d.csv
2,ca4c72881a1d,2025-10-15T11:46:36.060859,shrek,GORDO,5,True,a45d25883979,6.472681000104785,latency-ca4c72881a1d.csv
2,ca4c72881a1d,2025-10-15T11:46:36.173039,grail,54,2,True,a45d25883979,8.178255000075296,latency-ca4c72881a1d.csv
2,ca4c72881a1d,2025-10-15T11:46:36.287187,shrek3,them,44,True,a45d25883979,6.901614000071277,latency-ca4c72881a1d.csv
2,ca4c72881a1d,2025-10-15T11:46:36.401373,grail,pretty,7,True,a45d25883979,7.396037000034994,latency-ca4c72881a1d.csv
2,ca4c72881a1d,2025-10-15T11:46:36.514057,shrek,tale,7,True,a45d25883979,6.869031000405812,latency-ca4c72881a1d.csv
2,ca4c72881a1d,2025-10-15T11:46:36.626821,grail,the,1600,True,a45d25883979,6.447536999985459,latency-ca4c72881a1d.csv
2,ca4c72881a1d,2025-10-15T11:46:36.738223,grail,“I,0,True,a45d25883979,7.345547000113584,latency-ca4c72881a1d.csv
2,ca4c72881a1d,2025-10-15T11:46:36.852139,shrek,"Ha,",0,True,a45d25883979,6.651467999745364,latency-ca4c72881a1d.csv
2,ca4c72881a1d,2025-10-15T11:46:36.964354,shrek,transport,1,True,a45d25883979,7.3907949999920675,latency-ca4c72881a1d.csv
2,ca4c72881a1d,2025-10-15T11:46:37.077741,shrek,Is,132,True,a45d25883979,11.914577999959874,latency-ca4c72881a1d.csv
2,ca4c72881a1d,2025-10-15T11:46:37.200317,shrek3,ho,8,True,a45d25883979,6.89703499983807,latency-ca4c72881a1d.csv
2,ca4c72881a1d,2025-10-15T11:46:37.313279,shrek3,Ahh,8,True,a45d25883979,6.453117000091879,latency-ca4c72881a1d.csv
2,ca4c72881a1d,2025-10-15T11:46:37.425932,shrek3,SCHOOL,14,True,a45d25883979,11.383435999960057,latency-ca4c72881a1d.csv
2,ca4c72881a1d,2025-10-15T11:46:37.544630,grail,grabbing,5,True,a45d25883979,8.96143399995708,latency-ca4c72881a1d.csv
2,ca4c72881a1d,2025-10-15T11:46:37.659740,shrek3,the,1285,True,a45d25883979,14.27546699960658,latency-ca4c72881a1d.csv
1,ca753e666599,2025-10-15T11:45:13.172493,grail,To,718,True,a45d25883979,12.975991000075735,latency-ca753e666599.csv
1,ca753e666599,2025-10-15T11:45:13.293283,shrek,GORDO,5,False,a45d25883979,20.29623399994307,latency-ca753e666599.csv
1,ca753e666599,2025-10-15T11:45:13.421650,grail,rows,1,True,a45d25883979,18.641184999978577,latency-ca753e666599.csv
1,ca753e666599,2025-10-15T11:45:13.553527,shrek3,toward,14,True,1de2274fea60,33.86244199964494,latency-ca753e666599.csv
1,ca753e666599,2025-10-15T11:45:13.726621,shrek,afraid,8,True,72ad01c69167,109.62674999973387,latency-ca753e666599.csv
1,ca753e666599,2025-10-15T11:45:14.049494,shrek,tale,7,True,a45d25883979,26.438942999902796,latency-ca753e666599.csv
1,ca753e666599,2025-10-15T11:45:14.199842,shrek3,of,275,True,72ad01c69167,13.926879000337069,latency-ca753e666599.csv
1,ca753e666599,2025-10-15T11:45:14.329374,shrek3,Whoa,7,True,a45d25883979,20.898599999782164,latency-ca753e666599.csv
1,ca753e666599,2025-10-15T11:45:14.476929,shrek,fair,2,True,a45d25883979,31.884000999980344,latency-ca753e666599.csv
1,ca753e666599,2025-10-15T11:45:14.630685,shrek,MAN,38,True,72ad01c69167,6.368422999912582,latency-ca753e666599.csv
1,ca753e666599,2025-10-15T11:45:14.743020,shrek3,Guards,23,True,a45d25883979,8.24620399998821,latency-ca753e666599.csv
1,ca753e666599,2025-10-15T11:45:14.858788,grail,Boom,4,True,a45d25883979,4.526711999915278,latency-ca753e666599.csv
1,ca753e666599,2025-10-15T11:45:14.967805,shrek,"Well,",0,True,a45d25883979,6.808888999785268,latency-ca753e666599.csv
1,ca753e666599,2025-10-15T11:45:15.082076,grail,To,718,True,a45d25883979,5.704021999918041,latency-ca753e666599.csv
1,ca753e666599,2025-10-15T11:45:15.193457,shrek,you,409,True,a45d25883979,7.63247999975647,latency-ca753e666599.csv
1,ca753e666599,2025-10-15T11:45:15.306303,shrek3,Final,119,True,a45d25883979,7.727095999598532,latency-ca753e666599.csv
1,ca753e666599,2025-10-15T11:45:15.419995,shrek3,TO,511,True,a45d25883979,9.328213000117104,latency-ca753e666599.csv
1,ca753e666599,2025-10-15T11:45:15.538699,shrek,old,10,True,a45d25883979,5.662865999966016,latency-ca753e666599.csv
1,ca753e666599,2025-10-15T11:45:15.650158,shrek3,CHARMING,232,True,a45d25883979,4.630328000075679,latency-ca753e666599.csv
1,ca753e666599,2025-10-15T11:45:15.759872,grail,rows,1,True,a45d25883979,9.577292000358284,latency-ca753e666599.csv
2,ca753e666599,2025-10-15T11:45:15.876071,grail,To,718,True,a45d25883979,7.144672000322316,latency-ca753e666599.csv
2,ca753e666599,2025-10-15T11:45:15.995132,shrek,GORDO,5,True,a45d25883979,5.406622999998945,latency-ca753e666599.csv
2,ca753e666599,2025-10-15T11:45:16.105422,grail,rows,1,True,a45d25883979,5.118662999848311,latency-ca753e666599.csv
2,ca753e666599,2025-10-15T11:45:16.216280,shrek3,toward,14,True,a45d25883979,7.628518999808875,latency-ca753e666599.csv
2,ca753e666599,2025-10-15T11:45:16.332372,shrek,afraid,8,True,a45d25883979,6.4062269998430565,latency-ca753e666599.csv
2,ca753e666599,2025-10-15T11:45:16.445243,shrek,tale,7,True,a45d25883979,4.778481999892392,latency-ca753e666599.csv
2,ca753e666599,2025-10-15T11:45:16.556426,shrek3,of,275,True,a45d25883979,5.203848999826732,latency-ca753e666599.csv
2,ca753e666599,2025-10-15T11:45:16.669221,shrek3,Whoa,7,True,a45d25883979,4.812156999832951,latency-ca753e666599.csv
2,ca753e666599,2025-10-15T11:45:16.781430,shrek,fair,2,True,a45d25883979,4.427052999744774,latency-ca753e666599.csv
2,ca753e666599,2025-10-15T11:45:16.893285,shrek,MAN,38,True,a45d25883979,9.07050999967396,latency-ca753e666599.csv
2,ca753e666599,2025-10-15T11:45:17.009746,shrek3,Guards,23,True,a45d25883979,6.0101359999862325,latency-ca753e666599.csv
2,ca753e666599,2025-10-15T11:45:17.124481,grail,Boom,4,True,a45d25883979,4.569079000248166,latency-ca753e666599.csv
2,ca753e666599,2025-10-15T11:45:17.233829,shrek,"Well,",0,True,a45d25883979,6.31760900023437,latency-ca753e666599.csv
2,ca753e666599,2025-10-15T11:45:17.345968,grail,To,718,True,a45d25883979,4.621111000233213,latency-ca753e666599.csv
2,ca753e666599,2025-10-15T11:45:17.455347,shrek,you,409,True,a45d25883979,5.06200700010595,latency-ca753e666599.csv
2,ca753e666599,2025-10-15T11:45:17.565246,shrek3,Final,119,True,a45d25883979,7.650044000001799,latency-ca753e666599.csv
2,ca753e666599,2025-10-15T11:45:17.681554,shrek3,TO,511,True,a45d25883979,5.955867000011494,latency-ca753e666599.csv
2,ca753e666599,2025-10-15T11:45:17.793136,shrek,old,10,True,72ad01c69167,7.429286999922624,latency-ca753e666599.csv
2,ca753e666599,2025-10-15T11:45:17.906552,shrek3,CHARMING,232,True,72ad01c69167,8.186290000139707,latency-ca753e666599.csv
2,ca753e666599,2025-10-15T11:45:18.020143,grail,rows,1,True,72ad01c69167,8.14080300006026,latency-ca753e666599.csv
1,caadf430262b,2025-10-15T11:44:54.619073,grail,Auuuuuuuugh,2,True,a45d25883979,12.090811999769356,latency-caadf430262b.csv
1,caadf430262b,2025-10-15T11:44:54.746646,grail,Rostmm,1,True,1de2274fea60,41.39740799973879,latency-caadf430262b.csv
1,caadf430262b,2025-10-15T11:44:54.918500,shrek3,the,1285,True,a45d25883979,23.620663000201603,latency-caadf430262b.csv
1,caadf430262b,2025-10-15T11:44:55.064308,shrek,He,118,True,1de2274fea60,11.689294999996491,latency-caadf430262b.csv
1,caadf430262b,2025-10-15T11:44:55.196250,shrek3,with,112,False,a45d25883979,23.084393999852185,latency-caadf430262b.csv
1,caadf430262b,2025-10-15T11:44:55.346199,grail,-,259,True,1de2274fea60,20.71596200039494,latency-caadf430262b.csv
1,caadf430262b,2025-10-15T11:44:55.483322,shrek3,true,1,False,1de2274fea60,23.095669000213093,latency-caadf430262b.csv
1,caadf430262b,2025-10-15T11:44:55.618353,grail,is,317,True,1de2274fea60,18.07030400004805,latency-caadf430262b.csv
1,caadf430262b,2025-10-15T11:44:55.764451,shrek,FIONA,211,True,72ad01c69167,15.619294000316586,latency-caadf430262b.csv
1,caadf430262b,2025-10-15T11:44:55.898811,shrek3,Hold,8,True,a45d25883979,22.80811399987215,latency-caadf430262b.csv
1,caadf430262b,2025-10-15T11:44:56.043809,grail,Ecky-Ecky-Ecky,1,False,1de2274fea60,42.109982000056334,latency-caadf430262b.csv
1,caadf430262b,2025-10-15T11:44:56.208905,grail,Get,47,True,a45d25883979,25.381922999713424,latency-caadf430262b.csv
1,caadf430262b,2025-10-15T11:44:56.380110,grail,toward,10,False,a45d25883979,31.997125000089,latency-caadf430262b.csv
1,caadf430262b,2025-10-15T11:44:56.532135,grail,BEDEVERE,103,True,a45d25883979,25.56394499970338,latency-caadf430262b.csv
1,caadf430262b,2025-10-15T11:44:56.711118,grail,Footnote,4,True,1de2274fea60,21.00786299979518,latency-caadf430262b.csv
1,caadf430262b,2025-10-15T11:44:56.843814,grail,lost,6,False,a45d25883979,26.5051169999424,latency-caadf430262b.csv
1,caadf430262b,2025-10-15T11:44:56.997017,shrek3,SHOUTING),0,True,72ad01c69167,6.619602999762719,latency-caadf430262b.csv
1,caadf430262b,2025-10-15T11:44:57.116722,shrek,after,10,True,72ad01c69167,8.114427000236901,latency-caadf430262b.csv
1,caadf430262b,2025-10-15T11:44:57.242472,shrek,swamp,18,True,a45d25883979,9.355185000003983,latency-caadf430262b.csv
1,caadf430262b,2025-10-15T11:44:57.366530,shrek3,dat,1,False,a45d25883979,26.36525099978826,latency-caadf430262b.csv
2,caadf430262b,2025-10-15T11:44:57.505956,grail,Auuuuuuuugh,2,True,a45d25883979,13.280304999625514,latency-caadf430262b.csv
2,caadf430262b,2025-10-15T11:44:57.632626,grail,Rostmm,1,True,72ad01c69167,14.118306999989729,latency-caadf430262b.csv
2,caadf430262b,2025-10-15T11:44:57.764728,shrek3,the,1285,True,1de2274fea60,14.828046999809883,latency-caadf430262b.csv
2,caadf430262b,2025-10-15T11:44:57.892698,shrek,He,118,True,a45d25883979,13.266232999740168,latency-caadf430262b.csv
2,caadf430262b,2025-10-15T11:44:58.016640,shrek3,with,112,True,72ad01c69167,7.419400999879144,latency-caadf430262b.csv
2,caadf430262b,2025-10-15T11:44:58.136113,grail,-,259,True,1de2274fea60,16.14681599994583,latency-caadf430262b.csv
2,caadf430262b,2025-10-15T11:44:58.265050,shrek3,true,1,True,72ad01c69167,35.644899000089936,latency-caadf430262b.csv
2,caadf430262b,2025-10-15T11:44:58.422670,grail,is,317,True,72ad01c69167,15.221568000015395,latency-caadf430262b.csv
2,caadf430262b,2025-10-15T11:44:58.557841,shrek,FIONA,211,True,a45d25883979,25.83439299996826,latency-caadf430262b.csv
2,caadf430262b,2025-10-15T11:44:58.705382,shrek3,Hold,8,True,1de2274fea60,26.801521999914257,latency-caadf430262b.csv
2,caadf430262b,2025-10-15T11:44:58.847666,grail,Ecky-Ecky-Ecky,1,True,a45d25883979,12.78412900001058,latency-caadf430262b.csv
2,caadf430262b,2025-10-15T11:44:58.977011,grail,Get,47,True,a45d25883979,18.40098999991824,latency-caadf430262b.csv
2,caadf430262b,2025-10-15T11:44:59.108894,grail,toward,10,True,a45d25883979,11.41504800034454,latency-caadf430262b.csv
2,caadf430262b,2025-10-15T11:44:59.229646,grail,BEDEVERE,103,True,a45d25883979,19.97310500019012,latency-caadf430262b.csv
2,caadf430262b,2025-10-15T11:44:59.359967,grail,Footnote,4,True,72ad01c69167,19.60335199964902,latency-caadf430262b.csv
2,caadf430262b,2025-10-15T11:44:59.491209,grail,lost,6,True,72ad01c69167,9.379647000059776,latency-caadf430262b.csv
2,caadf430262b,2025-10-15T11:44:59.617438,shrek3,SHOUTING),0,True,a45d25883979,16.138067999690975,latency-caadf430262b.csv
2,caadf430262b,2025-10-15T11:44:59.742737,shrek,after,10,True,72ad01c69167,12.877664999905392,latency-caadf430262b.csv
2,caadf430262b,2025-10-15T11:44:59.867612,shrek,swamp,18,True,a45d25883979,16.4069490001566,latency-caadf430262b.csv
2,caadf430262b,2025-10-15T11:45:00.005631,shrek3,dat,1,True,a45d25883979,11.007358999904682,latency-caadf430262b.csv
1,cdd417f41393,2025-10-15T11:46:19.521333,shrek3,MERLIN,73,True,a45d25883979,5.025585000112187,latency-cdd417f41393.csv
1,cdd417f41393,2025-10-15T11:46:19.631851,shrek3,true,1,True,a45d25883979,5.645264000122552,latency-cdd417f41393.csv
1,cdd417f41393,2025-10-15T11:46:19.743296,grail,LTD,6,True,a45d25883979,6.388606999735202,latency-cdd417f41393.csv
1,cdd417f41393,2025-10-15T11:46:19.855004,grail,ANOTHER,25,True,72ad01c69167,9.63000000001557,latency-cdd417f41393.csv
1,cdd417f41393,2025-10-15T11:46:19.971367,shrek3,to,511,True,72ad01c69167,10.228380999706133,latency-cdd417f41393.csv
1,cdd417f41393,2025-10-15T11:46:20.095672,grail,"Oh,",2,True,a45d25883979,10.66900000023452,latency-cdd417f41393.csv
1,cdd417f41393,2025-10-15T11:46:20.214616,shrek,"Well,",0,True,1de2274fea60,20.908548000079463,latency-cdd417f41393.csv
1,cdd417f41393,2025-10-15T11:46:20.352349,grail,to,718,True,a45d25883979,9.871962000033818,latency-cdd417f41393.csv
1,cdd417f41393,2025-10-15T11:46:20.469678,grail,Tm,5,True,a45d25883979,12.494487999902049,latency-cdd417f41393.csv
1,cdd417f41393,2025-10-15T11:46:20.589639,grail,LANCELOT,59,True,72ad01c69167,11.237152999910904,latency-cdd417f41393.csv
1,cdd417f41393,2025-10-15T11:46:20.716705,grail,Gallahad,44,True,a45d25883979,7.160031000239542,latency-cdd417f41393.csv
1,cdd417f41393,2025-10-15T11:46:20.831460,shrek3,Whoa,7,True,a45d25883979,4.920039999888104,latency-cdd417f41393.csv
1,cdd417f41393,2025-10-15T11:46:20.941066,shrek,the,535,True,1de2274fea60,8.70362900013788,latency-cdd417f41393.csv
1,cdd417f41393,2025-10-15T11:46:21.059293,shrek,will,16,True,72ad01c69167,14.507056000184091,latency-cdd417f41393.csv
1,cdd417f41393,2025-10-15T11:46:21.187505,grail,the,1600,True,72ad01c69167,10.888214000260632,latency-cdd417f41393.csv
1,cdd417f41393,2025-10-15T11:46:21.305290,shrek3,cues,3,True,1de2274fea60,8.168282000042382,latency-cdd417f41393.csv
1,cdd417f41393,2025-10-15T11:46:21.419588,shrek3,ARTIE,213,True,1de2274fea60,10.004400999605425,latency-cdd417f41393.csv
1,cdd417f41393,2025-10-15T11:46:21.539930,shrek3,Artie,213,True,1de2274fea60,22.20177400022294,latency-cdd417f41393.csv
1,cdd417f41393,2025-10-15T11:46:21.687350,grail,upon,13,True,72ad01c69167,8.684548000019277,latency-cdd417f41393.csv
1,cdd417f41393,2025-10-15T11:46:21.812957,shrek3,Shrek,678,True,72ad01c69167,16.121010999995633,latency-cdd417f41393.csv
2,cdd417f41393,2025-10-15T11:46:21.949396,shrek3,MERLIN,73,True,72ad01c69167,11.10210900014863,latency-cdd417f41393.csv
2,cdd417f41393,2025-10-15T11:46:22.069370,shrek3,true,1,True,72ad01c69167,33.356732000356715,latency-cdd417f41393.csv
2,cdd417f41393,2025-10-15T11:46:22.217539,grail,LTD,6,True,72ad01c69167,11.26617099998839,latency-cdd417f41393.csv
2,cdd417f41393,2025-10-15T11:46:22.340769,grail,ANOTHER,25,True,a45d25883979,15.269228999841287,latency-cdd417f41393.csv
2,cdd417f41393,2025-10-15T11:46:22.469589,shrek3,to,511,True,a45d25883979,8.174093999969045,latency-cdd417f41393.csv
2,cdd417f41393,2025-10-15T11:46:22.586049,grail,"Oh,",2,True,a45d25883979,6.939822000276763,latency-cdd417f41393.csv
2,cdd417f41393,2025-10-15T11:46:22.700691,shrek,"Well,",0,True,a45d25883979,6.830785000147444,latency-cdd417f41393.csv
2,cdd417f41393,2025-10-15T11:46:22.815080,grail,to,718,True,a45d25883979,9.852418999798829,latency-cdd417f41393.csv
2,cdd417f41393,2025-10-15T11:46:22.935217,grail,Tm,5,True,a45d25883979,10.069351000311144,latency-cdd417f41393.csv
2,cdd417f41393,2025-10-15T11:46:23.053314,grail,LANCELOT,59,True,a45d25883979,9.499909000169282,latency-cdd417f41393.csv
2,cdd417f41393,2025-10-15T11:46:23.170099,grail,Gallahad,44,True,a45d25883979,5.848143000093842,latency-cdd417f41393.csv
2,cdd417f41393,2025-10-15T11:46:23.282775,shrek3,Whoa,7,True,a45d25883979,6.612695999592688,latency-cdd417f41393.csv
2,cdd417f41393,2025-10-15T11:46:23.400281,shrek,the,535,True,a45d25883979,5.110879000312707,latency-cdd417f41393.csv
2,cdd417f41393,2025-10-15T11:46:23.511997,shrek,will,16,True,a45d25883979,8.08863600013865,latency-cdd417f41393.csv
2,cdd417f41393,2025-10-15T11:46:23.641406,grail,the,1600,True,72ad01c69167,34.9233289998665,latency-cdd417f41393.csv
2,cdd417f41393,2025-10-15T11:46:23.914575,shrek3,cues,3,True,72ad01c69167,18.36906500011537,latency-cdd417f41393.csv
2,cdd417f41393,2025-10-15T11:46:24.043100,shrek3,ARTIE,213,True,1de2274fea60,14.95714099974066,latency-cdd417f41393.csv
2,cdd417f41393,2025-10-15T11:46:24.169511,shrek3,Artie,213,True,72ad01c69167,12.423547000253166,latency-cdd417f41393.csv
2,cdd417f41393,2025-10-15T11:46:24.295456,grail,upon,13,True,1de2274fea60,23.50565300002927,latency-cdd417f41393.csv
2,cdd417f41393,2025-10-15T11:46:24.443935,shrek3,Shrek,678,True,a45d25883979,10.315150000224094,latency-cdd417f41393.csv
1,cf158177d95f,2025-10-15T11:45:46.911154,shrek3,Arg,1,True,72ad01c69167,5.324399000073754,latency-cf158177d95f.csv
1,cf158177d95f,2025-10-15T11:45:47.022566,grail,-,259,True,72ad01c69167,5.416697999862663,latency-cf158177d95f.csv
1,cf158177d95f,2025-10-15T11:45:47.134585,shrek,old,10,True,a45d25883979,8.449057999769138,latency-cf158177d95f.csv
1,cf158177d95f,2025-10-15T11:45:47.255402,shrek3,through,43,True,a45d25883979,6.498362000002089,latency-cf158177d95f.csv
1,cf158177d95f,2025-10-15T11:45:47.368757,grail,ANOTHER,25,True,1de2274fea60,26.351166000040397,latency-cf158177d95f.csv
1,cf158177d95f,2025-10-15T11:45:47.516313,shrek3,time,23,True,72ad01c69167,11.40035300022646,latency-cf158177d95f.csv
1,cf158177d95f,2025-10-15T11:45:47.636797,shrek,transport,1,True,72ad01c69167,8.380077999845525,latency-cf158177d95f.csv
1,cf158177d95f,2025-10-15T11:45:47.753949,shrek3,me,72,True,72ad01c69167,7.766589999846474,latency-cf158177d95f.csv
1,cf158177d95f,2025-10-15T11:45:47.869425,grail,Jones,7,True,72ad01c69167,11.523683999712375,latency-cf158177d95f.csv
1,cf158177d95f,2025-10-15T11:45:47.991479,shrek3,BOAT,32,True,72ad01c69167,16.248762000032002,latency-cf158177d95f.csv
1,cf158177d95f,2025-10-15T11:45:48.120973,shrek3,an,51,True,a45d25883979,10.557048999999097,latency-cf158177d95f.csv
1,cf158177d95f,2025-10-15T11:45:48.240614,shrek,DONKEY,320,True,a45d25883979,7.5149609997424704,latency-cf158177d95f.csv
1,cf158177d95f,2025-10-15T11:45:48.357552,shrek3,116,1,True,a45d25883979,4.621451000275556,latency-cf158177d95f.csv
1,cf158177d95f,2025-10-15T11:45:48.469274,grail,time,33,True,a45d25883979,6.269898000027752,latency-cf158177d95f.csv
1,cf158177d95f,2025-10-15T11:45:48.584880,shrek3,an,51,True,72ad01c69167,13.401167999745669,latency-cf158177d95f.csv
1,cf158177d95f,2025-10-15T11:45:48.709281,shrek,DONKEY,320,True,a45d25883979,5.724631999783014,latency-cf158177d95f.csv
1,cf158177d95f,2025-10-15T11:45:48.821177,grail,time,33,True,a45d25883979,7.113209000181087,latency-cf158177d95f.csv
1,cf158177d95f,2025-10-15T11:45:48.935249,shrek3,Guards,23,True,a45d25883979,6.883586999720137,latency-cf158177d95f.csv
1,cf158177d95f,2025-10-15T11:45:49.048315,shrek,Aah,6,True,a45d25883979,7.784785999774613,latency-cf158177d95f.csv
1,cf158177d95f,2025-10-15T11:45:49.162822,shrek3,PUSS,196,True,a45d25883979,12.69507799997882,latency-cf158177d95f.csv
2,cf158177d95f,2025-10-15T11:45:49.284102,shrek3,Arg,1,True,a45d25883979,6.31614299982175,latency-cf158177d95f.csv
2,cf158177d95f,2025-10-15T11:45:49.396270,grail,-,259,True,a45d25883979,6.161575999612978,latency-cf158177d95f.csv
2,cf158177d95f,2025-10-15T11:45:49.507847,shrek,old,10,True,a45d25883979,6.800220000059198,latency-cf158177d95f.csv
2,cf158177d95f,2025-10-15T11:45:49.621302,shrek3,through,43,True,a45d25883979,5.498074999650271,latency-cf158177d95f.csv
2,cf158177d95f,2025-10-15T11:45:49.733205,grail,ANOTHER,25,True,a45d25883979,7.0314800000232935,latency-cf158177d95f.csv
2,cf158177d95f,2025-10-15T11:45:49.845353,shrek3,time,23,True,a45d25883979,5.255052999928012,latency-cf158177d95f.csv
2,cf158177d95f,2025-10-15T11:45:49.956090,shrek,transport,1,True,a45d25883979,5.22768399969209,latency-cf158177d95f.csv
2,cf158177d95f,2025-10-15T11:45:50.067084,shrek3,me,72,True,72ad01c69167,7.853158000216354,latency-cf158177d95f.csv
2,cf158177d95f,2025-10-15T11:45:50.181030,grail,Jones,7,True,72ad01c69167,7.800785999734217,latency-cf158177d95f.csv
2,cf158177d95f,2025-10-15T11:45:50.296601,shrek3,BOAT,32,True,a45d25883979,11.511896000229171,latency-cf158177d95f.csv
2,cf158177d95f,2025-10-15T11:45:50.416935,shrek3,an,51,True,a45d25883979,14.87251499975173,latency-cf158177d95f.csv
2,cf158177d95f,2025-10-15T11:45:50.544150,shrek,DONKEY,320,True,a45d25883979,6.546956999955,latency-cf158177d95f.csv
2,cf158177d95f,2025-10-15T11:45:50.657526,shrek3,116,1,True,72ad01c69167,9.627920999719208,latency-cf158177d95f.csv
2,cf158177d95f,2025-10-15T11:45:50.773828,grail,time,33,True,a45d25883979,7.652222000160691,latency-cf158177d95f.csv
2,cf158177d95f,2025-10-15T11:45:50.889349,shrek3,an,51,True,a45d25883979,6.608615999994072,latency-cf158177d95f.csv
2,cf158177d95f,2025-10-15T11:45:51.004054,shrek,DONKEY,320,True,a45d25883979,8.283775999643694,latency-cf158177d95f.csv
2,cf158177d95f,2025-10-15T11:45:51.124548,grail,time,33,True,a45d25883979,8.509344999765744,latency-cf158177d95f.csv
2,cf158177d95f,2025-10-15T11:45:51.245977,shrek3,Guards,23,True,a45d25883979,5.520199999864417,latency-cf158177d95f.csv
2,cf158177d95f,2025-10-15T11:45:51.358646,shrek,Aah,6,True,a45d25883979,8.416313999987324,latency-cf158177d95f.csv
2,cf158177d95f,2025-10-15T11:45:51.474890,shrek3,PUSS,196,True,a45d25883979,8.2816509998338,latency-cf158177d95f.csv
1,d13ec4267099,2025-10-15T11:45:25.262962,grail,the,1600,True,a45d25883979,7.219531000373536,latency-d13ec4267099.csv
1,d13ec4267099,2025-10-15T11:45:25.378956,shrek,FARQUAAD,84,True,a45d25883979,5.290989000059199,latency-d13ec4267099.csv
1,d13ec4267099,2025-10-15T11:45:25.489295,grail,it,279,True,72ad01c69167,7.275529999787977,latency-d13ec4267099.csv
1,d13ec4267099,2025-10-15T11:45:25.604176,shrek,transport,1,True,a45d25883979,5.54069999998319,latency-d13ec4267099.csv
1,d13ec4267099,2025-10-15T11:45:25.714480,shrek3,PRINCE,207,True,a45d25883979,6.247243999951024,latency-d13ec4267099.csv
1,d13ec4267099,2025-10-15T11:45:25.826771,shrek,GUARD,25,True,1de2274fea60,9.529933000067103,latency-d13ec4267099.csv
1,d13ec4267099,2025-10-15T11:45:25.942240,shrek,way,26,True,1de2274fea60,6.843522000053781,latency-d13ec4267099.csv
1,d13ec4267099,2025-10-15T11:45:26.055058,shrek,"Ha,",0,True,1de2274fea60,7.65675899992857,latency-d13ec4267099.csv
1,d13ec4267099,2025-10-15T11:45:26.169690,shrek3,ruby,1,True,72ad01c69167,6.084852000185492,latency-d13ec4267099.csv
1,d13ec4267099,2025-10-15T11:45:26.281480,grail,Tm,5,True,72ad01c69167,8.55722500000411,latency-d13ec4267099.csv
1,d13ec4267099,2025-10-15T11:45:26.402479,grail,from,94,True,72ad01c69167,10.342662000311975,latency-d13ec4267099.csv
1,d13ec4267099,2025-10-15T11:45:26.526296,grail,LTD,6,True,a45d25883979,28.038627000114506,latency-d13ec4267099.csv
1,d13ec4267099,2025-10-15T11:45:26.702337,grail,since,10,True,a45d25883979,7.964692000314244,latency-d13ec4267099.csv
1,d13ec4267099,2025-10-15T11:45:26.826038,shrek,he,118,True,1de2274fea60,15.207895999992616,latency-d13ec4267099.csv
1,d13ec4267099,2025-10-15T11:45:26.964844,shrek3,them,44,True,1de2274fea60,7.531775999723322,latency-d13ec4267099.csv
1,d13ec4267099,2025-10-15T11:45:27.081489,grail,"Peng,",0,True,1de2274fea60,24.754133999977057,latency-d13ec4267099.csv
1,d13ec4267099,2025-10-15T11:45:27.225888,shrek3,MERLIN,73,True,a45d25883979,25.57884899988494,latency-d13ec4267099.csv
1,d13ec4267099,2025-10-15T11:45:27.373529,grail,Guard,106,True,a45d25883979,14.016731000083382,latency-d13ec4267099.csv
1,d13ec4267099,2025-10-15T11:45:27.501043,shrek,DONKEY,320,True,a45d25883979,9.409681999841268,latency-d13ec4267099.csv
1,d13ec4267099,2025-10-15T11:45:27.624535,grail,pathetic,4,True,a45d25883979,8.833597999910126,latency-d13ec4267099.csv
2,d13ec4267099,2025-10-15T11:45:27.743461,grail,the,1600,True,a45d25883979,9.022660000027829,latency-d13ec4267099.csv
2,d13ec4267099,2025-10-15T11:45:27.874384,shrek,FARQUAAD,84,True,a45d25883979,11.19057999994766,latency-d13ec4267099.csv
2,d13ec4267099,2025-10-15T11:45:28.000274,grail,it,279,True,72ad01c69167,11.018760999832011,latency-d13ec4267099.csv
2,d13ec4267099,2025-10-15T11:45:28.135576,shrek,transport,1,True,1de2274fea60,10.32199600012973,latency-d13ec4267099.csv
2,d13ec4267099,2025-10-15T11:45:28.264397,shrek3,PRINCE,207,True,72ad01c69167,11.68702100039809,latency-d13ec4267099.csv
2,d13ec4267099,2025-10-15T11:45:28.387083,shrek,GUARD,25,True,72ad01c69167,9.715672999845992,latency-d13ec4267099.csv
2,d13ec4267099,2025-10-15T11:45:28.506997,shrek,way,26,True,72ad01c69167,11.89970900031767,latency-d13ec4267099.csv
2,d13ec4267099,2025-10-15T11:45:28.632715,shrek,"Ha,",0,True,a45d25883979,18.11604100021213,latency-d13ec4267099.csv
2,d13ec4267099,2025-10-15T11:45:28.770605,shrek3,ruby,1,True,a45d25883979,35.016213999824686,latency-d13ec4267099.csv
2,d13ec4267099,2025-10-15T11:45:28.963816,grail,Tm,5,True,72ad01c69167,32.34615299970756,latency-d13ec4267099.csv
2,d13ec4267099,2025-10-15T11:45:29.138000,grail,from,94,True,1de2274fea60,26.41754900014348,latency-d13ec4267099.csv
2,d13ec4267099,2025-10-15T11:45:29.283920,grail,LTD,6,True,a45d25883979,39.27696500022648,latency-d13ec4267099.csv
2,d13ec4267099,2025-10-15T11:45:29.467581,grail,since,10,True,a45d25883979,18.367927999861426,latency-d13ec4267099.csv
2,d13ec4267099,2025-10-15T11:45:29.594133,shrek,he,118,True,a45d25883979,5.4819090000819415,latency-d13ec4267099.csv
2,d13ec4267099,2025-10-15T11:45:29.707369,shrek3,them,44,True,a45d25883979,5.852840999978071,latency-d13ec4267099.csv
2,d13ec4267099,2025-10-15T11:45:29.821032,grail,"Peng,",0,True,a45d25883979,4.173666000042431,latency-d13ec4267099.csv
2,d13ec4267099,2025-10-15T11:45:29.929569,shrek3,MERLIN,73,True,a45d25883979,6.025701999988087,latency-d13ec4267099.csv
2,d13ec4267099,2025-10-15T11:45:30.041415,grail,Guard,106,True,a45d25883979,6.4481539998269,latency-d13ec4267099.csv
2,d13ec4267099,2025-10-15T11:45:30.154093,shrek,DONKEY,320,True,a45d25883979,5.988204000004771,latency-d13ec4267099.csv
2,d13ec4267099,2025-10-15T11:45:30.265807,grail,pathetic,4,True,a45d25883979,5.048050999903353,latency-d13ec4267099.csv
1,d2f2cb8fde14,2025-10-15T11:44:58.576824,grail,to,718,True,72ad01c69167,18.93369099980191,latency-d2f2cb8fde14.csv
1,d2f2cb8fde14,2025-10-15T11:44:58.711734,grail,singing,33,False,72ad01c69167,28.73180799997499,latency-d2f2cb8fde14.csv
1,d2f2cb8fde14,2025-10-15T11:44:58.862278,shrek,Aah,6,False,72ad01c69167,33.085833999848546,latency-d2f2cb8fde14.csv
1,d2f2cb8fde14,2025-10-15T11:44:59.037558,grail,Who’s,3,True,1de2274fea60,21.913336999659805,latency-d2f2cb8fde14.csv
1,d2f2cb8fde14,2025-10-15T11:44:59.180211,grail,to,718,True,1de2274fea60,12.75187700002789,latency-d2f2cb8fde14.csv
1,d2f2cb8fde14,2025-10-15T11:44:59.309329,shrek,happily,2,False,a45d25883979,17.954330000065966,latency-d2f2cb8fde14.csv
1,d2f2cb8fde14,2025-10-15T11:44:59.439538,shrek3,youre,0,False,a45d25883979,26.820541999768466,latency-d2f2cb8fde14.csv
1,d2f2cb8fde14,2025-10-15T11:44:59.580948,shrek3,SCHOOL,14,True,72ad01c69167,7.435943000018597,latency-d2f2cb8fde14.csv
1,d2f2cb8fde14,2025-10-15T11:44:59.697348,shrek,DONKEY,320,True,1de2274fea60,13.208559999839052,latency-d2f2cb8fde14.csv
1,d2f2cb8fde14,2025-10-15T11:44:59.826135,shrek3,them,44,True,72ad01c69167,21.27660799988007,latency-d2f2cb8fde14.csv
1,d2f2cb8fde14,2025-10-15T11:44:59.977356,shrek,you,409,True,a45d25883979,11.871206000250822,latency-d2f2cb8fde14.csv
1,d2f2cb8fde14,2025-10-15T11:45:00.109483,grail,king,136,True,72ad01c69167,12.999235999814118,latency-d2f2cb8fde14.csv
1,d2f2cb8fde14,2025-10-15T11:45:00.235979,shrek3,and,576,False,72ad01c69167,15.19828799973766,latency-d2f2cb8fde14.csv
1,d2f2cb8fde14,2025-10-15T11:45:00.361327,shrek,tell,25,False,72ad01c69167,12.608653999905073,latency-d2f2cb8fde14.csv
1,d2f2cb8fde14,2025-10-15T11:45:00.485905,grail,"lute,",0,True,72ad01c69167,7.694198000081087,latency-d2f2cb8fde14.csv
1,d2f2cb8fde14,2025-10-15T11:45:00.601871,shrek3,glass,9,True,72ad01c69167,7.732391999979882,latency-d2f2cb8fde14.csv
1,d2f2cb8fde14,2025-10-15T11:45:00.729668,shrek3,you,328,True,a45d25883979,6.65735999973549,latency-d2f2cb8fde14.csv
1,d2f2cb8fde14,2025-10-15T11:45:00.844120,shrek3,Im,1,False,a45d25883979,11.543331999746442,latency-d2f2cb8fde14.csv
1,d2f2cb8fde14,2025-10-15T11:45:00.961943,grail,"collective,",0,True,a45d25883979,7.350407999638264,latency-d2f2cb8fde14.csv
1,d2f2cb8fde14,2025-10-15T11:45:01.077309,grail,grabbing,5,False,a45d25883979,19.41609999994398,latency-d2f2cb8fde14.csv
2,d2f2cb8fde14,2025-10-15T11:45:01.208697,grail,to,718,True,72ad01c69167,6.89084300029208,latency-d2f2cb8fde14.csv
2,d2f2cb8fde14,2025-10-15T11:45:01.323009,grail,singing,33,True,72ad01c69167,5.548334000195609,latency-d2f2cb8fde14.csv
2,d2f2cb8fde14,2025-10-15T11:45:01.435432,shrek,Aah,6,True,72ad01c69167,6.914819000030548,latency-d2f2cb8fde14.csv
2,d2f2cb8fde14,2025-10-15T11:45:01.549224,grail,Who’s,3,True,72ad01c69167,7.95076499980496,latency-d2f2cb8fde14.csv
2,d2f2cb8fde14,2025-10-15T11:45:01.663751,grail,to,718,True,72ad01c69167,9.086389000003692,latency-d2f2cb8fde14.csv
2,d2f2cb8fde14,2025-10-15T11:45:01.781646,shrek,happily,2,True,1de2274fea60,8.653190000131872,latency-d2f2cb8fde14.csv
2,d2f2cb8fde14,2025-10-15T11:45:01.896971,shrek3,youre,0,True,a45d25883979,6.977791999815963,latency-d2f2cb8fde14.csv
2,d2f2cb8fde14,2025-10-15T11:45:02.010486,shrek3,SCHOOL,14,True,1de2274fea60,10.49177499999132,latency-d2f2cb8fde14.csv
2,d2f2cb8fde14,2025-10-15T11:45:02.128648,shrek,DONKEY,320,True,a45d25883979,6.832539000242832,latency-d2f2cb8fde14.csv
2,d2f2cb8fde14,2025-10-15T11:45:02.241722,shrek3,them,44,True,72ad01c69167,9.569683000336228,latency-d2f2cb8fde14.csv
2,d2f2cb8fde14,2025-10-15T11:45:02.358754,shrek,you,409,True,1de2274fea60,8.64848199989865,latency-d2f2cb8fde14.csv
2,d2f2cb8fde14,2025-10-15T11:45:02.473691,grail,king,136,True,1de2274fea60,11.467024999546991,latency-d2f2cb8fde14.csv
2,d2f2cb8fde14,2025-10-15T11:45:02.593553,shrek3,and,576,True,72ad01c69167,11.909645999821803,latency-d2f2cb8fde14.csv
2,d2f2cb8fde14,2025-10-15T11:45:02.713022,shrek,tell,25,True,a45d25883979,5.536621000373998,latency-d2f2cb8fde14.csv
2,d2f2cb8fde14,2025-10-15T11:45:02.824492,grail,"lute,",0,True,a45d25883979,7.715623999956733,latency-d2f2cb8fde14.csv
2,d2f2cb8fde14,2025-10-15T11:45:02.937847,shrek3,glass,9,True,a45d25883979,7.618687000103819,latency-d2f2cb8fde14.csv
2,d2f2cb8fde14,2025-10-15T11:45:03.052390,shrek3,you,328,True,a45d25883979,6.167234999793436,latency-d2f2cb8fde14.csv
2,d2f2cb8fde14,2025-10-15T11:45:03.163793,shrek3,Im,1,True,a45d25883979,9.510653000234017,latency-d2f2cb8fde14.csv
2,d2f2cb8fde14,2025-10-15T11:45:03.280138,grail,"collective,",0,True,a45d25883979,9.70390900010898,latency-d2f2cb8fde14.csv
2,d2f2cb8fde14,2025-10-15T11:45:03.395651,grail,grabbing,5,True,a45d25883979,15.446473999872978,latency-d2f2cb8fde14.csv
1,d328cf4f5dad,2025-10-15T11:46:27.031871,shrek,transport,1,True,72ad01c69167,5.408157000147185,latency-d328cf4f5dad.csv
1,d328cf4f5dad,2025-10-15T11:46:27.144969,shrek,swamp,18,True,72ad01c69167,5.872987000202556,latency-d328cf4f5dad.csv
1,d328cf4f5dad,2025-10-15T11:46:27.256217,grail,sell,1,True,72ad01c69167,6.203949999871838,latency-d328cf4f5dad.csv
1,d328cf4f5dad,2025-10-15T11:46:27.368710,grail,elected,2,True,72ad01c69167,5.686368999704428,latency-d328cf4f5dad.csv
1,d328cf4f5dad,2025-10-15T11:46:27.481343,shrek,DONKEY,320,True,a45d25883979,10.861062000003583,latency-d328cf4f5dad.csv
1,d328cf4f5dad,2025-10-15T11:46:27.622248,shrek,And,318,True,72ad01c69167,8.016398000108893,latency-d328cf4f5dad.csv
1,d328cf4f5dad,2025-10-15T11:46:27.741054,shrek3,the,1285,True,a45d25883979,8.527071000116848,latency-d328cf4f5dad.csv
1,d328cf4f5dad,2025-10-15T11:46:27.862329,shrek,SHREK,433,True,a45d25883979,9.08412499984479,latency-d328cf4f5dad.csv
1,d328cf4f5dad,2025-10-15T11:46:27.984290,grail,since,10,True,a45d25883979,12.17369999994844,latency-d328cf4f5dad.csv
1,d328cf4f5dad,2025-10-15T11:46:28.115889,shrek3,SHOUTING),0,True,a45d25883979,11.940250999941782,latency-d328cf4f5dad.csv
1,d328cf4f5dad,2025-10-15T11:46:28.237383,shrek,swamp,18,True,a45d25883979,10.127518999979657,latency-d328cf4f5dad.csv
1,d328cf4f5dad,2025-10-15T11:46:28.356685,shrek3,of,275,True,a45d25883979,10.927766999884623,latency-d328cf4f5dad.csv
1,d328cf4f5dad,2025-10-15T11:46:28.483482,shrek3,WHITE,45,True,72ad01c69167,23.51154600000882,latency-d328cf4f5dad.csv
1,d328cf4f5dad,2025-10-15T11:46:28.632092,shrek,looks,37,True,a45d25883979,6.920589000401378,latency-d328cf4f5dad.csv
1,d328cf4f5dad,2025-10-15T11:46:28.745214,shrek,happily,2,True,a45d25883979,4.961797999840201,latency-d328cf4f5dad.csv
1,d328cf4f5dad,2025-10-15T11:46:28.855564,shrek3,and,576,True,a45d25883979,4.79242500023247,latency-d328cf4f5dad.csv
1,d328cf4f5dad,2025-10-15T11:46:28.966268,shrek,after,10,True,a45d25883979,4.774449999786157,latency-d328cf4f5dad.csv
1,d328cf4f5dad,2025-10-15T11:46:29.075691,grail,Footnote,4,True,a45d25883979,6.224945999747433,latency-d328cf4f5dad.csv
1,d328cf4f5dad,2025-10-15T11:46:29.187999,shrek,fair,2,True,a45d25883979,5.499055000200315,latency-d328cf4f5dad.csv
1,d328cf4f5dad,2025-10-15T11:46:29.298986,grail,them,41,True,a45d25883979,5.397191000156454,latency-d328cf4f5dad.csv
2,d328cf4f5dad,2025-10-15T11:46:29.408258,shrek,transport,1,True,a45d25883979,7.199197999852913,latency-d328cf4f5dad.csv
2,d328cf4f5dad,2025-10-15T11:46:29.522705,shrek,swamp,18,True,a45d25883979,9.315409000009822,latency-d328cf4f5dad.csv
2,d328cf4f5dad,2025-10-15T11:46:29.638056,grail,sell,1,True,a45d25883979,5.671525999787264,latency-d328cf4f5dad.csv
2,d328cf4f5dad,2025-10-15T11:46:29.749424,grail,elected,2,True,a45d25883979,4.958457000157068,latency-d328cf4f5dad.csv
2,d328cf4f5dad,2025-10-15T11:46:29.859551,shrek,DONKEY,320,True,a45d25883979,7.062961999963591,latency-d328cf4f5dad.csv
2,d328cf4f5dad,2025-10-15T11:46:29.972448,shrek,And,318,True,a45d25883979,4.943237000134104,latency-d328cf4f5dad.csv
2,d328cf4f5dad,2025-10-15T11:46:30.083185,shrek3,the,1285,True,72ad01c69167,9.130141000241563,latency-d328cf4f5dad.csv
2,d328cf4f5dad,2025-10-15T11:46:30.204922,shrek,SHREK,433,True,72ad01c69167,8.912722999866673,latency-d328cf4f5dad.csv
2,d328cf4f5dad,2025-10-15T11:46:30.320951,grail,since,10,True,72ad01c69167,7.684256000175083,latency-d328cf4f5dad.csv
2,d328cf4f5dad,2025-10-15T11:46:30.440182,shrek3,SHOUTING),0,True,72ad01c69167,6.071266000162723,latency-d328cf4f5dad.csv
2,d328cf4f5dad,2025-10-15T11:46:30.556196,shrek,swamp,18,True,72ad01c69167,7.151865999730944,latency-d328cf4f5dad.csv
2,d328cf4f5dad,2025-10-15T11:46:30.671929,shrek3,of,275,True,72ad01c69167,13.75362699991456,latency-d328cf4f5dad.csv
2,d328cf4f5dad,2025-10-15T11:46:30.795920,shrek3,WHITE,45,True,a45d25883979,4.542614000001777,latency-d328cf4f5dad.csv
2,d328cf4f5dad,2025-10-15T11:46:30.906475,shrek,looks,37,True,a45d25883979,6.9142130000727775,latency-d328cf4f5dad.csv
2,d328cf4f5dad,2025-10-15T11:46:31.021614,shrek,happily,2,True,72ad01c69167,11.132022999845503,latency-d328cf4f5dad.csv
2,d328cf4f5dad,2025-10-15T11:46:31.144524,shrek3,and,576,True,72ad01c69167,9.074913999938872,latency-d328cf4f5dad.csv
2,d328cf4f5dad,2025-10-15T11:46:31.260306,shrek,after,10,True,72ad01c69167,9.347733999675256,latency-d328cf4f5dad.csv
2,d328cf4f5dad,2025-10-15T11:46:31.377785,grail,Footnote,4,True,a45d25883979,7.613853999828279,latency-d328cf4f5dad.csv
2,d328cf4f5dad,2025-10-15T11:46:31.492184,shrek,fair,2,True,a45d25883979,11.596870999710518,latency-d328cf4f5dad.csv
2,d328cf4f5dad,2025-10-15T11:46:31.611498,grail,them,41,True,a45d25883979,4.893092000202159,latency-d328cf4f5dad.csv
1,d4e0702d7e67,2025-10-15T11:45:59.162850,grail,witch,30,True,a45d25883979,8.231952000187448,latency-d4e0702d7e67.csv
1,d4e0702d7e67,2025-10-15T11:45:59.284528,shrek3,SHREK,678,True,a45d25883979,17.820500999732758,latency-d4e0702d7e67.csv
1,d4e0702d7e67,2025-10-15T11:45:59.411241,shrek3,me,72,True,72ad01c69167,8.771695000177715,latency-d4e0702d7e67.csv
1,d4e0702d7e67,2025-10-15T11:45:59.533662,grail,singing,33,True,a45d25883979,19.91353600033108,latency-d4e0702d7e67.csv
1,d4e0702d7e67,2025-10-15T11:45:59.669745,grail,the,1600,True,a45d25883979,10.19740899982935,latency-d4e0702d7e67.csv
1,d4e0702d7e67,2025-10-15T11:45:59.802083,shrek3,116,1,True,1de2274fea60,45.56832900016161,latency-d4e0702d7e67.csv
1,d4e0702d7e67,2025-10-15T11:45:59.974608,shrek3,get,39,True,a45d25883979,27.20432600017375,latency-d4e0702d7e67.csv
1,d4e0702d7e67,2025-10-15T11:46:00.127536,shrek3,Im,1,True,1de2274fea60,25.485283999842068,latency-d4e0702d7e67.csv
1,d4e0702d7e67,2025-10-15T11:46:00.287815,shrek,DONKEY,320,True,72ad01c69167,40.236286999970616,latency-d4e0702d7e67.csv
1,d4e0702d7e67,2025-10-15T11:46:00.459592,shrek,FIONA,211,True,1de2274fea60,31.401789000028657,latency-d4e0702d7e67.csv
1,d4e0702d7e67,2025-10-15T11:46:00.611592,grail,-,259,True,a45d25883979,63.14898900018306,latency-d4e0702d7e67.csv
1,d4e0702d7e67,2025-10-15T11:46:00.805110,shrek,GUARD,25,True,a45d25883979,29.63046900003974,latency-d4e0702d7e67.csv
1,d4e0702d7e67,2025-10-15T11:46:00.955503,shrek3,Final,119,True,a45d25883979,13.85287499988408,latency-d4e0702d7e67.csv
1,d4e0702d7e67,2025-10-15T11:46:01.111493,grail,for,118,True,a45d25883979,19.16023100011444,latency-d4e0702d7e67.csv
1,d4e0702d7e67,2025-10-15T11:46:01.267403,grail,to,718,True,a45d25883979,15.743702000236226,latency-d4e0702d7e67.csv
1,d4e0702d7e67,2025-10-15T11:46:01.399426,shrek,CROWD,5,True,a45d25883979,24.392368999997416,latency-d4e0702d7e67.csv
1,d4e0702d7e67,2025-10-15T11:46:01.536558,grail,witch,30,True,72ad01c69167,20.062835999851814,latency-d4e0702d7e67.csv
1,d4e0702d7e67,2025-10-15T11:46:01.677131,shrek3,field,3,True,a45d25883979,45.94349899980443,latency-d4e0702d7e67.csv
1,d4e0702d7e67,2025-10-15T11:46:01.844756,shrek3,the,1285,True,1de2274fea60,34.71601199998986,latency-d4e0702d7e67.csv
1,d4e0702d7e67,2025-10-15T11:46:02.032795,shrek3,They,80,True,72ad01c69167,31.992707999961567,latency-d4e0702d7e67.csv
2,d4e0702d7e67,2025-10-15T11:46:02.213559,grail,witch,30,True,a45d25883979,28.563274000134697,latency-d4e0702d7e67.csv
2,d4e0702d7e67,2025-10-15T11:46:02.408256,shrek3,SHREK,678,True,1de2274fea60,54.44000499983304,latency-d4e0702d7e67.csv
2,d4e0702d7e67,2025-10-15T11:46:02.613795,shrek3,me,72,True,72ad01c69167,34.83630699975038,latency-d4e0702d7e67.csv
2,d4e0702d7e67,2025-10-15T11:46:02.795867,grail,singing,33,True,72ad01c69167,37.7316270000847,latency-d4e0702d7e67.csv
2,d4e0702d7e67,2025-10-15T11:46:02.958604,grail,the,1600,True,72ad01c69167,33.50531000023693,latency-d4e0702d7e67.csv
2,d4e0702d7e67,2025-10-15T11:46:03.154804,shrek3,116,1,True,a45d25883979,55.84652900006404,latency-d4e0702d7e67.csv
2,d4e0702d7e67,2025-10-15T11:46:03.333649,shrek3,get,39,True,72ad01c69167,21.029514000019844,latency-d4e0702d7e67.csv
2,d4e0702d7e67,2025-10-15T11:46:03.478986,shrek3,Im,1,True,a45d25883979,20.03959600006056,latency-d4e0702d7e67.csv
2,d4e0702d7e67,2025-10-15T11:46:03.613144,shrek,DONKEY,320,True,72ad01c69167,33.160478999889165,latency-d4e0702d7e67.csv
2,d4e0702d7e67,2025-10-15T11:46:03.773029,shrek,FIONA,211,True,a45d25883979,14.48899299975892,latency-d4e0702d7e67.csv
2,d4e0702d7e67,2025-10-15T11:46:03.897934,grail,-,259,True,72ad01c69167,28.960421000192586,latency-d4e0702d7e67.csv
2,d4e0702d7e67,2025-10-15T11:46:04.043948,shrek,GUARD,25,True,1de2274fea60,19.21015200014153,latency-d4e0702d7e67.csv
2,d4e0702d7e67,2025-10-15T11:46:04.189021,shrek3,Final,119,True,1de2274fea60,16.442274999917572,latency-d4e0702d7e67.csv
2,d4e0702d7e67,2025-10-15T11:46:04.314034,grail,for,118,True,a45d25883979,16.91021099986756,latency-d4e0702d7e67.csv
2,d4e0702d7e67,2025-10-15T11:46:04.448905,grail,to,718,True,a45d25883979,18.65894100001242,latency-d4e0702d7e67.csv
2,d4e0702d7e67,2025-10-15T11:46:04.595683,shrek,CROWD,5,True,a45d25883979,11.99911499998052,latency-d4e0702d7e67.csv
2,d4e0702d7e67,2025-10-15T11:46:04.720855,grail,witch,30,True,72ad01c69167,22.160429999985357,latency-d4e0702d7e67.csv
2,d4e0702d7e67,2025-10-15T11:46:04.855264,shrek3,field,3,True,72ad01c69167,11.471876000086922,latency-d4e0702d7e67.csv
2,d4e0702d7e67,2025-10-15T11:46:04.977711,shrek3,the,1285,True,a45d25883979,9.08298200010904,latency-d4e0702d7e67.csv
2,d4e0702d7e67,2025-10-15T11:46:05.098605,shrek3,They,80,True,a45d25883979,9.289872999943327,latency-d4e0702d7e67.csv
1,d755e928d432,2025-10-15T11:45:54.014199,grail,chops,3,True,a45d25883979,40.84277000038128,latency-d755e928d432.csv
1,d755e928d432,2025-10-15T11:45:54.214373,grail,Cleese,10,True,72ad01c69167,14.809151999997994,latency-d755e928d432.csv
1,d755e928d432,2025-10-15T11:45:54.360162,grail,going,21,True,72ad01c69167,20.5997819998629,latency-d755e928d432.csv
1,d755e928d432,2025-10-15T11:45:54.522768,shrek,you,409,True,72ad01c69167,76.96708799994667,latency-d755e928d432.csv
1,d755e928d432,2025-10-15T11:45:54.774607,grail,TV,2,True,1de2274fea60,49.80685999998968,latency-d755e928d432.csv
1,d755e928d432,2025-10-15T11:45:54.943155,shrek3,Whoa,7,True,a45d25883979,54.20986499984792,latency-d755e928d432.csv
1,d755e928d432,2025-10-15T11:45:55.135978,shrek,He,118,True,72ad01c69167,29.566862999672598,latency-d755e928d432.csv
1,d755e928d432,2025-10-15T11:45:55.278281,shrek,field,4,True,a45d25883979,17.722905000027822,latency-d755e928d432.csv
1,d755e928d432,2025-10-15T11:45:55.413661,shrek,and,318,True,1de2274fea60,19.944801999827177,latency-d755e928d432.csv
1,d755e928d432,2025-10-15T11:45:55.561998,shrek,DONKEY,320,True,72ad01c69167,26.314795999951457,latency-d755e928d432.csv
1,d755e928d432,2025-10-15T11:45:55.717847,shrek,one,44,True,72ad01c69167,14.622222000070906,latency-d755e928d432.csv
1,d755e928d432,2025-10-15T11:45:55.841860,grail,thus,5,True,72ad01c69167,12.620875000266096,latency-d755e928d432.csv
1,d755e928d432,2025-10-15T11:45:55.972441,grail,the,1600,True,1de2274fea60,20.71344299974953,latency-d755e928d432.csv
1,d755e928d432,2025-10-15T11:45:56.112687,shrek3,true,1,True,a45d25883979,14.180328999827909,latency-d755e928d432.csv
1,d755e928d432,2025-10-15T11:45:56.247624,shrek3,Gingerbread,37,True,1de2274fea60,13.47923000002993,latency-d755e928d432.csv
1,d755e928d432,2025-10-15T11:45:56.378878,shrek,field,4,True,72ad01c69167,14.039153000339866,latency-d755e928d432.csv
1,d755e928d432,2025-10-15T11:45:56.504881,shrek,"Ha,",0,True,a45d25883979,28.56242799998654,latency-d755e928d432.csv
1,d755e928d432,2025-10-15T11:45:56.660304,shrek3,WHITE,45,True,a45d25883979,45.31345200030046,latency-d755e928d432.csv
1,d755e928d432,2025-10-15T11:45:56.837591,shrek,he,118,True,a45d25883979,13.89498700018521,latency-d755e928d432.csv
1,d755e928d432,2025-10-15T11:45:56.966221,shrek3,Arg,1,True,72ad01c69167,10.979866000070617,latency-d755e928d432.csv
2,d755e928d432,2025-10-15T11:45:57.099418,grail,chops,3,True,1de2274fea60,17.012848999911512,latency-d755e928d432.csv
2,d755e928d432,2025-10-15T11:45:57.254347,grail,Cleese,10,True,a45d25883979,24.856899000042176,latency-d755e928d432.csv
2,d755e928d432,2025-10-15T11:45:57.394648,grail,going,21,True,a45d25883979,19.758517000354917,latency-d755e928d432.csv
2,d755e928d432,2025-10-15T11:45:57.537558,shrek,you,409,True,72ad01c69167,22.45061200028431,latency-d755e928d432.csv
2,d755e928d432,2025-10-15T11:45:57.709148,grail,TV,2,True,72ad01c69167,15.484115000163,latency-d755e928d432.csv
2,d755e928d432,2025-10-15T11:45:57.839073,shrek3,Whoa,7,True,72ad01c69167,15.505776000281912,latency-d755e928d432.csv
2,d755e928d432,2025-10-15T11:45:57.964916,shrek,He,118,True,72ad01c69167,13.14054100021167,latency-d755e928d432.csv
2,d755e928d432,2025-10-15T11:45:58.093229,shrek,field,4,True,a45d25883979,18.23803700017379,latency-d755e928d432.csv
2,d755e928d432,2025-10-15T11:45:58.231264,shrek,and,318,True,1de2274fea60,19.49393399991095,latency-d755e928d432.csv
2,d755e928d432,2025-10-15T11:45:58.380008,shrek,DONKEY,320,True,72ad01c69167,40.54925499985984,latency-d755e928d432.csv
2,d755e928d432,2025-10-15T11:45:58.544171,shrek,one,44,True,a45d25883979,20.86432899977808,latency-d755e928d432.csv
2,d755e928d432,2025-10-15T11:45:58.692641,grail,thus,5,True,1de2274fea60,47.34679900002448,latency-d755e928d432.csv
2,d755e928d432,2025-10-15T11:45:58.873413,grail,the,1600,True,1de2274fea60,39.841934999913065,latency-d755e928d432.csv
2,d755e928d432,2025-10-15T11:45:59.039459,shrek3,true,1,True,1de2274fea60,31.833492999794544,latency-d755e928d432.csv
2,d755e928d432,2025-10-15T11:45:59.194827,shrek3,Gingerbread,37,True,a45d25883979,31.463504000385,latency-d755e928d432.csv
2,d755e928d432,2025-10-15T11:45:59.342809,shrek,field,4,True,72ad01c69167,9.419505000096253,latency-d755e928d432.csv
2,d755e928d432,2025-10-15T11:45:59.477975,shrek,"Ha,",0,True,1de2274fea60,19.090876000063872,latency-d755e928d432.csv
2,d755e928d432,2025-10-15T11:45:59.624443,shrek3,WHITE,45,True,a45d25883979,24.742384000091988,latency-d755e928d432.csv
2,d755e928d432,2025-10-15T11:45:59.770010,shrek,he,118,True,a45d25883979,59.153485000024375,latency-d755e928d432.csv
2,d755e928d432,2025-10-15T11:45:59.964511,shrek3,Arg,1,True,1de2274fea60,20.12008199972115,latency-d755e928d432.csv
1,d7d295fa1ae4,2025-10-15T11:46:04.964181,grail,Get,47,True,72ad01c69167,17.769922999832488,latency-d7d295fa1ae4.csv
1,d7d295fa1ae4,2025-10-15T11:46:05.091880,shrek3,ARTIE,213,True,1de2274fea60,12.54032399992866,latency-d7d295fa1ae4.csv
1,d7d295fa1ae4,2025-10-15T11:46:05.215176,grail,LANCELOT,59,True,1de2274fea60,9.58793300014804,latency-d7d295fa1ae4.csv
1,d7d295fa1ae4,2025-10-15T11:46:05.343425,grail,pathetic,4,True,72ad01c69167,27.19840000008844,latency-d7d295fa1ae4.csv
1,d7d295fa1ae4,2025-10-15T11:46:05.533365,grail,a,666,True,1de2274fea60,10.102333000304498,latency-d7d295fa1ae4.csv
1,d7d295fa1ae4,2025-10-15T11:46:05.651398,shrek,(standing,0,True,a45d25883979,9.101267000005464,latency-d7d295fa1ae4.csv
1,d7d295fa1ae4,2025-10-15T11:46:05.768711,shrek3,the,1285,True,a45d25883979,14.912360000380431,latency-d7d295fa1ae4.csv
1,d7d295fa1ae4,2025-10-15T11:46:05.890557,grail,king,136,True,a45d25883979,8.613222999883874,latency-d7d295fa1ae4.csv
1,d7d295fa1ae4,2025-10-15T11:46:06.007521,grail,about,49,True,1de2274fea60,9.313144000316242,latency-d7d295fa1ae4.csv
1,d7d295fa1ae4,2025-10-15T11:46:06.124123,grail,pause,10,True,a45d25883979,8.875386999989132,latency-d7d295fa1ae4.csv
1,d7d295fa1ae4,2025-10-15T11:46:06.241945,shrek,SHREK,433,True,a45d25883979,20.63730099962413,latency-d7d295fa1ae4.csv
1,d7d295fa1ae4,2025-10-15T11:46:06.375962,shrek3,Donkey,243,True,a45d25883979,12.685923000390176,latency-d7d295fa1ae4.csv
1,d7d295fa1ae4,2025-10-15T11:46:06.499189,grail,19Prince,0,True,a45d25883979,8.672470999954385,latency-d7d295fa1ae4.csv
1,d7d295fa1ae4,2025-10-15T11:46:06.615227,shrek3,MERLIN,73,True,a45d25883979,14.1278810001495,latency-d7d295fa1ae4.csv
1,d7d295fa1ae4,2025-10-15T11:46:06.742161,shrek,Blah,1,True,a45d25883979,8.149347000198759,latency-d7d295fa1ae4.csv
1,d7d295fa1ae4,2025-10-15T11:46:06.859948,shrek,tale,7,True,a45d25883979,4.661758999645826,latency-d7d295fa1ae4.csv
1,d7d295fa1ae4,2025-10-15T11:46:06.970766,shrek,tell,25,True,a45d25883979,12.012281999886907,latency-d7d295fa1ae4.csv
1,d7d295fa1ae4,2025-10-15T11:46:07.096533,shrek3,Cinderella,21,True,a45d25883979,5.018414000005578,latency-d7d295fa1ae4.csv
1,d7d295fa1ae4,2025-10-15T11:46:07.208318,grail,Christ,8,True,a45d25883979,6.495248000192078,latency-d7d295fa1ae4.csv
1,d7d295fa1ae4,2025-10-15T11:46:07.325222,shrek3,SHREK,678,True,a45d25883979,7.1638350000284845,latency-d7d295fa1ae4.csv
2,d7d295fa1ae4,2025-10-15T11:46:07.441843,grail,Get,47,True,a45d25883979,6.371122000018659,latency-d7d295fa1ae4.csv
2,d7d295fa1ae4,2025-10-15T11:46:07.553502,shrek3,ARTIE,213,True,a45d25883979,6.40037899984236,latency-d7d295fa1ae4.csv
2,d7d295fa1ae4,2025-10-15T11:46:07.665463,grail,LANCELOT,59,True,a45d25883979,4.7165959999802,latency-d7d295fa1ae4.csv
2,d7d295fa1ae4,2025-10-15T11:46:07.774878,grail,pathetic,4,True,a45d25883979,6.593414999770175,latency-d7d295fa1ae4.csv
2,d7d295fa1ae4,2025-10-15T11:46:07.888292,grail,a,666,True,a45d25883979,5.010908999793173,latency-d7d295fa1ae4.csv
2,d7d295fa1ae4,2025-10-15T11:46:07.998696,shrek,(standing,0,True,a45d25883979,5.963073000202712,latency-d7d295fa1ae4.csv
2,d7d295fa1ae4,2025-10-15T11:46:08.110006,shrek3,the,1285,True,a45d25883979,7.2464859999854525,latency-d7d295fa1ae4.csv
2,d7d295fa1ae4,2025-10-15T11:46:08.225743,grail,king,136,True,a45d25883979,4.501902999891172,latency-d7d295fa1ae4.csv
2,d7d295fa1ae4,2025-10-15T11:46:08.335387,grail,about,49,True,72ad01c69167,8.785971999714093,latency-d7d295fa1ae4.csv
2,d7d295fa1ae4,2025-10-15T11:46:08.451836,grail,pause,10,True,72ad01c69167,9.489606999977696,latency-d7d295fa1ae4.csv
2,d7d295fa1ae4,2025-10-15T11:46:08.576970,shrek,SHREK,433,True,1de2274fea60,8.681722999881458,latency-d7d295fa1ae4.csv
2,d7d295fa1ae4,2025-10-15T11:46:08.698788,shrek3,Donkey,243,True,a45d25883979,6.923086999904626,latency-d7d295fa1ae4.csv
2,d7d295fa1ae4,2025-10-15T11:46:08.814437,grail,19Prince,0,True,a45d25883979,8.558299000014813,latency-d7d295fa1ae4.csv
2,d7d295fa1ae4,2025-10-15T11:46:08.929210,shrek3,MERLIN,73,True,72ad01c69167,10.711530000207858,latency-d7d295fa1ae4.csv
2,d7d295fa1ae4,2025-10-15T11:46:09.047664,shrek,Blah,1,True,a45d25883979,12.955928999872413,latency-d7d295fa1ae4.csv
2,d7d295fa1ae4,2025-10-15T11:46:09.174039,shrek,tale,7,True,a45d25883979,7.477214000118693,latency-d7d295fa1ae4.csv
2,d7d295fa1ae4,2025-10-15T11:46:09.291703,shrek,tell,25,True,a45d25883979,9.495077999872592,latency-d7d295fa1ae4.csv
2,d7d295fa1ae4,2025-10-15T11:46:09.414562,shrek3,Cinderella,21,True,a45d25883979,12.837799999942945,latency-d7d295fa1ae4.csv
2,d7d295fa1ae4,2025-10-15T11:46:09.543910,grail,Christ,8,True,a45d25883979,10.289248000390216,latency-d7d295fa1ae4.csv
2,d7d295fa1ae4,2025-10-15T11:46:09.666753,shrek3,SHREK,678,True,a45d25883979,6.161077999877307,latency-d7d295fa1ae4.csv
1,da633b68463f,2025-10-15T11:45:01.614819,grail,Auuuuuuuugh,2,True,a45d25883979,5.758229999628384,latency-da633b68463f.csv
1,da633b68463f,2025-10-15T11:45:01.726645,grail,are,114,True,a45d25883979,6.030978000126197,latency-da633b68463f.csv
1,da633b68463f,2025-10-15T11:45:01.840684,shrek3,its,1,True,a45d25883979,4.741632000332174,latency-da633b68463f.csv
1,da633b68463f,2025-10-15T11:45:01.950472,shrek,"Ha,",0,False,a45d25883979,9.07171999961065,latency-da633b68463f.csv
1,da633b68463f,2025-10-15T11:45:02.064367,grail,"Oh,",2,True,a45d25883979,5.306372999712039,latency-da633b68463f.csv
1,da633b68463f,2025-10-15T11:45:02.174999,shrek3,bed,10,True,a45d25883979,7.232251000004908,latency-da633b68463f.csv
1,da633b68463f,2025-10-15T11:45:02.288600,shrek,after,10,True,a45d25883979,7.344123000166292,latency-da633b68463f.csv
1,da633b68463f,2025-10-15T11:45:02.401229,shrek,SHREK,433,True,a45d25883979,5.372631999762234,latency-da633b68463f.csv
1,da633b68463f,2025-10-15T11:45:02.513310,shrek,whistles,2,True,72ad01c69167,7.890163999945798,latency-da633b68463f.csv
1,da633b68463f,2025-10-15T11:45:02.629353,shrek3,supposed,11,True,a45d25883979,8.028707999983453,latency-da633b68463f.csv
1,da633b68463f,2025-10-15T11:45:02.743354,grail,thus,5,True,a45d25883979,5.628427999909036,latency-da633b68463f.csv
1,da633b68463f,2025-10-15T11:45:02.854155,shrek,swamp,18,True,1de2274fea60,5.617407000045205,latency-da633b68463f.csv
1,da633b68463f,2025-10-15T11:45:02.966025,shrek3,and,576,True,72ad01c69167,7.733829999779118,latency-da633b68463f.csv
1,da633b68463f,2025-10-15T11:45:03.083727,grail,them,41,True,a45d25883979,10.560503999840876,latency-da633b68463f.csv
1,da633b68463f,2025-10-15T11:45:03.209847,shrek,No,114,True,a45d25883979,11.681913000302302,latency-da633b68463f.csv
1,da633b68463f,2025-10-15T11:45:03.329590,shrek,swamp,18,True,a45d25883979,12.48173699968902,latency-da633b68463f.csv
1,da633b68463f,2025-10-15T11:45:03.451819,shrek,transport,1,True,72ad01c69167,13.888442999814288,latency-da633b68463f.csv
1,da633b68463f,2025-10-15T11:45:03.579809,shrek,after,10,True,a45d25883979,6.879700000354205,latency-da633b68463f.csv
1,da633b68463f,2025-10-15T11:45:03.694475,shrek,FIONA,211,True,1de2274fea60,5.556528999932198,latency-da633b68463f.csv
1,da633b68463f,2025-10-15T11:45:03.808511,shrek,and,318,True,1de2274fea60,7.883599999786384,latency-da633b68463f.csv
2,da633b68463f,2025-10-15T11:45:03.926174,grail,Auuuuuuuugh,2,True,1de2274fea60,9.64882200014472,latency-da633b68463f.csv
2,da633b68463f,2025-10-15T11:45:04.048357,grail,are,114,True,a45d25883979,8.02673499993034,latency-da633b68463f.csv
2,da633b68463f,2025-10-15T11:45:04.164618,shrek3,its,1,True,a45d25883979,6.572533000053227,latency-da633b68463f.csv
2,da633b68463f,2025-10-15T11:45:04.279152,shrek,"Ha,",0,True,a45d25883979,8.051477000208251,latency-da633b68463f.csv
2,da633b68463f,2025-10-15T11:45:04.396413,grail,"Oh,",2,True,a45d25883979,9.29383599986977,latency-da633b68463f.csv
2,da633b68463f,2025-10-15T11:45:04.546259,shrek3,bed,10,True,72ad01c69167,5.6360489998041885,latency-da633b68463f.csv
2,da633b68463f,2025-10-15T11:45:04.662332,shrek,after,10,True,a45d25883979,4.051404000165348,latency-da633b68463f.csv
2,da633b68463f,2025-10-15T11:45:04.771057,shrek,SHREK,433,True,72ad01c69167,9.598914999969566,latency-da633b68463f.csv
2,da633b68463f,2025-10-15T11:45:04.906669,shrek,whistles,2,True,a45d25883979,10.259779999614691,latency-da633b68463f.csv
2,da633b68463f,2025-10-15T11:45:05.037904,shrek3,supposed,11,True,a45d25883979,8.405500000208121,latency-da633b68463f.csv
2,da633b68463f,2025-10-15T11:45:05.153324,grail,thus,5,True,a45d25883979,8.516426000369393,latency-da633b68463f.csv
2,da633b68463f,2025-10-15T11:45:05.269537,shrek,swamp,18,True,a45d25883979,7.129636000172468,latency-da633b68463f.csv
2,da633b68463f,2025-10-15T11:45:05.384515,shrek3,and,576,True,a45d25883979,8.290240999940579,latency-da633b68463f.csv
2,da633b68463f,2025-10-15T11:45:05.500579,grail,them,41,True,a45d25883979,8.839271999931952,latency-da633b68463f.csv
2,da633b68463f,2025-10-15T11:45:05.614963,shrek,No,114,True,a45d25883979,9.408935000010388,latency-da633b68463f.csv
2,da633b68463f,2025-10-15T11:45:05.730788,shrek,swamp,18,True,a45d25883979,5.896744999972725,latency-da633b68463f.csv
2,da633b68463f,2025-10-15T11:45:05.842006,shrek,transport,1,True,a45d25883979,7.068197000080545,latency-da633b68463f.csv
2,da633b68463f,2025-10-15T11:45:05.956752,shrek,after,10,True,a45d25883979,8.425804000125936,latency-da633b68463f.csv
2,da633b68463f,2025-10-15T11:45:06.074073,shrek,FIONA,211,True,a45d25883979,7.247304999964399,latency-da633b68463f.csv
2,da633b68463f,2025-10-15T11:45:06.187242,shrek,and,318,True,a45d25883979,11.011732000042684,latency-da633b68463f.csv
1,daeac8327098,2025-10-15T11:44:50.490776,grail,from,94,False,a45d25883979,33.633408000241616,latency-daeac8327098.csv
1,daeac8327098,2025-10-15T11:44:50.633410,shrek3,what,82,False,a45d25883979,18.35474200015597,latency-daeac8327098.csv
1,daeac8327098,2025-10-15T11:44:50.759216,shrek,its,1,False,a45d25883979,17.781527999886748,latency-daeac8327098.csv
1,daeac8327098,2025-10-15T11:44:50.883960,shrek,FIONA,211,False,a45d25883979,13.851979000264691,latency-daeac8327098.csv
1,daeac8327098,2025-10-15T11:44:51.005111,grail,Boom,4,False,a45d25883979,25.70068100021672,latency-daeac8327098.csv
1,daeac8327098,2025-10-15T11:44:51.142462,shrek3,WHITE,45,False,a45d25883979,20.324979999713836,latency-daeac8327098.csv
1,daeac8327098,2025-10-15T11:44:51.271201,grail,To,718,False,a45d25883979,15.385707999939768,latency-daeac8327098.csv
1,daeac8327098,2025-10-15T11:44:51.393972,shrek3,of,275,False,a45d25883979,19.3317489997753,latency-daeac8327098.csv
1,daeac8327098,2025-10-15T11:44:51.522711,shrek3,ho,8,False,a45d25883979,20.877820999885444,latency-daeac8327098.csv
1,daeac8327098,2025-10-15T11:44:51.651318,shrek,DONKEY,320,True,a45d25883979,8.41896599968095,latency-daeac8327098.csv
1,daeac8327098,2025-10-15T11:44:51.766783,grail,Tm,5,False,a45d25883979,13.816270000006623,latency-daeac8327098.csv
1,daeac8327098,2025-10-15T11:44:51.888007,shrek,number,8,False,a45d25883979,14.797880000060104,latency-daeac8327098.csv
1,daeac8327098,2025-10-15T11:44:52.010766,grail,the,1600,True,72ad01c69167,9.022128000196972,latency-daeac8327098.csv
1,daeac8327098,2025-10-15T11:44:52.137648,shrek,FIONA,211,True,72ad01c69167,7.271139000295079,latency-daeac8327098.csv
1,daeac8327098,2025-10-15T11:44:52.252463,grail,the,1600,True,72ad01c69167,17.42621700032032,latency-daeac8327098.csv
1,daeac8327098,2025-10-15T11:44:52.381611,shrek3,through,43,False,a45d25883979,32.61230099997192,latency-daeac8327098.csv
1,daeac8327098,2025-10-15T11:44:52.535165,shrek3,ARTIE,213,False,1de2274fea60,30.03478799973891,latency-daeac8327098.csv
1,daeac8327098,2025-10-15T11:44:52.673188,grail,music,21,False,1de2274fea60,35.802246000002924,latency-daeac8327098.csv
1,daeac8327098,2025-10-15T11:44:52.821756,shrek3,Uh,18,False,a45d25883979,21.568408999883104,latency-daeac8327098.csv
1,daeac8327098,2025-10-15T11:44:52.955976,shrek,DONKEY,320,True,72ad01c69167,8.029949000047054,latency-daeac8327098.csv
2,daeac8327098,2025-10-15T11:44:53.075551,grail,from,94,True,1de2274fea60,19.28580300000249,latency-daeac8327098.csv
2,daeac8327098,2025-10-15T11:44:53.211914,shrek3,what,82,True,72ad01c69167,24.82859500014456,latency-daeac8327098.csv
2,daeac8327098,2025-10-15T11:44:53.352901,shrek,its,1,True,a45d25883979,23.605926999607615,latency-daeac8327098.csv
2,daeac8327098,2025-10-15T11:44:53.495806,shrek,FIONA,211,True,a45d25883979,12.496859000293624,latency-daeac8327098.csv
2,daeac8327098,2025-10-15T11:44:53.627641,grail,Boom,4,True,72ad01c69167,17.626976999963517,latency-daeac8327098.csv
2,daeac8327098,2025-10-15T11:44:53.753169,shrek3,WHITE,45,True,a45d25883979,7.630361999872548,latency-daeac8327098.csv
2,daeac8327098,2025-10-15T11:44:53.868543,grail,To,718,True,a45d25883979,6.241697000405111,latency-daeac8327098.csv
2,daeac8327098,2025-10-15T11:44:53.982348,shrek3,of,275,True,a45d25883979,11.459954000201831,latency-daeac8327098.csv
2,daeac8327098,2025-10-15T11:44:54.101848,shrek3,ho,8,True,72ad01c69167,18.283234000136872,latency-daeac8327098.csv
2,daeac8327098,2025-10-15T11:44:54.230013,shrek,DONKEY,320,True,72ad01c69167,9.828876000028686,latency-daeac8327098.csv
2,daeac8327098,2025-10-15T11:44:54.358258,grail,Tm,5,True,72ad01c69167,15.651806000278157,latency-daeac8327098.csv
2,daeac8327098,2025-10-15T11:44:54.491173,shrek,number,8,True,72ad01c69167,15.114851999896928,latency-daeac8327098.csv
2,daeac8327098,2025-10-15T11:44:54.620846,grail,the,1600,True,a45d25883979,13.086829999792826,latency-daeac8327098.csv
2,daeac8327098,2025-10-15T11:44:54.754224,shrek,FIONA,211,True,1de2274fea60,30.711117000009835,latency-daeac8327098.csv
2,daeac8327098,2025-10-15T11:44:54.916283,grail,the,1600,True,a45d25883979,17.51979400023629,latency-daeac8327098.csv
2,daeac8327098,2025-10-15T11:44:55.060676,shrek3,through,43,True,72ad01c69167,23.850821999985783,latency-daeac8327098.csv
2,daeac8327098,2025-10-15T11:44:55.204169,shrek3,ARTIE,213,True,72ad01c69167,10.26241099998515,latency-daeac8327098.csv
2,daeac8327098,2025-10-15T11:44:55.336322,grail,music,21,True,a45d25883979,6.444999999985157,latency-daeac8327098.csv
2,daeac8327098,2025-10-15T11:44:55.464700,shrek3,Uh,18,True,a45d25883979,7.118333000107668,latency-daeac8327098.csv
2,daeac8327098,2025-10-15T11:44:55.579377,shrek,DONKEY,320,True,a45d25883979,11.006737999650795,latency-daeac8327098.csv
1,dba8ea1bee26,2025-10-15T11:45:42.371014,shrek,Is,132,True,a45d25883979,9.609205000288055,latency-dba8ea1bee26.csv
1,dba8ea1bee26,2025-10-15T11:45:42.489938,grail,the,1600,True,a45d25883979,9.558561000176269,latency-dba8ea1bee26.csv
1,dba8ea1bee26,2025-10-15T11:45:42.613078,shrek,I,386,True,a45d25883979,15.243496000039158,latency-dba8ea1bee26.csv
1,dba8ea1bee26,2025-10-15T11:45:42.738792,shrek,SHREK,433,True,72ad01c69167,10.252555000079155,latency-dba8ea1bee26.csv
1,dba8ea1bee26,2025-10-15T11:45:42.859294,grail,I,298,True,72ad01c69167,9.613202000309684,latency-dba8ea1bee26.csv
1,dba8ea1bee26,2025-10-15T11:45:42.978012,grail,on,139,True,72ad01c69167,9.30668599994533,latency-dba8ea1bee26.csv
1,dba8ea1bee26,2025-10-15T11:45:43.099835,grail,Launcelot,107,True,72ad01c69167,12.41709699979765,latency-dba8ea1bee26.csv
1,dba8ea1bee26,2025-10-15T11:45:43.225022,shrek3,"Bay""",0,True,a45d25883979,44.26738199981628,latency-dba8ea1bee26.csv
1,dba8ea1bee26,2025-10-15T11:45:43.393995,grail,Bridge,30,True,a45d25883979,8.183470999938436,latency-dba8ea1bee26.csv
1,dba8ea1bee26,2025-10-15T11:45:43.511012,shrek3,-,110,True,72ad01c69167,7.783822999954282,latency-dba8ea1bee26.csv
1,dba8ea1bee26,2025-10-15T11:45:43.627574,shrek3,his,238,True,a45d25883979,10.116895999999542,latency-dba8ea1bee26.csv
1,dba8ea1bee26,2025-10-15T11:45:43.744846,shrek,SHREK,433,True,a45d25883979,9.003426000163017,latency-dba8ea1bee26.csv
1,dba8ea1bee26,2025-10-15T11:45:43.861483,shrek3,EVIL,59,True,a45d25883979,6.316949999927601,latency-dba8ea1bee26.csv
1,dba8ea1bee26,2025-10-15T11:45:43.974138,shrek3,of,275,True,a45d25883979,8.59671599982903,latency-dba8ea1bee26.csv
1,dba8ea1bee26,2025-10-15T11:45:44.090628,shrek,at,62,True,a45d25883979,10.460169999987556,latency-dba8ea1bee26.csv
1,dba8ea1bee26,2025-10-15T11:45:44.215047,shrek,DONKEY,320,True,a45d25883979,11.480149999897549,latency-dba8ea1bee26.csv
1,dba8ea1bee26,2025-10-15T11:45:44.336722,shrek3,Final,119,True,72ad01c69167,11.28909899989594,latency-dba8ea1bee26.csv
1,dba8ea1bee26,2025-10-15T11:45:44.473424,shrek,a,305,True,a45d25883979,6.686327999886998,latency-dba8ea1bee26.csv
1,dba8ea1bee26,2025-10-15T11:45:44.587746,grail,GALAHAD,87,True,a45d25883979,6.587305000266497,latency-dba8ea1bee26.csv
1,dba8ea1bee26,2025-10-15T11:45:44.700539,shrek3,them,44,True,a45d25883979,8.974128999852837,latency-dba8ea1bee26.csv
2,dba8ea1bee26,2025-10-15T11:45:44.816258,shrek,Is,132,True,a45d25883979,6.841130000339035,latency-dba8ea1bee26.csv
2,dba8ea1bee26,2025-10-15T11:45:44.929970,grail,the,1600,True,a45d25883979,7.817524999609304,latency-dba8ea1bee26.csv
2,dba8ea1bee26,2025-10-15T11:45:45.044657,shrek,I,386,True,a45d25883979,8.136499000102049,latency-dba8ea1bee26.csv
2,dba8ea1bee26,2025-10-15T11:45:45.160439,shrek,SHREK,433,True,a45d25883979,7.494894999581447,latency-dba8ea1bee26.csv
2,dba8ea1bee26,2025-10-15T11:45:45.276283,grail,I,298,True,72ad01c69167,7.869939999636699,latency-dba8ea1bee26.csv
2,dba8ea1bee26,2025-10-15T11:45:45.392208,grail,on,139,True,72ad01c69167,8.90982900000381,latency-dba8ea1bee26.csv
2,dba8ea1bee26,2025-10-15T11:45:45.507868,grail,Launcelot,107,True,72ad01c69167,8.265120000032766,latency-dba8ea1bee26.csv
2,dba8ea1bee26,2025-10-15T11:45:45.625926,shrek3,"Bay""",0,True,a45d25883979,10.70107800023834,latency-dba8ea1bee26.csv
2,dba8ea1bee26,2025-10-15T11:45:45.747516,grail,Bridge,30,True,1de2274fea60,20.644713999899977,latency-dba8ea1bee26.csv
2,dba8ea1bee26,2025-10-15T11:45:45.880981,shrek3,-,110,True,72ad01c69167,7.633194999925763,latency-dba8ea1bee26.csv
2,dba8ea1bee26,2025-10-15T11:45:45.996390,shrek3,his,238,True,72ad01c69167,8.131460000186053,latency-dba8ea1bee26.csv
2,dba8ea1bee26,2025-10-15T11:45:46.114840,shrek,SHREK,433,True,a45d25883979,4.295357000046352,latency-dba8ea1bee26.csv
2,dba8ea1bee26,2025-10-15T11:45:46.225165,shrek3,EVIL,59,True,a45d25883979,6.068932999824028,latency-dba8ea1bee26.csv
2,dba8ea1bee26,2025-10-15T11:45:46.338232,shrek3,of,275,True,a45d25883979,7.33764499955214,latency-dba8ea1bee26.csv
2,dba8ea1bee26,2025-10-15T11:45:46.453408,shrek,at,62,True,a45d25883979,5.020452999815461,latency-dba8ea1bee26.csv
2,dba8ea1bee26,2025-10-15T11:45:46.564300,shrek,DONKEY,320,True,a45d25883979,6.370493000304123,latency-dba8ea1bee26.csv
2,dba8ea1bee26,2025-10-15T11:45:46.678214,shrek3,Final,119,True,a45d25883979,7.422005000080389,latency-dba8ea1bee26.csv
2,dba8ea1bee26,2025-10-15T11:45:46.791996,shrek,a,305,True,a45d25883979,6.317745999695035,latency-dba8ea1bee26.csv
2,dba8ea1bee26,2025-10-15T11:45:46.904865,grail,GALAHAD,87,True,a45d25883979,6.479549999767187,latency-dba8ea1bee26.csv
2,dba8ea1bee26,2025-10-15T11:45:47.017067,shrek3,them,44,True,a45d25883979,5.832247000398638,latency-dba8ea1bee26.csv
1,dbd89cf03531,2025-10-15T11:45:41.691317,shrek3,field,3,True,a45d25883979,6.358168999668123,latency-dbd89cf03531.csv
1,dbd89cf03531,2025-10-15T11:45:41.806884,grail,Guard,106,True,a45d25883979,6.235966999611264,latency-dbd89cf03531.csv
1,dbd89cf03531,2025-10-15T11:45:41.920594,grail,I,298,True,a45d25883979,6.736995999744977,latency-dbd89cf03531.csv
1,dbd89cf03531,2025-10-15T11:45:42.035949,shrek3,CAPTAIN,41,True,1de2274fea60,19.45136099993761,latency-dbd89cf03531.csv
1,dbd89cf03531,2025-10-15T11:45:42.163289,shrek3,Im,1,True,a45d25883979,9.59720999981073,latency-dbd89cf03531.csv
1,dbd89cf03531,2025-10-15T11:45:42.281416,shrek,and,318,True,a45d25883979,6.805519999943499,latency-dbd89cf03531.csv
1,dbd89cf03531,2025-10-15T11:45:42.398647,shrek3,supposed,11,True,a45d25883979,11.836672999834263,latency-dbd89cf03531.csv
1,dbd89cf03531,2025-10-15T11:45:42.520972,grail,grabbing,5,True,a45d25883979,7.828635999885591,latency-dbd89cf03531.csv
1,dbd89cf03531,2025-10-15T11:45:42.644372,shrek,FARQUAAD,84,True,a45d25883979,11.241671000334463,latency-dbd89cf03531.csv
1,dbd89cf03531,2025-10-15T11:45:42.772634,shrek,CROWD,5,True,a45d25883979,9.314911999808828,latency-dbd89cf03531.csv
1,dbd89cf03531,2025-10-15T11:45:42.889426,shrek3,Hold,8,True,a45d25883979,7.303394000246044,latency-dbd89cf03531.csv
1,dbd89cf03531,2025-10-15T11:45:43.005077,shrek,on,88,True,a45d25883979,8.909557999686513,latency-dbd89cf03531.csv
1,dbd89cf03531,2025-10-15T11:45:43.121725,shrek,our,11,True,a45d25883979,11.559458999727212,latency-dbd89cf03531.csv
1,dbd89cf03531,2025-10-15T11:45:43.262703,shrek,placed,1,True,1de2274fea60,30.98249599997871,latency-dbd89cf03531.csv
1,dbd89cf03531,2025-10-15T11:45:43.431089,grail,the,1600,True,a45d25883979,9.34203399992839,latency-dbd89cf03531.csv
1,dbd89cf03531,2025-10-15T11:45:43.548042,shrek,ogre,27,True,a45d25883979,5.73370399979467,latency-dbd89cf03531.csv
1,dbd89cf03531,2025-10-15T11:45:43.660628,shrek3,Ahh,8,True,a45d25883979,7.24143900015406,latency-dbd89cf03531.csv
1,dbd89cf03531,2025-10-15T11:45:43.776161,shrek3,flaming,2,True,a45d25883979,5.111629999646539,latency-dbd89cf03531.csv
1,dbd89cf03531,2025-10-15T11:45:43.887188,shrek,DONKEY,320,True,72ad01c69167,9.430627999790886,latency-dbd89cf03531.csv
1,dbd89cf03531,2025-10-15T11:45:44.007174,shrek,your,49,True,a45d25883979,6.037095000010595,latency-dbd89cf03531.csv
2,dbd89cf03531,2025-10-15T11:45:44.122972,shrek3,field,3,True,a45d25883979,7.117221000044083,latency-dbd89cf03531.csv
2,dbd89cf03531,2025-10-15T11:45:44.237594,grail,Guard,106,True,a45d25883979,7.910971000001155,latency-dbd89cf03531.csv
2,dbd89cf03531,2025-10-15T11:45:44.355018,grail,I,298,True,1de2274fea60,15.479605000109586,latency-dbd89cf03531.csv
2,dbd89cf03531,2025-10-15T11:45:44.503544,shrek3,CAPTAIN,41,True,a45d25883979,6.745342999693094,latency-dbd89cf03531.csv
2,dbd89cf03531,2025-10-15T11:45:44.616099,shrek3,Im,1,True,a45d25883979,7.790214999658929,latency-dbd89cf03531.csv
2,dbd89cf03531,2025-10-15T11:45:44.729706,shrek,and,318,True,a45d25883979,9.362880000026053,latency-dbd89cf03531.csv
2,dbd89cf03531,2025-10-15T11:45:44.845543,shrek3,supposed,11,True,a45d25883979,6.177107999974396,latency-dbd89cf03531.csv
2,dbd89cf03531,2025-10-15T11:45:44.958165,grail,grabbing,5,True,a45d25883979,8.571109999593318,latency-dbd89cf03531.csv
2,dbd89cf03531,2025-10-15T11:45:45.074900,shrek,FARQUAAD,84,True,a45d25883979,8.210894000058033,latency-dbd89cf03531.csv
2,dbd89cf03531,2025-10-15T11:45:45.189933,shrek,CROWD,5,True,a45d25883979,6.358911999996053,latency-dbd89cf03531.csv
2,dbd89cf03531,2025-10-15T11:45:45.303180,shrek3,Hold,8,True,a45d25883979,5.659670000113692,latency-dbd89cf03531.csv
2,dbd89cf03531,2025-10-15T11:45:45.416565,shrek,on,88,True,a45d25883979,4.575096999815287,latency-dbd89cf03531.csv
2,dbd89cf03531,2025-10-15T11:45:45.527467,shrek,our,11,True,a45d25883979,6.568598000285419,latency-dbd89cf03531.csv
2,dbd89cf03531,2025-10-15T11:45:45.641550,shrek,placed,1,True,72ad01c69167,9.625290999792924,latency-dbd89cf03531.csv
2,dbd89cf03531,2025-10-15T11:45:45.763420,grail,the,1600,True,a45d25883979,14.362250999965909,latency-dbd89cf03531.csv
2,dbd89cf03531,2025-10-15T11:45:45.887738,shrek,ogre,27,True,a45d25883979,9.327897000275698,latency-dbd89cf03531.csv
2,dbd89cf03531,2025-10-15T11:45:46.005617,shrek3,Ahh,8,True,a45d25883979,9.218916000008903,latency-dbd89cf03531.csv
2,dbd89cf03531,2025-10-15T11:45:46.121533,shrek3,flaming,2,True,72ad01c69167,6.883927000217227,latency-dbd89cf03531.csv
2,dbd89cf03531,2025-10-15T11:45:46.235327,shrek,DONKEY,320,True,72ad01c69167,11.289864999980637,latency-dbd89cf03531.csv
2,dbd89cf03531,2025-10-15T11:45:46.354624,shrek,your,49,True,a45d25883979,8.95940000009432,latency-dbd89cf03531.csv
1,ded68a7baaa1,2025-10-15T11:46:08.248297,shrek,and,318,True,72ad01c69167,8.215902999836544,latency-ded68a7baaa1.csv
1,ded68a7baaa1,2025-10-15T11:46:08.363711,shrek,trip,1,True,72ad01c69167,9.598574000392546,latency-ded68a7baaa1.csv
1,ded68a7baaa1,2025-10-15T11:46:08.481018,shrek3,ARTIE,213,True,72ad01c69167,9.118209000007482,latency-ded68a7baaa1.csv
1,ded68a7baaa1,2025-10-15T11:46:08.601165,shrek,DONKEY,320,True,72ad01c69167,10.818604000178311,latency-ded68a7baaa1.csv
1,ded68a7baaa1,2025-10-15T11:46:08.720323,grail,Tm,5,True,72ad01c69167,9.498484000232564,latency-ded68a7baaa1.csv
1,ded68a7baaa1,2025-10-15T11:46:08.837558,shrek,DONKEY,320,True,72ad01c69167,7.530918000156817,latency-ded68a7baaa1.csv
1,ded68a7baaa1,2025-10-15T11:46:08.951641,shrek,GUARD,25,True,72ad01c69167,6.774015999781113,latency-ded68a7baaa1.csv
1,ded68a7baaa1,2025-10-15T11:46:09.064769,shrek3,Hold,8,True,1de2274fea60,14.629011000124592,latency-ded68a7baaa1.csv
1,ded68a7baaa1,2025-10-15T11:46:09.191543,shrek3,toward,14,True,a45d25883979,7.243681000090874,latency-ded68a7baaa1.csv
1,ded68a7baaa1,2025-10-15T11:46:09.305118,shrek,a,305,True,72ad01c69167,12.549992999993265,latency-ded68a7baaa1.csv
1,ded68a7baaa1,2025-10-15T11:46:09.427875,shrek3,Artie,213,True,1de2274fea60,16.196526999920025,latency-ded68a7baaa1.csv
1,ded68a7baaa1,2025-10-15T11:46:09.554125,grail,Tm,5,True,1de2274fea60,16.3885649999429,latency-ded68a7baaa1.csv
1,ded68a7baaa1,2025-10-15T11:46:09.681809,grail,singing,33,True,a45d25883979,13.422516999980871,latency-ded68a7baaa1.csv
1,ded68a7baaa1,2025-10-15T11:46:09.806284,shrek3,DONKEY,243,True,a45d25883979,11.130686000342394,latency-ded68a7baaa1.csv
1,ded68a7baaa1,2025-10-15T11:46:09.930966,shrek3,Arg,1,True,a45d25883979,18.82188699983089,latency-ded68a7baaa1.csv
1,ded68a7baaa1,2025-10-15T11:46:10.061222,shrek3,JOCKS,2,True,a45d25883979,13.192389999858278,latency-ded68a7baaa1.csv
1,ded68a7baaa1,2025-10-15T11:46:10.185990,shrek,happily,2,True,72ad01c69167,6.307968999863078,latency-ded68a7baaa1.csv
1,ded68a7baaa1,2025-10-15T11:46:10.305666,shrek3,did,14,True,1de2274fea60,7.124036999812233,latency-ded68a7baaa1.csv
1,ded68a7baaa1,2025-10-15T11:46:10.421796,shrek,who,29,True,1de2274fea60,6.664583999736351,latency-ded68a7baaa1.csv
1,ded68a7baaa1,2025-10-15T11:46:10.534832,shrek,afraid,8,True,1de2274fea60,10.704798000006122,latency-ded68a7baaa1.csv
2,ded68a7baaa1,2025-10-15T11:46:10.657661,shrek,and,318,True,a45d25883979,6.813111999690591,latency-ded68a7baaa1.csv
2,ded68a7baaa1,2025-10-15T11:46:10.774370,shrek,trip,1,True,1de2274fea60,11.216839000098844,latency-ded68a7baaa1.csv
2,ded68a7baaa1,2025-10-15T11:46:10.898055,shrek3,ARTIE,213,True,1de2274fea60,11.548088999916216,latency-ded68a7baaa1.csv
2,ded68a7baaa1,2025-10-15T11:46:11.022330,shrek,DONKEY,320,True,a45d25883979,7.377770999937638,latency-ded68a7baaa1.csv
2,ded68a7baaa1,2025-10-15T11:46:11.145791,grail,Tm,5,True,a45d25883979,9.699480000108451,latency-ded68a7baaa1.csv
2,ded68a7baaa1,2025-10-15T11:46:11.272780,shrek,DONKEY,320,True,a45d25883979,7.103471999926114,latency-ded68a7baaa1.csv
2,ded68a7baaa1,2025-10-15T11:46:11.389623,shrek,GUARD,25,True,a45d25883979,4.969707999862294,latency-ded68a7baaa1.csv
2,ded68a7baaa1,2025-10-15T11:46:11.503782,shrek3,Hold,8,True,a45d25883979,8.454946999790991,latency-ded68a7baaa1.csv
2,ded68a7baaa1,2025-10-15T11:46:11.622362,shrek3,toward,14,True,a45d25883979,5.19918999998481,latency-ded68a7baaa1.csv
2,ded68a7baaa1,2025-10-15T11:46:11.733138,shrek,a,305,True,a45d25883979,12.10127600006672,latency-ded68a7baaa1.csv
2,ded68a7baaa1,2025-10-15T11:46:11.854410,shrek3,Artie,213,True,a45d25883979,11.859586000355192,latency-ded68a7baaa1.csv
2,ded68a7baaa1,2025-10-15T11:46:11.984370,grail,Tm,5,True,1de2274fea60,7.007665999935853,latency-ded68a7baaa1.csv
2,ded68a7baaa1,2025-10-15T11:46:12.098916,grail,singing,33,True,1de2274fea60,8.793738000349549,latency-ded68a7baaa1.csv
2,ded68a7baaa1,2025-10-15T11:46:12.228256,shrek3,DONKEY,243,True,72ad01c69167,9.839139000177964,latency-ded68a7baaa1.csv
2,ded68a7baaa1,2025-10-15T11:46:12.355612,shrek3,Arg,1,True,a45d25883979,12.094593000256282,latency-ded68a7baaa1.csv
2,ded68a7baaa1,2025-10-15T11:46:12.493786,shrek3,JOCKS,2,True,a45d25883979,14.019790000020294,latency-ded68a7baaa1.csv
2,ded68a7baaa1,2025-10-15T11:46:12.624233,shrek,happily,2,True,72ad01c69167,12.744166999709703,latency-ded68a7baaa1.csv
2,ded68a7baaa1,2025-10-15T11:46:12.756159,shrek3,did,14,True,a45d25883979,27.74791699994239,latency-ded68a7baaa1.csv
2,ded68a7baaa1,2025-10-15T11:46:12.927186,shrek,who,29,True,72ad01c69167,27.04839099988021,latency-ded68a7baaa1.csv
2,ded68a7baaa1,2025-10-15T11:46:13.118212,shrek,afraid,8,True,1de2274fea60,23.657449999973323,latency-ded68a7baaa1.csv
1,e32d1d77faa7,2025-10-15T11:45:47.872194,shrek,tell,25,True,1de2274fea60,10.70015200002672,latency-e32d1d77faa7.csv
1,e32d1d77faa7,2025-10-15T11:45:47.992164,shrek3,ruby,1,True,72ad01c69167,21.43108399968696,latency-e32d1d77faa7.csv
1,e32d1d77faa7,2025-10-15T11:45:48.125694,grail,them,41,True,72ad01c69167,15.572139999676438,latency-e32d1d77faa7.csv
1,e32d1d77faa7,2025-10-15T11:45:48.253681,shrek3,flaming,2,True,1de2274fea60,7.096561999787809,latency-e32d1d77faa7.csv
1,e32d1d77faa7,2025-10-15T11:45:48.366931,shrek3,MERLIN,73,True,1de2274fea60,7.675557999846205,latency-e32d1d77faa7.csv
1,e32d1d77faa7,2025-10-15T11:45:48.483226,shrek3,WHITE,45,True,a45d25883979,10.32977100021526,latency-e32d1d77faa7.csv
1,e32d1d77faa7,2025-10-15T11:45:48.600158,grail,us,32,True,1de2274fea60,11.20722299992849,latency-e32d1d77faa7.csv
1,e32d1d77faa7,2025-10-15T11:45:48.721232,shrek3,Donkey,243,True,a45d25883979,7.384588000149961,latency-e32d1d77faa7.csv
1,e32d1d77faa7,2025-10-15T11:45:48.835997,shrek3,decree,1,True,a45d25883979,17.747948999840446,latency-e32d1d77faa7.csv
1,e32d1d77faa7,2025-10-15T11:45:48.961274,shrek,FARQUAAD,84,True,72ad01c69167,8.646231000057014,latency-e32d1d77faa7.csv
1,e32d1d77faa7,2025-10-15T11:45:49.075920,shrek3,field,3,True,72ad01c69167,9.17951900009939,latency-e32d1d77faa7.csv
1,e32d1d77faa7,2025-10-15T11:45:49.192540,grail,19Prince,0,True,a45d25883979,6.717784000102256,latency-e32d1d77faa7.csv
1,e32d1d77faa7,2025-10-15T11:45:49.304992,shrek3,Gingerbread,37,True,72ad01c69167,8.606203999988793,latency-e32d1d77faa7.csv
1,e32d1d77faa7,2025-10-15T11:45:49.419508,grail,Jones,7,True,72ad01c69167,7.478007999907277,latency-e32d1d77faa7.csv
1,e32d1d77faa7,2025-10-15T11:45:49.536514,grail,Guard,106,True,72ad01c69167,21.817550999912783,latency-e32d1d77faa7.csv
1,e32d1d77faa7,2025-10-15T11:45:49.668733,shrek,trip,1,True,72ad01c69167,10.92251000000033,latency-e32d1d77faa7.csv
1,e32d1d77faa7,2025-10-15T11:45:49.794601,shrek3,Hold,8,True,a45d25883979,7.747321999886481,latency-e32d1d77faa7.csv
1,e32d1d77faa7,2025-10-15T11:45:49.911224,grail,are,114,True,a45d25883979,11.368207000032273,latency-e32d1d77faa7.csv
1,e32d1d77faa7,2025-10-15T11:45:50.031369,shrek3,SCHOOL,14,True,a45d25883979,8.301850999941962,latency-e32d1d77faa7.csv
1,e32d1d77faa7,2025-10-15T11:45:50.146642,shrek3,field,3,True,a45d25883979,14.262664000398216,latency-e32d1d77faa7.csv
2,e32d1d77faa7,2025-10-15T11:45:50.269704,shrek,tell,25,True,a45d25883979,6.20030800018867,latency-e32d1d77faa7.csv
2,e32d1d77faa7,2025-10-15T11:45:50.383501,shrek3,ruby,1,True,a45d25883979,9.51365499986423,latency-e32d1d77faa7.csv
2,e32d1d77faa7,2025-10-15T11:45:50.505227,grail,them,41,True,a45d25883979,9.648722999827442,latency-e32d1d77faa7.csv
2,e32d1d77faa7,2025-10-15T11:45:50.624336,shrek3,flaming,2,True,a45d25883979,22.60380100005932,latency-e32d1d77faa7.csv
2,e32d1d77faa7,2025-10-15T11:45:50.757928,shrek3,MERLIN,73,True,72ad01c69167,5.840772999818,latency-e32d1d77faa7.csv
2,e32d1d77faa7,2025-10-15T11:45:50.870643,shrek3,WHITE,45,True,72ad01c69167,4.791561999809346,latency-e32d1d77faa7.csv
2,e32d1d77faa7,2025-10-15T11:45:50.983547,grail,us,32,True,72ad01c69167,9.699920999992171,latency-e32d1d77faa7.csv
2,e32d1d77faa7,2025-10-15T11:45:51.102831,shrek3,Donkey,243,True,a45d25883979,8.82665300014196,latency-e32d1d77faa7.csv
2,e32d1d77faa7,2025-10-15T11:45:51.220263,shrek3,decree,1,True,a45d25883979,6.972976000270137,latency-e32d1d77faa7.csv
2,e32d1d77faa7,2025-10-15T11:45:51.333539,shrek,FARQUAAD,84,True,a45d25883979,6.628871999964758,latency-e32d1d77faa7.csv
2,e32d1d77faa7,2025-10-15T11:45:51.445587,shrek3,field,3,True,a45d25883979,12.284790000194334,latency-e32d1d77faa7.csv
2,e32d1d77faa7,2025-10-15T11:45:51.566326,grail,19Prince,0,True,a45d25883979,9.219780999956129,latency-e32d1d77faa7.csv
2,e32d1d77faa7,2025-10-15T11:45:51.682911,shrek3,Gingerbread,37,True,a45d25883979,10.281567000220091,latency-e32d1d77faa7.csv
2,e32d1d77faa7,2025-10-15T11:45:51.807224,grail,Jones,7,True,a45d25883979,7.59878300004857,latency-e32d1d77faa7.csv
2,e32d1d77faa7,2025-10-15T11:45:51.922548,grail,Guard,106,True,a45d25883979,9.341172999938864,latency-e32d1d77faa7.csv
2,e32d1d77faa7,2025-10-15T11:45:52.063461,shrek,trip,1,True,72ad01c69167,17.03668500022104,latency-e32d1d77faa7.csv
2,e32d1d77faa7,2025-10-15T11:45:52.210720,shrek3,Hold,8,True,a45d25883979,9.804789999634522,latency-e32d1d77faa7.csv
2,e32d1d77faa7,2025-10-15T11:45:52.329909,grail,are,114,True,a45d25883979,7.930809000299632,latency-e32d1d77faa7.csv
2,e32d1d77faa7,2025-10-15T11:45:52.447846,shrek3,SCHOOL,14,True,a45d25883979,8.75011399966752,latency-e32d1d77faa7.csv
2,e32d1d77faa7,2025-10-15T11:45:52.566074,shrek3,field,3,True,a45d25883979,7.521257000007608,latency-e32d1d77faa7.csv
1,e3ca0c2b10a2,2025-10-15T11:45:30.622966,shrek3,decree,1,True,a45d25883979,4.959237999628385,latency-e3ca0c2b10a2.csv
1,e3ca0c2b10a2,2025-10-15T11:45:30.734609,shrek,whistles,2,True,a45d25883979,6.552114999976766,latency-e3ca0c2b10a2.csv
1,e3ca0c2b10a2,2025-10-15T11:45:30.856514,shrek3,decree,1,True,a45d25883979,5.357908999940264,latency-e3ca0c2b10a2.csv
1,e3ca0c2b10a2,2025-10-15T11:45:30.967971,shrek,his,48,True,a45d25883979,4.622939999990194,latency-e3ca0c2b10a2.csv
1,e3ca0c2b10a2,2025-10-15T11:45:31.079164,grail,Tm,5,True,a45d25883979,5.20619299959435,latency-e3ca0c2b10a2.csv
1,e3ca0c2b10a2,2025-10-15T11:45:31.190392,shrek3,-,110,True,a45d25883979,7.097009000062826,latency-e3ca0c2b10a2.csv
1,e3ca0c2b10a2,2025-10-15T11:45:31.305063,shrek3,and,576,True,a45d25883979,4.28988700014088,latency-e3ca0c2b10a2.csv
1,e3ca0c2b10a2,2025-10-15T11:45:31.413843,shrek,this,79,True,a45d25883979,4.9241299998357135,latency-e3ca0c2b10a2.csv
1,e3ca0c2b10a2,2025-10-15T11:45:31.523560,shrek,DONKEY,320,True,a45d25883979,5.75528099989242,latency-e3ca0c2b10a2.csv
1,e3ca0c2b10a2,2025-10-15T11:45:31.634967,grail,CALLS,3,True,a45d25883979,7.698700000219105,latency-e3ca0c2b10a2.csv
1,e3ca0c2b10a2,2025-10-15T11:45:31.749200,shrek3,glass,9,True,a45d25883979,4.531270999905246,latency-e3ca0c2b10a2.csv
1,e3ca0c2b10a2,2025-10-15T11:45:31.858692,shrek,number,8,True,a45d25883979,5.332207999799721,latency-e3ca0c2b10a2.csv
1,e3ca0c2b10a2,2025-10-15T11:45:31.969147,grail,Launcelot,107,True,a45d25883979,6.050173999938124,latency-e3ca0c2b10a2.csv
1,e3ca0c2b10a2,2025-10-15T11:45:32.081000,grail,Jones,7,True,72ad01c69167,7.427281999753177,latency-e3ca0c2b10a2.csv
1,e3ca0c2b10a2,2025-10-15T11:45:32.193803,grail,from,94,True,72ad01c69167,5.439912999918306,latency-e3ca0c2b10a2.csv
1,e3ca0c2b10a2,2025-10-15T11:45:32.304234,shrek3,his,238,True,72ad01c69167,7.7066449998710596,latency-e3ca0c2b10a2.csv
1,e3ca0c2b10a2,2025-10-15T11:45:32.419398,shrek3,Donkey,243,True,72ad01c69167,6.479810000200814,latency-e3ca0c2b10a2.csv
1,e3ca0c2b10a2,2025-10-15T11:45:32.532822,grail,king,136,True,a45d25883979,9.674878999703653,latency-e3ca0c2b10a2.csv
1,e3ca0c2b10a2,2025-10-15T11:45:32.648902,grail,chops,3,True,a45d25883979,6.607879000057437,latency-e3ca0c2b10a2.csv
1,e3ca0c2b10a2,2025-10-15T11:45:32.760418,shrek3,of,275,True,a45d25883979,6.016509999881237,latency-e3ca0c2b10a2.csv
2,e3ca0c2b10a2,2025-10-15T11:45:32.872891,shrek3,decree,1,True,a45d25883979,7.220150000193826,latency-e3ca0c2b10a2.csv
2,e3ca0c2b10a2,2025-10-15T11:45:32.985707,shrek,whistles,2,True,a45d25883979,9.326676000000589,latency-e3ca0c2b10a2.csv
2,e3ca0c2b10a2,2025-10-15T11:45:33.102475,shrek3,decree,1,True,a45d25883979,11.536513000010018,latency-e3ca0c2b10a2.csv
2,e3ca0c2b10a2,2025-10-15T11:45:33.221081,shrek,his,48,True,a45d25883979,9.42910399999164,latency-e3ca0c2b10a2.csv
2,e3ca0c2b10a2,2025-10-15T11:45:33.337351,grail,Tm,5,True,a45d25883979,7.136355999591615,latency-e3ca0c2b10a2.csv
2,e3ca0c2b10a2,2025-10-15T11:45:33.450331,shrek3,-,110,True,a45d25883979,7.766041000195401,latency-e3ca0c2b10a2.csv
2,e3ca0c2b10a2,2025-10-15T11:45:33.563773,shrek3,and,576,True,a45d25883979,6.746845000179746,latency-e3ca0c2b10a2.csv
2,e3ca0c2b10a2,2025-10-15T11:45:33.677109,shrek,this,79,True,a45d25883979,8.16034799981935,latency-e3ca0c2b10a2.csv
2,e3ca0c2b10a2,2025-10-15T11:45:33.792060,shrek,DONKEY,320,True,a45d25883979,6.306443000084983,latency-e3ca0c2b10a2.csv
2,e3ca0c2b10a2,2025-10-15T11:45:33.904374,grail,CALLS,3,True,a45d25883979,4.741795999962051,latency-e3ca0c2b10a2.csv
2,e3ca0c2b10a2,2025-10-15T11:45:34.014243,shrek3,glass,9,True,a45d25883979,6.136286000128166,latency-e3ca0c2b10a2.csv
2,e3ca0c2b10a2,2025-10-15T11:45:34.127091,shrek,number,8,True,a45d25883979,7.451761000083934,latency-e3ca0c2b10a2.csv
2,e3ca0c2b10a2,2025-10-15T11:45:34.243966,grail,Launcelot,107,True,a45d25883979,6.516292000014801,latency-e3ca0c2b10a2.csv
2,e3ca0c2b10a2,2025-10-15T11:45:34.357169,grail,Jones,7,True,a45d25883979,8.00221099962073,latency-e3ca0c2b10a2.csv
2,e3ca0c2b10a2,2025-10-15T11:45:34.473427,grail,from,94,True,a45d25883979,4.809221999948932,latency-e3ca0c2b10a2.csv
2,e3ca0c2b10a2,2025-10-15T11:45:34.585589,shrek3,his,238,True,a45d25883979,5.033241999626625,latency-e3ca0c2b10a2.csv
2,e3ca0c2b10a2,2025-10-15T11:45:34.697211,shrek3,Donkey,243,True,72ad01c69167,8.832134999920527,latency-e3ca0c2b10a2.csv
2,e3ca0c2b10a2,2025-10-15T11:45:34.816726,grail,king,136,True,a45d25883979,5.901334999634855,latency-e3ca0c2b10a2.csv
2,e3ca0c2b10a2,2025-10-15T11:45:34.929854,grail,chops,3,True,a45d25883979,5.689253000127792,latency-e3ca0c2b10a2.csv
2,e3ca0c2b10a2,2025-10-15T11:45:35.042639,shrek3,of,275,True,a45d25883979,8.431612000094901,latency-e3ca0c2b10a2.csv
1,e4d077bc6b57,2025-10-15T11:46:25.447518,shrek,I,386,True,a45d25883979,5.334439999842289,latency-e4d077bc6b57.csv
1,e4d077bc6b57,2025-10-15T11:46:25.558267,shrek,FIONA,211,True,a45d25883979,4.6037219999561785,latency-e4d077bc6b57.csv
1,e4d077bc6b57,2025-10-15T11:46:25.667544,grail,door,14,True,a45d25883979,5.28209699996296,latency-e4d077bc6b57.csv
1,e4d077bc6b57,2025-10-15T11:46:25.779200,grail,the,1600,True,a45d25883979,5.762452999988454,latency-e4d077bc6b57.csv
1,e4d077bc6b57,2025-10-15T11:46:25.890894,shrek3,flaming,2,True,a45d25883979,5.4546779997508565,latency-e4d077bc6b57.csv
1,e4d077bc6b57,2025-10-15T11:46:26.001259,shrek3,ARTIE,213,True,a45d25883979,5.6331899995711865,latency-e4d077bc6b57.csv
1,e4d077bc6b57,2025-10-15T11:46:26.112205,shrek,MAN,38,True,a45d25883979,5.9062109999104,latency-e4d077bc6b57.csv
1,e4d077bc6b57,2025-10-15T11:46:26.223956,grail,Michael,11,True,a45d25883979,5.259533000298688,latency-e4d077bc6b57.csv
1,e4d077bc6b57,2025-10-15T11:46:26.334534,grail,since,10,True,a45d25883979,5.333367000275757,latency-e4d077bc6b57.csv
1,e4d077bc6b57,2025-10-15T11:46:26.451149,shrek3,get,39,True,a45d25883979,19.04059700018479,latency-e4d077bc6b57.csv
1,e4d077bc6b57,2025-10-15T11:46:26.592105,shrek,and,318,True,a45d25883979,24.022686000080284,latency-e4d077bc6b57.csv
1,e4d077bc6b57,2025-10-15T11:46:26.742902,shrek,No,114,True,a45d25883979,26.706751999881817,latency-e4d077bc6b57.csv
1,e4d077bc6b57,2025-10-15T11:46:26.899105,shrek3,cosmic,1,True,a45d25883979,6.330796999918675,latency-e4d077bc6b57.csv
1,e4d077bc6b57,2025-10-15T11:46:27.012406,grail,elected,2,True,72ad01c69167,4.629768000086187,latency-e4d077bc6b57.csv
1,e4d077bc6b57,2025-10-15T11:46:27.123221,shrek3,Im,1,True,a45d25883979,5.022601999826293,latency-e4d077bc6b57.csv
1,e4d077bc6b57,2025-10-15T11:46:27.233727,shrek3,toward,14,True,a45d25883979,9.112509999795291,latency-e4d077bc6b57.csv
1,e4d077bc6b57,2025-10-15T11:46:27.349609,shrek,DONKEY,320,True,a45d25883979,6.456657999933668,latency-e4d077bc6b57.csv
1,e4d077bc6b57,2025-10-15T11:46:27.461784,shrek3,of,275,True,72ad01c69167,9.538824000173918,latency-e4d077bc6b57.csv
1,e4d077bc6b57,2025-10-15T11:46:27.578786,shrek,the,535,True,72ad01c69167,6.580319000022428,latency-e4d077bc6b57.csv
1,e4d077bc6b57,2025-10-15T11:46:27.692006,shrek3,glass,9,True,72ad01c69167,12.090894999801094,latency-e4d077bc6b57.csv
2,e4d077bc6b57,2025-10-15T11:46:27.811812,shrek,I,386,True,72ad01c69167,11.73724599993875,latency-e4d077bc6b57.csv
2,e4d077bc6b57,2025-10-15T11:46:27.930768,shrek,FIONA,211,True,72ad01c69167,10.559039000327177,latency-e4d077bc6b57.csv
2,e4d077bc6b57,2025-10-15T11:46:28.057113,grail,door,14,True,72ad01c69167,8.644302999982756,latency-e4d077bc6b57.csv
2,e4d077bc6b57,2025-10-15T11:46:28.172628,grail,the,1600,True,72ad01c69167,9.078714000224863,latency-e4d077bc6b57.csv
2,e4d077bc6b57,2025-10-15T11:46:28.290369,shrek3,flaming,2,True,a45d25883979,10.099173999606135,latency-e4d077bc6b57.csv
2,e4d077bc6b57,2025-10-15T11:46:28.408166,shrek3,ARTIE,213,True,a45d25883979,8.747679999942193,latency-e4d077bc6b57.csv
2,e4d077bc6b57,2025-10-15T11:46:28.531298,shrek,MAN,38,True,a45d25883979,19.275608000043576,latency-e4d077bc6b57.csv
2,e4d077bc6b57,2025-10-15T11:46:28.671816,grail,Michael,11,True,a45d25883979,8.643552999728854,latency-e4d077bc6b57.csv
2,e4d077bc6b57,2025-10-15T11:46:28.787208,grail,since,10,True,72ad01c69167,7.575834999897779,latency-e4d077bc6b57.csv
2,e4d077bc6b57,2025-10-15T11:46:28.900880,shrek3,get,39,True,72ad01c69167,7.278577000306541,latency-e4d077bc6b57.csv
2,e4d077bc6b57,2025-10-15T11:46:29.013346,shrek,and,318,True,72ad01c69167,10.124447999714905,latency-e4d077bc6b57.csv
2,e4d077bc6b57,2025-10-15T11:46:29.129513,shrek,No,114,True,72ad01c69167,7.504241000333423,latency-e4d077bc6b57.csv
2,e4d077bc6b57,2025-10-15T11:46:29.244143,shrek3,cosmic,1,True,72ad01c69167,8.09890800019275,latency-e4d077bc6b57.csv
2,e4d077bc6b57,2025-10-15T11:46:29.358401,grail,elected,2,True,72ad01c69167,7.197378999990178,latency-e4d077bc6b57.csv
2,e4d077bc6b57,2025-10-15T11:46:29.470991,shrek3,Im,1,True,72ad01c69167,10.465913000189175,latency-e4d077bc6b57.csv
2,e4d077bc6b57,2025-10-15T11:46:29.588201,shrek3,toward,14,True,72ad01c69167,12.350369000159844,latency-e4d077bc6b57.csv
2,e4d077bc6b57,2025-10-15T11:46:29.711860,shrek,DONKEY,320,True,a45d25883979,4.798571999799606,latency-e4d077bc6b57.csv
2,e4d077bc6b57,2025-10-15T11:46:29.822698,shrek3,of,275,True,a45d25883979,9.02852699982759,latency-e4d077bc6b57.csv
2,e4d077bc6b57,2025-10-15T11:46:29.944620,shrek,the,535,True,a45d25883979,5.459130999952322,latency-e4d077bc6b57.csv
2,e4d077bc6b57,2025-10-15T11:46:30.056092,shrek3,glass,9,True,a45d25883979,5.027907999647141,latency-e4d077bc6b57.csv
1,e5b2fbee5f36,2025-10-15T11:46:24.779097,shrek,fair,2,True,a45d25883979,18.227685000056223,latency-e5b2fbee5f36.csv
1,e5b2fbee5f36,2025-10-15T11:46:24.909587,shrek,DONKEY,320,True,1de2274fea60,5.871579000086058,latency-e5b2fbee5f36.csv
1,e5b2fbee5f36,2025-10-15T11:46:25.021919,shrek,and,318,True,72ad01c69167,7.342721999975765,latency-e5b2fbee5f36.csv
1,e5b2fbee5f36,2025-10-15T11:46:25.137192,shrek,HOOD,13,True,72ad01c69167,17.328564999843366,latency-e5b2fbee5f36.csv
1,e5b2fbee5f36,2025-10-15T11:46:25.279171,shrek,looks,37,True,72ad01c69167,13.329645000339951,latency-e5b2fbee5f36.csv
1,e5b2fbee5f36,2025-10-15T11:46:25.399520,grail,going,21,True,72ad01c69167,9.377204999964306,latency-e5b2fbee5f36.csv
1,e5b2fbee5f36,2025-10-15T11:46:25.515585,shrek3,ARTIE,213,True,72ad01c69167,6.868138999834628,latency-e5b2fbee5f36.csv
1,e5b2fbee5f36,2025-10-15T11:46:25.628653,shrek3,DWARF,10,True,72ad01c69167,10.318616999938968,latency-e5b2fbee5f36.csv
1,e5b2fbee5f36,2025-10-15T11:46:25.748517,grail,Who’s,3,True,72ad01c69167,6.674165000276844,latency-e5b2fbee5f36.csv
1,e5b2fbee5f36,2025-10-15T11:46:25.861442,shrek,FIONA,211,True,a45d25883979,5.5883629997879325,latency-e5b2fbee5f36.csv
1,e5b2fbee5f36,2025-10-15T11:46:25.972362,shrek,GORDO,5,True,a45d25883979,5.843006999839417,latency-e5b2fbee5f36.csv
1,e5b2fbee5f36,2025-10-15T11:46:26.083280,grail,To,718,True,72ad01c69167,6.411393999769643,latency-e5b2fbee5f36.csv
1,e5b2fbee5f36,2025-10-15T11:46:26.195694,grail,Jones,7,True,72ad01c69167,7.736097999895719,latency-e5b2fbee5f36.csv
1,e5b2fbee5f36,2025-10-15T11:46:26.310428,shrek,Nobody,4,True,72ad01c69167,7.048012999803177,latency-e5b2fbee5f36.csv
1,e5b2fbee5f36,2025-10-15T11:46:26.424709,shrek,And,318,True,1de2274fea60,51.88834299997325,latency-e5b2fbee5f36.csv
1,e5b2fbee5f36,2025-10-15T11:46:26.622175,shrek,edge,2,True,a45d25883979,31.4146730001994,latency-e5b2fbee5f36.csv
1,e5b2fbee5f36,2025-10-15T11:46:26.773151,shrek,he,118,True,a45d25883979,34.96699300012551,latency-e5b2fbee5f36.csv
1,e5b2fbee5f36,2025-10-15T11:46:26.919971,grail,time,33,True,a45d25883979,7.015400000000227,latency-e5b2fbee5f36.csv
1,e5b2fbee5f36,2025-10-15T11:46:27.037915,shrek3,them,44,True,a45d25883979,7.567013999960181,latency-e5b2fbee5f36.csv
1,e5b2fbee5f36,2025-10-15T11:46:27.155766,shrek,tell,25,True,a45d25883979,5.273549999856186,latency-e5b2fbee5f36.csv
2,e5b2fbee5f36,2025-10-15T11:46:27.266519,shrek,fair,2,True,a45d25883979,6.875297000078717,latency-e5b2fbee5f36.csv
2,e5b2fbee5f36,2025-10-15T11:46:27.380127,shrek,DONKEY,320,True,a45d25883979,6.407320999642252,latency-e5b2fbee5f36.csv
2,e5b2fbee5f36,2025-10-15T11:46:27.492219,shrek,and,318,True,72ad01c69167,33.72156600016751,latency-e5b2fbee5f36.csv
2,e5b2fbee5f36,2025-10-15T11:46:27.637407,shrek,HOOD,13,True,1de2274fea60,7.638055999905191,latency-e5b2fbee5f36.csv
2,e5b2fbee5f36,2025-10-15T11:46:27.751376,shrek,looks,37,True,72ad01c69167,13.08245900008842,latency-e5b2fbee5f36.csv
2,e5b2fbee5f36,2025-10-15T11:46:27.873326,grail,going,21,True,72ad01c69167,12.743128000238356,latency-e5b2fbee5f36.csv
2,e5b2fbee5f36,2025-10-15T11:46:27.995068,shrek3,ARTIE,213,True,72ad01c69167,12.486824999996315,latency-e5b2fbee5f36.csv
2,e5b2fbee5f36,2025-10-15T11:46:28.123169,shrek3,DWARF,10,True,72ad01c69167,10.711425999943458,latency-e5b2fbee5f36.csv
2,e5b2fbee5f36,2025-10-15T11:46:28.241838,grail,Who’s,3,True,72ad01c69167,9.121703000346317,latency-e5b2fbee5f36.csv
2,e5b2fbee5f36,2025-10-15T11:46:28.362234,shrek,FIONA,211,True,72ad01c69167,9.492233999935706,latency-e5b2fbee5f36.csv
2,e5b2fbee5f36,2025-10-15T11:46:28.484176,shrek,GORDO,5,True,72ad01c69167,24.29684900016582,latency-e5b2fbee5f36.csv
2,e5b2fbee5f36,2025-10-15T11:46:28.650303,grail,To,718,True,1de2274fea60,8.748922999984643,latency-e5b2fbee5f36.csv
2,e5b2fbee5f36,2025-10-15T11:46:28.765513,grail,Jones,7,True,72ad01c69167,6.2855349997335,latency-e5b2fbee5f36.csv
2,e5b2fbee5f36,2025-10-15T11:46:28.877093,shrek,Nobody,4,True,72ad01c69167,4.586007999932917,latency-e5b2fbee5f36.csv
2,e5b2fbee5f36,2025-10-15T11:46:28.986859,shrek,And,318,True,72ad01c69167,5.204877000323904,latency-e5b2fbee5f36.csv
2,e5b2fbee5f36,2025-10-15T11:46:29.098566,shrek,edge,2,True,72ad01c69167,7.361673000104929,latency-e5b2fbee5f36.csv
2,e5b2fbee5f36,2025-10-15T11:46:29.212089,shrek,he,118,True,72ad01c69167,5.019046000143135,latency-e5b2fbee5f36.csv
2,e5b2fbee5f36,2025-10-15T11:46:29.323075,grail,time,33,True,72ad01c69167,5.3367329996945045,latency-e5b2fbee5f36.csv
2,e5b2fbee5f36,2025-10-15T11:46:29.432241,shrek3,them,44,True,72ad01c69167,7.506965999709791,latency-e5b2fbee5f36.csv
2,e5b2fbee5f36,2025-10-15T11:46:29.545559,shrek,tell,25,True,72ad01c69167,6.308734999947774,latency-e5b2fbee5f36.csv
1,e676fbe9294d,2025-10-15T11:45:21.213049,grail,the,1600,True,a45d25883979,7.515755999975227,latency-e676fbe9294d.csv
1,e676fbe9294d,2025-10-15T11:45:21.329705,shrek,one,44,True,a45d25883979,4.47973100017407,latency-e676fbe9294d.csv
1,e676fbe9294d,2025-10-15T11:45:21.440702,shrek,old,10,True,a45d25883979,6.333386999813229,latency-e676fbe9294d.csv
1,e676fbe9294d,2025-10-15T11:45:21.555558,shrek,What,104,True,a45d25883979,6.220827999641188,latency-e676fbe9294d.csv
1,e676fbe9294d,2025-10-15T11:45:21.668318,shrek,tale,7,True,a45d25883979,7.082617999913055,latency-e676fbe9294d.csv
1,e676fbe9294d,2025-10-15T11:45:21.780856,shrek,Shrek,433,True,a45d25883979,5.031594999763911,latency-e676fbe9294d.csv
1,e676fbe9294d,2025-10-15T11:45:21.891130,grail,is,317,True,a45d25883979,6.482217000211676,latency-e676fbe9294d.csv
1,e676fbe9294d,2025-10-15T11:45:22.003442,shrek,rising,1,True,a45d25883979,5.0632980000955286,latency-e676fbe9294d.csv
1,e676fbe9294d,2025-10-15T11:45:22.113846,shrek,tell,25,True,a45d25883979,6.6273990000809135,latency-e676fbe9294d.csv
1,e676fbe9294d,2025-10-15T11:45:22.227122,shrek,And,318,True,72ad01c69167,10.840311999800178,latency-e676fbe9294d.csv
1,e676fbe9294d,2025-10-15T11:45:22.346183,grail,Who’s,3,True,72ad01c69167,7.090057999903365,latency-e676fbe9294d.csv
1,e676fbe9294d,2025-10-15T11:45:22.461994,grail,for,118,True,72ad01c69167,6.381310000051599,latency-e676fbe9294d.csv
1,e676fbe9294d,2025-10-15T11:45:22.574927,shrek,HOOD,13,True,72ad01c69167,4.895600000054401,latency-e676fbe9294d.csv
1,e676fbe9294d,2025-10-15T11:45:22.685062,grail,LANCELOT,59,True,72ad01c69167,6.93593799996961,latency-e676fbe9294d.csv
1,e676fbe9294d,2025-10-15T11:45:22.800334,shrek3,Artie,213,True,a45d25883979,9.838854000008723,latency-e676fbe9294d.csv
1,e676fbe9294d,2025-10-15T11:45:22.921235,shrek3,WHITE,45,True,72ad01c69167,6.358987000112393,latency-e676fbe9294d.csv
1,e676fbe9294d,2025-10-15T11:45:23.035634,shrek,SHREK,433,True,72ad01c69167,6.709472999773425,latency-e676fbe9294d.csv
1,e676fbe9294d,2025-10-15T11:45:23.149333,shrek,the,535,True,a45d25883979,5.837546999828192,latency-e676fbe9294d.csv
1,e676fbe9294d,2025-10-15T11:45:23.260963,grail,music,21,True,a45d25883979,7.120352999663737,latency-e676fbe9294d.csv
1,e676fbe9294d,2025-10-15T11:45:23.375950,shrek,No,114,True,a45d25883979,8.415135000177543,latency-e676fbe9294d.csv
2,e676fbe9294d,2025-10-15T11:45:23.492503,grail,the,1600,True,72ad01c69167,11.568548000013834,latency-e676fbe9294d.csv
2,e676fbe9294d,2025-10-15T11:45:23.611624,shrek,one,44,True,1de2274fea60,10.030237000137276,latency-e676fbe9294d.csv
2,e676fbe9294d,2025-10-15T11:45:23.730682,shrek,old,10,True,a45d25883979,14.29369899960875,latency-e676fbe9294d.csv
2,e676fbe9294d,2025-10-15T11:45:23.853910,shrek,What,104,True,72ad01c69167,12.14997899978698,latency-e676fbe9294d.csv
2,e676fbe9294d,2025-10-15T11:45:23.973135,shrek,tale,7,True,72ad01c69167,10.5039879999822,latency-e676fbe9294d.csv
2,e676fbe9294d,2025-10-15T11:45:24.092657,shrek,Shrek,433,True,72ad01c69167,12.519681999947352,latency-e676fbe9294d.csv
2,e676fbe9294d,2025-10-15T11:45:24.213024,grail,is,317,True,72ad01c69167,8.512549999977637,latency-e676fbe9294d.csv
2,e676fbe9294d,2025-10-15T11:45:24.327878,shrek,rising,1,True,72ad01c69167,10.447011999985987,latency-e676fbe9294d.csv
2,e676fbe9294d,2025-10-15T11:45:24.445380,shrek,tell,25,True,72ad01c69167,8.964218000073743,latency-e676fbe9294d.csv
2,e676fbe9294d,2025-10-15T11:45:24.561129,shrek,And,318,True,72ad01c69167,9.12246099960612,latency-e676fbe9294d.csv
2,e676fbe9294d,2025-10-15T11:45:24.677487,grail,Who’s,3,True,72ad01c69167,9.59831199998007,latency-e676fbe9294d.csv
2,e676fbe9294d,2025-10-15T11:45:24.794362,grail,for,118,True,a45d25883979,5.80918700006805,latency-e676fbe9294d.csv
2,e676fbe9294d,2025-10-15T11:45:24.906621,shrek,HOOD,13,True,72ad01c69167,8.421718000136025,latency-e676fbe9294d.csv
2,e676fbe9294d,2025-10-15T11:45:25.021151,grail,LANCELOT,59,True,a45d25883979,6.132535999768152,latency-e676fbe9294d.csv
2,e676fbe9294d,2025-10-15T11:45:25.132459,shrek3,Artie,213,True,72ad01c69167,7.981317999565363,latency-e676fbe9294d.csv
2,e676fbe9294d,2025-10-15T11:45:25.247190,shrek3,WHITE,45,True,72ad01c69167,7.761473999835289,latency-e676fbe9294d.csv
2,e676fbe9294d,2025-10-15T11:45:25.360628,shrek,SHREK,433,True,72ad01c69167,8.489129999816214,latency-e676fbe9294d.csv
2,e676fbe9294d,2025-10-15T11:45:25.475388,shrek,the,535,True,a45d25883979,8.228983999742923,latency-e676fbe9294d.csv
2,e676fbe9294d,2025-10-15T11:45:25.590450,grail,music,21,True,72ad01c69167,7.924592000108532,latency-e676fbe9294d.csv
2,e676fbe9294d,2025-10-15T11:45:25.703846,shrek,No,114,True,72ad01c69167,7.281491000412643,latency-e676fbe9294d.csv
1,e6c9d96da738,2025-10-15T11:45:19.959660,shrek3,him,87,True,a45d25883979,5.049119999966933,latency-e6c9d96da738.csv
1,e6c9d96da738,2025-10-15T11:45:20.073148,shrek,Shrek,433,True,a45d25883979,5.482882000251266,latency-e6c9d96da738.csv
1,e6c9d96da738,2025-10-15T11:45:20.186436,shrek,DONKEY,320,True,a45d25883979,5.795620999833773,latency-e6c9d96da738.csv
1,e6c9d96da738,2025-10-15T11:45:20.301591,grail,dancing,10,True,a45d25883979,5.37317999987863,latency-e6c9d96da738.csv
1,e6c9d96da738,2025-10-15T11:45:20.413355,grail,the,1600,True,1de2274fea60,7.56917099988641,latency-e6c9d96da738.csv
1,e6c9d96da738,2025-10-15T11:45:20.526346,shrek,FARQUAAD,84,True,1de2274fea60,6.8646750000880274,latency-e6c9d96da738.csv
1,e6c9d96da738,2025-10-15T11:45:20.640299,grail,for,118,True,1de2274fea60,9.193784999752095,latency-e6c9d96da738.csv
1,e6c9d96da738,2025-10-15T11:45:20.756076,shrek,transport,1,True,1de2274fea60,7.662813000024471,latency-e6c9d96da738.csv
1,e6c9d96da738,2025-10-15T11:45:20.869770,grail,Get,47,True,72ad01c69167,6.494720999853598,latency-e6c9d96da738.csv
1,e6c9d96da738,2025-10-15T11:45:20.982718,shrek3,bed,10,True,1de2274fea60,13.198824000028251,latency-e6c9d96da738.csv
1,e6c9d96da738,2025-10-15T11:45:21.109787,shrek,Nobody,4,True,72ad01c69167,7.63271400001031,latency-e6c9d96da738.csv
1,e6c9d96da738,2025-10-15T11:45:21.225502,shrek,MAN,38,True,1de2274fea60,7.82334500036086,latency-e6c9d96da738.csv
1,e6c9d96da738,2025-10-15T11:45:21.343187,shrek,I,386,True,a45d25883979,6.014656999923318,latency-e6c9d96da738.csv
1,e6c9d96da738,2025-10-15T11:45:21.455797,shrek,way,26,True,a45d25883979,6.974289000027056,latency-e6c9d96da738.csv
1,e6c9d96da738,2025-10-15T11:45:21.572253,shrek3,SHREK,678,True,72ad01c69167,5.904141999963031,latency-e6c9d96da738.csv
1,e6c9d96da738,2025-10-15T11:45:21.689169,shrek3,its,1,True,1de2274fea60,6.264546999773302,latency-e6c9d96da738.csv
1,e6c9d96da738,2025-10-15T11:45:21.806942,grail,pause,10,True,72ad01c69167,6.304280000222207,latency-e6c9d96da738.csv
1,e6c9d96da738,2025-10-15T11:45:21.920728,shrek,GUARD,25,True,72ad01c69167,6.76467599987518,latency-e6c9d96da738.csv
1,e6c9d96da738,2025-10-15T11:45:22.033042,shrek3,Ahh,8,False,72ad01c69167,14.878996000334157,latency-e6c9d96da738.csv
1,e6c9d96da738,2025-10-15T11:45:22.155101,shrek,No,114,True,72ad01c69167,6.371988000410056,latency-e6c9d96da738.csv
2,e6c9d96da738,2025-10-15T11:45:22.268205,shrek3,him,87,True,72ad01c69167,7.77292699967802,latency-e6c9d96da738.csv
2,e6c9d96da738,2025-10-15T11:45:22.384084,shrek,Shrek,433,True,a45d25883979,14.688465000290307,latency-e6c9d96da738.csv
2,e6c9d96da738,2025-10-15T11:45:22.519092,shrek,DONKEY,320,True,a45d25883979,6.400976999884733,latency-e6c9d96da738.csv
2,e6c9d96da738,2025-10-15T11:45:22.631707,grail,dancing,10,True,a45d25883979,6.576679999852786,latency-e6c9d96da738.csv
2,e6c9d96da738,2025-10-15T11:45:22.743721,grail,the,1600,True,a45d25883979,6.279727000219282,latency-e6c9d96da738.csv
2,e6c9d96da738,2025-10-15T11:45:22.856212,shrek,FARQUAAD,84,True,a45d25883979,7.823705999726371,latency-e6c9d96da738.csv
2,e6c9d96da738,2025-10-15T11:45:22.970275,grail,for,118,True,a45d25883979,10.865441000078135,latency-e6c9d96da738.csv
2,e6c9d96da738,2025-10-15T11:45:23.087866,shrek,transport,1,True,a45d25883979,8.462358000087988,latency-e6c9d96da738.csv
2,e6c9d96da738,2025-10-15T11:45:23.202746,grail,Get,47,True,a45d25883979,6.480102999830706,latency-e6c9d96da738.csv
2,e6c9d96da738,2025-10-15T11:45:23.314828,shrek3,bed,10,True,a45d25883979,9.072925000054964,latency-e6c9d96da738.csv
2,e6c9d96da738,2025-10-15T11:45:23.432468,shrek,Nobody,4,True,a45d25883979,8.681402999627608,latency-e6c9d96da738.csv
2,e6c9d96da738,2025-10-15T11:45:23.557787,shrek,MAN,38,True,72ad01c69167,5.15403300005346,latency-e6c9d96da738.csv
2,e6c9d96da738,2025-10-15T11:45:23.668144,shrek,I,386,True,72ad01c69167,6.600404999971943,latency-e6c9d96da738.csv
2,e6c9d96da738,2025-10-15T11:45:23.781600,shrek,way,26,True,72ad01c69167,5.9267670003464445,latency-e6c9d96da738.csv
2,e6c9d96da738,2025-10-15T11:45:23.893949,shrek3,SHREK,678,True,a45d25883979,6.3787159997446,latency-e6c9d96da738.csv
2,e6c9d96da738,2025-10-15T11:45:24.007017,shrek3,its,1,True,a45d25883979,8.005474000128743,latency-e6c9d96da738.csv
2,e6c9d96da738,2025-10-15T11:45:24.121866,grail,pause,10,True,a45d25883979,8.701802999894426,latency-e6c9d96da738.csv
2,e6c9d96da738,2025-10-15T11:45:24.238726,shrek,GUARD,25,True,a45d25883979,7.599835000291932,latency-e6c9d96da738.csv
2,e6c9d96da738,2025-10-15T11:45:24.353983,shrek3,Ahh,8,True,a45d25883979,8.48363299974153,latency-e6c9d96da738.csv
2,e6c9d96da738,2025-10-15T11:45:24.470705,shrek,No,114,True,a45d25883979,9.924770999987231,latency-e6c9d96da738.csv
1,e764dbaa2d24,2025-10-15T11:45:46.496538,shrek3,"Suddenly,",0,True,a45d25883979,6.763433000287478,latency-e764dbaa2d24.csv
1,e764dbaa2d24,2025-10-15T11:45:46.611903,shrek,who,29,True,a45d25883979,8.279176999621995,latency-e764dbaa2d24.csv
1,e764dbaa2d24,2025-10-15T11:45:46.729393,grail,king,136,True,a45d25883979,16.036483999869233,latency-e764dbaa2d24.csv
1,e764dbaa2d24,2025-10-15T11:45:46.855637,grail,the,1600,True,a45d25883979,12.801275000128951,latency-e764dbaa2d24.csv
1,e764dbaa2d24,2025-10-15T11:45:46.983522,grail,-,259,True,72ad01c69167,9.050371999819616,latency-e764dbaa2d24.csv
1,e764dbaa2d24,2025-10-15T11:45:47.104055,shrek,who,29,True,a45d25883979,14.83738600018114,latency-e764dbaa2d24.csv
1,e764dbaa2d24,2025-10-15T11:45:47.232647,grail,cross,13,True,a45d25883979,9.971038000003318,latency-e764dbaa2d24.csv
1,e764dbaa2d24,2025-10-15T11:45:47.352716,grail,at,104,True,a45d25883979,9.583579000263851,latency-e764dbaa2d24.csv
1,e764dbaa2d24,2025-10-15T11:45:47.490857,grail,king,136,True,a45d25883979,5.463313999825914,latency-e764dbaa2d24.csv
1,e764dbaa2d24,2025-10-15T11:45:47.604967,shrek3,Ahh,8,True,a45d25883979,6.977255000037985,latency-e764dbaa2d24.csv
1,e764dbaa2d24,2025-10-15T11:45:47.719394,grail,Michael,11,True,a45d25883979,6.55736299995624,latency-e764dbaa2d24.csv
1,e764dbaa2d24,2025-10-15T11:45:47.834565,shrek,MAN,38,True,a45d25883979,4.724502000044595,latency-e764dbaa2d24.csv
1,e764dbaa2d24,2025-10-15T11:45:47.945414,grail,to,718,True,a45d25883979,6.532397999762907,latency-e764dbaa2d24.csv
1,e764dbaa2d24,2025-10-15T11:45:48.060757,grail,Bridge,30,True,a45d25883979,6.952812000236008,latency-e764dbaa2d24.csv
1,e764dbaa2d24,2025-10-15T11:45:48.178132,grail,Christ,8,True,a45d25883979,6.297066000115592,latency-e764dbaa2d24.csv
1,e764dbaa2d24,2025-10-15T11:45:48.293811,grail,To,718,True,a45d25883979,5.894126999919536,latency-e764dbaa2d24.csv
1,e764dbaa2d24,2025-10-15T11:45:48.408246,shrek,to,268,True,a45d25883979,4.955936999976984,latency-e764dbaa2d24.csv
1,e764dbaa2d24,2025-10-15T11:45:48.519318,shrek3,Ahh,8,True,a45d25883979,6.616653000037331,latency-e764dbaa2d24.csv
1,e764dbaa2d24,2025-10-15T11:45:48.632781,grail,time,33,True,a45d25883979,7.3994949998450466,latency-e764dbaa2d24.csv
1,e764dbaa2d24,2025-10-15T11:45:48.748370,shrek,its,1,True,a45d25883979,10.023914999692352,latency-e764dbaa2d24.csv
2,e764dbaa2d24,2025-10-15T11:45:48.866610,shrek3,"Suddenly,",0,True,a45d25883979,7.515711999985797,latency-e764dbaa2d24.csv
2,e764dbaa2d24,2025-10-15T11:45:48.980002,shrek,who,29,True,a45d25883979,8.739933000015299,latency-e764dbaa2d24.csv
2,e764dbaa2d24,2025-10-15T11:45:49.095338,grail,king,136,True,a45d25883979,7.685297000080027,latency-e764dbaa2d24.csv
2,e764dbaa2d24,2025-10-15T11:45:49.209954,grail,the,1600,True,a45d25883979,6.511096999929578,latency-e764dbaa2d24.csv
2,e764dbaa2d24,2025-10-15T11:45:49.322515,grail,-,259,True,a45d25883979,7.115585000065039,latency-e764dbaa2d24.csv
2,e764dbaa2d24,2025-10-15T11:45:49.436765,shrek,who,29,True,a45d25883979,8.156362999670819,latency-e764dbaa2d24.csv
2,e764dbaa2d24,2025-10-15T11:45:49.552877,grail,cross,13,True,1de2274fea60,10.389823999958026,latency-e764dbaa2d24.csv
2,e764dbaa2d24,2025-10-15T11:45:49.679596,grail,at,104,True,a45d25883979,10.652129000391142,latency-e764dbaa2d24.csv
2,e764dbaa2d24,2025-10-15T11:45:49.801928,grail,king,136,True,1de2274fea60,8.09311400007573,latency-e764dbaa2d24.csv
2,e764dbaa2d24,2025-10-15T11:45:49.917367,shrek3,Ahh,8,True,72ad01c69167,9.058763999746589,latency-e764dbaa2d24.csv
2,e764dbaa2d24,2025-10-15T11:45:50.035295,grail,Michael,11,True,72ad01c69167,6.82436700026301,latency-e764dbaa2d24.csv
2,e764dbaa2d24,2025-10-15T11:45:50.152297,shrek,MAN,38,True,72ad01c69167,9.731817999636403,latency-e764dbaa2d24.csv
2,e764dbaa2d24,2025-10-15T11:45:50.272309,grail,to,718,True,72ad01c69167,5.200423000133014,latency-e764dbaa2d24.csv
2,e764dbaa2d24,2025-10-15T11:45:50.385574,grail,Bridge,30,True,a45d25883979,8.488238999689202,latency-e764dbaa2d24.csv
2,e764dbaa2d24,2025-10-15T11:45:50.506863,grail,Christ,8,True,a45d25883979,9.268131000226276,latency-e764dbaa2d24.csv
2,e764dbaa2d24,2025-10-15T11:45:50.624917,grail,To,718,True,a45d25883979,14.096995999807405,latency-e764dbaa2d24.csv
2,e764dbaa2d24,2025-10-15T11:45:50.753327,shrek,to,268,True,a45d25883979,7.313463000173215,latency-e764dbaa2d24.csv
2,e764dbaa2d24,2025-10-15T11:45:50.867877,shrek3,Ahh,8,True,a45d25883979,6.362911999985954,latency-e764dbaa2d24.csv
2,e764dbaa2d24,2025-10-15T11:45:50.981749,grail,time,33,True,a45d25883979,10.30769799990594,latency-e764dbaa2d24.csv
2,e764dbaa2d24,2025-10-15T11:45:51.101493,shrek,its,1,True,a45d25883979,10.629964999679942,latency-e764dbaa2d24.csv
1,e8fd1fa7ed7a,2025-10-15T11:45:07.621302,shrek,INSIDE,16,True,a45d25883979,5.346514999928331,latency-e8fd1fa7ed7a.csv
1,e8fd1fa7ed7a,2025-10-15T11:45:07.732139,shrek3,SHREK,678,True,a45d25883979,5.036978000134695,latency-e8fd1fa7ed7a.csv
1,e8fd1fa7ed7a,2025-10-15T11:45:07.842115,grail,on,139,True,a45d25883979,7.317601000067952,latency-e8fd1fa7ed7a.csv
1,e8fd1fa7ed7a,2025-10-15T11:45:07.956195,grail,Get,47,True,72ad01c69167,5.166941999959818,latency-e8fd1fa7ed7a.csv
1,e8fd1fa7ed7a,2025-10-15T11:45:08.066309,shrek3,the,1285,True,72ad01c69167,5.668651000178215,latency-e8fd1fa7ed7a.csv
1,e8fd1fa7ed7a,2025-10-15T11:45:08.176697,shrek,fair,2,True,a45d25883979,6.870261999665672,latency-e8fd1fa7ed7a.csv
1,e8fd1fa7ed7a,2025-10-15T11:45:08.289286,grail,ANOTHER,25,True,a45d25883979,9.387615000377991,latency-e8fd1fa7ed7a.csv
1,e8fd1fa7ed7a,2025-10-15T11:45:08.405861,shrek,true,20,True,72ad01c69167,10.383675999946718,latency-e8fd1fa7ed7a.csv
1,e8fd1fa7ed7a,2025-10-15T11:45:08.524378,shrek,stairs,7,False,72ad01c69167,18.65418299985322,latency-e8fd1fa7ed7a.csv
1,e8fd1fa7ed7a,2025-10-15T11:45:08.647792,shrek3,cues,3,True,a45d25883979,6.888501000048564,latency-e8fd1fa7ed7a.csv
1,e8fd1fa7ed7a,2025-10-15T11:45:08.763820,shrek3,the,1285,True,a45d25883979,14.00140099985947,latency-e8fd1fa7ed7a.csv
1,e8fd1fa7ed7a,2025-10-15T11:45:08.893416,shrek3,ruby,1,True,a45d25883979,9.53434399980324,latency-e8fd1fa7ed7a.csv
1,e8fd1fa7ed7a,2025-10-15T11:45:09.015562,shrek,don't,72,True,a45d25883979,6.764760999885766,latency-e8fd1fa7ed7a.csv
1,e8fd1fa7ed7a,2025-10-15T11:45:09.131696,grail,Boom,4,True,72ad01c69167,10.365685000124358,latency-e8fd1fa7ed7a.csv
1,e8fd1fa7ed7a,2025-10-15T11:45:09.256431,shrek,GUARD,25,True,1de2274fea60,8.240097999987483,latency-e8fd1fa7ed7a.csv
1,e8fd1fa7ed7a,2025-10-15T11:45:09.373095,shrek3,them,44,True,1de2274fea60,9.396852999998371,latency-e8fd1fa7ed7a.csv
1,e8fd1fa7ed7a,2025-10-15T11:45:09.492633,shrek,"Well,",0,True,72ad01c69167,6.01852499994493,latency-e8fd1fa7ed7a.csv
1,e8fd1fa7ed7a,2025-10-15T11:45:09.606566,shrek3,him,87,True,72ad01c69167,4.741585999909148,latency-e8fd1fa7ed7a.csv
1,e8fd1fa7ed7a,2025-10-15T11:45:09.716740,grail,ANOTHER,25,True,72ad01c69167,5.024313999911101,latency-e8fd1fa7ed7a.csv
1,e8fd1fa7ed7a,2025-10-15T11:45:09.826720,shrek3,Be,71,True,72ad01c69167,7.215649000045232,latency-e8fd1fa7ed7a.csv
2,e8fd1fa7ed7a,2025-10-15T11:45:09.942073,shrek,INSIDE,16,True,72ad01c69167,5.017524999857415,latency-e8fd1fa7ed7a.csv
2,e8fd1fa7ed7a,2025-10-15T11:45:10.051994,shrek3,SHREK,678,True,72ad01c69167,4.618469999968511,latency-e8fd1fa7ed7a.csv
2,e8fd1fa7ed7a,2025-10-15T11:45:10.161977,grail,on,139,True,72ad01c69167,5.585350000274048,latency-e8fd1fa7ed7a.csv
2,e8fd1fa7ed7a,2025-10-15T11:45:10.273110,grail,Get,47,True,72ad01c69167,6.18392100022902,latency-e8fd1fa7ed7a.csv
2,e8fd1fa7ed7a,2025-10-15T11:45:10.386529,shrek3,the,1285,True,a45d25883979,4.843769000217435,latency-e8fd1fa7ed7a.csv
2,e8fd1fa7ed7a,2025-10-15T11:45:10.496335,shrek,fair,2,True,a45d25883979,6.611004000205867,latency-e8fd1fa7ed7a.csv
2,e8fd1fa7ed7a,2025-10-15T11:45:10.609899,grail,ANOTHER,25,True,a45d25883979,6.623239000418835,latency-e8fd1fa7ed7a.csv
2,e8fd1fa7ed7a,2025-10-15T11:45:10.726748,shrek,true,20,True,a45d25883979,7.895012000062707,latency-e8fd1fa7ed7a.csv
2,e8fd1fa7ed7a,2025-10-15T11:45:10.840481,shrek,stairs,7,True,a45d25883979,31.633343999601493,latency-e8fd1fa7ed7a.csv
2,e8fd1fa7ed7a,2025-10-15T11:45:10.987332,shrek3,cues,3,True,a45d25883979,18.944652000300263,latency-e8fd1fa7ed7a.csv
2,e8fd1fa7ed7a,2025-10-15T11:45:11.118238,shrek3,the,1285,True,a45d25883979,15.015856999980317,latency-e8fd1fa7ed7a.csv
2,e8fd1fa7ed7a,2025-10-15T11:45:11.244126,shrek3,ruby,1,True,a45d25883979,25.59486700010893,latency-e8fd1fa7ed7a.csv
2,e8fd1fa7ed7a,2025-10-15T11:45:11.394499,shrek,don't,72,True,a45d25883979,11.109752000265871,latency-e8fd1fa7ed7a.csv
2,e8fd1fa7ed7a,2025-10-15T11:45:11.521715,grail,Boom,4,True,a45d25883979,28.9818030000788,latency-e8fd1fa7ed7a.csv
2,e8fd1fa7ed7a,2025-10-15T11:45:11.686057,shrek,GUARD,25,True,72ad01c69167,20.792849999907048,latency-e8fd1fa7ed7a.csv
2,e8fd1fa7ed7a,2025-10-15T11:45:11.826365,shrek3,them,44,True,a45d25883979,32.692812999812304,latency-e8fd1fa7ed7a.csv
2,e8fd1fa7ed7a,2025-10-15T11:45:11.971856,shrek,"Well,",0,True,a45d25883979,13.712302999920212,latency-e8fd1fa7ed7a.csv
2,e8fd1fa7ed7a,2025-10-15T11:45:12.109251,shrek3,him,87,True,72ad01c69167,20.617980000224637,latency-e8fd1fa7ed7a.csv
2,e8fd1fa7ed7a,2025-10-15T11:45:12.260677,grail,ANOTHER,25,True,a45d25883979,25.5266950002806,latency-e8fd1fa7ed7a.csv
2,e8fd1fa7ed7a,2025-10-15T11:45:12.415678,shrek3,Be,71,True,a45d25883979,22.476549000202795,latency-e8fd1fa7ed7a.csv
1,e9162be0160e,2025-10-15T11:45:06.505498,grail,19Prince,0,True,72ad01c69167,10.787730000174632,latency-e9162be0160e.csv
1,e9162be0160e,2025-10-15T11:45:06.624074,shrek3,at,134,True,a45d25883979,9.345227000267188,latency-e9162be0160e.csv
1,e9162be0160e,2025-10-15T11:45:06.742504,shrek,FIONA'S,3,True,a45d25883979,18.60705599983703,latency-e9162be0160e.csv
1,e9162be0160e,2025-10-15T11:45:06.875354,shrek3,showing,1,True,a45d25883979,9.232211999915307,latency-e9162be0160e.csv
1,e9162be0160e,2025-10-15T11:45:06.998160,shrek,after,10,True,a45d25883979,15.585107999868342,latency-e9162be0160e.csv
1,e9162be0160e,2025-10-15T11:45:07.137544,shrek,field,4,True,1de2274fea60,6.921743000020797,latency-e9162be0160e.csv
1,e9162be0160e,2025-10-15T11:45:07.256606,grail,us,32,True,1de2274fea60,7.731590999810578,latency-e9162be0160e.csv
1,e9162be0160e,2025-10-15T11:45:07.377009,shrek,you,409,True,a45d25883979,5.547209999804181,latency-e9162be0160e.csv
1,e9162be0160e,2025-10-15T11:45:07.488008,shrek,DONKEY,320,True,a45d25883979,6.400979999853007,latency-e9162be0160e.csv
1,e9162be0160e,2025-10-15T11:45:07.600655,shrek,to,268,True,a45d25883979,4.935116000069684,latency-e9162be0160e.csv
1,e9162be0160e,2025-10-15T11:45:07.710279,grail,of,684,False,a45d25883979,11.294429999907152,latency-e9162be0160e.csv
1,e9162be0160e,2025-10-15T11:45:07.828343,shrek,fair,2,True,72ad01c69167,14.94913299984546,latency-e9162be0160e.csv
1,e9162be0160e,2025-10-15T11:45:07.951749,grail,thus,5,True,a45d25883979,5.515469999863853,latency-e9162be0160e.csv
1,e9162be0160e,2025-10-15T11:45:08.063226,grail,upon,13,False,a45d25883979,12.700676999884308,latency-e9162be0160e.csv
1,e9162be0160e,2025-10-15T11:45:08.181255,shrek,swamp,18,True,72ad01c69167,6.345596999835834,latency-e9162be0160e.csv
1,e9162be0160e,2025-10-15T11:45:08.293565,grail,Tm,5,True,72ad01c69167,10.190875000262167,latency-e9162be0160e.csv
1,e9162be0160e,2025-10-15T11:45:08.410854,shrek3,its,1,True,a45d25883979,9.568977000071754,latency-e9162be0160e.csv
1,e9162be0160e,2025-10-15T11:45:08.528193,grail,G,6,True,1de2274fea60,10.414105000108975,latency-e9162be0160e.csv
1,e9162be0160e,2025-10-15T11:45:08.644985,shrek3,Artie,213,True,1de2274fea60,8.906860000024608,latency-e9162be0160e.csv
1,e9162be0160e,2025-10-15T11:45:08.763467,shrek3,toward,14,True,a45d25883979,13.89954799969928,latency-e9162be0160e.csv
2,e9162be0160e,2025-10-15T11:45:08.893211,grail,19Prince,0,True,a45d25883979,14.176131000112946,latency-e9162be0160e.csv
2,e9162be0160e,2025-10-15T11:45:09.017188,shrek3,at,134,True,72ad01c69167,6.66232800040234,latency-e9162be0160e.csv
2,e9162be0160e,2025-10-15T11:45:09.132750,shrek,FIONA'S,3,True,72ad01c69167,9.021286999995937,latency-e9162be0160e.csv
2,e9162be0160e,2025-10-15T11:45:09.253668,shrek3,showing,1,True,72ad01c69167,5.363583999951516,latency-e9162be0160e.csv
2,e9162be0160e,2025-10-15T11:45:09.371468,shrek,after,10,True,72ad01c69167,9.264474999781669,latency-e9162be0160e.csv
2,e9162be0160e,2025-10-15T11:45:09.490515,shrek,field,4,True,a45d25883979,6.270119999953749,latency-e9162be0160e.csv
2,e9162be0160e,2025-10-15T11:45:09.603391,grail,us,32,True,a45d25883979,4.94801600007122,latency-e9162be0160e.csv
2,e9162be0160e,2025-10-15T11:45:09.713396,shrek,you,409,True,a45d25883979,5.307235000145738,latency-e9162be0160e.csv
2,e9162be0160e,2025-10-15T11:45:09.823655,shrek,DONKEY,320,True,a45d25883979,8.030285999666376,latency-e9162be0160e.csv
2,e9162be0160e,2025-10-15T11:45:09.938354,shrek,to,268,True,a45d25883979,5.6421310000587255,latency-e9162be0160e.csv
2,e9162be0160e,2025-10-15T11:45:10.049623,grail,of,684,True,a45d25883979,5.145149000327365,latency-e9162be0160e.csv
2,e9162be0160e,2025-10-15T11:45:10.159902,shrek,fair,2,True,a45d25883979,5.786592000276869,latency-e9162be0160e.csv
2,e9162be0160e,2025-10-15T11:45:10.271318,grail,thus,5,True,a45d25883979,7.067761000143946,latency-e9162be0160e.csv
2,e9162be0160e,2025-10-15T11:45:10.385205,grail,upon,13,True,a45d25883979,5.386093000197434,latency-e9162be0160e.csv
2,e9162be0160e,2025-10-15T11:45:10.495479,shrek,swamp,18,True,a45d25883979,6.814509999912843,latency-e9162be0160e.csv
2,e9162be0160e,2025-10-15T11:45:10.609756,grail,Tm,5,True,a45d25883979,6.267967999974644,latency-e9162be0160e.csv
2,e9162be0160e,2025-10-15T11:45:10.725824,shrek3,its,1,True,a45d25883979,8.056154999849241,latency-e9162be0160e.csv
2,e9162be0160e,2025-10-15T11:45:10.840316,grail,G,6,True,a45d25883979,31.69888999991599,latency-e9162be0160e.csv
2,e9162be0160e,2025-10-15T11:45:10.987325,shrek3,Artie,213,True,a45d25883979,26.26003099976515,latency-e9162be0160e.csv
2,e9162be0160e,2025-10-15T11:45:11.146415,shrek3,toward,14,True,a45d25883979,25.289474000146583,latency-e9162be0160e.csv
1,e9ec75c59c35,2025-10-15T11:46:06.244920,shrek,cottage,4,True,a45d25883979,18.32102199978181,latency-e9ec75c59c35.csv
1,e9ec75c59c35,2025-10-15T11:46:06.376616,shrek3,PRINCE,207,True,a45d25883979,15.016860999821802,latency-e9ec75c59c35.csv
1,e9ec75c59c35,2025-10-15T11:46:06.500877,grail,Eolio,2,True,72ad01c69167,6.313103000138653,latency-e9ec75c59c35.csv
1,e9ec75c59c35,2025-10-15T11:46:06.614288,grail,Michael,11,True,a45d25883979,17.988143999900785,latency-e9ec75c59c35.csv
1,e9ec75c59c35,2025-10-15T11:46:06.748958,shrek,stairs,7,True,72ad01c69167,9.044079999966923,latency-e9ec75c59c35.csv
1,e9ec75c59c35,2025-10-15T11:46:06.868571,grail,chops,3,True,a45d25883979,5.566821000229538,latency-e9ec75c59c35.csv
1,e9ec75c59c35,2025-10-15T11:46:06.979611,shrek3,Cinderella,21,True,72ad01c69167,11.185132999798952,latency-e9ec75c59c35.csv
1,e9ec75c59c35,2025-10-15T11:46:07.102975,shrek,at,62,True,72ad01c69167,6.55470800029434,latency-e9ec75c59c35.csv
1,e9ec75c59c35,2025-10-15T11:46:07.215092,shrek,tell,25,True,72ad01c69167,8.918811000057758,latency-e9ec75c59c35.csv
1,e9ec75c59c35,2025-10-15T11:46:07.334512,grail,singing,33,True,72ad01c69167,8.015212999907817,latency-e9ec75c59c35.csv
1,e9ec75c59c35,2025-10-15T11:46:07.452758,shrek3,fall,6,True,a45d25883979,4.8759810001683945,latency-e9ec75c59c35.csv
1,e9ec75c59c35,2025-10-15T11:46:07.565492,shrek3,Hold,8,True,a45d25883979,5.982094000046345,latency-e9ec75c59c35.csv
1,e9ec75c59c35,2025-10-15T11:46:07.678130,grail,is,317,True,a45d25883979,4.604922999988048,latency-e9ec75c59c35.csv
1,e9ec75c59c35,2025-10-15T11:46:07.787955,grail,is,317,True,a45d25883979,7.744825999907334,latency-e9ec75c59c35.csv
1,e9ec75c59c35,2025-10-15T11:46:07.903796,grail,chops,3,True,a45d25883979,5.00745800036384,latency-e9ec75c59c35.csv
1,e9ec75c59c35,2025-10-15T11:46:08.013595,grail,from,94,True,a45d25883979,5.999989999963873,latency-e9ec75c59c35.csv
1,e9ec75c59c35,2025-10-15T11:46:08.126763,shrek,DONKEY,320,True,a45d25883979,6.478274000073725,latency-e9ec75c59c35.csv
1,e9ec75c59c35,2025-10-15T11:46:08.239700,shrek3,SHREK,678,True,a45d25883979,6.401019999884738,latency-e9ec75c59c35.csv
1,e9ec75c59c35,2025-10-15T11:46:08.354060,shrek3,ARTIE,213,True,a45d25883979,8.797378999588545,latency-e9ec75c59c35.csv
1,e9ec75c59c35,2025-10-15T11:46:08.476343,shrek3,supposed,11,True,a45d25883979,10.448687999996764,latency-e9ec75c59c35.csv
2,e9ec75c59c35,2025-10-15T11:46:08.597351,shrek,cottage,4,True,a45d25883979,9.324861000095552,latency-e9ec75c59c35.csv
2,e9ec75c59c35,2025-10-15T11:46:08.716256,shrek3,PRINCE,207,True,a45d25883979,8.94805300004009,latency-e9ec75c59c35.csv
2,e9ec75c59c35,2025-10-15T11:46:08.832995,grail,Eolio,2,True,a45d25883979,5.381083999964176,latency-e9ec75c59c35.csv
2,e9ec75c59c35,2025-10-15T11:46:08.945800,grail,Michael,11,True,a45d25883979,6.032313000105205,latency-e9ec75c59c35.csv
2,e9ec75c59c35,2025-10-15T11:46:09.059373,shrek,stairs,7,True,72ad01c69167,11.038065999855462,latency-e9ec75c59c35.csv
2,e9ec75c59c35,2025-10-15T11:46:09.180183,grail,chops,3,True,1de2274fea60,8.282918000077188,latency-e9ec75c59c35.csv
2,e9ec75c59c35,2025-10-15T11:46:09.297979,shrek3,Cinderella,21,True,72ad01c69167,10.72167599977547,latency-e9ec75c59c35.csv
2,e9ec75c59c35,2025-10-15T11:46:09.421881,shrek,at,62,True,72ad01c69167,9.054880999883608,latency-e9ec75c59c35.csv
2,e9ec75c59c35,2025-10-15T11:46:09.548798,shrek,tell,25,True,72ad01c69167,10.222107999652508,latency-e9ec75c59c35.csv
2,e9ec75c59c35,2025-10-15T11:46:09.674905,grail,singing,33,True,1de2274fea60,10.685028999887436,latency-e9ec75c59c35.csv
2,e9ec75c59c35,2025-10-15T11:46:09.797256,shrek3,fall,6,True,72ad01c69167,8.369430999664473,latency-e9ec75c59c35.csv
2,e9ec75c59c35,2025-10-15T11:46:09.916204,shrek3,Hold,8,True,72ad01c69167,6.941124999684689,latency-e9ec75c59c35.csv
2,e9ec75c59c35,2025-10-15T11:46:10.039974,grail,is,317,True,72ad01c69167,6.060862000140332,latency-e9ec75c59c35.csv
2,e9ec75c59c35,2025-10-15T11:46:10.157515,grail,is,317,True,72ad01c69167,5.616051999822957,latency-e9ec75c59c35.csv
2,e9ec75c59c35,2025-10-15T11:46:10.269580,grail,chops,3,True,72ad01c69167,5.978486999993038,latency-e9ec75c59c35.csv
2,e9ec75c59c35,2025-10-15T11:46:10.381407,grail,from,94,True,a45d25883979,7.803740000326798,latency-e9ec75c59c35.csv
2,e9ec75c59c35,2025-10-15T11:46:10.496544,shrek,DONKEY,320,True,a45d25883979,6.9209559997034376,latency-e9ec75c59c35.csv
2,e9ec75c59c35,2025-10-15T11:46:10.610897,shrek3,SHREK,678,True,a45d25883979,6.4775079999890295,latency-e9ec75c59c35.csv
2,e9ec75c59c35,2025-10-15T11:46:10.729665,shrek3,ARTIE,213,True,a45d25883979,5.37520800025959,latency-e9ec75c59c35.csv
2,e9ec75c59c35,2025-10-15T11:46:10.840027,shrek3,supposed,11,True,a45d25883979,7.1725709999554965,latency-e9ec75c59c35.csv
1,eb81bec1d78d,2025-10-15T11:45:26.457656,shrek3,DONKEY,243,True,1de2274fea60,35.927951999838115,latency-eb81bec1d78d.csv
1,eb81bec1d78d,2025-10-15T11:45:26.609327,grail,Aaaaugh,9,True,72ad01c69167,18.26778100030424,latency-eb81bec1d78d.csv
1,eb81bec1d78d,2025-10-15T11:45:26.742891,shrek,gone,3,True,a45d25883979,15.422257999944122,latency-eb81bec1d78d.csv
1,eb81bec1d78d,2025-10-15T11:45:26.867309,shrek3,EVIL,59,True,72ad01c69167,14.292324999587436,latency-eb81bec1d78d.csv
1,eb81bec1d78d,2025-10-15T11:45:26.988839,shrek,Blah,1,True,1de2274fea60,9.716084000046976,latency-eb81bec1d78d.csv
1,eb81bec1d78d,2025-10-15T11:45:27.106807,shrek3,2,8,True,72ad01c69167,10.831552000126976,latency-eb81bec1d78d.csv
1,eb81bec1d78d,2025-10-15T11:45:27.230515,grail,I,298,True,a45d25883979,25.778105999961557,latency-eb81bec1d78d.csv
1,eb81bec1d78d,2025-10-15T11:45:27.391222,shrek,tell,25,True,1de2274fea60,12.880421999852842,latency-eb81bec1d78d.csv
1,eb81bec1d78d,2025-10-15T11:45:27.518261,shrek,its,1,True,1de2274fea60,12.841771000239532,latency-eb81bec1d78d.csv
1,eb81bec1d78d,2025-10-15T11:45:27.640980,grail,from,94,True,1de2274fea60,9.022378999816285,latency-eb81bec1d78d.csv
1,eb81bec1d78d,2025-10-15T11:45:27.764300,shrek3,ho,8,True,1de2274fea60,12.41371900005106,latency-eb81bec1d78d.csv
1,eb81bec1d78d,2025-10-15T11:45:27.886297,grail,Rostmm,1,True,72ad01c69167,10.148884000045657,latency-eb81bec1d78d.csv
1,eb81bec1d78d,2025-10-15T11:45:28.010207,shrek3,get,39,True,1de2274fea60,10.329074999845034,latency-eb81bec1d78d.csv
1,eb81bec1d78d,2025-10-15T11:45:28.130413,shrek3,field,3,True,72ad01c69167,10.702380999646266,latency-eb81bec1d78d.csv
1,eb81bec1d78d,2025-10-15T11:45:28.264602,shrek3,supposed,11,True,72ad01c69167,13.914725999711663,latency-eb81bec1d78d.csv
1,eb81bec1d78d,2025-10-15T11:45:28.390295,grail,time,33,True,1de2274fea60,8.417979000114428,latency-eb81bec1d78d.csv
1,eb81bec1d78d,2025-10-15T11:45:28.512303,grail,sell,1,True,1de2274fea60,9.753465999892796,latency-eb81bec1d78d.csv
1,eb81bec1d78d,2025-10-15T11:45:28.644336,shrek,old,10,True,1de2274fea60,12.831164999624889,latency-eb81bec1d78d.csv
1,eb81bec1d78d,2025-10-15T11:45:28.774189,shrek3,you,328,True,a45d25883979,30.8790039998712,latency-eb81bec1d78d.csv
1,eb81bec1d78d,2025-10-15T11:45:28.966889,shrek3,Guards,23,True,72ad01c69167,31.873507000000245,latency-eb81bec1d78d.csv
2,eb81bec1d78d,2025-10-15T11:45:29.188512,shrek3,DONKEY,243,True,a45d25883979,10.590614000193456,latency-eb81bec1d78d.csv
2,eb81bec1d78d,2025-10-15T11:45:29.334161,grail,Aaaaugh,9,True,72ad01c69167,44.93726600003356,latency-eb81bec1d78d.csv
2,eb81bec1d78d,2025-10-15T11:45:29.524804,shrek,gone,3,True,a45d25883979,5.986966999898868,latency-eb81bec1d78d.csv
2,eb81bec1d78d,2025-10-15T11:45:29.637539,shrek3,EVIL,59,True,a45d25883979,5.087962999823503,latency-eb81bec1d78d.csv
2,eb81bec1d78d,2025-10-15T11:45:29.748115,shrek,Blah,1,True,a45d25883979,5.7789069996943,latency-eb81bec1d78d.csv
2,eb81bec1d78d,2025-10-15T11:45:29.858726,shrek3,2,8,True,a45d25883979,6.491497999832063,latency-eb81bec1d78d.csv
2,eb81bec1d78d,2025-10-15T11:45:29.970968,grail,I,298,True,a45d25883979,6.603415999961726,latency-eb81bec1d78d.csv
2,eb81bec1d78d,2025-10-15T11:45:30.083891,shrek,tell,25,True,a45d25883979,4.925657000057981,latency-eb81bec1d78d.csv
2,eb81bec1d78d,2025-10-15T11:45:30.194196,shrek,its,1,True,a45d25883979,5.933227999776136,latency-eb81bec1d78d.csv
2,eb81bec1d78d,2025-10-15T11:45:30.305505,grail,from,94,True,a45d25883979,6.554305999998178,latency-eb81bec1d78d.csv
2,eb81bec1d78d,2025-10-15T11:45:30.418867,shrek3,ho,8,True,a45d25883979,6.375462000050902,latency-eb81bec1d78d.csv
2,eb81bec1d78d,2025-10-15T11:45:30.530976,grail,Rostmm,1,True,a45d25883979,5.186154000057286,latency-eb81bec1d78d.csv
2,eb81bec1d78d,2025-10-15T11:45:30.641497,shrek3,get,39,True,72ad01c69167,4.618009999830974,latency-eb81bec1d78d.csv
2,eb81bec1d78d,2025-10-15T11:45:30.751527,shrek3,field,3,True,1de2274fea60,9.088151000014475,latency-eb81bec1d78d.csv
2,eb81bec1d78d,2025-10-15T11:45:30.873068,shrek3,supposed,11,True,72ad01c69167,5.002864999823942,latency-eb81bec1d78d.csv
2,eb81bec1d78d,2025-10-15T11:45:30.983607,grail,time,33,True,1de2274fea60,6.748412999968423,latency-eb81bec1d78d.csv
2,eb81bec1d78d,2025-10-15T11:45:31.096057,grail,sell,1,True,1de2274fea60,6.335885000225972,latency-eb81bec1d78d.csv
2,eb81bec1d78d,2025-10-15T11:45:31.208656,shrek,old,10,True,1de2274fea60,6.712718000017048,latency-eb81bec1d78d.csv
2,eb81bec1d78d,2025-10-15T11:45:31.322276,shrek3,you,328,True,72ad01c69167,5.500639999809209,latency-eb81bec1d78d.csv
2,eb81bec1d78d,2025-10-15T11:45:31.432520,shrek3,Guards,23,True,72ad01c69167,5.958837000434869,latency-eb81bec1d78d.csv
1,ec0da0c59a49,2025-10-15T11:46:31.870096,grail,since,10,True,1de2274fea60,10.308837000138736,latency-ec0da0c59a49.csv
1,ec0da0c59a49,2025-10-15T11:46:31.988803,shrek3,still,18,True,72ad01c69167,9.349864000341768,latency-ec0da0c59a49.csv
1,ec0da0c59a49,2025-10-15T11:46:32.109701,shrek,SHREK,433,True,1de2274fea60,9.409198999946966,latency-ec0da0c59a49.csv
1,ec0da0c59a49,2025-10-15T11:46:32.226019,shrek3,JOCKS,2,True,1de2274fea60,14.026032000401756,latency-ec0da0c59a49.csv
1,ec0da0c59a49,2025-10-15T11:46:32.348313,grail,pause,10,True,a45d25883979,10.844147999705456,latency-ec0da0c59a49.csv
1,ec0da0c59a49,2025-10-15T11:46:32.466999,shrek3,with,112,True,72ad01c69167,7.779185000345024,latency-ec0da0c59a49.csv
1,ec0da0c59a49,2025-10-15T11:46:32.583971,grail,few,8,True,1de2274fea60,6.824174000030325,latency-ec0da0c59a49.csv
1,ec0da0c59a49,2025-10-15T11:46:32.699196,shrek,DONKEY,320,True,72ad01c69167,9.58508100029576,latency-ec0da0c59a49.csv
1,ec0da0c59a49,2025-10-15T11:46:32.816775,shrek,your,49,True,72ad01c69167,9.94883800012758,latency-ec0da0c59a49.csv
1,ec0da0c59a49,2025-10-15T11:46:32.940487,shrek,the,535,True,72ad01c69167,9.093821000078606,latency-ec0da0c59a49.csv
1,ec0da0c59a49,2025-10-15T11:46:33.055928,grail,are,114,True,a45d25883979,8.748098000069149,latency-ec0da0c59a49.csv
1,ec0da0c59a49,2025-10-15T11:46:33.174138,shrek3,SHREK,678,True,a45d25883979,11.809198000264589,latency-ec0da0c59a49.csv
1,ec0da0c59a49,2025-10-15T11:46:33.296478,shrek,SHREK,433,True,a45d25883979,12.017898000067362,latency-ec0da0c59a49.csv
1,ec0da0c59a49,2025-10-15T11:46:33.419324,shrek,who,29,True,a45d25883979,9.158264999769017,latency-ec0da0c59a49.csv
1,ec0da0c59a49,2025-10-15T11:46:33.556891,shrek3,SNOW,49,True,72ad01c69167,16.46534800011068,latency-ec0da0c59a49.csv
1,ec0da0c59a49,2025-10-15T11:46:33.691421,shrek,not,50,True,72ad01c69167,18.44879400005084,latency-ec0da0c59a49.csv
1,ec0da0c59a49,2025-10-15T11:46:33.819068,shrek,token,1,True,a45d25883979,10.751847999927122,latency-ec0da0c59a49.csv
1,ec0da0c59a49,2025-10-15T11:46:33.953169,shrek,and,318,True,72ad01c69167,10.127950999958555,latency-ec0da0c59a49.csv
1,ec0da0c59a49,2025-10-15T11:46:34.086518,grail,music,21,True,1de2274fea60,10.273193000102763,latency-ec0da0c59a49.csv
1,ec0da0c59a49,2025-10-15T11:46:34.206622,grail,Tm,5,True,1de2274fea60,9.03535199995531,latency-ec0da0c59a49.csv
2,ec0da0c59a49,2025-10-15T11:46:34.333091,grail,since,10,True,72ad01c69167,11.662783000247146,latency-ec0da0c59a49.csv
2,ec0da0c59a49,2025-10-15T11:46:34.455356,shrek3,still,18,True,72ad01c69167,11.43722599999819,latency-ec0da0c59a49.csv
2,ec0da0c59a49,2025-10-15T11:46:34.580525,shrek,SHREK,433,True,a45d25883979,9.007048000057694,latency-ec0da0c59a49.csv
2,ec0da0c59a49,2025-10-15T11:46:34.701139,shrek3,JOCKS,2,True,1de2274fea60,15.27250900016952,latency-ec0da0c59a49.csv
2,ec0da0c59a49,2025-10-15T11:46:34.833708,grail,pause,10,True,a45d25883979,11.074806000124228,latency-ec0da0c59a49.csv
2,ec0da0c59a49,2025-10-15T11:46:34.956003,shrek3,with,112,True,a45d25883979,12.507460000051651,latency-ec0da0c59a49.csv
2,ec0da0c59a49,2025-10-15T11:46:35.089923,grail,few,8,True,1de2274fea60,29.202500999872427,latency-ec0da0c59a49.csv
2,ec0da0c59a49,2025-10-15T11:46:35.239390,shrek,DONKEY,320,True,a45d25883979,20.093273999918893,latency-ec0da0c59a49.csv
2,ec0da0c59a49,2025-10-15T11:46:35.389252,shrek,your,49,True,72ad01c69167,47.61001899987605,latency-ec0da0c59a49.csv
2,ec0da0c59a49,2025-10-15T11:46:35.559555,shrek,the,535,True,a45d25883979,8.409941000081744,latency-ec0da0c59a49.csv
2,ec0da0c59a49,2025-10-15T11:46:35.674704,grail,are,114,True,a45d25883979,5.858538000211411,latency-ec0da0c59a49.csv
2,ec0da0c59a49,2025-10-15T11:46:35.786291,shrek3,SHREK,678,True,a45d25883979,6.53279800008022,latency-ec0da0c59a49.csv
2,ec0da0c59a49,2025-10-15T11:46:35.898926,shrek,SHREK,433,True,a45d25883979,4.933193999931973,latency-ec0da0c59a49.csv
2,ec0da0c59a49,2025-10-15T11:46:36.008567,shrek,who,29,True,a45d25883979,6.647240000347665,latency-ec0da0c59a49.csv
2,ec0da0c59a49,2025-10-15T11:46:36.120392,shrek3,SNOW,49,True,a45d25883979,5.414395000116201,latency-ec0da0c59a49.csv
2,ec0da0c59a49,2025-10-15T11:46:36.230935,shrek,not,50,True,a45d25883979,5.3591570003845845,latency-ec0da0c59a49.csv
2,ec0da0c59a49,2025-10-15T11:46:36.341836,shrek,token,1,True,a45d25883979,5.470603000048868,latency-ec0da0c59a49.csv
2,ec0da0c59a49,2025-10-15T11:46:36.451759,shrek,and,318,True,a45d25883979,5.338807000043744,latency-ec0da0c59a49.csv
2,ec0da0c59a49,2025-10-15T11:46:36.561833,grail,music,21,True,a45d25883979,5.8162740001534985,latency-ec0da0c59a49.csv
2,ec0da0c59a49,2025-10-15T11:46:36.672201,grail,Tm,5,True,a45d25883979,5.056253000020661,latency-ec0da0c59a49.csv
1,f1b046985fec,2025-10-15T11:44:58.124513,shrek3,PUSS,196,True,a45d25883979,13.709866999761289,latency-f1b046985fec.csv
1,f1b046985fec,2025-10-15T11:44:58.252714,grail,dancing,10,False,a45d25883979,28.29342999984874,latency-f1b046985fec.csv
1,f1b046985fec,2025-10-15T11:44:58.402766,shrek3,of,275,True,72ad01c69167,8.270264000202587,latency-f1b046985fec.csv
1,f1b046985fec,2025-10-15T11:44:58.523245,grail,chops,3,True,72ad01c69167,27.334623000115243,latency-f1b046985fec.csv
1,f1b046985fec,2025-10-15T11:44:58.672268,shrek,swamp,18,True,a45d25883979,6.569084999682673,latency-f1b046985fec.csv
1,f1b046985fec,2025-10-15T11:44:58.788563,grail,pseudonym,1,True,a45d25883979,19.627410000339296,latency-f1b046985fec.csv
1,f1b046985fec,2025-10-15T11:44:58.923562,shrek,MAN,38,False,a45d25883979,27.923143999942116,latency-f1b046985fec.csv
1,f1b046985fec,2025-10-15T11:44:59.072863,shrek3,cosmic,1,True,72ad01c69167,13.552872000218484,latency-f1b046985fec.csv
1,f1b046985fec,2025-10-15T11:44:59.202756,shrek3,you,328,True,72ad01c69167,16.17925699974876,latency-f1b046985fec.csv
1,f1b046985fec,2025-10-15T11:44:59.328718,shrek,GUARD,25,True,1de2274fea60,11.975177999829612,latency-f1b046985fec.csv
1,f1b046985fec,2025-10-15T11:44:59.456323,shrek,the,535,False,1de2274fea60,23.83155600000464,latency-f1b046985fec.csv
1,f1b046985fec,2025-10-15T11:44:59.590891,shrek3,with,112,True,a45d25883979,7.645374000276206,latency-f1b046985fec.csv
1,f1b046985fec,2025-10-15T11:44:59.709798,shrek,not,50,True,a45d25883979,13.360069999635016,latency-f1b046985fec.csv
1,f1b046985fec,2025-10-15T11:44:59.833892,shrek,rising,1,False,1de2274fea60,20.988129999750527,latency-f1b046985fec.csv
1,f1b046985fec,2025-10-15T11:44:59.977927,shrek,DONKEY,320,True,a45d25883979,14.765640999939931,latency-f1b046985fec.csv
1,f1b046985fec,2025-10-15T11:45:00.105001,shrek,and,318,True,a45d25883979,13.501795000138372,latency-f1b046985fec.csv
1,f1b046985fec,2025-10-15T11:45:00.230915,shrek,Shrek,433,True,a45d25883979,7.5554089999059215,latency-f1b046985fec.csv
1,f1b046985fec,2025-10-15T11:45:00.352985,shrek3,DWARF,10,False,a45d25883979,25.221236000106728,latency-f1b046985fec.csv
1,f1b046985fec,2025-10-15T11:45:00.488699,shrek3,WHITE,45,True,1de2274fea60,9.792901999844617,latency-f1b046985fec.csv
1,f1b046985fec,2025-10-15T11:45:00.609403,grail,witch,30,True,1de2274fea60,11.906400000043504,latency-f1b046985fec.csv
2,f1b046985fec,2025-10-15T11:45:00.739906,shrek3,PUSS,196,True,72ad01c69167,6.478435000190075,latency-f1b046985fec.csv
2,f1b046985fec,2025-10-15T11:45:00.856851,grail,dancing,10,True,72ad01c69167,5.240112000137742,latency-f1b046985fec.csv
2,f1b046985fec,2025-10-15T11:45:00.967085,shrek3,of,275,True,72ad01c69167,7.866161000038119,latency-f1b046985fec.csv
2,f1b046985fec,2025-10-15T11:45:01.081741,grail,chops,3,True,72ad01c69167,7.6008790001651505,latency-f1b046985fec.csv
2,f1b046985fec,2025-10-15T11:45:01.203278,shrek,swamp,18,True,a45d25883979,6.278131999806647,latency-f1b046985fec.csv
2,f1b046985fec,2025-10-15T11:45:01.317688,grail,pseudonym,1,True,a45d25883979,6.710112999826379,latency-f1b046985fec.csv
2,f1b046985fec,2025-10-15T11:45:01.431434,shrek,MAN,38,True,a45d25883979,10.79859999981636,latency-f1b046985fec.csv
2,f1b046985fec,2025-10-15T11:45:01.549071,shrek3,cosmic,1,True,72ad01c69167,8.507953999924212,latency-f1b046985fec.csv
2,f1b046985fec,2025-10-15T11:45:01.664063,shrek3,you,328,True,72ad01c69167,8.211815999857208,latency-f1b046985fec.csv
2,f1b046985fec,2025-10-15T11:45:01.780814,shrek,GUARD,25,True,1de2274fea60,9.978952999972536,latency-f1b046985fec.csv
2,f1b046985fec,2025-10-15T11:45:01.897112,shrek,the,535,True,a45d25883979,7.303484000203753,latency-f1b046985fec.csv
2,f1b046985fec,2025-10-15T11:45:02.011002,shrek3,with,112,True,1de2274fea60,9.321615999851929,latency-f1b046985fec.csv
2,f1b046985fec,2025-10-15T11:45:02.128304,shrek,not,50,True,a45d25883979,6.81161800002883,latency-f1b046985fec.csv
2,f1b046985fec,2025-10-15T11:45:02.241333,shrek,rising,1,True,72ad01c69167,9.687026000392509,latency-f1b046985fec.csv
2,f1b046985fec,2025-10-15T11:45:02.358475,shrek,DONKEY,320,True,1de2274fea60,8.524767999915639,latency-f1b046985fec.csv
2,f1b046985fec,2025-10-15T11:45:02.473715,shrek,and,318,True,1de2274fea60,10.179974000038785,latency-f1b046985fec.csv
2,f1b046985fec,2025-10-15T11:45:02.592791,shrek,Shrek,433,True,72ad01c69167,12.66872099995453,latency-f1b046985fec.csv
2,f1b046985fec,2025-10-15T11:45:02.712989,shrek3,DWARF,10,True,a45d25883979,5.914804999974876,latency-f1b046985fec.csv
2,f1b046985fec,2025-10-15T11:45:02.824597,shrek3,WHITE,45,True,a45d25883979,7.620729999871401,latency-f1b046985fec.csv
2,f1b046985fec,2025-10-15T11:45:02.938354,grail,witch,30,True,a45d25883979,7.612625000092521,latency-f1b046985fec.csv
1,f233a62c1fdd,2025-10-15T11:46:30.535368,shrek3,WHITE,45,True,a45d25883979,4.942537999795604,latency-f233a62c1fdd.csv
1,f233a62c1fdd,2025-10-15T11:46:30.645605,shrek3,toward,14,True,a45d25883979,4.713582000022143,latency-f233a62c1fdd.csv
1,f233a62c1fdd,2025-10-15T11:46:30.755534,shrek,No,114,True,a45d25883979,4.389291000279627,latency-f233a62c1fdd.csv
1,f233a62c1fdd,2025-10-15T11:46:30.864967,shrek3,PRINCE,207,True,a45d25883979,5.590627000401582,latency-f233a62c1fdd.csv
1,f233a62c1fdd,2025-10-15T11:46:30.977007,shrek3,ARTIE,213,True,a45d25883979,7.215272999928857,latency-f233a62c1fdd.csv
1,f233a62c1fdd,2025-10-15T11:46:31.089720,shrek,Aah,6,True,a45d25883979,6.883384000047954,latency-f233a62c1fdd.csv
1,f233a62c1fdd,2025-10-15T11:46:31.203141,grail,the,1600,True,a45d25883979,6.382356000358413,latency-f233a62c1fdd.csv
1,f233a62c1fdd,2025-10-15T11:46:31.316419,grail,the,1600,True,a45d25883979,4.97194399986256,latency-f233a62c1fdd.csv
1,f233a62c1fdd,2025-10-15T11:46:31.426064,shrek,not,50,True,a45d25883979,4.777705999913451,latency-f233a62c1fdd.csv
1,f233a62c1fdd,2025-10-15T11:46:31.536460,grail,about,49,True,a45d25883979,6.549640000230284,latency-f233a62c1fdd.csv
1,f233a62c1fdd,2025-10-15T11:46:31.650300,shrek3,the,1285,True,a45d25883979,9.232569999767293,latency-f233a62c1fdd.csv
1,f233a62c1fdd,2025-10-15T11:46:31.768296,grail,the,1600,True,a45d25883979,6.2993239998832,latency-f233a62c1fdd.csv
1,f233a62c1fdd,2025-10-15T11:46:31.880737,grail,ANOTHER,25,True,a45d25883979,7.345380999595363,latency-f233a62c1fdd.csv
1,f233a62c1fdd,2025-10-15T11:46:31.994881,shrek3,Gingerbread,37,True,1de2274fea60,8.132876999752625,latency-f233a62c1fdd.csv
1,f233a62c1fdd,2025-10-15T11:46:32.111565,shrek3,"Suddenly,",0,True,a45d25883979,8.152434999828984,latency-f233a62c1fdd.csv
1,f233a62c1fdd,2025-10-15T11:46:32.226323,shrek,way,26,True,1de2274fea60,14.438223000070138,latency-f233a62c1fdd.csv
1,f233a62c1fdd,2025-10-15T11:46:32.349651,shrek,true,20,True,a45d25883979,9.183113999824856,latency-f233a62c1fdd.csv
1,f233a62c1fdd,2025-10-15T11:46:32.466267,shrek3,Be,71,True,72ad01c69167,6.677628000034019,latency-f233a62c1fdd.csv
1,f233a62c1fdd,2025-10-15T11:46:32.583477,shrek3,him,87,True,72ad01c69167,7.318653999845992,latency-f233a62c1fdd.csv
1,f233a62c1fdd,2025-10-15T11:46:32.698963,grail,3,18,True,72ad01c69167,9.388979000050313,latency-f233a62c1fdd.csv
2,f233a62c1fdd,2025-10-15T11:46:32.816829,shrek3,WHITE,45,True,72ad01c69167,12.363379999897006,latency-f233a62c1fdd.csv
2,f233a62c1fdd,2025-10-15T11:46:32.940903,shrek3,toward,14,True,72ad01c69167,8.830818999740586,latency-f233a62c1fdd.csv
2,f233a62c1fdd,2025-10-15T11:46:33.056329,shrek,No,114,True,a45d25883979,7.515062000038597,latency-f233a62c1fdd.csv
2,f233a62c1fdd,2025-10-15T11:46:33.172906,shrek3,PRINCE,207,True,a45d25883979,14.193146999787132,latency-f233a62c1fdd.csv
2,f233a62c1fdd,2025-10-15T11:46:33.296677,shrek3,ARTIE,213,True,a45d25883979,10.561106999830372,latency-f233a62c1fdd.csv
2,f233a62c1fdd,2025-10-15T11:46:33.417370,shrek,Aah,6,True,a45d25883979,10.09050299990122,latency-f233a62c1fdd.csv
2,f233a62c1fdd,2025-10-15T11:46:33.554176,grail,the,1600,True,a45d25883979,9.640769999805345,latency-f233a62c1fdd.csv
2,f233a62c1fdd,2025-10-15T11:46:33.686610,grail,the,1600,True,a45d25883979,11.119823000171891,latency-f233a62c1fdd.csv
2,f233a62c1fdd,2025-10-15T11:46:33.816703,shrek,not,50,True,a45d25883979,11.640215000170429,latency-f233a62c1fdd.csv
2,f233a62c1fdd,2025-10-15T11:46:33.948058,grail,about,49,True,a45d25883979,11.01942799959943,latency-f233a62c1fdd.csv
2,f233a62c1fdd,2025-10-15T11:46:34.074170,shrek3,the,1285,True,72ad01c69167,8.231115000398859,latency-f233a62c1fdd.csv
2,f233a62c1fdd,2025-10-15T11:46:34.193490,grail,the,1600,True,72ad01c69167,9.269517000120686,latency-f233a62c1fdd.csv
2,f233a62c1fdd,2025-10-15T11:46:34.312423,grail,ANOTHER,25,True,a45d25883979,11.251248999997188,latency-f233a62c1fdd.csv
2,f233a62c1fdd,2025-10-15T11:46:34.443845,shrek3,Gingerbread,37,True,a45d25883979,8.577581999816175,latency-f233a62c1fdd.csv
2,f233a62c1fdd,2025-10-15T11:46:34.562772,shrek3,"Suddenly,",0,True,a45d25883979,9.595806000106675,latency-f233a62c1fdd.csv
2,f233a62c1fdd,2025-10-15T11:46:34.684583,shrek,way,26,True,a45d25883979,13.393647000157216,latency-f233a62c1fdd.csv
2,f233a62c1fdd,2025-10-15T11:46:34.809714,shrek,true,20,True,a45d25883979,14.65613599975768,latency-f233a62c1fdd.csv
2,f233a62c1fdd,2025-10-15T11:46:34.934344,shrek3,Be,71,True,a45d25883979,7.539660000020376,latency-f233a62c1fdd.csv
2,f233a62c1fdd,2025-10-15T11:46:35.064288,shrek3,him,87,True,a45d25883979,28.854318000412604,latency-f233a62c1fdd.csv
2,f233a62c1fdd,2025-10-15T11:46:35.219334,grail,3,18,True,a45d25883979,12.845864000155416,latency-f233a62c1fdd.csv
1,f2fa9ffcd75c,2025-10-15T11:46:31.212901,shrek3,2,8,True,72ad01c69167,6.933485999979894,latency-f2fa9ffcd75c.csv
1,f2fa9ffcd75c,2025-10-15T11:46:31.325637,shrek,DONKEY,320,True,a45d25883979,4.473304999919492,latency-f2fa9ffcd75c.csv
1,f2fa9ffcd75c,2025-10-15T11:46:31.434496,grail,54,2,True,72ad01c69167,4.627347999758058,latency-f2fa9ffcd75c.csv
1,f2fa9ffcd75c,2025-10-15T11:46:31.544012,grail,and,722,True,72ad01c69167,6.708423999953084,latency-f2fa9ffcd75c.csv
1,f2fa9ffcd75c,2025-10-15T11:46:31.656908,shrek3,of,275,True,72ad01c69167,10.08985099997517,latency-f2fa9ffcd75c.csv
1,f2fa9ffcd75c,2025-10-15T11:46:31.776641,shrek,you,409,True,72ad01c69167,5.735317000016948,latency-f2fa9ffcd75c.csv
1,f2fa9ffcd75c,2025-10-15T11:46:31.887685,shrek3,EVIL,59,True,72ad01c69167,6.060739000076865,latency-f2fa9ffcd75c.csv
1,f2fa9ffcd75c,2025-10-15T11:46:31.999238,grail,of,684,True,a45d25883979,8.534124000107113,latency-f2fa9ffcd75c.csv
1,f2fa9ffcd75c,2025-10-15T11:46:32.115403,shrek,INSIDE,16,True,72ad01c69167,6.951586000013776,latency-f2fa9ffcd75c.csv
1,f2fa9ffcd75c,2025-10-15T11:46:32.228797,shrek,He,118,True,a45d25883979,11.182831999576592,latency-f2fa9ffcd75c.csv
1,f2fa9ffcd75c,2025-10-15T11:46:32.348138,grail,Who’s,3,True,a45d25883979,8.70077699983085,latency-f2fa9ffcd75c.csv
1,f2fa9ffcd75c,2025-10-15T11:46:32.464183,grail,-,259,True,a45d25883979,6.776632000310201,latency-f2fa9ffcd75c.csv
1,f2fa9ffcd75c,2025-10-15T11:46:32.578294,shrek,SHREK,433,True,a45d25883979,7.430631999795878,latency-f2fa9ffcd75c.csv
1,f2fa9ffcd75c,2025-10-15T11:46:32.693419,grail,-,259,True,a45d25883979,5.821965999984968,latency-f2fa9ffcd75c.csv
1,f2fa9ffcd75c,2025-10-15T11:46:32.807216,grail,the,1600,True,a45d25883979,5.52566000033039,latency-f2fa9ffcd75c.csv
1,f2fa9ffcd75c,2025-10-15T11:46:32.919967,shrek,a,305,True,72ad01c69167,6.204033999892999,latency-f2fa9ffcd75c.csv
1,f2fa9ffcd75c,2025-10-15T11:46:33.032220,shrek,FIONA,211,True,72ad01c69167,5.82879800003866,latency-f2fa9ffcd75c.csv
1,f2fa9ffcd75c,2025-10-15T11:46:33.143470,grail,thus,5,True,72ad01c69167,6.066781999834348,latency-f2fa9ffcd75c.csv
1,f2fa9ffcd75c,2025-10-15T11:46:33.256948,shrek3,true,1,True,72ad01c69167,10.126491999926657,latency-f2fa9ffcd75c.csv
1,f2fa9ffcd75c,2025-10-15T11:46:33.374830,grail,GALAHAD,87,True,72ad01c69167,5.49013499994544,latency-f2fa9ffcd75c.csv
2,f2fa9ffcd75c,2025-10-15T11:46:33.486421,shrek3,2,8,True,72ad01c69167,11.214286999802423,latency-f2fa9ffcd75c.csv
2,f2fa9ffcd75c,2025-10-15T11:46:33.611466,shrek,DONKEY,320,True,a45d25883979,8.961232999808999,latency-f2fa9ffcd75c.csv
2,f2fa9ffcd75c,2025-10-15T11:46:33.728689,grail,54,2,True,a45d25883979,8.689521000178502,latency-f2fa9ffcd75c.csv
2,f2fa9ffcd75c,2025-10-15T11:46:33.852655,grail,and,722,True,a45d25883979,11.163042999669416,latency-f2fa9ffcd75c.csv
2,f2fa9ffcd75c,2025-10-15T11:46:33.974433,shrek3,of,275,True,a45d25883979,13.18297799980428,latency-f2fa9ffcd75c.csv
2,f2fa9ffcd75c,2025-10-15T11:46:34.101046,shrek,you,409,True,72ad01c69167,8.899516999917978,latency-f2fa9ffcd75c.csv
2,f2fa9ffcd75c,2025-10-15T11:46:34.223339,shrek3,EVIL,59,True,a45d25883979,11.702445000082662,latency-f2fa9ffcd75c.csv
2,f2fa9ffcd75c,2025-10-15T11:46:34.346181,grail,of,684,True,a45d25883979,10.078609000174763,latency-f2fa9ffcd75c.csv
2,f2fa9ffcd75c,2025-10-15T11:46:34.467035,shrek,INSIDE,16,True,a45d25883979,10.592689000077373,latency-f2fa9ffcd75c.csv
2,f2fa9ffcd75c,2025-10-15T11:46:34.590710,shrek,He,118,True,1de2274fea60,11.493884999708824,latency-f2fa9ffcd75c.csv
2,f2fa9ffcd75c,2025-10-15T11:46:34.724355,grail,Who’s,3,True,a45d25883979,14.544429000125092,latency-f2fa9ffcd75c.csv
2,f2fa9ffcd75c,2025-10-15T11:46:34.847603,grail,-,259,True,72ad01c69167,11.430728000050294,latency-f2fa9ffcd75c.csv
2,f2fa9ffcd75c,2025-10-15T11:46:34.970189,shrek,SHREK,433,True,72ad01c69167,14.019192999967345,latency-f2fa9ffcd75c.csv
2,f2fa9ffcd75c,2025-10-15T11:46:35.104010,grail,-,259,True,1de2274fea60,15.6878970001344,latency-f2fa9ffcd75c.csv
2,f2fa9ffcd75c,2025-10-15T11:46:35.250940,grail,the,1600,True,72ad01c69167,25.80465600021853,latency-f2fa9ffcd75c.csv
2,f2fa9ffcd75c,2025-10-15T11:46:35.395665,shrek,a,305,True,1de2274fea60,68.08440900022106,latency-f2fa9ffcd75c.csv
2,f2fa9ffcd75c,2025-10-15T11:46:35.593365,shrek,FIONA,211,True,a45d25883979,7.951926999794523,latency-f2fa9ffcd75c.csv
2,f2fa9ffcd75c,2025-10-15T11:46:35.710747,grail,thus,5,True,a45d25883979,7.596865999857982,latency-f2fa9ffcd75c.csv
2,f2fa9ffcd75c,2025-10-15T11:46:35.825030,shrek3,true,1,True,a45d25883979,5.647282000154519,latency-f2fa9ffcd75c.csv
2,f2fa9ffcd75c,2025-10-15T11:46:35.938808,grail,GALAHAD,87,True,a45d25883979,4.695099999935337,latency-f2fa9ffcd75c.csv
1,f579e84acd88,2025-10-15T11:44:51.582731,grail,Bridge,30,False,a45d25883979,15.562711999791643,latency-f579e84acd88.csv
1,f579e84acd88,2025-10-15T11:44:51.704907,shrek3,SHOUTING),0,False,a45d25883979,18.42620200022793,latency-f579e84acd88.csv
1,f579e84acd88,2025-10-15T11:44:51.831971,shrek,(standing,0,False,a45d25883979,17.024173999743653,latency-f579e84acd88.csv
1,f579e84acd88,2025-10-15T11:44:51.959743,shrek3,bed,10,False,a45d25883979,17.525453999951424,latency-f579e84acd88.csv
1,f579e84acd88,2025-10-15T11:44:52.085175,grail,is,317,False,a45d25883979,16.73299300000508,latency-f579e84acd88.csv
1,f579e84acd88,2025-10-15T11:44:52.209719,grail,are,114,False,a45d25883979,15.110381999875244,latency-f579e84acd88.csv
1,f579e84acd88,2025-10-15T11:44:52.332380,shrek,DONKEY,320,True,a45d25883979,6.945851999716979,latency-f579e84acd88.csv
1,f579e84acd88,2025-10-15T11:44:52.446441,shrek,our,11,False,a45d25883979,18.87707500009128,latency-f579e84acd88.csv
1,f579e84acd88,2025-10-15T11:44:52.573129,grail,are,114,True,a45d25883979,8.749769999667478,latency-f579e84acd88.csv
1,f579e84acd88,2025-10-15T11:44:52.691851,shrek,SHREK,433,True,a45d25883979,13.918559000103414,latency-f579e84acd88.csv
1,f579e84acd88,2025-10-15T11:44:52.823430,grail,the,1600,True,a45d25883979,19.759385000270413,latency-f579e84acd88.csv
1,f579e84acd88,2025-10-15T11:44:52.955266,grail,to,718,True,72ad01c69167,8.005767999748059,latency-f579e84acd88.csv
1,f579e84acd88,2025-10-15T11:44:53.074567,grail,TV,2,False,1de2274fea60,28.01590600029158,latency-f579e84acd88.csv
1,f579e84acd88,2025-10-15T11:44:53.213411,shrek3,116,1,False,72ad01c69167,23.76635400014493,latency-f579e84acd88.csv
1,f579e84acd88,2025-10-15T11:44:53.351725,shrek,this,79,False,a45d25883979,26.93536300012056,latency-f579e84acd88.csv
1,f579e84acd88,2025-10-15T11:44:53.497492,shrek3,Donkey,243,False,a45d25883979,24.025578999953723,latency-f579e84acd88.csv
1,f579e84acd88,2025-10-15T11:44:53.635096,grail,Auuuuuuuugh,2,False,a45d25883979,23.821736999707355,latency-f579e84acd88.csv
1,f579e84acd88,2025-10-15T11:44:53.770623,shrek3,to,511,True,72ad01c69167,7.739889999811567,latency-f579e84acd88.csv
1,f579e84acd88,2025-10-15T11:44:53.888819,grail,Rostmm,1,False,a45d25883979,21.398909999788884,latency-f579e84acd88.csv
1,f579e84acd88,2025-10-15T11:44:54.020005,shrek,SHREK,433,True,72ad01c69167,15.465555999981008,latency-f579e84acd88.csv
2,f579e84acd88,2025-10-15T11:44:54.153057,grail,Bridge,30,True,72ad01c69167,7.10552300006384,latency-f579e84acd88.csv
2,f579e84acd88,2025-10-15T11:44:54.269875,shrek3,SHOUTING),0,True,1de2274fea60,7.646439999916765,latency-f579e84acd88.csv
2,f579e84acd88,2025-10-15T11:44:54.384794,shrek,(standing,0,True,a45d25883979,15.715716000158864,latency-f579e84acd88.csv
2,f579e84acd88,2025-10-15T11:44:54.511793,shrek3,bed,10,True,a45d25883979,12.130389000049036,latency-f579e84acd88.csv
2,f579e84acd88,2025-10-15T11:44:54.634604,grail,is,317,True,72ad01c69167,11.79371100033677,latency-f579e84acd88.csv
2,f579e84acd88,2025-10-15T11:44:54.766117,grail,are,114,True,a45d25883979,28.41904799970507,latency-f579e84acd88.csv
2,f579e84acd88,2025-10-15T11:44:54.921611,shrek,DONKEY,320,True,1de2274fea60,21.26607199988939,latency-f579e84acd88.csv
2,f579e84acd88,2025-10-15T11:44:55.061676,shrek,our,11,True,72ad01c69167,15.231076999953077,latency-f579e84acd88.csv
2,f579e84acd88,2025-10-15T11:44:55.210284,grail,are,114,True,1de2274fea60,19.92535199997292,latency-f579e84acd88.csv
2,f579e84acd88,2025-10-15T11:44:55.347059,shrek,SHREK,433,True,1de2274fea60,19.887248000031832,latency-f579e84acd88.csv
2,f579e84acd88,2025-10-15T11:44:55.480012,grail,the,1600,True,a45d25883979,11.795074000019667,latency-f579e84acd88.csv
2,f579e84acd88,2025-10-15T11:44:55.603712,grail,to,718,True,a45d25883979,18.755100999896968,latency-f579e84acd88.csv
2,f579e84acd88,2025-10-15T11:44:55.739713,grail,TV,2,True,a45d25883979,22.063051000259293,latency-f579e84acd88.csv
2,f579e84acd88,2025-10-15T11:44:55.895752,shrek3,116,1,True,a45d25883979,22.49755200000436,latency-f579e84acd88.csv
2,f579e84acd88,2025-10-15T11:44:56.034083,shrek,this,79,True,72ad01c69167,37.6252989999557,latency-f579e84acd88.csv
2,f579e84acd88,2025-10-15T11:44:56.186971,shrek3,Donkey,243,True,1de2274fea60,34.46733900000254,latency-f579e84acd88.csv
2,f579e84acd88,2025-10-15T11:44:56.346511,grail,Auuuuuuuugh,2,True,a45d25883979,15.846645000237912,latency-f579e84acd88.csv
2,f579e84acd88,2025-10-15T11:44:56.481335,shrek3,to,511,True,72ad01c69167,7.328819999656844,latency-f579e84acd88.csv
2,f579e84acd88,2025-10-15T11:44:56.601244,grail,Rostmm,1,True,a45d25883979,15.72682599999098,latency-f579e84acd88.csv
2,f579e84acd88,2025-10-15T11:44:56.728186,shrek,SHREK,433,True,a45d25883979,37.45017099981851,latency-f579e84acd88.csv
1,f5f66c8d7c1f,2025-10-15T11:45:10.909043,shrek3,Hold,8,True,1de2274fea60,10.511236999718676,latency-f5f66c8d7c1f.csv
1,f5f66c8d7c1f,2025-10-15T11:45:11.027313,shrek,after,10,True,1de2274fea60,9.490694999840343,latency-f5f66c8d7c1f.csv
1,f5f66c8d7c1f,2025-10-15T11:45:11.143916,shrek,trip,1,False,a45d25883979,28.04457999991428,latency-f5f66c8d7c1f.csv
1,f5f66c8d7c1f,2025-10-15T11:45:11.293369,shrek,I,386,True,a45d25883979,26.708923000114737,latency-f5f66c8d7c1f.csv
1,f5f66c8d7c1f,2025-10-15T11:45:11.432520,shrek3,Cinderella,21,True,a45d25883979,17.252205000204412,latency-f5f66c8d7c1f.csv
1,f5f66c8d7c1f,2025-10-15T11:45:11.570237,grail,them,41,True,a45d25883979,16.875744999651943,latency-f5f66c8d7c1f.csv
1,f5f66c8d7c1f,2025-10-15T11:45:11.707925,shrek3,bed,10,True,a45d25883979,17.376736999722198,latency-f5f66c8d7c1f.csv
1,f5f66c8d7c1f,2025-10-15T11:45:11.838262,shrek3,true,1,True,1de2274fea60,21.37774199991327,latency-f5f66c8d7c1f.csv
1,f5f66c8d7c1f,2025-10-15T11:45:11.975938,shrek3,ARTIE,213,True,72ad01c69167,15.74973000015234,latency-f5f66c8d7c1f.csv
1,f5f66c8d7c1f,2025-10-15T11:45:12.111399,shrek3,youre,0,True,a45d25883979,12.577675000102316,latency-f5f66c8d7c1f.csv
1,f5f66c8d7c1f,2025-10-15T11:45:12.244780,shrek3,an,51,True,72ad01c69167,22.596507999878668,latency-f5f66c8d7c1f.csv
1,f5f66c8d7c1f,2025-10-15T11:45:12.382798,grail,a,666,True,a45d25883979,14.341681999667344,latency-f5f66c8d7c1f.csv
1,f5f66c8d7c1f,2025-10-15T11:45:12.513339,shrek3,dat,1,True,72ad01c69167,27.07148799981951,latency-f5f66c8d7c1f.csv
1,f5f66c8d7c1f,2025-10-15T11:45:12.679224,shrek,HOOD,13,True,a45d25883979,10.758948999864517,latency-f5f66c8d7c1f.csv
1,f5f66c8d7c1f,2025-10-15T11:45:12.805736,grail,Boom,4,True,a45d25883979,10.622067999975116,latency-f5f66c8d7c1f.csv
1,f5f66c8d7c1f,2025-10-15T11:45:12.936162,shrek,cottage,4,True,a45d25883979,14.68957799988857,latency-f5f66c8d7c1f.csv
1,f5f66c8d7c1f,2025-10-15T11:45:13.066943,shrek,not,50,True,a45d25883979,19.73953700007769,latency-f5f66c8d7c1f.csv
1,f5f66c8d7c1f,2025-10-15T11:45:13.198564,shrek,the,535,True,a45d25883979,15.187381000032474,latency-f5f66c8d7c1f.csv
1,f5f66c8d7c1f,2025-10-15T11:45:13.326399,grail,LANCELOT,59,True,a45d25883979,12.622337999800948,latency-f5f66c8d7c1f.csv
1,f5f66c8d7c1f,2025-10-15T11:45:13.455017,shrek,minute,3,True,a45d25883979,12.989045999802329,latency-f5f66c8d7c1f.csv
2,f5f66c8d7c1f,2025-10-15T11:45:13.586848,shrek3,Hold,8,True,a45d25883979,40.82716099992467,latency-f5f66c8d7c1f.csv
2,f5f66c8d7c1f,2025-10-15T11:45:13.862856,shrek,after,10,True,1de2274fea60,90.1951620003274,latency-f5f66c8d7c1f.csv
2,f5f66c8d7c1f,2025-10-15T11:45:14.114088,shrek,trip,1,True,a45d25883979,28.95308200004365,latency-f5f66c8d7c1f.csv
2,f5f66c8d7c1f,2025-10-15T11:45:14.265578,shrek,I,386,True,a45d25883979,24.933841999882134,latency-f5f66c8d7c1f.csv
2,f5f66c8d7c1f,2025-10-15T11:45:14.404590,shrek3,Cinderella,21,True,72ad01c69167,40.15575000039462,latency-f5f66c8d7c1f.csv
2,f5f66c8d7c1f,2025-10-15T11:45:14.564769,grail,them,41,True,a45d25883979,15.901620000022376,latency-f5f66c8d7c1f.csv
2,f5f66c8d7c1f,2025-10-15T11:45:14.688228,shrek3,bed,10,True,a45d25883979,6.228369999917049,latency-f5f66c8d7c1f.csv
2,f5f66c8d7c1f,2025-10-15T11:45:14.802194,shrek3,true,1,True,a45d25883979,5.291478999879473,latency-f5f66c8d7c1f.csv
2,f5f66c8d7c1f,2025-10-15T11:45:14.912693,shrek3,ARTIE,213,True,a45d25883979,5.645758000355272,latency-f5f66c8d7c1f.csv
2,f5f66c8d7c1f,2025-10-15T11:45:15.023631,shrek3,youre,0,True,a45d25883979,9.49562400001014,latency-f5f66c8d7c1f.csv
2,f5f66c8d7c1f,2025-10-15T11:45:15.141175,shrek3,an,51,True,a45d25883979,5.075804999705724,latency-f5f66c8d7c1f.csv
2,f5f66c8d7c1f,2025-10-15T11:45:15.252567,grail,a,666,True,a45d25883979,5.515284000011889,latency-f5f66c8d7c1f.csv
2,f5f66c8d7c1f,2025-10-15T11:45:15.364153,shrek3,dat,1,True,a45d25883979,6.9400040001710295,latency-f5f66c8d7c1f.csv
2,f5f66c8d7c1f,2025-10-15T11:45:15.478303,shrek,HOOD,13,True,a45d25883979,6.214553000063461,latency-f5f66c8d7c1f.csv
2,f5f66c8d7c1f,2025-10-15T11:45:15.592970,grail,Boom,4,True,72ad01c69167,5.01921900013258,latency-f5f66c8d7c1f.csv
2,f5f66c8d7c1f,2025-10-15T11:45:15.704799,shrek,cottage,4,True,72ad01c69167,7.608243999584374,latency-f5f66c8d7c1f.csv
2,f5f66c8d7c1f,2025-10-15T11:45:15.818481,shrek,not,50,True,72ad01c69167,6.646372999966843,latency-f5f66c8d7c1f.csv
2,f5f66c8d7c1f,2025-10-15T11:45:15.931258,shrek,the,535,True,72ad01c69167,5.860856000253989,latency-f5f66c8d7c1f.csv
2,f5f66c8d7c1f,2025-10-15T11:45:16.041992,grail,LANCELOT,59,True,72ad01c69167,12.436907999926916,latency-f5f66c8d7c1f.csv
2,f5f66c8d7c1f,2025-10-15T11:45:16.162839,shrek,minute,3,True,72ad01c69167,11.104636999789363,latency-f5f66c8d7c1f.csv
1,f656aa5c51c0,2025-10-15T11:45:30.974193,shrek,whole,10,True,72ad01c69167,5.41324200003146,latency-f656aa5c51c0.csv
1,f656aa5c51c0,2025-10-15T11:45:31.086844,shrek,lay,2,True,72ad01c69167,5.633399000089412,latency-f656aa5c51c0.csv
1,f656aa5c51c0,2025-10-15T11:45:31.200282,shrek,FARQUAAD,84,True,72ad01c69167,8.001408999916748,latency-f656aa5c51c0.csv
1,f656aa5c51c0,2025-10-15T11:45:31.315625,shrek,and,318,True,a45d25883979,4.617017999862583,latency-f656aa5c51c0.csv
1,f656aa5c51c0,2025-10-15T11:45:31.426699,shrek,number,8,True,a45d25883979,4.28343900011896,latency-f656aa5c51c0.csv
1,f656aa5c51c0,2025-10-15T11:45:31.537759,shrek,SHREK,433,True,a45d25883979,4.93550300006973,latency-f656aa5c51c0.csv
1,f656aa5c51c0,2025-10-15T11:45:31.648346,shrek3,Artie,213,True,a45d25883979,6.662389999746665,latency-f656aa5c51c0.csv
1,f656aa5c51c0,2025-10-15T11:45:31.761771,shrek3,and,576,True,a45d25883979,4.473176999908901,latency-f656aa5c51c0.csv
1,f656aa5c51c0,2025-10-15T11:45:31.871990,shrek3,Artie,213,True,a45d25883979,5.3300939998734975,latency-f656aa5c51c0.csv
1,f656aa5c51c0,2025-10-15T11:45:31.983066,shrek,edge,2,True,a45d25883979,7.649564999610448,latency-f656aa5c51c0.csv
1,f656aa5c51c0,2025-10-15T11:45:32.097378,shrek,SHREK,433,True,a45d25883979,5.7027000002563,latency-f656aa5c51c0.csv
1,f656aa5c51c0,2025-10-15T11:45:32.208978,grail,grabbing,5,True,a45d25883979,6.160894000004191,latency-f656aa5c51c0.csv
1,f656aa5c51c0,2025-10-15T11:45:32.321130,shrek,SHREK,433,True,a45d25883979,8.635837000383617,latency-f656aa5c51c0.csv
1,f656aa5c51c0,2025-10-15T11:45:32.436683,grail,upon,13,True,a45d25883979,8.246891999988293,latency-f656aa5c51c0.csv
1,f656aa5c51c0,2025-10-15T11:45:32.551863,grail,Cleese,10,True,a45d25883979,9.041647000231023,latency-f656aa5c51c0.csv
1,f656aa5c51c0,2025-10-15T11:45:32.667175,shrek,FIONA,211,True,a45d25883979,7.0819510001456365,latency-f656aa5c51c0.csv
1,f656aa5c51c0,2025-10-15T11:45:32.779885,grail,rows,1,True,a45d25883979,9.279042999878584,latency-f656aa5c51c0.csv
1,f656aa5c51c0,2025-10-15T11:45:32.896970,grail,Launcelot,107,True,a45d25883979,6.115982999745029,latency-f656aa5c51c0.csv
1,f656aa5c51c0,2025-10-15T11:45:33.009494,grail,upon,13,True,a45d25883979,9.467849999964528,latency-f656aa5c51c0.csv
1,f656aa5c51c0,2025-10-15T11:45:33.126446,grail,is,317,True,a45d25883979,8.815070999844465,latency-f656aa5c51c0.csv
2,f656aa5c51c0,2025-10-15T11:45:33.242724,shrek,whole,10,True,a45d25883979,9.127228000124887,latency-f656aa5c51c0.csv
2,f656aa5c51c0,2025-10-15T11:45:33.362049,shrek,lay,2,True,72ad01c69167,7.441430999733711,latency-f656aa5c51c0.csv
2,f656aa5c51c0,2025-10-15T11:45:33.477455,shrek,FARQUAAD,84,True,72ad01c69167,10.127939000085462,latency-f656aa5c51c0.csv
2,f656aa5c51c0,2025-10-15T11:45:33.595913,shrek,and,318,True,a45d25883979,13.225442000020848,latency-f656aa5c51c0.csv
2,f656aa5c51c0,2025-10-15T11:45:33.718963,shrek,number,8,True,72ad01c69167,8.825034999972559,latency-f656aa5c51c0.csv
2,f656aa5c51c0,2025-10-15T11:45:33.835322,shrek,SHREK,433,True,72ad01c69167,11.024471999917296,latency-f656aa5c51c0.csv
2,f656aa5c51c0,2025-10-15T11:45:33.953312,shrek3,Artie,213,True,72ad01c69167,7.444405999649462,latency-f656aa5c51c0.csv
2,f656aa5c51c0,2025-10-15T11:45:34.067286,shrek3,and,576,True,72ad01c69167,10.209161999682692,latency-f656aa5c51c0.csv
2,f656aa5c51c0,2025-10-15T11:45:34.184945,shrek3,Artie,213,True,72ad01c69167,9.09674400008953,latency-f656aa5c51c0.csv
2,f656aa5c51c0,2025-10-15T11:45:34.302684,shrek,edge,2,True,72ad01c69167,8.856511999965733,latency-f656aa5c51c0.csv
2,f656aa5c51c0,2025-10-15T11:45:34.419342,shrek,SHREK,433,True,72ad01c69167,12.462234000395256,latency-f656aa5c51c0.csv
2,f656aa5c51c0,2025-10-15T11:45:34.547061,grail,grabbing,5,True,1de2274fea60,5.87016899999071,latency-f656aa5c51c0.csv
2,f656aa5c51c0,2025-10-15T11:45:34.661710,shrek,SHREK,433,True,72ad01c69167,7.434556000134762,latency-f656aa5c51c0.csv
2,f656aa5c51c0,2025-10-15T11:45:34.778110,grail,upon,13,True,72ad01c69167,7.595949999995355,latency-f656aa5c51c0.csv
2,f656aa5c51c0,2025-10-15T11:45:34.893463,grail,Cleese,10,True,72ad01c69167,6.314128000212804,latency-f656aa5c51c0.csv
2,f656aa5c51c0,2025-10-15T11:45:35.007155,shrek,FIONA,211,True,72ad01c69167,6.490571000085765,latency-f656aa5c51c0.csv
2,f656aa5c51c0,2025-10-15T11:45:35.121756,grail,rows,1,True,72ad01c69167,5.602875000022323,latency-f656aa5c51c0.csv
2,f656aa5c51c0,2025-10-15T11:45:35.233027,grail,Launcelot,107,True,72ad01c69167,7.276133000232221,latency-f656aa5c51c0.csv
2,f656aa5c51c0,2025-10-15T11:45:35.348969,grail,upon,13,True,72ad01c69167,9.207214000070962,latency-f656aa5c51c0.csv
2,f656aa5c51c0,2025-10-15T11:45:35.464064,grail,is,317,True,72ad01c69167,6.97044399976221,latency-f656aa5c51c0.csv
1,f74413b2429f,2025-10-15T11:45:52.097714,shrek,Nobody,4,True,a45d25883979,15.744200999961322,latency-f74413b2429f.csv
1,f74413b2429f,2025-10-15T11:45:52.232042,shrek,who,29,True,a45d25883979,8.777355999882275,latency-f74413b2429f.csv
1,f74413b2429f,2025-10-15T11:45:52.347765,grail,thus,5,True,a45d25883979,14.438268000048993,latency-f74413b2429f.csv
1,f74413b2429f,2025-10-15T11:45:52.471978,shrek,field,4,True,a45d25883979,8.896637999896484,latency-f74413b2429f.csv
1,f74413b2429f,2025-10-15T11:45:52.593018,shrek3,dat,1,True,a45d25883979,10.45228600014525,latency-f74413b2429f.csv
1,f74413b2429f,2025-10-15T11:45:52.719868,grail,I,298,True,a45d25883979,8.765221999965433,latency-f74413b2429f.csv
1,f74413b2429f,2025-10-15T11:45:52.838888,shrek3,PRINCE,207,True,a45d25883979,8.499435999965499,latency-f74413b2429f.csv
1,f74413b2429f,2025-10-15T11:45:52.956621,grail,the,1600,True,a45d25883979,19.878293000147096,latency-f74413b2429f.csv
1,f74413b2429f,2025-10-15T11:45:53.090636,shrek3,RAPUNZEL,30,True,a45d25883979,8.451932999832934,latency-f74413b2429f.csv
1,f74413b2429f,2025-10-15T11:45:53.214674,shrek3,an,51,True,a45d25883979,8.046284000101878,latency-f74413b2429f.csv
1,f74413b2429f,2025-10-15T11:45:53.332646,grail,them,41,True,a45d25883979,20.715858000130535,latency-f74413b2429f.csv
1,f74413b2429f,2025-10-15T11:45:53.474998,grail,Auuuuuuuugh,2,True,1de2274fea60,33.44391500013444,latency-f74413b2429f.csv
1,f74413b2429f,2025-10-15T11:45:53.619327,grail,Guard,106,True,a45d25883979,13.151213999663014,latency-f74413b2429f.csv
1,f74413b2429f,2025-10-15T11:45:53.744704,grail,it,279,True,1de2274fea60,32.59797000009712,latency-f74413b2429f.csv
1,f74413b2429f,2025-10-15T11:45:53.897662,shrek,He,118,True,a45d25883979,37.40829799971834,latency-f74413b2429f.csv
1,f74413b2429f,2025-10-15T11:45:54.044806,shrek,No,114,True,1de2274fea60,47.22569800014753,latency-f74413b2429f.csv
1,f74413b2429f,2025-10-15T11:45:54.221232,shrek3,with,112,True,1de2274fea60,17.233002000011766,latency-f74413b2429f.csv
1,f74413b2429f,2025-10-15T11:45:54.359519,shrek,DONKEY,320,True,72ad01c69167,25.69722999987789,latency-f74413b2429f.csv
1,f74413b2429f,2025-10-15T11:45:54.521167,grail,on,139,True,72ad01c69167,76.66830700009086,latency-f74413b2429f.csv
1,f74413b2429f,2025-10-15T11:45:54.747171,shrek,way,26,True,a45d25883979,31.820667999909347,latency-f74413b2429f.csv
2,f74413b2429f,2025-10-15T11:45:54.923176,shrek,Nobody,4,True,1de2274fea60,29.17569600003844,latency-f74413b2429f.csv
2,f74413b2429f,2025-10-15T11:45:55.107335,shrek,who,29,True,a45d25883979,22.99329299967212,latency-f74413b2429f.csv
2,f74413b2429f,2025-10-15T11:45:55.265537,grail,thus,5,True,72ad01c69167,13.504206000106931,latency-f74413b2429f.csv
2,f74413b2429f,2025-10-15T11:45:55.408523,shrek,field,4,True,72ad01c69167,17.4618510000073,latency-f74413b2429f.csv
2,f74413b2429f,2025-10-15T11:45:55.547294,shrek3,dat,1,True,a45d25883979,21.8372049998834,latency-f74413b2429f.csv
2,f74413b2429f,2025-10-15T11:45:55.690836,grail,I,298,True,72ad01c69167,8.279927999865322,latency-f74413b2429f.csv
2,f74413b2429f,2025-10-15T11:45:55.811846,shrek3,PRINCE,207,True,a45d25883979,5.530549000013707,latency-f74413b2429f.csv
2,f74413b2429f,2025-10-15T11:45:55.924094,grail,the,1600,True,a45d25883979,10.795852999763156,latency-f74413b2429f.csv
2,f74413b2429f,2025-10-15T11:45:56.054187,shrek3,RAPUNZEL,30,True,a45d25883979,7.183495999925071,latency-f74413b2429f.csv
2,f74413b2429f,2025-10-15T11:45:56.170845,shrek3,an,51,True,a45d25883979,8.517650999692705,latency-f74413b2429f.csv
2,f74413b2429f,2025-10-15T11:45:56.288227,grail,them,41,True,72ad01c69167,10.936541999853944,latency-f74413b2429f.csv
2,f74413b2429f,2025-10-15T11:45:56.413377,grail,Auuuuuuuugh,2,True,a45d25883979,6.984183999975357,latency-f74413b2429f.csv
2,f74413b2429f,2025-10-15T11:45:56.529767,grail,Guard,106,True,a45d25883979,21.04047500006345,latency-f74413b2429f.csv
2,f74413b2429f,2025-10-15T11:45:56.679182,grail,it,279,True,1de2274fea60,30.31761700003699,latency-f74413b2429f.csv
2,f74413b2429f,2025-10-15T11:45:56.845956,shrek,He,118,True,72ad01c69167,6.484394999915821,latency-f74413b2429f.csv
2,f74413b2429f,2025-10-15T11:45:56.966608,shrek,No,114,True,72ad01c69167,11.745551000331034,latency-f74413b2429f.csv
2,f74413b2429f,2025-10-15T11:45:57.097983,shrek3,with,112,True,1de2274fea60,18.869125000037457,latency-f74413b2429f.csv
2,f74413b2429f,2025-10-15T11:45:57.239210,shrek,DONKEY,320,True,72ad01c69167,8.304685999974026,latency-f74413b2429f.csv
2,f74413b2429f,2025-10-15T11:45:57.358928,grail,on,139,True,72ad01c69167,11.701986000389295,latency-f74413b2429f.csv
2,f74413b2429f,2025-10-15T11:45:57.480480,shrek,way,26,True,a45d25883979,9.70259099995019,latency-f74413b2429f.csv
1,f801dda650ef,2025-10-15T11:45:10.430029,grail,upon,13,True,a45d25883979,6.74645299977783,latency-f801dda650ef.csv
1,f801dda650ef,2025-10-15T11:45:10.542075,shrek,this,79,True,a45d25883979,6.224593999831996,latency-f801dda650ef.csv
1,f801dda650ef,2025-10-15T11:45:10.653839,grail,thus,5,True,a45d25883979,8.628062999832764,latency-f801dda650ef.csv
1,f801dda650ef,2025-10-15T11:45:10.772043,shrek,DONKEY,320,True,a45d25883979,9.181463000004442,latency-f801dda650ef.csv
1,f801dda650ef,2025-10-15T11:45:10.893742,shrek,to,268,True,a45d25883979,7.762393000120937,latency-f801dda650ef.csv
1,f801dda650ef,2025-10-15T11:45:11.018371,shrek3,at,134,True,72ad01c69167,16.5012749998823,latency-f801dda650ef.csv
1,f801dda650ef,2025-10-15T11:45:11.167338,shrek,I,386,True,72ad01c69167,9.755557999596933,latency-f801dda650ef.csv
1,f801dda650ef,2025-10-15T11:45:11.301138,shrek3,get,39,True,72ad01c69167,15.15377499981696,latency-f801dda650ef.csv
1,f801dda650ef,2025-10-15T11:45:11.429557,shrek3,DWARF,10,True,a45d25883979,18.967490999784783,latency-f801dda650ef.csv
1,f801dda650ef,2025-10-15T11:45:11.569495,shrek3,"meet""",0,True,a45d25883979,27.48849500039796,latency-f801dda650ef.csv
1,f801dda650ef,2025-10-15T11:45:11.721450,shrek3,Hold,8,True,1de2274fea60,13.704436999887548,latency-f801dda650ef.csv
1,f801dda650ef,2025-10-15T11:45:11.852523,shrek3,CAPTAIN,41,True,72ad01c69167,13.165781000225252,latency-f801dda650ef.csv
1,f801dda650ef,2025-10-15T11:45:11.978190,shrek3,Whoa,7,True,1de2274fea60,15.15198600009171,latency-f801dda650ef.csv
1,f801dda650ef,2025-10-15T11:45:12.114026,grail,To,718,True,1de2274fea60,12.373123000088526,latency-f801dda650ef.csv
1,f801dda650ef,2025-10-15T11:45:12.259891,grail,it,279,True,a45d25883979,22.902115999841044,latency-f801dda650ef.csv
1,f801dda650ef,2025-10-15T11:45:12.403860,shrek,DONKEY,320,True,72ad01c69167,12.119955999878584,latency-f801dda650ef.csv
1,f801dda650ef,2025-10-15T11:45:12.538076,grail,Cleveland,3,True,a45d25883979,18.65144200019131,latency-f801dda650ef.csv
1,f801dda650ef,2025-10-15T11:45:12.694153,shrek3,DONKEY,243,True,72ad01c69167,18.51074300020628,latency-f801dda650ef.csv
1,f801dda650ef,2025-10-15T11:45:12.832712,shrek,after,10,True,a45d25883979,9.37669300037669,latency-f801dda650ef.csv
1,f801dda650ef,2025-10-15T11:45:12.952444,shrek,FIONA,211,True,72ad01c69167,16.50433199984036,latency-f801dda650ef.csv
2,f801dda650ef,2025-10-15T11:45:13.081238,grail,upon,13,True,72ad01c69167,9.650103999774728,latency-f801dda650ef.csv
2,f801dda650ef,2025-10-15T11:45:13.205422,shrek,this,79,True,72ad01c69167,13.244718000350986,latency-f801dda650ef.csv
2,f801dda650ef,2025-10-15T11:45:13.337890,grail,thus,5,True,1de2274fea60,8.65432199998395,latency-f801dda650ef.csv
2,f801dda650ef,2025-10-15T11:45:13.461816,shrek,DONKEY,320,True,72ad01c69167,12.58406900024056,latency-f801dda650ef.csv
2,f801dda650ef,2025-10-15T11:45:13.599014,shrek,to,268,True,a45d25883979,70.52824700031124,latency-f801dda650ef.csv
2,f801dda650ef,2025-10-15T11:45:13.853843,shrek3,at,134,True,a45d25883979,78.03206700009468,latency-f801dda650ef.csv
2,f801dda650ef,2025-10-15T11:45:14.069773,shrek,I,386,True,72ad01c69167,21.29630899980839,latency-f801dda650ef.csv
2,f801dda650ef,2025-10-15T11:45:14.242128,shrek3,get,39,True,a45d25883979,10.322124999674998,latency-f801dda650ef.csv
2,f801dda650ef,2025-10-15T11:45:14.371176,shrek3,DWARF,10,True,1de2274fea60,15.893298000264622,latency-f801dda650ef.csv
2,f801dda650ef,2025-10-15T11:45:14.497443,shrek3,"meet""",0,True,72ad01c69167,24.359410000215576,latency-f801dda650ef.csv
2,f801dda650ef,2025-10-15T11:45:14.654891,shrek3,Hold,8,True,72ad01c69167,6.441555000037624,latency-f801dda650ef.csv
2,f801dda650ef,2025-10-15T11:45:14.768101,shrek3,CAPTAIN,41,True,72ad01c69167,4.716431999895576,latency-f801dda650ef.csv
2,f801dda650ef,2025-10-15T11:45:14.877487,shrek3,Whoa,7,True,72ad01c69167,4.065265000008367,latency-f801dda650ef.csv
2,f801dda650ef,2025-10-15T11:45:14.986399,grail,To,718,True,a45d25883979,7.763910999983636,latency-f801dda650ef.csv
2,f801dda650ef,2025-10-15T11:45:15.101009,grail,it,279,True,a45d25883979,6.55766699992455,latency-f801dda650ef.csv
2,f801dda650ef,2025-10-15T11:45:15.214551,shrek,DONKEY,320,True,a45d25883979,5.744795999817143,latency-f801dda650ef.csv
2,f801dda650ef,2025-10-15T11:45:15.326614,grail,Cleveland,3,True,a45d25883979,5.396157999712159,latency-f801dda650ef.csv
2,f801dda650ef,2025-10-15T11:45:15.438173,shrek3,DONKEY,243,True,72ad01c69167,9.305012999902829,latency-f801dda650ef.csv
2,f801dda650ef,2025-10-15T11:45:15.555872,shrek,after,10,True,a45d25883979,6.04609599986361,latency-f801dda650ef.csv
2,f801dda650ef,2025-10-15T11:45:15.667585,shrek,FIONA,211,True,a45d25883979,4.410430000007182,latency-f801dda650ef.csv
1,f8aace0416b7,2025-10-15T11:45:12.510785,shrek3,SHREK,678,True,72ad01c69167,18.539838999913627,latency-f8aace0416b7.csv
1,f8aace0416b7,2025-10-15T11:45:12.658932,grail,lost,6,True,a45d25883979,9.647710000081132,latency-f8aace0416b7.csv
1,f8aace0416b7,2025-10-15T11:45:12.780160,shrek,edge,2,True,a45d25883979,13.01796200004901,latency-f8aace0416b7.csv
1,f8aace0416b7,2025-10-15T11:45:12.903774,grail,Who’s,3,True,a45d25883979,18.46585600014805,latency-f8aace0416b7.csv
1,f8aace0416b7,2025-10-15T11:45:13.036853,grail,of,684,True,a45d25883979,10.158977000173763,latency-f8aace0416b7.csv
1,f8aace0416b7,2025-10-15T11:45:13.154355,shrek3,the,1285,True,72ad01c69167,9.094994999941264,latency-f8aace0416b7.csv
1,f8aace0416b7,2025-10-15T11:45:13.277368,grail,right,66,True,72ad01c69167,12.9553599999781,latency-f8aace0416b7.csv
1,f8aace0416b7,2025-10-15T11:45:13.403998,shrek,Shrek,433,True,72ad01c69167,11.54285400025401,latency-f8aace0416b7.csv
1,f8aace0416b7,2025-10-15T11:45:13.541425,shrek3,SHREK,678,True,72ad01c69167,28.799889999845615,latency-f8aace0416b7.csv
1,f8aace0416b7,2025-10-15T11:45:13.727662,shrek3,Arg,1,True,72ad01c69167,106.92551300007835,latency-f8aace0416b7.csv
1,f8aace0416b7,2025-10-15T11:45:14.049034,grail,thus,5,True,a45d25883979,31.75033200022881,latency-f8aace0416b7.csv
1,f8aace0416b7,2025-10-15T11:45:14.213485,grail,Auuuuuuuugh,2,True,1de2274fea60,16.302078000080655,latency-f8aace0416b7.csv
1,f8aace0416b7,2025-10-15T11:45:14.345513,shrek,token,1,True,72ad01c69167,22.661974000129703,latency-f8aace0416b7.csv
1,f8aace0416b7,2025-10-15T11:45:14.494947,shrek3,me,72,False,72ad01c69167,51.86303800019232,latency-f8aace0416b7.csv
1,f8aace0416b7,2025-10-15T11:45:14.667834,grail,elected,2,True,a45d25883979,7.879330999912781,latency-f8aace0416b7.csv
1,f8aace0416b7,2025-10-15T11:45:14.783253,shrek3,2,8,True,a45d25883979,5.207281000366493,latency-f8aace0416b7.csv
1,f8aace0416b7,2025-10-15T11:45:14.893296,shrek3,the,1285,True,a45d25883979,5.10304100043868,latency-f8aace0416b7.csv
1,f8aace0416b7,2025-10-15T11:45:15.003398,shrek3,CAPTAIN,41,True,a45d25883979,7.231510000110575,latency-f8aace0416b7.csv
1,f8aace0416b7,2025-10-15T11:45:15.118206,shrek3,Third,121,True,a45d25883979,5.608976000075927,latency-f8aace0416b7.csv
1,f8aace0416b7,2025-10-15T11:45:15.229943,grail,the,1600,True,a45d25883979,7.246180000038294,latency-f8aace0416b7.csv
2,f8aace0416b7,2025-10-15T11:45:15.342454,shrek3,SHREK,678,True,a45d25883979,5.119604999890726,latency-f8aace0416b7.csv
2,f8aace0416b7,2025-10-15T11:45:15.453058,grail,lost,6,True,a45d25883979,7.322477000343497,latency-f8aace0416b7.csv
2,f8aace0416b7,2025-10-15T11:45:15.566332,shrek,edge,2,True,72ad01c69167,5.4886319999241096,latency-f8aace0416b7.csv
2,f8aace0416b7,2025-10-15T11:45:15.676925,grail,Who’s,3,True,a45d25883979,5.9169549999751325,latency-f8aace0416b7.csv
2,f8aace0416b7,2025-10-15T11:45:15.787800,grail,of,684,True,72ad01c69167,7.625382000242098,latency-f8aace0416b7.csv
2,f8aace0416b7,2025-10-15T11:45:15.901681,shrek3,the,1285,True,a45d25883979,5.675185000200145,latency-f8aace0416b7.csv
2,f8aace0416b7,2025-10-15T11:45:16.012492,grail,right,66,True,72ad01c69167,5.978319000405463,latency-f8aace0416b7.csv
2,f8aace0416b7,2025-10-15T11:45:16.124403,shrek,Shrek,433,True,72ad01c69167,5.374529999699007,latency-f8aace0416b7.csv
2,f8aace0416b7,2025-10-15T11:45:16.235270,shrek3,SHREK,678,True,72ad01c69167,7.796470000357658,latency-f8aace0416b7.csv
2,f8aace0416b7,2025-10-15T11:45:16.350191,shrek3,Arg,1,True,72ad01c69167,6.9578089996866765,latency-f8aace0416b7.csv
2,f8aace0416b7,2025-10-15T11:45:16.463090,grail,thus,5,True,a45d25883979,5.876736999653076,latency-f8aace0416b7.csv
2,f8aace0416b7,2025-10-15T11:45:16.575229,grail,Auuuuuuuugh,2,True,a45d25883979,5.58919800005242,latency-f8aace0416b7.csv
2,f8aace0416b7,2025-10-15T11:45:16.687621,shrek,token,1,True,a45d25883979,5.151972000021488,latency-f8aace0416b7.csv
2,f8aace0416b7,2025-10-15T11:45:16.797989,shrek3,me,72,True,a45d25883979,4.98999699993874,latency-f8aace0416b7.csv
2,f8aace0416b7,2025-10-15T11:45:16.908664,grail,elected,2,True,a45d25883979,8.108797000204504,latency-f8aace0416b7.csv
2,f8aace0416b7,2025-10-15T11:45:17.024957,shrek3,2,8,True,a45d25883979,6.769065999833401,latency-f8aace0416b7.csv
2,f8aace0416b7,2025-10-15T11:45:17.140288,shrek3,the,1285,True,72ad01c69167,5.872078000265901,latency-f8aace0416b7.csv
2,f8aace0416b7,2025-10-15T11:45:17.253658,shrek3,CAPTAIN,41,True,1de2274fea60,7.929263000278297,latency-f8aace0416b7.csv
2,f8aace0416b7,2025-10-15T11:45:17.371789,shrek3,Third,121,True,72ad01c69167,7.445857000220712,latency-f8aace0416b7.csv
2,f8aace0416b7,2025-10-15T11:45:17.488224,grail,the,1600,True,a45d25883979,11.508868999953847,latency-f8aace0416b7.csv
1,fa755b0d4d4d,2025-10-15T11:45:37.066311,shrek,and,318,True,72ad01c69167,9.20848699979615,latency-fa755b0d4d4d.csv
1,fa755b0d4d4d,2025-10-15T11:45:37.182735,grail,from,94,True,a45d25883979,5.608531000234507,latency-fa755b0d4d4d.csv
1,fa755b0d4d4d,2025-10-15T11:45:37.294702,grail,LTD,6,True,a45d25883979,5.846518999987893,latency-fa755b0d4d4d.csv
1,fa755b0d4d4d,2025-10-15T11:45:37.407673,shrek,who,29,True,a45d25883979,5.639111000164121,latency-fa755b0d4d4d.csv
1,fa755b0d4d4d,2025-10-15T11:45:37.519434,shrek,(standing,0,True,a45d25883979,10.837303999778667,latency-fa755b0d4d4d.csv
1,fa755b0d4d4d,2025-10-15T11:45:37.636960,grail,the,1600,True,a45d25883979,7.6763480001318385,latency-fa755b0d4d4d.csv
1,fa755b0d4d4d,2025-10-15T11:45:37.750824,shrek3,WHITE,45,True,a45d25883979,4.591893999986496,latency-fa755b0d4d4d.csv
1,fa755b0d4d4d,2025-10-15T11:45:37.860318,shrek,No,114,True,a45d25883979,5.246199999874079,latency-fa755b0d4d4d.csv
1,fa755b0d4d4d,2025-10-15T11:45:37.972248,shrek3,"Bay""",0,True,a45d25883979,6.088610000006156,latency-fa755b0d4d4d.csv
1,fa755b0d4d4d,2025-10-15T11:45:38.085286,shrek,the,535,True,a45d25883979,4.862590999891836,latency-fa755b0d4d4d.csv
1,fa755b0d4d4d,2025-10-15T11:45:38.195881,shrek3,them,44,True,a45d25883979,5.953116999990016,latency-fa755b0d4d4d.csv
1,fa755b0d4d4d,2025-10-15T11:45:38.308202,grail,To,718,True,a45d25883979,5.528063999918231,latency-fa755b0d4d4d.csv
1,fa755b0d4d4d,2025-10-15T11:45:38.418609,shrek3,us,12,True,a45d25883979,4.574975999730668,latency-fa755b0d4d4d.csv
1,fa755b0d4d4d,2025-10-15T11:45:38.528480,grail,witch,30,True,a45d25883979,5.892683999718429,latency-fa755b0d4d4d.csv
1,fa755b0d4d4d,2025-10-15T11:45:38.640219,shrek3,RAPUNZEL,30,True,a45d25883979,6.159357000342425,latency-fa755b0d4d4d.csv
1,fa755b0d4d4d,2025-10-15T11:45:38.753181,shrek,help,5,True,a45d25883979,4.788191999978153,latency-fa755b0d4d4d.csv
1,fa755b0d4d4d,2025-10-15T11:45:38.863175,grail,at,104,True,a45d25883979,5.05365700018956,latency-fa755b0d4d4d.csv
1,fa755b0d4d4d,2025-10-15T11:45:38.973377,shrek,FIONA,211,True,a45d25883979,7.67132800001491,latency-fa755b0d4d4d.csv
1,fa755b0d4d4d,2025-10-15T11:45:39.087681,grail,a,666,True,1de2274fea60,10.59575399995083,latency-fa755b0d4d4d.csv
1,fa755b0d4d4d,2025-10-15T11:45:39.204968,shrek3,at,134,True,1de2274fea60,17.859333000160404,latency-fa755b0d4d4d.csv
2,fa755b0d4d4d,2025-10-15T11:45:39.342155,shrek,and,318,True,1de2274fea60,18.46725099994728,latency-fa755b0d4d4d.csv
2,fa755b0d4d4d,2025-10-15T11:45:39.489121,grail,from,94,True,1de2274fea60,42.764090999753535,latency-fa755b0d4d4d.csv
2,fa755b0d4d4d,2025-10-15T11:45:39.669376,grail,LTD,6,True,a45d25883979,11.525476000315392,latency-fa755b0d4d4d.csv
2,fa755b0d4d4d,2025-10-15T11:45:39.787781,shrek,who,29,True,a45d25883979,9.035671000219736,latency-fa755b0d4d4d.csv
2,fa755b0d4d4d,2025-10-15T11:45:39.902569,shrek,(standing,0,True,72ad01c69167,7.215681000161567,latency-fa755b0d4d4d.csv
2,fa755b0d4d4d,2025-10-15T11:45:40.017484,grail,the,1600,True,a45d25883979,19.64690500017241,latency-fa755b0d4d4d.csv
2,fa755b0d4d4d,2025-10-15T11:45:40.151726,shrek3,WHITE,45,True,1de2274fea60,8.756683000228804,latency-fa755b0d4d4d.csv
2,fa755b0d4d4d,2025-10-15T11:45:40.271113,shrek,No,114,True,1de2274fea60,7.844152999950893,latency-fa755b0d4d4d.csv
2,fa755b0d4d4d,2025-10-15T11:45:40.387341,shrek3,"Bay""",0,True,72ad01c69167,13.682727999821507,latency-fa755b0d4d4d.csv
2,fa755b0d4d4d,2025-10-15T11:45:40.513116,shrek,the,535,True,1de2274fea60,10.36648299987064,latency-fa755b0d4d4d.csv
2,fa755b0d4d4d,2025-10-15T11:45:40.634793,shrek3,them,44,True,1de2274fea60,8.3280549997653,latency-fa755b0d4d4d.csv
2,fa755b0d4d4d,2025-10-15T11:45:40.753058,grail,To,718,True,72ad01c69167,24.43539600017175,latency-fa755b0d4d4d.csv
2,fa755b0d4d4d,2025-10-15T11:45:40.887463,shrek3,us,12,True,a45d25883979,11.142427999857318,latency-fa755b0d4d4d.csv
2,fa755b0d4d4d,2025-10-15T11:45:41.007165,grail,witch,30,True,72ad01c69167,6.308653999894887,latency-fa755b0d4d4d.csv
2,fa755b0d4d4d,2025-10-15T11:45:41.119935,shrek3,RAPUNZEL,30,True,72ad01c69167,13.184177999846725,latency-fa755b0d4d4d.csv
2,fa755b0d4d4d,2025-10-15T11:45:41.243797,shrek,help,5,True,1de2274fea60,7.335528999647067,latency-fa755b0d4d4d.csv
2,fa755b0d4d4d,2025-10-15T11:45:41.357096,grail,at,104,True,72ad01c69167,7.095448000200122,latency-fa755b0d4d4d.csv
2,fa755b0d4d4d,2025-10-15T11:45:41.469750,shrek,FIONA,211,True,72ad01c69167,8.579295999879832,latency-fa755b0d4d4d.csv
2,fa755b0d4d4d,2025-10-15T11:45:41.584932,grail,a,666,True,1de2274fea60,8.03680799981521,latency-fa755b0d4d4d.csv
2,fa755b0d4d4d,2025-10-15T11:45:41.698919,shrek3,at,134,True,1de2274fea60,9.397463999903266,latency-fa755b0d4d4d.csv
1,fc067735e062,2025-10-15T11:46:16.909615,grail,feel,11,True,a45d25883979,6.519085000036284,latency-fc067735e062.csv
1,fc067735e062,2025-10-15T11:46:17.023888,grail,are,114,True,72ad01c69167,11.30203899992921,latency-fc067735e062.csv
1,fc067735e062,2025-10-15T11:46:17.144018,grail,Butts,2,True,a45d25883979,7.315037999887863,latency-fc067735e062.csv
1,fc067735e062,2025-10-15T11:46:17.261120,shrek3,showing,1,True,a45d25883979,8.570464999593241,latency-fc067735e062.csv
1,fc067735e062,2025-10-15T11:46:17.378894,shrek,placed,1,True,a45d25883979,8.642375000363245,latency-fc067735e062.csv
1,fc067735e062,2025-10-15T11:46:17.493447,shrek3,at,134,True,a45d25883979,15.362264000032155,latency-fc067735e062.csv
1,fc067735e062,2025-10-15T11:46:17.615886,shrek,after,10,True,a45d25883979,19.79714199978844,latency-fc067735e062.csv
1,fc067735e062,2025-10-15T11:46:17.748549,grail,with/,0,True,a45d25883979,11.008652999862534,latency-fc067735e062.csv
1,fc067735e062,2025-10-15T11:46:17.871969,shrek3,the,1285,True,a45d25883979,11.880571999881797,latency-fc067735e062.csv
1,fc067735e062,2025-10-15T11:46:17.991161,shrek3,him,87,True,1de2274fea60,10.41969900006734,latency-fc067735e062.csv
1,fc067735e062,2025-10-15T11:46:18.110012,shrek,tale,7,True,1de2274fea60,20.10033400028988,latency-fc067735e062.csv
1,fc067735e062,2025-10-15T11:46:18.241482,grail,and,722,True,1de2274fea60,9.576479999850562,latency-fc067735e062.csv
1,fc067735e062,2025-10-15T11:46:18.364166,shrek,CROWD,5,True,a45d25883979,9.413789000063844,latency-fc067735e062.csv
1,fc067735e062,2025-10-15T11:46:18.484461,shrek,DONKEY,320,True,a45d25883979,8.314372000313597,latency-fc067735e062.csv
1,fc067735e062,2025-10-15T11:46:18.602980,grail,Auuuuuuuugh,2,True,a45d25883979,22.04197299988664,latency-fc067735e062.csv
1,fc067735e062,2025-10-15T11:46:18.736435,shrek3,did,14,True,1de2274fea60,18.27165300028355,latency-fc067735e062.csv
1,fc067735e062,2025-10-15T11:46:18.885169,shrek,old,10,True,72ad01c69167,6.3116629999058205,latency-fc067735e062.csv
1,fc067735e062,2025-10-15T11:46:18.999450,shrek3,of,275,True,72ad01c69167,9.054192999883526,latency-fc067735e062.csv
1,fc067735e062,2025-10-15T11:46:19.118588,grail,a,666,True,1de2274fea60,14.104421999945773,latency-fc067735e062.csv
1,fc067735e062,2025-10-15T11:46:19.247692,grail,of,684,True,a45d25883979,8.035602000290964,latency-fc067735e062.csv
2,fc067735e062,2025-10-15T11:46:19.367712,grail,feel,11,True,72ad01c69167,8.824594000088837,latency-fc067735e062.csv
2,fc067735e062,2025-10-15T11:46:19.486163,grail,are,114,True,72ad01c69167,11.510340999848268,latency-fc067735e062.csv
2,fc067735e062,2025-10-15T11:46:19.604292,grail,Butts,2,True,a45d25883979,11.286558999927363,latency-fc067735e062.csv
2,fc067735e062,2025-10-15T11:46:19.722002,shrek3,showing,1,True,a45d25883979,12.565195999741263,latency-fc067735e062.csv
2,fc067735e062,2025-10-15T11:46:19.842591,shrek,placed,1,True,a45d25883979,10.441511999943032,latency-fc067735e062.csv
2,fc067735e062,2025-10-15T11:46:19.964980,shrek3,at,134,True,a45d25883979,6.550958999923751,latency-fc067735e062.csv
2,fc067735e062,2025-10-15T11:46:20.085264,shrek,after,10,True,a45d25883979,5.960557999969751,latency-fc067735e062.csv
2,fc067735e062,2025-10-15T11:46:20.201015,grail,with/,0,True,a45d25883979,16.40546099997664,latency-fc067735e062.csv
2,fc067735e062,2025-10-15T11:46:20.330362,shrek3,the,1285,True,a45d25883979,10.088583999731782,latency-fc067735e062.csv
2,fc067735e062,2025-10-15T11:46:20.449547,shrek3,him,87,True,a45d25883979,7.945065000058094,latency-fc067735e062.csv
2,fc067735e062,2025-10-15T11:46:20.565824,shrek,tale,7,True,a45d25883979,7.518614000218804,latency-fc067735e062.csv
2,fc067735e062,2025-10-15T11:46:20.684003,grail,and,722,True,a45d25883979,5.091603999971994,latency-fc067735e062.csv
2,fc067735e062,2025-10-15T11:46:20.794693,shrek,CROWD,5,True,a45d25883979,6.0836229999949865,latency-fc067735e062.csv
2,fc067735e062,2025-10-15T11:46:20.906229,shrek,DONKEY,320,True,a45d25883979,7.729300000391959,latency-fc067735e062.csv
2,fc067735e062,2025-10-15T11:46:21.021830,grail,Auuuuuuuugh,2,True,a45d25883979,7.843969000077777,latency-fc067735e062.csv
2,fc067735e062,2025-10-15T11:46:21.136678,shrek3,did,14,True,a45d25883979,15.609834999850136,latency-fc067735e062.csv
2,fc067735e062,2025-10-15T11:46:21.268141,shrek,old,10,True,a45d25883979,8.877653999661561,latency-fc067735e062.csv
2,fc067735e062,2025-10-15T11:46:21.388778,shrek3,of,275,True,a45d25883979,7.111555999927077,latency-fc067735e062.csv
2,fc067735e062,2025-10-15T11:46:21.501438,grail,a,666,True,a45d25883979,17.63931200002844,latency-fc067735e062.csv
2,fc067735e062,2025-10-15T11:46:21.634858,grail,of,684,True,72ad01c69167,30.1050650000434,latency-fc067735e062.csv
