pass,client_id,t_start_utc,file,keyword,count,from_cache,server,latency_ms,source_file
1,026fbb2da9f8,2025-10-21T15:38:03.067854,shrek3,PUSS,196,True,9da86a20dc04,13.801895000142396,latency-026fbb2da9f8.csv
1,026fbb2da9f8,2025-10-21T15:38:03.207484,shrek3,BOAT,32,False,9da86a20dc04,19.161910000548232,latency-026fbb2da9f8.csv
1,026fbb2da9f8,2025-10-21T15:38:03.339893,shrek,lay,2,True,9da86a20dc04,7.914279000033275,latency-026fbb2da9f8.csv
1,026fbb2da9f8,2025-10-21T15:38:03.452342,shrek,and,318,True,9da86a20dc04,30.441369000982377,latency-026fbb2da9f8.csv
1,026fbb2da9f8,2025-10-21T15:38:03.589594,grail,is,317,True,9da86a20dc04,15.842512000745046,latency-026fbb2da9f8.csv
1,026fbb2da9f8,2025-10-21T15:38:03.727335,shrek3,of,275,True,9da86a20dc04,20.03953599887609,latency-026fbb2da9f8.csv
1,026fbb2da9f8,2025-10-21T15:38:03.874023,shrek,FIONA'S,3,False,9da86a20dc04,35.76488200087624,latency-026fbb2da9f8.csv
1,026fbb2da9f8,2025-10-21T15:38:04.029994,grail,Cleese,10,False,9da86a20dc04,28.891703001136197,latency-026fbb2da9f8.csv
1,026fbb2da9f8,2025-10-21T15:38:04.183658,shrek,at,62,True,9da86a20dc04,10.42846299969824,latency-026fbb2da9f8.csv
1,026fbb2da9f8,2025-10-21T15:38:04.305149,shrek3,reason,2,True,9da86a20dc04,3.420217999519082,latency-026fbb2da9f8.csv
1,026fbb2da9f8,2025-10-21T15:38:04.413980,shrek,a,305,True,9da86a20dc04,4.412823998791282,latency-026fbb2da9f8.csv
1,026fbb2da9f8,2025-10-21T15:38:04.523931,grail,"Oh,",2,True,9da86a20dc04,16.790276000392623,latency-026fbb2da9f8.csv
1,026fbb2da9f8,2025-10-21T15:38:04.650665,shrek3,Artie,213,True,9da86a20dc04,8.321630000864388,latency-026fbb2da9f8.csv
1,026fbb2da9f8,2025-10-21T15:38:04.765419,shrek,placed,1,True,9da86a20dc04,22.912540000106677,latency-026fbb2da9f8.csv
1,026fbb2da9f8,2025-10-21T15:38:04.910384,grail,Footnote,4,True,9da86a20dc04,7.273862000147346,latency-026fbb2da9f8.csv
1,026fbb2da9f8,2025-10-21T15:38:05.030883,shrek3,ARTIE,213,True,9da86a20dc04,5.201093999858131,latency-026fbb2da9f8.csv
1,026fbb2da9f8,2025-10-21T15:38:05.143668,shrek3,DONKEY,243,True,9da86a20dc04,3.602783001042553,latency-026fbb2da9f8.csv
1,026fbb2da9f8,2025-10-21T15:38:05.253259,shrek,token,1,True,9da86a20dc04,3.6252650006645126,latency-026fbb2da9f8.csv
1,026fbb2da9f8,2025-10-21T15:38:05.360936,grail,are,114,True,9da86a20dc04,4.682558001150028,latency-026fbb2da9f8.csv
1,026fbb2da9f8,2025-10-21T15:38:05.469643,shrek,way,26,True,9da86a20dc04,6.943310001588543,latency-026fbb2da9f8.csv
2,026fbb2da9f8,2025-10-21T15:38:05.581445,shrek3,PUSS,196,True,9da86a20dc04,11.968061999141357,latency-026fbb2da9f8.csv
2,026fbb2da9f8,2025-10-21T15:38:05.701199,shrek3,BOAT,32,True,9da86a20dc04,4.32337100028235,latency-026fbb2da9f8.csv
2,026fbb2da9f8,2025-10-21T15:38:05.813023,shrek,lay,2,True,9da86a20dc04,7.696527000007336,latency-026fbb2da9f8.csv
2,026fbb2da9f8,2025-10-21T15:38:05.930222,shrek,and,318,True,9da86a20dc04,36.34010099995066,latency-026fbb2da9f8.csv
2,026fbb2da9f8,2025-10-21T15:38:06.082902,grail,is,317,True,9da86a20dc04,10.781635000967071,latency-026fbb2da9f8.csv
2,026fbb2da9f8,2025-10-21T15:38:06.207768,shrek3,of,275,True,9da86a20dc04,14.7010999990016,latency-026fbb2da9f8.csv
2,026fbb2da9f8,2025-10-21T15:38:06.332093,shrek,FIONA'S,3,True,9da86a20dc04,4.006731000117725,latency-026fbb2da9f8.csv
2,026fbb2da9f8,2025-10-21T15:38:06.443465,grail,Cleese,10,True,9da86a20dc04,2.5197049999405863,latency-026fbb2da9f8.csv
2,026fbb2da9f8,2025-10-21T15:38:06.549431,shrek,at,62,True,9da86a20dc04,3.292411000074935,latency-026fbb2da9f8.csv
2,026fbb2da9f8,2025-10-21T15:38:06.656427,shrek3,reason,2,True,9da86a20dc04,2.6319400003558258,latency-026fbb2da9f8.csv
2,026fbb2da9f8,2025-10-21T15:38:06.763427,shrek,a,305,True,9da86a20dc04,3.5805749994324287,latency-026fbb2da9f8.csv
2,026fbb2da9f8,2025-10-21T15:38:06.871176,grail,"Oh,",2,True,9da86a20dc04,7.045944999845233,latency-026fbb2da9f8.csv
2,026fbb2da9f8,2025-10-21T15:38:06.982413,shrek3,Artie,213,True,9da86a20dc04,14.025415001015062,latency-026fbb2da9f8.csv
2,026fbb2da9f8,2025-10-21T15:38:07.103231,shrek,placed,1,True,9da86a20dc04,7.028414998785593,latency-026fbb2da9f8.csv
2,026fbb2da9f8,2025-10-21T15:38:07.213690,grail,Footnote,4,True,9da86a20dc04,4.43265300054918,latency-026fbb2da9f8.csv
2,026fbb2da9f8,2025-10-21T15:38:07.322713,shrek3,ARTIE,213,True,9da86a20dc04,31.562890999339288,latency-026fbb2da9f8.csv
2,026fbb2da9f8,2025-10-21T15:38:07.469106,shrek3,DONKEY,243,True,9da86a20dc04,10.734477000369225,latency-026fbb2da9f8.csv
2,026fbb2da9f8,2025-10-21T15:38:07.591681,shrek,token,1,True,9da86a20dc04,8.865035999406246,latency-026fbb2da9f8.csv
2,026fbb2da9f8,2025-10-21T15:38:07.707002,grail,are,114,True,9da86a20dc04,9.568998000759166,latency-026fbb2da9f8.csv
2,026fbb2da9f8,2025-10-21T15:38:07.822071,shrek,way,26,True,9da86a20dc04,11.230319998503546,latency-026fbb2da9f8.csv
1,03675beacf43,2025-10-21T15:38:23.927862,grail,is,317,True,9da86a20dc04,10.211647999312843,latency-03675beacf43.csv
1,03675beacf43,2025-10-21T15:38:24.046916,shrek3,ARTIE,213,True,9da86a20dc04,4.214323998894543,latency-03675beacf43.csv
1,03675beacf43,2025-10-21T15:38:24.154846,shrek3,cues,3,True,9da86a20dc04,8.364880999579327,latency-03675beacf43.csv
1,03675beacf43,2025-10-21T15:38:24.274844,grail,-,259,True,9da86a20dc04,2.712761999646318,latency-03675beacf43.csv
1,03675beacf43,2025-10-21T15:38:24.382731,grail,seek,12,True,9da86a20dc04,5.684125000698259,latency-03675beacf43.csv
1,03675beacf43,2025-10-21T15:38:24.496214,shrek3,Cinderella,21,True,9da86a20dc04,2.8011940012220293,latency-03675beacf43.csv
1,03675beacf43,2025-10-21T15:38:24.605615,grail,seek,12,True,9da86a20dc04,2.785186999972211,latency-03675beacf43.csv
1,03675beacf43,2025-10-21T15:38:24.713217,shrek3,field,3,True,9da86a20dc04,4.371414999695844,latency-03675beacf43.csv
1,03675beacf43,2025-10-21T15:38:24.824745,grail,(as,0,True,9da86a20dc04,3.517492999890237,latency-03675beacf43.csv
1,03675beacf43,2025-10-21T15:38:24.934336,shrek3,you,328,True,9da86a20dc04,3.60561999877973,latency-03675beacf43.csv
1,03675beacf43,2025-10-21T15:38:25.041888,grail,Bum,13,True,9da86a20dc04,2.356132999921101,latency-03675beacf43.csv
1,03675beacf43,2025-10-21T15:38:25.147264,grail,Christ,8,True,9da86a20dc04,2.7665520010486944,latency-03675beacf43.csv
1,03675beacf43,2025-10-21T15:38:25.253855,shrek3,WOLF,7,True,9da86a20dc04,3.609015000620275,latency-03675beacf43.csv
1,03675beacf43,2025-10-21T15:38:25.361438,shrek,after,10,True,9da86a20dc04,3.467225000349572,latency-03675beacf43.csv
1,03675beacf43,2025-10-21T15:38:25.468765,shrek,the,535,True,9da86a20dc04,2.89026000064041,latency-03675beacf43.csv
1,03675beacf43,2025-10-21T15:38:25.576427,shrek3,WOLF,7,True,9da86a20dc04,3.977555999881588,latency-03675beacf43.csv
1,03675beacf43,2025-10-21T15:38:25.686421,grail,are,114,True,9da86a20dc04,3.978848999395268,latency-03675beacf43.csv
1,03675beacf43,2025-10-21T15:38:25.794093,grail,king,136,True,9da86a20dc04,2.811307000229135,latency-03675beacf43.csv
1,03675beacf43,2025-10-21T15:38:25.900106,shrek,GORDO,5,True,9da86a20dc04,2.981729001476197,latency-03675beacf43.csv
1,03675beacf43,2025-10-21T15:38:26.006454,shrek3,"Suddenly,",0,True,9da86a20dc04,3.0674580011691432,latency-03675beacf43.csv
2,03675beacf43,2025-10-21T15:38:26.113399,grail,is,317,True,9da86a20dc04,2.3315359994739997,latency-03675beacf43.csv
2,03675beacf43,2025-10-21T15:38:26.219097,shrek3,ARTIE,213,True,9da86a20dc04,3.3533189998706803,latency-03675beacf43.csv
2,03675beacf43,2025-10-21T15:38:26.326151,shrek3,cues,3,True,9da86a20dc04,2.1183820008445764,latency-03675beacf43.csv
2,03675beacf43,2025-10-21T15:38:26.431719,grail,-,259,True,9da86a20dc04,8.364256000277237,latency-03675beacf43.csv
2,03675beacf43,2025-10-21T15:38:26.548899,grail,seek,12,True,9da86a20dc04,2.9513150002458133,latency-03675beacf43.csv
2,03675beacf43,2025-10-21T15:38:26.655300,shrek3,Cinderella,21,True,9da86a20dc04,3.0818909999652533,latency-03675beacf43.csv
2,03675beacf43,2025-10-21T15:38:26.762239,grail,seek,12,True,9da86a20dc04,3.2161589988390915,latency-03675beacf43.csv
2,03675beacf43,2025-10-21T15:38:26.869452,shrek3,field,3,True,9da86a20dc04,6.536106000567088,latency-03675beacf43.csv
2,03675beacf43,2025-10-21T15:38:26.982425,grail,(as,0,True,9da86a20dc04,2.5399910009582527,latency-03675beacf43.csv
2,03675beacf43,2025-10-21T15:38:27.088146,shrek3,you,328,True,9da86a20dc04,3.0985150006017648,latency-03675beacf43.csv
2,03675beacf43,2025-10-21T15:38:27.194769,grail,Bum,13,True,9da86a20dc04,5.738961001043208,latency-03675beacf43.csv
2,03675beacf43,2025-10-21T15:38:27.306344,grail,Christ,8,True,9da86a20dc04,4.17547500001092,latency-03675beacf43.csv
2,03675beacf43,2025-10-21T15:38:27.417902,shrek3,WOLF,7,True,9da86a20dc04,2.652990000569844,latency-03675beacf43.csv
2,03675beacf43,2025-10-21T15:38:27.524103,shrek,after,10,True,9da86a20dc04,4.594218000420369,latency-03675beacf43.csv
2,03675beacf43,2025-10-21T15:38:27.632732,shrek,the,535,True,9da86a20dc04,2.824652001436334,latency-03675beacf43.csv
2,03675beacf43,2025-10-21T15:38:27.738708,shrek3,WOLF,7,True,9da86a20dc04,4.1432479993090965,latency-03675beacf43.csv
2,03675beacf43,2025-10-21T15:38:27.846781,grail,are,114,True,9da86a20dc04,4.862638999838964,latency-03675beacf43.csv
2,03675beacf43,2025-10-21T15:38:27.956151,grail,king,136,True,9da86a20dc04,3.847187999781454,latency-03675beacf43.csv
2,03675beacf43,2025-10-21T15:38:28.063454,shrek,GORDO,5,True,9da86a20dc04,3.1249519997800235,latency-03675beacf43.csv
2,03675beacf43,2025-10-21T15:38:28.169388,shrek3,"Suddenly,",0,True,9da86a20dc04,3.5155440000380622,latency-03675beacf43.csv
1,03b4951f461a,2025-10-21T15:38:35.429844,shrek,DONKEY,320,True,9da86a20dc04,2.613642998767318,latency-03b4951f461a.csv
1,03b4951f461a,2025-10-21T15:38:35.536899,grail,TV,2,True,9da86a20dc04,2.75396299912245,latency-03b4951f461a.csv
1,03b4951f461a,2025-10-21T15:38:35.643035,shrek,DONKEY,320,True,9da86a20dc04,2.629055001307279,latency-03b4951f461a.csv
1,03b4951f461a,2025-10-21T15:38:35.748892,shrek,FIONA,211,True,9da86a20dc04,2.7564889987843344,latency-03b4951f461a.csv
1,03b4951f461a,2025-10-21T15:38:35.856464,shrek3,Cinderella,21,True,9da86a20dc04,2.82092799898237,latency-03b4951f461a.csv
1,03b4951f461a,2025-10-21T15:38:35.962654,grail,going,21,True,9da86a20dc04,11.077129000113928,latency-03b4951f461a.csv
1,03b4951f461a,2025-10-21T15:38:36.087194,shrek,Shrek,433,True,9da86a20dc04,5.957969999144552,latency-03b4951f461a.csv
1,03b4951f461a,2025-10-21T15:38:36.199102,shrek3,and,576,True,9da86a20dc04,5.170843998712371,latency-03b4951f461a.csv
1,03b4951f461a,2025-10-21T15:38:36.310321,shrek,And,318,True,9da86a20dc04,4.739936000987655,latency-03b4951f461a.csv
1,03b4951f461a,2025-10-21T15:38:36.420308,shrek3,116,1,True,9da86a20dc04,4.621418000169797,latency-03b4951f461a.csv
1,03b4951f461a,2025-10-21T15:38:36.531846,shrek3,field,3,True,9da86a20dc04,4.65146900023683,latency-03b4951f461a.csv
1,03b4951f461a,2025-10-21T15:38:36.641283,shrek3,CHARMING,232,True,9da86a20dc04,3.130019000309403,latency-03b4951f461a.csv
1,03b4951f461a,2025-10-21T15:38:36.749322,shrek,trip,1,True,9da86a20dc04,4.502711999521125,latency-03b4951f461a.csv
1,03b4951f461a,2025-10-21T15:38:36.860713,shrek,way,26,True,9da86a20dc04,2.79456700081937,latency-03b4951f461a.csv
1,03b4951f461a,2025-10-21T15:38:36.967394,grail,music,21,True,9da86a20dc04,3.1430500002898043,latency-03b4951f461a.csv
1,03b4951f461a,2025-10-21T15:38:37.074174,shrek,I,386,True,9da86a20dc04,4.980717998478212,latency-03b4951f461a.csv
1,03b4951f461a,2025-10-21T15:38:37.183487,shrek,swamp,18,True,9da86a20dc04,3.005933000167716,latency-03b4951f461a.csv
1,03b4951f461a,2025-10-21T15:38:37.289882,shrek3,Donkey,243,True,9da86a20dc04,4.065188999447855,latency-03b4951f461a.csv
1,03b4951f461a,2025-10-21T15:38:37.397564,shrek3,SHREK,678,True,9da86a20dc04,3.0559249989892123,latency-03b4951f461a.csv
1,03b4951f461a,2025-10-21T15:38:37.504338,shrek3,with,112,True,9da86a20dc04,5.729668000640231,latency-03b4951f461a.csv
2,03b4951f461a,2025-10-21T15:38:37.614573,shrek,DONKEY,320,True,9da86a20dc04,5.679489000613103,latency-03b4951f461a.csv
2,03b4951f461a,2025-10-21T15:38:37.727815,grail,TV,2,True,9da86a20dc04,3.949007999835885,latency-03b4951f461a.csv
2,03b4951f461a,2025-10-21T15:38:37.836323,shrek,DONKEY,320,True,9da86a20dc04,4.431748999195406,latency-03b4951f461a.csv
2,03b4951f461a,2025-10-21T15:38:37.945002,shrek,FIONA,211,True,9da86a20dc04,2.6130099995498317,latency-03b4951f461a.csv
2,03b4951f461a,2025-10-21T15:38:38.051123,shrek3,Cinderella,21,True,9da86a20dc04,5.812740000692429,latency-03b4951f461a.csv
2,03b4951f461a,2025-10-21T15:38:38.158807,grail,going,21,True,9da86a20dc04,4.361504001280991,latency-03b4951f461a.csv
2,03b4951f461a,2025-10-21T15:38:38.265989,shrek,Shrek,433,True,9da86a20dc04,4.795483999259886,latency-03b4951f461a.csv
2,03b4951f461a,2025-10-21T15:38:38.374877,shrek3,and,576,True,9da86a20dc04,5.923030999838375,latency-03b4951f461a.csv
2,03b4951f461a,2025-10-21T15:38:38.484764,shrek,And,318,True,9da86a20dc04,2.6859709996642778,latency-03b4951f461a.csv
2,03b4951f461a,2025-10-21T15:38:38.590427,shrek3,116,1,True,9da86a20dc04,2.6216379992547445,latency-03b4951f461a.csv
2,03b4951f461a,2025-10-21T15:38:38.696351,shrek3,field,3,True,9da86a20dc04,3.2855440003913827,latency-03b4951f461a.csv
2,03b4951f461a,2025-10-21T15:38:38.803306,shrek3,CHARMING,232,True,9da86a20dc04,2.888648999942234,latency-03b4951f461a.csv
2,03b4951f461a,2025-10-21T15:38:38.909693,shrek,trip,1,True,9da86a20dc04,3.5303599997860147,latency-03b4951f461a.csv
2,03b4951f461a,2025-10-21T15:38:39.016624,shrek,way,26,True,9da86a20dc04,4.298616000596667,latency-03b4951f461a.csv
2,03b4951f461a,2025-10-21T15:38:39.125309,grail,music,21,True,9da86a20dc04,4.14719100081129,latency-03b4951f461a.csv
2,03b4951f461a,2025-10-21T15:38:39.233002,shrek,I,386,True,9da86a20dc04,3.2351579993701307,latency-03b4951f461a.csv
2,03b4951f461a,2025-10-21T15:38:39.340081,shrek,swamp,18,True,9da86a20dc04,4.629584000213072,latency-03b4951f461a.csv
2,03b4951f461a,2025-10-21T15:38:39.448867,shrek3,Donkey,243,True,9da86a20dc04,2.695531999052037,latency-03b4951f461a.csv
2,03b4951f461a,2025-10-21T15:38:39.554807,shrek3,SHREK,678,True,9da86a20dc04,2.6244520013278816,latency-03b4951f461a.csv
2,03b4951f461a,2025-10-21T15:38:39.660695,shrek3,with,112,True,9da86a20dc04,2.375539999775356,latency-03b4951f461a.csv
1,03c5b4523073,2025-10-21T15:38:01.306839,shrek3,2,8,False,9da86a20dc04,20.637968000301044,latency-03c5b4523073.csv
1,03c5b4523073,2025-10-21T15:38:01.431290,shrek3,me,72,True,9da86a20dc04,17.570621001141262,latency-03c5b4523073.csv
1,03c5b4523073,2025-10-21T15:38:01.563755,grail,upon,13,False,9da86a20dc04,23.86483100053738,latency-03c5b4523073.csv
1,03c5b4523073,2025-10-21T15:38:01.711970,shrek3,body),0,True,9da86a20dc04,9.3712729994877,latency-03c5b4523073.csv
1,03c5b4523073,2025-10-21T15:38:01.846877,shrek,its,1,False,9da86a20dc04,9.183202999338391,latency-03c5b4523073.csv
1,03c5b4523073,2025-10-21T15:38:01.960620,shrek,Is,132,True,9da86a20dc04,37.48732399981236,latency-03c5b4523073.csv
1,03c5b4523073,2025-10-21T15:38:02.116593,shrek,SHREK,433,True,9da86a20dc04,51.57033499926911,latency-03c5b4523073.csv
1,03c5b4523073,2025-10-21T15:38:02.291453,grail,are,114,True,9da86a20dc04,24.13527899989276,latency-03c5b4523073.csv
1,03c5b4523073,2025-10-21T15:38:02.489000,shrek,What,104,True,9da86a20dc04,10.019785000622504,latency-03c5b4523073.csv
1,03c5b4523073,2025-10-21T15:38:02.605137,grail,Yeah,13,False,9da86a20dc04,67.25593800001661,latency-03c5b4523073.csv
1,03c5b4523073,2025-10-21T15:38:02.805009,shrek3,ARTIE,213,True,9da86a20dc04,7.382687999779591,latency-03c5b4523073.csv
1,03c5b4523073,2025-10-21T15:38:02.920164,shrek3,dat,1,True,9da86a20dc04,43.35858699960227,latency-03c5b4523073.csv
1,03c5b4523073,2025-10-21T15:38:03.074905,shrek,Blah,1,True,9da86a20dc04,26.003285000115284,latency-03c5b4523073.csv
1,03c5b4523073,2025-10-21T15:38:03.221980,shrek3,DWARF,10,True,9da86a20dc04,40.56491799929063,latency-03c5b4523073.csv
1,03c5b4523073,2025-10-21T15:38:03.390625,shrek3,MERLIN,73,False,9da86a20dc04,33.58915300123044,latency-03c5b4523073.csv
1,03c5b4523073,2025-10-21T15:38:03.560385,shrek,SHREK,433,True,9da86a20dc04,13.411685000392026,latency-03c5b4523073.csv
1,03c5b4523073,2025-10-21T15:38:03.684172,grail,them,41,False,9da86a20dc04,23.9242909992754,latency-03c5b4523073.csv
1,03c5b4523073,2025-10-21T15:38:03.822812,grail,to,718,True,9da86a20dc04,16.569896000873996,latency-03c5b4523073.csv
1,03c5b4523073,2025-10-21T15:38:03.959792,shrek3,SHREK,678,True,9da86a20dc04,4.07927599917457,latency-03c5b4523073.csv
1,03c5b4523073,2025-10-21T15:38:04.068694,shrek,a,305,True,9da86a20dc04,16.915934000280686,latency-03c5b4523073.csv
2,03c5b4523073,2025-10-21T15:38:04.198502,shrek3,2,8,True,9da86a20dc04,15.919906998533406,latency-03c5b4523073.csv
2,03c5b4523073,2025-10-21T15:38:04.325956,shrek3,me,72,True,9da86a20dc04,19.1102270000556,latency-03c5b4523073.csv
2,03c5b4523073,2025-10-21T15:38:04.464718,grail,upon,13,True,9da86a20dc04,4.21562100018491,latency-03c5b4523073.csv
2,03c5b4523073,2025-10-21T15:38:04.576669,shrek3,body),0,True,9da86a20dc04,8.007901000382844,latency-03c5b4523073.csv
2,03c5b4523073,2025-10-21T15:38:04.698463,shrek,its,1,True,9da86a20dc04,5.713607999496162,latency-03c5b4523073.csv
2,03c5b4523073,2025-10-21T15:38:04.809460,shrek,Is,132,True,9da86a20dc04,12.087323999367072,latency-03c5b4523073.csv
2,03c5b4523073,2025-10-21T15:38:04.935070,shrek,SHREK,433,True,9da86a20dc04,10.755904999314224,latency-03c5b4523073.csv
2,03c5b4523073,2025-10-21T15:38:05.057145,grail,are,114,True,9da86a20dc04,8.860164998623077,latency-03c5b4523073.csv
2,03c5b4523073,2025-10-21T15:38:05.175742,shrek,What,104,True,9da86a20dc04,3.408219001357793,latency-03c5b4523073.csv
2,03c5b4523073,2025-10-21T15:38:05.284872,grail,Yeah,13,True,9da86a20dc04,7.289462000699132,latency-03c5b4523073.csv
2,03c5b4523073,2025-10-21T15:38:05.397481,shrek3,ARTIE,213,True,9da86a20dc04,3.3542189994477667,latency-03c5b4523073.csv
2,03c5b4523073,2025-10-21T15:38:05.504909,shrek3,dat,1,True,9da86a20dc04,5.902595999941696,latency-03c5b4523073.csv
2,03c5b4523073,2025-10-21T15:38:05.622419,shrek,Blah,1,True,9da86a20dc04,17.827497998951003,latency-03c5b4523073.csv
2,03c5b4523073,2025-10-21T15:38:05.748120,shrek3,DWARF,10,True,9da86a20dc04,12.374731000818429,latency-03c5b4523073.csv
2,03c5b4523073,2025-10-21T15:38:05.872423,shrek3,MERLIN,73,True,9da86a20dc04,17.88990999921225,latency-03c5b4523073.csv
2,03c5b4523073,2025-10-21T15:38:06.022248,shrek,SHREK,433,True,9da86a20dc04,3.808711000601761,latency-03c5b4523073.csv
2,03c5b4523073,2025-10-21T15:38:06.130048,grail,them,41,True,9da86a20dc04,5.022448000090662,latency-03c5b4523073.csv
2,03c5b4523073,2025-10-21T15:38:06.239634,grail,to,718,True,9da86a20dc04,7.037813000351889,latency-03c5b4523073.csv
2,03c5b4523073,2025-10-21T15:38:06.350734,shrek3,SHREK,678,True,9da86a20dc04,15.531863000433075,latency-03c5b4523073.csv
2,03c5b4523073,2025-10-21T15:38:06.479434,shrek,a,305,True,9da86a20dc04,3.136318000542815,latency-03c5b4523073.csv
1,0464264e92a1,2025-10-21T15:38:05.034535,grail,"Peng,",0,True,9da86a20dc04,7.019434000540059,latency-0464264e92a1.csv
1,0464264e92a1,2025-10-21T15:38:05.149138,grail,grabbing,5,False,9da86a20dc04,14.708964999954333,latency-0464264e92a1.csv
1,0464264e92a1,2025-10-21T15:38:05.270162,grail,from,94,True,9da86a20dc04,10.599830999126423,latency-0464264e92a1.csv
1,0464264e92a1,2025-10-21T15:38:05.387954,shrek3,you,328,True,9da86a20dc04,4.548152001007111,latency-0464264e92a1.csv
1,0464264e92a1,2025-10-21T15:38:05.496831,shrek3,2,8,True,9da86a20dc04,5.851725001775776,latency-0464264e92a1.csv
1,0464264e92a1,2025-10-21T15:38:05.609530,shrek,MAN,38,False,9da86a20dc04,26.397962999908486,latency-0464264e92a1.csv
1,0464264e92a1,2025-10-21T15:38:05.746075,grail,with/,0,False,9da86a20dc04,15.49105999947642,latency-0464264e92a1.csv
1,0464264e92a1,2025-10-21T15:38:05.873750,grail,few,8,False,9da86a20dc04,23.00875100081612,latency-0464264e92a1.csv
1,0464264e92a1,2025-10-21T15:38:06.017082,grail,54,2,True,9da86a20dc04,3.430589000345208,latency-0464264e92a1.csv
1,0464264e92a1,2025-10-21T15:38:06.125470,shrek3,PUSS,196,True,9da86a20dc04,4.048897000757279,latency-0464264e92a1.csv
1,0464264e92a1,2025-10-21T15:38:06.235513,shrek3,EVIL,59,True,9da86a20dc04,8.428946999629261,latency-0464264e92a1.csv
1,0464264e92a1,2025-10-21T15:38:06.349602,shrek3,"meet""",0,True,9da86a20dc04,21.337230000426644,latency-0464264e92a1.csv
1,0464264e92a1,2025-10-21T15:38:06.483259,shrek3,SNOW,49,True,9da86a20dc04,8.464952999929665,latency-0464264e92a1.csv
1,0464264e92a1,2025-10-21T15:38:06.597456,shrek,baby,3,False,9da86a20dc04,10.332542999094583,latency-0464264e92a1.csv
1,0464264e92a1,2025-10-21T15:38:06.714353,shrek,DONKEY,320,True,9da86a20dc04,7.032643001366523,latency-0464264e92a1.csv
1,0464264e92a1,2025-10-21T15:38:06.827365,shrek3,ARTIE,213,True,9da86a20dc04,8.468675998301478,latency-0464264e92a1.csv
1,0464264e92a1,2025-10-21T15:38:06.945610,shrek,he,118,True,9da86a20dc04,6.474735000665532,latency-0464264e92a1.csv
1,0464264e92a1,2025-10-21T15:38:07.059459,grail,"Peng,",0,True,9da86a20dc04,2.944033998574014,latency-0464264e92a1.csv
1,0464264e92a1,2025-10-21T15:38:07.166987,shrek,tell,25,True,9da86a20dc04,10.12066200019035,latency-0464264e92a1.csv
1,0464264e92a1,2025-10-21T15:38:07.284772,grail,Who’s,3,False,9da86a20dc04,38.353865000317455,latency-0464264e92a1.csv
2,0464264e92a1,2025-10-21T15:38:07.456681,grail,"Peng,",0,True,9da86a20dc04,3.72196799980884,latency-0464264e92a1.csv
2,0464264e92a1,2025-10-21T15:38:07.565418,grail,grabbing,5,True,9da86a20dc04,3.6417159990378414,latency-0464264e92a1.csv
2,0464264e92a1,2025-10-21T15:38:07.672738,grail,from,94,True,9da86a20dc04,2.75782300013816,latency-0464264e92a1.csv
2,0464264e92a1,2025-10-21T15:38:07.779591,shrek3,you,328,True,9da86a20dc04,4.558009999527712,latency-0464264e92a1.csv
2,0464264e92a1,2025-10-21T15:38:07.889721,shrek3,2,8,True,9da86a20dc04,5.635348001305829,latency-0464264e92a1.csv
2,0464264e92a1,2025-10-21T15:38:07.999436,shrek,MAN,38,True,9da86a20dc04,3.719354999702773,latency-0464264e92a1.csv
2,0464264e92a1,2025-10-21T15:38:08.106985,grail,with/,0,True,9da86a20dc04,4.075569999258732,latency-0464264e92a1.csv
2,0464264e92a1,2025-10-21T15:38:08.215259,grail,few,8,True,9da86a20dc04,4.778226999405888,latency-0464264e92a1.csv
2,0464264e92a1,2025-10-21T15:38:08.324183,grail,54,2,True,9da86a20dc04,3.7867600003664847,latency-0464264e92a1.csv
2,0464264e92a1,2025-10-21T15:38:08.432593,shrek3,PUSS,196,True,9da86a20dc04,5.980986999929883,latency-0464264e92a1.csv
2,0464264e92a1,2025-10-21T15:38:08.543919,shrek3,EVIL,59,True,9da86a20dc04,3.98608800060174,latency-0464264e92a1.csv
2,0464264e92a1,2025-10-21T15:38:08.652298,shrek3,"meet""",0,True,9da86a20dc04,3.621382000346785,latency-0464264e92a1.csv
2,0464264e92a1,2025-10-21T15:38:08.760234,shrek3,SNOW,49,True,9da86a20dc04,3.844515998935094,latency-0464264e92a1.csv
2,0464264e92a1,2025-10-21T15:38:08.868183,shrek,baby,3,True,9da86a20dc04,3.5253950009064283,latency-0464264e92a1.csv
2,0464264e92a1,2025-10-21T15:38:08.975556,shrek,DONKEY,320,True,9da86a20dc04,10.092976001033094,latency-0464264e92a1.csv
2,0464264e92a1,2025-10-21T15:38:09.090024,shrek3,ARTIE,213,True,9da86a20dc04,16.070645999207045,latency-0464264e92a1.csv
2,0464264e92a1,2025-10-21T15:38:09.215636,shrek,he,118,True,9da86a20dc04,10.204742999121663,latency-0464264e92a1.csv
2,0464264e92a1,2025-10-21T15:38:09.334372,grail,"Peng,",0,True,9da86a20dc04,22.343324999383185,latency-0464264e92a1.csv
2,0464264e92a1,2025-10-21T15:38:09.484996,shrek,tell,25,True,9da86a20dc04,5.553442999371328,latency-0464264e92a1.csv
2,0464264e92a1,2025-10-21T15:38:09.598302,grail,Who’s,3,True,9da86a20dc04,4.915383000479778,latency-0464264e92a1.csv
1,06d8362be3a3,2025-10-21T15:38:30.062794,shrek,true,20,True,9da86a20dc04,5.16084300033981,latency-06d8362be3a3.csv
1,06d8362be3a3,2025-10-21T15:38:30.174786,grail,BEDEVERE,103,True,9da86a20dc04,3.969324001445784,latency-06d8362be3a3.csv
1,06d8362be3a3,2025-10-21T15:38:30.282114,grail,king,136,True,9da86a20dc04,3.9265220002562273,latency-06d8362be3a3.csv
1,06d8362be3a3,2025-10-21T15:38:30.390403,shrek3,what,82,True,9da86a20dc04,4.1532739996910095,latency-06d8362be3a3.csv
1,06d8362be3a3,2025-10-21T15:38:30.499499,shrek3,Third,121,True,9da86a20dc04,3.7110590001248056,latency-06d8362be3a3.csv
1,06d8362be3a3,2025-10-21T15:38:30.607387,grail,"collective,",0,True,9da86a20dc04,4.439231999640469,latency-06d8362be3a3.csv
1,06d8362be3a3,2025-10-21T15:38:30.716352,shrek,your,49,True,9da86a20dc04,3.3072550013457658,latency-06d8362be3a3.csv
1,06d8362be3a3,2025-10-21T15:38:30.823515,grail,Boom,4,True,9da86a20dc04,4.324505000113277,latency-06d8362be3a3.csv
1,06d8362be3a3,2025-10-21T15:38:30.932165,shrek,SHREK,433,True,9da86a20dc04,4.5928150011604885,latency-06d8362be3a3.csv
1,06d8362be3a3,2025-10-21T15:38:31.041298,shrek,FARQUAAD,84,True,9da86a20dc04,4.395064999698661,latency-06d8362be3a3.csv
1,06d8362be3a3,2025-10-21T15:38:31.149715,shrek,not,50,True,9da86a20dc04,4.670235999583383,latency-06d8362be3a3.csv
1,06d8362be3a3,2025-10-21T15:38:31.258165,grail,Who’s,3,True,9da86a20dc04,3.953904999434599,latency-06d8362be3a3.csv
1,06d8362be3a3,2025-10-21T15:38:31.366330,shrek3,Guards,23,True,9da86a20dc04,3.827714001090498,latency-06d8362be3a3.csv
1,06d8362be3a3,2025-10-21T15:38:31.474730,shrek,its,1,True,9da86a20dc04,3.008268000485259,latency-06d8362be3a3.csv
1,06d8362be3a3,2025-10-21T15:38:31.581480,shrek3,Cinderella,21,True,9da86a20dc04,2.5867620006465586,latency-06d8362be3a3.csv
1,06d8362be3a3,2025-10-21T15:38:31.687348,shrek3,get,39,True,9da86a20dc04,2.7534429991646903,latency-06d8362be3a3.csv
1,06d8362be3a3,2025-10-21T15:38:31.793493,shrek,who,29,True,9da86a20dc04,4.23503999991226,latency-06d8362be3a3.csv
1,06d8362be3a3,2025-10-21T15:38:31.907384,grail,Yeah,13,True,9da86a20dc04,3.4202679998998065,latency-06d8362be3a3.csv
1,06d8362be3a3,2025-10-21T15:38:32.014789,shrek3,Gingerbread,37,True,9da86a20dc04,3.936455999792088,latency-06d8362be3a3.csv
1,06d8362be3a3,2025-10-21T15:38:32.122346,shrek3,SCHOOL,14,True,9da86a20dc04,7.865363999371766,latency-06d8362be3a3.csv
2,06d8362be3a3,2025-10-21T15:38:32.233764,shrek,true,20,True,9da86a20dc04,12.332399001024896,latency-06d8362be3a3.csv
2,06d8362be3a3,2025-10-21T15:38:32.351917,grail,BEDEVERE,103,True,9da86a20dc04,8.145313000568422,latency-06d8362be3a3.csv
2,06d8362be3a3,2025-10-21T15:38:32.464488,grail,king,136,True,9da86a20dc04,5.5503139992652,latency-06d8362be3a3.csv
2,06d8362be3a3,2025-10-21T15:38:32.573446,shrek3,what,82,True,9da86a20dc04,6.185021000419511,latency-06d8362be3a3.csv
2,06d8362be3a3,2025-10-21T15:38:32.687032,shrek3,Third,121,True,9da86a20dc04,5.713022999771056,latency-06d8362be3a3.csv
2,06d8362be3a3,2025-10-21T15:38:32.799457,grail,"collective,",0,True,9da86a20dc04,9.827244999542016,latency-06d8362be3a3.csv
2,06d8362be3a3,2025-10-21T15:38:32.918930,shrek,your,49,True,9da86a20dc04,10.1348850002978,latency-06d8362be3a3.csv
2,06d8362be3a3,2025-10-21T15:38:33.035399,grail,Boom,4,True,9da86a20dc04,14.431786999921314,latency-06d8362be3a3.csv
2,06d8362be3a3,2025-10-21T15:38:33.167441,shrek,SHREK,433,True,9da86a20dc04,7.142248001400731,latency-06d8362be3a3.csv
2,06d8362be3a3,2025-10-21T15:38:33.281759,shrek,FARQUAAD,84,True,9da86a20dc04,3.1246479993569665,latency-06d8362be3a3.csv
2,06d8362be3a3,2025-10-21T15:38:33.389197,shrek,not,50,True,9da86a20dc04,5.092759998660768,latency-06d8362be3a3.csv
2,06d8362be3a3,2025-10-21T15:38:33.500084,grail,Who’s,3,True,9da86a20dc04,3.811647000475205,latency-06d8362be3a3.csv
2,06d8362be3a3,2025-10-21T15:38:33.608173,shrek3,Guards,23,True,9da86a20dc04,3.830887999356492,latency-06d8362be3a3.csv
2,06d8362be3a3,2025-10-21T15:38:33.716342,shrek,its,1,True,9da86a20dc04,4.001643999799853,latency-06d8362be3a3.csv
2,06d8362be3a3,2025-10-21T15:38:33.824328,shrek3,Cinderella,21,True,9da86a20dc04,5.463711999254883,latency-06d8362be3a3.csv
2,06d8362be3a3,2025-10-21T15:38:33.933913,shrek3,get,39,True,9da86a20dc04,3.853442000036011,latency-06d8362be3a3.csv
2,06d8362be3a3,2025-10-21T15:38:34.042183,shrek,who,29,True,9da86a20dc04,4.013662999568624,latency-06d8362be3a3.csv
2,06d8362be3a3,2025-10-21T15:38:34.150187,grail,Yeah,13,True,9da86a20dc04,4.092063998541562,latency-06d8362be3a3.csv
2,06d8362be3a3,2025-10-21T15:38:34.259542,shrek3,Gingerbread,37,True,9da86a20dc04,28.268001000469667,latency-06d8362be3a3.csv
2,06d8362be3a3,2025-10-21T15:38:34.402773,shrek3,SCHOOL,14,True,9da86a20dc04,8.286723001219798,latency-06d8362be3a3.csv
1,08ae688344a2,2025-10-21T15:38:17.653617,shrek,SHREK,433,True,9da86a20dc04,3.8571490003960207,latency-08ae688344a2.csv
1,08ae688344a2,2025-10-21T15:38:17.761384,shrek,GUARD,25,True,9da86a20dc04,3.7543190010183034,latency-08ae688344a2.csv
1,08ae688344a2,2025-10-21T15:38:17.869770,shrek,But,73,False,9da86a20dc04,6.760354999642004,latency-08ae688344a2.csv
1,08ae688344a2,2025-10-21T15:38:17.979804,shrek3,through,43,True,9da86a20dc04,4.801462999239448,latency-08ae688344a2.csv
1,08ae688344a2,2025-10-21T15:38:18.090111,grail,from,94,True,9da86a20dc04,7.437652000589878,latency-08ae688344a2.csv
1,08ae688344a2,2025-10-21T15:38:18.201898,shrek3,Gingerbread,37,True,9da86a20dc04,5.771141999503016,latency-08ae688344a2.csv
1,08ae688344a2,2025-10-21T15:38:18.311167,grail,rows,1,True,9da86a20dc04,6.250152000575326,latency-08ae688344a2.csv
1,08ae688344a2,2025-10-21T15:38:18.420929,shrek3,glass,9,True,9da86a20dc04,6.543065001096693,latency-08ae688344a2.csv
1,08ae688344a2,2025-10-21T15:38:18.532000,shrek,and,318,True,9da86a20dc04,3.5778729998128256,latency-08ae688344a2.csv
1,08ae688344a2,2025-10-21T15:38:18.639191,grail,Michael,11,True,9da86a20dc04,3.406755000469275,latency-08ae688344a2.csv
1,08ae688344a2,2025-10-21T15:38:18.745714,grail,king,136,True,9da86a20dc04,3.136129998893012,latency-08ae688344a2.csv
1,08ae688344a2,2025-10-21T15:38:18.852082,shrek3,boomerang,1,True,9da86a20dc04,5.067209998742328,latency-08ae688344a2.csv
1,08ae688344a2,2025-10-21T15:38:18.962375,shrek,Nobody,4,False,9da86a20dc04,7.94892600060848,latency-08ae688344a2.csv
1,08ae688344a2,2025-10-21T15:38:19.073559,shrek,after,10,True,9da86a20dc04,3.743167999346042,latency-08ae688344a2.csv
1,08ae688344a2,2025-10-21T15:38:19.180963,grail,CALLS,3,True,9da86a20dc04,3.4903280011349125,latency-08ae688344a2.csv
1,08ae688344a2,2025-10-21T15:38:19.288458,grail,is,317,True,9da86a20dc04,9.269823998693028,latency-08ae688344a2.csv
1,08ae688344a2,2025-10-21T15:38:19.404474,shrek,old,10,True,9da86a20dc04,4.765773001054185,latency-08ae688344a2.csv
1,08ae688344a2,2025-10-21T15:38:19.516733,grail,the,1600,True,9da86a20dc04,5.290391998642008,latency-08ae688344a2.csv
1,08ae688344a2,2025-10-21T15:38:19.627918,grail,at,104,True,9da86a20dc04,5.283743999825674,latency-08ae688344a2.csv
1,08ae688344a2,2025-10-21T15:38:19.738152,shrek3,bed,10,True,9da86a20dc04,3.044252000108827,latency-08ae688344a2.csv
2,08ae688344a2,2025-10-21T15:38:19.844775,shrek,SHREK,433,True,9da86a20dc04,3.2745729986345395,latency-08ae688344a2.csv
2,08ae688344a2,2025-10-21T15:38:19.951716,shrek,GUARD,25,True,9da86a20dc04,5.533646999538178,latency-08ae688344a2.csv
2,08ae688344a2,2025-10-21T15:38:20.061323,shrek,But,73,True,9da86a20dc04,3.190343000824214,latency-08ae688344a2.csv
2,08ae688344a2,2025-10-21T15:38:20.168462,shrek3,through,43,True,9da86a20dc04,8.263857000201824,latency-08ae688344a2.csv
2,08ae688344a2,2025-10-21T15:38:20.281531,grail,from,94,True,9da86a20dc04,3.719802998602973,latency-08ae688344a2.csv
2,08ae688344a2,2025-10-21T15:38:20.390964,shrek3,Gingerbread,37,True,9da86a20dc04,2.77403600011894,latency-08ae688344a2.csv
2,08ae688344a2,2025-10-21T15:38:20.496719,grail,rows,1,True,9da86a20dc04,4.884564999883878,latency-08ae688344a2.csv
2,08ae688344a2,2025-10-21T15:38:20.606221,shrek3,glass,9,True,9da86a20dc04,6.707363001623889,latency-08ae688344a2.csv
2,08ae688344a2,2025-10-21T15:38:20.718071,shrek,and,318,True,9da86a20dc04,10.28058100018825,latency-08ae688344a2.csv
2,08ae688344a2,2025-10-21T15:38:20.835430,grail,Michael,11,True,9da86a20dc04,4.68389500019839,latency-08ae688344a2.csv
2,08ae688344a2,2025-10-21T15:38:20.950880,grail,king,136,True,9da86a20dc04,5.168666000827216,latency-08ae688344a2.csv
2,08ae688344a2,2025-10-21T15:38:21.066016,shrek3,boomerang,1,True,9da86a20dc04,3.3397850002074847,latency-08ae688344a2.csv
2,08ae688344a2,2025-10-21T15:38:21.174992,shrek,Nobody,4,True,9da86a20dc04,3.4887959991465323,latency-08ae688344a2.csv
2,08ae688344a2,2025-10-21T15:38:21.281968,shrek,after,10,True,9da86a20dc04,2.271411000037915,latency-08ae688344a2.csv
2,08ae688344a2,2025-10-21T15:38:21.387080,grail,CALLS,3,True,9da86a20dc04,2.372725999521208,latency-08ae688344a2.csv
2,08ae688344a2,2025-10-21T15:38:21.492567,grail,is,317,True,9da86a20dc04,2.9159819987398805,latency-08ae688344a2.csv
2,08ae688344a2,2025-10-21T15:38:21.599007,shrek,old,10,True,9da86a20dc04,3.131339999526972,latency-08ae688344a2.csv
2,08ae688344a2,2025-10-21T15:38:21.706011,grail,the,1600,True,9da86a20dc04,2.7736350002669496,latency-08ae688344a2.csv
2,08ae688344a2,2025-10-21T15:38:21.811922,grail,at,104,True,9da86a20dc04,2.180163000957691,latency-08ae688344a2.csv
2,08ae688344a2,2025-10-21T15:38:21.917026,shrek3,bed,10,True,9da86a20dc04,6.074507000448648,latency-08ae688344a2.csv
1,0bf957d12708,2025-10-21T15:38:11.301687,grail,grabbing,5,True,9da86a20dc04,5.100960001072963,latency-0bf957d12708.csv
1,0bf957d12708,2025-10-21T15:38:11.412073,shrek,the,535,True,9da86a20dc04,4.578609999953187,latency-0bf957d12708.csv
1,0bf957d12708,2025-10-21T15:38:11.523255,shrek,number,8,True,9da86a20dc04,6.973558000026969,latency-0bf957d12708.csv
1,0bf957d12708,2025-10-21T15:38:11.639115,grail,Eolio,2,True,9da86a20dc04,3.720923999935621,latency-0bf957d12708.csv
1,0bf957d12708,2025-10-21T15:38:11.747372,shrek,Shrek,433,True,9da86a20dc04,3.3603089996177005,latency-0bf957d12708.csv
1,0bf957d12708,2025-10-21T15:38:11.854416,grail,is,317,True,9da86a20dc04,3.358301999469404,latency-0bf957d12708.csv
1,0bf957d12708,2025-10-21T15:38:11.963301,shrek3,"Suddenly,",0,True,9da86a20dc04,6.450282999139745,latency-0bf957d12708.csv
1,0bf957d12708,2025-10-21T15:38:12.078772,shrek,And,318,True,9da86a20dc04,4.576806000841316,latency-0bf957d12708.csv
1,0bf957d12708,2025-10-21T15:38:12.187042,shrek,Is,132,True,9da86a20dc04,3.958547000365797,latency-0bf957d12708.csv
1,0bf957d12708,2025-10-21T15:38:12.294976,grail,king,136,True,9da86a20dc04,8.293642998978612,latency-0bf957d12708.csv
1,0bf957d12708,2025-10-21T15:38:12.408614,shrek,whistles,2,True,9da86a20dc04,6.087158000809723,latency-0bf957d12708.csv
1,0bf957d12708,2025-10-21T15:38:12.521791,grail,to,718,True,9da86a20dc04,26.518255999690155,latency-0bf957d12708.csv
1,0bf957d12708,2025-10-21T15:38:12.697943,shrek,after,10,True,9da86a20dc04,2.3466160000680247,latency-0bf957d12708.csv
1,0bf957d12708,2025-10-21T15:38:12.803920,grail,Gallahad,44,True,9da86a20dc04,3.913262000423856,latency-0bf957d12708.csv
1,0bf957d12708,2025-10-21T15:38:12.914386,shrek,true,20,True,9da86a20dc04,2.384518000326352,latency-0bf957d12708.csv
1,0bf957d12708,2025-10-21T15:38:13.020234,shrek,swamp,18,True,9da86a20dc04,3.473724000286893,latency-0bf957d12708.csv
1,0bf957d12708,2025-10-21T15:38:13.128563,shrek3,JOCKS,2,True,9da86a20dc04,3.652341998531483,latency-0bf957d12708.csv
1,0bf957d12708,2025-10-21T15:38:13.240111,shrek3,of,275,True,9da86a20dc04,4.075222999745165,latency-0bf957d12708.csv
1,0bf957d12708,2025-10-21T15:38:13.348352,shrek,don't,72,True,9da86a20dc04,4.131171001063194,latency-0bf957d12708.csv
1,0bf957d12708,2025-10-21T15:38:13.457057,grail,"lute,",0,True,9da86a20dc04,8.820175000437303,latency-0bf957d12708.csv
2,0bf957d12708,2025-10-21T15:38:13.572699,grail,grabbing,5,True,9da86a20dc04,16.31493500099168,latency-0bf957d12708.csv
2,0bf957d12708,2025-10-21T15:38:13.695005,shrek,the,535,True,9da86a20dc04,8.604973001638427,latency-0bf957d12708.csv
2,0bf957d12708,2025-10-21T15:38:13.810927,shrek,number,8,True,9da86a20dc04,4.987371999959578,latency-0bf957d12708.csv
2,0bf957d12708,2025-10-21T15:38:13.920311,grail,Eolio,2,True,9da86a20dc04,3.067505000217352,latency-0bf957d12708.csv
2,0bf957d12708,2025-10-21T15:38:14.026946,shrek,Shrek,433,True,9da86a20dc04,3.155491000143229,latency-0bf957d12708.csv
2,0bf957d12708,2025-10-21T15:38:14.134132,grail,is,317,True,9da86a20dc04,4.423948999829008,latency-0bf957d12708.csv
2,0bf957d12708,2025-10-21T15:38:14.243416,shrek3,"Suddenly,",0,True,9da86a20dc04,33.346604999678675,latency-0bf957d12708.csv
2,0bf957d12708,2025-10-21T15:38:14.389494,shrek,And,318,True,9da86a20dc04,4.845939000006183,latency-0bf957d12708.csv
2,0bf957d12708,2025-10-21T15:38:14.497583,shrek,Is,132,True,9da86a20dc04,5.4514059993380215,latency-0bf957d12708.csv
2,0bf957d12708,2025-10-21T15:38:14.607234,grail,king,136,True,9da86a20dc04,6.259714000407257,latency-0bf957d12708.csv
2,0bf957d12708,2025-10-21T15:38:14.719773,shrek,whistles,2,True,9da86a20dc04,7.981386001119972,latency-0bf957d12708.csv
2,0bf957d12708,2025-10-21T15:38:14.834899,grail,to,718,True,9da86a20dc04,3.075250999245327,latency-0bf957d12708.csv
2,0bf957d12708,2025-10-21T15:38:14.941869,shrek,after,10,True,9da86a20dc04,8.47084800079756,latency-0bf957d12708.csv
2,0bf957d12708,2025-10-21T15:38:15.055055,grail,Gallahad,44,True,9da86a20dc04,4.834473000300932,latency-0bf957d12708.csv
2,0bf957d12708,2025-10-21T15:38:15.164842,shrek,true,20,True,9da86a20dc04,6.299440001384937,latency-0bf957d12708.csv
2,0bf957d12708,2025-10-21T15:38:15.278853,shrek,swamp,18,True,9da86a20dc04,9.277102999476485,latency-0bf957d12708.csv
2,0bf957d12708,2025-10-21T15:38:15.395601,shrek3,JOCKS,2,True,9da86a20dc04,7.752473000437021,latency-0bf957d12708.csv
2,0bf957d12708,2025-10-21T15:38:15.511454,shrek3,of,275,True,9da86a20dc04,4.994397999325884,latency-0bf957d12708.csv
2,0bf957d12708,2025-10-21T15:38:15.622668,shrek,don't,72,True,9da86a20dc04,7.918069999504951,latency-0bf957d12708.csv
2,0bf957d12708,2025-10-21T15:38:15.738027,grail,"lute,",0,True,9da86a20dc04,6.642967000516364,latency-0bf957d12708.csv
1,0de0c2b9a9a8,2025-10-21T15:38:19.480443,shrek,your,49,True,9da86a20dc04,2.772643998468993,latency-0de0c2b9a9a8.csv
1,0de0c2b9a9a8,2025-10-21T15:38:19.586399,grail,Christ,8,True,9da86a20dc04,3.4748270009004045,latency-0de0c2b9a9a8.csv
1,0de0c2b9a9a8,2025-10-21T15:38:19.693563,shrek,its,1,True,9da86a20dc04,2.6603210008033784,latency-0de0c2b9a9a8.csv
1,0de0c2b9a9a8,2025-10-21T15:38:19.799263,shrek,And,318,True,9da86a20dc04,3.431092000028002,latency-0de0c2b9a9a8.csv
1,0de0c2b9a9a8,2025-10-21T15:38:19.906824,shrek3,ruby,1,True,9da86a20dc04,5.250934998912271,latency-0de0c2b9a9a8.csv
1,0de0c2b9a9a8,2025-10-21T15:38:20.015903,shrek3,JOCKS,2,True,9da86a20dc04,3.2198669996432727,latency-0de0c2b9a9a8.csv
1,0de0c2b9a9a8,2025-10-21T15:38:20.122487,shrek3,Donkey,243,True,9da86a20dc04,2.994535001562326,latency-0de0c2b9a9a8.csv
1,0de0c2b9a9a8,2025-10-21T15:38:20.228558,shrek3,Donkey,243,True,9da86a20dc04,3.5118980013066903,latency-0de0c2b9a9a8.csv
1,0de0c2b9a9a8,2025-10-21T15:38:20.335568,grail,Rostmm,1,True,9da86a20dc04,4.321090000303229,latency-0de0c2b9a9a8.csv
1,0de0c2b9a9a8,2025-10-21T15:38:20.444831,shrek,field,4,True,9da86a20dc04,4.092963999937638,latency-0de0c2b9a9a8.csv
1,0de0c2b9a9a8,2025-10-21T15:38:20.553075,shrek,its,1,True,9da86a20dc04,3.319524999824353,latency-0de0c2b9a9a8.csv
1,0de0c2b9a9a8,2025-10-21T15:38:20.660681,grail,Christ,8,True,9da86a20dc04,7.418544999381993,latency-0de0c2b9a9a8.csv
1,0de0c2b9a9a8,2025-10-21T15:38:20.773992,shrek,its,1,True,9da86a20dc04,2.596591999463272,latency-0de0c2b9a9a8.csv
1,0de0c2b9a9a8,2025-10-21T15:38:20.880256,shrek,Nobody,4,True,9da86a20dc04,2.627813000799506,latency-0de0c2b9a9a8.csv
1,0de0c2b9a9a8,2025-10-21T15:38:20.987442,shrek,DONKEY,320,True,9da86a20dc04,3.759068998988369,latency-0de0c2b9a9a8.csv
1,0de0c2b9a9a8,2025-10-21T15:38:21.095613,shrek,INSIDE,16,True,9da86a20dc04,13.537130000258912,latency-0de0c2b9a9a8.csv
1,0de0c2b9a9a8,2025-10-21T15:38:21.216629,grail,Aaaaugh,9,True,9da86a20dc04,6.081606999941869,latency-0de0c2b9a9a8.csv
1,0de0c2b9a9a8,2025-10-21T15:38:21.334691,shrek,CROWD,5,True,9da86a20dc04,3.5932120008510537,latency-0de0c2b9a9a8.csv
1,0de0c2b9a9a8,2025-10-21T15:38:21.445330,shrek,at,62,True,9da86a20dc04,5.015308001020458,latency-0de0c2b9a9a8.csv
1,0de0c2b9a9a8,2025-10-21T15:38:21.557999,shrek,DONKEY,320,True,9da86a20dc04,6.021002000125009,latency-0de0c2b9a9a8.csv
2,0de0c2b9a9a8,2025-10-21T15:38:21.673040,shrek,your,49,True,9da86a20dc04,3.738209001312498,latency-0de0c2b9a9a8.csv
2,0de0c2b9a9a8,2025-10-21T15:38:21.784075,grail,Christ,8,True,9da86a20dc04,2.630257999044261,latency-0de0c2b9a9a8.csv
2,0de0c2b9a9a8,2025-10-21T15:38:21.890506,shrek,its,1,True,9da86a20dc04,4.134939001232851,latency-0de0c2b9a9a8.csv
2,0de0c2b9a9a8,2025-10-21T15:38:22.000493,shrek,And,318,True,9da86a20dc04,3.5619710015453165,latency-0de0c2b9a9a8.csv
2,0de0c2b9a9a8,2025-10-21T15:38:22.107373,shrek3,ruby,1,True,9da86a20dc04,5.444853000881267,latency-0de0c2b9a9a8.csv
2,0de0c2b9a9a8,2025-10-21T15:38:22.219324,shrek3,JOCKS,2,True,9da86a20dc04,9.22145399999863,latency-0de0c2b9a9a8.csv
2,0de0c2b9a9a8,2025-10-21T15:38:22.343393,shrek3,Donkey,243,True,9da86a20dc04,3.3624070001678774,latency-0de0c2b9a9a8.csv
2,0de0c2b9a9a8,2025-10-21T15:38:22.451531,shrek3,Donkey,243,True,9da86a20dc04,2.794144000290544,latency-0de0c2b9a9a8.csv
2,0de0c2b9a9a8,2025-10-21T15:38:22.557624,grail,Rostmm,1,True,9da86a20dc04,3.0993730015325127,latency-0de0c2b9a9a8.csv
2,0de0c2b9a9a8,2025-10-21T15:38:22.664975,shrek,field,4,True,9da86a20dc04,3.694902999995975,latency-0de0c2b9a9a8.csv
2,0de0c2b9a9a8,2025-10-21T15:38:22.773462,shrek,its,1,True,9da86a20dc04,2.77762400037318,latency-0de0c2b9a9a8.csv
2,0de0c2b9a9a8,2025-10-21T15:38:22.879831,grail,Christ,8,True,9da86a20dc04,3.317772001537378,latency-0de0c2b9a9a8.csv
2,0de0c2b9a9a8,2025-10-21T15:38:22.989044,shrek,its,1,True,9da86a20dc04,5.741598999520647,latency-0de0c2b9a9a8.csv
2,0de0c2b9a9a8,2025-10-21T15:38:23.105834,shrek,Nobody,4,True,9da86a20dc04,7.626687000083621,latency-0de0c2b9a9a8.csv
2,0de0c2b9a9a8,2025-10-21T15:38:23.223972,shrek,DONKEY,320,True,9da86a20dc04,6.8890869988536,latency-0de0c2b9a9a8.csv
2,0de0c2b9a9a8,2025-10-21T15:38:23.337022,shrek,INSIDE,16,True,9da86a20dc04,3.121489999102778,latency-0de0c2b9a9a8.csv
2,0de0c2b9a9a8,2025-10-21T15:38:23.449970,grail,Aaaaugh,9,True,9da86a20dc04,2.895261999583454,latency-0de0c2b9a9a8.csv
2,0de0c2b9a9a8,2025-10-21T15:38:23.556415,shrek,CROWD,5,True,9da86a20dc04,2.4753460002102656,latency-0de0c2b9a9a8.csv
2,0de0c2b9a9a8,2025-10-21T15:38:23.662167,shrek,at,62,True,9da86a20dc04,4.558126000119955,latency-0de0c2b9a9a8.csv
2,0de0c2b9a9a8,2025-10-21T15:38:23.770843,shrek,DONKEY,320,True,9da86a20dc04,3.201717001502402,latency-0de0c2b9a9a8.csv
1,10724c63830d,2025-10-21T15:37:59.977560,shrek3,at,134,False,9da86a20dc04,46.281386999908136,latency-10724c63830d.csv
1,10724c63830d,2025-10-21T15:38:00.157065,shrek,And,318,False,9da86a20dc04,33.26353100055712,latency-10724c63830d.csv
1,10724c63830d,2025-10-21T15:38:00.316126,shrek3,an,51,False,9da86a20dc04,19.089158000497264,latency-10724c63830d.csv
1,10724c63830d,2025-10-21T15:38:00.440543,shrek,DONKEY,320,True,9da86a20dc04,13.269201001094189,latency-10724c63830d.csv
1,10724c63830d,2025-10-21T15:38:00.562789,shrek,SHREK,433,True,9da86a20dc04,5.744934000176727,latency-10724c63830d.csv
1,10724c63830d,2025-10-21T15:38:00.675176,shrek3,reason,2,False,9da86a20dc04,14.304262000223387,latency-10724c63830d.csv
1,10724c63830d,2025-10-21T15:38:00.800212,grail,TV,2,True,9da86a20dc04,4.024539000965888,latency-10724c63830d.csv
1,10724c63830d,2025-10-21T15:38:00.907814,grail,king,136,False,9da86a20dc04,10.293327000908905,latency-10724c63830d.csv
1,10724c63830d,2025-10-21T15:38:01.022966,grail,Auuuuuuuugh,2,False,9da86a20dc04,13.37085399973148,latency-10724c63830d.csv
1,10724c63830d,2025-10-21T15:38:01.151722,shrek3,reason,2,True,9da86a20dc04,20.38533199993253,latency-10724c63830d.csv
1,10724c63830d,2025-10-21T15:38:01.288593,shrek3,PRINCE,207,True,9da86a20dc04,16.63974399889412,latency-10724c63830d.csv
1,10724c63830d,2025-10-21T15:38:01.418458,grail,pause,10,True,9da86a20dc04,24.861685998985195,latency-10724c63830d.csv
1,10724c63830d,2025-10-21T15:38:01.557356,shrek3,WHITE,45,False,9da86a20dc04,32.942214000286185,latency-10724c63830d.csv
1,10724c63830d,2025-10-21T15:38:01.709335,shrek,the,535,True,9da86a20dc04,13.613929999337415,latency-10724c63830d.csv
1,10724c63830d,2025-10-21T15:38:01.834089,grail,Guard,106,True,9da86a20dc04,3.9162499997473783,latency-10724c63830d.csv
1,10724c63830d,2025-10-21T15:38:01.941890,shrek,Blah,1,False,9da86a20dc04,58.30325799979619,latency-10724c63830d.csv
1,10724c63830d,2025-10-21T15:38:02.117852,grail,"Peng,",0,False,9da86a20dc04,62.17568800093432,latency-10724c63830d.csv
1,10724c63830d,2025-10-21T15:38:02.292636,shrek3,-,110,True,9da86a20dc04,21.553450000283192,latency-10724c63830d.csv
1,10724c63830d,2025-10-21T15:38:02.478982,shrek,FARQUAAD,84,True,9da86a20dc04,4.421186000399757,latency-10724c63830d.csv
1,10724c63830d,2025-10-21T15:38:02.594026,shrek,you,409,True,9da86a20dc04,57.18318900107988,latency-10724c63830d.csv
2,10724c63830d,2025-10-21T15:38:02.774523,shrek3,at,134,True,9da86a20dc04,4.219590000502649,latency-10724c63830d.csv
2,10724c63830d,2025-10-21T15:38:02.883546,shrek,And,318,True,9da86a20dc04,38.57634800078813,latency-10724c63830d.csv
2,10724c63830d,2025-10-21T15:38:03.061557,shrek3,an,51,True,9da86a20dc04,12.983036000150603,latency-10724c63830d.csv
2,10724c63830d,2025-10-21T15:38:03.195298,shrek,DONKEY,320,True,9da86a20dc04,7.909030000519124,latency-10724c63830d.csv
2,10724c63830d,2025-10-21T15:38:03.310909,shrek,SHREK,433,True,9da86a20dc04,5.044309998993413,latency-10724c63830d.csv
2,10724c63830d,2025-10-21T15:38:03.420191,shrek3,reason,2,True,9da86a20dc04,35.58120500019868,latency-10724c63830d.csv
2,10724c63830d,2025-10-21T15:38:03.579683,grail,TV,2,True,9da86a20dc04,11.673836001136806,latency-10724c63830d.csv
2,10724c63830d,2025-10-21T15:38:03.705403,grail,king,136,True,9da86a20dc04,12.39034800164518,latency-10724c63830d.csv
2,10724c63830d,2025-10-21T15:38:03.838886,grail,Auuuuuuuugh,2,True,9da86a20dc04,20.421944000190702,latency-10724c63830d.csv
2,10724c63830d,2025-10-21T15:38:03.970857,shrek3,reason,2,True,9da86a20dc04,7.2250129996973556,latency-10724c63830d.csv
2,10724c63830d,2025-10-21T15:38:04.086669,shrek3,PRINCE,207,True,9da86a20dc04,6.509749000542797,latency-10724c63830d.csv
2,10724c63830d,2025-10-21T15:38:04.200872,grail,pause,10,True,9da86a20dc04,20.288124000217067,latency-10724c63830d.csv
2,10724c63830d,2025-10-21T15:38:04.332636,shrek3,WHITE,45,True,9da86a20dc04,19.158232000336284,latency-10724c63830d.csv
2,10724c63830d,2025-10-21T15:38:04.471281,shrek,the,535,True,9da86a20dc04,5.629610999676515,latency-10724c63830d.csv
2,10724c63830d,2025-10-21T15:38:04.581604,grail,Guard,106,True,9da86a20dc04,17.902956000398262,latency-10724c63830d.csv
2,10724c63830d,2025-10-21T15:38:04.714639,shrek,Blah,1,True,9da86a20dc04,3.535871999702067,latency-10724c63830d.csv
2,10724c63830d,2025-10-21T15:38:04.822348,grail,"Peng,",0,True,9da86a20dc04,8.22150000021793,latency-10724c63830d.csv
2,10724c63830d,2025-10-21T15:38:04.936637,shrek3,-,110,True,9da86a20dc04,11.57811099983519,latency-10724c63830d.csv
2,10724c63830d,2025-10-21T15:38:05.060529,shrek,FARQUAAD,84,True,9da86a20dc04,10.752125999715645,latency-10724c63830d.csv
2,10724c63830d,2025-10-21T15:38:05.185011,shrek,you,409,True,9da86a20dc04,6.427575000998331,latency-10724c63830d.csv
1,10bdee7294b6,2025-10-21T15:38:29.225546,grail,going,21,True,9da86a20dc04,3.235088999645086,latency-10bdee7294b6.csv
1,10bdee7294b6,2025-10-21T15:38:29.333806,grail,the,1600,True,9da86a20dc04,5.166994998944574,latency-10bdee7294b6.csv
1,10bdee7294b6,2025-10-21T15:38:29.446170,shrek,SHREK,433,True,9da86a20dc04,2.6885739989666035,latency-10bdee7294b6.csv
1,10bdee7294b6,2025-10-21T15:38:29.552497,shrek,CROWD,5,True,9da86a20dc04,3.2061339989013504,latency-10bdee7294b6.csv
1,10bdee7294b6,2025-10-21T15:38:29.660276,shrek,I,386,True,9da86a20dc04,2.834732998962864,latency-10bdee7294b6.csv
1,10bdee7294b6,2025-10-21T15:38:29.766778,shrek,our,11,True,9da86a20dc04,2.627649999340065,latency-10bdee7294b6.csv
1,10bdee7294b6,2025-10-21T15:38:29.872935,grail,chops,3,True,9da86a20dc04,12.764250999680373,latency-10bdee7294b6.csv
1,10bdee7294b6,2025-10-21T15:38:29.992179,shrek,DONKEY,320,True,9da86a20dc04,4.262545000528917,latency-10bdee7294b6.csv
1,10bdee7294b6,2025-10-21T15:38:30.101385,grail,the,1600,True,9da86a20dc04,5.329059998985031,latency-10bdee7294b6.csv
1,10bdee7294b6,2025-10-21T15:38:30.214270,shrek,DONKEY,320,True,9da86a20dc04,4.163897001490113,latency-10bdee7294b6.csv
1,10bdee7294b6,2025-10-21T15:38:30.322044,shrek3,with,112,True,9da86a20dc04,3.878870000335155,latency-10bdee7294b6.csv
1,10bdee7294b6,2025-10-21T15:38:30.429556,grail,on,139,True,9da86a20dc04,4.823720000786125,latency-10bdee7294b6.csv
1,10bdee7294b6,2025-10-21T15:38:30.538359,shrek3,WOLF,7,True,9da86a20dc04,4.80205600069894,latency-10bdee7294b6.csv
1,10bdee7294b6,2025-10-21T15:38:30.647163,grail,since,10,True,9da86a20dc04,3.8262769994616974,latency-10bdee7294b6.csv
1,10bdee7294b6,2025-10-21T15:38:30.754812,shrek3,WHITE,45,True,9da86a20dc04,3.409066001040628,latency-10bdee7294b6.csv
1,10bdee7294b6,2025-10-21T15:38:30.862118,shrek,whistles,2,True,9da86a20dc04,5.056987001808011,latency-10bdee7294b6.csv
1,10bdee7294b6,2025-10-21T15:38:30.971839,shrek,and,318,True,9da86a20dc04,2.827789001457859,latency-10bdee7294b6.csv
1,10bdee7294b6,2025-10-21T15:38:31.078046,shrek,DONKEY,320,True,9da86a20dc04,2.602501999717788,latency-10bdee7294b6.csv
1,10bdee7294b6,2025-10-21T15:38:31.183805,shrek3,did,14,True,9da86a20dc04,3.053304999411921,latency-10bdee7294b6.csv
1,10bdee7294b6,2025-10-21T15:38:31.290375,shrek,its,1,True,9da86a20dc04,4.382075998364599,latency-10bdee7294b6.csv
2,10bdee7294b6,2025-10-21T15:38:31.401768,grail,going,21,True,9da86a20dc04,3.33197199870483,latency-10bdee7294b6.csv
2,10bdee7294b6,2025-10-21T15:38:31.509069,grail,the,1600,True,9da86a20dc04,2.46066699946823,latency-10bdee7294b6.csv
2,10bdee7294b6,2025-10-21T15:38:31.614768,shrek,SHREK,433,True,9da86a20dc04,3.783906000535353,latency-10bdee7294b6.csv
2,10bdee7294b6,2025-10-21T15:38:31.722221,shrek,CROWD,5,True,9da86a20dc04,3.0938840009184787,latency-10bdee7294b6.csv
2,10bdee7294b6,2025-10-21T15:38:31.829202,shrek,I,386,True,9da86a20dc04,10.462608999660006,latency-10bdee7294b6.csv
2,10bdee7294b6,2025-10-21T15:38:31.945819,shrek,our,11,True,9da86a20dc04,4.666267999709817,latency-10bdee7294b6.csv
2,10bdee7294b6,2025-10-21T15:38:32.055328,grail,chops,3,True,9da86a20dc04,4.233301999192918,latency-10bdee7294b6.csv
2,10bdee7294b6,2025-10-21T15:38:32.164074,shrek,DONKEY,320,True,9da86a20dc04,4.329713998231455,latency-10bdee7294b6.csv
2,10bdee7294b6,2025-10-21T15:38:32.272690,grail,the,1600,True,9da86a20dc04,8.854076000716304,latency-10bdee7294b6.csv
2,10bdee7294b6,2025-10-21T15:38:32.388504,shrek,DONKEY,320,True,9da86a20dc04,5.121288000736968,latency-10bdee7294b6.csv
2,10bdee7294b6,2025-10-21T15:38:32.498542,shrek3,with,112,True,9da86a20dc04,4.074026999660418,latency-10bdee7294b6.csv
2,10bdee7294b6,2025-10-21T15:38:32.606583,grail,on,139,True,9da86a20dc04,5.334209001375712,latency-10bdee7294b6.csv
2,10bdee7294b6,2025-10-21T15:38:32.718870,shrek3,WOLF,7,True,9da86a20dc04,4.52991999918595,latency-10bdee7294b6.csv
2,10bdee7294b6,2025-10-21T15:38:32.831678,grail,since,10,True,9da86a20dc04,3.041612999368226,latency-10bdee7294b6.csv
2,10bdee7294b6,2025-10-21T15:38:32.941498,shrek3,WHITE,45,True,9da86a20dc04,2.851251998436055,latency-10bdee7294b6.csv
2,10bdee7294b6,2025-10-21T15:38:33.049474,shrek,whistles,2,True,9da86a20dc04,17.535644999952638,latency-10bdee7294b6.csv
2,10bdee7294b6,2025-10-21T15:38:33.181855,shrek,and,318,True,9da86a20dc04,4.202658999929554,latency-10bdee7294b6.csv
2,10bdee7294b6,2025-10-21T15:38:33.290786,shrek,DONKEY,320,True,9da86a20dc04,3.0433449992415262,latency-10bdee7294b6.csv
2,10bdee7294b6,2025-10-21T15:38:33.397609,shrek3,did,14,True,9da86a20dc04,6.332185999781359,latency-10bdee7294b6.csv
2,10bdee7294b6,2025-10-21T15:38:33.508172,shrek,its,1,True,9da86a20dc04,3.56730200110178,latency-10bdee7294b6.csv
1,15605a67c779,2025-10-21T15:38:30.803738,shrek,HOOD,13,True,9da86a20dc04,5.952203000560985,latency-15605a67c779.csv
1,15605a67c779,2025-10-21T15:38:30.913593,shrek,at,62,True,9da86a20dc04,4.216233999613905,latency-15605a67c779.csv
1,15605a67c779,2025-10-21T15:38:31.022085,grail,witch,30,True,9da86a20dc04,2.533528000640217,latency-15605a67c779.csv
1,15605a67c779,2025-10-21T15:38:31.127856,shrek3,reason,2,True,9da86a20dc04,2.578702000391786,latency-15605a67c779.csv
1,15605a67c779,2025-10-21T15:38:31.233973,shrek,No,114,True,9da86a20dc04,2.700883998841164,latency-15605a67c779.csv
1,15605a67c779,2025-10-21T15:38:31.341845,shrek3,PUSS,196,True,9da86a20dc04,5.211945999690215,latency-15605a67c779.csv
1,15605a67c779,2025-10-21T15:38:31.452356,grail,THREE-HEADED,8,True,9da86a20dc04,2.6668480004445883,latency-15605a67c779.csv
1,15605a67c779,2025-10-21T15:38:31.558426,shrek3,2,8,True,9da86a20dc04,4.868703999818536,latency-15605a67c779.csv
1,15605a67c779,2025-10-21T15:38:31.666764,shrek3,flaming,2,True,9da86a20dc04,4.335625999374315,latency-15605a67c779.csv
1,15605a67c779,2025-10-21T15:38:31.776742,shrek,Shrek,433,True,9da86a20dc04,9.727161999762757,latency-15605a67c779.csv
1,15605a67c779,2025-10-21T15:38:31.893590,shrek,DONKEY,320,True,9da86a20dc04,6.042629000148736,latency-15605a67c779.csv
1,15605a67c779,2025-10-21T15:38:32.005564,shrek3,youre,0,True,9da86a20dc04,4.708412001491524,latency-15605a67c779.csv
1,15605a67c779,2025-10-21T15:38:32.117132,grail,Who’s,3,True,9da86a20dc04,4.132510999625083,latency-15605a67c779.csv
1,15605a67c779,2025-10-21T15:38:32.230041,shrek,will,16,True,9da86a20dc04,8.987159000753309,latency-15605a67c779.csv
1,15605a67c779,2025-10-21T15:38:32.350617,grail,the,1600,True,9da86a20dc04,7.991516000402044,latency-15605a67c779.csv
1,15605a67c779,2025-10-21T15:38:32.464339,shrek3,SHOUTING),0,True,9da86a20dc04,4.549982999378699,latency-15605a67c779.csv
1,15605a67c779,2025-10-21T15:38:32.572787,grail,about,49,True,9da86a20dc04,6.67093399897567,latency-15605a67c779.csv
1,15605a67c779,2025-10-21T15:38:32.686519,shrek3,fall,6,True,9da86a20dc04,5.036290000134613,latency-15605a67c779.csv
1,15605a67c779,2025-10-21T15:38:32.797450,shrek3,TO,511,True,9da86a20dc04,6.110444999649189,latency-15605a67c779.csv
1,15605a67c779,2025-10-21T15:38:32.914497,shrek3,still,18,True,9da86a20dc04,4.154652000579517,latency-15605a67c779.csv
2,15605a67c779,2025-10-21T15:38:33.030558,shrek,HOOD,13,True,9da86a20dc04,12.605761001395877,latency-15605a67c779.csv
2,15605a67c779,2025-10-21T15:38:33.154519,shrek,at,62,True,9da86a20dc04,2.7669600003719097,latency-15605a67c779.csv
2,15605a67c779,2025-10-21T15:38:33.261576,grail,witch,30,True,9da86a20dc04,3.4414929996273718,latency-15605a67c779.csv
2,15605a67c779,2025-10-21T15:38:33.368959,shrek3,reason,2,True,9da86a20dc04,5.681774000549922,latency-15605a67c779.csv
2,15605a67c779,2025-10-21T15:38:33.479670,shrek,No,114,True,9da86a20dc04,3.518036000969005,latency-15605a67c779.csv
2,15605a67c779,2025-10-21T15:38:33.586995,shrek3,PUSS,196,True,9da86a20dc04,3.1227760009642225,latency-15605a67c779.csv
2,15605a67c779,2025-10-21T15:38:33.694075,grail,THREE-HEADED,8,True,9da86a20dc04,2.616626999952132,latency-15605a67c779.csv
2,15605a67c779,2025-10-21T15:38:33.799849,shrek3,2,8,True,9da86a20dc04,3.4017190009763,latency-15605a67c779.csv
2,15605a67c779,2025-10-21T15:38:33.907774,shrek3,flaming,2,True,9da86a20dc04,5.483971001012833,latency-15605a67c779.csv
2,15605a67c779,2025-10-21T15:38:34.017976,shrek,Shrek,433,True,9da86a20dc04,3.181613001288497,latency-15605a67c779.csv
2,15605a67c779,2025-10-21T15:38:34.124784,shrek,DONKEY,320,True,9da86a20dc04,8.363737999388832,latency-15605a67c779.csv
2,15605a67c779,2025-10-21T15:38:34.239044,shrek3,youre,0,True,9da86a20dc04,33.601965000343625,latency-15605a67c779.csv
2,15605a67c779,2025-10-21T15:38:34.392189,grail,Who’s,3,True,9da86a20dc04,7.008238999333116,latency-15605a67c779.csv
2,15605a67c779,2025-10-21T15:38:34.506668,shrek,will,16,True,9da86a20dc04,14.717021000251409,latency-15605a67c779.csv
2,15605a67c779,2025-10-21T15:38:34.640822,grail,the,1600,True,9da86a20dc04,8.363379000002169,latency-15605a67c779.csv
2,15605a67c779,2025-10-21T15:38:34.761892,shrek3,SHOUTING),0,True,9da86a20dc04,5.915687999731745,latency-15605a67c779.csv
2,15605a67c779,2025-10-21T15:38:34.881736,grail,about,49,True,9da86a20dc04,3.049536999242264,latency-15605a67c779.csv
2,15605a67c779,2025-10-21T15:38:34.998452,shrek3,fall,6,True,9da86a20dc04,2.5573560014890973,latency-15605a67c779.csv
2,15605a67c779,2025-10-21T15:38:35.105762,shrek3,TO,511,True,9da86a20dc04,3.406039999390486,latency-15605a67c779.csv
2,15605a67c779,2025-10-21T15:38:35.212773,shrek3,still,18,True,9da86a20dc04,3.437749001022894,latency-15605a67c779.csv
1,17f8afb44a01,2025-10-21T15:38:26.223244,shrek,SHREK,433,True,9da86a20dc04,3.552234000380849,latency-17f8afb44a01.csv
1,17f8afb44a01,2025-10-21T15:38:26.330896,shrek,he,118,True,9da86a20dc04,2.648082001542207,latency-17f8afb44a01.csv
1,17f8afb44a01,2025-10-21T15:38:26.436677,shrek,looks,37,True,9da86a20dc04,6.3641199994890485,latency-17f8afb44a01.csv
1,17f8afb44a01,2025-10-21T15:38:26.551032,grail,king,136,True,9da86a20dc04,3.0294500011223136,latency-17f8afb44a01.csv
1,17f8afb44a01,2025-10-21T15:38:26.657187,grail,pause,10,True,9da86a20dc04,3.521521000948269,latency-17f8afb44a01.csv
1,17f8afb44a01,2025-10-21T15:38:26.764308,grail,the,1600,True,9da86a20dc04,3.2494869992660824,latency-17f8afb44a01.csv
1,17f8afb44a01,2025-10-21T15:38:26.871280,shrek,he,118,True,9da86a20dc04,5.939072998444317,latency-17f8afb44a01.csv
1,17f8afb44a01,2025-10-21T15:38:26.988049,grail,Michael,11,True,9da86a20dc04,2.4212190000980627,latency-17f8afb44a01.csv
1,17f8afb44a01,2025-10-21T15:38:27.093669,grail,BEDEVERE,103,True,9da86a20dc04,2.809599000102025,latency-17f8afb44a01.csv
1,17f8afb44a01,2025-10-21T15:38:27.200052,grail,Launcelot,107,True,9da86a20dc04,6.410321999283042,latency-17f8afb44a01.csv
1,17f8afb44a01,2025-10-21T15:38:27.310706,shrek,"Well,",0,True,9da86a20dc04,8.29378500020539,latency-17f8afb44a01.csv
1,17f8afb44a01,2025-10-21T15:38:27.427334,shrek,its,1,True,9da86a20dc04,3.0579970007238444,latency-17f8afb44a01.csv
1,17f8afb44a01,2025-10-21T15:38:27.534943,grail,ANOTHER,25,True,9da86a20dc04,3.648571000667289,latency-17f8afb44a01.csv
1,17f8afb44a01,2025-10-21T15:38:27.643383,grail,Rostmm,1,True,9da86a20dc04,2.597742000943981,latency-17f8afb44a01.csv
1,17f8afb44a01,2025-10-21T15:38:27.749620,grail,rows,1,True,9da86a20dc04,3.1743350009492133,latency-17f8afb44a01.csv
1,17f8afb44a01,2025-10-21T15:38:27.856871,shrek,FIONA,211,True,9da86a20dc04,3.5866829985025106,latency-17f8afb44a01.csv
1,17f8afb44a01,2025-10-21T15:38:27.964872,grail,are,114,True,9da86a20dc04,2.885951000280329,latency-17f8afb44a01.csv
1,17f8afb44a01,2025-10-21T15:38:28.071209,grail,with/,0,True,9da86a20dc04,2.327316999071627,latency-17f8afb44a01.csv
1,17f8afb44a01,2025-10-21T15:38:28.176485,shrek3,me,72,True,9da86a20dc04,3.5184290009055985,latency-17f8afb44a01.csv
1,17f8afb44a01,2025-10-21T15:38:28.283631,shrek,its,1,True,9da86a20dc04,3.438278999965405,latency-17f8afb44a01.csv
2,17f8afb44a01,2025-10-21T15:38:28.401709,shrek,SHREK,433,True,9da86a20dc04,2.3423769998771604,latency-17f8afb44a01.csv
2,17f8afb44a01,2025-10-21T15:38:28.507140,shrek,he,118,True,9da86a20dc04,2.573515999756637,latency-17f8afb44a01.csv
2,17f8afb44a01,2025-10-21T15:38:28.612903,shrek,looks,37,True,9da86a20dc04,3.664162999484688,latency-17f8afb44a01.csv
2,17f8afb44a01,2025-10-21T15:38:28.720649,grail,king,136,True,9da86a20dc04,2.614944998640567,latency-17f8afb44a01.csv
2,17f8afb44a01,2025-10-21T15:38:28.826347,grail,pause,10,True,9da86a20dc04,2.563314999861177,latency-17f8afb44a01.csv
2,17f8afb44a01,2025-10-21T15:38:28.932108,grail,the,1600,True,9da86a20dc04,2.6518829999986337,latency-17f8afb44a01.csv
2,17f8afb44a01,2025-10-21T15:38:29.037897,shrek,he,118,True,9da86a20dc04,3.9181979991553817,latency-17f8afb44a01.csv
2,17f8afb44a01,2025-10-21T15:38:29.145968,grail,Michael,11,True,9da86a20dc04,3.255008999985876,latency-17f8afb44a01.csv
2,17f8afb44a01,2025-10-21T15:38:29.252794,grail,BEDEVERE,103,True,9da86a20dc04,2.6745329996629152,latency-17f8afb44a01.csv
2,17f8afb44a01,2025-10-21T15:38:29.358736,grail,Launcelot,107,True,9da86a20dc04,3.792672001509345,latency-17f8afb44a01.csv
2,17f8afb44a01,2025-10-21T15:38:29.466638,shrek,"Well,",0,True,9da86a20dc04,2.649022000696277,latency-17f8afb44a01.csv
2,17f8afb44a01,2025-10-21T15:38:29.572222,shrek,its,1,True,9da86a20dc04,4.035011999803828,latency-17f8afb44a01.csv
2,17f8afb44a01,2025-10-21T15:38:29.680909,grail,ANOTHER,25,True,9da86a20dc04,4.23341299938329,latency-17f8afb44a01.csv
2,17f8afb44a01,2025-10-21T15:38:29.788658,grail,Rostmm,1,True,9da86a20dc04,5.8170699994661845,latency-17f8afb44a01.csv
2,17f8afb44a01,2025-10-21T15:38:29.900907,grail,rows,1,True,9da86a20dc04,4.1555420011718525,latency-17f8afb44a01.csv
2,17f8afb44a01,2025-10-21T15:38:30.008952,shrek,FIONA,211,True,9da86a20dc04,3.062052999666776,latency-17f8afb44a01.csv
2,17f8afb44a01,2025-10-21T15:38:30.115615,grail,are,114,True,9da86a20dc04,6.080561000999296,latency-17f8afb44a01.csv
2,17f8afb44a01,2025-10-21T15:38:30.226748,grail,with/,0,True,9da86a20dc04,8.303923001221847,latency-17f8afb44a01.csv
2,17f8afb44a01,2025-10-21T15:38:30.339532,shrek3,me,72,True,9da86a20dc04,6.030761000147322,latency-17f8afb44a01.csv
2,17f8afb44a01,2025-10-21T15:38:30.449319,shrek,its,1,True,9da86a20dc04,4.9480529996799305,latency-17f8afb44a01.csv
1,1838b9c5a5d1,2025-10-21T15:37:57.395785,shrek3,fall,6,False,9da86a20dc04,13.86064699909184,latency-1838b9c5a5d1.csv
1,1838b9c5a5d1,2025-10-21T15:37:57.514903,shrek,placed,1,False,9da86a20dc04,13.80531399991014,latency-1838b9c5a5d1.csv
1,1838b9c5a5d1,2025-10-21T15:37:57.633267,shrek,a,305,False,9da86a20dc04,13.07361199906154,latency-1838b9c5a5d1.csv
1,1838b9c5a5d1,2025-10-21T15:37:57.751251,grail,“I,0,False,9da86a20dc04,12.12822700108518,latency-1838b9c5a5d1.csv
1,1838b9c5a5d1,2025-10-21T15:37:57.868517,shrek3,Donkey,243,False,9da86a20dc04,18.26949600035732,latency-1838b9c5a5d1.csv
1,1838b9c5a5d1,2025-10-21T15:37:58.002176,shrek,tell,25,False,9da86a20dc04,11.90630900055112,latency-1838b9c5a5d1.csv
1,1838b9c5a5d1,2025-10-21T15:37:58.128636,grail,is,317,False,9da86a20dc04,12.094586998500745,latency-1838b9c5a5d1.csv
1,1838b9c5a5d1,2025-10-21T15:37:58.246784,grail,seek,12,False,9da86a20dc04,15.643160999388783,latency-1838b9c5a5d1.csv
1,1838b9c5a5d1,2025-10-21T15:37:58.367550,shrek,FIONA,211,True,9da86a20dc04,10.340052000174182,latency-1838b9c5a5d1.csv
1,1838b9c5a5d1,2025-10-21T15:37:58.483792,shrek3,us,12,False,9da86a20dc04,51.73234500034596,latency-1838b9c5a5d1.csv
1,1838b9c5a5d1,2025-10-21T15:37:58.661273,shrek,SHREK,433,True,9da86a20dc04,5.526591001398629,latency-1838b9c5a5d1.csv
1,1838b9c5a5d1,2025-10-21T15:37:58.784846,grail,time,33,False,9da86a20dc04,11.934481000935191,latency-1838b9c5a5d1.csv
1,1838b9c5a5d1,2025-10-21T15:37:58.903425,shrek3,PRINCE,207,True,9da86a20dc04,7.826625000234344,latency-1838b9c5a5d1.csv
1,1838b9c5a5d1,2025-10-21T15:37:59.015779,shrek,true,20,False,9da86a20dc04,44.27964099886594,latency-1838b9c5a5d1.csv
1,1838b9c5a5d1,2025-10-21T15:37:59.165899,grail,pretty,7,True,9da86a20dc04,23.089068001354462,latency-1838b9c5a5d1.csv
1,1838b9c5a5d1,2025-10-21T15:37:59.304515,grail,from,94,False,9da86a20dc04,46.810756999548175,latency-1838b9c5a5d1.csv
1,1838b9c5a5d1,2025-10-21T15:37:59.489260,shrek,DONKEY,320,True,9da86a20dc04,18.30002600036096,latency-1838b9c5a5d1.csv
1,1838b9c5a5d1,2025-10-21T15:37:59.643374,shrek,FARQUAAD,84,False,9da86a20dc04,14.603873998566996,latency-1838b9c5a5d1.csv
1,1838b9c5a5d1,2025-10-21T15:37:59.771600,shrek,after,10,True,9da86a20dc04,7.802193000316038,latency-1838b9c5a5d1.csv
1,1838b9c5a5d1,2025-10-21T15:37:59.888188,shrek,trip,1,False,9da86a20dc04,22.716884001056314,latency-1838b9c5a5d1.csv
2,1838b9c5a5d1,2025-10-21T15:38:00.015548,shrek3,fall,6,True,9da86a20dc04,43.98836600012146,latency-1838b9c5a5d1.csv
2,1838b9c5a5d1,2025-10-21T15:38:00.168497,shrek,placed,1,True,9da86a20dc04,27.66144500128576,latency-1838b9c5a5d1.csv
2,1838b9c5a5d1,2025-10-21T15:38:00.313559,shrek,a,305,True,9da86a20dc04,7.011445999523858,latency-1838b9c5a5d1.csv
2,1838b9c5a5d1,2025-10-21T15:38:00.438496,grail,“I,0,True,9da86a20dc04,7.953030000862782,latency-1838b9c5a5d1.csv
2,1838b9c5a5d1,2025-10-21T15:38:00.560484,shrek3,Donkey,243,True,9da86a20dc04,5.406547001257422,latency-1838b9c5a5d1.csv
2,1838b9c5a5d1,2025-10-21T15:38:00.673869,shrek,tell,25,True,9da86a20dc04,5.021409999244497,latency-1838b9c5a5d1.csv
2,1838b9c5a5d1,2025-10-21T15:38:00.795942,grail,is,317,True,9da86a20dc04,3.038450999156339,latency-1838b9c5a5d1.csv
2,1838b9c5a5d1,2025-10-21T15:38:00.903709,grail,seek,12,True,9da86a20dc04,2.5460449996899115,latency-1838b9c5a5d1.csv
2,1838b9c5a5d1,2025-10-21T15:38:01.010010,shrek,FIONA,211,True,9da86a20dc04,11.462411001048167,latency-1838b9c5a5d1.csv
2,1838b9c5a5d1,2025-10-21T15:38:01.126246,shrek3,us,12,True,9da86a20dc04,24.62315699995088,latency-1838b9c5a5d1.csv
2,1838b9c5a5d1,2025-10-21T15:38:01.271989,shrek,SHREK,433,True,9da86a20dc04,13.135514000168769,latency-1838b9c5a5d1.csv
2,1838b9c5a5d1,2025-10-21T15:38:01.395645,grail,time,33,True,9da86a20dc04,4.8928209998848615,latency-1838b9c5a5d1.csv
2,1838b9c5a5d1,2025-10-21T15:38:01.505812,shrek3,PRINCE,207,True,9da86a20dc04,3.079867999986164,latency-1838b9c5a5d1.csv
2,1838b9c5a5d1,2025-10-21T15:38:01.612710,shrek,true,20,True,9da86a20dc04,17.726060999848414,latency-1838b9c5a5d1.csv
2,1838b9c5a5d1,2025-10-21T15:38:01.736976,grail,pretty,7,True,9da86a20dc04,36.76320900012797,latency-1838b9c5a5d1.csv
2,1838b9c5a5d1,2025-10-21T15:38:01.884187,grail,from,94,True,9da86a20dc04,4.30422900171834,latency-1838b9c5a5d1.csv
2,1838b9c5a5d1,2025-10-21T15:38:01.998918,shrek,DONKEY,320,True,9da86a20dc04,15.2468600008433,latency-1838b9c5a5d1.csv
2,1838b9c5a5d1,2025-10-21T15:38:02.122161,shrek,FARQUAAD,84,True,9da86a20dc04,56.60444500063022,latency-1838b9c5a5d1.csv
2,1838b9c5a5d1,2025-10-21T15:38:02.292847,shrek,after,10,True,9da86a20dc04,42.610275999322766,latency-1838b9c5a5d1.csv
2,1838b9c5a5d1,2025-10-21T15:38:02.483971,shrek,trip,1,True,9da86a20dc04,11.414013000830892,latency-1838b9c5a5d1.csv
1,19187bc1da1b,2025-10-21T15:38:16.358723,shrek,stairs,7,False,9da86a20dc04,9.980487999200705,latency-19187bc1da1b.csv
1,19187bc1da1b,2025-10-21T15:38:16.473495,shrek3,Guards,23,True,9da86a20dc04,3.1692840002506277,latency-19187bc1da1b.csv
1,19187bc1da1b,2025-10-21T15:38:16.580622,shrek3,PUSS,196,True,9da86a20dc04,3.594801000872394,latency-19187bc1da1b.csv
1,19187bc1da1b,2025-10-21T15:38:16.688941,shrek,you,409,True,9da86a20dc04,3.684204999444773,latency-19187bc1da1b.csv
1,19187bc1da1b,2025-10-21T15:38:16.802424,grail,Ecky-Ecky-Ecky,1,True,9da86a20dc04,3.97756200072763,latency-19187bc1da1b.csv
1,19187bc1da1b,2025-10-21T15:38:16.912338,shrek,DONKEY,320,True,9da86a20dc04,4.653234000215889,latency-19187bc1da1b.csv
1,19187bc1da1b,2025-10-21T15:38:17.022777,grail,feel,11,True,9da86a20dc04,9.862881001026835,latency-19187bc1da1b.csv
1,19187bc1da1b,2025-10-21T15:38:17.141116,grail,"Oh,",2,True,9da86a20dc04,3.161107999403612,latency-19187bc1da1b.csv
1,19187bc1da1b,2025-10-21T15:38:17.261568,shrek3,me,72,True,9da86a20dc04,4.129733999434393,latency-19187bc1da1b.csv
1,19187bc1da1b,2025-10-21T15:38:17.374010,shrek3,SNOW,49,True,9da86a20dc04,3.0079609987296863,latency-19187bc1da1b.csv
1,19187bc1da1b,2025-10-21T15:38:17.480457,grail,upon,13,True,9da86a20dc04,3.158543999234098,latency-19187bc1da1b.csv
1,19187bc1da1b,2025-10-21T15:38:17.587529,shrek3,you,328,True,9da86a20dc04,3.7673150000046007,latency-19187bc1da1b.csv
1,19187bc1da1b,2025-10-21T15:38:17.695000,shrek,I,386,True,9da86a20dc04,3.407907001019339,latency-19187bc1da1b.csv
1,19187bc1da1b,2025-10-21T15:38:17.802092,shrek3,SHREK,678,True,9da86a20dc04,3.202477999366238,latency-19187bc1da1b.csv
1,19187bc1da1b,2025-10-21T15:38:17.909008,grail,Eolio,2,True,9da86a20dc04,3.463851999185863,latency-19187bc1da1b.csv
1,19187bc1da1b,2025-10-21T15:38:18.016313,shrek3,its,1,True,9da86a20dc04,9.67445000060252,latency-19187bc1da1b.csv
1,19187bc1da1b,2025-10-21T15:38:18.130206,grail,the,1600,True,9da86a20dc04,6.556108999575372,latency-19187bc1da1b.csv
1,19187bc1da1b,2025-10-21T15:38:18.242705,shrek,DONKEY,320,True,9da86a20dc04,4.426168999998481,latency-19187bc1da1b.csv
1,19187bc1da1b,2025-10-21T15:38:18.352668,shrek,trip,1,True,9da86a20dc04,4.533965000518947,latency-19187bc1da1b.csv
1,19187bc1da1b,2025-10-21T15:38:18.462784,shrek,CROWD,5,True,9da86a20dc04,4.918685001030099,latency-19187bc1da1b.csv
2,19187bc1da1b,2025-10-21T15:38:18.575837,shrek,stairs,7,True,9da86a20dc04,5.418476001068484,latency-19187bc1da1b.csv
2,19187bc1da1b,2025-10-21T15:38:18.687899,shrek3,Guards,23,True,9da86a20dc04,4.070256998602417,latency-19187bc1da1b.csv
2,19187bc1da1b,2025-10-21T15:38:18.796630,shrek3,PUSS,196,True,9da86a20dc04,2.814634000969818,latency-19187bc1da1b.csv
2,19187bc1da1b,2025-10-21T15:38:18.905456,shrek,you,409,True,9da86a20dc04,4.241536000336055,latency-19187bc1da1b.csv
2,19187bc1da1b,2025-10-21T15:38:19.014041,grail,Ecky-Ecky-Ecky,1,True,9da86a20dc04,3.399261999220471,latency-19187bc1da1b.csv
2,19187bc1da1b,2025-10-21T15:38:19.120967,shrek,DONKEY,320,True,9da86a20dc04,3.8080190006439807,latency-19187bc1da1b.csv
2,19187bc1da1b,2025-10-21T15:38:19.228396,grail,feel,11,True,9da86a20dc04,3.891700000167475,latency-19187bc1da1b.csv
2,19187bc1da1b,2025-10-21T15:38:19.336427,grail,"Oh,",2,True,9da86a20dc04,3.933758000130183,latency-19187bc1da1b.csv
2,19187bc1da1b,2025-10-21T15:38:19.444259,shrek3,me,72,True,9da86a20dc04,4.022080000140704,latency-19187bc1da1b.csv
2,19187bc1da1b,2025-10-21T15:38:19.551747,shrek3,SNOW,49,True,9da86a20dc04,4.521147000559722,latency-19187bc1da1b.csv
2,19187bc1da1b,2025-10-21T15:38:19.660888,grail,upon,13,True,9da86a20dc04,3.275765000580577,latency-19187bc1da1b.csv
2,19187bc1da1b,2025-10-21T15:38:19.767681,shrek3,you,328,True,9da86a20dc04,3.6268420008127578,latency-19187bc1da1b.csv
2,19187bc1da1b,2025-10-21T15:38:19.875317,shrek,I,386,True,9da86a20dc04,4.671250000683358,latency-19187bc1da1b.csv
2,19187bc1da1b,2025-10-21T15:38:19.984584,shrek3,SHREK,678,True,9da86a20dc04,3.702500000144937,latency-19187bc1da1b.csv
2,19187bc1da1b,2025-10-21T15:38:20.093742,grail,Eolio,2,True,9da86a20dc04,2.5770329993974883,latency-19187bc1da1b.csv
2,19187bc1da1b,2025-10-21T15:38:20.199939,shrek3,its,1,True,9da86a20dc04,2.9016139997111168,latency-19187bc1da1b.csv
2,19187bc1da1b,2025-10-21T15:38:20.306401,grail,the,1600,True,9da86a20dc04,3.7177829999563983,latency-19187bc1da1b.csv
2,19187bc1da1b,2025-10-21T15:38:20.414604,shrek,DONKEY,320,True,9da86a20dc04,2.686446998268366,latency-19187bc1da1b.csv
2,19187bc1da1b,2025-10-21T15:38:20.521062,shrek,trip,1,True,9da86a20dc04,3.188701999533805,latency-19187bc1da1b.csv
2,19187bc1da1b,2025-10-21T15:38:20.629676,shrek,CROWD,5,True,9da86a20dc04,3.098757000771002,latency-19187bc1da1b.csv
1,20ff1b454e24,2025-10-21T15:38:06.509878,shrek,happily,2,True,9da86a20dc04,16.167477999260882,latency-20ff1b454e24.csv
1,20ff1b454e24,2025-10-21T15:38:06.633434,grail,king,136,True,9da86a20dc04,7.679929998630541,latency-20ff1b454e24.csv
1,20ff1b454e24,2025-10-21T15:38:06.746273,grail,the,1600,True,9da86a20dc04,8.331955001267488,latency-20ff1b454e24.csv
1,20ff1b454e24,2025-10-21T15:38:06.861472,grail,the,1600,True,9da86a20dc04,7.299420998606365,latency-20ff1b454e24.csv
1,20ff1b454e24,2025-10-21T15:38:06.977648,grail,the,1600,True,9da86a20dc04,13.563156999225612,latency-20ff1b454e24.csv
1,20ff1b454e24,2025-10-21T15:38:07.100655,shrek,on,88,False,9da86a20dc04,7.324760999836144,latency-20ff1b454e24.csv
1,20ff1b454e24,2025-10-21T15:38:07.211259,shrek3,ARTIE,213,True,9da86a20dc04,4.105658001208212,latency-20ff1b454e24.csv
1,20ff1b454e24,2025-10-21T15:38:07.320640,grail,Cleese,10,True,9da86a20dc04,27.80097899994871,latency-20ff1b454e24.csv
1,20ff1b454e24,2025-10-21T15:38:07.465420,shrek3,toward,14,True,9da86a20dc04,14.923473001545062,latency-20ff1b454e24.csv
1,20ff1b454e24,2025-10-21T15:38:07.591552,shrek,minute,3,True,9da86a20dc04,5.5129100001067854,latency-20ff1b454e24.csv
1,20ff1b454e24,2025-10-21T15:38:07.704886,shrek,tale,7,True,9da86a20dc04,6.8828179992124205,latency-20ff1b454e24.csv
1,20ff1b454e24,2025-10-21T15:38:07.821732,grail,is,317,True,9da86a20dc04,6.60666000112542,latency-20ff1b454e24.csv
1,20ff1b454e24,2025-10-21T15:38:07.935062,shrek3,its,1,True,9da86a20dc04,3.879238998706569,latency-20ff1b454e24.csv
1,20ff1b454e24,2025-10-21T15:38:08.043204,shrek3,field,3,True,9da86a20dc04,2.989209000588744,latency-20ff1b454e24.csv
1,20ff1b454e24,2025-10-21T15:38:08.150068,shrek3,supposed,11,True,9da86a20dc04,3.653419998954632,latency-20ff1b454e24.csv
1,20ff1b454e24,2025-10-21T15:38:08.258007,shrek3,ruby,1,True,9da86a20dc04,4.115001000172924,latency-20ff1b454e24.csv
1,20ff1b454e24,2025-10-21T15:38:08.366311,shrek3,an,51,True,9da86a20dc04,4.500307999478537,latency-20ff1b454e24.csv
1,20ff1b454e24,2025-10-21T15:38:08.476077,shrek,you,409,True,9da86a20dc04,6.428190999940853,latency-20ff1b454e24.csv
1,20ff1b454e24,2025-10-21T15:38:08.587816,shrek3,flaming,2,False,9da86a20dc04,16.37535800000478,latency-20ff1b454e24.csv
1,20ff1b454e24,2025-10-21T15:38:08.712012,shrek,his,48,False,9da86a20dc04,11.756519999835293,latency-20ff1b454e24.csv
2,20ff1b454e24,2025-10-21T15:38:08.829589,shrek,happily,2,True,9da86a20dc04,4.855908000536147,latency-20ff1b454e24.csv
2,20ff1b454e24,2025-10-21T15:38:08.939715,grail,king,136,True,9da86a20dc04,5.067859001428587,latency-20ff1b454e24.csv
2,20ff1b454e24,2025-10-21T15:38:09.048883,grail,the,1600,True,9da86a20dc04,3.5893990007025423,latency-20ff1b454e24.csv
2,20ff1b454e24,2025-10-21T15:38:09.156802,grail,the,1600,True,9da86a20dc04,5.142715999681968,latency-20ff1b454e24.csv
2,20ff1b454e24,2025-10-21T15:38:09.267286,grail,the,1600,True,9da86a20dc04,6.271567001022049,latency-20ff1b454e24.csv
2,20ff1b454e24,2025-10-21T15:38:09.378763,shrek,on,88,True,9da86a20dc04,18.012410999290296,latency-20ff1b454e24.csv
2,20ff1b454e24,2025-10-21T15:38:09.501591,shrek3,ARTIE,213,True,9da86a20dc04,31.125180001254197,latency-20ff1b454e24.csv
2,20ff1b454e24,2025-10-21T15:38:09.651172,grail,Cleese,10,True,9da86a20dc04,7.231619998492533,latency-20ff1b454e24.csv
2,20ff1b454e24,2025-10-21T15:38:09.774957,shrek3,toward,14,True,9da86a20dc04,4.564856999422773,latency-20ff1b454e24.csv
2,20ff1b454e24,2025-10-21T15:38:09.885889,shrek,minute,3,True,9da86a20dc04,20.004812000479436,latency-20ff1b454e24.csv
2,20ff1b454e24,2025-10-21T15:38:10.019090,shrek,tale,7,True,9da86a20dc04,11.602307999055483,latency-20ff1b454e24.csv
2,20ff1b454e24,2025-10-21T15:38:10.147202,grail,is,317,True,9da86a20dc04,32.04454599836026,latency-20ff1b454e24.csv
2,20ff1b454e24,2025-10-21T15:38:10.295510,shrek3,its,1,True,9da86a20dc04,11.367806000635028,latency-20ff1b454e24.csv
2,20ff1b454e24,2025-10-21T15:38:10.421045,shrek3,field,3,True,9da86a20dc04,10.260977000143612,latency-20ff1b454e24.csv
2,20ff1b454e24,2025-10-21T15:38:10.540499,shrek3,supposed,11,True,9da86a20dc04,11.622244001046056,latency-20ff1b454e24.csv
2,20ff1b454e24,2025-10-21T15:38:10.667709,shrek3,ruby,1,True,9da86a20dc04,2.992367999468115,latency-20ff1b454e24.csv
2,20ff1b454e24,2025-10-21T15:38:10.777612,shrek3,an,51,True,9da86a20dc04,3.3923170012712944,latency-20ff1b454e24.csv
2,20ff1b454e24,2025-10-21T15:38:10.885294,shrek,you,409,True,9da86a20dc04,2.6228930000797845,latency-20ff1b454e24.csv
2,20ff1b454e24,2025-10-21T15:38:10.991351,shrek3,flaming,2,True,9da86a20dc04,2.5211459997080965,latency-20ff1b454e24.csv
2,20ff1b454e24,2025-10-21T15:38:11.097687,shrek,his,48,True,9da86a20dc04,3.4417030001350213,latency-20ff1b454e24.csv
1,23579b5b03ee,2025-10-21T15:38:09.197484,shrek3,true,1,True,9da86a20dc04,4.067898998982855,latency-23579b5b03ee.csv
1,23579b5b03ee,2025-10-21T15:38:09.306860,shrek,to,268,False,9da86a20dc04,11.658977000479354,latency-23579b5b03ee.csv
1,23579b5b03ee,2025-10-21T15:38:09.424734,shrek3,us,12,True,9da86a20dc04,7.262300001457334,latency-23579b5b03ee.csv
1,23579b5b03ee,2025-10-21T15:38:09.538687,shrek,FIONA'S,3,True,9da86a20dc04,12.84613999996509,latency-23579b5b03ee.csv
1,23579b5b03ee,2025-10-21T15:38:09.658294,shrek3,the,1285,True,9da86a20dc04,12.697322999883909,latency-23579b5b03ee.csv
1,23579b5b03ee,2025-10-21T15:38:09.787040,shrek3,SHREK,678,True,9da86a20dc04,5.296212999382988,latency-23579b5b03ee.csv
1,23579b5b03ee,2025-10-21T15:38:09.897311,shrek3,DONKEY,243,True,9da86a20dc04,16.823714999190997,latency-23579b5b03ee.csv
1,23579b5b03ee,2025-10-21T15:38:10.022715,grail,them,41,True,9da86a20dc04,13.307618999533588,latency-23579b5b03ee.csv
1,23579b5b03ee,2025-10-21T15:38:10.143981,shrek3,They,80,False,9da86a20dc04,29.17858399996476,latency-23579b5b03ee.csv
1,23579b5b03ee,2025-10-21T15:38:10.288055,shrek,Blah,1,True,9da86a20dc04,4.58061999961501,latency-23579b5b03ee.csv
1,23579b5b03ee,2025-10-21T15:38:10.403068,shrek3,PUSS,196,True,9da86a20dc04,4.160297999987961,latency-23579b5b03ee.csv
1,23579b5b03ee,2025-10-21T15:38:10.511716,grail,cross,13,False,9da86a20dc04,19.77501500005019,latency-23579b5b03ee.csv
1,23579b5b03ee,2025-10-21T15:38:10.640339,shrek,DONKEY,320,True,9da86a20dc04,4.091643999345251,latency-23579b5b03ee.csv
1,23579b5b03ee,2025-10-21T15:38:10.749281,shrek,rising,1,True,9da86a20dc04,4.53935299992736,latency-23579b5b03ee.csv
1,23579b5b03ee,2025-10-21T15:38:10.858480,shrek3,PUSS,196,True,9da86a20dc04,3.4754200005409075,latency-23579b5b03ee.csv
1,23579b5b03ee,2025-10-21T15:38:10.965310,shrek3,PRINCE,207,True,9da86a20dc04,3.773596999963047,latency-23579b5b03ee.csv
1,23579b5b03ee,2025-10-21T15:38:11.072850,shrek3,SCHOOL,14,True,9da86a20dc04,4.045685000164667,latency-23579b5b03ee.csv
1,23579b5b03ee,2025-10-21T15:38:11.181204,shrek3,SHREK,678,True,9da86a20dc04,4.773924001710839,latency-23579b5b03ee.csv
1,23579b5b03ee,2025-10-21T15:38:11.289841,grail,GALAHAD,87,True,9da86a20dc04,3.1683530014561256,latency-23579b5b03ee.csv
1,23579b5b03ee,2025-10-21T15:38:11.397438,shrek3,field,3,True,9da86a20dc04,3.1944319998729043,latency-23579b5b03ee.csv
2,23579b5b03ee,2025-10-21T15:38:11.504493,shrek3,true,1,True,9da86a20dc04,4.995268998754909,latency-23579b5b03ee.csv
2,23579b5b03ee,2025-10-21T15:38:11.614748,shrek,to,268,True,9da86a20dc04,4.781321998962085,latency-23579b5b03ee.csv
2,23579b5b03ee,2025-10-21T15:38:11.723952,shrek3,us,12,True,9da86a20dc04,4.449940000995412,latency-23579b5b03ee.csv
2,23579b5b03ee,2025-10-21T15:38:11.834105,shrek,FIONA'S,3,True,9da86a20dc04,4.549822999251774,latency-23579b5b03ee.csv
2,23579b5b03ee,2025-10-21T15:38:11.943661,shrek3,the,1285,True,9da86a20dc04,6.300142000327469,latency-23579b5b03ee.csv
2,23579b5b03ee,2025-10-21T15:38:12.057747,shrek3,SHREK,678,True,9da86a20dc04,5.660008000631933,latency-23579b5b03ee.csv
2,23579b5b03ee,2025-10-21T15:38:12.170121,shrek3,DONKEY,243,True,9da86a20dc04,11.880557000040426,latency-23579b5b03ee.csv
2,23579b5b03ee,2025-10-21T15:38:12.288142,grail,them,41,True,9da86a20dc04,5.008199999792851,latency-23579b5b03ee.csv
2,23579b5b03ee,2025-10-21T15:38:12.401263,shrek3,They,80,True,9da86a20dc04,2.873870000257739,latency-23579b5b03ee.csv
2,23579b5b03ee,2025-10-21T15:38:12.517159,shrek,Blah,1,True,9da86a20dc04,8.1031339996116,latency-23579b5b03ee.csv
2,23579b5b03ee,2025-10-21T15:38:12.679362,shrek3,PUSS,196,True,9da86a20dc04,2.5844880001386628,latency-23579b5b03ee.csv
2,23579b5b03ee,2025-10-21T15:38:12.784838,grail,cross,13,True,9da86a20dc04,3.195590001269011,latency-23579b5b03ee.csv
2,23579b5b03ee,2025-10-21T15:38:12.891757,shrek,DONKEY,320,True,9da86a20dc04,2.819259001626051,latency-23579b5b03ee.csv
2,23579b5b03ee,2025-10-21T15:38:12.998200,shrek,rising,1,True,9da86a20dc04,3.572855001038988,latency-23579b5b03ee.csv
2,23579b5b03ee,2025-10-21T15:38:13.105769,shrek3,PUSS,196,True,9da86a20dc04,7.493068000258063,latency-23579b5b03ee.csv
2,23579b5b03ee,2025-10-21T15:38:13.219093,shrek3,PRINCE,207,True,9da86a20dc04,5.331841000952409,latency-23579b5b03ee.csv
2,23579b5b03ee,2025-10-21T15:38:13.328634,shrek3,SCHOOL,14,True,9da86a20dc04,9.77504900038184,latency-23579b5b03ee.csv
2,23579b5b03ee,2025-10-21T15:38:13.443027,shrek3,SHREK,678,True,9da86a20dc04,14.573598999049864,latency-23579b5b03ee.csv
2,23579b5b03ee,2025-10-21T15:38:13.570297,grail,GALAHAD,87,True,9da86a20dc04,15.883840000242344,latency-23579b5b03ee.csv
2,23579b5b03ee,2025-10-21T15:38:13.693472,shrek3,field,3,True,9da86a20dc04,9.269738000512008,latency-23579b5b03ee.csv
1,24613333841d,2025-10-21T15:38:01.914898,grail,pause,10,True,9da86a20dc04,38.259893999565975,latency-24613333841d.csv
1,24613333841d,2025-10-21T15:38:02.095929,shrek,tell,25,True,9da86a20dc04,15.956129000187502,latency-24613333841d.csv
1,24613333841d,2025-10-21T15:38:02.238233,shrek3,DONKEY,243,True,9da86a20dc04,12.352355000984971,latency-24613333841d.csv
1,24613333841d,2025-10-21T15:38:02.366125,shrek,FARQUAAD,84,True,9da86a20dc04,47.27424299926497,latency-24613333841d.csv
1,24613333841d,2025-10-21T15:38:02.527634,shrek,DONKEY,320,True,9da86a20dc04,39.02025900060835,latency-24613333841d.csv
1,24613333841d,2025-10-21T15:38:02.700248,shrek3,Be,71,False,9da86a20dc04,43.71100099888281,latency-24613333841d.csv
1,24613333841d,2025-10-21T15:38:02.863645,shrek,whole,10,False,9da86a20dc04,47.830851000981056,latency-24613333841d.csv
1,24613333841d,2025-10-21T15:38:03.051238,shrek3,TO,511,False,9da86a20dc04,13.30837900059123,latency-24613333841d.csv
1,24613333841d,2025-10-21T15:38:03.183505,shrek3,did,14,False,9da86a20dc04,9.271975000956443,latency-24613333841d.csv
1,24613333841d,2025-10-21T15:38:03.300437,shrek3,CHARMING,232,True,9da86a20dc04,3.7299790001270594,latency-24613333841d.csv
1,24613333841d,2025-10-21T15:38:03.409695,shrek3,SNOW,49,True,9da86a20dc04,37.61415000008128,latency-24613333841d.csv
1,24613333841d,2025-10-21T15:38:03.562975,shrek,after,10,True,9da86a20dc04,16.193718000067747,latency-24613333841d.csv
1,24613333841d,2025-10-21T15:38:03.688345,grail,rows,1,True,9da86a20dc04,10.741065998445263,latency-24613333841d.csv
1,24613333841d,2025-10-21T15:38:03.823211,shrek3,cues,3,False,9da86a20dc04,35.67511499932152,latency-24613333841d.csv
1,24613333841d,2025-10-21T15:38:03.970919,shrek,DONKEY,320,True,9da86a20dc04,11.960910000198057,latency-24613333841d.csv
1,24613333841d,2025-10-21T15:38:04.095491,shrek3,-,110,True,9da86a20dc04,9.232418999090442,latency-24613333841d.csv
1,24613333841d,2025-10-21T15:38:04.210833,shrek3,Ahh,8,True,9da86a20dc04,14.621966998674909,latency-24613333841d.csv
1,24613333841d,2025-10-21T15:38:04.337340,shrek3,WOLF,7,True,9da86a20dc04,27.391069999794126,latency-24613333841d.csv
1,24613333841d,2025-10-21T15:38:04.494317,shrek,HOOD,13,False,9da86a20dc04,12.50527900083398,latency-24613333841d.csv
1,24613333841d,2025-10-21T15:38:04.616154,shrek3,ARTIE,213,True,9da86a20dc04,15.315034999730416,latency-24613333841d.csv
2,24613333841d,2025-10-21T15:38:04.743302,grail,pause,10,True,9da86a20dc04,8.167887999661616,latency-24613333841d.csv
2,24613333841d,2025-10-21T15:38:04.876274,shrek,tell,25,True,9da86a20dc04,7.17173900011403,latency-24613333841d.csv
2,24613333841d,2025-10-21T15:38:04.989871,shrek3,DONKEY,243,True,9da86a20dc04,3.984363000199664,latency-24613333841d.csv
2,24613333841d,2025-10-21T15:38:05.098805,shrek,FARQUAAD,84,True,9da86a20dc04,4.299594000258367,latency-24613333841d.csv
2,24613333841d,2025-10-21T15:38:05.207970,shrek,DONKEY,320,True,9da86a20dc04,9.789282999918214,latency-24613333841d.csv
2,24613333841d,2025-10-21T15:38:05.322807,shrek3,Be,71,True,9da86a20dc04,7.347068998569739,latency-24613333841d.csv
2,24613333841d,2025-10-21T15:38:05.439201,shrek,whole,10,True,9da86a20dc04,3.639728000052856,latency-24613333841d.csv
2,24613333841d,2025-10-21T15:38:05.558182,shrek3,TO,511,True,9da86a20dc04,3.793305999352015,latency-24613333841d.csv
2,24613333841d,2025-10-21T15:38:05.666458,shrek3,did,14,True,9da86a20dc04,3.320324000014807,latency-24613333841d.csv
2,24613333841d,2025-10-21T15:38:05.773820,shrek3,CHARMING,232,True,9da86a20dc04,10.631003000526109,latency-24613333841d.csv
2,24613333841d,2025-10-21T15:38:05.889200,shrek3,SNOW,49,True,9da86a20dc04,30.990524999651825,latency-24613333841d.csv
2,24613333841d,2025-10-21T15:38:06.046312,shrek,after,10,True,9da86a20dc04,3.421937000894104,latency-24613333841d.csv
2,24613333841d,2025-10-21T15:38:06.154226,grail,rows,1,True,9da86a20dc04,5.089075999421766,latency-24613333841d.csv
2,24613333841d,2025-10-21T15:38:06.265129,shrek3,cues,3,True,9da86a20dc04,3.132439000182785,latency-24613333841d.csv
2,24613333841d,2025-10-21T15:38:06.372267,shrek,DONKEY,320,True,9da86a20dc04,11.260964998655254,latency-24613333841d.csv
2,24613333841d,2025-10-21T15:38:06.487584,shrek3,-,110,True,9da86a20dc04,6.5397630005463725,latency-24613333841d.csv
2,24613333841d,2025-10-21T15:38:06.598859,shrek3,Ahh,8,True,9da86a20dc04,9.526148000077228,latency-24613333841d.csv
2,24613333841d,2025-10-21T15:38:06.713663,shrek3,WOLF,7,True,9da86a20dc04,6.799860999308294,latency-24613333841d.csv
2,24613333841d,2025-10-21T15:38:06.826271,shrek,HOOD,13,True,9da86a20dc04,6.584118000318995,latency-24613333841d.csv
2,24613333841d,2025-10-21T15:38:06.940564,shrek3,ARTIE,213,True,9da86a20dc04,3.4639920013432857,latency-24613333841d.csv
1,2752883af53d,2025-10-21T15:38:33.233221,shrek3,EVIL,59,True,9da86a20dc04,2.805608999551623,latency-2752883af53d.csv
1,2752883af53d,2025-10-21T15:38:33.339375,shrek3,dat,1,True,9da86a20dc04,3.377113000169629,latency-2752883af53d.csv
1,2752883af53d,2025-10-21T15:38:33.446898,grail,Jones,7,True,9da86a20dc04,4.41772299927834,latency-2752883af53d.csv
1,2752883af53d,2025-10-21T15:38:33.555924,shrek,DONKEY,320,True,9da86a20dc04,3.491293000479345,latency-2752883af53d.csv
1,2752883af53d,2025-10-21T15:38:33.663156,shrek3,get,39,True,9da86a20dc04,2.851593000741559,latency-2752883af53d.csv
1,2752883af53d,2025-10-21T15:38:33.769174,grail,Jones,7,True,9da86a20dc04,4.60329799898318,latency-2752883af53d.csv
1,2752883af53d,2025-10-21T15:38:33.877830,grail,lost,6,True,9da86a20dc04,7.579737000924069,latency-2752883af53d.csv
1,2752883af53d,2025-10-21T15:38:33.989567,shrek,FIONA,211,True,9da86a20dc04,9.522295998976915,latency-2752883af53d.csv
1,2752883af53d,2025-10-21T15:38:34.103250,grail,CALLS,3,True,9da86a20dc04,10.754767999969772,latency-2752883af53d.csv
1,2752883af53d,2025-10-21T15:38:34.230906,grail,king,136,True,9da86a20dc04,19.21393499833357,latency-2752883af53d.csv
1,2752883af53d,2025-10-21T15:38:34.375097,shrek,stairs,7,True,9da86a20dc04,3.985739000199828,latency-2752883af53d.csv
1,2752883af53d,2025-10-21T15:38:34.483962,shrek3,did,14,True,9da86a20dc04,16.10393800001475,latency-2752883af53d.csv
1,2752883af53d,2025-10-21T15:38:34.613915,shrek3,SHOUTING),0,True,9da86a20dc04,4.148159001488239,latency-2752883af53d.csv
1,2752883af53d,2025-10-21T15:38:34.722252,shrek3,Donkey,243,True,9da86a20dc04,2.5369640006829286,latency-2752883af53d.csv
1,2752883af53d,2025-10-21T15:38:34.829222,shrek3,right,36,True,9da86a20dc04,3.325497000332689,latency-2752883af53d.csv
1,2752883af53d,2025-10-21T15:38:34.937764,grail,going,21,True,9da86a20dc04,4.041652000523754,latency-2752883af53d.csv
1,2752883af53d,2025-10-21T15:38:35.046409,shrek3,the,1285,True,9da86a20dc04,8.153353999659885,latency-2752883af53d.csv
1,2752883af53d,2025-10-21T15:38:35.158961,grail,THREE-HEADED,8,True,9da86a20dc04,3.726029999597813,latency-2752883af53d.csv
1,2752883af53d,2025-10-21T15:38:35.267224,shrek3,ruby,1,True,9da86a20dc04,5.970590000288212,latency-2752883af53d.csv
1,2752883af53d,2025-10-21T15:38:35.378489,shrek3,PUSS,196,True,9da86a20dc04,3.089940000791102,latency-2752883af53d.csv
2,2752883af53d,2025-10-21T15:38:35.485536,shrek3,EVIL,59,True,9da86a20dc04,4.053485999975237,latency-2752883af53d.csv
2,2752883af53d,2025-10-21T15:38:35.594461,shrek3,dat,1,True,9da86a20dc04,12.66497400138178,latency-2752883af53d.csv
2,2752883af53d,2025-10-21T15:38:35.717056,grail,Jones,7,True,9da86a20dc04,9.104893999392516,latency-2752883af53d.csv
2,2752883af53d,2025-10-21T15:38:35.833962,shrek,DONKEY,320,True,9da86a20dc04,7.8177390005294,latency-2752883af53d.csv
2,2752883af53d,2025-10-21T15:38:35.950573,shrek3,get,39,True,9da86a20dc04,14.225046999854383,latency-2752883af53d.csv
2,2752883af53d,2025-10-21T15:38:36.086035,grail,Jones,7,True,9da86a20dc04,5.151366000063717,latency-2752883af53d.csv
2,2752883af53d,2025-10-21T15:38:36.198736,grail,lost,6,True,9da86a20dc04,5.650548999255989,latency-2752883af53d.csv
2,2752883af53d,2025-10-21T15:38:36.310074,shrek,FIONA,211,True,9da86a20dc04,4.034072000649758,latency-2752883af53d.csv
2,2752883af53d,2025-10-21T15:38:36.419830,grail,CALLS,3,True,9da86a20dc04,4.874002999713412,latency-2752883af53d.csv
2,2752883af53d,2025-10-21T15:38:36.530920,grail,king,136,True,9da86a20dc04,3.897691000020132,latency-2752883af53d.csv
2,2752883af53d,2025-10-21T15:38:36.640623,shrek,stairs,7,True,9da86a20dc04,2.733354000156396,latency-2752883af53d.csv
2,2752883af53d,2025-10-21T15:38:36.749290,shrek3,did,14,True,9da86a20dc04,3.636667999671772,latency-2752883af53d.csv
2,2752883af53d,2025-10-21T15:38:36.859551,shrek3,SHOUTING),0,True,9da86a20dc04,3.576840999812702,latency-2752883af53d.csv
2,2752883af53d,2025-10-21T15:38:36.967165,shrek3,Donkey,243,True,9da86a20dc04,3.2285790002788417,latency-2752883af53d.csv
2,2752883af53d,2025-10-21T15:38:37.074164,shrek3,right,36,True,9da86a20dc04,5.182189999686671,latency-2752883af53d.csv
2,2752883af53d,2025-10-21T15:38:37.183572,grail,going,21,True,9da86a20dc04,3.3482529997854726,latency-2752883af53d.csv
2,2752883af53d,2025-10-21T15:38:37.290014,shrek3,the,1285,True,9da86a20dc04,3.718014000696712,latency-2752883af53d.csv
2,2752883af53d,2025-10-21T15:38:37.397564,grail,THREE-HEADED,8,True,9da86a20dc04,3.4142490003432613,latency-2752883af53d.csv
2,2752883af53d,2025-10-21T15:38:37.504338,shrek3,ruby,1,True,9da86a20dc04,5.727673998990213,latency-2752883af53d.csv
2,2752883af53d,2025-10-21T15:38:37.614468,shrek3,PUSS,196,True,9da86a20dc04,5.222132998824236,latency-2752883af53d.csv
1,2788bb7f5ffa,2025-10-21T15:38:19.752503,shrek,its,1,True,9da86a20dc04,2.645026999744005,latency-2788bb7f5ffa.csv
1,2788bb7f5ffa,2025-10-21T15:38:19.858437,shrek,FIONA,211,True,9da86a20dc04,2.5218459995812736,latency-2788bb7f5ffa.csv
1,2788bb7f5ffa,2025-10-21T15:38:19.964327,shrek,on,88,True,9da86a20dc04,3.102148999460041,latency-2788bb7f5ffa.csv
1,2788bb7f5ffa,2025-10-21T15:38:20.071048,shrek,INSIDE,16,True,9da86a20dc04,3.0935280010453425,latency-2788bb7f5ffa.csv
1,2788bb7f5ffa,2025-10-21T15:38:20.177735,grail,the,1600,True,9da86a20dc04,3.688301998408861,latency-2788bb7f5ffa.csv
1,2788bb7f5ffa,2025-10-21T15:38:20.285153,shrek,and,318,True,9da86a20dc04,4.570684999634977,latency-2788bb7f5ffa.csv
1,2788bb7f5ffa,2025-10-21T15:38:20.397970,shrek,No,114,True,9da86a20dc04,2.7438079996500164,latency-2788bb7f5ffa.csv
1,2788bb7f5ffa,2025-10-21T15:38:20.504005,grail,GALAHAD,87,True,9da86a20dc04,3.3295449993602237,latency-2788bb7f5ffa.csv
1,2788bb7f5ffa,2025-10-21T15:38:20.610763,grail,from,94,True,9da86a20dc04,6.871894000141765,latency-2788bb7f5ffa.csv
1,2788bb7f5ffa,2025-10-21T15:38:20.721511,shrek,this,79,True,9da86a20dc04,9.014753999508685,latency-2788bb7f5ffa.csv
1,2788bb7f5ffa,2025-10-21T15:38:20.836394,grail,since,10,True,9da86a20dc04,10.65634999940812,latency-2788bb7f5ffa.csv
1,2788bb7f5ffa,2025-10-21T15:38:20.951984,shrek3,Im,1,True,9da86a20dc04,6.132757998784655,latency-2788bb7f5ffa.csv
1,2788bb7f5ffa,2025-10-21T15:38:21.069689,grail,Who’s,3,True,9da86a20dc04,7.65641200086975,latency-2788bb7f5ffa.csv
1,2788bb7f5ffa,2025-10-21T15:38:21.186935,shrek,DONKEY,320,True,9da86a20dc04,3.538574999765842,latency-2788bb7f5ffa.csv
1,2788bb7f5ffa,2025-10-21T15:38:21.295157,grail,the,1600,True,9da86a20dc04,2.986522998980945,latency-2788bb7f5ffa.csv
1,2788bb7f5ffa,2025-10-21T15:38:21.401661,shrek,DONKEY,320,True,9da86a20dc04,3.078548999837949,latency-2788bb7f5ffa.csv
1,2788bb7f5ffa,2025-10-21T15:38:21.508776,grail,TV,2,True,9da86a20dc04,5.376786000852007,latency-2788bb7f5ffa.csv
1,2788bb7f5ffa,2025-10-21T15:38:21.618901,grail,is,317,True,9da86a20dc04,3.7455729998328025,latency-2788bb7f5ffa.csv
1,2788bb7f5ffa,2025-10-21T15:38:21.726834,grail,feel,11,True,9da86a20dc04,3.190373001416446,latency-2788bb7f5ffa.csv
1,2788bb7f5ffa,2025-10-21T15:38:21.833432,grail,singing,33,True,9da86a20dc04,5.658738000420271,latency-2788bb7f5ffa.csv
2,2788bb7f5ffa,2025-10-21T15:38:21.943286,shrek,its,1,True,9da86a20dc04,4.251182999723824,latency-2788bb7f5ffa.csv
2,2788bb7f5ffa,2025-10-21T15:38:22.052207,shrek,FIONA,211,True,9da86a20dc04,3.793857000346179,latency-2788bb7f5ffa.csv
2,2788bb7f5ffa,2025-10-21T15:38:22.160046,shrek,on,88,True,9da86a20dc04,3.5109460004605357,latency-2788bb7f5ffa.csv
2,2788bb7f5ffa,2025-10-21T15:38:22.266902,shrek,INSIDE,16,True,9da86a20dc04,3.8703250011167256,latency-2788bb7f5ffa.csv
2,2788bb7f5ffa,2025-10-21T15:38:22.374759,grail,the,1600,True,9da86a20dc04,5.960546999631333,latency-2788bb7f5ffa.csv
2,2788bb7f5ffa,2025-10-21T15:38:22.485954,shrek,and,318,True,9da86a20dc04,8.315025001138565,latency-2788bb7f5ffa.csv
2,2788bb7f5ffa,2025-10-21T15:38:22.598528,shrek,No,114,True,9da86a20dc04,10.13853499898687,latency-2788bb7f5ffa.csv
2,2788bb7f5ffa,2025-10-21T15:38:22.723518,grail,GALAHAD,87,True,9da86a20dc04,4.669656000260147,latency-2788bb7f5ffa.csv
2,2788bb7f5ffa,2025-10-21T15:38:22.831448,grail,from,94,True,9da86a20dc04,5.470037000122829,latency-2788bb7f5ffa.csv
2,2788bb7f5ffa,2025-10-21T15:38:22.940803,shrek,this,79,True,9da86a20dc04,7.420392999847536,latency-2788bb7f5ffa.csv
2,2788bb7f5ffa,2025-10-21T15:38:23.053058,grail,since,10,True,9da86a20dc04,4.0936989989859285,latency-2788bb7f5ffa.csv
2,2788bb7f5ffa,2025-10-21T15:38:23.160886,shrek3,Im,1,True,9da86a20dc04,6.937479000043823,latency-2788bb7f5ffa.csv
2,2788bb7f5ffa,2025-10-21T15:38:23.272483,grail,Who’s,3,True,9da86a20dc04,4.266679001375451,latency-2788bb7f5ffa.csv
2,2788bb7f5ffa,2025-10-21T15:38:23.380770,shrek,DONKEY,320,True,9da86a20dc04,7.927025999379111,latency-2788bb7f5ffa.csv
2,2788bb7f5ffa,2025-10-21T15:38:23.494427,grail,the,1600,True,9da86a20dc04,4.414730999997119,latency-2788bb7f5ffa.csv
2,2788bb7f5ffa,2025-10-21T15:38:23.604453,shrek,DONKEY,320,True,9da86a20dc04,5.3558889994747005,latency-2788bb7f5ffa.csv
2,2788bb7f5ffa,2025-10-21T15:38:23.715367,grail,TV,2,True,9da86a20dc04,14.587057999960962,latency-2788bb7f5ffa.csv
2,2788bb7f5ffa,2025-10-21T15:38:23.843192,grail,is,317,True,9da86a20dc04,4.648434000046109,latency-2788bb7f5ffa.csv
2,2788bb7f5ffa,2025-10-21T15:38:23.956951,grail,feel,11,True,9da86a20dc04,3.0881260008754907,latency-2788bb7f5ffa.csv
2,2788bb7f5ffa,2025-10-21T15:38:24.064110,grail,singing,33,True,9da86a20dc04,3.2089610012917547,latency-2788bb7f5ffa.csv
1,280dbec70302,2025-10-21T15:38:00.688863,shrek,this,79,True,9da86a20dc04,12.43106700167118,latency-280dbec70302.csv
1,280dbec70302,2025-10-21T15:38:00.819322,shrek,DONKEY,320,True,9da86a20dc04,4.88328699975682,latency-280dbec70302.csv
1,280dbec70302,2025-10-21T15:38:00.928797,shrek,DONKEY,320,True,9da86a20dc04,2.648720001161564,latency-280dbec70302.csv
1,280dbec70302,2025-10-21T15:38:01.035641,shrek,swamp,18,True,9da86a20dc04,13.22233800055983,latency-280dbec70302.csv
1,280dbec70302,2025-10-21T15:38:01.156134,shrek,DONKEY,320,True,9da86a20dc04,16.241139999692678,latency-280dbec70302.csv
1,280dbec70302,2025-10-21T15:38:01.287416,grail,Footnote,4,True,9da86a20dc04,11.694085000272024,latency-280dbec70302.csv
1,280dbec70302,2025-10-21T15:38:01.413932,shrek3,body),0,False,9da86a20dc04,15.513969001403892,latency-280dbec70302.csv
1,280dbec70302,2025-10-21T15:38:01.551740,shrek,I,386,True,9da86a20dc04,4.382936998808873,latency-280dbec70302.csv
1,280dbec70302,2025-10-21T15:38:01.663925,shrek3,right,36,False,9da86a20dc04,12.74404399919149,latency-280dbec70302.csv
1,280dbec70302,2025-10-21T15:38:01.784060,shrek3,him,87,False,9da86a20dc04,18.071997999868472,latency-280dbec70302.csv
1,280dbec70302,2025-10-21T15:38:01.906437,shrek3,-,110,False,9da86a20dc04,48.88770000070508,latency-280dbec70302.csv
1,280dbec70302,2025-10-21T15:38:02.096455,grail,I,298,True,9da86a20dc04,17.380920999130467,latency-280dbec70302.csv
1,280dbec70302,2025-10-21T15:38:02.255207,grail,"Oh,",2,True,9da86a20dc04,8.343763000084436,latency-280dbec70302.csv
1,280dbec70302,2025-10-21T15:38:02.369502,grail,are,114,True,9da86a20dc04,36.94745500069985,latency-280dbec70302.csv
1,280dbec70302,2025-10-21T15:38:02.519017,shrek,don't,72,False,9da86a20dc04,24.97920499990869,latency-280dbec70302.csv
1,280dbec70302,2025-10-21T15:38:02.669505,shrek,INSIDE,16,False,9da86a20dc04,54.7253519998776,latency-280dbec70302.csv
1,280dbec70302,2025-10-21T15:38:02.860608,grail,is,317,True,9da86a20dc04,20.33561800089956,latency-280dbec70302.csv
1,280dbec70302,2025-10-21T15:38:03.019345,grail,from,94,True,9da86a20dc04,2.8954389999853447,latency-280dbec70302.csv
1,280dbec70302,2025-10-21T15:38:03.125659,shrek3,CAPTAIN,41,True,9da86a20dc04,5.424017001132597,latency-280dbec70302.csv
1,280dbec70302,2025-10-21T15:38:03.234899,shrek3,PUSS,196,True,9da86a20dc04,43.13138399993477,latency-280dbec70302.csv
2,280dbec70302,2025-10-21T15:38:03.391890,shrek,this,79,True,9da86a20dc04,35.69549700114294,latency-280dbec70302.csv
2,280dbec70302,2025-10-21T15:38:03.562306,shrek,DONKEY,320,True,9da86a20dc04,12.534096000308637,latency-280dbec70302.csv
2,280dbec70302,2025-10-21T15:38:03.685964,shrek,DONKEY,320,True,9da86a20dc04,21.68026599974837,latency-280dbec70302.csv
2,280dbec70302,2025-10-21T15:38:03.827630,shrek,swamp,18,True,9da86a20dc04,30.60298299897113,latency-280dbec70302.csv
2,280dbec70302,2025-10-21T15:38:03.972356,shrek,DONKEY,320,True,9da86a20dc04,12.07769000029657,latency-280dbec70302.csv
2,280dbec70302,2025-10-21T15:38:04.096281,grail,Footnote,4,True,9da86a20dc04,9.976571000152036,latency-280dbec70302.csv
2,280dbec70302,2025-10-21T15:38:04.211799,shrek3,body),0,True,9da86a20dc04,16.33940099964093,latency-280dbec70302.csv
2,280dbec70302,2025-10-21T15:38:04.337184,shrek,I,386,True,9da86a20dc04,14.48814800096443,latency-280dbec70302.csv
2,280dbec70302,2025-10-21T15:38:04.465345,shrek3,right,36,True,9da86a20dc04,4.7489959997619735,latency-280dbec70302.csv
2,280dbec70302,2025-10-21T15:38:04.576410,shrek3,him,87,True,9da86a20dc04,8.66672899974219,latency-280dbec70302.csv
2,280dbec70302,2025-10-21T15:38:04.699816,shrek3,-,110,True,9da86a20dc04,5.515222001122311,latency-280dbec70302.csv
2,280dbec70302,2025-10-21T15:38:04.812604,grail,I,298,True,9da86a20dc04,9.746731999257465,latency-280dbec70302.csv
2,280dbec70302,2025-10-21T15:38:04.932583,grail,"Oh,",2,True,9da86a20dc04,8.839044998239842,latency-280dbec70302.csv
2,280dbec70302,2025-10-21T15:38:05.058262,grail,are,114,True,9da86a20dc04,10.521629999857396,latency-280dbec70302.csv
2,280dbec70302,2025-10-21T15:38:05.183949,shrek,don't,72,True,9da86a20dc04,5.032455999753438,latency-280dbec70302.csv
2,280dbec70302,2025-10-21T15:38:05.298611,shrek,INSIDE,16,True,9da86a20dc04,3.771258001506794,latency-280dbec70302.csv
2,280dbec70302,2025-10-21T15:38:05.406993,grail,is,317,True,9da86a20dc04,3.183558999808156,latency-280dbec70302.csv
2,280dbec70302,2025-10-21T15:38:05.514221,grail,from,94,True,9da86a20dc04,9.553731000778498,latency-280dbec70302.csv
2,280dbec70302,2025-10-21T15:38:05.633437,shrek3,CAPTAIN,41,True,9da86a20dc04,9.081284000785672,latency-280dbec70302.csv
2,280dbec70302,2025-10-21T15:38:05.750447,shrek3,PUSS,196,True,9da86a20dc04,14.741885001058108,latency-280dbec70302.csv
1,281280d7a735,2025-10-21T15:37:56.762943,grail,lost,6,False,9da86a20dc04,21.863780999410665,latency-281280d7a735.csv
1,281280d7a735,2025-10-21T15:37:56.890135,shrek3,true,1,False,9da86a20dc04,16.294525999910547,latency-281280d7a735.csv
1,281280d7a735,2025-10-21T15:37:57.010518,shrek,FIONA,211,False,9da86a20dc04,12.833217999286717,latency-281280d7a735.csv
1,281280d7a735,2025-10-21T15:37:57.128152,grail,lost,6,True,9da86a20dc04,4.318208000768209,latency-281280d7a735.csv
1,281280d7a735,2025-10-21T15:37:57.240010,shrek,minute,3,False,9da86a20dc04,11.623920998317772,latency-281280d7a735.csv
1,281280d7a735,2025-10-21T15:37:57.357065,shrek3,SHOUTING),0,False,9da86a20dc04,14.721448000273083,latency-281280d7a735.csv
1,281280d7a735,2025-10-21T15:37:57.478792,grail,TV,2,False,9da86a20dc04,12.397172999044416,latency-281280d7a735.csv
1,281280d7a735,2025-10-21T15:37:57.595802,shrek3,EVIL,59,False,9da86a20dc04,21.401603999038343,latency-281280d7a735.csv
1,281280d7a735,2025-10-21T15:37:57.721466,grail,Cleveland,3,False,9da86a20dc04,11.995582999588803,latency-281280d7a735.csv
1,281280d7a735,2025-10-21T15:37:57.838497,shrek3,Artie,213,False,9da86a20dc04,13.064687000223785,latency-281280d7a735.csv
1,281280d7a735,2025-10-21T15:37:57.962529,shrek3,CHARMING,232,False,9da86a20dc04,13.75996299975668,latency-281280d7a735.csv
1,281280d7a735,2025-10-21T15:37:58.080931,shrek3,supposed,11,False,9da86a20dc04,17.689771999357617,latency-281280d7a735.csv
1,281280d7a735,2025-10-21T15:37:58.203523,shrek3,dat,1,False,9da86a20dc04,17.430865000278573,latency-281280d7a735.csv
1,281280d7a735,2025-10-21T15:37:58.340871,shrek3,me,72,False,9da86a20dc04,19.263199999841163,latency-281280d7a735.csv
1,281280d7a735,2025-10-21T15:37:58.476932,shrek3,the,1285,False,9da86a20dc04,15.674030999434764,latency-281280d7a735.csv
1,281280d7a735,2025-10-21T15:37:58.604212,shrek3,SHREK,678,True,9da86a20dc04,4.432398000062676,latency-281280d7a735.csv
1,281280d7a735,2025-10-21T15:37:58.714265,shrek3,bed,10,False,9da86a20dc04,17.077694999898085,latency-281280d7a735.csv
1,281280d7a735,2025-10-21T15:37:58.836498,shrek,No,114,False,9da86a20dc04,12.64044500021555,latency-281280d7a735.csv
1,281280d7a735,2025-10-21T15:37:58.953504,shrek3,what,82,False,9da86a20dc04,36.43096199994034,latency-281280d7a735.csv
1,281280d7a735,2025-10-21T15:37:59.094007,grail,Launcelot,107,False,9da86a20dc04,17.52314999976079,latency-281280d7a735.csv
2,281280d7a735,2025-10-21T15:37:59.215880,grail,lost,6,True,9da86a20dc04,12.535039999420404,latency-281280d7a735.csv
2,281280d7a735,2025-10-21T15:37:59.333634,shrek3,true,1,True,9da86a20dc04,51.87616199873446,latency-281280d7a735.csv
2,281280d7a735,2025-10-21T15:37:59.503758,shrek,FIONA,211,True,9da86a20dc04,13.653971998792258,latency-281280d7a735.csv
2,281280d7a735,2025-10-21T15:37:59.647194,grail,lost,6,True,9da86a20dc04,17.313371999989613,latency-281280d7a735.csv
2,281280d7a735,2025-10-21T15:37:59.781419,shrek,minute,3,True,9da86a20dc04,25.00791999955254,latency-281280d7a735.csv
2,281280d7a735,2025-10-21T15:37:59.948505,shrek3,SHOUTING),0,True,9da86a20dc04,3.568890000678948,latency-281280d7a735.csv
2,281280d7a735,2025-10-21T15:38:00.056441,grail,TV,2,True,9da86a20dc04,11.060017999625416,latency-281280d7a735.csv
2,281280d7a735,2025-10-21T15:38:00.171919,shrek3,EVIL,59,True,9da86a20dc04,23.667284000111977,latency-281280d7a735.csv
2,281280d7a735,2025-10-21T15:38:00.313666,grail,Cleveland,3,True,9da86a20dc04,6.017814001097577,latency-281280d7a735.csv
2,281280d7a735,2025-10-21T15:38:00.434962,shrek3,Artie,213,True,9da86a20dc04,3.2309409998561023,latency-281280d7a735.csv
2,281280d7a735,2025-10-21T15:38:00.546210,shrek3,CHARMING,232,True,9da86a20dc04,3.196249001121032,latency-281280d7a735.csv
2,281280d7a735,2025-10-21T15:38:00.652790,shrek3,supposed,11,True,9da86a20dc04,2.905133000240312,latency-281280d7a735.csv
2,281280d7a735,2025-10-21T15:38:00.759142,shrek3,dat,1,True,9da86a20dc04,3.4507349992054515,latency-281280d7a735.csv
2,281280d7a735,2025-10-21T15:38:00.866390,shrek3,me,72,True,9da86a20dc04,10.017521999543533,latency-281280d7a735.csv
2,281280d7a735,2025-10-21T15:38:00.980592,shrek3,the,1285,True,9da86a20dc04,23.9114560008602,latency-281280d7a735.csv
2,281280d7a735,2025-10-21T15:38:01.119823,shrek3,SHREK,678,True,9da86a20dc04,10.864399000638514,latency-281280d7a735.csv
2,281280d7a735,2025-10-21T15:38:01.254290,shrek3,bed,10,True,9da86a20dc04,3.0795479997323127,latency-281280d7a735.csv
2,281280d7a735,2025-10-21T15:38:01.361000,shrek,No,114,True,9da86a20dc04,2.5477899998804787,latency-281280d7a735.csv
2,281280d7a735,2025-10-21T15:38:01.466725,shrek3,what,82,True,9da86a20dc04,3.715184000611771,latency-281280d7a735.csv
2,281280d7a735,2025-10-21T15:38:01.574184,grail,Launcelot,107,True,9da86a20dc04,28.18904699961422,latency-281280d7a735.csv
1,2c7e599acdb8,2025-10-21T15:38:04.262449,shrek3,still,18,True,9da86a20dc04,4.362736999610206,latency-2c7e599acdb8.csv
1,2c7e599acdb8,2025-10-21T15:38:04.371411,shrek3,Gingerbread,37,False,9da86a20dc04,27.672176000123727,latency-2c7e599acdb8.csv
1,2c7e599acdb8,2025-10-21T15:38:04.510353,shrek,token,1,True,9da86a20dc04,11.649349000435905,latency-2c7e599acdb8.csv
1,2c7e599acdb8,2025-10-21T15:38:04.636184,shrek3,and,576,True,9da86a20dc04,8.717578999494435,latency-2c7e599acdb8.csv
1,2c7e599acdb8,2025-10-21T15:38:04.751705,shrek,happily,2,True,9da86a20dc04,25.4805069998838,latency-2c7e599acdb8.csv
1,2c7e599acdb8,2025-10-21T15:38:04.901524,grail,about,49,True,9da86a20dc04,4.409306000525248,latency-2c7e599acdb8.csv
1,2c7e599acdb8,2025-10-21T15:38:05.011511,grail,king,136,True,9da86a20dc04,3.9664880005148007,latency-2c7e599acdb8.csv
1,2c7e599acdb8,2025-10-21T15:38:05.119521,shrek,token,1,True,9da86a20dc04,3.966518999732216,latency-2c7e599acdb8.csv
1,2c7e599acdb8,2025-10-21T15:38:05.227611,shrek,tell,25,True,9da86a20dc04,8.496139000271796,latency-2c7e599acdb8.csv
1,2c7e599acdb8,2025-10-21T15:38:05.341631,grail,the,1600,True,9da86a20dc04,9.825619999901392,latency-2c7e599acdb8.csv
1,2c7e599acdb8,2025-10-21T15:38:05.457707,shrek,Is,132,True,9da86a20dc04,11.065184999097257,latency-2c7e599acdb8.csv
1,2c7e599acdb8,2025-10-21T15:38:05.577264,shrek3,SNOW,49,True,9da86a20dc04,12.758670000039274,latency-2c7e599acdb8.csv
1,2c7e599acdb8,2025-10-21T15:38:05.699804,shrek3,still,18,True,9da86a20dc04,3.854642998703639,latency-2c7e599acdb8.csv
1,2c7e599acdb8,2025-10-21T15:38:05.810680,shrek3,OGRE,39,True,9da86a20dc04,5.7270830002380535,latency-2c7e599acdb8.csv
1,2c7e599acdb8,2025-10-21T15:38:05.929622,grail,since,10,True,9da86a20dc04,20.306580001488328,latency-2c7e599acdb8.csv
1,2c7e599acdb8,2025-10-21T15:38:06.078341,grail,GALAHAD,87,False,9da86a20dc04,9.562819999700878,latency-2c7e599acdb8.csv
1,2c7e599acdb8,2025-10-21T15:38:06.200712,shrek,And,318,True,9da86a20dc04,3.862716001094668,latency-2c7e599acdb8.csv
1,2c7e599acdb8,2025-10-21T15:38:06.308941,grail,about,49,True,9da86a20dc04,3.637473999333452,latency-2c7e599acdb8.csv
1,2c7e599acdb8,2025-10-21T15:38:06.416557,grail,seek,12,True,9da86a20dc04,2.6635340000211727,latency-2c7e599acdb8.csv
1,2c7e599acdb8,2025-10-21T15:38:06.522357,shrek3,CAPTAIN,41,True,9da86a20dc04,6.717546000800212,latency-2c7e599acdb8.csv
2,2c7e599acdb8,2025-10-21T15:38:06.634762,shrek3,still,18,True,9da86a20dc04,7.818903000952559,latency-2c7e599acdb8.csv
2,2c7e599acdb8,2025-10-21T15:38:06.746912,shrek3,Gingerbread,37,True,9da86a20dc04,5.546000000322238,latency-2c7e599acdb8.csv
2,2c7e599acdb8,2025-10-21T15:38:06.860386,shrek,token,1,True,9da86a20dc04,6.007119000059902,latency-2c7e599acdb8.csv
2,2c7e599acdb8,2025-10-21T15:38:06.975600,shrek3,and,576,True,9da86a20dc04,6.7124369998055045,latency-2c7e599acdb8.csv
2,2c7e599acdb8,2025-10-21T15:38:07.093997,shrek,happily,2,True,9da86a20dc04,3.157688999635866,latency-2c7e599acdb8.csv
2,2c7e599acdb8,2025-10-21T15:38:07.201188,grail,about,49,True,9da86a20dc04,4.231021999657969,latency-2c7e599acdb8.csv
2,2c7e599acdb8,2025-10-21T15:38:07.310116,grail,king,136,True,9da86a20dc04,39.12565400059975,latency-2c7e599acdb8.csv
2,2c7e599acdb8,2025-10-21T15:38:07.467588,shrek,token,1,True,9da86a20dc04,14.45936299933237,latency-2c7e599acdb8.csv
2,2c7e599acdb8,2025-10-21T15:38:07.591710,shrek,tell,25,True,9da86a20dc04,12.789409998731571,latency-2c7e599acdb8.csv
2,2c7e599acdb8,2025-10-21T15:38:07.708575,grail,the,1600,True,9da86a20dc04,9.58835300116334,latency-2c7e599acdb8.csv
2,2c7e599acdb8,2025-10-21T15:38:07.824339,shrek,Is,132,True,9da86a20dc04,6.198834000315401,latency-2c7e599acdb8.csv
2,2c7e599acdb8,2025-10-21T15:38:07.936643,shrek3,SNOW,49,True,9da86a20dc04,3.314112000225577,latency-2c7e599acdb8.csv
2,2c7e599acdb8,2025-10-21T15:38:08.044122,shrek3,still,18,True,9da86a20dc04,3.237276998333982,latency-2c7e599acdb8.csv
2,2c7e599acdb8,2025-10-21T15:38:08.151330,shrek3,OGRE,39,True,9da86a20dc04,4.296248000173364,latency-2c7e599acdb8.csv
2,2c7e599acdb8,2025-10-21T15:38:08.259388,grail,since,10,True,9da86a20dc04,4.490578998229466,latency-2c7e599acdb8.csv
2,2c7e599acdb8,2025-10-21T15:38:08.368324,grail,GALAHAD,87,True,9da86a20dc04,4.097114000614965,latency-2c7e599acdb8.csv
2,2c7e599acdb8,2025-10-21T15:38:08.477757,shrek,And,318,True,9da86a20dc04,5.452045999845723,latency-2c7e599acdb8.csv
2,2c7e599acdb8,2025-10-21T15:38:08.588305,grail,about,49,True,9da86a20dc04,14.319682000859755,latency-2c7e599acdb8.csv
2,2c7e599acdb8,2025-10-21T15:38:08.711223,grail,seek,12,True,9da86a20dc04,5.920125000557164,latency-2c7e599acdb8.csv
2,2c7e599acdb8,2025-10-21T15:38:08.828276,shrek3,CAPTAIN,41,True,9da86a20dc04,4.773096999997506,latency-2c7e599acdb8.csv
1,2c8e90119289,2025-10-21T15:38:15.147681,grail,Tm,5,True,9da86a20dc04,3.447351999056991,latency-2c8e90119289.csv
1,2c8e90119289,2025-10-21T15:38:15.255753,shrek3,WHITE,45,True,9da86a20dc04,3.54856999911135,latency-2c8e90119289.csv
1,2c8e90119289,2025-10-21T15:38:15.363977,grail,Gallahad,44,True,9da86a20dc04,13.616528998682044,latency-2c8e90119289.csv
1,2c8e90119289,2025-10-21T15:38:15.482722,grail,G,6,True,9da86a20dc04,5.074763001175597,latency-2c8e90119289.csv
1,2c8e90119289,2025-10-21T15:38:15.591262,grail,Bum,13,True,9da86a20dc04,19.47757800007821,latency-2c8e90119289.csv
1,2c8e90119289,2025-10-21T15:38:15.720830,shrek,tell,25,True,9da86a20dc04,9.068717001355251,latency-2c8e90119289.csv
1,2c8e90119289,2025-10-21T15:38:15.837015,shrek3,you,328,True,9da86a20dc04,5.851916001120117,latency-2c8e90119289.csv
1,2c8e90119289,2025-10-21T15:38:15.949429,shrek,Aah,6,True,9da86a20dc04,6.44038499922317,latency-2c8e90119289.csv
1,2c8e90119289,2025-10-21T15:38:16.061751,grail,Launcelot,107,True,9da86a20dc04,6.2335839993465925,latency-2c8e90119289.csv
1,2c8e90119289,2025-10-21T15:38:16.178243,grail,the,1600,True,9da86a20dc04,7.264859999850159,latency-2c8e90119289.csv
1,2c8e90119289,2025-10-21T15:38:16.305041,grail,door,14,True,9da86a20dc04,3.295434000392561,latency-2c8e90119289.csv
1,2c8e90119289,2025-10-21T15:38:16.414249,shrek3,youre,0,True,9da86a20dc04,2.405590999842389,latency-2c8e90119289.csv
1,2c8e90119289,2025-10-21T15:38:16.519893,grail,us,32,True,9da86a20dc04,2.645155998834525,latency-2c8e90119289.csv
1,2c8e90119289,2025-10-21T15:38:16.625656,grail,Auuuuuuuugh,2,True,9da86a20dc04,3.799653999521979,latency-2c8e90119289.csv
1,2c8e90119289,2025-10-21T15:38:16.734707,grail,pseudonym,1,True,9da86a20dc04,3.719213000294985,latency-2c8e90119289.csv
1,2c8e90119289,2025-10-21T15:38:16.843066,grail,about,49,True,9da86a20dc04,3.785762000916293,latency-2c8e90119289.csv
1,2c8e90119289,2025-10-21T15:38:16.951511,shrek3,RAPUNZEL,30,True,9da86a20dc04,3.161226999509381,latency-2c8e90119289.csv
1,2c8e90119289,2025-10-21T15:38:17.059265,shrek3,Shrek,678,True,9da86a20dc04,3.301389999251114,latency-2c8e90119289.csv
1,2c8e90119289,2025-10-21T15:38:17.167489,grail,Launcelot,107,True,9da86a20dc04,4.177085000264924,latency-2c8e90119289.csv
1,2c8e90119289,2025-10-21T15:38:17.276556,shrek,its,1,True,9da86a20dc04,16.21279000028153,latency-2c8e90119289.csv
2,2c8e90119289,2025-10-21T15:38:17.411851,grail,Tm,5,True,9da86a20dc04,4.514835000009043,latency-2c8e90119289.csv
2,2c8e90119289,2025-10-21T15:38:17.522567,shrek3,WHITE,45,True,9da86a20dc04,5.60642500022368,latency-2c8e90119289.csv
2,2c8e90119289,2025-10-21T15:38:17.633683,grail,Gallahad,44,True,9da86a20dc04,6.37575799919432,latency-2c8e90119289.csv
2,2c8e90119289,2025-10-21T15:38:17.745252,grail,G,6,True,9da86a20dc04,5.560035999224056,latency-2c8e90119289.csv
2,2c8e90119289,2025-10-21T15:38:17.856998,grail,Bum,13,True,9da86a20dc04,5.491818999871612,latency-2c8e90119289.csv
2,2c8e90119289,2025-10-21T15:38:17.967049,shrek,tell,25,True,9da86a20dc04,7.034619000478415,latency-2c8e90119289.csv
2,2c8e90119289,2025-10-21T15:38:18.082798,shrek3,you,328,True,9da86a20dc04,9.77329700072005,latency-2c8e90119289.csv
2,2c8e90119289,2025-10-21T15:38:18.198653,shrek,Aah,6,True,9da86a20dc04,3.596542999730445,latency-2c8e90119289.csv
2,2c8e90119289,2025-10-21T15:38:18.307804,grail,Launcelot,107,True,9da86a20dc04,3.447248000156833,latency-2c8e90119289.csv
2,2c8e90119289,2025-10-21T15:38:18.418041,grail,the,1600,True,9da86a20dc04,4.612685999745736,latency-2c8e90119289.csv
2,2c8e90119289,2025-10-21T15:38:18.529211,grail,door,14,True,9da86a20dc04,3.0037329997867346,latency-2c8e90119289.csv
2,2c8e90119289,2025-10-21T15:38:18.636490,shrek3,youre,0,True,9da86a20dc04,2.7728740005841246,latency-2c8e90119289.csv
2,2c8e90119289,2025-10-21T15:38:18.743252,grail,us,32,True,9da86a20dc04,2.6157900010730373,latency-2c8e90119289.csv
2,2c8e90119289,2025-10-21T15:38:18.850295,grail,Auuuuuuuugh,2,True,9da86a20dc04,5.334276998837595,latency-2c8e90119289.csv
2,2c8e90119289,2025-10-21T15:38:18.959215,grail,pseudonym,1,True,9da86a20dc04,3.013241999724414,latency-2c8e90119289.csv
2,2c8e90119289,2025-10-21T15:38:19.070679,grail,about,49,True,9da86a20dc04,2.994222999404883,latency-2c8e90119289.csv
2,2c8e90119289,2025-10-21T15:38:19.178330,shrek3,RAPUNZEL,30,True,9da86a20dc04,2.92740899931232,latency-2c8e90119289.csv
2,2c8e90119289,2025-10-21T15:38:19.285976,shrek3,Shrek,678,True,9da86a20dc04,14.098944999204832,latency-2c8e90119289.csv
2,2c8e90119289,2025-10-21T15:38:19.406680,grail,Launcelot,107,True,9da86a20dc04,4.196088000753662,latency-2c8e90119289.csv
2,2c8e90119289,2025-10-21T15:38:19.516517,shrek,its,1,True,9da86a20dc04,3.711625000505592,latency-2c8e90119289.csv
1,301f4c6f63ac,2025-10-21T15:38:25.839424,shrek3,PUSS,196,True,9da86a20dc04,3.5989040006825235,latency-301f4c6f63ac.csv
1,301f4c6f63ac,2025-10-21T15:38:25.949259,shrek,placed,1,True,9da86a20dc04,4.849132999879657,latency-301f4c6f63ac.csv
1,301f4c6f63ac,2025-10-21T15:38:26.059617,shrek3,boomerang,1,True,9da86a20dc04,4.180273999736528,latency-301f4c6f63ac.csv
1,301f4c6f63ac,2025-10-21T15:38:26.173041,shrek,What,104,True,9da86a20dc04,3.6500349997368176,latency-301f4c6f63ac.csv
1,301f4c6f63ac,2025-10-21T15:38:26.280504,shrek,looks,37,True,9da86a20dc04,5.816986000354518,latency-301f4c6f63ac.csv
1,301f4c6f63ac,2025-10-21T15:38:26.390425,shrek3,Shrek,678,True,9da86a20dc04,3.382556000360637,latency-301f4c6f63ac.csv
1,301f4c6f63ac,2025-10-21T15:38:26.499011,shrek,DONKEY,320,True,9da86a20dc04,3.3466980003140634,latency-301f4c6f63ac.csv
1,301f4c6f63ac,2025-10-21T15:38:26.607067,shrek3,Be,71,True,9da86a20dc04,2.579305999461212,latency-301f4c6f63ac.csv
1,301f4c6f63ac,2025-10-21T15:38:26.712675,grail,Rostmm,1,True,9da86a20dc04,3.471750000244356,latency-301f4c6f63ac.csv
1,301f4c6f63ac,2025-10-21T15:38:26.821697,shrek3,Im,1,True,9da86a20dc04,4.380558000775636,latency-301f4c6f63ac.csv
1,301f4c6f63ac,2025-10-21T15:38:26.932728,shrek3,him,87,True,9da86a20dc04,2.8275999993638834,latency-301f4c6f63ac.csv
1,301f4c6f63ac,2025-10-21T15:38:27.038806,shrek3,to,511,True,9da86a20dc04,2.1969259996694745,latency-301f4c6f63ac.csv
1,301f4c6f63ac,2025-10-21T15:38:27.143790,shrek,a,305,True,9da86a20dc04,2.2558640011993703,latency-301f4c6f63ac.csv
1,301f4c6f63ac,2025-10-21T15:38:27.249236,shrek3,did,14,True,9da86a20dc04,5.092222998428042,latency-301f4c6f63ac.csv
1,301f4c6f63ac,2025-10-21T15:38:27.358789,shrek3,Gingerbread,37,True,9da86a20dc04,4.945319999023923,latency-301f4c6f63ac.csv
1,301f4c6f63ac,2025-10-21T15:38:27.468763,shrek,SHREK,433,True,9da86a20dc04,4.168787001617602,latency-301f4c6f63ac.csv
1,301f4c6f63ac,2025-10-21T15:38:27.576221,grail,them,41,True,9da86a20dc04,3.074188000027789,latency-301f4c6f63ac.csv
1,301f4c6f63ac,2025-10-21T15:38:27.682850,shrek,afraid,8,True,9da86a20dc04,3.218908999770065,latency-301f4c6f63ac.csv
1,301f4c6f63ac,2025-10-21T15:38:27.789126,shrek3,DONKEY,243,True,9da86a20dc04,6.836599999587634,latency-301f4c6f63ac.csv
1,301f4c6f63ac,2025-10-21T15:38:27.902176,grail,with/,0,True,9da86a20dc04,3.3154259999719216,latency-301f4c6f63ac.csv
2,301f4c6f63ac,2025-10-21T15:38:28.008907,shrek3,PUSS,196,True,9da86a20dc04,4.342700998677174,latency-301f4c6f63ac.csv
2,301f4c6f63ac,2025-10-21T15:38:28.116735,shrek,placed,1,True,9da86a20dc04,5.926363000980928,latency-301f4c6f63ac.csv
2,301f4c6f63ac,2025-10-21T15:38:28.226281,shrek3,boomerang,1,True,9da86a20dc04,7.638972998393001,latency-301f4c6f63ac.csv
2,301f4c6f63ac,2025-10-21T15:38:28.341288,shrek,What,104,True,9da86a20dc04,3.766477000681334,latency-301f4c6f63ac.csv
2,301f4c6f63ac,2025-10-21T15:38:28.450196,shrek,looks,37,True,9da86a20dc04,2.868047000447405,latency-301f4c6f63ac.csv
2,301f4c6f63ac,2025-10-21T15:38:28.557429,shrek3,Shrek,678,True,9da86a20dc04,2.535345000069356,latency-301f4c6f63ac.csv
2,301f4c6f63ac,2025-10-21T15:38:28.664077,shrek,DONKEY,320,True,9da86a20dc04,4.233157000271604,latency-301f4c6f63ac.csv
2,301f4c6f63ac,2025-10-21T15:38:28.772830,shrek3,Be,71,True,9da86a20dc04,2.2623530003329506,latency-301f4c6f63ac.csv
2,301f4c6f63ac,2025-10-21T15:38:28.878447,grail,Rostmm,1,True,9da86a20dc04,3.491105000648531,latency-301f4c6f63ac.csv
2,301f4c6f63ac,2025-10-21T15:38:28.985437,shrek3,Im,1,True,9da86a20dc04,2.3900679989310447,latency-301f4c6f63ac.csv
2,301f4c6f63ac,2025-10-21T15:38:29.091300,shrek3,him,87,True,9da86a20dc04,4.360595999969519,latency-301f4c6f63ac.csv
2,301f4c6f63ac,2025-10-21T15:38:29.199775,shrek3,to,511,True,9da86a20dc04,2.3061159990902524,latency-301f4c6f63ac.csv
2,301f4c6f63ac,2025-10-21T15:38:29.305930,shrek,a,305,True,9da86a20dc04,4.747250000946224,latency-301f4c6f63ac.csv
2,301f4c6f63ac,2025-10-21T15:38:29.415049,shrek3,did,14,True,9da86a20dc04,3.207170999303344,latency-301f4c6f63ac.csv
2,301f4c6f63ac,2025-10-21T15:38:29.521922,shrek3,Gingerbread,37,True,9da86a20dc04,3.800267999395146,latency-301f4c6f63ac.csv
2,301f4c6f63ac,2025-10-21T15:38:29.629302,shrek,SHREK,433,True,9da86a20dc04,3.6283839999669,latency-301f4c6f63ac.csv
2,301f4c6f63ac,2025-10-21T15:38:29.736893,grail,them,41,True,9da86a20dc04,3.433593999943696,latency-301f4c6f63ac.csv
2,301f4c6f63ac,2025-10-21T15:38:29.844159,shrek,afraid,8,True,9da86a20dc04,4.639243999918108,latency-301f4c6f63ac.csv
2,301f4c6f63ac,2025-10-21T15:38:29.954298,shrek3,DONKEY,243,True,9da86a20dc04,3.589056999771856,latency-301f4c6f63ac.csv
2,301f4c6f63ac,2025-10-21T15:38:30.061672,grail,with/,0,True,9da86a20dc04,7.152518999646418,latency-301f4c6f63ac.csv
1,321a4089e360,2025-10-21T15:38:06.109960,grail,going,21,False,9da86a20dc04,8.89587500023481,latency-321a4089e360.csv
1,321a4089e360,2025-10-21T15:38:06.222937,grail,witch,30,True,9da86a20dc04,12.20512600048096,latency-321a4089e360.csv
1,321a4089e360,2025-10-21T15:38:06.345487,shrek,you,409,True,9da86a20dc04,16.82457100105239,latency-321a4089e360.csv
1,321a4089e360,2025-10-21T15:38:06.477927,shrek3,Guards,23,True,9da86a20dc04,3.124544000456808,latency-321a4089e360.csv
1,321a4089e360,2025-10-21T15:38:06.585039,shrek,What,104,True,9da86a20dc04,2.949724999780301,latency-321a4089e360.csv
1,321a4089e360,2025-10-21T15:38:06.691648,grail,the,1600,True,9da86a20dc04,5.039110999859986,latency-321a4089e360.csv
1,321a4089e360,2025-10-21T15:38:06.801878,shrek3,get,39,True,9da86a20dc04,4.0564829996583285,latency-321a4089e360.csv
1,321a4089e360,2025-10-21T15:38:06.910084,shrek,SHREK,433,True,9da86a20dc04,8.92895899960422,latency-321a4089e360.csv
1,321a4089e360,2025-10-21T15:38:07.022715,shrek3,"meet""",0,True,9da86a20dc04,9.819630000492907,latency-321a4089e360.csv
1,321a4089e360,2025-10-21T15:38:07.140536,shrek,after,10,True,9da86a20dc04,21.50337900093291,latency-321a4089e360.csv
1,321a4089e360,2025-10-21T15:38:07.273592,shrek,MAN,38,True,9da86a20dc04,16.673013000399806,latency-321a4089e360.csv
1,321a4089e360,2025-10-21T15:38:07.407679,grail,Bridge,30,True,9da86a20dc04,4.5559820009657415,latency-321a4089e360.csv
1,321a4089e360,2025-10-21T15:38:07.517098,shrek,FIONA,211,True,9da86a20dc04,6.379350999850431,latency-321a4089e360.csv
1,321a4089e360,2025-10-21T15:38:07.627582,shrek,old,10,True,9da86a20dc04,3.87412500094797,latency-321a4089e360.csv
1,321a4089e360,2025-10-21T15:38:07.735401,shrek3,CHARMING,232,True,9da86a20dc04,4.77362400124548,latency-321a4089e360.csv
1,321a4089e360,2025-10-21T15:38:07.846262,shrek,FARQUAAD,84,True,9da86a20dc04,5.761331000030623,latency-321a4089e360.csv
1,321a4089e360,2025-10-21T15:38:07.956496,shrek3,ARTIE,213,True,9da86a20dc04,3.5819730001094285,latency-321a4089e360.csv
1,321a4089e360,2025-10-21T15:38:08.063946,shrek3,Shrek,678,True,9da86a20dc04,3.669423000246752,latency-321a4089e360.csv
1,321a4089e360,2025-10-21T15:38:08.171550,shrek3,get,39,True,9da86a20dc04,5.16599599905021,latency-321a4089e360.csv
1,321a4089e360,2025-10-21T15:38:08.285767,grail,Eolio,2,True,9da86a20dc04,4.753459999847109,latency-321a4089e360.csv
2,321a4089e360,2025-10-21T15:38:08.396100,grail,going,21,True,9da86a20dc04,5.111844000566634,latency-321a4089e360.csv
2,321a4089e360,2025-10-21T15:38:08.505973,grail,witch,30,True,9da86a20dc04,5.396907999966061,latency-321a4089e360.csv
2,321a4089e360,2025-10-21T15:38:08.616379,shrek,you,409,True,9da86a20dc04,4.903180999463075,latency-321a4089e360.csv
2,321a4089e360,2025-10-21T15:38:08.732359,shrek3,Guards,23,True,9da86a20dc04,4.615755000486388,latency-321a4089e360.csv
2,321a4089e360,2025-10-21T15:38:08.849109,shrek,What,104,True,9da86a20dc04,4.994217000785284,latency-321a4089e360.csv
2,321a4089e360,2025-10-21T15:38:08.963137,grail,the,1600,True,9da86a20dc04,7.108802999937325,latency-321a4089e360.csv
2,321a4089e360,2025-10-21T15:38:09.095017,shrek3,get,39,True,9da86a20dc04,7.965090999277891,latency-321a4089e360.csv
2,321a4089e360,2025-10-21T15:38:09.216229,shrek,SHREK,433,True,9da86a20dc04,9.397261001140578,latency-321a4089e360.csv
2,321a4089e360,2025-10-21T15:38:09.334498,shrek3,"meet""",0,True,9da86a20dc04,40.010317999986,latency-321a4089e360.csv
2,321a4089e360,2025-10-21T15:38:09.498343,shrek,after,10,True,9da86a20dc04,29.878972000005888,latency-321a4089e360.csv
2,321a4089e360,2025-10-21T15:38:09.646796,shrek,MAN,38,True,9da86a20dc04,4.549762001261115,latency-321a4089e360.csv
2,321a4089e360,2025-10-21T15:38:09.758437,grail,Bridge,30,True,9da86a20dc04,9.307345000706846,latency-321a4089e360.csv
2,321a4089e360,2025-10-21T15:38:09.872380,shrek,FIONA,211,True,9da86a20dc04,21.074174999739625,latency-321a4089e360.csv
2,321a4089e360,2025-10-21T15:38:10.007165,shrek,old,10,True,9da86a20dc04,4.60198600012518,latency-321a4089e360.csv
2,321a4089e360,2025-10-21T15:38:10.116605,shrek3,CHARMING,232,True,9da86a20dc04,9.37786199938273,latency-321a4089e360.csv
2,321a4089e360,2025-10-21T15:38:10.231097,shrek,FARQUAAD,84,True,9da86a20dc04,3.820116999122547,latency-321a4089e360.csv
2,321a4089e360,2025-10-21T15:38:10.339290,shrek3,ARTIE,213,True,9da86a20dc04,4.548363000139943,latency-321a4089e360.csv
2,321a4089e360,2025-10-21T15:38:10.449544,shrek3,Shrek,678,True,9da86a20dc04,4.370861001007143,latency-321a4089e360.csv
2,321a4089e360,2025-10-21T15:38:10.558239,shrek3,get,39,True,9da86a20dc04,14.617486998758976,latency-321a4089e360.csv
2,321a4089e360,2025-10-21T15:38:10.677097,grail,Eolio,2,True,9da86a20dc04,22.016316001099767,latency-321a4089e360.csv
1,341f7b143356,2025-10-21T15:37:58.870929,shrek,I,386,False,9da86a20dc04,37.13330699974904,latency-341f7b143356.csv
1,341f7b143356,2025-10-21T15:37:59.013245,shrek,the,535,True,9da86a20dc04,25.699403000544407,latency-341f7b143356.csv
1,341f7b143356,2025-10-21T15:37:59.163045,grail,Christ,8,False,9da86a20dc04,29.34552599981544,latency-341f7b143356.csv
1,341f7b143356,2025-10-21T15:37:59.309645,grail,TV,2,True,9da86a20dc04,23.66428900131723,latency-341f7b143356.csv
1,341f7b143356,2025-10-21T15:37:59.476284,shrek,gone,3,False,9da86a20dc04,11.738270000932973,latency-341f7b143356.csv
1,341f7b143356,2025-10-21T15:37:59.603112,shrek3,dat,1,True,9da86a20dc04,10.11090500105638,latency-341f7b143356.csv
1,341f7b143356,2025-10-21T15:37:59.718257,shrek3,DWARF,10,False,9da86a20dc04,25.97905399852607,latency-341f7b143356.csv
1,341f7b143356,2025-10-21T15:37:59.879526,grail,"lute,",0,False,9da86a20dc04,18.54554300007294,latency-341f7b143356.csv
1,341f7b143356,2025-10-21T15:38:00.014181,grail,at,104,False,9da86a20dc04,42.2790199991141,latency-341f7b143356.csv
1,341f7b143356,2025-10-21T15:38:00.167628,shrek3,of,275,True,9da86a20dc04,22.207764000995667,latency-341f7b143356.csv
1,341f7b143356,2025-10-21T15:38:00.314001,grail,to,718,True,9da86a20dc04,19.0803909990791,latency-341f7b143356.csv
1,341f7b143356,2025-10-21T15:38:00.439266,shrek3,ruby,1,False,9da86a20dc04,17.507816999568604,latency-341f7b143356.csv
1,341f7b143356,2025-10-21T15:38:00.562888,grail,the,1600,True,9da86a20dc04,7.365765999566065,latency-341f7b143356.csv
1,341f7b143356,2025-10-21T15:38:00.675662,grail,Ecky-Ecky-Ecky,1,False,9da86a20dc04,20.798584999283776,latency-341f7b143356.csv
1,341f7b143356,2025-10-21T15:38:00.807719,shrek3,field,3,True,9da86a20dc04,3.672025999549078,latency-341f7b143356.csv
1,341f7b143356,2025-10-21T15:38:00.915178,grail,Ecky-Ecky-Ecky,1,True,9da86a20dc04,4.527392999079893,latency-341f7b143356.csv
1,341f7b143356,2025-10-21T15:38:01.024048,shrek3,Final,119,False,9da86a20dc04,22.504776999994647,latency-341f7b143356.csv
1,341f7b143356,2025-10-21T15:38:01.156775,grail,(as,0,False,9da86a20dc04,30.04397800032166,latency-341f7b143356.csv
1,341f7b143356,2025-10-21T15:38:01.292843,shrek,afraid,8,True,9da86a20dc04,10.856609000256867,latency-341f7b143356.csv
1,341f7b143356,2025-10-21T15:38:01.420012,shrek3,us,12,True,9da86a20dc04,17.338449999442673,latency-341f7b143356.csv
2,341f7b143356,2025-10-21T15:38:01.554768,shrek,I,386,True,9da86a20dc04,7.968211000843439,latency-341f7b143356.csv
2,341f7b143356,2025-10-21T15:38:01.672565,shrek,the,535,True,9da86a20dc04,6.322163999357144,latency-341f7b143356.csv
2,341f7b143356,2025-10-21T15:38:01.784884,grail,Christ,8,True,9da86a20dc04,16.501149999385234,latency-341f7b143356.csv
2,341f7b143356,2025-10-21T15:38:01.906444,grail,TV,2,True,9da86a20dc04,29.130814000382088,latency-341f7b143356.csv
2,341f7b143356,2025-10-21T15:38:02.066901,shrek,gone,3,True,9da86a20dc04,8.137307000652072,latency-341f7b143356.csv
2,341f7b143356,2025-10-21T15:38:02.196583,shrek3,dat,1,True,9da86a20dc04,19.20914499896753,latency-341f7b143356.csv
2,341f7b143356,2025-10-21T15:38:02.350895,shrek3,DWARF,10,True,9da86a20dc04,51.0669940013031,latency-341f7b143356.csv
2,341f7b143356,2025-10-21T15:38:02.521649,grail,"lute,",0,True,9da86a20dc04,40.27512900029251,latency-341f7b143356.csv
2,341f7b143356,2025-10-21T15:38:02.691554,grail,at,104,True,9da86a20dc04,31.76297599929967,latency-341f7b143356.csv
2,341f7b143356,2025-10-21T15:38:02.854555,shrek3,of,275,True,9da86a20dc04,6.313772999419598,latency-341f7b143356.csv
2,341f7b143356,2025-10-21T15:38:02.976290,grail,to,718,True,9da86a20dc04,3.7006230013503223,latency-341f7b143356.csv
2,341f7b143356,2025-10-21T15:38:03.084203,shrek3,ruby,1,True,9da86a20dc04,29.467956001099083,latency-341f7b143356.csv
2,341f7b143356,2025-10-21T15:38:03.228658,grail,the,1600,True,9da86a20dc04,46.69932499928109,latency-341f7b143356.csv
2,341f7b143356,2025-10-21T15:38:03.389988,grail,Ecky-Ecky-Ecky,1,True,9da86a20dc04,22.127399999590125,latency-341f7b143356.csv
2,341f7b143356,2025-10-21T15:38:03.542111,shrek3,field,3,True,9da86a20dc04,3.665106998596457,latency-341f7b143356.csv
2,341f7b143356,2025-10-21T15:38:03.650246,grail,Ecky-Ecky-Ecky,1,True,9da86a20dc04,4.616830001396011,latency-341f7b143356.csv
2,341f7b143356,2025-10-21T15:38:03.759247,shrek3,Final,119,True,9da86a20dc04,21.010004998970544,latency-341f7b143356.csv
2,341f7b143356,2025-10-21T15:38:03.890229,grail,(as,0,True,9da86a20dc04,28.777069999705414,latency-341f7b143356.csv
2,341f7b143356,2025-10-21T15:38:04.033595,shrek,afraid,8,True,9da86a20dc04,25.799259999985225,latency-341f7b143356.csv
2,341f7b143356,2025-10-21T15:38:04.176392,shrek3,us,12,True,9da86a20dc04,5.9895850008615525,latency-341f7b143356.csv
1,3447c3147f7b,2025-10-21T15:38:22.106661,shrek,tell,25,True,9da86a20dc04,5.425823999757995,latency-3447c3147f7b.csv
1,3447c3147f7b,2025-10-21T15:38:22.220524,shrek,true,20,True,9da86a20dc04,10.170510000534705,latency-3447c3147f7b.csv
1,3447c3147f7b,2025-10-21T15:38:22.346915,shrek3,youre,0,True,9da86a20dc04,4.173675000856747,latency-3447c3147f7b.csv
1,3447c3147f7b,2025-10-21T15:38:22.456404,grail,and,722,True,9da86a20dc04,2.672348999112728,latency-3447c3147f7b.csv
1,3447c3147f7b,2025-10-21T15:38:22.562230,shrek,will,16,True,9da86a20dc04,4.34006600153225,latency-3447c3147f7b.csv
1,3447c3147f7b,2025-10-21T15:38:22.670655,shrek,Is,132,True,9da86a20dc04,3.281377001258079,latency-3447c3147f7b.csv
1,3447c3147f7b,2025-10-21T15:38:22.777293,grail,with/,0,True,9da86a20dc04,3.278015001342282,latency-3447c3147f7b.csv
1,3447c3147f7b,2025-10-21T15:38:22.883643,shrek,on,88,True,9da86a20dc04,4.2240410002705175,latency-3447c3147f7b.csv
1,3447c3147f7b,2025-10-21T15:38:22.991367,grail,LANCELOT,59,True,9da86a20dc04,8.309484001074452,latency-3447c3147f7b.csv
1,3447c3147f7b,2025-10-21T15:38:23.107780,shrek3,the,1285,True,9da86a20dc04,8.513820999723976,latency-3447c3147f7b.csv
1,3447c3147f7b,2025-10-21T15:38:23.225205,shrek,swamp,18,True,9da86a20dc04,7.220760999189224,latency-3447c3147f7b.csv
1,3447c3147f7b,2025-10-21T15:38:23.340072,shrek,a,305,True,9da86a20dc04,8.821583000099054,latency-3447c3147f7b.csv
1,3447c3147f7b,2025-10-21T15:38:23.462176,shrek,afraid,8,True,9da86a20dc04,2.616259998831083,latency-3447c3147f7b.csv
1,3447c3147f7b,2025-10-21T15:38:23.569012,shrek3,the,1285,True,9da86a20dc04,2.494182001100853,latency-3447c3147f7b.csv
1,3447c3147f7b,2025-10-21T15:38:23.675008,shrek,INSIDE,16,True,9da86a20dc04,4.906671998469392,latency-3447c3147f7b.csv
1,3447c3147f7b,2025-10-21T15:38:23.784498,grail,are,114,True,9da86a20dc04,3.974282999479328,latency-3447c3147f7b.csv
1,3447c3147f7b,2025-10-21T15:38:23.892892,shrek,I,386,True,9da86a20dc04,5.929521999860299,latency-3447c3147f7b.csv
1,3447c3147f7b,2025-10-21T15:38:24.007687,grail,Footnote,4,True,9da86a20dc04,2.47641700116219,latency-3447c3147f7b.csv
1,3447c3147f7b,2025-10-21T15:38:24.113224,grail,sell,1,True,9da86a20dc04,4.18065700068837,latency-3447c3147f7b.csv
1,3447c3147f7b,2025-10-21T15:38:24.221796,shrek,Is,132,True,9da86a20dc04,3.5800839996227296,latency-3447c3147f7b.csv
2,3447c3147f7b,2025-10-21T15:38:24.330504,shrek,tell,25,True,9da86a20dc04,3.802339000685606,latency-3447c3147f7b.csv
2,3447c3147f7b,2025-10-21T15:38:24.438445,shrek,true,20,True,9da86a20dc04,2.955883001050097,latency-3447c3147f7b.csv
2,3447c3147f7b,2025-10-21T15:38:24.544798,shrek3,youre,0,True,9da86a20dc04,2.8980489987588958,latency-3447c3147f7b.csv
2,3447c3147f7b,2025-10-21T15:38:24.651082,grail,and,722,True,9da86a20dc04,2.6263429990649456,latency-3447c3147f7b.csv
2,3447c3147f7b,2025-10-21T15:38:24.756658,shrek,will,16,True,9da86a20dc04,2.424116000838694,latency-3447c3147f7b.csv
2,3447c3147f7b,2025-10-21T15:38:24.862111,shrek,Is,132,True,9da86a20dc04,3.4337140004936373,latency-3447c3147f7b.csv
2,3447c3147f7b,2025-10-21T15:38:24.969907,grail,with/,0,True,9da86a20dc04,5.392131999542471,latency-3447c3147f7b.csv
2,3447c3147f7b,2025-10-21T15:38:25.079206,shrek,on,88,True,9da86a20dc04,3.097361000982346,latency-3447c3147f7b.csv
2,3447c3147f7b,2025-10-21T15:38:25.186709,grail,LANCELOT,59,True,9da86a20dc04,5.036304999521235,latency-3447c3147f7b.csv
2,3447c3147f7b,2025-10-21T15:38:25.295555,shrek3,the,1285,True,9da86a20dc04,6.211001000338001,latency-3447c3147f7b.csv
2,3447c3147f7b,2025-10-21T15:38:25.406427,shrek,swamp,18,True,9da86a20dc04,9.35237900011998,latency-3447c3147f7b.csv
2,3447c3147f7b,2025-10-21T15:38:25.521713,shrek,a,305,True,9da86a20dc04,3.1533260007563517,latency-3447c3147f7b.csv
2,3447c3147f7b,2025-10-21T15:38:25.629979,shrek,afraid,8,True,9da86a20dc04,8.602853000411415,latency-3447c3147f7b.csv
2,3447c3147f7b,2025-10-21T15:38:25.743604,shrek3,the,1285,True,9da86a20dc04,2.568536001490429,latency-3447c3147f7b.csv
2,3447c3147f7b,2025-10-21T15:38:25.850065,shrek,INSIDE,16,True,9da86a20dc04,4.58980000075826,latency-3447c3147f7b.csv
2,3447c3147f7b,2025-10-21T15:38:25.962207,grail,are,114,True,9da86a20dc04,2.575441001681611,latency-3447c3147f7b.csv
2,3447c3147f7b,2025-10-21T15:38:26.068605,shrek,I,386,True,9da86a20dc04,9.785424001165666,latency-3447c3147f7b.csv
2,3447c3147f7b,2025-10-21T15:38:26.189258,grail,Footnote,4,True,9da86a20dc04,3.507018000163953,latency-3447c3147f7b.csv
2,3447c3147f7b,2025-10-21T15:38:26.298287,grail,sell,1,True,9da86a20dc04,3.455428000961547,latency-3447c3147f7b.csv
2,3447c3147f7b,2025-10-21T15:38:26.408358,shrek,Is,132,True,9da86a20dc04,4.187132000879501,latency-3447c3147f7b.csv
1,370317affd31,2025-10-21T15:38:00.380953,shrek3,the,1285,True,9da86a20dc04,7.90767800026515,latency-370317affd31.csv
1,370317affd31,2025-10-21T15:38:00.492614,grail,the,1600,True,9da86a20dc04,5.166958000700106,latency-370317affd31.csv
1,370317affd31,2025-10-21T15:38:00.602655,shrek,happily,2,False,9da86a20dc04,10.380214000178968,latency-370317affd31.csv
1,370317affd31,2025-10-21T15:38:00.716806,grail,To,718,True,9da86a20dc04,11.418115000196847,latency-370317affd31.csv
1,370317affd31,2025-10-21T15:38:00.832127,grail,Guard,106,False,9da86a20dc04,20.303804998548003,latency-370317affd31.csv
1,370317affd31,2025-10-21T15:38:00.970315,shrek,Aah,6,False,9da86a20dc04,34.64907700072217,latency-370317affd31.csv
1,370317affd31,2025-10-21T15:38:01.121677,grail,right,66,True,9da86a20dc04,22.792866999225225,latency-370317affd31.csv
1,370317affd31,2025-10-21T15:38:01.264180,shrek3,CAPTAIN,41,True,9da86a20dc04,3.8814630006527295,latency-370317affd31.csv
1,370317affd31,2025-10-21T15:38:01.372345,shrek,way,26,True,9da86a20dc04,4.470089999813354,latency-370317affd31.csv
1,370317affd31,2025-10-21T15:38:01.481530,grail,"lute,",0,True,9da86a20dc04,4.650495000532828,latency-370317affd31.csv
1,370317affd31,2025-10-21T15:38:01.590292,shrek3,get,39,True,9da86a20dc04,20.16519600147149,latency-370317affd31.csv
1,370317affd31,2025-10-21T15:38:01.729614,grail,toward,10,False,9da86a20dc04,47.16968399952748,latency-370317affd31.csv
1,370317affd31,2025-10-21T15:38:01.890556,shrek3,them,44,False,9da86a20dc04,32.972511999105336,latency-370317affd31.csv
1,370317affd31,2025-10-21T15:38:02.062710,shrek3,dat,1,True,9da86a20dc04,4.152248000536929,latency-370317affd31.csv
1,370317affd31,2025-10-21T15:38:02.190388,shrek,and,318,True,9da86a20dc04,14.462950000961428,latency-370317affd31.csv
1,370317affd31,2025-10-21T15:38:02.311472,shrek,SHREK,433,True,9da86a20dc04,56.47268400025496,latency-370317affd31.csv
1,370317affd31,2025-10-21T15:38:02.506059,grail,“I,0,True,9da86a20dc04,3.9514099989901297,latency-370317affd31.csv
1,370317affd31,2025-10-21T15:38:02.614238,shrek,help,5,False,9da86a20dc04,78.28482299919415,latency-370317affd31.csv
1,370317affd31,2025-10-21T15:38:02.826186,grail,and,722,False,9da86a20dc04,13.217170999269,latency-370317affd31.csv
1,370317affd31,2025-10-21T15:38:02.947189,grail,19Prince,0,True,9da86a20dc04,20.64983299896994,latency-370317affd31.csv
2,370317affd31,2025-10-21T15:38:03.075589,shrek3,the,1285,True,9da86a20dc04,35.71704800015141,latency-370317affd31.csv
2,370317affd31,2025-10-21T15:38:03.226424,grail,the,1600,True,9da86a20dc04,23.19664899914642,latency-370317affd31.csv
2,370317affd31,2025-10-21T15:38:03.381972,shrek,happily,2,True,9da86a20dc04,4.790843000591849,latency-370317affd31.csv
2,370317affd31,2025-10-21T15:38:03.497416,grail,To,718,True,9da86a20dc04,3.3567440004844684,latency-370317affd31.csv
2,370317affd31,2025-10-21T15:38:03.604983,grail,Guard,106,True,9da86a20dc04,17.031493000104092,latency-370317affd31.csv
2,370317affd31,2025-10-21T15:38:03.735480,shrek,Aah,6,True,9da86a20dc04,32.28623399991193,latency-370317affd31.csv
2,370317affd31,2025-10-21T15:38:03.887729,grail,right,66,True,9da86a20dc04,28.834701000960195,latency-370317affd31.csv
2,370317affd31,2025-10-21T15:38:04.033007,shrek3,CAPTAIN,41,True,9da86a20dc04,13.253156999780913,latency-370317affd31.csv
2,370317affd31,2025-10-21T15:38:04.172826,shrek,way,26,True,9da86a20dc04,3.8472480009659193,latency-370317affd31.csv
2,370317affd31,2025-10-21T15:38:04.282720,grail,"lute,",0,True,9da86a20dc04,3.598940000301809,latency-370317affd31.csv
2,370317affd31,2025-10-21T15:38:04.390959,shrek3,get,39,True,9da86a20dc04,15.326545000789338,latency-370317affd31.csv
2,370317affd31,2025-10-21T15:38:04.513198,grail,toward,10,True,9da86a20dc04,15.187842000159437,latency-370317affd31.csv
2,370317affd31,2025-10-21T15:38:04.639793,shrek3,them,44,True,9da86a20dc04,9.286162001444607,latency-370317affd31.csv
2,370317affd31,2025-10-21T15:38:04.758451,shrek3,dat,1,True,9da86a20dc04,21.132351999767707,latency-370317affd31.csv
2,370317affd31,2025-10-21T15:38:04.905173,shrek,and,318,True,9da86a20dc04,5.743736999647808,latency-370317affd31.csv
2,370317affd31,2025-10-21T15:38:05.019812,shrek,SHREK,433,True,9da86a20dc04,3.7336999994295184,latency-370317affd31.csv
2,370317affd31,2025-10-21T15:38:05.127443,grail,“I,0,True,9da86a20dc04,2.965184999993653,latency-370317affd31.csv
2,370317affd31,2025-10-21T15:38:05.234818,shrek,help,5,True,9da86a20dc04,5.476709000504343,latency-370317affd31.csv
2,370317affd31,2025-10-21T15:38:05.344713,grail,and,722,True,9da86a20dc04,7.912945999123622,latency-370317affd31.csv
2,370317affd31,2025-10-21T15:38:05.457672,grail,19Prince,0,True,9da86a20dc04,10.39965400013898,latency-370317affd31.csv
1,3ae4bb323ab1,2025-10-21T15:38:34.007607,shrek,But,73,True,9da86a20dc04,2.973520000523422,latency-3ae4bb323ab1.csv
1,3ae4bb323ab1,2025-10-21T15:38:34.114892,shrek,"Ha,",0,True,9da86a20dc04,11.5797480011679,latency-3ae4bb323ab1.csv
1,3ae4bb323ab1,2025-10-21T15:38:34.235189,shrek3,PRINCE,207,True,9da86a20dc04,33.48726799958968,latency-3ae4bb323ab1.csv
1,3ae4bb323ab1,2025-10-21T15:38:34.390636,shrek,SHREK,433,True,9da86a20dc04,5.750037000325392,latency-3ae4bb323ab1.csv
1,3ae4bb323ab1,2025-10-21T15:38:34.501778,grail,BEDEVERE,103,True,9da86a20dc04,8.599417998993886,latency-3ae4bb323ab1.csv
1,3ae4bb323ab1,2025-10-21T15:38:34.633979,grail,with/,0,True,9da86a20dc04,4.279724000298302,latency-3ae4bb323ab1.csv
1,3ae4bb323ab1,2025-10-21T15:38:34.743912,shrek,placed,1,True,9da86a20dc04,2.9237019989523105,latency-3ae4bb323ab1.csv
1,3ae4bb323ab1,2025-10-21T15:38:34.850297,shrek3,WHITE,45,True,9da86a20dc04,2.74155300030543,latency-3ae4bb323ab1.csv
1,3ae4bb323ab1,2025-10-21T15:38:34.956688,shrek3,still,18,True,9da86a20dc04,3.2564590001129545,latency-3ae4bb323ab1.csv
1,3ae4bb323ab1,2025-10-21T15:38:35.065102,shrek3,Final,119,True,9da86a20dc04,7.464475000233506,latency-3ae4bb323ab1.csv
1,3ae4bb323ab1,2025-10-21T15:38:35.176699,shrek,who,29,True,9da86a20dc04,2.688360998945427,latency-3ae4bb323ab1.csv
1,3ae4bb323ab1,2025-10-21T15:38:35.283385,shrek3,right,36,True,9da86a20dc04,3.628955999374739,latency-3ae4bb323ab1.csv
1,3ae4bb323ab1,2025-10-21T15:38:35.390943,grail,few,8,True,9da86a20dc04,2.520947000448359,latency-3ae4bb323ab1.csv
1,3ae4bb323ab1,2025-10-21T15:38:35.496734,shrek,not,50,True,9da86a20dc04,5.646781999530504,latency-3ae4bb323ab1.csv
1,3ae4bb323ab1,2025-10-21T15:38:35.607344,shrek3,SCHOOL,14,True,9da86a20dc04,9.355141999549232,latency-3ae4bb323ab1.csv
1,3ae4bb323ab1,2025-10-21T15:38:35.720696,shrek3,them,44,True,9da86a20dc04,9.818075001021498,latency-3ae4bb323ab1.csv
1,3ae4bb323ab1,2025-10-21T15:38:35.835790,grail,music,21,True,9da86a20dc04,5.90441600070335,latency-3ae4bb323ab1.csv
1,3ae4bb323ab1,2025-10-21T15:38:35.949417,shrek,field,4,True,9da86a20dc04,11.448936998931458,latency-3ae4bb323ab1.csv
1,3ae4bb323ab1,2025-10-21T15:38:36.078512,shrek,and,318,True,9da86a20dc04,2.578357998572756,latency-3ae4bb323ab1.csv
1,3ae4bb323ab1,2025-10-21T15:38:36.184994,shrek,And,318,True,9da86a20dc04,2.263672999106348,latency-3ae4bb323ab1.csv
2,3ae4bb323ab1,2025-10-21T15:38:36.290695,shrek,But,73,True,9da86a20dc04,2.524392999475822,latency-3ae4bb323ab1.csv
2,3ae4bb323ab1,2025-10-21T15:38:36.397036,shrek,"Ha,",0,True,9da86a20dc04,4.196636999040493,latency-3ae4bb323ab1.csv
2,3ae4bb323ab1,2025-10-21T15:38:36.507278,shrek3,PRINCE,207,True,9da86a20dc04,2.745428999332944,latency-3ae4bb323ab1.csv
2,3ae4bb323ab1,2025-10-21T15:38:36.613752,shrek,SHREK,433,True,9da86a20dc04,3.917141000783886,latency-3ae4bb323ab1.csv
2,3ae4bb323ab1,2025-10-21T15:38:36.722233,grail,BEDEVERE,103,True,9da86a20dc04,4.62697799957823,latency-3ae4bb323ab1.csv
2,3ae4bb323ab1,2025-10-21T15:38:36.834792,grail,with/,0,True,9da86a20dc04,3.507908000756288,latency-3ae4bb323ab1.csv
2,3ae4bb323ab1,2025-10-21T15:38:36.943723,shrek,placed,1,True,9da86a20dc04,3.1396970007335767,latency-3ae4bb323ab1.csv
2,3ae4bb323ab1,2025-10-21T15:38:37.050248,shrek3,WHITE,45,True,9da86a20dc04,2.8359739990264643,latency-3ae4bb323ab1.csv
2,3ae4bb323ab1,2025-10-21T15:38:37.156665,shrek3,still,18,True,9da86a20dc04,2.9069100000924664,latency-3ae4bb323ab1.csv
2,3ae4bb323ab1,2025-10-21T15:38:37.263940,shrek3,Final,119,True,9da86a20dc04,4.315975000281469,latency-3ae4bb323ab1.csv
2,3ae4bb323ab1,2025-10-21T15:38:37.371299,shrek,who,29,True,9da86a20dc04,3.1690229989180807,latency-3ae4bb323ab1.csv
2,3ae4bb323ab1,2025-10-21T15:38:37.477942,shrek3,right,36,True,9da86a20dc04,4.258042999936151,latency-3ae4bb323ab1.csv
2,3ae4bb323ab1,2025-10-21T15:38:37.586630,grail,few,8,True,9da86a20dc04,4.810105001524789,latency-3ae4bb323ab1.csv
2,3ae4bb323ab1,2025-10-21T15:38:37.696838,shrek,not,50,True,9da86a20dc04,11.844214999655378,latency-3ae4bb323ab1.csv
2,3ae4bb323ab1,2025-10-21T15:38:37.814416,shrek3,SCHOOL,14,True,9da86a20dc04,10.65321500027494,latency-3ae4bb323ab1.csv
2,3ae4bb323ab1,2025-10-21T15:38:37.932671,shrek3,them,44,True,9da86a20dc04,6.5455410003778525,latency-3ae4bb323ab1.csv
2,3ae4bb323ab1,2025-10-21T15:38:38.044108,grail,music,21,True,9da86a20dc04,4.465550000531948,latency-3ae4bb323ab1.csv
2,3ae4bb323ab1,2025-10-21T15:38:38.154610,shrek,field,4,True,9da86a20dc04,3.54986300044402,latency-3ae4bb323ab1.csv
2,3ae4bb323ab1,2025-10-21T15:38:38.263545,shrek,and,318,True,9da86a20dc04,2.7142069993715268,latency-3ae4bb323ab1.csv
2,3ae4bb323ab1,2025-10-21T15:38:38.372831,shrek,And,318,True,9da86a20dc04,3.5307810012454866,latency-3ae4bb323ab1.csv
1,3db3b17a4ee0,2025-10-21T15:38:07.022912,shrek,help,5,True,9da86a20dc04,9.02538699847355,latency-3db3b17a4ee0.csv
1,3db3b17a4ee0,2025-10-21T15:38:07.140164,grail,Jones,7,True,9da86a20dc04,17.852967999715474,latency-3db3b17a4ee0.csv
1,3db3b17a4ee0,2025-10-21T15:38:07.270272,shrek3,SCHOOL,14,True,9da86a20dc04,17.44159899863007,latency-3db3b17a4ee0.csv
1,3db3b17a4ee0,2025-10-21T15:38:07.407793,shrek,Is,132,True,9da86a20dc04,4.637194999304484,latency-3db3b17a4ee0.csv
1,3db3b17a4ee0,2025-10-21T15:38:07.517088,grail,are,114,True,9da86a20dc04,5.805546001283801,latency-3db3b17a4ee0.csv
1,3db3b17a4ee0,2025-10-21T15:38:07.627643,shrek3,Guards,23,True,9da86a20dc04,4.192837001028238,latency-3db3b17a4ee0.csv
1,3db3b17a4ee0,2025-10-21T15:38:07.735518,shrek,not,50,True,9da86a20dc04,5.200190998948528,latency-3db3b17a4ee0.csv
1,3db3b17a4ee0,2025-10-21T15:38:07.845385,shrek3,RAPUNZEL,30,True,9da86a20dc04,5.016204999265028,latency-3db3b17a4ee0.csv
1,3db3b17a4ee0,2025-10-21T15:38:07.955428,grail,of,684,True,9da86a20dc04,4.134587999942596,latency-3db3b17a4ee0.csv
1,3db3b17a4ee0,2025-10-21T15:38:08.063946,shrek3,true,1,True,9da86a20dc04,3.5780090001935605,latency-3db3b17a4ee0.csv
1,3db3b17a4ee0,2025-10-21T15:38:08.171543,shrek,edge,2,False,9da86a20dc04,11.109592000138946,latency-3db3b17a4ee0.csv
1,3db3b17a4ee0,2025-10-21T15:38:08.287280,shrek3,Ahh,8,True,9da86a20dc04,4.094369000085862,latency-3db3b17a4ee0.csv
1,3db3b17a4ee0,2025-10-21T15:38:08.396245,grail,at,104,True,9da86a20dc04,5.55962299949897,latency-3db3b17a4ee0.csv
1,3db3b17a4ee0,2025-10-21T15:38:08.506146,grail,pseudonym,1,True,9da86a20dc04,5.23069500013662,latency-3db3b17a4ee0.csv
1,3db3b17a4ee0,2025-10-21T15:38:08.616424,grail,3,18,False,9da86a20dc04,11.7833630010864,latency-3db3b17a4ee0.csv
1,3db3b17a4ee0,2025-10-21T15:38:08.732725,grail,thus,5,False,9da86a20dc04,10.801301999890711,latency-3db3b17a4ee0.csv
1,3db3b17a4ee0,2025-10-21T15:38:08.850294,grail,the,1600,True,9da86a20dc04,5.786629999420256,latency-3db3b17a4ee0.csv
1,3db3b17a4ee0,2025-10-21T15:38:08.963245,shrek3,ARTIE,213,True,9da86a20dc04,11.667390999718918,latency-3db3b17a4ee0.csv
1,3db3b17a4ee0,2025-10-21T15:38:09.085310,shrek,his,48,True,9da86a20dc04,9.872127999187796,latency-3db3b17a4ee0.csv
1,3db3b17a4ee0,2025-10-21T15:38:09.208067,shrek3,MERLIN,73,True,9da86a20dc04,3.667434000817593,latency-3db3b17a4ee0.csv
2,3db3b17a4ee0,2025-10-21T15:38:09.317914,shrek,help,5,True,9da86a20dc04,5.437839001388056,latency-3db3b17a4ee0.csv
2,3db3b17a4ee0,2025-10-21T15:38:09.427921,grail,Jones,7,True,9da86a20dc04,5.841062000399688,latency-3db3b17a4ee0.csv
2,3db3b17a4ee0,2025-10-21T15:38:09.540382,shrek3,SCHOOL,14,True,9da86a20dc04,13.08590699954948,latency-3db3b17a4ee0.csv
2,3db3b17a4ee0,2025-10-21T15:38:09.659338,shrek,Is,132,True,9da86a20dc04,21.20530199863424,latency-3db3b17a4ee0.csv
2,3db3b17a4ee0,2025-10-21T15:38:09.800720,grail,are,114,True,9da86a20dc04,5.490384999575326,latency-3db3b17a4ee0.csv
2,3db3b17a4ee0,2025-10-21T15:38:09.929061,shrek3,Guards,23,True,9da86a20dc04,4.674453999541584,latency-3db3b17a4ee0.csv
2,3db3b17a4ee0,2025-10-21T15:38:10.041646,shrek,not,50,True,9da86a20dc04,6.685518999802298,latency-3db3b17a4ee0.csv
2,3db3b17a4ee0,2025-10-21T15:38:10.158283,shrek3,RAPUNZEL,30,True,9da86a20dc04,24.4281890009006,latency-3db3b17a4ee0.csv
2,3db3b17a4ee0,2025-10-21T15:38:10.292573,grail,of,684,True,9da86a20dc04,14.074025000809344,latency-3db3b17a4ee0.csv
2,3db3b17a4ee0,2025-10-21T15:38:10.416887,shrek3,true,1,True,9da86a20dc04,4.816505999770016,latency-3db3b17a4ee0.csv
2,3db3b17a4ee0,2025-10-21T15:38:10.529067,shrek,edge,2,True,9da86a20dc04,11.853083000460174,latency-3db3b17a4ee0.csv
2,3db3b17a4ee0,2025-10-21T15:38:10.656436,shrek3,Ahh,8,True,9da86a20dc04,3.626494999480201,latency-3db3b17a4ee0.csv
2,3db3b17a4ee0,2025-10-21T15:38:10.764112,grail,at,104,True,9da86a20dc04,4.033675999380648,latency-3db3b17a4ee0.csv
2,3db3b17a4ee0,2025-10-21T15:38:10.871683,grail,pseudonym,1,True,9da86a20dc04,2.780959999654442,latency-3db3b17a4ee0.csv
2,3db3b17a4ee0,2025-10-21T15:38:10.977415,grail,3,18,True,9da86a20dc04,3.309511001134524,latency-3db3b17a4ee0.csv
2,3db3b17a4ee0,2025-10-21T15:38:11.084961,grail,thus,5,True,9da86a20dc04,4.758798999318969,latency-3db3b17a4ee0.csv
2,3db3b17a4ee0,2025-10-21T15:38:11.194100,grail,the,1600,True,9da86a20dc04,4.0269480014103465,latency-3db3b17a4ee0.csv
2,3db3b17a4ee0,2025-10-21T15:38:11.301955,shrek3,ARTIE,213,True,9da86a20dc04,5.63378799961356,latency-3db3b17a4ee0.csv
2,3db3b17a4ee0,2025-10-21T15:38:11.412724,shrek,his,48,True,9da86a20dc04,4.390853999211686,latency-3db3b17a4ee0.csv
2,3db3b17a4ee0,2025-10-21T15:38:11.523045,shrek3,MERLIN,73,True,9da86a20dc04,7.684122998398379,latency-3db3b17a4ee0.csv
1,3ead4a32f274,2025-10-21T15:38:14.074270,grail,of,684,True,9da86a20dc04,3.558507998604909,latency-3ead4a32f274.csv
1,3ead4a32f274,2025-10-21T15:38:14.182694,grail,them,41,True,9da86a20dc04,7.77344199923391,latency-3ead4a32f274.csv
1,3ead4a32f274,2025-10-21T15:38:14.299886,shrek3,to,511,True,9da86a20dc04,5.06994500028668,latency-3ead4a32f274.csv
1,3ead4a32f274,2025-10-21T15:38:14.409905,shrek,INSIDE,16,True,9da86a20dc04,3.5826750008709496,latency-3ead4a32f274.csv
1,3ead4a32f274,2025-10-21T15:38:14.517271,grail,to,718,True,9da86a20dc04,2.3969150006450946,latency-3ead4a32f274.csv
1,3ead4a32f274,2025-10-21T15:38:14.622983,grail,"collective,",0,True,9da86a20dc04,4.587388000800274,latency-3ead4a32f274.csv
1,3ead4a32f274,2025-10-21T15:38:14.735750,shrek3,the,1285,True,9da86a20dc04,7.011461000729469,latency-3ead4a32f274.csv
1,3ead4a32f274,2025-10-21T15:38:14.849111,shrek,its,1,True,9da86a20dc04,2.5727000011102064,latency-3ead4a32f274.csv
1,3ead4a32f274,2025-10-21T15:38:14.954779,shrek3,Shrek,678,True,9da86a20dc04,3.9417320003849454,latency-3ead4a32f274.csv
1,3ead4a32f274,2025-10-21T15:38:15.062971,shrek3,reason,2,True,9da86a20dc04,4.112253000130295,latency-3ead4a32f274.csv
1,3ead4a32f274,2025-10-21T15:38:15.171084,shrek,will,16,True,9da86a20dc04,4.981611999028246,latency-3ead4a32f274.csv
1,3ead4a32f274,2025-10-21T15:38:15.280401,grail,is,317,True,9da86a20dc04,9.86774500051979,latency-3ead4a32f274.csv
1,3ead4a32f274,2025-10-21T15:38:15.396557,shrek3,ARTIE,213,True,9da86a20dc04,8.223595999879763,latency-3ead4a32f274.csv
1,3ead4a32f274,2025-10-21T15:38:15.510567,shrek,DONKEY,320,True,9da86a20dc04,6.498658000055002,latency-3ead4a32f274.csv
1,3ead4a32f274,2025-10-21T15:38:15.622783,shrek,And,318,True,9da86a20dc04,9.624636999433278,latency-3ead4a32f274.csv
1,3ead4a32f274,2025-10-21T15:38:15.739324,shrek,DONKEY,320,True,9da86a20dc04,8.166551000613254,latency-3ead4a32f274.csv
1,3ead4a32f274,2025-10-21T15:38:15.854974,shrek,baby,3,True,9da86a20dc04,4.152912999416003,latency-3ead4a32f274.csv
1,3ead4a32f274,2025-10-21T15:38:15.962998,grail,TV,2,True,9da86a20dc04,3.3443440006522,latency-3ead4a32f274.csv
1,3ead4a32f274,2025-10-21T15:38:16.070016,shrek3,PRINCE,207,True,9da86a20dc04,9.635632999561494,latency-3ead4a32f274.csv
1,3ead4a32f274,2025-10-21T15:38:16.185756,grail,Tm,5,True,9da86a20dc04,9.741223000673926,latency-3ead4a32f274.csv
2,3ead4a32f274,2025-10-21T15:38:16.310143,grail,of,684,True,9da86a20dc04,4.051157999128918,latency-3ead4a32f274.csv
2,3ead4a32f274,2025-10-21T15:38:16.419735,grail,them,41,True,9da86a20dc04,2.2359610011335462,latency-3ead4a32f274.csv
2,3ead4a32f274,2025-10-21T15:38:16.525905,shrek3,to,511,True,9da86a20dc04,2.252923999549239,latency-3ead4a32f274.csv
2,3ead4a32f274,2025-10-21T15:38:16.631190,shrek,INSIDE,16,True,9da86a20dc04,3.6658480003097793,latency-3ead4a32f274.csv
2,3ead4a32f274,2025-10-21T15:38:16.739128,grail,to,718,True,9da86a20dc04,4.292465000617085,latency-3ead4a32f274.csv
2,3ead4a32f274,2025-10-21T15:38:16.847932,grail,"collective,",0,True,9da86a20dc04,4.200807001325302,latency-3ead4a32f274.csv
2,3ead4a32f274,2025-10-21T15:38:16.955671,shrek3,the,1285,True,9da86a20dc04,3.300035999927786,latency-3ead4a32f274.csv
2,3ead4a32f274,2025-10-21T15:38:17.062253,shrek,its,1,True,9da86a20dc04,3.9753750006639166,latency-3ead4a32f274.csv
2,3ead4a32f274,2025-10-21T15:38:17.170325,shrek3,Shrek,678,True,9da86a20dc04,3.6154680001345696,latency-3ead4a32f274.csv
2,3ead4a32f274,2025-10-21T15:38:17.278674,shrek3,reason,2,True,9da86a20dc04,17.010008001307142,latency-3ead4a32f274.csv
2,3ead4a32f274,2025-10-21T15:38:17.411036,shrek,will,16,True,9da86a20dc04,3.325615998619469,latency-3ead4a32f274.csv
2,3ead4a32f274,2025-10-21T15:38:17.521696,grail,is,317,True,9da86a20dc04,5.061988000306883,latency-3ead4a32f274.csv
2,3ead4a32f274,2025-10-21T15:38:17.631842,shrek3,ARTIE,213,True,9da86a20dc04,4.603870000210009,latency-3ead4a32f274.csv
2,3ead4a32f274,2025-10-21T15:38:17.742327,shrek,DONKEY,320,True,9da86a20dc04,5.849916000443045,latency-3ead4a32f274.csv
2,3ead4a32f274,2025-10-21T15:38:17.855874,shrek,And,318,True,9da86a20dc04,4.673233999710647,latency-3ead4a32f274.csv
2,3ead4a32f274,2025-10-21T15:38:17.966590,shrek,DONKEY,320,True,9da86a20dc04,7.027569999991101,latency-3ead4a32f274.csv
2,3ead4a32f274,2025-10-21T15:38:18.082268,shrek,baby,3,True,9da86a20dc04,6.166319000840304,latency-3ead4a32f274.csv
2,3ead4a32f274,2025-10-21T15:38:18.197948,grail,TV,2,True,9da86a20dc04,3.280111001004116,latency-3ead4a32f274.csv
2,3ead4a32f274,2025-10-21T15:38:18.307616,shrek3,PRINCE,207,True,9da86a20dc04,3.4951970010297373,latency-3ead4a32f274.csv
2,3ead4a32f274,2025-10-21T15:38:18.417292,grail,Tm,5,True,9da86a20dc04,3.69791599950986,latency-3ead4a32f274.csv
1,43bdabace0e5,2025-10-21T15:38:20.871641,shrek,"Ha,",0,True,9da86a20dc04,2.6014270006271545,latency-43bdabace0e5.csv
1,43bdabace0e5,2025-10-21T15:38:20.978358,grail,for,118,True,9da86a20dc04,3.406496000025072,latency-43bdabace0e5.csv
1,43bdabace0e5,2025-10-21T15:38:21.086437,grail,witch,30,True,9da86a20dc04,11.635923001449555,latency-43bdabace0e5.csv
1,43bdabace0e5,2025-10-21T15:38:21.206890,grail,Who’s,3,True,9da86a20dc04,3.5759530001087114,latency-43bdabace0e5.csv
1,43bdabace0e5,2025-10-21T15:38:21.315239,shrek3,SHREK,678,True,9da86a20dc04,2.67092799913371,latency-43bdabace0e5.csv
1,43bdabace0e5,2025-10-21T15:38:21.421059,grail,pause,10,True,9da86a20dc04,2.73706299958576,latency-43bdabace0e5.csv
1,43bdabace0e5,2025-10-21T15:38:21.527121,grail,of,684,True,9da86a20dc04,4.300974998841411,latency-43bdabace0e5.csv
1,43bdabace0e5,2025-10-21T15:38:21.636786,shrek3,BOAT,32,True,9da86a20dc04,2.964647999760928,latency-43bdabace0e5.csv
1,43bdabace0e5,2025-10-21T15:38:21.743997,shrek3,BOAT,32,True,9da86a20dc04,2.635998000187101,latency-43bdabace0e5.csv
1,43bdabace0e5,2025-10-21T15:38:21.851165,grail,To,718,True,9da86a20dc04,4.384734000268509,latency-43bdabace0e5.csv
1,43bdabace0e5,2025-10-21T15:38:21.960963,shrek3,fall,6,True,9da86a20dc04,5.161688999578473,latency-43bdabace0e5.csv
1,43bdabace0e5,2025-10-21T15:38:22.070718,shrek3,the,1285,True,9da86a20dc04,2.242234000732424,latency-43bdabace0e5.csv
1,43bdabace0e5,2025-10-21T15:38:22.177002,shrek3,with,112,True,9da86a20dc04,2.523048999137245,latency-43bdabace0e5.csv
1,43bdabace0e5,2025-10-21T15:38:22.283355,shrek,a,305,True,9da86a20dc04,2.925060998677509,latency-43bdabace0e5.csv
1,43bdabace0e5,2025-10-21T15:38:22.389731,shrek,ogre,27,True,9da86a20dc04,3.572846999304602,latency-43bdabace0e5.csv
1,43bdabace0e5,2025-10-21T15:38:22.497265,grail,elected,2,True,9da86a20dc04,6.350186000418034,latency-43bdabace0e5.csv
1,43bdabace0e5,2025-10-21T15:38:22.607756,shrek3,did,14,True,9da86a20dc04,8.027301999391057,latency-43bdabace0e5.csv
1,43bdabace0e5,2025-10-21T15:38:22.719652,grail,Footnote,4,True,9da86a20dc04,4.304507001506863,latency-43bdabace0e5.csv
1,43bdabace0e5,2025-10-21T15:38:22.829484,grail,them,41,True,9da86a20dc04,4.83134699970833,latency-43bdabace0e5.csv
1,43bdabace0e5,2025-10-21T15:38:22.939308,shrek,at,62,True,9da86a20dc04,6.584495000424795,latency-43bdabace0e5.csv
2,43bdabace0e5,2025-10-21T15:38:23.052427,shrek,"Ha,",0,True,9da86a20dc04,4.502288000367116,latency-43bdabace0e5.csv
2,43bdabace0e5,2025-10-21T15:38:23.160897,grail,for,118,True,9da86a20dc04,8.939181998357526,latency-43bdabace0e5.csv
2,43bdabace0e5,2025-10-21T15:38:23.273880,grail,witch,30,True,9da86a20dc04,3.926519000742701,latency-43bdabace0e5.csv
2,43bdabace0e5,2025-10-21T15:38:23.381237,grail,Who’s,3,True,9da86a20dc04,9.743008000441478,latency-43bdabace0e5.csv
2,43bdabace0e5,2025-10-21T15:38:23.495461,shrek3,SHREK,678,True,9da86a20dc04,5.643726999551291,latency-43bdabace0e5.csv
2,43bdabace0e5,2025-10-21T15:38:23.605617,grail,pause,10,True,9da86a20dc04,4.038832999867736,latency-43bdabace0e5.csv
2,43bdabace0e5,2025-10-21T15:38:23.714672,grail,of,684,True,9da86a20dc04,7.8071230000205105,latency-43bdabace0e5.csv
2,43bdabace0e5,2025-10-21T15:38:23.837933,shrek3,BOAT,32,True,9da86a20dc04,3.919361000953359,latency-43bdabace0e5.csv
2,43bdabace0e5,2025-10-21T15:38:23.946963,shrek3,BOAT,32,True,9da86a20dc04,3.899152001395123,latency-43bdabace0e5.csv
2,43bdabace0e5,2025-10-21T15:38:24.054857,grail,To,718,True,9da86a20dc04,4.085131000465481,latency-43bdabace0e5.csv
2,43bdabace0e5,2025-10-21T15:38:24.162693,shrek3,fall,6,True,9da86a20dc04,11.13219600119919,latency-43bdabace0e5.csv
2,43bdabace0e5,2025-10-21T15:38:24.278960,shrek3,the,1285,True,9da86a20dc04,4.426531999342842,latency-43bdabace0e5.csv
2,43bdabace0e5,2025-10-21T15:38:24.387631,shrek3,with,112,True,9da86a20dc04,6.123277998995036,latency-43bdabace0e5.csv
2,43bdabace0e5,2025-10-21T15:38:24.499837,shrek,a,305,True,9da86a20dc04,5.849612998645171,latency-43bdabace0e5.csv
2,43bdabace0e5,2025-10-21T15:38:24.610514,shrek,ogre,27,True,9da86a20dc04,5.136724999829312,latency-43bdabace0e5.csv
2,43bdabace0e5,2025-10-21T15:38:24.720459,grail,elected,2,True,9da86a20dc04,5.823845000122674,latency-43bdabace0e5.csv
2,43bdabace0e5,2025-10-21T15:38:24.830496,shrek3,did,14,True,9da86a20dc04,5.728098998588393,latency-43bdabace0e5.csv
2,43bdabace0e5,2025-10-21T15:38:24.944035,grail,Footnote,4,True,9da86a20dc04,6.08527200165554,latency-43bdabace0e5.csv
2,43bdabace0e5,2025-10-21T15:38:25.054210,grail,them,41,True,9da86a20dc04,2.685968998775934,latency-43bdabace0e5.csv
2,43bdabace0e5,2025-10-21T15:38:25.160404,shrek,at,62,True,9da86a20dc04,3.323983999507618,latency-43bdabace0e5.csv
1,44b46ea4f8d4,2025-10-21T15:38:25.531850,shrek,SHREK,433,True,9da86a20dc04,4.820461999770487,latency-44b46ea4f8d4.csv
1,44b46ea4f8d4,2025-10-21T15:38:25.644279,shrek,rising,1,True,9da86a20dc04,4.316677999668173,latency-44b46ea4f8d4.csv
1,44b46ea4f8d4,2025-10-21T15:38:25.753321,shrek,"Well,",0,True,9da86a20dc04,2.8823949996876763,latency-44b46ea4f8d4.csv
1,44b46ea4f8d4,2025-10-21T15:38:25.859791,shrek,help,5,True,9da86a20dc04,5.39351999941573,latency-44b46ea4f8d4.csv
1,44b46ea4f8d4,2025-10-21T15:38:25.968863,shrek,DONKEY,320,True,9da86a20dc04,3.147335999528877,latency-44b46ea4f8d4.csv
1,44b46ea4f8d4,2025-10-21T15:38:26.078296,grail,Yeah,13,True,9da86a20dc04,8.063813000262599,latency-44b46ea4f8d4.csv
1,44b46ea4f8d4,2025-10-21T15:38:26.192655,grail,-,259,True,9da86a20dc04,5.455759999676957,latency-44b46ea4f8d4.csv
1,44b46ea4f8d4,2025-10-21T15:38:26.302772,grail,Bum,13,True,9da86a20dc04,4.763405999256065,latency-44b46ea4f8d4.csv
1,44b46ea4f8d4,2025-10-21T15:38:26.412830,shrek3,-,110,True,9da86a20dc04,9.100585999476609,latency-44b46ea4f8d4.csv
1,44b46ea4f8d4,2025-10-21T15:38:26.530891,shrek3,flaming,2,True,9da86a20dc04,3.125066001302912,latency-44b46ea4f8d4.csv
1,44b46ea4f8d4,2025-10-21T15:38:26.638092,shrek3,116,1,True,9da86a20dc04,2.320584999324637,latency-44b46ea4f8d4.csv
1,44b46ea4f8d4,2025-10-21T15:38:26.744456,shrek3,an,51,True,9da86a20dc04,4.149630000028992,latency-44b46ea4f8d4.csv
1,44b46ea4f8d4,2025-10-21T15:38:26.852567,grail,TV,2,True,9da86a20dc04,5.497621999893454,latency-44b46ea4f8d4.csv
1,44b46ea4f8d4,2025-10-21T15:38:26.966267,shrek,and,318,True,9da86a20dc04,3.77846999981557,latency-44b46ea4f8d4.csv
1,44b46ea4f8d4,2025-10-21T15:38:27.073720,shrek3,field,3,True,9da86a20dc04,3.0197220003174152,latency-44b46ea4f8d4.csv
1,44b46ea4f8d4,2025-10-21T15:38:27.181974,shrek,after,10,True,9da86a20dc04,9.180815000945586,latency-44b46ea4f8d4.csv
1,44b46ea4f8d4,2025-10-21T15:38:27.298850,shrek3,Arg,1,True,9da86a20dc04,4.861907998929382,latency-44b46ea4f8d4.csv
1,44b46ea4f8d4,2025-10-21T15:38:27.409886,grail,TV,2,True,9da86a20dc04,3.907923000951996,latency-44b46ea4f8d4.csv
1,44b46ea4f8d4,2025-10-21T15:38:27.517649,shrek,DONKEY,320,True,9da86a20dc04,3.912895999746979,latency-44b46ea4f8d4.csv
1,44b46ea4f8d4,2025-10-21T15:38:27.626656,shrek,GORDO,5,True,9da86a20dc04,2.9963070010126103,latency-44b46ea4f8d4.csv
2,44b46ea4f8d4,2025-10-21T15:38:27.733452,shrek,SHREK,433,True,9da86a20dc04,3.466490001301281,latency-44b46ea4f8d4.csv
2,44b46ea4f8d4,2025-10-21T15:38:27.842061,shrek,rising,1,True,9da86a20dc04,4.587253999488894,latency-44b46ea4f8d4.csv
2,44b46ea4f8d4,2025-10-21T15:38:27.952493,shrek,"Well,",0,True,9da86a20dc04,3.6592140004358953,latency-44b46ea4f8d4.csv
2,44b46ea4f8d4,2025-10-21T15:38:28.060387,shrek,help,5,True,9da86a20dc04,2.747653999904287,latency-44b46ea4f8d4.csv
2,44b46ea4f8d4,2025-10-21T15:38:28.167193,shrek,DONKEY,320,True,9da86a20dc04,3.617172000303981,latency-44b46ea4f8d4.csv
2,44b46ea4f8d4,2025-10-21T15:38:28.274821,grail,Yeah,13,True,9da86a20dc04,3.259306999098044,latency-44b46ea4f8d4.csv
2,44b46ea4f8d4,2025-10-21T15:38:28.382057,grail,-,259,True,9da86a20dc04,2.6962640004057903,latency-44b46ea4f8d4.csv
2,44b46ea4f8d4,2025-10-21T15:38:28.488134,grail,Bum,13,True,9da86a20dc04,3.032214999620919,latency-44b46ea4f8d4.csv
2,44b46ea4f8d4,2025-10-21T15:38:28.594338,shrek3,-,110,True,9da86a20dc04,4.553112999928999,latency-44b46ea4f8d4.csv
2,44b46ea4f8d4,2025-10-21T15:38:28.702873,shrek3,flaming,2,True,9da86a20dc04,3.0476639985863585,latency-44b46ea4f8d4.csv
2,44b46ea4f8d4,2025-10-21T15:38:28.810124,shrek3,116,1,True,9da86a20dc04,3.519036999932723,latency-44b46ea4f8d4.csv
2,44b46ea4f8d4,2025-10-21T15:38:28.917900,shrek3,an,51,True,9da86a20dc04,2.6284710002073552,latency-44b46ea4f8d4.csv
2,44b46ea4f8d4,2025-10-21T15:38:29.024224,grail,TV,2,True,9da86a20dc04,5.233118999967701,latency-44b46ea4f8d4.csv
2,44b46ea4f8d4,2025-10-21T15:38:29.134079,shrek,and,318,True,9da86a20dc04,3.549135000866954,latency-44b46ea4f8d4.csv
2,44b46ea4f8d4,2025-10-21T15:38:29.241584,shrek3,field,3,True,9da86a20dc04,2.5400310005352367,latency-44b46ea4f8d4.csv
2,44b46ea4f8d4,2025-10-21T15:38:29.347987,shrek,after,10,True,9da86a20dc04,6.230920000234619,latency-44b46ea4f8d4.csv
2,44b46ea4f8d4,2025-10-21T15:38:29.458347,shrek3,Arg,1,True,9da86a20dc04,2.7728280001610983,latency-44b46ea4f8d4.csv
2,44b46ea4f8d4,2025-10-21T15:38:29.564514,grail,TV,2,True,9da86a20dc04,5.989276000036625,latency-44b46ea4f8d4.csv
2,44b46ea4f8d4,2025-10-21T15:38:29.675436,shrek,DONKEY,320,True,9da86a20dc04,4.891287999271299,latency-44b46ea4f8d4.csv
2,44b46ea4f8d4,2025-10-21T15:38:29.785883,shrek,GORDO,5,True,9da86a20dc04,7.997452999916277,latency-44b46ea4f8d4.csv
1,4b9dcc9fabbc,2025-10-21T15:37:57.082880,shrek3,toward,14,False,9da86a20dc04,11.908225000297534,latency-4b9dcc9fabbc.csv
1,4b9dcc9fabbc,2025-10-21T15:37:57.199374,shrek,after,10,False,9da86a20dc04,11.449810999693,latency-4b9dcc9fabbc.csv
1,4b9dcc9fabbc,2025-10-21T15:37:57.315450,shrek,SHREK,433,False,9da86a20dc04,12.8712709993124,latency-4b9dcc9fabbc.csv
1,4b9dcc9fabbc,2025-10-21T15:37:57.433428,shrek3,Guards,23,False,9da86a20dc04,12.979323000763545,latency-4b9dcc9fabbc.csv
1,4b9dcc9fabbc,2025-10-21T15:37:57.551837,shrek,token,1,False,9da86a20dc04,10.927885999990394,latency-4b9dcc9fabbc.csv
1,4b9dcc9fabbc,2025-10-21T15:37:57.667752,shrek,DONKEY,320,False,9da86a20dc04,11.37222500074131,latency-4b9dcc9fabbc.csv
1,4b9dcc9fabbc,2025-10-21T15:37:57.783777,shrek,old,10,False,9da86a20dc04,13.789043001452228,latency-4b9dcc9fabbc.csv
1,4b9dcc9fabbc,2025-10-21T15:37:57.901823,grail,Tm,5,False,9da86a20dc04,13.150028000382008,latency-4b9dcc9fabbc.csv
1,4b9dcc9fabbc,2025-10-21T15:37:58.019350,shrek3,SHREK,678,False,9da86a20dc04,29.298360999746365,latency-4b9dcc9fabbc.csv
1,4b9dcc9fabbc,2025-10-21T15:37:58.155081,shrek,transport,1,False,9da86a20dc04,23.605791000591125,latency-4b9dcc9fabbc.csv
1,4b9dcc9fabbc,2025-10-21T15:37:58.285722,shrek,SHREK,433,True,9da86a20dc04,10.929003999990528,latency-4b9dcc9fabbc.csv
1,4b9dcc9fabbc,2025-10-21T15:37:58.401433,grail,ANOTHER,25,False,9da86a20dc04,28.389450000759098,latency-4b9dcc9fabbc.csv
1,4b9dcc9fabbc,2025-10-21T15:37:58.537888,grail,pseudonym,1,False,9da86a20dc04,34.157477000917424,latency-4b9dcc9fabbc.csv
1,4b9dcc9fabbc,2025-10-21T15:37:58.676334,shrek3,PRINCE,207,False,9da86a20dc04,19.83436299997265,latency-4b9dcc9fabbc.csv
1,4b9dcc9fabbc,2025-10-21T15:37:58.802541,shrek3,you,328,False,9da86a20dc04,27.862409999215743,latency-4b9dcc9fabbc.csv
1,4b9dcc9fabbc,2025-10-21T15:37:58.935088,shrek3,PUSS,196,False,9da86a20dc04,30.05821499937156,latency-4b9dcc9fabbc.csv
1,4b9dcc9fabbc,2025-10-21T15:37:59.092386,shrek,SHREK,433,True,9da86a20dc04,5.008918999010348,latency-4b9dcc9fabbc.csv
1,4b9dcc9fabbc,2025-10-21T15:37:59.213702,shrek,afraid,8,False,9da86a20dc04,13.123288001224864,latency-4b9dcc9fabbc.csv
1,4b9dcc9fabbc,2025-10-21T15:37:59.331734,grail,LANCELOT,59,False,9da86a20dc04,57.60997600009432,latency-4b9dcc9fabbc.csv
1,4b9dcc9fabbc,2025-10-21T15:37:59.505764,grail,about,49,False,9da86a20dc04,44.22134800006461,latency-4b9dcc9fabbc.csv
2,4b9dcc9fabbc,2025-10-21T15:37:59.669358,shrek3,toward,14,True,9da86a20dc04,8.250717999544577,latency-4b9dcc9fabbc.csv
2,4b9dcc9fabbc,2025-10-21T15:37:59.803610,shrek,after,10,True,9da86a20dc04,54.14682499940682,latency-4b9dcc9fabbc.csv
2,4b9dcc9fabbc,2025-10-21T15:37:59.964685,shrek,SHREK,433,True,9da86a20dc04,12.263785998584352,latency-4b9dcc9fabbc.csv
2,4b9dcc9fabbc,2025-10-21T15:38:00.093966,shrek3,Guards,23,True,9da86a20dc04,24.403383000390026,latency-4b9dcc9fabbc.csv
2,4b9dcc9fabbc,2025-10-21T15:38:00.227480,shrek,token,1,True,9da86a20dc04,8.945761001086794,latency-4b9dcc9fabbc.csv
2,4b9dcc9fabbc,2025-10-21T15:38:00.343711,shrek,DONKEY,320,True,9da86a20dc04,10.145260001081624,latency-4b9dcc9fabbc.csv
2,4b9dcc9fabbc,2025-10-21T15:38:00.466526,shrek,old,10,True,9da86a20dc04,6.331091999527416,latency-4b9dcc9fabbc.csv
2,4b9dcc9fabbc,2025-10-21T15:38:00.588269,grail,Tm,5,True,9da86a20dc04,3.437310000663274,latency-4b9dcc9fabbc.csv
2,4b9dcc9fabbc,2025-10-21T15:38:00.697180,shrek3,SHREK,678,True,9da86a20dc04,10.5099379998137,latency-4b9dcc9fabbc.csv
2,4b9dcc9fabbc,2025-10-21T15:38:00.821603,shrek,transport,1,True,9da86a20dc04,3.9047360005497462,latency-4b9dcc9fabbc.csv
2,4b9dcc9fabbc,2025-10-21T15:38:00.932799,shrek,SHREK,433,True,9da86a20dc04,3.5361320005904417,latency-4b9dcc9fabbc.csv
2,4b9dcc9fabbc,2025-10-21T15:38:01.039956,grail,ANOTHER,25,True,9da86a20dc04,13.643157999467803,latency-4b9dcc9fabbc.csv
2,4b9dcc9fabbc,2025-10-21T15:38:01.158950,grail,pseudonym,1,True,9da86a20dc04,27.31385900005989,latency-4b9dcc9fabbc.csv
2,4b9dcc9fabbc,2025-10-21T15:38:01.292173,shrek3,PRINCE,207,True,9da86a20dc04,11.951204998695175,latency-4b9dcc9fabbc.csv
2,4b9dcc9fabbc,2025-10-21T15:38:01.414968,shrek3,you,328,True,9da86a20dc04,13.343917000383954,latency-4b9dcc9fabbc.csv
2,4b9dcc9fabbc,2025-10-21T15:38:01.541846,shrek3,PUSS,196,True,9da86a20dc04,3.734338999493048,latency-4b9dcc9fabbc.csv
2,4b9dcc9fabbc,2025-10-21T15:38:01.649260,shrek,SHREK,433,True,9da86a20dc04,3.776764000576805,latency-4b9dcc9fabbc.csv
2,4b9dcc9fabbc,2025-10-21T15:38:01.757125,shrek,afraid,8,True,9da86a20dc04,27.25097700022161,latency-4b9dcc9fabbc.csv
2,4b9dcc9fabbc,2025-10-21T15:38:01.894871,grail,LANCELOT,59,True,9da86a20dc04,36.866427999484586,latency-4b9dcc9fabbc.csv
2,4b9dcc9fabbc,2025-10-21T15:38:02.068095,grail,about,49,True,9da86a20dc04,23.50921000106609,latency-4b9dcc9fabbc.csv
1,4c6b7330b2e9,2025-10-21T15:38:18.269803,shrek,DONKEY,320,True,9da86a20dc04,5.018995998398168,latency-4c6b7330b2e9.csv
1,4c6b7330b2e9,2025-10-21T15:38:18.380162,shrek,your,49,True,9da86a20dc04,3.0092830002104165,latency-4c6b7330b2e9.csv
1,4c6b7330b2e9,2025-10-21T15:38:18.487262,shrek,He,118,True,9da86a20dc04,4.412628000864061,latency-4c6b7330b2e9.csv
1,4c6b7330b2e9,2025-10-21T15:38:18.597153,shrek,looks,37,True,9da86a20dc04,7.722696000200813,latency-4c6b7330b2e9.csv
1,4c6b7330b2e9,2025-10-21T15:38:18.709221,grail,Tm,5,True,9da86a20dc04,5.920436000451446,latency-4c6b7330b2e9.csv
1,4c6b7330b2e9,2025-10-21T15:38:18.819331,shrek,token,1,True,9da86a20dc04,8.250089000284788,latency-4c6b7330b2e9.csv
1,4c6b7330b2e9,2025-10-21T15:38:18.935403,shrek3,Hold,8,True,9da86a20dc04,4.753925999466446,latency-4c6b7330b2e9.csv
1,4c6b7330b2e9,2025-10-21T15:38:19.046114,grail,from,94,True,9da86a20dc04,2.994534999743337,latency-4c6b7330b2e9.csv
1,4c6b7330b2e9,2025-10-21T15:38:19.152764,shrek3,reason,2,True,9da86a20dc04,4.093437999472371,latency-4c6b7330b2e9.csv
1,4c6b7330b2e9,2025-10-21T15:38:19.263678,shrek,will,16,True,9da86a20dc04,11.947397999392706,latency-4c6b7330b2e9.csv
1,4c6b7330b2e9,2025-10-21T15:38:19.388141,grail,the,1600,True,9da86a20dc04,3.3255070011364296,latency-4c6b7330b2e9.csv
1,4c6b7330b2e9,2025-10-21T15:38:19.495021,shrek3,through,43,True,9da86a20dc04,3.566395000234479,latency-4c6b7330b2e9.csv
1,4c6b7330b2e9,2025-10-21T15:38:19.602013,shrek,SHREK,433,True,9da86a20dc04,4.215171000396367,latency-4c6b7330b2e9.csv
1,4c6b7330b2e9,2025-10-21T15:38:19.710457,shrek,SHREK,433,True,9da86a20dc04,2.7713159997801995,latency-4c6b7330b2e9.csv
1,4c6b7330b2e9,2025-10-21T15:38:19.816642,shrek,help,5,True,9da86a20dc04,3.101671998592792,latency-4c6b7330b2e9.csv
1,4c6b7330b2e9,2025-10-21T15:38:19.924155,grail,-,259,True,9da86a20dc04,5.381080000006477,latency-4c6b7330b2e9.csv
1,4c6b7330b2e9,2025-10-21T15:38:20.034513,grail,I,298,True,9da86a20dc04,3.352110001287656,latency-4c6b7330b2e9.csv
1,4c6b7330b2e9,2025-10-21T15:38:20.141480,shrek3,PUSS,196,True,9da86a20dc04,2.975449000587105,latency-4c6b7330b2e9.csv
1,4c6b7330b2e9,2025-10-21T15:38:20.248502,grail,pause,10,True,9da86a20dc04,2.89830899964727,latency-4c6b7330b2e9.csv
1,4c6b7330b2e9,2025-10-21T15:38:20.354831,shrek,"Ha,",0,False,9da86a20dc04,9.111290999499031,latency-4c6b7330b2e9.csv
2,4c6b7330b2e9,2025-10-21T15:38:20.467786,shrek,DONKEY,320,True,9da86a20dc04,2.816170001096907,latency-4c6b7330b2e9.csv
2,4c6b7330b2e9,2025-10-21T15:38:20.574359,shrek,your,49,True,9da86a20dc04,3.3198879991687136,latency-4c6b7330b2e9.csv
2,4c6b7330b2e9,2025-10-21T15:38:20.681217,shrek,He,118,True,9da86a20dc04,3.8448039995273575,latency-4c6b7330b2e9.csv
2,4c6b7330b2e9,2025-10-21T15:38:20.789110,shrek,looks,37,True,9da86a20dc04,2.9350990007515065,latency-4c6b7330b2e9.csv
2,4c6b7330b2e9,2025-10-21T15:38:20.895211,grail,Tm,5,True,9da86a20dc04,2.4389459995290963,latency-4c6b7330b2e9.csv
2,4c6b7330b2e9,2025-10-21T15:38:21.000634,shrek,token,1,True,9da86a20dc04,2.8426009994291235,latency-4c6b7330b2e9.csv
2,4c6b7330b2e9,2025-10-21T15:38:21.107413,shrek3,Hold,8,True,9da86a20dc04,10.228219000055104,latency-4c6b7330b2e9.csv
2,4c6b7330b2e9,2025-10-21T15:38:21.221843,grail,from,94,True,9da86a20dc04,10.563730000285432,latency-4c6b7330b2e9.csv
2,4c6b7330b2e9,2025-10-21T15:38:21.336643,shrek3,reason,2,True,9da86a20dc04,3.610349000155111,latency-4c6b7330b2e9.csv
2,4c6b7330b2e9,2025-10-21T15:38:21.445430,shrek,will,16,True,9da86a20dc04,5.295447999742464,latency-4c6b7330b2e9.csv
2,4c6b7330b2e9,2025-10-21T15:38:21.556437,grail,the,1600,True,9da86a20dc04,6.008136999298586,latency-4c6b7330b2e9.csv
2,4c6b7330b2e9,2025-10-21T15:38:21.669005,shrek3,through,43,True,9da86a20dc04,2.5893310012179427,latency-4c6b7330b2e9.csv
2,4c6b7330b2e9,2025-10-21T15:38:21.776568,shrek,SHREK,433,True,9da86a20dc04,2.300015001310385,latency-4c6b7330b2e9.csv
2,4c6b7330b2e9,2025-10-21T15:38:21.881816,shrek,SHREK,433,True,9da86a20dc04,2.6442140006111003,latency-4c6b7330b2e9.csv
2,4c6b7330b2e9,2025-10-21T15:38:21.988294,shrek,help,5,True,9da86a20dc04,2.8754630002367776,latency-4c6b7330b2e9.csv
2,4c6b7330b2e9,2025-10-21T15:38:22.095246,grail,-,259,True,9da86a20dc04,2.975348001200473,latency-4c6b7330b2e9.csv
2,4c6b7330b2e9,2025-10-21T15:38:22.201947,grail,I,298,True,9da86a20dc04,2.8103870008635568,latency-4c6b7330b2e9.csv
2,4c6b7330b2e9,2025-10-21T15:38:22.308314,shrek3,PUSS,196,True,9da86a20dc04,2.6093069991475204,latency-4c6b7330b2e9.csv
2,4c6b7330b2e9,2025-10-21T15:38:22.413768,grail,pause,10,True,9da86a20dc04,3.0393849992833566,latency-4c6b7330b2e9.csv
2,4c6b7330b2e9,2025-10-21T15:38:22.520618,shrek,"Ha,",0,True,9da86a20dc04,7.384949998595403,latency-4c6b7330b2e9.csv
1,50f1514c41d9,2025-10-21T15:38:34.359439,grail,the,1600,True,9da86a20dc04,3.4042999996017898,latency-50f1514c41d9.csv
1,50f1514c41d9,2025-10-21T15:38:34.470541,grail,"lute,",0,True,9da86a20dc04,12.758846998622175,latency-50f1514c41d9.csv
1,50f1514c41d9,2025-10-21T15:38:34.592302,shrek,FIONA,211,True,9da86a20dc04,4.4665660007012775,latency-50f1514c41d9.csv
1,50f1514c41d9,2025-10-21T15:38:34.700664,shrek,after,10,True,9da86a20dc04,2.7249970007687807,latency-50f1514c41d9.csv
1,50f1514c41d9,2025-10-21T15:38:34.806914,grail,pathetic,4,True,9da86a20dc04,6.163038000522647,latency-50f1514c41d9.csv
1,50f1514c41d9,2025-10-21T15:38:34.920526,grail,chops,3,True,9da86a20dc04,5.428655000287108,latency-50f1514c41d9.csv
1,50f1514c41d9,2025-10-21T15:38:35.030987,shrek3,get,39,True,9da86a20dc04,3.6791349994018674,latency-50f1514c41d9.csv
1,50f1514c41d9,2025-10-21T15:38:35.139587,grail,the,1600,True,9da86a20dc04,3.719737998835626,latency-50f1514c41d9.csv
1,50f1514c41d9,2025-10-21T15:38:35.248181,shrek,SHREK,433,True,9da86a20dc04,8.758885000133887,latency-50f1514c41d9.csv
1,50f1514c41d9,2025-10-21T15:38:35.362287,grail,the,1600,True,9da86a20dc04,4.460412999833352,latency-50f1514c41d9.csv
1,50f1514c41d9,2025-10-21T15:38:35.470637,shrek3,youre,0,True,9da86a20dc04,5.504967000888428,latency-50f1514c41d9.csv
1,50f1514c41d9,2025-10-21T15:38:35.580715,shrek3,ho,8,False,9da86a20dc04,23.61248699889984,latency-50f1514c41d9.csv
1,50f1514c41d9,2025-10-21T15:38:35.714781,grail,pretty,7,True,9da86a20dc04,7.542322999142925,latency-50f1514c41d9.csv
1,50f1514c41d9,2025-10-21T15:38:35.833271,shrek3,Donkey,243,True,9da86a20dc04,5.690375999620301,latency-50f1514c41d9.csv
1,50f1514c41d9,2025-10-21T15:38:35.947130,grail,on,139,True,9da86a20dc04,4.3337390015949495,latency-50f1514c41d9.csv
1,50f1514c41d9,2025-10-21T15:38:36.064188,grail,Bridge,30,True,9da86a20dc04,2.2953839998081094,latency-50f1514c41d9.csv
1,50f1514c41d9,2025-10-21T15:38:36.169633,shrek,FARQUAAD,84,True,9da86a20dc04,2.3203969994938234,latency-50f1514c41d9.csv
1,50f1514c41d9,2025-10-21T15:38:36.275987,shrek3,Cinderella,21,True,9da86a20dc04,2.315071998964413,latency-50f1514c41d9.csv
1,50f1514c41d9,2025-10-21T15:38:36.381730,shrek,the,535,True,9da86a20dc04,3.4209980003652163,latency-50f1514c41d9.csv
1,50f1514c41d9,2025-10-21T15:38:36.489454,shrek,I,386,True,9da86a20dc04,2.5580519995855866,latency-50f1514c41d9.csv
2,50f1514c41d9,2025-10-21T15:38:36.595099,grail,the,1600,True,9da86a20dc04,2.4133520000759745,latency-50f1514c41d9.csv
2,50f1514c41d9,2025-10-21T15:38:36.700740,grail,"lute,",0,True,9da86a20dc04,2.434273001199472,latency-50f1514c41d9.csv
2,50f1514c41d9,2025-10-21T15:38:36.806703,shrek,FIONA,211,True,9da86a20dc04,2.4321279997820966,latency-50f1514c41d9.csv
2,50f1514c41d9,2025-10-21T15:38:36.911958,shrek,after,10,True,9da86a20dc04,2.325385999938589,latency-50f1514c41d9.csv
2,50f1514c41d9,2025-10-21T15:38:37.017398,grail,pathetic,4,True,9da86a20dc04,2.425546001177281,latency-50f1514c41d9.csv
2,50f1514c41d9,2025-10-21T15:38:37.122921,grail,chops,3,True,9da86a20dc04,2.5082919983105967,latency-50f1514c41d9.csv
2,50f1514c41d9,2025-10-21T15:38:37.228728,shrek3,get,39,True,9da86a20dc04,3.2621139998809667,latency-50f1514c41d9.csv
2,50f1514c41d9,2025-10-21T15:38:37.335316,grail,the,1600,True,9da86a20dc04,2.798781000819872,latency-50f1514c41d9.csv
2,50f1514c41d9,2025-10-21T15:38:37.441060,shrek,SHREK,433,True,9da86a20dc04,9.538809999867226,latency-50f1514c41d9.csv
2,50f1514c41d9,2025-10-21T15:38:37.554671,grail,the,1600,True,9da86a20dc04,11.05431900032272,latency-50f1514c41d9.csv
2,50f1514c41d9,2025-10-21T15:38:37.676307,shrek3,youre,0,True,9da86a20dc04,16.596071000094526,latency-50f1514c41d9.csv
2,50f1514c41d9,2025-10-21T15:38:37.802938,shrek3,ho,8,True,9da86a20dc04,8.20073099930596,latency-50f1514c41d9.csv
2,50f1514c41d9,2025-10-21T15:38:37.923012,grail,pretty,7,True,9da86a20dc04,5.128840999532258,latency-50f1514c41d9.csv
2,50f1514c41d9,2025-10-21T15:38:38.032884,shrek3,Donkey,243,True,9da86a20dc04,2.68217399934656,latency-50f1514c41d9.csv
2,50f1514c41d9,2025-10-21T15:38:38.137346,grail,on,139,True,9da86a20dc04,2.7563690000533825,latency-50f1514c41d9.csv
2,50f1514c41d9,2025-10-21T15:38:38.243599,grail,Bridge,30,True,9da86a20dc04,2.60738399992988,latency-50f1514c41d9.csv
2,50f1514c41d9,2025-10-21T15:38:38.349590,shrek,FARQUAAD,84,True,9da86a20dc04,2.6514529999985825,latency-50f1514c41d9.csv
2,50f1514c41d9,2025-10-21T15:38:38.456040,shrek3,Cinderella,21,True,9da86a20dc04,2.4482899989379803,latency-50f1514c41d9.csv
2,50f1514c41d9,2025-10-21T15:38:38.561450,shrek,the,535,True,9da86a20dc04,2.5805719997151755,latency-50f1514c41d9.csv
2,50f1514c41d9,2025-10-21T15:38:38.667156,shrek,I,386,True,9da86a20dc04,3.005951000886853,latency-50f1514c41d9.csv
1,59ad683d62b1,2025-10-21T15:38:21.249694,grail,to,718,True,9da86a20dc04,4.338925999036292,latency-59ad683d62b1.csv
1,59ad683d62b1,2025-10-21T15:38:21.358386,shrek3,Guards,23,True,9da86a20dc04,2.252864998808945,latency-59ad683d62b1.csv
1,59ad683d62b1,2025-10-21T15:38:21.464486,shrek,he,118,True,9da86a20dc04,5.107633000079659,latency-59ad683d62b1.csv
1,59ad683d62b1,2025-10-21T15:38:21.574610,shrek,at,62,True,9da86a20dc04,5.383411998991505,latency-59ad683d62b1.csv
1,59ad683d62b1,2025-10-21T15:38:21.685289,shrek3,and,576,True,9da86a20dc04,6.895454998812056,latency-59ad683d62b1.csv
1,59ad683d62b1,2025-10-21T15:38:21.796517,shrek,on,88,True,9da86a20dc04,4.5665060006285785,latency-59ad683d62b1.csv
1,59ad683d62b1,2025-10-21T15:38:21.905671,grail,"Peng,",0,True,9da86a20dc04,7.916401998954825,latency-59ad683d62b1.csv
1,59ad683d62b1,2025-10-21T15:38:22.021029,shrek,Nobody,4,True,9da86a20dc04,3.011300999787636,latency-59ad683d62b1.csv
1,59ad683d62b1,2025-10-21T15:38:22.128135,shrek,CROWD,5,True,9da86a20dc04,3.249218998462311,latency-59ad683d62b1.csv
1,59ad683d62b1,2025-10-21T15:38:22.235725,shrek,Blah,1,True,9da86a20dc04,13.074296999548096,latency-59ad683d62b1.csv
1,59ad683d62b1,2025-10-21T15:38:22.355739,grail,Aaaaugh,9,True,9da86a20dc04,11.362411998561583,latency-59ad683d62b1.csv
1,59ad683d62b1,2025-10-21T15:38:22.475867,grail,at,104,True,9da86a20dc04,5.854118000570452,latency-59ad683d62b1.csv
1,59ad683d62b1,2025-10-21T15:38:22.593269,shrek3,CHARMING,232,True,9da86a20dc04,9.89612499870418,latency-59ad683d62b1.csv
1,59ad683d62b1,2025-10-21T15:38:22.713852,grail,time,33,True,9da86a20dc04,2.6089040002261754,latency-59ad683d62b1.csv
1,59ad683d62b1,2025-10-21T15:38:22.820803,shrek3,and,576,True,9da86a20dc04,2.7009559998987243,latency-59ad683d62b1.csv
1,59ad683d62b1,2025-10-21T15:38:22.928305,shrek3,ARTIE,213,True,9da86a20dc04,3.3682149987726007,latency-59ad683d62b1.csv
1,59ad683d62b1,2025-10-21T15:38:23.035447,shrek,on,88,True,9da86a20dc04,2.85009499930311,latency-59ad683d62b1.csv
1,59ad683d62b1,2025-10-21T15:38:23.141539,grail,elected,2,True,9da86a20dc04,2.469319999363506,latency-59ad683d62b1.csv
1,59ad683d62b1,2025-10-21T15:38:23.247137,shrek3,DONKEY,243,True,9da86a20dc04,2.629881999382633,latency-59ad683d62b1.csv
1,59ad683d62b1,2025-10-21T15:38:23.353020,shrek3,with,112,True,9da86a20dc04,11.088932000347995,latency-59ad683d62b1.csv
2,59ad683d62b1,2025-10-21T15:38:23.469568,grail,to,718,True,9da86a20dc04,5.31296599911002,latency-59ad683d62b1.csv
2,59ad683d62b1,2025-10-21T15:38:23.580756,shrek3,Guards,23,True,9da86a20dc04,3.9699190001556417,latency-59ad683d62b1.csv
2,59ad683d62b1,2025-10-21T15:38:23.691675,shrek,he,118,True,9da86a20dc04,8.539651000319282,latency-59ad683d62b1.csv
2,59ad683d62b1,2025-10-21T15:38:23.808367,shrek,at,62,True,9da86a20dc04,3.871373000947642,latency-59ad683d62b1.csv
2,59ad683d62b1,2025-10-21T15:38:23.919266,shrek3,and,576,True,9da86a20dc04,4.379072999654454,latency-59ad683d62b1.csv
2,59ad683d62b1,2025-10-21T15:38:24.031519,shrek,on,88,True,9da86a20dc04,2.23288499910268,latency-59ad683d62b1.csv
2,59ad683d62b1,2025-10-21T15:38:24.137075,grail,"Peng,",0,True,9da86a20dc04,4.990354000256048,latency-59ad683d62b1.csv
2,59ad683d62b1,2025-10-21T15:38:24.246630,shrek,Nobody,4,True,9da86a20dc04,2.3378930000035325,latency-59ad683d62b1.csv
2,59ad683d62b1,2025-10-21T15:38:24.352018,shrek,CROWD,5,True,9da86a20dc04,4.720902999906684,latency-59ad683d62b1.csv
2,59ad683d62b1,2025-10-21T15:38:24.460773,shrek,Blah,1,True,9da86a20dc04,7.205750998764415,latency-59ad683d62b1.csv
2,59ad683d62b1,2025-10-21T15:38:24.573955,grail,Aaaaugh,9,True,9da86a20dc04,5.389691999880597,latency-59ad683d62b1.csv
2,59ad683d62b1,2025-10-21T15:38:24.683153,grail,at,104,True,9da86a20dc04,4.251292000844842,latency-59ad683d62b1.csv
2,59ad683d62b1,2025-10-21T15:38:24.791153,shrek3,CHARMING,232,True,9da86a20dc04,3.811484000834753,latency-59ad683d62b1.csv
2,59ad683d62b1,2025-10-21T15:38:24.898730,grail,time,33,True,9da86a20dc04,6.733408001309726,latency-59ad683d62b1.csv
2,59ad683d62b1,2025-10-21T15:38:25.010130,shrek3,and,576,True,9da86a20dc04,3.052994999961811,latency-59ad683d62b1.csv
2,59ad683d62b1,2025-10-21T15:38:25.116872,shrek3,ARTIE,213,True,9da86a20dc04,3.523024000969599,latency-59ad683d62b1.csv
2,59ad683d62b1,2025-10-21T15:38:25.224685,shrek,on,88,True,9da86a20dc04,3.4341660011705244,latency-59ad683d62b1.csv
2,59ad683d62b1,2025-10-21T15:38:25.332755,grail,elected,2,True,9da86a20dc04,4.967978999047773,latency-59ad683d62b1.csv
2,59ad683d62b1,2025-10-21T15:38:25.442832,shrek3,DONKEY,243,True,9da86a20dc04,4.172229000687366,latency-59ad683d62b1.csv
2,59ad683d62b1,2025-10-21T15:38:25.553197,shrek3,with,112,True,9da86a20dc04,7.9503609995299485,latency-59ad683d62b1.csv
1,59d49e13c9ad,2025-10-21T15:37:57.765437,grail,the,1600,False,9da86a20dc04,13.095447999148746,latency-59d49e13c9ad.csv
1,59d49e13c9ad,2025-10-21T15:37:57.884412,grail,54,2,False,9da86a20dc04,15.71593100015889,latency-59d49e13c9ad.csv
1,59d49e13c9ad,2025-10-21T15:37:58.006460,grail,singing,33,False,9da86a20dc04,23.82009999928414,latency-59d49e13c9ad.csv
1,59d49e13c9ad,2025-10-21T15:37:58.151355,shrek3,Hold,8,False,9da86a20dc04,14.712987000166322,latency-59d49e13c9ad.csv
1,59d49e13c9ad,2025-10-21T15:37:58.279787,grail,19Prince,0,False,9da86a20dc04,13.77782599956845,latency-59d49e13c9ad.csv
1,59d49e13c9ad,2025-10-21T15:37:58.398701,shrek3,Cinderella,21,False,9da86a20dc04,20.40936599951237,latency-59d49e13c9ad.csv
1,59d49e13c9ad,2025-10-21T15:37:58.533002,shrek3,CAPTAIN,41,False,9da86a20dc04,23.708556000201497,latency-59d49e13c9ad.csv
1,59d49e13c9ad,2025-10-21T15:37:58.662561,shrek,the,535,False,9da86a20dc04,18.64885199938726,latency-59d49e13c9ad.csv
1,59d49e13c9ad,2025-10-21T15:37:58.799269,shrek,swamp,18,False,9da86a20dc04,13.568144000601023,latency-59d49e13c9ad.csv
1,59d49e13c9ad,2025-10-21T15:37:58.929842,shrek3,of,275,False,9da86a20dc04,16.96416400045564,latency-59d49e13c9ad.csv
1,59d49e13c9ad,2025-10-21T15:37:59.068025,shrek,lay,2,False,9da86a20dc04,12.729889000183904,latency-59d49e13c9ad.csv
1,59d49e13c9ad,2025-10-21T15:37:59.184793,shrek3,PRINCE,207,True,9da86a20dc04,14.578095000615576,latency-59d49e13c9ad.csv
1,59d49e13c9ad,2025-10-21T15:37:59.308777,grail,Footnote,4,False,9da86a20dc04,77.79905700044765,latency-59d49e13c9ad.csv
1,59d49e13c9ad,2025-10-21T15:37:59.535133,shrek3,SHOUTING),0,True,9da86a20dc04,13.399993000348331,latency-59d49e13c9ad.csv
1,59d49e13c9ad,2025-10-21T15:37:59.659633,shrek3,us,12,True,9da86a20dc04,10.437131000799129,latency-59d49e13c9ad.csv
1,59d49e13c9ad,2025-10-21T15:37:59.783048,grail,rows,1,False,9da86a20dc04,58.74867399870709,latency-59d49e13c9ad.csv
1,59d49e13c9ad,2025-10-21T15:37:59.960344,shrek,FARQUAAD,84,True,9da86a20dc04,3.65104299999075,latency-59d49e13c9ad.csv
1,59d49e13c9ad,2025-10-21T15:38:00.084001,grail,it,279,False,9da86a20dc04,21.35127499968803,latency-59d49e13c9ad.csv
1,59d49e13c9ad,2025-10-21T15:38:00.224305,shrek,token,1,True,9da86a20dc04,5.563238000831916,latency-59d49e13c9ad.csv
1,59d49e13c9ad,2025-10-21T15:38:00.341797,grail,I,298,False,9da86a20dc04,12.090594000255804,latency-59d49e13c9ad.csv
2,59d49e13c9ad,2025-10-21T15:38:00.466588,grail,the,1600,True,9da86a20dc04,17.836606999480864,latency-59d49e13c9ad.csv
2,59d49e13c9ad,2025-10-21T15:38:00.590370,grail,54,2,True,9da86a20dc04,6.273774999499437,latency-59d49e13c9ad.csv
2,59d49e13c9ad,2025-10-21T15:38:00.700804,grail,singing,33,True,9da86a20dc04,8.914510999602498,latency-59d49e13c9ad.csv
2,59d49e13c9ad,2025-10-21T15:38:00.827551,shrek3,Hold,8,True,9da86a20dc04,7.778998000503634,latency-59d49e13c9ad.csv
2,59d49e13c9ad,2025-10-21T15:38:00.963976,grail,19Prince,0,True,9da86a20dc04,4.701584999565966,latency-59d49e13c9ad.csv
2,59d49e13c9ad,2025-10-21T15:38:01.082670,shrek3,Cinderella,21,True,9da86a20dc04,3.243997000026866,latency-59d49e13c9ad.csv
2,59d49e13c9ad,2025-10-21T15:38:01.189781,shrek3,CAPTAIN,41,True,9da86a20dc04,4.677737999372766,latency-59d49e13c9ad.csv
2,59d49e13c9ad,2025-10-21T15:38:01.298190,shrek,the,535,True,9da86a20dc04,9.687589999884947,latency-59d49e13c9ad.csv
2,59d49e13c9ad,2025-10-21T15:38:01.420840,shrek,swamp,18,True,9da86a20dc04,23.007517998848925,latency-59d49e13c9ad.csv
2,59d49e13c9ad,2025-10-21T15:38:01.558585,shrek3,of,275,True,9da86a20dc04,10.331602001315332,latency-59d49e13c9ad.csv
2,59d49e13c9ad,2025-10-21T15:38:01.705747,shrek,lay,2,True,9da86a20dc04,4.743026000141981,latency-59d49e13c9ad.csv
2,59d49e13c9ad,2025-10-21T15:38:01.822317,shrek3,PRINCE,207,True,9da86a20dc04,2.5886240000545517,latency-59d49e13c9ad.csv
2,59d49e13c9ad,2025-10-21T15:38:01.928181,grail,Footnote,4,True,9da86a20dc04,34.96322400133067,latency-59d49e13c9ad.csv
2,59d49e13c9ad,2025-10-21T15:38:02.084136,shrek3,SHOUTING),0,True,9da86a20dc04,11.858630999995512,latency-59d49e13c9ad.csv
2,59d49e13c9ad,2025-10-21T15:38:02.208950,shrek3,us,12,True,9da86a20dc04,29.6323790007591,latency-59d49e13c9ad.csv
2,59d49e13c9ad,2025-10-21T15:38:02.346829,grail,rows,1,True,9da86a20dc04,56.12452999957896,latency-59d49e13c9ad.csv
2,59d49e13c9ad,2025-10-21T15:38:02.524943,shrek,FARQUAAD,84,True,9da86a20dc04,37.3429129995202,latency-59d49e13c9ad.csv
2,59d49e13c9ad,2025-10-21T15:38:02.680647,grail,it,279,True,9da86a20dc04,40.38158199909958,latency-59d49e13c9ad.csv
2,59d49e13c9ad,2025-10-21T15:38:02.861876,shrek,token,1,True,9da86a20dc04,20.405997998750536,latency-59d49e13c9ad.csv
2,59d49e13c9ad,2025-10-21T15:38:03.033692,grail,I,298,True,9da86a20dc04,2.61838700134831,latency-59d49e13c9ad.csv
1,601163d86250,2025-10-21T15:37:59.246687,grail,"Oh,",2,False,9da86a20dc04,11.816968000857742,latency-601163d86250.csv
1,601163d86250,2025-10-21T15:37:59.363222,grail,pathetic,4,False,9da86a20dc04,42.2126510002272,latency-601163d86250.csv
1,601163d86250,2025-10-21T15:37:59.511554,shrek3,Guards,23,True,9da86a20dc04,38.05746100078977,latency-601163d86250.csv
1,601163d86250,2025-10-21T15:37:59.659637,shrek3,Donkey,243,True,9da86a20dc04,10.15498199922149,latency-601163d86250.csv
1,601163d86250,2025-10-21T15:37:59.786268,shrek3,get,39,True,9da86a20dc04,47.0526509998308,latency-601163d86250.csv
1,601163d86250,2025-10-21T15:37:59.967350,shrek3,dat,1,True,9da86a20dc04,20.320143999924767,latency-601163d86250.csv
1,601163d86250,2025-10-21T15:38:00.139207,shrek3,PRINCE,207,True,9da86a20dc04,4.728764999526902,latency-601163d86250.csv
1,601163d86250,2025-10-21T15:38:00.264942,grail,door,14,False,9da86a20dc04,11.401326999475714,latency-601163d86250.csv
1,601163d86250,2025-10-21T15:38:00.380057,grail,feel,11,False,9da86a20dc04,8.599270000559045,latency-601163d86250.csv
1,601163d86250,2025-10-21T15:38:00.492320,shrek3,SHOUTING),0,True,9da86a20dc04,5.311443001119187,latency-601163d86250.csv
1,601163d86250,2025-10-21T15:38:00.602704,shrek,placed,1,True,9da86a20dc04,4.543697999906726,latency-601163d86250.csv
1,601163d86250,2025-10-21T15:38:00.716334,shrek,this,79,True,9da86a20dc04,11.178995000591383,latency-601163d86250.csv
1,601163d86250,2025-10-21T15:38:00.831908,shrek3,Third,121,False,9da86a20dc04,30.600686999605387,latency-601163d86250.csv
1,601163d86250,2025-10-21T15:38:00.972991,shrek,SHREK,433,True,9da86a20dc04,29.878155000915285,latency-601163d86250.csv
1,601163d86250,2025-10-21T15:38:01.118954,shrek3,PRINCE,207,True,9da86a20dc04,6.429948000004515,latency-601163d86250.csv
1,601163d86250,2025-10-21T15:38:01.240446,grail,I,298,True,9da86a20dc04,2.748646000327426,latency-601163d86250.csv
1,601163d86250,2025-10-21T15:38:01.346399,shrek,tell,25,True,9da86a20dc04,3.0251010011852486,latency-601163d86250.csv
1,601163d86250,2025-10-21T15:38:01.452745,shrek,FARQUAAD,84,True,9da86a20dc04,10.017631999289732,latency-601163d86250.csv
1,601163d86250,2025-10-21T15:38:01.567775,shrek3,the,1285,True,9da86a20dc04,23.3240300003672,latency-601163d86250.csv
1,601163d86250,2025-10-21T15:38:01.710781,shrek,happily,2,True,9da86a20dc04,16.103539001051104,latency-601163d86250.csv
2,601163d86250,2025-10-21T15:38:01.843386,grail,"Oh,",2,True,9da86a20dc04,2.764160999504384,latency-601163d86250.csv
2,601163d86250,2025-10-21T15:38:01.950420,grail,pathetic,4,True,9da86a20dc04,26.195267999355565,latency-601163d86250.csv
2,601163d86250,2025-10-21T15:38:02.102595,shrek3,Guards,23,True,9da86a20dc04,29.094557001371868,latency-601163d86250.csv
2,601163d86250,2025-10-21T15:38:02.260230,shrek3,Donkey,243,True,9da86a20dc04,11.434625999754644,latency-601163d86250.csv
2,601163d86250,2025-10-21T15:38:02.384243,shrek3,get,39,True,9da86a20dc04,32.509767001101864,latency-601163d86250.csv
2,601163d86250,2025-10-21T15:38:02.530199,shrek3,dat,1,True,9da86a20dc04,41.50368699993123,latency-601163d86250.csv
2,601163d86250,2025-10-21T15:38:02.704120,shrek3,PRINCE,207,True,9da86a20dc04,38.32910299934156,latency-601163d86250.csv
2,601163d86250,2025-10-21T15:38:02.864494,grail,door,14,True,9da86a20dc04,54.37391499981459,latency-601163d86250.csv
2,601163d86250,2025-10-21T15:38:03.061789,grail,feel,11,True,9da86a20dc04,20.15729600134364,latency-601163d86250.csv
2,601163d86250,2025-10-21T15:38:03.204893,shrek3,SHOUTING),0,True,9da86a20dc04,8.801089999906253,latency-601163d86250.csv
2,601163d86250,2025-10-21T15:38:03.335897,shrek,placed,1,True,9da86a20dc04,3.807625000263215,latency-601163d86250.csv
2,601163d86250,2025-10-21T15:38:03.452988,shrek,this,79,True,9da86a20dc04,31.436331000804785,latency-601163d86250.csv
2,601163d86250,2025-10-21T15:38:03.590652,shrek3,Third,121,True,9da86a20dc04,15.198024999335756,latency-601163d86250.csv
2,601163d86250,2025-10-21T15:38:03.727678,shrek,SHREK,433,True,9da86a20dc04,20.41904900033842,latency-601163d86250.csv
2,601163d86250,2025-10-21T15:38:03.877858,shrek3,PRINCE,207,True,9da86a20dc04,26.863836001211894,latency-601163d86250.csv
2,601163d86250,2025-10-21T15:38:04.028994,grail,I,298,True,9da86a20dc04,10.868361001485027,latency-601163d86250.csv
2,601163d86250,2025-10-21T15:38:04.166470,shrek,tell,25,True,9da86a20dc04,3.293081001174869,latency-601163d86250.csv
2,601163d86250,2025-10-21T15:38:04.273415,shrek,FARQUAAD,84,True,9da86a20dc04,3.4681600009207614,latency-601163d86250.csv
2,601163d86250,2025-10-21T15:38:04.381251,shrek3,the,1285,True,9da86a20dc04,23.06844899976568,latency-601163d86250.csv
2,601163d86250,2025-10-21T15:38:04.511837,shrek,happily,2,True,9da86a20dc04,11.49342600001546,latency-601163d86250.csv
1,61026065cd85,2025-10-21T15:38:31.990547,grail,Eolio,2,True,9da86a20dc04,2.7038779990107287,latency-61026065cd85.csv
1,61026065cd85,2025-10-21T15:38:32.096827,shrek,(standing,0,True,9da86a20dc04,2.878061999581405,latency-61026065cd85.csv
1,61026065cd85,2025-10-21T15:38:32.203163,shrek3,what,82,True,9da86a20dc04,3.732544000740745,latency-61026065cd85.csv
1,61026065cd85,2025-10-21T15:38:32.310945,shrek,DONKEY,320,True,9da86a20dc04,4.603382001732825,latency-61026065cd85.csv
1,61026065cd85,2025-10-21T15:38:32.420099,grail,Christ,8,True,9da86a20dc04,3.604311999879428,latency-61026065cd85.csv
1,61026065cd85,2025-10-21T15:38:32.528868,shrek3,fall,6,True,9da86a20dc04,3.171864000250934,latency-61026065cd85.csv
1,61026065cd85,2025-10-21T15:38:32.635480,shrek,FIONA,211,True,9da86a20dc04,4.249767000146676,latency-61026065cd85.csv
1,61026065cd85,2025-10-21T15:38:32.743799,grail,I,298,True,9da86a20dc04,4.404696999699809,latency-61026065cd85.csv
1,61026065cd85,2025-10-21T15:38:32.852399,grail,Guard,106,True,9da86a20dc04,4.89977200049907,latency-61026065cd85.csv
1,61026065cd85,2025-10-21T15:38:32.962605,shrek3,Hold,8,True,9da86a20dc04,3.013629000633955,latency-61026065cd85.csv
1,61026065cd85,2025-10-21T15:38:33.069888,shrek,DONKEY,320,True,9da86a20dc04,8.64802999967651,latency-61026065cd85.csv
1,61026065cd85,2025-10-21T15:38:33.190626,shrek,whole,10,True,9da86a20dc04,10.540321998632862,latency-61026065cd85.csv
1,61026065cd85,2025-10-21T15:38:33.307866,grail,the,1600,True,9da86a20dc04,4.887904000497656,latency-61026065cd85.csv
1,61026065cd85,2025-10-21T15:38:33.418453,grail,Auuuuuuuugh,2,True,9da86a20dc04,7.164511998780654,latency-61026065cd85.csv
1,61026065cd85,2025-10-21T15:38:33.532289,grail,lost,6,True,9da86a20dc04,7.002938998994068,latency-61026065cd85.csv
1,61026065cd85,2025-10-21T15:38:33.646796,shrek,don't,72,True,9da86a20dc04,3.522393999446649,latency-61026065cd85.csv
1,61026065cd85,2025-10-21T15:38:33.757531,shrek,SHREK,433,True,9da86a20dc04,4.7239269988494925,latency-61026065cd85.csv
1,61026065cd85,2025-10-21T15:38:33.868520,grail,music,21,True,9da86a20dc04,4.31540300087363,latency-61026065cd85.csv
1,61026065cd85,2025-10-21T15:38:33.983853,shrek,(standing,0,True,9da86a20dc04,6.211216999872704,latency-61026065cd85.csv
1,61026065cd85,2025-10-21T15:38:34.098218,shrek,who,29,True,9da86a20dc04,5.086058999950183,latency-61026065cd85.csv
2,61026065cd85,2025-10-21T15:38:34.220540,grail,Eolio,2,True,9da86a20dc04,8.59469700117188,latency-61026065cd85.csv
2,61026065cd85,2025-10-21T15:38:34.345711,shrek,(standing,0,True,9da86a20dc04,3.559685999789508,latency-61026065cd85.csv
2,61026065cd85,2025-10-21T15:38:34.454826,shrek3,what,82,True,9da86a20dc04,21.64325000012468,latency-61026065cd85.csv
2,61026065cd85,2025-10-21T15:38:34.588948,shrek,DONKEY,320,True,9da86a20dc04,3.876131999277277,latency-61026065cd85.csv
2,61026065cd85,2025-10-21T15:38:34.699209,grail,Christ,8,True,9da86a20dc04,3.409025999644655,latency-61026065cd85.csv
2,61026065cd85,2025-10-21T15:38:34.806780,shrek3,fall,6,True,9da86a20dc04,4.322712000430329,latency-61026065cd85.csv
2,61026065cd85,2025-10-21T15:38:34.917501,shrek,FIONA,211,True,9da86a20dc04,2.876440999898477,latency-61026065cd85.csv
2,61026065cd85,2025-10-21T15:38:35.025561,grail,I,298,True,9da86a20dc04,2.6084719993377803,latency-61026065cd85.csv
2,61026065cd85,2025-10-21T15:38:35.131457,grail,Guard,106,True,9da86a20dc04,5.052799999248236,latency-61026065cd85.csv
2,61026065cd85,2025-10-21T15:38:35.240945,shrek3,Hold,8,True,9da86a20dc04,7.3655809992487775,latency-61026065cd85.csv
2,61026065cd85,2025-10-21T15:38:35.358028,shrek,DONKEY,320,True,9da86a20dc04,3.3590479997656075,latency-61026065cd85.csv
2,61026065cd85,2025-10-21T15:38:35.466270,shrek,whole,10,True,9da86a20dc04,3.1267070007743314,latency-61026065cd85.csv
2,61026065cd85,2025-10-21T15:38:35.576540,grail,the,1600,True,9da86a20dc04,3.557852000085404,latency-61026065cd85.csv
2,61026065cd85,2025-10-21T15:38:35.687393,grail,Auuuuuuuugh,2,True,9da86a20dc04,2.4974010011646897,latency-61026065cd85.csv
2,61026065cd85,2025-10-21T15:38:35.793197,grail,lost,6,True,9da86a20dc04,3.112660000624601,latency-61026065cd85.csv
2,61026065cd85,2025-10-21T15:38:35.899641,shrek,don't,72,True,9da86a20dc04,2.8604110011656303,latency-61026065cd85.csv
2,61026065cd85,2025-10-21T15:38:36.005823,shrek,SHREK,433,True,9da86a20dc04,3.7499450008908752,latency-61026065cd85.csv
2,61026065cd85,2025-10-21T15:38:36.113674,grail,music,21,True,9da86a20dc04,3.222983001251123,latency-61026065cd85.csv
2,61026065cd85,2025-10-21T15:38:36.220357,shrek,(standing,0,True,9da86a20dc04,5.574474998866208,latency-61026065cd85.csv
2,61026065cd85,2025-10-21T15:38:36.329673,shrek,who,29,True,9da86a20dc04,3.2770269990578527,latency-61026065cd85.csv
1,66a5160261a4,2025-10-21T15:38:20.492044,shrek,FIONA'S,3,True,9da86a20dc04,5.968665000182227,latency-66a5160261a4.csv
1,66a5160261a4,2025-10-21T15:38:20.602508,shrek,after,10,True,9da86a20dc04,7.349890000114101,latency-66a5160261a4.csv
1,66a5160261a4,2025-10-21T15:38:20.716962,shrek,happily,2,True,9da86a20dc04,9.703300000182937,latency-66a5160261a4.csv
1,66a5160261a4,2025-10-21T15:38:20.834897,grail,sell,1,False,9da86a20dc04,13.232543000412988,latency-66a5160261a4.csv
1,66a5160261a4,2025-10-21T15:38:20.954124,shrek3,glass,9,True,9da86a20dc04,7.523838999986765,latency-66a5160261a4.csv
1,66a5160261a4,2025-10-21T15:38:21.069728,shrek3,116,1,True,9da86a20dc04,11.540939000042272,latency-66a5160261a4.csv
1,66a5160261a4,2025-10-21T15:38:21.188352,shrek3,at,134,True,9da86a20dc04,3.8545739989785934,latency-66a5160261a4.csv
1,66a5160261a4,2025-10-21T15:38:21.296194,shrek3,WOLF,7,True,9da86a20dc04,2.2779430000809957,latency-66a5160261a4.csv
1,66a5160261a4,2025-10-21T15:38:21.401719,shrek3,get,39,True,9da86a20dc04,3.4312019997742027,latency-66a5160261a4.csv
1,66a5160261a4,2025-10-21T15:38:21.508852,grail,"lute,",0,True,9da86a20dc04,5.8091409991902765,latency-66a5160261a4.csv
1,66a5160261a4,2025-10-21T15:38:21.619215,grail,Yeah,13,True,9da86a20dc04,3.637452000475605,latency-66a5160261a4.csv
1,66a5160261a4,2025-10-21T15:38:21.727151,shrek,Is,132,True,9da86a20dc04,3.15574900014326,latency-66a5160261a4.csv
1,66a5160261a4,2025-10-21T15:38:21.833448,grail,king,136,True,9da86a20dc04,5.531762000828167,latency-66a5160261a4.csv
1,66a5160261a4,2025-10-21T15:38:21.943105,shrek,FIONA,211,True,9da86a20dc04,5.392531000325107,latency-66a5160261a4.csv
1,66a5160261a4,2025-10-21T15:38:22.054571,shrek,FIONA,211,True,9da86a20dc04,3.3275920013693394,latency-66a5160261a4.csv
1,66a5160261a4,2025-10-21T15:38:22.161146,shrek3,SHREK,678,True,9da86a20dc04,2.507740000510239,latency-66a5160261a4.csv
1,66a5160261a4,2025-10-21T15:38:22.266902,shrek3,the,1285,True,9da86a20dc04,3.969047000282444,latency-66a5160261a4.csv
1,66a5160261a4,2025-10-21T15:38:22.374861,shrek,rising,1,True,9da86a20dc04,8.155527000781149,latency-66a5160261a4.csv
1,66a5160261a4,2025-10-21T15:38:22.487091,shrek3,CHARMING,232,True,9da86a20dc04,7.48821399974986,latency-66a5160261a4.csv
1,66a5160261a4,2025-10-21T15:38:22.598525,shrek3,ARTIE,213,True,9da86a20dc04,11.920815999474144,latency-66a5160261a4.csv
2,66a5160261a4,2025-10-21T15:38:22.716631,shrek,FIONA'S,3,True,9da86a20dc04,3.612944999986212,latency-66a5160261a4.csv
2,66a5160261a4,2025-10-21T15:38:22.826033,shrek,after,10,True,9da86a20dc04,3.5874749992217403,latency-66a5160261a4.csv
2,66a5160261a4,2025-10-21T15:38:22.936536,shrek,happily,2,True,9da86a20dc04,3.860003000227152,latency-66a5160261a4.csv
2,66a5160261a4,2025-10-21T15:38:23.047623,grail,sell,1,True,9da86a20dc04,3.042869000637438,latency-66a5160261a4.csv
2,66a5160261a4,2025-10-21T15:38:23.155352,shrek3,glass,9,True,9da86a20dc04,3.277814999819384,latency-66a5160261a4.csv
2,66a5160261a4,2025-10-21T15:38:23.264520,shrek3,116,1,True,9da86a20dc04,2.517947999876924,latency-66a5160261a4.csv
2,66a5160261a4,2025-10-21T15:38:23.371768,shrek3,at,134,True,9da86a20dc04,3.667149998364039,latency-66a5160261a4.csv
2,66a5160261a4,2025-10-21T15:38:23.480404,shrek3,WOLF,7,True,9da86a20dc04,2.9625530005432665,latency-66a5160261a4.csv
2,66a5160261a4,2025-10-21T15:38:23.587272,shrek3,get,39,True,9da86a20dc04,4.512507999606896,latency-66a5160261a4.csv
2,66a5160261a4,2025-10-21T15:38:23.694770,grail,"lute,",0,True,9da86a20dc04,9.5915439997043,latency-66a5160261a4.csv
2,66a5160261a4,2025-10-21T15:38:23.809996,grail,Yeah,13,True,9da86a20dc04,3.826840000328957,latency-66a5160261a4.csv
2,66a5160261a4,2025-10-21T15:38:23.921381,shrek,Is,132,True,9da86a20dc04,15.876295999987631,latency-66a5160261a4.csv
2,66a5160261a4,2025-10-21T15:38:24.043704,grail,king,136,True,9da86a20dc04,2.731047999986913,latency-66a5160261a4.csv
2,66a5160261a4,2025-10-21T15:38:24.151591,shrek,FIONA,211,True,9da86a20dc04,7.002455999099766,latency-66a5160261a4.csv
2,66a5160261a4,2025-10-21T15:38:24.269850,shrek,FIONA,211,True,9da86a20dc04,2.999678999913158,latency-66a5160261a4.csv
2,66a5160261a4,2025-10-21T15:38:24.375996,shrek3,SHREK,678,True,9da86a20dc04,5.330914000296616,latency-66a5160261a4.csv
2,66a5160261a4,2025-10-21T15:38:24.488141,shrek3,the,1285,True,9da86a20dc04,4.057632000694866,latency-66a5160261a4.csv
2,66a5160261a4,2025-10-21T15:38:24.596269,shrek,rising,1,True,9da86a20dc04,4.2047110000567045,latency-66a5160261a4.csv
2,66a5160261a4,2025-10-21T15:38:24.706204,shrek3,CHARMING,232,True,9da86a20dc04,4.041845999381621,latency-66a5160261a4.csv
2,66a5160261a4,2025-10-21T15:38:24.815349,shrek3,ARTIE,213,True,9da86a20dc04,3.695413000968984,latency-66a5160261a4.csv
1,66bde96dc8be,2025-10-21T15:38:08.458575,shrek,I,386,True,9da86a20dc04,4.007921999800601,latency-66bde96dc8be.csv
1,66bde96dc8be,2025-10-21T15:38:08.569701,shrek,our,11,True,9da86a20dc04,3.887663000568864,latency-66bde96dc8be.csv
1,66bde96dc8be,2025-10-21T15:38:08.678819,grail,them,41,True,9da86a20dc04,3.768676000618143,latency-66bde96dc8be.csv
1,66bde96dc8be,2025-10-21T15:38:08.786992,grail,Bum,13,True,9da86a20dc04,3.45895999998902,latency-66bde96dc8be.csv
1,66bde96dc8be,2025-10-21T15:38:08.894867,shrek3,Whoa,7,True,9da86a20dc04,4.7521029991912656,latency-66bde96dc8be.csv
1,66bde96dc8be,2025-10-21T15:38:09.005039,grail,and,722,True,9da86a20dc04,6.831227001384832,latency-66bde96dc8be.csv
1,66bde96dc8be,2025-10-21T15:38:09.120530,grail,CALLS,3,True,9da86a20dc04,5.2535899994836655,latency-66bde96dc8be.csv
1,66bde96dc8be,2025-10-21T15:38:09.233539,grail,door,14,True,9da86a20dc04,4.25817600080336,latency-66bde96dc8be.csv
1,66bde96dc8be,2025-10-21T15:38:09.342939,grail,is,317,True,9da86a20dc04,28.371746000630083,latency-66bde96dc8be.csv
1,66bde96dc8be,2025-10-21T15:38:09.490900,grail,Get,47,False,9da86a20dc04,19.606672000008984,latency-66bde96dc8be.csv
1,66bde96dc8be,2025-10-21T15:38:09.636239,shrek3,WOLF,7,True,9da86a20dc04,4.91316999978153,latency-66bde96dc8be.csv
1,66bde96dc8be,2025-10-21T15:38:09.749274,grail,of,684,True,9da86a20dc04,10.937725999610848,latency-66bde96dc8be.csv
1,66bde96dc8be,2025-10-21T15:38:09.865752,grail,Boom,4,False,9da86a20dc04,37.38058599992655,latency-66bde96dc8be.csv
1,66bde96dc8be,2025-10-21T15:38:10.018253,shrek,tale,7,True,9da86a20dc04,8.711242000572383,latency-66bde96dc8be.csv
1,66bde96dc8be,2025-10-21T15:38:10.138493,grail,to,718,True,9da86a20dc04,8.013408998522209,latency-66bde96dc8be.csv
1,66bde96dc8be,2025-10-21T15:38:10.276090,shrek,and,318,True,9da86a20dc04,3.8876380003785016,latency-66bde96dc8be.csv
1,66bde96dc8be,2025-10-21T15:38:10.385643,grail,3,18,True,9da86a20dc04,4.2463099998713005,latency-66bde96dc8be.csv
1,66bde96dc8be,2025-10-21T15:38:10.496589,shrek,rising,1,False,9da86a20dc04,10.212348001005012,latency-66bde96dc8be.csv
1,66bde96dc8be,2025-10-21T15:38:10.621290,grail,Bridge,30,True,9da86a20dc04,3.4461000013834564,latency-66bde96dc8be.csv
1,66bde96dc8be,2025-10-21T15:38:10.728959,shrek3,its,1,True,9da86a20dc04,3.584214000511565,latency-66bde96dc8be.csv
2,66bde96dc8be,2025-10-21T15:38:10.836548,shrek,I,386,True,9da86a20dc04,2.7351409989933018,latency-66bde96dc8be.csv
2,66bde96dc8be,2025-10-21T15:38:10.942595,shrek,our,11,True,9da86a20dc04,2.410871999018127,latency-66bde96dc8be.csv
2,66bde96dc8be,2025-10-21T15:38:11.048028,grail,them,41,True,9da86a20dc04,3.052726000532857,latency-66bde96dc8be.csv
2,66bde96dc8be,2025-10-21T15:38:11.154573,grail,Bum,13,True,9da86a20dc04,9.658348000812111,latency-66bde96dc8be.csv
2,66bde96dc8be,2025-10-21T15:38:11.270499,shrek3,Whoa,7,True,9da86a20dc04,4.403474000355345,latency-66bde96dc8be.csv
2,66bde96dc8be,2025-10-21T15:38:11.378548,grail,and,722,True,9da86a20dc04,6.255493999560713,latency-66bde96dc8be.csv
2,66bde96dc8be,2025-10-21T15:38:11.489284,grail,CALLS,3,True,9da86a20dc04,6.551845001013135,latency-66bde96dc8be.csv
2,66bde96dc8be,2025-10-21T15:38:11.600258,grail,door,14,True,9da86a20dc04,6.212853000761243,latency-66bde96dc8be.csv
2,66bde96dc8be,2025-10-21T15:38:11.710664,grail,is,317,True,9da86a20dc04,4.63908800156787,latency-66bde96dc8be.csv
2,66bde96dc8be,2025-10-21T15:38:11.818975,grail,Get,47,True,9da86a20dc04,4.18704100047762,latency-66bde96dc8be.csv
2,66bde96dc8be,2025-10-21T15:38:11.927841,shrek3,WOLF,7,True,9da86a20dc04,4.5786890004819725,latency-66bde96dc8be.csv
2,66bde96dc8be,2025-10-21T15:38:12.036737,grail,of,684,True,9da86a20dc04,4.412645999764209,latency-66bde96dc8be.csv
2,66bde96dc8be,2025-10-21T15:38:12.146266,grail,Boom,4,True,9da86a20dc04,5.646702000376536,latency-66bde96dc8be.csv
2,66bde96dc8be,2025-10-21T15:38:12.256479,shrek,tale,7,True,9da86a20dc04,5.241015998763032,latency-66bde96dc8be.csv
2,66bde96dc8be,2025-10-21T15:38:12.366481,grail,to,718,True,9da86a20dc04,14.474853000137957,latency-66bde96dc8be.csv
2,66bde96dc8be,2025-10-21T15:38:12.487587,shrek,and,318,True,9da86a20dc04,4.984257000614889,latency-66bde96dc8be.csv
2,66bde96dc8be,2025-10-21T15:38:12.602491,grail,3,18,True,9da86a20dc04,10.688971999115893,latency-66bde96dc8be.csv
2,66bde96dc8be,2025-10-21T15:38:12.723329,shrek,rising,1,True,9da86a20dc04,4.218289999698754,latency-66bde96dc8be.csv
2,66bde96dc8be,2025-10-21T15:38:12.836395,grail,Bridge,30,True,9da86a20dc04,29.406264000499505,latency-66bde96dc8be.csv
2,66bde96dc8be,2025-10-21T15:38:12.977760,shrek3,its,1,True,9da86a20dc04,3.865664999466389,latency-66bde96dc8be.csv
1,66be9cb8f01a,2025-10-21T15:38:15.948063,shrek,at,62,True,9da86a20dc04,4.40802800039819,latency-66be9cb8f01a.csv
1,66be9cb8f01a,2025-10-21T15:38:16.060216,shrek3,you,328,True,9da86a20dc04,4.758879000291927,latency-66be9cb8f01a.csv
1,66be9cb8f01a,2025-10-21T15:38:16.172850,grail,pseudonym,1,True,9da86a20dc04,3.224715001124423,latency-66be9cb8f01a.csv
1,66be9cb8f01a,2025-10-21T15:38:16.280262,shrek,his,48,True,9da86a20dc04,2.838417000020854,latency-66be9cb8f01a.csv
1,66be9cb8f01a,2025-10-21T15:38:16.386766,shrek,this,79,True,9da86a20dc04,3.0579479989683023,latency-66be9cb8f01a.csv
1,66be9cb8f01a,2025-10-21T15:38:16.493895,grail,are,114,True,9da86a20dc04,2.249956998639391,latency-66be9cb8f01a.csv
1,66be9cb8f01a,2025-10-21T15:38:16.599448,shrek,FARQUAAD,84,True,9da86a20dc04,4.11186399833241,latency-66be9cb8f01a.csv
1,66be9cb8f01a,2025-10-21T15:38:16.707511,grail,I,298,True,9da86a20dc04,3.901795000274433,latency-66be9cb8f01a.csv
1,66be9cb8f01a,2025-10-21T15:38:16.815379,shrek,trip,1,True,9da86a20dc04,3.727113000422833,latency-66be9cb8f01a.csv
1,66be9cb8f01a,2025-10-21T15:38:16.923032,shrek,FIONA'S,3,True,9da86a20dc04,2.422518000457785,latency-66be9cb8f01a.csv
1,66be9cb8f01a,2025-10-21T15:38:17.029209,grail,the,1600,True,9da86a20dc04,8.706713999345084,latency-66be9cb8f01a.csv
1,66be9cb8f01a,2025-10-21T15:38:17.144128,shrek3,through,43,False,9da86a20dc04,19.067581999479444,latency-66be9cb8f01a.csv
1,66be9cb8f01a,2025-10-21T15:38:17.270669,shrek,whistles,2,True,9da86a20dc04,18.752600999505376,latency-66be9cb8f01a.csv
1,66be9cb8f01a,2025-10-21T15:38:17.414168,shrek3,of,275,True,9da86a20dc04,4.055424000398489,latency-66be9cb8f01a.csv
1,66be9cb8f01a,2025-10-21T15:38:17.524122,shrek3,dat,1,True,9da86a20dc04,5.789914001070429,latency-66be9cb8f01a.csv
1,66be9cb8f01a,2025-10-21T15:38:17.634048,shrek3,PRINCE,207,True,9da86a20dc04,5.327103999661631,latency-66be9cb8f01a.csv
1,66be9cb8f01a,2025-10-21T15:38:17.744643,shrek,SHREK,433,True,9da86a20dc04,6.367273001160356,latency-66be9cb8f01a.csv
1,66be9cb8f01a,2025-10-21T15:38:17.856954,shrek3,CAPTAIN,41,True,9da86a20dc04,3.685280000354396,latency-66be9cb8f01a.csv
1,66be9cb8f01a,2025-10-21T15:38:17.965384,shrek,DONKEY,320,True,9da86a20dc04,6.501018000562908,latency-66be9cb8f01a.csv
1,66be9cb8f01a,2025-10-21T15:38:18.078313,shrek3,MERLIN,73,True,9da86a20dc04,3.9022510009090174,latency-66be9cb8f01a.csv
2,66be9cb8f01a,2025-10-21T15:38:18.190891,shrek,at,62,True,9da86a20dc04,3.358100999321323,latency-66be9cb8f01a.csv
2,66be9cb8f01a,2025-10-21T15:38:18.297668,shrek3,you,328,True,9da86a20dc04,3.40940999922168,latency-66be9cb8f01a.csv
2,66be9cb8f01a,2025-10-21T15:38:18.404460,grail,pseudonym,1,True,9da86a20dc04,3.24516299951938,latency-66be9cb8f01a.csv
2,66be9cb8f01a,2025-10-21T15:38:18.511169,shrek,his,48,True,9da86a20dc04,3.019488000063575,latency-66be9cb8f01a.csv
2,66be9cb8f01a,2025-10-21T15:38:18.617772,shrek,this,79,True,9da86a20dc04,3.269549000833649,latency-66be9cb8f01a.csv
2,66be9cb8f01a,2025-10-21T15:38:18.724684,grail,are,114,True,9da86a20dc04,4.221781999149243,latency-66be9cb8f01a.csv
2,66be9cb8f01a,2025-10-21T15:38:18.832970,shrek,FARQUAAD,84,True,9da86a20dc04,5.545797001104802,latency-66be9cb8f01a.csv
2,66be9cb8f01a,2025-10-21T15:38:18.942871,grail,I,298,True,9da86a20dc04,4.164322001088294,latency-66be9cb8f01a.csv
2,66be9cb8f01a,2025-10-21T15:38:19.050911,shrek,trip,1,True,9da86a20dc04,3.54656600029557,latency-66be9cb8f01a.csv
2,66be9cb8f01a,2025-10-21T15:38:19.159142,shrek,FIONA'S,3,True,9da86a20dc04,4.493173999435385,latency-66be9cb8f01a.csv
2,66be9cb8f01a,2025-10-21T15:38:19.271505,grail,the,1600,True,9da86a20dc04,6.989204999626963,latency-66be9cb8f01a.csv
2,66be9cb8f01a,2025-10-21T15:38:19.389073,shrek3,through,43,True,9da86a20dc04,3.636048999396735,latency-66be9cb8f01a.csv
2,66be9cb8f01a,2025-10-21T15:38:19.495893,shrek,whistles,2,True,9da86a20dc04,2.7790149997599656,latency-66be9cb8f01a.csv
2,66be9cb8f01a,2025-10-21T15:38:19.601901,shrek3,of,275,True,9da86a20dc04,4.179900000963244,latency-66be9cb8f01a.csv
2,66be9cb8f01a,2025-10-21T15:38:19.710572,shrek3,dat,1,True,9da86a20dc04,3.9134379985625856,latency-66be9cb8f01a.csv
2,66be9cb8f01a,2025-10-21T15:38:19.817657,shrek3,PRINCE,207,True,9da86a20dc04,2.7821530002256623,latency-66be9cb8f01a.csv
2,66be9cb8f01a,2025-10-21T15:38:19.924421,shrek,SHREK,433,True,9da86a20dc04,5.312560000675148,latency-66be9cb8f01a.csv
2,66be9cb8f01a,2025-10-21T15:38:20.034504,shrek3,CAPTAIN,41,True,9da86a20dc04,3.4526149993325816,latency-66be9cb8f01a.csv
2,66be9cb8f01a,2025-10-21T15:38:20.141482,shrek,DONKEY,320,True,9da86a20dc04,3.3358370001224102,latency-66be9cb8f01a.csv
2,66be9cb8f01a,2025-10-21T15:38:20.248651,shrek3,MERLIN,73,True,9da86a20dc04,2.807826000207569,latency-66be9cb8f01a.csv
1,6bbb63e133b7,2025-10-21T15:38:23.518282,grail,from,94,True,9da86a20dc04,2.68908299949544,latency-6bbb63e133b7.csv
1,6bbb63e133b7,2025-10-21T15:38:23.624189,grail,"lute,",0,True,9da86a20dc04,3.157524999551242,latency-6bbb63e133b7.csv
1,6bbb63e133b7,2025-10-21T15:38:23.731012,shrek3,ruby,1,True,9da86a20dc04,12.26018700072018,latency-6bbb63e133b7.csv
1,6bbb63e133b7,2025-10-21T15:38:23.849636,grail,seek,12,True,9da86a20dc04,9.631556999011082,latency-6bbb63e133b7.csv
1,6bbb63e133b7,2025-10-21T15:38:23.964729,shrek3,Ahh,8,True,9da86a20dc04,5.260854999505682,latency-6bbb63e133b7.csv
1,6bbb63e133b7,2025-10-21T15:38:24.075602,shrek3,PUSS,196,True,9da86a20dc04,7.702599999902304,latency-6bbb63e133b7.csv
1,6bbb63e133b7,2025-10-21T15:38:24.189280,grail,few,8,True,9da86a20dc04,6.978011000683182,latency-6bbb63e133b7.csv
1,6bbb63e133b7,2025-10-21T15:38:24.304344,shrek3,the,1285,True,9da86a20dc04,7.372201000180212,latency-6bbb63e133b7.csv
1,6bbb63e133b7,2025-10-21T15:38:24.416469,shrek,SHREK,433,True,9da86a20dc04,5.648624999594176,latency-6bbb63e133b7.csv
1,6bbb63e133b7,2025-10-21T15:38:24.529444,shrek,DONKEY,320,True,9da86a20dc04,4.199793000225327,latency-6bbb63e133b7.csv
1,6bbb63e133b7,2025-10-21T15:38:24.637893,shrek3,Shrek,678,True,9da86a20dc04,3.2128860002558213,latency-6bbb63e133b7.csv
1,6bbb63e133b7,2025-10-21T15:38:24.744849,grail,Guard,106,True,9da86a20dc04,3.2326839991583256,latency-6bbb63e133b7.csv
1,6bbb63e133b7,2025-10-21T15:38:24.852000,shrek,HOOD,13,True,9da86a20dc04,4.625609999493463,latency-6bbb63e133b7.csv
1,6bbb63e133b7,2025-10-21T15:38:24.961542,shrek,to,268,True,9da86a20dc04,5.664440001055482,latency-6bbb63e133b7.csv
1,6bbb63e133b7,2025-10-21T15:38:25.073014,shrek3,CAPTAIN,41,True,9da86a20dc04,3.123989001323934,latency-6bbb63e133b7.csv
1,6bbb63e133b7,2025-10-21T15:38:25.179946,grail,CALLS,3,True,9da86a20dc04,4.21374100005778,latency-6bbb63e133b7.csv
1,6bbb63e133b7,2025-10-21T15:38:25.290586,grail,the,1600,True,9da86a20dc04,5.231167999227182,latency-6bbb63e133b7.csv
1,6bbb63e133b7,2025-10-21T15:38:25.403479,grail,are,114,True,9da86a20dc04,7.560495998404804,latency-6bbb63e133b7.csv
1,6bbb63e133b7,2025-10-21T15:38:25.516967,grail,rows,1,True,9da86a20dc04,3.354579999722773,latency-6bbb63e133b7.csv
1,6bbb63e133b7,2025-10-21T15:38:25.624944,shrek,He,118,True,9da86a20dc04,5.695235000530374,latency-6bbb63e133b7.csv
2,6bbb63e133b7,2025-10-21T15:38:25.737464,grail,from,94,True,9da86a20dc04,3.47564999901806,latency-6bbb63e133b7.csv
2,6bbb63e133b7,2025-10-21T15:38:25.844513,grail,"lute,",0,True,9da86a20dc04,5.4080879999673925,latency-6bbb63e133b7.csv
2,6bbb63e133b7,2025-10-21T15:38:25.954708,shrek3,ruby,1,True,9da86a20dc04,4.756226000608876,latency-6bbb63e133b7.csv
2,6bbb63e133b7,2025-10-21T15:38:26.062889,grail,seek,12,True,9da86a20dc04,7.295596000403748,latency-6bbb63e133b7.csv
2,6bbb63e133b7,2025-10-21T15:38:26.182311,shrek3,Ahh,8,True,9da86a20dc04,3.4946830000990303,latency-6bbb63e133b7.csv
2,6bbb63e133b7,2025-10-21T15:38:26.289413,shrek3,PUSS,196,True,9da86a20dc04,2.886030999434297,latency-6bbb63e133b7.csv
2,6bbb63e133b7,2025-10-21T15:38:26.395813,grail,few,8,True,9da86a20dc04,4.002439000032609,latency-6bbb63e133b7.csv
2,6bbb63e133b7,2025-10-21T15:38:26.504325,shrek3,the,1285,True,9da86a20dc04,4.18139599969436,latency-6bbb63e133b7.csv
2,6bbb63e133b7,2025-10-21T15:38:26.612550,shrek,SHREK,433,True,9da86a20dc04,2.436007998767309,latency-6bbb63e133b7.csv
2,6bbb63e133b7,2025-10-21T15:38:26.718241,shrek,DONKEY,320,True,9da86a20dc04,4.6191049987101,latency-6bbb63e133b7.csv
2,6bbb63e133b7,2025-10-21T15:38:26.827006,shrek3,Shrek,678,True,9da86a20dc04,5.93124499937403,latency-6bbb63e133b7.csv
2,6bbb63e133b7,2025-10-21T15:38:26.937808,grail,Guard,106,True,9da86a20dc04,2.667376000317745,latency-6bbb63e133b7.csv
2,6bbb63e133b7,2025-10-21T15:38:27.044099,shrek,HOOD,13,True,9da86a20dc04,2.143566000086139,latency-6bbb63e133b7.csv
2,6bbb63e133b7,2025-10-21T15:38:27.150226,shrek,to,268,True,9da86a20dc04,2.622113999677822,latency-6bbb63e133b7.csv
2,6bbb63e133b7,2025-10-21T15:38:27.257302,shrek3,CAPTAIN,41,True,9da86a20dc04,4.054588998769759,latency-6bbb63e133b7.csv
2,6bbb63e133b7,2025-10-21T15:38:27.368991,grail,CALLS,3,True,9da86a20dc04,5.023641000661883,latency-6bbb63e133b7.csv
2,6bbb63e133b7,2025-10-21T15:38:27.479335,grail,the,1600,True,9da86a20dc04,3.621593999923789,latency-6bbb63e133b7.csv
2,6bbb63e133b7,2025-10-21T15:38:27.587834,grail,are,114,True,9da86a20dc04,3.241095999328536,latency-6bbb63e133b7.csv
2,6bbb63e133b7,2025-10-21T15:38:27.694651,grail,rows,1,True,9da86a20dc04,3.449690000707051,latency-6bbb63e133b7.csv
2,6bbb63e133b7,2025-10-21T15:38:27.802891,shrek,He,118,True,9da86a20dc04,4.8260179992212215,latency-6bbb63e133b7.csv
1,6c57b7a6d4e7,2025-10-21T15:38:19.056494,shrek,FIONA,211,True,9da86a20dc04,3.8235339998209374,latency-6c57b7a6d4e7.csv
1,6c57b7a6d4e7,2025-10-21T15:38:19.164026,grail,witch,30,True,9da86a20dc04,6.903043000420439,latency-6c57b7a6d4e7.csv
1,6c57b7a6d4e7,2025-10-21T15:38:19.274954,shrek,minute,3,True,9da86a20dc04,11.208022000573692,latency-6c57b7a6d4e7.csv
1,6c57b7a6d4e7,2025-10-21T15:38:19.398123,shrek3,an,51,True,9da86a20dc04,3.87021700043988,latency-6c57b7a6d4e7.csv
1,6c57b7a6d4e7,2025-10-21T15:38:19.506527,shrek3,cues,3,True,9da86a20dc04,3.082294000705588,latency-6c57b7a6d4e7.csv
1,6c57b7a6d4e7,2025-10-21T15:38:19.612777,grail,Boom,4,True,9da86a20dc04,5.435304999991786,latency-6c57b7a6d4e7.csv
1,6c57b7a6d4e7,2025-10-21T15:38:19.722462,grail,are,114,True,9da86a20dc04,2.7555050000955816,latency-6c57b7a6d4e7.csv
1,6c57b7a6d4e7,2025-10-21T15:38:19.828378,grail,the,1600,True,9da86a20dc04,3.2920029989327304,latency-6c57b7a6d4e7.csv
1,6c57b7a6d4e7,2025-10-21T15:38:19.935339,grail,ANOTHER,25,True,9da86a20dc04,13.843048998751328,latency-6c57b7a6d4e7.csv
1,6c57b7a6d4e7,2025-10-21T15:38:20.055469,shrek,I,386,True,9da86a20dc04,3.4913979998236755,latency-6c57b7a6d4e7.csv
1,6c57b7a6d4e7,2025-10-21T15:38:20.162319,shrek3,BOAT,32,True,9da86a20dc04,4.598728999553714,latency-6c57b7a6d4e7.csv
1,6c57b7a6d4e7,2025-10-21T15:38:20.272749,grail,are,114,True,9da86a20dc04,4.822521001187852,latency-6c57b7a6d4e7.csv
1,6c57b7a6d4e7,2025-10-21T15:38:20.381476,shrek3,Ahh,8,True,9da86a20dc04,3.7876540009165183,latency-6c57b7a6d4e7.csv
1,6c57b7a6d4e7,2025-10-21T15:38:20.489392,grail,Guard,106,True,9da86a20dc04,3.3236839990422595,latency-6c57b7a6d4e7.csv
1,6c57b7a6d4e7,2025-10-21T15:38:20.598652,shrek,this,79,True,9da86a20dc04,3.130649998638546,latency-6c57b7a6d4e7.csv
1,6c57b7a6d4e7,2025-10-21T15:38:20.709508,shrek,edge,2,True,9da86a20dc04,3.1745690012030536,latency-6c57b7a6d4e7.csv
1,6c57b7a6d4e7,2025-10-21T15:38:20.818354,shrek,trip,1,True,9da86a20dc04,2.438524999888614,latency-6c57b7a6d4e7.csv
1,6c57b7a6d4e7,2025-10-21T15:38:20.923987,shrek,SHREK,433,True,9da86a20dc04,2.698741000131122,latency-6c57b7a6d4e7.csv
1,6c57b7a6d4e7,2025-10-21T15:38:21.031204,grail,sell,1,True,9da86a20dc04,2.6700240014179144,latency-6c57b7a6d4e7.csv
1,6c57b7a6d4e7,2025-10-21T15:38:21.137254,shrek,the,535,True,9da86a20dc04,3.0297239991341485,latency-6c57b7a6d4e7.csv
2,6c57b7a6d4e7,2025-10-21T15:38:21.244037,shrek,FIONA,211,True,9da86a20dc04,4.177186001470545,latency-6c57b7a6d4e7.csv
2,6c57b7a6d4e7,2025-10-21T15:38:21.353535,grail,witch,30,True,9da86a20dc04,2.394408998952713,latency-6c57b7a6d4e7.csv
2,6c57b7a6d4e7,2025-10-21T15:38:21.458951,shrek,minute,3,True,9da86a20dc04,4.144016000282136,latency-6c57b7a6d4e7.csv
2,6c57b7a6d4e7,2025-10-21T15:38:21.568077,shrek3,an,51,True,9da86a20dc04,4.665078000471112,latency-6c57b7a6d4e7.csv
2,6c57b7a6d4e7,2025-10-21T15:38:21.677214,shrek3,cues,3,True,9da86a20dc04,7.1867130009195535,latency-6c57b7a6d4e7.csv
2,6c57b7a6d4e7,2025-10-21T15:38:21.791493,grail,Boom,4,True,9da86a20dc04,2.67076599993743,latency-6c57b7a6d4e7.csv
2,6c57b7a6d4e7,2025-10-21T15:38:21.897968,grail,are,114,True,9da86a20dc04,4.584657999657793,latency-6c57b7a6d4e7.csv
2,6c57b7a6d4e7,2025-10-21T15:38:22.009151,grail,the,1600,True,9da86a20dc04,2.571743998487364,latency-6c57b7a6d4e7.csv
2,6c57b7a6d4e7,2025-10-21T15:38:22.114772,grail,ANOTHER,25,True,9da86a20dc04,5.0162250008725096,latency-6c57b7a6d4e7.csv
2,6c57b7a6d4e7,2025-10-21T15:38:22.223818,shrek,I,386,True,9da86a20dc04,13.462068000080762,latency-6c57b7a6d4e7.csv
2,6c57b7a6d4e7,2025-10-21T15:38:22.351384,shrek3,BOAT,32,True,9da86a20dc04,5.712101999961305,latency-6c57b7a6d4e7.csv
2,6c57b7a6d4e7,2025-10-21T15:38:22.467394,grail,are,114,True,9da86a20dc04,2.4718290005694143,latency-6c57b7a6d4e7.csv
2,6c57b7a6d4e7,2025-10-21T15:38:22.573032,shrek3,Ahh,8,True,9da86a20dc04,2.9074640006001573,latency-6c57b7a6d4e7.csv
2,6c57b7a6d4e7,2025-10-21T15:38:22.679306,grail,Guard,106,True,9da86a20dc04,3.0683530003443598,latency-6c57b7a6d4e7.csv
2,6c57b7a6d4e7,2025-10-21T15:38:22.786460,shrek,this,79,True,9da86a20dc04,2.7368730006855917,latency-6c57b7a6d4e7.csv
2,6c57b7a6d4e7,2025-10-21T15:38:22.892280,shrek,edge,2,True,9da86a20dc04,2.814364001096692,latency-6c57b7a6d4e7.csv
2,6c57b7a6d4e7,2025-10-21T15:38:22.998605,shrek,trip,1,True,9da86a20dc04,8.045259999562404,latency-6c57b7a6d4e7.csv
2,6c57b7a6d4e7,2025-10-21T15:38:23.111017,shrek,SHREK,433,True,9da86a20dc04,12.300673999561695,latency-6c57b7a6d4e7.csv
2,6c57b7a6d4e7,2025-10-21T15:38:23.228243,grail,sell,1,True,9da86a20dc04,6.576458999916213,latency-6c57b7a6d4e7.csv
2,6c57b7a6d4e7,2025-10-21T15:38:23.341301,shrek,the,535,True,9da86a20dc04,10.320053001123595,latency-6c57b7a6d4e7.csv
1,6e0490a31e24,2025-10-21T15:38:32.798493,shrek,minute,3,True,9da86a20dc04,7.385169999906793,latency-6e0490a31e24.csv
1,6e0490a31e24,2025-10-21T15:38:32.915894,shrek3,did,14,True,9da86a20dc04,5.636110001432826,latency-6e0490a31e24.csv
1,6e0490a31e24,2025-10-21T15:38:33.030569,shrek,SHREK,433,True,9da86a20dc04,13.189993998821592,latency-6e0490a31e24.csv
1,6e0490a31e24,2025-10-21T15:38:33.160278,shrek3,flaming,2,True,9da86a20dc04,5.416549000074156,latency-6e0490a31e24.csv
1,6e0490a31e24,2025-10-21T15:38:33.271688,shrek,its,1,True,9da86a20dc04,3.0669160005345475,latency-6e0490a31e24.csv
1,6e0490a31e24,2025-10-21T15:38:33.378467,shrek,I,386,True,9da86a20dc04,4.960704998666188,latency-6e0490a31e24.csv
1,6e0490a31e24,2025-10-21T15:38:33.494263,shrek3,and,576,True,9da86a20dc04,3.301631000795169,latency-6e0490a31e24.csv
1,6e0490a31e24,2025-10-21T15:38:33.601004,shrek,one,44,True,9da86a20dc04,2.753793000010773,latency-6e0490a31e24.csv
1,6e0490a31e24,2025-10-21T15:38:33.707248,grail,king,136,True,9da86a20dc04,2.42390899984457,latency-6e0490a31e24.csv
1,6e0490a31e24,2025-10-21T15:38:33.812939,shrek,"Well,",0,True,9da86a20dc04,5.007485999158234,latency-6e0490a31e24.csv
1,6e0490a31e24,2025-10-21T15:38:33.922453,shrek3,of,275,True,9da86a20dc04,4.599675999997999,latency-6e0490a31e24.csv
1,6e0490a31e24,2025-10-21T15:38:34.031244,shrek3,Whoa,7,True,9da86a20dc04,3.673026001706603,latency-6e0490a31e24.csv
1,6e0490a31e24,2025-10-21T15:38:34.138618,shrek3,them,44,True,9da86a20dc04,6.258777999391896,latency-6e0490a31e24.csv
1,6e0490a31e24,2025-10-21T15:38:34.249614,shrek3,Cinderella,21,True,9da86a20dc04,25.938119000784354,latency-6e0490a31e24.csv
1,6e0490a31e24,2025-10-21T15:38:34.399140,grail,Aaaaugh,9,True,9da86a20dc04,6.03216300078202,latency-6e0490a31e24.csv
1,6e0490a31e24,2025-10-21T15:38:34.514757,shrek,FIONA,211,True,9da86a20dc04,18.384066999715287,latency-6e0490a31e24.csv
1,6e0490a31e24,2025-10-21T15:38:34.642970,grail,LANCELOT,59,True,9da86a20dc04,10.512681999898632,latency-6e0490a31e24.csv
1,6e0490a31e24,2025-10-21T15:38:34.764767,shrek3,Hold,8,True,9da86a20dc04,6.591765000848682,latency-6e0490a31e24.csv
1,6e0490a31e24,2025-10-21T15:38:34.884180,shrek3,TO,511,True,9da86a20dc04,5.263102999379044,latency-6e0490a31e24.csv
1,6e0490a31e24,2025-10-21T15:38:35.002140,shrek3,SHOUTING),0,True,9da86a20dc04,4.626771000403096,latency-6e0490a31e24.csv
2,6e0490a31e24,2025-10-21T15:38:35.112645,shrek,minute,3,True,9da86a20dc04,2.768499998637708,latency-6e0490a31e24.csv
2,6e0490a31e24,2025-10-21T15:38:35.221013,shrek3,did,14,True,9da86a20dc04,3.501602999676834,latency-6e0490a31e24.csv
2,6e0490a31e24,2025-10-21T15:38:35.328640,shrek,SHREK,433,True,9da86a20dc04,2.989549999256269,latency-6e0490a31e24.csv
2,6e0490a31e24,2025-10-21T15:38:35.435043,shrek3,flaming,2,True,9da86a20dc04,4.000973000074737,latency-6e0490a31e24.csv
2,6e0490a31e24,2025-10-21T15:38:35.542531,shrek,its,1,True,9da86a20dc04,3.325132000099984,latency-6e0490a31e24.csv
2,6e0490a31e24,2025-10-21T15:38:35.648903,shrek,I,386,True,9da86a20dc04,2.6523870001256,latency-6e0490a31e24.csv
2,6e0490a31e24,2025-10-21T15:38:35.756413,shrek3,and,576,True,9da86a20dc04,3.7678009994124295,latency-6e0490a31e24.csv
2,6e0490a31e24,2025-10-21T15:38:35.864163,shrek,one,44,True,9da86a20dc04,2.570937998825684,latency-6e0490a31e24.csv
2,6e0490a31e24,2025-10-21T15:38:35.969989,grail,king,136,True,9da86a20dc04,14.741963999767904,latency-6e0490a31e24.csv
2,6e0490a31e24,2025-10-21T15:38:36.090451,shrek,"Well,",0,True,9da86a20dc04,7.995498001037049,latency-6e0490a31e24.csv
2,6e0490a31e24,2025-10-21T15:38:36.201871,shrek3,of,275,True,9da86a20dc04,5.43139000001247,latency-6e0490a31e24.csv
2,6e0490a31e24,2025-10-21T15:38:36.312000,shrek3,Whoa,7,True,9da86a20dc04,4.719807000583387,latency-6e0490a31e24.csv
2,6e0490a31e24,2025-10-21T15:38:36.421307,shrek3,them,44,True,9da86a20dc04,5.264293000436737,latency-6e0490a31e24.csv
2,6e0490a31e24,2025-10-21T15:38:36.533120,shrek3,Cinderella,21,True,9da86a20dc04,4.036074999021366,latency-6e0490a31e24.csv
2,6e0490a31e24,2025-10-21T15:38:36.645506,grail,Aaaaugh,9,True,9da86a20dc04,3.140708000501036,latency-6e0490a31e24.csv
2,6e0490a31e24,2025-10-21T15:38:36.753757,shrek,FIONA,211,True,9da86a20dc04,6.110895999881905,latency-6e0490a31e24.csv
2,6e0490a31e24,2025-10-21T15:38:36.870119,grail,LANCELOT,59,True,9da86a20dc04,3.1157609992078505,latency-6e0490a31e24.csv
2,6e0490a31e24,2025-10-21T15:38:36.981636,shrek3,Hold,8,True,9da86a20dc04,2.2535669995704666,latency-6e0490a31e24.csv
2,6e0490a31e24,2025-10-21T15:38:37.087345,shrek3,TO,511,True,9da86a20dc04,5.5187069992825855,latency-6e0490a31e24.csv
2,6e0490a31e24,2025-10-21T15:38:37.197869,shrek3,SHOUTING),0,True,9da86a20dc04,2.203496000220184,latency-6e0490a31e24.csv
1,72aab15eff38,2025-10-21T15:38:31.543654,shrek3,CAPTAIN,41,True,9da86a20dc04,2.656706999914604,latency-72aab15eff38.csv
1,72aab15eff38,2025-10-21T15:38:31.649486,grail,(as,0,True,9da86a20dc04,2.647769000759581,latency-72aab15eff38.csv
1,72aab15eff38,2025-10-21T15:38:31.755572,grail,pathetic,4,True,9da86a20dc04,3.655124999568216,latency-72aab15eff38.csv
1,72aab15eff38,2025-10-21T15:38:31.863286,grail,a,666,True,9da86a20dc04,3.639513000962325,latency-72aab15eff38.csv
1,72aab15eff38,2025-10-21T15:38:31.970674,grail,feel,11,True,9da86a20dc04,2.8077240003767656,latency-72aab15eff38.csv
1,72aab15eff38,2025-10-21T15:38:32.076756,shrek,and,318,True,9da86a20dc04,3.584718999263714,latency-72aab15eff38.csv
1,72aab15eff38,2025-10-21T15:38:32.184344,shrek,DONKEY,320,True,9da86a20dc04,2.708662999793887,latency-72aab15eff38.csv
1,72aab15eff38,2025-10-21T15:38:32.291213,grail,3,18,True,9da86a20dc04,4.692480999437976,latency-72aab15eff38.csv
1,72aab15eff38,2025-10-21T15:38:32.400294,grail,Cleese,10,True,9da86a20dc04,3.606483000112348,latency-72aab15eff38.csv
1,72aab15eff38,2025-10-21T15:38:32.507825,shrek,on,88,True,9da86a20dc04,2.915155999289709,latency-72aab15eff38.csv
1,72aab15eff38,2025-10-21T15:38:32.614382,grail,right,66,True,9da86a20dc04,6.23174099928292,latency-72aab15eff38.csv
1,72aab15eff38,2025-10-21T15:38:32.724620,grail,sell,1,True,9da86a20dc04,7.43697500001872,latency-72aab15eff38.csv
1,72aab15eff38,2025-10-21T15:38:32.836382,shrek3,body),0,True,9da86a20dc04,6.153676000394626,latency-72aab15eff38.csv
1,72aab15eff38,2025-10-21T15:38:32.946965,shrek,SHREK,433,True,9da86a20dc04,4.625665000276058,latency-72aab15eff38.csv
1,72aab15eff38,2025-10-21T15:38:33.055789,grail,king,136,True,9da86a20dc04,19.505800999468192,latency-72aab15eff38.csv
1,72aab15eff38,2025-10-21T15:38:33.190417,shrek3,ARTIE,213,True,9da86a20dc04,9.288663999541312,latency-72aab15eff38.csv
1,72aab15eff38,2025-10-21T15:38:33.308918,grail,door,14,True,9da86a20dc04,4.141426001297077,latency-72aab15eff38.csv
1,72aab15eff38,2025-10-21T15:38:33.418412,shrek,No,114,True,9da86a20dc04,6.648481001320761,latency-72aab15eff38.csv
1,72aab15eff38,2025-10-21T15:38:33.532725,shrek,to,268,True,9da86a20dc04,8.65885200073535,latency-72aab15eff38.csv
1,72aab15eff38,2025-10-21T15:38:33.648903,grail,Rostmm,1,True,9da86a20dc04,4.690019999543438,latency-72aab15eff38.csv
2,72aab15eff38,2025-10-21T15:38:33.758712,shrek3,CAPTAIN,41,True,9da86a20dc04,5.565835999732371,latency-72aab15eff38.csv
2,72aab15eff38,2025-10-21T15:38:33.869866,grail,(as,0,True,9da86a20dc04,4.864040998654673,latency-72aab15eff38.csv
2,72aab15eff38,2025-10-21T15:38:33.983824,grail,pathetic,4,True,9da86a20dc04,3.82041899865726,latency-72aab15eff38.csv
2,72aab15eff38,2025-10-21T15:38:34.097722,grail,a,666,True,9da86a20dc04,9.530974999506723,latency-72aab15eff38.csv
2,72aab15eff38,2025-10-21T15:38:34.220529,grail,feel,11,True,9da86a20dc04,6.871917999887955,latency-72aab15eff38.csv
2,72aab15eff38,2025-10-21T15:38:34.335638,shrek,and,318,True,9da86a20dc04,3.80519399914192,latency-72aab15eff38.csv
2,72aab15eff38,2025-10-21T15:38:34.458337,shrek,DONKEY,320,True,9da86a20dc04,19.91324200025701,latency-72aab15eff38.csv
2,72aab15eff38,2025-10-21T15:38:34.599922,grail,3,18,True,9da86a20dc04,3.2673480000084965,latency-72aab15eff38.csv
2,72aab15eff38,2025-10-21T15:38:34.707195,grail,Cleese,10,True,9da86a20dc04,2.7064829992013983,latency-72aab15eff38.csv
2,72aab15eff38,2025-10-21T15:38:34.813152,shrek,on,88,True,9da86a20dc04,5.2199589990777895,latency-72aab15eff38.csv
2,72aab15eff38,2025-10-21T15:38:34.923731,grail,right,66,True,9da86a20dc04,5.4996010003378615,latency-72aab15eff38.csv
2,72aab15eff38,2025-10-21T15:38:35.033432,grail,sell,1,True,9da86a20dc04,4.354174001491629,latency-72aab15eff38.csv
2,72aab15eff38,2025-10-21T15:38:35.141694,shrek3,body),0,True,9da86a20dc04,3.982038000685861,latency-72aab15eff38.csv
2,72aab15eff38,2025-10-21T15:38:35.249597,shrek,SHREK,433,True,9da86a20dc04,7.258424999236013,latency-72aab15eff38.csv
2,72aab15eff38,2025-10-21T15:38:35.362399,grail,king,136,True,9da86a20dc04,5.377723999117734,latency-72aab15eff38.csv
2,72aab15eff38,2025-10-21T15:38:35.471460,shrek3,ARTIE,213,True,9da86a20dc04,5.704118000721792,latency-72aab15eff38.csv
2,72aab15eff38,2025-10-21T15:38:35.581506,grail,door,14,True,9da86a20dc04,6.2265309989015805,latency-72aab15eff38.csv
2,72aab15eff38,2025-10-21T15:38:35.708661,shrek,No,114,True,9da86a20dc04,2.997736999532208,latency-72aab15eff38.csv
2,72aab15eff38,2025-10-21T15:38:35.814967,shrek,to,268,True,9da86a20dc04,2.735948999543325,latency-72aab15eff38.csv
2,72aab15eff38,2025-10-21T15:38:35.920612,grail,Rostmm,1,True,9da86a20dc04,2.698173999306164,latency-72aab15eff38.csv
1,734565a01aa0,2025-10-21T15:38:24.349056,shrek3,SHOUTING),0,True,9da86a20dc04,3.29665500066767,latency-734565a01aa0.csv
1,734565a01aa0,2025-10-21T15:38:24.458651,grail,Cleveland,3,True,9da86a20dc04,5.936803998338291,latency-734565a01aa0.csv
1,734565a01aa0,2025-10-21T15:38:24.572201,shrek,I,386,True,9da86a20dc04,6.301846999122063,latency-734565a01aa0.csv
1,734565a01aa0,2025-10-21T15:38:24.683135,shrek3,RAPUNZEL,30,True,9da86a20dc04,3.7442190005094735,latency-734565a01aa0.csv
1,734565a01aa0,2025-10-21T15:38:24.790486,grail,lost,6,True,9da86a20dc04,4.198579999865615,latency-734565a01aa0.csv
1,734565a01aa0,2025-10-21T15:38:24.898239,grail,is,317,True,9da86a20dc04,6.140202000096906,latency-734565a01aa0.csv
1,734565a01aa0,2025-10-21T15:38:25.008786,grail,with/,0,True,9da86a20dc04,3.197174999513664,latency-734565a01aa0.csv
1,734565a01aa0,2025-10-21T15:38:25.115632,shrek,will,16,True,9da86a20dc04,3.9292260007641744,latency-734565a01aa0.csv
1,734565a01aa0,2025-10-21T15:38:25.223714,shrek,after,10,True,9da86a20dc04,4.566022000290104,latency-734565a01aa0.csv
1,734565a01aa0,2025-10-21T15:38:25.333328,grail,to,718,True,9da86a20dc04,5.957647999821347,latency-734565a01aa0.csv
1,734565a01aa0,2025-10-21T15:38:25.443529,shrek3,SHREK,678,True,9da86a20dc04,5.185533998883329,latency-734565a01aa0.csv
1,734565a01aa0,2025-10-21T15:38:25.553199,shrek3,"Suddenly,",0,True,9da86a20dc04,6.6290980012126965,latency-734565a01aa0.csv
1,734565a01aa0,2025-10-21T15:38:25.664365,shrek,CROWD,5,True,9da86a20dc04,3.641026998593589,latency-734565a01aa0.csv
1,734565a01aa0,2025-10-21T15:38:25.772118,shrek,lay,2,True,9da86a20dc04,2.499332000297727,latency-734565a01aa0.csv
1,734565a01aa0,2025-10-21T15:38:25.877822,grail,dancing,10,True,9da86a20dc04,3.420600000026752,latency-734565a01aa0.csv
1,734565a01aa0,2025-10-21T15:38:25.984850,grail,BEDEVERE,103,True,9da86a20dc04,3.311358001155895,latency-734565a01aa0.csv
1,734565a01aa0,2025-10-21T15:38:26.091690,grail,the,1600,True,9da86a20dc04,3.4747440004139207,latency-734565a01aa0.csv
1,734565a01aa0,2025-10-21T15:38:26.199205,shrek3,JOCKS,2,True,9da86a20dc04,4.033618000903516,latency-734565a01aa0.csv
1,734565a01aa0,2025-10-21T15:38:26.306757,shrek,CROWD,5,True,9da86a20dc04,5.512515001100837,latency-734565a01aa0.csv
1,734565a01aa0,2025-10-21T15:38:26.415752,grail,Who’s,3,True,9da86a20dc04,10.758959000668256,latency-734565a01aa0.csv
2,734565a01aa0,2025-10-21T15:38:26.534789,shrek3,SHOUTING),0,True,9da86a20dc04,3.3192780010722345,latency-734565a01aa0.csv
2,734565a01aa0,2025-10-21T15:38:26.641688,grail,Cleveland,3,True,9da86a20dc04,2.5657509995653527,latency-734565a01aa0.csv
2,734565a01aa0,2025-10-21T15:38:26.746841,shrek,I,386,True,9da86a20dc04,3.2288759994116845,latency-734565a01aa0.csv
2,734565a01aa0,2025-10-21T15:38:26.853625,shrek3,RAPUNZEL,30,True,9da86a20dc04,5.26832600007765,latency-734565a01aa0.csv
2,734565a01aa0,2025-10-21T15:38:26.966143,grail,lost,6,True,9da86a20dc04,3.3810889999585925,latency-734565a01aa0.csv
2,734565a01aa0,2025-10-21T15:38:27.073077,grail,is,317,True,9da86a20dc04,3.2952609999483684,latency-734565a01aa0.csv
2,734565a01aa0,2025-10-21T15:38:27.181477,grail,with/,0,True,9da86a20dc04,6.0963340001762845,latency-734565a01aa0.csv
2,734565a01aa0,2025-10-21T15:38:27.296270,shrek,will,16,True,9da86a20dc04,4.519878999417415,latency-734565a01aa0.csv
2,734565a01aa0,2025-10-21T15:38:27.406055,shrek,after,10,True,9da86a20dc04,3.082458999415394,latency-734565a01aa0.csv
2,734565a01aa0,2025-10-21T15:38:27.513989,grail,to,718,True,9da86a20dc04,3.030953001143644,latency-734565a01aa0.csv
2,734565a01aa0,2025-10-21T15:38:27.621828,shrek3,SHREK,678,True,9da86a20dc04,2.617952999571571,latency-734565a01aa0.csv
2,734565a01aa0,2025-10-21T15:38:27.728198,shrek3,"Suddenly,",0,True,9da86a20dc04,2.848960999472183,latency-734565a01aa0.csv
2,734565a01aa0,2025-10-21T15:38:27.835700,shrek,CROWD,5,True,9da86a20dc04,3.5385379997023847,latency-734565a01aa0.csv
2,734565a01aa0,2025-10-21T15:38:27.943460,shrek,lay,2,True,9da86a20dc04,2.5882860009005526,latency-734565a01aa0.csv
2,734565a01aa0,2025-10-21T15:38:28.049200,grail,dancing,10,True,9da86a20dc04,2.4374219992751023,latency-734565a01aa0.csv
2,734565a01aa0,2025-10-21T15:38:28.154652,grail,BEDEVERE,103,True,9da86a20dc04,2.4127039996528765,latency-734565a01aa0.csv
2,734565a01aa0,2025-10-21T15:38:28.260217,grail,the,1600,True,9da86a20dc04,4.215883998767822,latency-734565a01aa0.csv
2,734565a01aa0,2025-10-21T15:38:28.368472,shrek3,JOCKS,2,True,9da86a20dc04,3.674352001326042,latency-734565a01aa0.csv
2,734565a01aa0,2025-10-21T15:38:28.475964,shrek,CROWD,5,True,9da86a20dc04,3.3176510005432647,latency-734565a01aa0.csv
2,734565a01aa0,2025-10-21T15:38:28.583097,grail,Who’s,3,True,9da86a20dc04,3.732818999196752,latency-734565a01aa0.csv
1,74f666de82f7,2025-10-21T15:37:59.600089,shrek3,Ahh,8,False,9da86a20dc04,12.44418300120742,latency-74f666de82f7.csv
1,74f666de82f7,2025-10-21T15:37:59.717546,shrek,Is,132,False,9da86a20dc04,24.387465999097916,latency-74f666de82f7.csv
1,74f666de82f7,2025-10-21T15:37:59.851710,shrek3,PUSS,196,True,9da86a20dc04,10.081581000122242,latency-74f666de82f7.csv
1,74f666de82f7,2025-10-21T15:37:59.967356,shrek3,RAPUNZEL,30,False,9da86a20dc04,42.06676399917342,latency-74f666de82f7.csv
1,74f666de82f7,2025-10-21T15:38:00.143878,shrek3,still,18,False,9da86a20dc04,23.09148499989533,latency-74f666de82f7.csv
1,74f666de82f7,2025-10-21T15:38:00.293506,shrek,your,49,False,9da86a20dc04,8.089840001048287,latency-74f666de82f7.csv
1,74f666de82f7,2025-10-21T15:38:00.405645,shrek3,CHARMING,232,True,9da86a20dc04,3.174297000441584,latency-74f666de82f7.csv
1,74f666de82f7,2025-10-21T15:38:00.512587,grail,are,114,False,9da86a20dc04,9.846840999671258,latency-74f666de82f7.csv
1,74f666de82f7,2025-10-21T15:38:00.626361,grail,Jones,7,False,9da86a20dc04,8.708229999683681,latency-74f666de82f7.csv
1,74f666de82f7,2025-10-21T15:38:00.738570,grail,TV,2,True,9da86a20dc04,3.3908719997270964,latency-74f666de82f7.csv
1,74f666de82f7,2025-10-21T15:38:00.845988,shrek3,PUSS,196,True,9da86a20dc04,22.115572000984685,latency-74f666de82f7.csv
1,74f666de82f7,2025-10-21T15:38:00.977671,shrek3,you,328,True,9da86a20dc04,31.816086999242543,latency-74f666de82f7.csv
1,74f666de82f7,2025-10-21T15:38:01.122743,shrek3,Cinderella,21,True,9da86a20dc04,26.693914998759283,latency-74f666de82f7.csv
1,74f666de82f7,2025-10-21T15:38:01.271041,shrek,you,409,False,9da86a20dc04,14.686372998767183,latency-74f666de82f7.csv
1,74f666de82f7,2025-10-21T15:38:01.395643,shrek3,ARTIE,213,True,9da86a20dc04,4.435867998836329,latency-74f666de82f7.csv
1,74f666de82f7,2025-10-21T15:38:01.504642,shrek3,Final,119,True,9da86a20dc04,3.074386000662344,latency-74f666de82f7.csv
1,74f666de82f7,2025-10-21T15:38:01.611926,shrek3,what,82,True,9da86a20dc04,15.86801200028276,latency-74f666de82f7.csv
1,74f666de82f7,2025-10-21T15:38:01.735876,grail,Butts,2,False,9da86a20dc04,41.86589199889568,latency-74f666de82f7.csv
1,74f666de82f7,2025-10-21T15:38:01.888913,grail,THREE-HEADED,8,False,9da86a20dc04,32.05180499935523,latency-74f666de82f7.csv
1,74f666de82f7,2025-10-21T15:38:02.068084,grail,Bum,13,False,9da86a20dc04,29.6461760008242,latency-74f666de82f7.csv
2,74f666de82f7,2025-10-21T15:38:02.222716,shrek3,Ahh,8,True,9da86a20dc04,20.1906649999728,latency-74f666de82f7.csv
2,74f666de82f7,2025-10-21T15:38:02.351084,shrek,Is,132,True,9da86a20dc04,56.8382860001293,latency-74f666de82f7.csv
2,74f666de82f7,2025-10-21T15:38:02.525129,shrek3,PUSS,196,True,9da86a20dc04,55.09691999941424,latency-74f666de82f7.csv
2,74f666de82f7,2025-10-21T15:38:02.703116,shrek3,RAPUNZEL,30,True,9da86a20dc04,35.00250500110269,latency-74f666de82f7.csv
2,74f666de82f7,2025-10-21T15:38:02.858372,shrek3,still,18,True,9da86a20dc04,11.181401001522318,latency-74f666de82f7.csv
2,74f666de82f7,2025-10-21T15:38:03.008324,shrek,your,49,True,9da86a20dc04,3.187165999406716,latency-74f666de82f7.csv
2,74f666de82f7,2025-10-21T15:38:03.115464,shrek3,CHARMING,232,True,9da86a20dc04,11.603869999817109,latency-74f666de82f7.csv
2,74f666de82f7,2025-10-21T15:38:03.232285,grail,are,114,True,9da86a20dc04,35.92951899918262,latency-74f666de82f7.csv
2,74f666de82f7,2025-10-21T15:38:03.387459,grail,Jones,7,True,9da86a20dc04,8.276463999209227,latency-74f666de82f7.csv
2,74f666de82f7,2025-10-21T15:38:03.527457,grail,TV,2,True,9da86a20dc04,2.83682600093016,latency-74f666de82f7.csv
2,74f666de82f7,2025-10-21T15:38:03.634979,shrek3,PUSS,196,True,9da86a20dc04,5.135888000950217,latency-74f666de82f7.csv
2,74f666de82f7,2025-10-21T15:38:03.745398,shrek3,you,328,True,9da86a20dc04,25.01134100020863,latency-74f666de82f7.csv
2,74f666de82f7,2025-10-21T15:38:03.887321,shrek3,Cinderella,21,True,9da86a20dc04,25.90059599970118,latency-74f666de82f7.csv
2,74f666de82f7,2025-10-21T15:38:04.034648,shrek,you,409,True,9da86a20dc04,27.86469000056968,latency-74f666de82f7.csv
2,74f666de82f7,2025-10-21T15:38:04.182184,shrek3,ARTIE,213,True,9da86a20dc04,14.374877000591368,latency-74f666de82f7.csv
2,74f666de82f7,2025-10-21T15:38:04.309475,shrek3,Final,119,True,9da86a20dc04,3.857027000776725,latency-74f666de82f7.csv
2,74f666de82f7,2025-10-21T15:38:04.418729,shrek3,what,82,True,9da86a20dc04,7.001037000009092,latency-74f666de82f7.csv
2,74f666de82f7,2025-10-21T15:38:04.531291,grail,Butts,2,True,9da86a20dc04,12.690368999756174,latency-74f666de82f7.csv
2,74f666de82f7,2025-10-21T15:38:04.653657,grail,THREE-HEADED,8,True,9da86a20dc04,8.285228999739047,latency-74f666de82f7.csv
2,74f666de82f7,2025-10-21T15:38:04.768433,grail,Bum,13,True,9da86a20dc04,22.27911000045424,latency-74f666de82f7.csv
1,76e89e4d11c3,2025-10-21T15:38:20.129424,grail,Bum,13,True,9da86a20dc04,2.690913001060835,latency-76e89e4d11c3.csv
1,76e89e4d11c3,2025-10-21T15:38:20.235403,shrek3,SHREK,678,True,9da86a20dc04,2.623653001137427,latency-76e89e4d11c3.csv
1,76e89e4d11c3,2025-10-21T15:38:20.341128,shrek3,EVIL,59,True,9da86a20dc04,5.079614000351285,latency-76e89e4d11c3.csv
1,76e89e4d11c3,2025-10-21T15:38:20.449955,shrek3,Donkey,243,True,9da86a20dc04,3.784694999922067,latency-76e89e4d11c3.csv
1,76e89e4d11c3,2025-10-21T15:38:20.556731,shrek3,the,1285,True,9da86a20dc04,3.420906001338153,latency-76e89e4d11c3.csv
1,76e89e4d11c3,2025-10-21T15:38:20.663698,shrek3,the,1285,True,9da86a20dc04,8.06956799897307,latency-76e89e4d11c3.csv
1,76e89e4d11c3,2025-10-21T15:38:20.777233,grail,"Peng,",0,True,9da86a20dc04,2.8848919992015,latency-76e89e4d11c3.csv
1,76e89e4d11c3,2025-10-21T15:38:20.883087,grail,with/,0,True,9da86a20dc04,3.499734999422799,latency-76e89e4d11c3.csv
1,76e89e4d11c3,2025-10-21T15:38:20.990225,shrek,FIONA'S,3,True,9da86a20dc04,3.2747489985922584,latency-76e89e4d11c3.csv
1,76e89e4d11c3,2025-10-21T15:38:21.097291,grail,LANCELOT,59,True,9da86a20dc04,13.013063000471448,latency-76e89e4d11c3.csv
1,76e89e4d11c3,2025-10-21T15:38:21.217537,shrek3,the,1285,True,9da86a20dc04,12.369207999654463,latency-76e89e4d11c3.csv
1,76e89e4d11c3,2025-10-21T15:38:21.337031,grail,music,21,True,9da86a20dc04,3.928518999600783,latency-76e89e4d11c3.csv
1,76e89e4d11c3,2025-10-21T15:38:21.446165,grail,ANOTHER,25,True,9da86a20dc04,7.721277001110138,latency-76e89e4d11c3.csv
1,76e89e4d11c3,2025-10-21T15:38:21.559080,shrek3,its,1,True,9da86a20dc04,5.965405000097235,latency-76e89e4d11c3.csv
1,76e89e4d11c3,2025-10-21T15:38:21.672312,shrek,FIONA,211,True,9da86a20dc04,4.413149999891175,latency-76e89e4d11c3.csv
1,76e89e4d11c3,2025-10-21T15:38:21.783022,shrek,FIONA,211,True,9da86a20dc04,2.5837669982138323,latency-76e89e4d11c3.csv
1,76e89e4d11c3,2025-10-21T15:38:21.889884,grail,few,8,True,9da86a20dc04,3.629025999543956,latency-76e89e4d11c3.csv
1,76e89e4d11c3,2025-10-21T15:38:21.997817,shrek3,SHREK,678,True,9da86a20dc04,2.9399180002656067,latency-76e89e4d11c3.csv
1,76e89e4d11c3,2025-10-21T15:38:22.105161,grail,king,136,True,9da86a20dc04,5.236458000581479,latency-76e89e4d11c3.csv
1,76e89e4d11c3,2025-10-21T15:38:22.216265,grail,Ecky-Ecky-Ecky,1,True,9da86a20dc04,3.3406769998691743,latency-76e89e4d11c3.csv
2,76e89e4d11c3,2025-10-21T15:38:22.327596,grail,Bum,13,True,9da86a20dc04,2.587322998806485,latency-76e89e4d11c3.csv
2,76e89e4d11c3,2025-10-21T15:38:22.433749,shrek3,SHREK,678,True,9da86a20dc04,2.5056449994735885,latency-76e89e4d11c3.csv
2,76e89e4d11c3,2025-10-21T15:38:22.539445,shrek3,EVIL,59,True,9da86a20dc04,4.271243999028229,latency-76e89e4d11c3.csv
2,76e89e4d11c3,2025-10-21T15:38:22.647343,shrek3,Donkey,243,True,9da86a20dc04,4.566351000903524,latency-76e89e4d11c3.csv
2,76e89e4d11c3,2025-10-21T15:38:22.755534,shrek3,the,1285,True,9da86a20dc04,3.0513399997289525,latency-76e89e4d11c3.csv
2,76e89e4d11c3,2025-10-21T15:38:22.861844,shrek3,the,1285,True,9da86a20dc04,2.904520000811317,latency-76e89e4d11c3.csv
2,76e89e4d11c3,2025-10-21T15:38:22.968427,grail,"Peng,",0,True,9da86a20dc04,5.280317998767714,latency-76e89e4d11c3.csv
2,76e89e4d11c3,2025-10-21T15:38:23.078308,grail,with/,0,True,9da86a20dc04,3.2372860005125403,latency-76e89e4d11c3.csv
2,76e89e4d11c3,2025-10-21T15:38:23.185536,shrek,FIONA'S,3,True,9da86a20dc04,4.114348999792128,latency-76e89e4d11c3.csv
2,76e89e4d11c3,2025-10-21T15:38:23.293957,grail,LANCELOT,59,True,9da86a20dc04,3.460810999968089,latency-76e89e4d11c3.csv
2,76e89e4d11c3,2025-10-21T15:38:23.401495,shrek3,the,1285,True,9da86a20dc04,4.543814000498969,latency-76e89e4d11c3.csv
2,76e89e4d11c3,2025-10-21T15:38:23.509954,grail,music,21,True,9da86a20dc04,3.574239999579732,latency-76e89e4d11c3.csv
2,76e89e4d11c3,2025-10-21T15:38:23.617301,grail,ANOTHER,25,True,9da86a20dc04,2.814913999827695,latency-76e89e4d11c3.csv
2,76e89e4d11c3,2025-10-21T15:38:23.723718,shrek3,its,1,True,9da86a20dc04,16.67418800025189,latency-76e89e4d11c3.csv
2,76e89e4d11c3,2025-10-21T15:38:23.848583,shrek,FIONA,211,True,9da86a20dc04,9.8419890000514,latency-76e89e4d11c3.csv
2,76e89e4d11c3,2025-10-21T15:38:23.963901,shrek,FIONA,211,True,9da86a20dc04,4.792565998286591,latency-76e89e4d11c3.csv
2,76e89e4d11c3,2025-10-21T15:38:24.075096,grail,few,8,True,9da86a20dc04,5.914407998716342,latency-76e89e4d11c3.csv
2,76e89e4d11c3,2025-10-21T15:38:24.188062,shrek3,SHREK,678,True,9da86a20dc04,7.26607700016757,latency-76e89e4d11c3.csv
2,76e89e4d11c3,2025-10-21T15:38:24.302508,grail,king,136,True,9da86a20dc04,6.4514340010646265,latency-76e89e4d11c3.csv
2,76e89e4d11c3,2025-10-21T15:38:24.414801,grail,Ecky-Ecky-Ecky,1,True,9da86a20dc04,5.57470999956422,latency-76e89e4d11c3.csv
1,77698c5f9fd0,2025-10-21T15:38:24.767457,shrek,to,268,True,9da86a20dc04,2.9311799989955034,latency-77698c5f9fd0.csv
1,77698c5f9fd0,2025-10-21T15:38:24.873825,grail,the,1600,True,9da86a20dc04,8.716059999642312,latency-77698c5f9fd0.csv
1,77698c5f9fd0,2025-10-21T15:38:24.988522,grail,with/,0,True,9da86a20dc04,2.6143049999518557,latency-77698c5f9fd0.csv
1,77698c5f9fd0,2025-10-21T15:38:25.094461,shrek3,and,576,True,9da86a20dc04,3.1797820010979194,latency-77698c5f9fd0.csv
1,77698c5f9fd0,2025-10-21T15:38:25.201717,grail,G,6,True,9da86a20dc04,3.0857860001560766,latency-77698c5f9fd0.csv
1,77698c5f9fd0,2025-10-21T15:38:25.309167,shrek,his,48,True,9da86a20dc04,3.5088909990008688,latency-77698c5f9fd0.csv
1,77698c5f9fd0,2025-10-21T15:38:25.418072,grail,Cleese,10,True,9da86a20dc04,4.010094000477693,latency-77698c5f9fd0.csv
1,77698c5f9fd0,2025-10-21T15:38:25.526295,shrek3,WHITE,45,True,9da86a20dc04,4.0917320002336055,latency-77698c5f9fd0.csv
1,77698c5f9fd0,2025-10-21T15:38:25.635732,shrek,MAN,38,True,9da86a20dc04,5.847440999787068,latency-77698c5f9fd0.csv
1,77698c5f9fd0,2025-10-21T15:38:25.747542,shrek3,"Bay""",0,True,9da86a20dc04,3.3791039986681426,latency-77698c5f9fd0.csv
1,77698c5f9fd0,2025-10-21T15:38:25.854314,shrek3,and,576,True,9da86a20dc04,6.853928998680203,latency-77698c5f9fd0.csv
1,77698c5f9fd0,2025-10-21T15:38:25.966213,shrek,FIONA,211,True,9da86a20dc04,3.421311001147842,latency-77698c5f9fd0.csv
1,77698c5f9fd0,2025-10-21T15:38:26.073871,shrek,But,73,True,9da86a20dc04,8.585424000557396,latency-77698c5f9fd0.csv
1,77698c5f9fd0,2025-10-21T15:38:26.190003,grail,king,136,True,9da86a20dc04,5.629867999232374,latency-77698c5f9fd0.csv
1,77698c5f9fd0,2025-10-21T15:38:26.300266,grail,is,317,True,9da86a20dc04,4.278334999980871,latency-77698c5f9fd0.csv
1,77698c5f9fd0,2025-10-21T15:38:26.410914,grail,“I,0,True,9da86a20dc04,7.154087999879266,latency-77698c5f9fd0.csv
1,77698c5f9fd0,2025-10-21T15:38:26.525773,shrek,FIONA,211,True,9da86a20dc04,2.845603001333074,latency-77698c5f9fd0.csv
1,77698c5f9fd0,2025-10-21T15:38:26.631987,grail,the,1600,True,9da86a20dc04,2.607882999654976,latency-77698c5f9fd0.csv
1,77698c5f9fd0,2025-10-21T15:38:26.737936,shrek3,PUSS,196,True,9da86a20dc04,4.116203999728896,latency-77698c5f9fd0.csv
1,77698c5f9fd0,2025-10-21T15:38:26.846502,shrek3,SHREK,678,True,9da86a20dc04,3.812552000454161,latency-77698c5f9fd0.csv
2,77698c5f9fd0,2025-10-21T15:38:26.954934,shrek,to,268,True,9da86a20dc04,2.7355290003470145,latency-77698c5f9fd0.csv
2,77698c5f9fd0,2025-10-21T15:38:27.060814,grail,the,1600,True,9da86a20dc04,2.621648998683668,latency-77698c5f9fd0.csv
2,77698c5f9fd0,2025-10-21T15:38:27.166783,grail,with/,0,True,9da86a20dc04,3.5383689992158907,latency-77698c5f9fd0.csv
2,77698c5f9fd0,2025-10-21T15:38:27.273925,shrek3,and,576,True,9da86a20dc04,5.130650000864989,latency-77698c5f9fd0.csv
2,77698c5f9fd0,2025-10-21T15:38:27.383687,grail,G,6,True,9da86a20dc04,4.999976999897626,latency-77698c5f9fd0.csv
2,77698c5f9fd0,2025-10-21T15:38:27.492844,shrek,his,48,True,9da86a20dc04,4.094571999303298,latency-77698c5f9fd0.csv
2,77698c5f9fd0,2025-10-21T15:38:27.602536,grail,Cleese,10,True,9da86a20dc04,3.833510998447309,latency-77698c5f9fd0.csv
2,77698c5f9fd0,2025-10-21T15:38:27.709851,shrek3,WHITE,45,True,9da86a20dc04,3.825256000709487,latency-77698c5f9fd0.csv
2,77698c5f9fd0,2025-10-21T15:38:27.817763,shrek,MAN,38,True,9da86a20dc04,4.925180001009721,latency-77698c5f9fd0.csv
2,77698c5f9fd0,2025-10-21T15:38:27.927680,shrek3,"Bay""",0,True,9da86a20dc04,3.6264240006858017,latency-77698c5f9fd0.csv
2,77698c5f9fd0,2025-10-21T15:38:28.034722,shrek3,and,576,True,9da86a20dc04,3.052705000300193,latency-77698c5f9fd0.csv
2,77698c5f9fd0,2025-10-21T15:38:28.141156,shrek,FIONA,211,True,9da86a20dc04,3.4475140000722604,latency-77698c5f9fd0.csv
2,77698c5f9fd0,2025-10-21T15:38:28.248293,shrek,But,73,True,9da86a20dc04,5.833152999912272,latency-77698c5f9fd0.csv
2,77698c5f9fd0,2025-10-21T15:38:28.359093,grail,king,136,True,9da86a20dc04,4.129847000513109,latency-77698c5f9fd0.csv
2,77698c5f9fd0,2025-10-21T15:38:28.467413,grail,is,317,True,9da86a20dc04,4.2192199998680735,latency-77698c5f9fd0.csv
2,77698c5f9fd0,2025-10-21T15:38:28.575542,grail,“I,0,True,9da86a20dc04,4.507780000494677,latency-77698c5f9fd0.csv
2,77698c5f9fd0,2025-10-21T15:38:28.683919,shrek,FIONA,211,True,9da86a20dc04,3.062392001083936,latency-77698c5f9fd0.csv
2,77698c5f9fd0,2025-10-21T15:38:28.790955,grail,the,1600,True,9da86a20dc04,4.6458729993901215,latency-77698c5f9fd0.csv
2,77698c5f9fd0,2025-10-21T15:38:28.900322,shrek3,PUSS,196,True,9da86a20dc04,5.774408999059233,latency-77698c5f9fd0.csv
2,77698c5f9fd0,2025-10-21T15:38:29.010940,shrek3,SHREK,678,True,9da86a20dc04,4.150923001361662,latency-77698c5f9fd0.csv
1,77fcc42151ba,2025-10-21T15:38:18.611638,shrek,on,88,True,9da86a20dc04,4.351920000772225,latency-77fcc42151ba.csv
1,77fcc42151ba,2025-10-21T15:38:18.721258,shrek3,"Bay""",0,True,9da86a20dc04,7.19496100100514,latency-77fcc42151ba.csv
1,77fcc42151ba,2025-10-21T15:38:18.832927,grail,"lute,",0,True,9da86a20dc04,4.789699998582364,latency-77fcc42151ba.csv
1,77fcc42151ba,2025-10-21T15:38:18.941964,shrek,What,104,True,9da86a20dc04,5.228964000707492,latency-77fcc42151ba.csv
1,77fcc42151ba,2025-10-21T15:38:19.051468,shrek3,its,1,True,9da86a20dc04,3.3458760008215904,latency-77fcc42151ba.csv
1,77fcc42151ba,2025-10-21T15:38:19.159124,shrek3,Ahh,8,True,9da86a20dc04,4.811884000446298,latency-77fcc42151ba.csv
1,77fcc42151ba,2025-10-21T15:38:19.271798,shrek3,an,51,True,9da86a20dc04,11.932458999581286,latency-77fcc42151ba.csv
1,77fcc42151ba,2025-10-21T15:38:19.397433,grail,the,1600,True,9da86a20dc04,4.213452999465517,latency-77fcc42151ba.csv
1,77fcc42151ba,2025-10-21T15:38:19.505739,shrek,on,88,True,9da86a20dc04,3.2576719986536773,latency-77fcc42151ba.csv
1,77fcc42151ba,2025-10-21T15:38:19.612785,shrek3,youre,0,True,9da86a20dc04,4.533072000413085,latency-77fcc42151ba.csv
1,77fcc42151ba,2025-10-21T15:38:19.721677,shrek,Blah,1,True,9da86a20dc04,3.164816000207793,latency-77fcc42151ba.csv
1,77fcc42151ba,2025-10-21T15:38:19.828381,shrek,CROWD,5,True,9da86a20dc04,2.930369000750943,latency-77fcc42151ba.csv
1,77fcc42151ba,2025-10-21T15:38:19.934984,shrek3,time,23,False,9da86a20dc04,14.779486000406903,latency-77fcc42151ba.csv
1,77fcc42151ba,2025-10-21T15:38:20.055479,shrek3,the,1285,True,9da86a20dc04,3.1316220010921825,latency-77fcc42151ba.csv
1,77fcc42151ba,2025-10-21T15:38:20.162223,shrek,Is,132,True,9da86a20dc04,4.435001999809174,latency-77fcc42151ba.csv
1,77fcc42151ba,2025-10-21T15:38:20.272631,shrek,and,318,True,9da86a20dc04,4.816610999114346,latency-77fcc42151ba.csv
1,77fcc42151ba,2025-10-21T15:38:20.381408,grail,Aaaaugh,9,True,9da86a20dc04,3.745822999917437,latency-77fcc42151ba.csv
1,77fcc42151ba,2025-10-21T15:38:20.489382,shrek3,right,36,True,9da86a20dc04,2.9451089994836366,latency-77fcc42151ba.csv
1,77fcc42151ba,2025-10-21T15:38:20.600918,shrek3,me,72,True,9da86a20dc04,5.196090000026743,latency-77fcc42151ba.csv
1,77fcc42151ba,2025-10-21T15:38:20.712663,shrek3,field,3,True,9da86a20dc04,4.293107000194141,latency-77fcc42151ba.csv
2,77fcc42151ba,2025-10-21T15:38:20.827081,shrek,on,88,True,9da86a20dc04,2.0692170000984333,latency-77fcc42151ba.csv
2,77fcc42151ba,2025-10-21T15:38:20.932059,shrek3,"Bay""",0,True,9da86a20dc04,2.8762040001311107,latency-77fcc42151ba.csv
2,77fcc42151ba,2025-10-21T15:38:21.038711,grail,"lute,",0,True,9da86a20dc04,3.751620000912226,latency-77fcc42151ba.csv
2,77fcc42151ba,2025-10-21T15:38:21.146322,shrek,What,104,True,9da86a20dc04,3.3857589987746906,latency-77fcc42151ba.csv
2,77fcc42151ba,2025-10-21T15:38:21.253952,shrek3,its,1,True,9da86a20dc04,4.08407099894248,latency-77fcc42151ba.csv
2,77fcc42151ba,2025-10-21T15:38:21.361167,shrek3,Ahh,8,True,9da86a20dc04,2.66243999976723,latency-77fcc42151ba.csv
2,77fcc42151ba,2025-10-21T15:38:21.467972,shrek3,an,51,True,9da86a20dc04,4.922002999592223,latency-77fcc42151ba.csv
2,77fcc42151ba,2025-10-21T15:38:21.577413,grail,the,1600,True,9da86a20dc04,4.689125000368222,latency-77fcc42151ba.csv
2,77fcc42151ba,2025-10-21T15:38:21.686103,shrek,on,88,True,9da86a20dc04,7.343404000494047,latency-77fcc42151ba.csv
2,77fcc42151ba,2025-10-21T15:38:21.796826,shrek3,youre,0,True,9da86a20dc04,5.538651001188555,latency-77fcc42151ba.csv
2,77fcc42151ba,2025-10-21T15:38:21.906045,shrek,Blah,1,True,9da86a20dc04,10.088848999657785,latency-77fcc42151ba.csv
2,77fcc42151ba,2025-10-21T15:38:22.022681,shrek,CROWD,5,True,9da86a20dc04,3.1112659999052994,latency-77fcc42151ba.csv
2,77fcc42151ba,2025-10-21T15:38:22.129300,shrek3,time,23,True,9da86a20dc04,3.267162999691209,latency-77fcc42151ba.csv
2,77fcc42151ba,2025-10-21T15:38:22.236571,shrek3,the,1285,True,9da86a20dc04,14.096255999902496,latency-77fcc42151ba.csv
2,77fcc42151ba,2025-10-21T15:38:22.356717,shrek,Is,132,True,9da86a20dc04,13.968713999929603,latency-77fcc42151ba.csv
2,77fcc42151ba,2025-10-21T15:38:22.477894,shrek,and,318,True,9da86a20dc04,5.563017999520525,latency-77fcc42151ba.csv
2,77fcc42151ba,2025-10-21T15:38:22.591501,grail,Aaaaugh,9,True,9da86a20dc04,5.313126999681117,latency-77fcc42151ba.csv
2,77fcc42151ba,2025-10-21T15:38:22.707071,shrek3,right,36,True,9da86a20dc04,3.1500259992753854,latency-77fcc42151ba.csv
2,77fcc42151ba,2025-10-21T15:38:22.813496,shrek3,me,72,True,9da86a20dc04,3.125768998870626,latency-77fcc42151ba.csv
2,77fcc42151ba,2025-10-21T15:38:22.919686,shrek3,field,3,True,9da86a20dc04,2.991086001202348,latency-77fcc42151ba.csv
1,7be8df1a6553,2025-10-21T15:38:31.088893,grail,at,104,True,9da86a20dc04,2.5665719986136537,latency-7be8df1a6553.csv
1,7be8df1a6553,2025-10-21T15:38:31.194675,grail,“I,0,True,9da86a20dc04,3.2556450005358784,latency-7be8df1a6553.csv
1,7be8df1a6553,2025-10-21T15:38:31.301583,grail,king,136,True,9da86a20dc04,4.11183999858622,latency-7be8df1a6553.csv
1,7be8df1a6553,2025-10-21T15:38:31.409809,shrek,SHREK,433,True,9da86a20dc04,3.613019000113127,latency-7be8df1a6553.csv
1,7be8df1a6553,2025-10-21T15:38:31.517458,shrek3,BOAT,32,True,9da86a20dc04,3.106530000877683,latency-7be8df1a6553.csv
1,7be8df1a6553,2025-10-21T15:38:31.624568,shrek,old,10,True,9da86a20dc04,4.589767999277683,latency-7be8df1a6553.csv
1,7be8df1a6553,2025-10-21T15:38:31.733123,shrek,fair,2,True,9da86a20dc04,2.8465460000006715,latency-7be8df1a6553.csv
1,7be8df1a6553,2025-10-21T15:38:31.839614,shrek3,the,1285,True,9da86a20dc04,5.708581000362756,latency-7be8df1a6553.csv
1,7be8df1a6553,2025-10-21T15:38:31.950346,grail,Launcelot,107,True,9da86a20dc04,3.577190000214614,latency-7be8df1a6553.csv
1,7be8df1a6553,2025-10-21T15:38:32.057798,shrek,way,26,True,9da86a20dc04,4.292530000384431,latency-7be8df1a6553.csv
1,7be8df1a6553,2025-10-21T15:38:32.166267,shrek3,ARTIE,213,True,9da86a20dc04,3.675543999634101,latency-7be8df1a6553.csv
1,7be8df1a6553,2025-10-21T15:38:32.273868,grail,Guard,106,True,9da86a20dc04,8.760697999605327,latency-7be8df1a6553.csv
1,7be8df1a6553,2025-10-21T15:38:32.388834,grail,Cleveland,3,True,9da86a20dc04,5.090927999845007,latency-7be8df1a6553.csv
1,7be8df1a6553,2025-10-21T15:38:32.498659,shrek3,Gingerbread,37,True,9da86a20dc04,4.374096999526955,latency-7be8df1a6553.csv
1,7be8df1a6553,2025-10-21T15:38:32.606587,shrek,DONKEY,320,True,9da86a20dc04,7.551951001005364,latency-7be8df1a6553.csv
1,7be8df1a6553,2025-10-21T15:38:32.721903,grail,upon,13,True,9da86a20dc04,7.05103000109375,latency-7be8df1a6553.csv
1,7be8df1a6553,2025-10-21T15:38:32.834797,shrek3,cues,3,True,9da86a20dc04,5.474728000990581,latency-7be8df1a6553.csv
1,7be8df1a6553,2025-10-21T15:38:32.945900,grail,-,259,True,9da86a20dc04,4.306219998397864,latency-7be8df1a6553.csv
1,7be8df1a6553,2025-10-21T15:38:33.054592,shrek3,SCHOOL,14,True,9da86a20dc04,19.459085999187664,latency-7be8df1a6553.csv
1,7be8df1a6553,2025-10-21T15:38:33.186800,shrek3,through,43,True,9da86a20dc04,4.998274000172387,latency-7be8df1a6553.csv
2,7be8df1a6553,2025-10-21T15:38:33.302049,grail,at,104,True,9da86a20dc04,2.479456999935792,latency-7be8df1a6553.csv
2,7be8df1a6553,2025-10-21T15:38:33.407988,grail,“I,0,True,9da86a20dc04,3.555138000592706,latency-7be8df1a6553.csv
2,7be8df1a6553,2025-10-21T15:38:33.515835,grail,king,136,True,9da86a20dc04,3.5684329996001907,latency-7be8df1a6553.csv
2,7be8df1a6553,2025-10-21T15:38:33.625535,shrek,SHREK,433,True,9da86a20dc04,3.364132999195135,latency-7be8df1a6553.csv
2,7be8df1a6553,2025-10-21T15:38:33.732625,shrek3,BOAT,32,True,9da86a20dc04,3.3832139997684862,latency-7be8df1a6553.csv
2,7be8df1a6553,2025-10-21T15:38:33.839425,shrek,old,10,True,9da86a20dc04,4.592562001562328,latency-7be8df1a6553.csv
2,7be8df1a6553,2025-10-21T15:38:33.948028,shrek,fair,2,True,9da86a20dc04,4.625576000762521,latency-7be8df1a6553.csv
2,7be8df1a6553,2025-10-21T15:38:34.057545,shrek3,the,1285,True,9da86a20dc04,5.271894000543398,latency-7be8df1a6553.csv
2,7be8df1a6553,2025-10-21T15:38:34.167148,grail,Launcelot,107,True,9da86a20dc04,4.659380998418783,latency-7be8df1a6553.csv
2,7be8df1a6553,2025-10-21T15:38:34.277908,shrek,way,26,True,9da86a20dc04,19.56718700057536,latency-7be8df1a6553.csv
2,7be8df1a6553,2025-10-21T15:38:34.404454,shrek3,ARTIE,213,True,9da86a20dc04,9.07270899915602,latency-7be8df1a6553.csv
2,7be8df1a6553,2025-10-21T15:38:34.522635,grail,Guard,106,True,9da86a20dc04,17.072598000595463,latency-7be8df1a6553.csv
2,7be8df1a6553,2025-10-21T15:38:34.649489,grail,Cleveland,3,True,9da86a20dc04,6.843539998953929,latency-7be8df1a6553.csv
2,7be8df1a6553,2025-10-21T15:38:34.765325,shrek3,Gingerbread,37,True,9da86a20dc04,10.602198000924544,latency-7be8df1a6553.csv
2,7be8df1a6553,2025-10-21T15:38:34.885378,shrek,DONKEY,320,True,9da86a20dc04,9.224503999575973,latency-7be8df1a6553.csv
2,7be8df1a6553,2025-10-21T15:38:35.003656,grail,upon,13,True,9da86a20dc04,6.206559999554884,latency-7be8df1a6553.csv
2,7be8df1a6553,2025-10-21T15:38:35.116106,shrek3,cues,3,True,9da86a20dc04,5.518277001101524,latency-7be8df1a6553.csv
2,7be8df1a6553,2025-10-21T15:38:35.229264,grail,-,259,True,9da86a20dc04,7.475286000044434,latency-7be8df1a6553.csv
2,7be8df1a6553,2025-10-21T15:38:35.345638,shrek3,SCHOOL,14,True,9da86a20dc04,5.071715000667609,latency-7be8df1a6553.csv
2,7be8df1a6553,2025-10-21T15:38:35.455803,shrek3,through,43,True,9da86a20dc04,5.521263999980874,latency-7be8df1a6553.csv
1,7c19a18ce744,2025-10-21T15:38:11.721999,grail,right,66,True,9da86a20dc04,4.610612999385921,latency-7c19a18ce744.csv
1,7c19a18ce744,2025-10-21T15:38:11.831880,grail,a,666,True,9da86a20dc04,3.618134000134887,latency-7c19a18ce744.csv
1,7c19a18ce744,2025-10-21T15:38:11.940960,shrek,What,104,True,9da86a20dc04,6.409613999494468,latency-7c19a18ce744.csv
1,7c19a18ce744,2025-10-21T15:38:12.055985,shrek3,me,72,True,9da86a20dc04,6.283082999289036,latency-7c19a18ce744.csv
1,7c19a18ce744,2025-10-21T15:38:12.167860,grail,Aaaaugh,9,False,9da86a20dc04,11.416695000662004,latency-7c19a18ce744.csv
1,7c19a18ce744,2025-10-21T15:38:12.286401,grail,cross,13,True,9da86a20dc04,4.006539000329212,latency-7c19a18ce744.csv
1,7c19a18ce744,2025-10-21T15:38:12.395465,shrek,FIONA'S,3,True,9da86a20dc04,3.0868039993947605,latency-7c19a18ce744.csv
1,7c19a18ce744,2025-10-21T15:38:12.518343,grail,Cleese,10,True,9da86a20dc04,29.73519699844473,latency-7c19a18ce744.csv
1,7c19a18ce744,2025-10-21T15:38:12.704031,grail,elected,2,True,9da86a20dc04,2.909668999564019,latency-7c19a18ce744.csv
1,7c19a18ce744,2025-10-21T15:38:12.811076,shrek3,SCHOOL,14,True,9da86a20dc04,22.145497001474723,latency-7c19a18ce744.csv
1,7c19a18ce744,2025-10-21T15:38:12.957711,grail,is,317,True,9da86a20dc04,3.2115450012497604,latency-7c19a18ce744.csv
1,7c19a18ce744,2025-10-21T15:38:13.064007,shrek3,SHREK,678,True,9da86a20dc04,6.078648999391589,latency-7c19a18ce744.csv
1,7c19a18ce744,2025-10-21T15:38:13.175812,grail,"collective,",0,False,9da86a20dc04,8.54903499930515,latency-7c19a18ce744.csv
1,7c19a18ce744,2025-10-21T15:38:13.288254,shrek,on,88,True,9da86a20dc04,3.4543679994385457,latency-7c19a18ce744.csv
1,7c19a18ce744,2025-10-21T15:38:13.397969,grail,GALAHAD,87,True,9da86a20dc04,3.192386000591796,latency-7c19a18ce744.csv
1,7c19a18ce744,2025-10-21T15:38:13.504825,grail,the,1600,True,9da86a20dc04,3.313052000521566,latency-7c19a18ce744.csv
1,7c19a18ce744,2025-10-21T15:38:13.612311,shrek,Is,132,True,9da86a20dc04,3.667615999802365,latency-7c19a18ce744.csv
1,7c19a18ce744,2025-10-21T15:38:13.719951,shrek3,SNOW,49,True,9da86a20dc04,2.7193739988433663,latency-7c19a18ce744.csv
1,7c19a18ce744,2025-10-21T15:38:13.826381,shrek,and,318,True,9da86a20dc04,4.518157000347856,latency-7c19a18ce744.csv
1,7c19a18ce744,2025-10-21T15:38:13.935252,grail,elected,2,True,9da86a20dc04,2.6325519993406488,latency-7c19a18ce744.csv
2,7c19a18ce744,2025-10-21T15:38:14.040983,grail,right,66,True,9da86a20dc04,2.7826509995065862,latency-7c19a18ce744.csv
2,7c19a18ce744,2025-10-21T15:38:14.147692,grail,a,666,True,9da86a20dc04,6.557711998539162,latency-7c19a18ce744.csv
2,7c19a18ce744,2025-10-21T15:38:14.260185,shrek,What,104,True,9da86a20dc04,19.328957998368423,latency-7c19a18ce744.csv
2,7c19a18ce744,2025-10-21T15:38:14.386445,shrek3,me,72,True,9da86a20dc04,3.160956999636255,latency-7c19a18ce744.csv
2,7c19a18ce744,2025-10-21T15:38:14.494618,grail,Aaaaugh,9,True,9da86a20dc04,4.199914999844623,latency-7c19a18ce744.csv
2,7c19a18ce744,2025-10-21T15:38:14.605003,grail,cross,13,True,9da86a20dc04,4.729543001303682,latency-7c19a18ce744.csv
2,7c19a18ce744,2025-10-21T15:38:14.717078,shrek,FIONA'S,3,True,9da86a20dc04,6.678095000097528,latency-7c19a18ce744.csv
2,7c19a18ce744,2025-10-21T15:38:14.831544,grail,Cleese,10,True,9da86a20dc04,2.7192799989279592,latency-7c19a18ce744.csv
2,7c19a18ce744,2025-10-21T15:38:14.938186,grail,elected,2,True,9da86a20dc04,3.478463999272208,latency-7c19a18ce744.csv
2,7c19a18ce744,2025-10-21T15:38:15.051272,shrek3,SCHOOL,14,True,9da86a20dc04,3.035874000488548,latency-7c19a18ce744.csv
2,7c19a18ce744,2025-10-21T15:38:15.160254,grail,is,317,True,9da86a20dc04,4.792424999322975,latency-7c19a18ce744.csv
2,7c19a18ce744,2025-10-21T15:38:15.272419,shrek3,SHREK,678,True,9da86a20dc04,4.379247999168001,latency-7c19a18ce744.csv
2,7c19a18ce744,2025-10-21T15:38:15.383873,grail,"collective,",0,True,9da86a20dc04,3.920536000805441,latency-7c19a18ce744.csv
2,7c19a18ce744,2025-10-21T15:38:15.492140,shrek,on,88,True,9da86a20dc04,2.281004999531433,latency-7c19a18ce744.csv
2,7c19a18ce744,2025-10-21T15:38:15.598035,grail,GALAHAD,87,True,9da86a20dc04,13.9121759984846,latency-7c19a18ce744.csv
2,7c19a18ce744,2025-10-21T15:38:15.721717,grail,the,1600,True,9da86a20dc04,7.824801999959163,latency-7c19a18ce744.csv
2,7c19a18ce744,2025-10-21T15:38:15.835669,shrek,Is,132,True,9da86a20dc04,6.787063999581733,latency-7c19a18ce744.csv
2,7c19a18ce744,2025-10-21T15:38:15.948910,shrek3,SNOW,49,True,9da86a20dc04,5.298817999573657,latency-7c19a18ce744.csv
2,7c19a18ce744,2025-10-21T15:38:16.061030,shrek,and,318,True,9da86a20dc04,6.30146399998921,latency-7c19a18ce744.csv
2,7c19a18ce744,2025-10-21T15:38:16.177867,grail,elected,2,True,9da86a20dc04,6.538388999615563,latency-7c19a18ce744.csv
1,7dffd97980f0,2025-10-21T15:38:27.494389,shrek3,did,14,True,9da86a20dc04,3.356835999511532,latency-7dffd97980f0.csv
1,7dffd97980f0,2025-10-21T15:38:27.602536,shrek3,PUSS,196,True,9da86a20dc04,3.466760001174407,latency-7dffd97980f0.csv
1,7dffd97980f0,2025-10-21T15:38:27.709851,shrek3,ARTIE,213,True,9da86a20dc04,4.45668099928298,latency-7dffd97980f0.csv
1,7dffd97980f0,2025-10-21T15:38:27.817956,grail,I,298,True,9da86a20dc04,6.182175000503776,latency-7dffd97980f0.csv
1,7dffd97980f0,2025-10-21T15:38:27.928213,grail,king,136,True,9da86a20dc04,3.339904000313254,latency-7dffd97980f0.csv
1,7dffd97980f0,2025-10-21T15:38:28.035108,shrek3,toward,14,True,9da86a20dc04,3.0045019993849564,latency-7dffd97980f0.csv
1,7dffd97980f0,2025-10-21T15:38:28.141329,shrek3,the,1285,True,9da86a20dc04,3.132966001430759,latency-7dffd97980f0.csv
1,7dffd97980f0,2025-10-21T15:38:28.248041,shrek3,what,82,True,9da86a20dc04,5.969346999336267,latency-7dffd97980f0.csv
1,7dffd97980f0,2025-10-21T15:38:28.358683,shrek,trip,1,True,9da86a20dc04,4.0718279997236095,latency-7dffd97980f0.csv
1,7dffd97980f0,2025-10-21T15:38:28.467152,shrek,DONKEY,320,True,9da86a20dc04,4.261270998540567,latency-7dffd97980f0.csv
1,7dffd97980f0,2025-10-21T15:38:28.575457,grail,a,666,True,9da86a20dc04,3.4921469996334054,latency-7dffd97980f0.csv
1,7dffd97980f0,2025-10-21T15:38:28.683080,shrek,on,88,True,9da86a20dc04,3.4802469999704044,latency-7dffd97980f0.csv
1,7dffd97980f0,2025-10-21T15:38:28.790426,shrek,DONKEY,320,True,9da86a20dc04,4.3459270000312245,latency-7dffd97980f0.csv
1,7dffd97980f0,2025-10-21T15:38:28.899958,shrek3,cues,3,True,9da86a20dc04,4.5994280008017085,latency-7dffd97980f0.csv
1,7dffd97980f0,2025-10-21T15:38:29.008900,shrek3,DONKEY,243,True,9da86a20dc04,5.172270000912249,latency-7dffd97980f0.csv
1,7dffd97980f0,2025-10-21T15:38:29.122289,shrek,FIONA,211,True,9da86a20dc04,2.55613100125629,latency-7dffd97980f0.csv
1,7dffd97980f0,2025-10-21T15:38:29.228239,shrek3,Guards,23,True,9da86a20dc04,4.297620998841012,latency-7dffd97980f0.csv
1,7dffd97980f0,2025-10-21T15:38:29.336939,shrek3,the,1285,True,9da86a20dc04,6.727230000251439,latency-7dffd97980f0.csv
1,7dffd97980f0,2025-10-21T15:38:29.451251,shrek,"Well,",0,True,9da86a20dc04,2.518086999771185,latency-7dffd97980f0.csv
1,7dffd97980f0,2025-10-21T15:38:29.557638,shrek,number,8,True,9da86a20dc04,4.258213999492,latency-7dffd97980f0.csv
2,7dffd97980f0,2025-10-21T15:38:29.669121,shrek3,did,14,True,9da86a20dc04,3.1624880011804635,latency-7dffd97980f0.csv
2,7dffd97980f0,2025-10-21T15:38:29.778578,shrek3,PUSS,196,True,9da86a20dc04,3.614046001530369,latency-7dffd97980f0.csv
2,7dffd97980f0,2025-10-21T15:38:29.887532,shrek3,ARTIE,213,True,9da86a20dc04,4.830855999898631,latency-7dffd97980f0.csv
2,7dffd97980f0,2025-10-21T15:38:29.997169,grail,I,298,True,9da86a20dc04,3.819924000708852,latency-7dffd97980f0.csv
2,7dffd97980f0,2025-10-21T15:38:30.104743,grail,king,136,True,9da86a20dc04,9.565853000822244,latency-7dffd97980f0.csv
2,7dffd97980f0,2025-10-21T15:38:30.221817,shrek3,toward,14,True,9da86a20dc04,5.123214999912307,latency-7dffd97980f0.csv
2,7dffd97980f0,2025-10-21T15:38:30.335178,shrek3,the,1285,True,9da86a20dc04,4.043106999233714,latency-7dffd97980f0.csv
2,7dffd97980f0,2025-10-21T15:38:30.445266,shrek3,what,82,True,9da86a20dc04,3.298917999927653,latency-7dffd97980f0.csv
2,7dffd97980f0,2025-10-21T15:38:30.555335,shrek,trip,1,True,9da86a20dc04,3.998661999503384,latency-7dffd97980f0.csv
2,7dffd97980f0,2025-10-21T15:38:30.663215,shrek,DONKEY,320,True,9da86a20dc04,3.639202999693225,latency-7dffd97980f0.csv
2,7dffd97980f0,2025-10-21T15:38:30.770631,grail,a,666,True,9da86a20dc04,4.9539060000824975,latency-7dffd97980f0.csv
2,7dffd97980f0,2025-10-21T15:38:30.880929,shrek,on,88,True,9da86a20dc04,5.769830000645015,latency-7dffd97980f0.csv
2,7dffd97980f0,2025-10-21T15:38:30.991751,shrek,DONKEY,320,True,9da86a20dc04,4.476183999940986,latency-7dffd97980f0.csv
2,7dffd97980f0,2025-10-21T15:38:31.100135,shrek3,cues,3,True,9da86a20dc04,3.338339000038104,latency-7dffd97980f0.csv
2,7dffd97980f0,2025-10-21T15:38:31.206952,shrek3,DONKEY,243,True,9da86a20dc04,3.581842000130564,latency-7dffd97980f0.csv
2,7dffd97980f0,2025-10-21T15:38:31.314552,shrek,FIONA,211,True,9da86a20dc04,13.971471998956986,latency-7dffd97980f0.csv
2,7dffd97980f0,2025-10-21T15:38:31.440038,shrek3,Guards,23,True,9da86a20dc04,4.683220000515576,latency-7dffd97980f0.csv
2,7dffd97980f0,2025-10-21T15:38:31.550117,shrek3,the,1285,True,9da86a20dc04,3.3671239998511737,latency-7dffd97980f0.csv
2,7dffd97980f0,2025-10-21T15:38:31.659091,shrek,"Well,",0,True,9da86a20dc04,2.663174000190338,latency-7dffd97980f0.csv
2,7dffd97980f0,2025-10-21T15:38:31.767126,shrek,number,8,True,9da86a20dc04,7.494637000490911,latency-7dffd97980f0.csv
1,7e441e259181,2025-10-21T15:38:13.310120,grail,BEDEVERE,103,True,9da86a20dc04,5.65201899917156,latency-7e441e259181.csv
1,7e441e259181,2025-10-21T15:38:13.423363,shrek3,dat,1,True,9da86a20dc04,15.371403000244754,latency-7e441e259181.csv
1,7e441e259181,2025-10-21T15:38:13.554102,shrek,you,409,True,9da86a20dc04,3.136960998745053,latency-7e441e259181.csv
1,7e441e259181,2025-10-21T15:38:13.661480,shrek,our,11,True,9da86a20dc04,4.026422999231727,latency-7e441e259181.csv
1,7e441e259181,2025-10-21T15:38:13.770408,shrek,ogre,27,True,9da86a20dc04,4.252917000485468,latency-7e441e259181.csv
1,7e441e259181,2025-10-21T15:38:13.879047,shrek,his,48,True,9da86a20dc04,3.246853000746341,latency-7e441e259181.csv
1,7e441e259181,2025-10-21T15:38:13.987456,grail,Guard,106,True,9da86a20dc04,2.758478998657665,latency-7e441e259181.csv
1,7e441e259181,2025-10-21T15:38:14.094874,shrek,happily,2,True,9da86a20dc04,2.591145999758737,latency-7e441e259181.csv
1,7e441e259181,2025-10-21T15:38:14.201685,shrek,you,409,True,9da86a20dc04,10.558383999523356,latency-7e441e259181.csv
1,7e441e259181,2025-10-21T15:38:14.318693,shrek3,us,12,True,9da86a20dc04,8.492989998558187,latency-7e441e259181.csv
1,7e441e259181,2025-10-21T15:38:14.432145,grail,Launcelot,107,True,9da86a20dc04,4.870812001172453,latency-7e441e259181.csv
1,7e441e259181,2025-10-21T15:38:14.544559,shrek,SHREK,433,True,9da86a20dc04,5.719984999814187,latency-7e441e259181.csv
1,7e441e259181,2025-10-21T15:38:14.657044,shrek3,get,39,True,9da86a20dc04,7.043690999125829,latency-7e441e259181.csv
1,7e441e259181,2025-10-21T15:38:14.769041,shrek,Blah,1,True,9da86a20dc04,6.336717000522185,latency-7e441e259181.csv
1,7e441e259181,2025-10-21T15:38:14.885162,shrek3,him,87,True,9da86a20dc04,3.8010399985068943,latency-7e441e259181.csv
1,7e441e259181,2025-10-21T15:38:14.992426,shrek3,JOCKS,2,True,9da86a20dc04,8.304953998958808,latency-7e441e259181.csv
1,7e441e259181,2025-10-21T15:38:15.105456,shrek,baby,3,True,9da86a20dc04,3.8656159995298367,latency-7e441e259181.csv
1,7e441e259181,2025-10-21T15:38:15.212453,grail,"collective,",0,True,9da86a20dc04,4.524043000856182,latency-7e441e259181.csv
1,7e441e259181,2025-10-21T15:38:15.322084,shrek3,116,1,True,9da86a20dc04,5.999107999741682,latency-7e441e259181.csv
1,7e441e259181,2025-10-21T15:38:15.434098,shrek,transport,1,True,9da86a20dc04,3.911173000233248,latency-7e441e259181.csv
2,7e441e259181,2025-10-21T15:38:15.541937,grail,BEDEVERE,103,True,9da86a20dc04,2.8793399997084634,latency-7e441e259181.csv
2,7e441e259181,2025-10-21T15:38:15.648633,shrek3,dat,1,True,9da86a20dc04,3.372488001332385,latency-7e441e259181.csv
2,7e441e259181,2025-10-21T15:38:15.756031,shrek,you,409,True,9da86a20dc04,5.364025000744732,latency-7e441e259181.csv
2,7e441e259181,2025-10-21T15:38:15.865872,shrek,our,11,True,9da86a20dc04,5.096344999401481,latency-7e441e259181.csv
2,7e441e259181,2025-10-21T15:38:15.975753,shrek,ogre,27,True,9da86a20dc04,4.363099000329385,latency-7e441e259181.csv
2,7e441e259181,2025-10-21T15:38:16.084034,shrek,his,48,True,9da86a20dc04,6.7318999990675366,latency-7e441e259181.csv
2,7e441e259181,2025-10-21T15:38:16.195118,grail,Guard,106,True,9da86a20dc04,19.05371399880096,latency-7e441e259181.csv
2,7e441e259181,2025-10-21T15:38:16.324601,shrek,happily,2,True,9da86a20dc04,7.250204000229132,latency-7e441e259181.csv
2,7e441e259181,2025-10-21T15:38:16.439272,shrek,you,409,True,9da86a20dc04,3.3090960005210945,latency-7e441e259181.csv
2,7e441e259181,2025-10-21T15:38:16.546205,shrek3,us,12,True,9da86a20dc04,2.387088999967091,latency-7e441e259181.csv
2,7e441e259181,2025-10-21T15:38:16.652670,grail,Launcelot,107,True,9da86a20dc04,5.076727000414394,latency-7e441e259181.csv
2,7e441e259181,2025-10-21T15:38:16.763229,shrek,SHREK,433,True,9da86a20dc04,4.671596001571743,latency-7e441e259181.csv
2,7e441e259181,2025-10-21T15:38:16.874368,shrek3,get,39,True,9da86a20dc04,2.61212199984584,latency-7e441e259181.csv
2,7e441e259181,2025-10-21T15:38:16.980306,shrek,Blah,1,True,9da86a20dc04,3.476963000139221,latency-7e441e259181.csv
2,7e441e259181,2025-10-21T15:38:17.087305,shrek3,him,87,True,9da86a20dc04,2.853171001333976,latency-7e441e259181.csv
2,7e441e259181,2025-10-21T15:38:17.193712,shrek3,JOCKS,2,True,9da86a20dc04,3.4839760010072496,latency-7e441e259181.csv
2,7e441e259181,2025-10-21T15:38:17.301095,shrek,baby,3,True,9da86a20dc04,12.928823000038392,latency-7e441e259181.csv
2,7e441e259181,2025-10-21T15:38:17.427130,grail,"collective,",0,True,9da86a20dc04,3.61251000140328,latency-7e441e259181.csv
2,7e441e259181,2025-10-21T15:38:17.538328,shrek3,116,1,True,9da86a20dc04,3.1243559988070047,latency-7e441e259181.csv
2,7e441e259181,2025-10-21T15:38:17.644856,shrek,transport,1,True,9da86a20dc04,3.4349229990766617,latency-7e441e259181.csv
1,82a59f7ce03a,2025-10-21T15:38:14.438919,shrek,FARQUAAD,84,True,9da86a20dc04,9.044178999829455,latency-82a59f7ce03a.csv
1,82a59f7ce03a,2025-10-21T15:38:14.560355,shrek3,what,82,True,9da86a20dc04,4.671912000048906,latency-82a59f7ce03a.csv
1,82a59f7ce03a,2025-10-21T15:38:14.669237,grail,chops,3,True,9da86a20dc04,3.500079999867012,latency-82a59f7ce03a.csv
1,82a59f7ce03a,2025-10-21T15:38:14.776771,shrek,DONKEY,320,True,9da86a20dc04,9.418956000445178,latency-82a59f7ce03a.csv
1,82a59f7ce03a,2025-10-21T15:38:14.895038,shrek,and,318,True,9da86a20dc04,3.42960699890682,latency-82a59f7ce03a.csv
1,82a59f7ce03a,2025-10-21T15:38:15.005460,grail,the,1600,True,9da86a20dc04,8.613893000074313,latency-82a59f7ce03a.csv
1,82a59f7ce03a,2025-10-21T15:38:15.125269,grail,on,139,True,9da86a20dc04,6.195387999468949,latency-82a59f7ce03a.csv
1,82a59f7ce03a,2025-10-21T15:38:15.241633,shrek,whistles,2,True,9da86a20dc04,3.260069999669213,latency-82a59f7ce03a.csv
1,82a59f7ce03a,2025-10-21T15:38:15.351251,grail,witch,30,True,9da86a20dc04,4.779611001140438,latency-82a59f7ce03a.csv
1,82a59f7ce03a,2025-10-21T15:38:15.466498,shrek3,Uh,18,True,9da86a20dc04,2.582413999334676,latency-82a59f7ce03a.csv
1,82a59f7ce03a,2025-10-21T15:38:15.572544,shrek,Aah,6,True,9da86a20dc04,4.10614299835288,latency-82a59f7ce03a.csv
1,82a59f7ce03a,2025-10-21T15:38:15.681374,grail,going,21,True,9da86a20dc04,2.640532999066636,latency-82a59f7ce03a.csv
1,82a59f7ce03a,2025-10-21T15:38:15.787851,shrek,whole,10,True,9da86a20dc04,3.4754789994622115,latency-82a59f7ce03a.csv
1,82a59f7ce03a,2025-10-21T15:38:15.896400,shrek,its,1,True,9da86a20dc04,2.656372000274132,latency-82a59f7ce03a.csv
1,82a59f7ce03a,2025-10-21T15:38:16.002451,shrek,one,44,True,9da86a20dc04,4.669005000323523,latency-82a59f7ce03a.csv
1,82a59f7ce03a,2025-10-21T15:38:16.111358,shrek3,true,1,True,9da86a20dc04,2.76341499920818,latency-82a59f7ce03a.csv
1,82a59f7ce03a,2025-10-21T15:38:16.218029,shrek3,ARTIE,213,True,9da86a20dc04,8.439126999292057,latency-82a59f7ce03a.csv
1,82a59f7ce03a,2025-10-21T15:38:16.332373,shrek3,MERLIN,73,True,9da86a20dc04,9.050439999555238,latency-82a59f7ce03a.csv
1,82a59f7ce03a,2025-10-21T15:38:16.445968,shrek3,SHREK,678,True,9da86a20dc04,4.592727000272134,latency-82a59f7ce03a.csv
1,82a59f7ce03a,2025-10-21T15:38:16.554165,grail,grabbing,5,True,9da86a20dc04,6.059475999791175,latency-82a59f7ce03a.csv
2,82a59f7ce03a,2025-10-21T15:38:16.664266,shrek,FARQUAAD,84,True,9da86a20dc04,8.38914000087243,latency-82a59f7ce03a.csv
2,82a59f7ce03a,2025-10-21T15:38:16.777412,shrek3,what,82,True,9da86a20dc04,6.414825000319979,latency-82a59f7ce03a.csv
2,82a59f7ce03a,2025-10-21T15:38:16.888076,grail,chops,3,True,9da86a20dc04,3.197453999746358,latency-82a59f7ce03a.csv
2,82a59f7ce03a,2025-10-21T15:38:16.994713,shrek,DONKEY,320,True,9da86a20dc04,6.299201999354409,latency-82a59f7ce03a.csv
2,82a59f7ce03a,2025-10-21T15:38:17.105247,shrek,and,318,True,9da86a20dc04,3.4737749992928,latency-82a59f7ce03a.csv
2,82a59f7ce03a,2025-10-21T15:38:17.214008,grail,the,1600,True,9da86a20dc04,3.659915999378427,latency-82a59f7ce03a.csv
2,82a59f7ce03a,2025-10-21T15:38:17.321621,grail,on,139,True,9da86a20dc04,12.555168999824671,latency-82a59f7ce03a.csv
2,82a59f7ce03a,2025-10-21T15:38:17.439129,shrek,whistles,2,True,9da86a20dc04,7.416713999191415,latency-82a59f7ce03a.csv
2,82a59f7ce03a,2025-10-21T15:38:17.553585,grail,witch,30,True,9da86a20dc04,9.89229300103034,latency-82a59f7ce03a.csv
2,82a59f7ce03a,2025-10-21T15:38:17.668484,shrek3,Uh,18,True,9da86a20dc04,9.081267000510708,latency-82a59f7ce03a.csv
2,82a59f7ce03a,2025-10-21T15:38:17.782394,shrek,Aah,6,True,9da86a20dc04,5.525238999325666,latency-82a59f7ce03a.csv
2,82a59f7ce03a,2025-10-21T15:38:17.895447,grail,going,21,True,9da86a20dc04,6.260897000174737,latency-82a59f7ce03a.csv
2,82a59f7ce03a,2025-10-21T15:38:18.007820,shrek,whole,10,True,9da86a20dc04,10.277235000103246,latency-82a59f7ce03a.csv
2,82a59f7ce03a,2025-10-21T15:38:18.126422,shrek,its,1,True,9da86a20dc04,8.591015001002233,latency-82a59f7ce03a.csv
2,82a59f7ce03a,2025-10-21T15:38:18.241541,shrek,one,44,True,9da86a20dc04,3.9151909986685496,latency-82a59f7ce03a.csv
2,82a59f7ce03a,2025-10-21T15:38:18.351215,shrek3,true,1,True,9da86a20dc04,3.928452000764082,latency-82a59f7ce03a.csv
2,82a59f7ce03a,2025-10-21T15:38:18.461019,shrek3,ARTIE,213,True,9da86a20dc04,9.110058001169818,latency-82a59f7ce03a.csv
2,82a59f7ce03a,2025-10-21T15:38:18.577631,shrek3,MERLIN,73,True,9da86a20dc04,6.380689999787137,latency-82a59f7ce03a.csv
2,82a59f7ce03a,2025-10-21T15:38:18.689949,shrek3,SHREK,678,True,9da86a20dc04,4.281522999008303,latency-82a59f7ce03a.csv
2,82a59f7ce03a,2025-10-21T15:38:18.799204,grail,grabbing,5,True,9da86a20dc04,4.432600999280112,latency-82a59f7ce03a.csv
1,85461001420000.0,2025-10-21T15:38:28.005335,shrek3,flaming,2,True,9da86a20dc04,2.7104069995402824,latency-8546100142e4.csv
1,85461001420000.0,2025-10-21T15:38:28.112855,shrek,not,50,True,9da86a20dc04,3.4406889990350464,latency-8546100142e4.csv
1,85461001420000.0,2025-10-21T15:38:28.221945,grail,sell,1,True,9da86a20dc04,4.021827000542544,latency-8546100142e4.csv
1,85461001420000.0,2025-10-21T15:38:28.332979,shrek3,EVIL,59,True,9da86a20dc04,3.0397989994526142,latency-8546100142e4.csv
1,85461001420000.0,2025-10-21T15:38:28.440645,shrek3,and,576,True,9da86a20dc04,2.446697999403113,latency-8546100142e4.csv
1,85461001420000.0,2025-10-21T15:38:28.546187,shrek3,fall,6,True,9da86a20dc04,2.6069560008181725,latency-8546100142e4.csv
1,85461001420000.0,2025-10-21T15:38:28.651926,shrek,I,386,True,9da86a20dc04,3.358968999236822,latency-8546100142e4.csv
1,85461001420000.0,2025-10-21T15:38:28.759972,grail,I,298,True,9da86a20dc04,2.659126001162804,latency-8546100142e4.csv
1,85461001420000.0,2025-10-21T15:38:28.865984,shrek3,did,14,True,9da86a20dc04,3.170072999637341,latency-8546100142e4.csv
1,85461001420000.0,2025-10-21T15:38:28.972719,shrek,true,20,True,9da86a20dc04,2.5256910012103617,latency-8546100142e4.csv
1,85461001420000.0,2025-10-21T15:38:29.078672,shrek,its,1,True,9da86a20dc04,3.952843000661233,latency-8546100142e4.csv
1,85461001420000.0,2025-10-21T15:38:29.187962,grail,is,317,True,9da86a20dc04,2.316375999726006,latency-8546100142e4.csv
1,85461001420000.0,2025-10-21T15:38:29.294199,grail,elected,2,True,9da86a20dc04,4.801510998731828,latency-8546100142e4.csv
1,85461001420000.0,2025-10-21T15:38:29.405818,grail,Michael,11,True,9da86a20dc04,2.692747999390121,latency-8546100142e4.csv
1,85461001420000.0,2025-10-21T15:38:29.511680,grail,pretty,7,True,9da86a20dc04,2.7273899995634565,latency-8546100142e4.csv
1,85461001420000.0,2025-10-21T15:38:29.617553,shrek3,Artie,213,True,9da86a20dc04,3.202691999831586,latency-8546100142e4.csv
1,85461001420000.0,2025-10-21T15:38:29.724364,shrek,tale,7,True,9da86a20dc04,2.7872859991475707,latency-8546100142e4.csv
1,85461001420000.0,2025-10-21T15:38:29.830709,shrek,HOOD,13,True,9da86a20dc04,3.300305999800912,latency-8546100142e4.csv
1,85461001420000.0,2025-10-21T15:38:29.937829,grail,Cleese,10,True,9da86a20dc04,2.886757998567191,latency-8546100142e4.csv
1,85461001420000.0,2025-10-21T15:38:30.044461,grail,lost,6,True,9da86a20dc04,2.501356000720989,latency-8546100142e4.csv
2,85461001420000.0,2025-10-21T15:38:30.150057,shrek3,flaming,2,True,9da86a20dc04,2.5673899999674177,latency-8546100142e4.csv
2,85461001420000.0,2025-10-21T15:38:30.255861,shrek,not,50,True,9da86a20dc04,2.8950180003448622,latency-8546100142e4.csv
2,85461001420000.0,2025-10-21T15:38:30.362773,grail,sell,1,True,9da86a20dc04,4.161490000115009,latency-8546100142e4.csv
2,85461001420000.0,2025-10-21T15:38:30.471329,shrek3,EVIL,59,True,9da86a20dc04,2.731041000515688,latency-8546100142e4.csv
2,85461001420000.0,2025-10-21T15:38:30.577850,shrek3,and,576,True,9da86a20dc04,3.398507000383688,latency-8546100142e4.csv
2,85461001420000.0,2025-10-21T15:38:30.684935,shrek3,fall,6,True,9da86a20dc04,3.2399589999840828,latency-8546100142e4.csv
2,85461001420000.0,2025-10-21T15:38:30.791933,shrek,I,386,True,9da86a20dc04,4.579833999741823,latency-8546100142e4.csv
2,85461001420000.0,2025-10-21T15:38:30.900399,grail,I,298,True,9da86a20dc04,4.107392000150867,latency-8546100142e4.csv
2,85461001420000.0,2025-10-21T15:38:31.008586,shrek3,did,14,True,9da86a20dc04,2.816101999997045,latency-8546100142e4.csv
2,85461001420000.0,2025-10-21T15:38:31.114953,shrek,true,20,True,9da86a20dc04,2.835318999132141,latency-8546100142e4.csv
2,85461001420000.0,2025-10-21T15:38:31.221078,shrek,its,1,True,9da86a20dc04,3.715225999258109,latency-8546100142e4.csv
2,85461001420000.0,2025-10-21T15:38:31.328164,grail,is,317,True,9da86a20dc04,5.752642999141244,latency-8546100142e4.csv
2,85461001420000.0,2025-10-21T15:38:31.442472,grail,elected,2,True,9da86a20dc04,4.76819399955275,latency-8546100142e4.csv
2,85461001420000.0,2025-10-21T15:38:31.552216,grail,Michael,11,True,9da86a20dc04,5.353522001314559,latency-8546100142e4.csv
2,85461001420000.0,2025-10-21T15:38:31.663014,grail,pretty,7,True,9da86a20dc04,5.928857999606407,latency-8546100142e4.csv
2,85461001420000.0,2025-10-21T15:38:31.775687,shrek3,Artie,213,True,9da86a20dc04,10.027457999967735,latency-8546100142e4.csv
2,85461001420000.0,2025-10-21T15:38:31.893562,shrek,tale,7,True,9da86a20dc04,5.161239001608919,latency-8546100142e4.csv
2,85461001420000.0,2025-10-21T15:38:32.005405,shrek,HOOD,13,True,9da86a20dc04,5.562107999139698,latency-8546100142e4.csv
2,85461001420000.0,2025-10-21T15:38:32.115959,grail,Cleese,10,True,9da86a20dc04,4.450901000382146,latency-8546100142e4.csv
2,85461001420000.0,2025-10-21T15:38:32.229452,grail,lost,6,True,9da86a20dc04,8.23469299939461,latency-8546100142e4.csv
1,87514f6493bf,2025-10-21T15:38:00.974109,shrek3,reason,2,True,9da86a20dc04,29.667753999092383,latency-87514f6493bf.csv
1,87514f6493bf,2025-10-21T15:38:01.119826,shrek,What,104,False,9da86a20dc04,29.182210000726627,latency-87514f6493bf.csv
1,87514f6493bf,2025-10-21T15:38:01.264341,shrek,Is,132,True,9da86a20dc04,3.832186999716214,latency-87514f6493bf.csv
1,87514f6493bf,2025-10-21T15:38:01.372347,shrek3,RAPUNZEL,30,True,9da86a20dc04,4.910921001282986,latency-87514f6493bf.csv
1,87514f6493bf,2025-10-21T15:38:01.482024,shrek,you,409,True,9da86a20dc04,3.9252070000657113,latency-87514f6493bf.csv
1,87514f6493bf,2025-10-21T15:38:01.590158,shrek3,CAPTAIN,41,True,9da86a20dc04,23.92913000039698,latency-87514f6493bf.csv
1,87514f6493bf,2025-10-21T15:38:01.726138,grail,Cleveland,3,True,9da86a20dc04,21.914180000749184,latency-87514f6493bf.csv
1,87514f6493bf,2025-10-21T15:38:01.874182,shrek3,CHARMING,232,True,9da86a20dc04,2.661671000169008,latency-87514f6493bf.csv
1,87514f6493bf,2025-10-21T15:38:01.980259,shrek3,fall,6,True,9da86a20dc04,28.79686799860792,latency-87514f6493bf.csv
1,87514f6493bf,2025-10-21T15:38:02.121578,shrek,your,49,True,9da86a20dc04,30.679371000587707,latency-87514f6493bf.csv
1,87514f6493bf,2025-10-21T15:38:02.287818,shrek,DONKEY,320,True,9da86a20dc04,19.81868099937856,latency-87514f6493bf.csv
1,87514f6493bf,2025-10-21T15:38:02.460923,shrek,SHREK,433,True,9da86a20dc04,6.966520999412751,latency-87514f6493bf.csv
1,87514f6493bf,2025-10-21T15:38:02.574090,grail,Michael,11,False,9da86a20dc04,77.9510449992813,latency-87514f6493bf.csv
1,87514f6493bf,2025-10-21T15:38:02.793754,shrek3,us,12,True,9da86a20dc04,9.864053999990574,latency-87514f6493bf.csv
1,87514f6493bf,2025-10-21T15:38:02.913606,shrek,not,50,True,9da86a20dc04,42.38984800031176,latency-87514f6493bf.csv
1,87514f6493bf,2025-10-21T15:38:03.074538,grail,is,317,True,9da86a20dc04,31.808073001229783,latency-87514f6493bf.csv
1,87514f6493bf,2025-10-21T15:38:03.226533,shrek3,cosmic,1,False,9da86a20dc04,52.13872800050012,latency-87514f6493bf.csv
1,87514f6493bf,2025-10-21T15:38:03.392404,grail,Eolio,2,False,9da86a20dc04,67.99259100080235,latency-87514f6493bf.csv
1,87514f6493bf,2025-10-21T15:38:03.609195,shrek,you,409,True,9da86a20dc04,15.73446300062642,latency-87514f6493bf.csv
1,87514f6493bf,2025-10-21T15:38:03.735712,shrek3,at,134,True,9da86a20dc04,34.35223999986192,latency-87514f6493bf.csv
2,87514f6493bf,2025-10-21T15:38:03.890540,shrek3,reason,2,True,9da86a20dc04,32.866637000552146,latency-87514f6493bf.csv
2,87514f6493bf,2025-10-21T15:38:04.035111,shrek,What,104,True,9da86a20dc04,26.57246499984467,latency-87514f6493bf.csv
2,87514f6493bf,2025-10-21T15:38:04.182238,shrek,Is,132,True,9da86a20dc04,10.97295399995346,latency-87514f6493bf.csv
2,87514f6493bf,2025-10-21T15:38:04.314116,shrek3,RAPUNZEL,30,True,9da86a20dc04,4.753012999572093,latency-87514f6493bf.csv
2,87514f6493bf,2025-10-21T15:38:04.423020,shrek,you,409,True,9da86a20dc04,5.136723000759957,latency-87514f6493bf.csv
2,87514f6493bf,2025-10-21T15:38:04.532995,shrek3,CAPTAIN,41,True,9da86a20dc04,12.54376900033094,latency-87514f6493bf.csv
2,87514f6493bf,2025-10-21T15:38:04.651389,grail,Cleveland,3,True,9da86a20dc04,8.826324999972712,latency-87514f6493bf.csv
2,87514f6493bf,2025-10-21T15:38:04.767898,shrek3,CHARMING,232,True,9da86a20dc04,29.667537000932494,latency-87514f6493bf.csv
2,87514f6493bf,2025-10-21T15:38:04.911747,shrek3,fall,6,True,9da86a20dc04,7.440670000505634,latency-87514f6493bf.csv
2,87514f6493bf,2025-10-21T15:38:05.030127,shrek,your,49,True,9da86a20dc04,4.663059999074903,latency-87514f6493bf.csv
2,87514f6493bf,2025-10-21T15:38:05.146469,shrek,DONKEY,320,True,9da86a20dc04,5.570781999267638,latency-87514f6493bf.csv
2,87514f6493bf,2025-10-21T15:38:05.266525,shrek,SHREK,433,True,9da86a20dc04,4.59667100039951,latency-87514f6493bf.csv
2,87514f6493bf,2025-10-21T15:38:05.381358,grail,Michael,11,True,9da86a20dc04,3.470866000498063,latency-87514f6493bf.csv
2,87514f6493bf,2025-10-21T15:38:05.490105,shrek3,us,12,True,9da86a20dc04,3.772747999391868,latency-87514f6493bf.csv
2,87514f6493bf,2025-10-21T15:38:05.601491,shrek,not,50,True,9da86a20dc04,5.37614300083078,latency-87514f6493bf.csv
2,87514f6493bf,2025-10-21T15:38:05.721052,grail,is,317,True,9da86a20dc04,3.432020999753149,latency-87514f6493bf.csv
2,87514f6493bf,2025-10-21T15:38:05.828740,shrek3,cosmic,1,True,9da86a20dc04,9.26561199958087,latency-87514f6493bf.csv
2,87514f6493bf,2025-10-21T15:38:05.948871,grail,Eolio,2,True,9da86a20dc04,22.316881999358884,latency-87514f6493bf.csv
2,87514f6493bf,2025-10-21T15:38:06.084521,shrek,you,409,True,9da86a20dc04,14.37427700147964,latency-87514f6493bf.csv
2,87514f6493bf,2025-10-21T15:38:06.209025,shrek3,at,134,True,9da86a20dc04,16.91832600045018,latency-87514f6493bf.csv
1,875a7c23a86a,2025-10-21T15:38:28.798687,shrek,SHREK,433,True,9da86a20dc04,3.329473000121652,latency-875a7c23a86a.csv
1,875a7c23a86a,2025-10-21T15:38:28.908426,shrek,help,5,True,9da86a20dc04,3.637840000010328,latency-875a7c23a86a.csv
1,875a7c23a86a,2025-10-21T15:38:29.016002,shrek,this,79,True,9da86a20dc04,6.264528999963659,latency-875a7c23a86a.csv
1,875a7c23a86a,2025-10-21T15:38:29.127898,grail,54,2,True,9da86a20dc04,2.98409700008051,latency-875a7c23a86a.csv
1,875a7c23a86a,2025-10-21T15:38:29.234558,shrek3,him,87,True,9da86a20dc04,3.452823000770877,latency-875a7c23a86a.csv
1,875a7c23a86a,2025-10-21T15:38:29.341507,grail,seek,12,True,9da86a20dc04,6.399818001227686,latency-875a7c23a86a.csv
1,875a7c23a86a,2025-10-21T15:38:29.454802,grail,seek,12,True,9da86a20dc04,2.7446109997981694,latency-875a7c23a86a.csv
1,875a7c23a86a,2025-10-21T15:38:29.561694,shrek,And,318,True,9da86a20dc04,5.203239999900688,latency-875a7c23a86a.csv
1,875a7c23a86a,2025-10-21T15:38:29.672021,shrek3,WOLF,7,True,9da86a20dc04,4.402012998980354,latency-875a7c23a86a.csv
1,875a7c23a86a,2025-10-21T15:38:29.782359,shrek,his,48,True,9da86a20dc04,4.306147000534111,latency-875a7c23a86a.csv
1,875a7c23a86a,2025-10-21T15:38:29.894516,shrek,GORDO,5,True,9da86a20dc04,4.324548999647959,latency-875a7c23a86a.csv
1,875a7c23a86a,2025-10-21T15:38:30.003748,grail,it,279,True,9da86a20dc04,2.620888000819832,latency-875a7c23a86a.csv
1,875a7c23a86a,2025-10-21T15:38:30.109811,grail,from,94,True,9da86a20dc04,5.341484999007662,latency-875a7c23a86a.csv
1,875a7c23a86a,2025-10-21T15:38:30.221079,shrek,the,535,True,9da86a20dc04,5.308908999722917,latency-875a7c23a86a.csv
1,875a7c23a86a,2025-10-21T15:38:30.336019,shrek3,Final,119,True,9da86a20dc04,3.692627999043907,latency-875a7c23a86a.csv
1,875a7c23a86a,2025-10-21T15:38:30.445466,shrek3,true,1,True,9da86a20dc04,3.551714999048272,latency-875a7c23a86a.csv
1,875a7c23a86a,2025-10-21T15:38:30.553992,grail,are,114,True,9da86a20dc04,4.766512000060175,latency-875a7c23a86a.csv
1,875a7c23a86a,2025-10-21T15:38:30.663233,shrek3,us,12,True,9da86a20dc04,3.4811570003512315,latency-875a7c23a86a.csv
1,875a7c23a86a,2025-10-21T15:38:30.770643,shrek3,youre,0,True,9da86a20dc04,5.590912000116077,latency-875a7c23a86a.csv
1,875a7c23a86a,2025-10-21T15:38:30.880919,shrek3,TO,511,True,9da86a20dc04,6.250955000723479,latency-875a7c23a86a.csv
2,875a7c23a86a,2025-10-21T15:38:30.991964,shrek,SHREK,433,True,9da86a20dc04,4.01719199908257,latency-875a7c23a86a.csv
2,875a7c23a86a,2025-10-21T15:38:31.100135,shrek,help,5,True,9da86a20dc04,3.866455999741447,latency-875a7c23a86a.csv
2,875a7c23a86a,2025-10-21T15:38:31.207589,shrek,this,79,True,9da86a20dc04,3.092123000897118,latency-875a7c23a86a.csv
2,875a7c23a86a,2025-10-21T15:38:31.319032,grail,54,2,True,9da86a20dc04,13.376400000197464,latency-875a7c23a86a.csv
2,875a7c23a86a,2025-10-21T15:38:31.440210,shrek3,him,87,True,9da86a20dc04,5.317436000041198,latency-875a7c23a86a.csv
2,875a7c23a86a,2025-10-21T15:38:31.551921,grail,seek,12,True,9da86a20dc04,4.597779001414892,latency-875a7c23a86a.csv
2,875a7c23a86a,2025-10-21T15:38:31.663366,grail,seek,12,True,9da86a20dc04,6.19010700029321,latency-875a7c23a86a.csv
2,875a7c23a86a,2025-10-21T15:38:31.775259,shrek,And,318,True,9da86a20dc04,8.95640399903641,latency-875a7c23a86a.csv
2,875a7c23a86a,2025-10-21T15:38:31.895134,shrek3,WOLF,7,True,9da86a20dc04,6.493804999990971,latency-875a7c23a86a.csv
2,875a7c23a86a,2025-10-21T15:38:32.007405,shrek,his,48,True,9da86a20dc04,3.615699999500066,latency-875a7c23a86a.csv
2,875a7c23a86a,2025-10-21T15:38:32.118039,shrek,GORDO,5,True,9da86a20dc04,7.392819999950007,latency-875a7c23a86a.csv
2,875a7c23a86a,2025-10-21T15:38:32.231351,grail,it,279,True,9da86a20dc04,8.916000000681379,latency-875a7c23a86a.csv
2,875a7c23a86a,2025-10-21T15:38:32.348980,grail,from,94,True,9da86a20dc04,4.975027999535087,latency-875a7c23a86a.csv
2,875a7c23a86a,2025-10-21T15:38:32.460729,shrek,the,535,True,9da86a20dc04,3.222875000574277,latency-875a7c23a86a.csv
2,875a7c23a86a,2025-10-21T15:38:32.569291,shrek3,Final,119,True,9da86a20dc04,2.9784580001432914,latency-875a7c23a86a.csv
2,875a7c23a86a,2025-10-21T15:38:32.680085,shrek3,true,1,True,9da86a20dc04,3.418784001041786,latency-875a7c23a86a.csv
2,875a7c23a86a,2025-10-21T15:38:32.786640,grail,are,114,True,9da86a20dc04,3.532373999405536,latency-875a7c23a86a.csv
2,875a7c23a86a,2025-10-21T15:38:32.894155,shrek3,us,12,True,9da86a20dc04,2.778853000563686,latency-875a7c23a86a.csv
2,875a7c23a86a,2025-10-21T15:38:33.000396,shrek3,youre,0,True,9da86a20dc04,3.013819001353113,latency-875a7c23a86a.csv
2,875a7c23a86a,2025-10-21T15:38:33.106981,shrek3,TO,511,True,9da86a20dc04,3.016474000105518,latency-875a7c23a86a.csv
1,89e640a5a365,2025-10-21T15:38:35.096850,shrek,DONKEY,320,True,9da86a20dc04,3.1794790011190344,latency-89e640a5a365.csv
1,89e640a5a365,2025-10-21T15:38:35.203778,shrek3,them,44,True,9da86a20dc04,2.904224000303657,latency-89e640a5a365.csv
1,89e640a5a365,2025-10-21T15:38:35.310050,grail,(as,0,True,9da86a20dc04,2.5723620001372183,latency-89e640a5a365.csv
1,89e640a5a365,2025-10-21T15:38:35.416121,grail,I,298,True,9da86a20dc04,2.8277159999561263,latency-89e640a5a365.csv
1,89e640a5a365,2025-10-21T15:38:35.522726,grail,the,1600,True,9da86a20dc04,4.124732999116532,latency-89e640a5a365.csv
1,89e640a5a365,2025-10-21T15:38:35.631106,shrek,one,44,True,9da86a20dc04,2.819700001055025,latency-89e640a5a365.csv
1,89e640a5a365,2025-10-21T15:38:35.737436,shrek3,ARTIE,213,True,9da86a20dc04,3.648550000434625,latency-89e640a5a365.csv
1,89e640a5a365,2025-10-21T15:38:35.845233,shrek3,me,72,True,9da86a20dc04,5.142060999787645,latency-89e640a5a365.csv
1,89e640a5a365,2025-10-21T15:38:35.953846,grail,LTD,6,True,9da86a20dc04,10.59816400083946,latency-89e640a5a365.csv
1,89e640a5a365,2025-10-21T15:38:36.084106,shrek3,youre,0,True,9da86a20dc04,3.7924240004940657,latency-89e640a5a365.csv
1,89e640a5a365,2025-10-21T15:38:36.195664,shrek,FARQUAAD,84,True,9da86a20dc04,2.641544999278267,latency-89e640a5a365.csv
1,89e640a5a365,2025-10-21T15:38:36.303767,grail,for,118,True,9da86a20dc04,2.1653069998137653,latency-89e640a5a365.csv
1,89e640a5a365,2025-10-21T15:38:36.409048,shrek,whole,10,True,9da86a20dc04,3.277399000580772,latency-89e640a5a365.csv
1,89e640a5a365,2025-10-21T15:38:36.515976,shrek3,WOLF,7,True,9da86a20dc04,2.273751999382512,latency-89e640a5a365.csv
1,89e640a5a365,2025-10-21T15:38:36.621167,shrek3,RAPUNZEL,30,True,9da86a20dc04,2.786144999845419,latency-89e640a5a365.csv
1,89e640a5a365,2025-10-21T15:38:36.728093,grail,LANCELOT,59,True,9da86a20dc04,5.4773520005255705,latency-89e640a5a365.csv
1,89e640a5a365,2025-10-21T15:38:36.837198,shrek,a,305,True,9da86a20dc04,4.70256500011601,latency-89e640a5a365.csv
1,89e640a5a365,2025-10-21T15:38:36.945537,shrek,Shrek,433,True,9da86a20dc04,3.06193100004748,latency-89e640a5a365.csv
1,89e640a5a365,2025-10-21T15:38:37.051734,shrek,fair,2,True,9da86a20dc04,2.566787999967346,latency-89e640a5a365.csv
1,89e640a5a365,2025-10-21T15:38:37.157254,grail,Yeah,13,True,9da86a20dc04,2.9828269998688484,latency-89e640a5a365.csv
2,89e640a5a365,2025-10-21T15:38:37.263937,shrek,DONKEY,320,True,9da86a20dc04,3.5998059993289644,latency-89e640a5a365.csv
2,89e640a5a365,2025-10-21T15:38:37.371100,shrek3,them,44,True,9da86a20dc04,2.88967300002696,latency-89e640a5a365.csv
2,89e640a5a365,2025-10-21T15:38:37.477942,grail,(as,0,True,9da86a20dc04,4.085016998942592,latency-89e640a5a365.csv
2,89e640a5a365,2025-10-21T15:38:37.586627,grail,I,298,True,9da86a20dc04,6.632668000747799,latency-89e640a5a365.csv
2,89e640a5a365,2025-10-21T15:38:37.698768,grail,the,1600,True,9da86a20dc04,12.035322000883752,latency-89e640a5a365.csv
2,89e640a5a365,2025-10-21T15:38:37.816434,shrek,one,44,True,9da86a20dc04,8.450115999949048,latency-89e640a5a365.csv
2,89e640a5a365,2025-10-21T15:38:37.931878,shrek3,ARTIE,213,True,9da86a20dc04,8.007682999959798,latency-89e640a5a365.csv
2,89e640a5a365,2025-10-21T15:38:38.044502,shrek3,me,72,True,9da86a20dc04,4.697074000432622,latency-89e640a5a365.csv
2,89e640a5a365,2025-10-21T15:38:38.154389,grail,LTD,6,True,9da86a20dc04,3.568173000530805,latency-89e640a5a365.csv
2,89e640a5a365,2025-10-21T15:38:38.262872,shrek3,youre,0,True,9da86a20dc04,3.014129000803223,latency-89e640a5a365.csv
2,89e640a5a365,2025-10-21T15:38:38.372549,shrek,FARQUAAD,84,True,9da86a20dc04,4.820123000172316,latency-89e640a5a365.csv
2,89e640a5a365,2025-10-21T15:38:38.482925,grail,for,118,True,9da86a20dc04,3.428803998758667,latency-89e640a5a365.csv
2,89e640a5a365,2025-10-21T15:38:38.589566,shrek,whole,10,True,9da86a20dc04,2.8410779996193014,latency-89e640a5a365.csv
2,89e640a5a365,2025-10-21T15:38:38.696071,shrek3,WOLF,7,True,9da86a20dc04,2.9878580007789424,latency-89e640a5a365.csv
2,89e640a5a365,2025-10-21T15:38:38.802710,shrek3,RAPUNZEL,30,True,9da86a20dc04,3.382303999387659,latency-89e640a5a365.csv
2,89e640a5a365,2025-10-21T15:38:38.909748,grail,LANCELOT,59,True,9da86a20dc04,4.548693999822717,latency-89e640a5a365.csv
2,89e640a5a365,2025-10-21T15:38:39.017622,shrek,a,305,True,9da86a20dc04,3.85764500060759,latency-89e640a5a365.csv
2,89e640a5a365,2025-10-21T15:38:39.125301,shrek,Shrek,433,True,9da86a20dc04,3.7142069995752536,latency-89e640a5a365.csv
2,89e640a5a365,2025-10-21T15:38:39.232720,shrek,fair,2,True,9da86a20dc04,3.1380540003738133,latency-89e640a5a365.csv
2,89e640a5a365,2025-10-21T15:38:39.339473,grail,Yeah,13,True,9da86a20dc04,4.042915001264191,latency-89e640a5a365.csv
1,8e96e44470ac,2025-10-21T15:38:07.535009,shrek3,BOAT,32,True,9da86a20dc04,5.0182329996459885,latency-8e96e44470ac.csv
1,8e96e44470ac,2025-10-21T15:38:07.645110,shrek3,me,72,True,9da86a20dc04,3.662025999801699,latency-8e96e44470ac.csv
1,8e96e44470ac,2025-10-21T15:38:07.753117,shrek3,of,275,True,9da86a20dc04,5.076401999758673,latency-8e96e44470ac.csv
1,8e96e44470ac,2025-10-21T15:38:07.862559,grail,the,1600,True,9da86a20dc04,4.998481999791693,latency-8e96e44470ac.csv
1,8e96e44470ac,2025-10-21T15:38:07.977974,shrek3,body),0,True,9da86a20dc04,3.848374999506632,latency-8e96e44470ac.csv
1,8e96e44470ac,2025-10-21T15:38:08.085596,grail,toward,10,True,9da86a20dc04,3.666284999781056,latency-8e96e44470ac.csv
1,8e96e44470ac,2025-10-21T15:38:08.193584,grail,the,1600,True,9da86a20dc04,3.16055400071491,latency-8e96e44470ac.csv
1,8e96e44470ac,2025-10-21T15:38:08.300543,shrek3,Im,1,False,9da86a20dc04,11.288247000265985,latency-8e96e44470ac.csv
1,8e96e44470ac,2025-10-21T15:38:08.417328,shrek3,still,18,True,9da86a20dc04,4.7112869997363305,latency-8e96e44470ac.csv
1,8e96e44470ac,2025-10-21T15:38:08.526539,grail,upon,13,True,9da86a20dc04,3.4411199994792696,latency-8e96e44470ac.csv
1,8e96e44470ac,2025-10-21T15:38:08.634449,shrek,gone,3,True,9da86a20dc04,3.65842399878602,latency-8e96e44470ac.csv
1,8e96e44470ac,2025-10-21T15:38:08.742366,shrek3,BOAT,32,True,9da86a20dc04,6.923290999111487,latency-8e96e44470ac.csv
1,8e96e44470ac,2025-10-21T15:38:08.853395,shrek,your,49,True,9da86a20dc04,6.729884999003843,latency-8e96e44470ac.csv
1,8e96e44470ac,2025-10-21T15:38:08.966211,shrek3,the,1285,True,9da86a20dc04,8.79868399897532,latency-8e96e44470ac.csv
1,8e96e44470ac,2025-10-21T15:38:09.084954,shrek3,Uh,18,False,9da86a20dc04,10.788808000143035,latency-8e96e44470ac.csv
1,8e96e44470ac,2025-10-21T15:38:09.212287,shrek,happily,2,True,9da86a20dc04,4.06582600044203,latency-8e96e44470ac.csv
1,8e96e44470ac,2025-10-21T15:38:09.327784,grail,for,118,False,9da86a20dc04,16.02628100044967,latency-8e96e44470ac.csv
1,8e96e44470ac,2025-10-21T15:38:09.455388,shrek3,fall,6,True,9da86a20dc04,4.631720999896061,latency-8e96e44470ac.csv
1,8e96e44470ac,2025-10-21T15:38:09.564462,shrek,tale,7,True,9da86a20dc04,4.815217998839216,latency-8e96e44470ac.csv
1,8e96e44470ac,2025-10-21T15:38:09.673793,shrek,"Well,",0,True,9da86a20dc04,13.696161999178004,latency-8e96e44470ac.csv
2,8e96e44470ac,2025-10-21T15:38:09.807544,shrek3,BOAT,32,True,9da86a20dc04,21.39742399958777,latency-8e96e44470ac.csv
2,8e96e44470ac,2025-10-21T15:38:09.935049,shrek3,me,72,True,9da86a20dc04,7.832367999071721,latency-8e96e44470ac.csv
2,8e96e44470ac,2025-10-21T15:38:10.048457,shrek3,of,275,True,9da86a20dc04,9.743177999553154,latency-8e96e44470ac.csv
2,8e96e44470ac,2025-10-21T15:38:10.164092,grail,the,1600,True,9da86a20dc04,19.33161899978586,latency-8e96e44470ac.csv
2,8e96e44470ac,2025-10-21T15:38:10.292537,shrek3,body),0,True,9da86a20dc04,11.026628000763594,latency-8e96e44470ac.csv
2,8e96e44470ac,2025-10-21T15:38:10.416304,grail,toward,10,True,9da86a20dc04,5.26749600066978,latency-8e96e44470ac.csv
2,8e96e44470ac,2025-10-21T15:38:10.532373,grail,the,1600,True,9da86a20dc04,8.46267999986594,latency-8e96e44470ac.csv
2,8e96e44470ac,2025-10-21T15:38:10.650463,shrek3,Im,1,True,9da86a20dc04,4.667041999709909,latency-8e96e44470ac.csv
2,8e96e44470ac,2025-10-21T15:38:10.760389,shrek3,still,18,True,9da86a20dc04,3.6310499999672174,latency-8e96e44470ac.csv
2,8e96e44470ac,2025-10-21T15:38:10.868503,grail,upon,13,True,9da86a20dc04,2.352968000195688,latency-8e96e44470ac.csv
2,8e96e44470ac,2025-10-21T15:38:10.974386,shrek,gone,3,True,9da86a20dc04,3.082225000980543,latency-8e96e44470ac.csv
2,8e96e44470ac,2025-10-21T15:38:11.082113,shrek3,BOAT,32,True,9da86a20dc04,5.322959999830346,latency-8e96e44470ac.csv
2,8e96e44470ac,2025-10-21T15:38:11.192164,shrek,your,49,True,9da86a20dc04,5.117737000546185,latency-8e96e44470ac.csv
2,8e96e44470ac,2025-10-21T15:38:11.301646,shrek3,the,1285,True,9da86a20dc04,5.462782000904554,latency-8e96e44470ac.csv
2,8e96e44470ac,2025-10-21T15:38:11.412913,shrek3,Uh,18,True,9da86a20dc04,4.946876000758493,latency-8e96e44470ac.csv
2,8e96e44470ac,2025-10-21T15:38:11.523785,shrek,happily,2,True,9da86a20dc04,7.0225439994828776,latency-8e96e44470ac.csv
2,8e96e44470ac,2025-10-21T15:38:11.639781,grail,for,118,True,9da86a20dc04,3.357668998432928,latency-8e96e44470ac.csv
2,8e96e44470ac,2025-10-21T15:38:11.747384,shrek3,fall,6,True,9da86a20dc04,3.730005999386776,latency-8e96e44470ac.csv
2,8e96e44470ac,2025-10-21T15:38:11.854508,shrek,tale,7,True,9da86a20dc04,3.699822998896707,latency-8e96e44470ac.csv
2,8e96e44470ac,2025-10-21T15:38:11.963872,shrek,"Well,",0,True,9da86a20dc04,7.716471000094316,latency-8e96e44470ac.csv
1,9094360bd948,2025-10-21T15:38:30.399337,shrek3,true,1,True,9da86a20dc04,5.671101998814265,latency-9094360bd948.csv
1,9094360bd948,2025-10-21T15:38:30.509767,shrek,number,8,True,9da86a20dc04,4.871207000178401,latency-9094360bd948.csv
1,9094360bd948,2025-10-21T15:38:30.619335,grail,(as,0,True,9da86a20dc04,4.00215800073056,latency-9094360bd948.csv
1,9094360bd948,2025-10-21T15:38:30.728208,grail,are,114,True,9da86a20dc04,3.5288879989821,latency-9094360bd948.csv
1,9094360bd948,2025-10-21T15:38:30.835468,shrek,FARQUAAD,84,True,9da86a20dc04,3.537446000336786,latency-9094360bd948.csv
1,9094360bd948,2025-10-21T15:38:30.943330,grail,pathetic,4,True,9da86a20dc04,5.955385000561364,latency-9094360bd948.csv
1,9094360bd948,2025-10-21T15:38:31.055831,shrek,your,49,True,9da86a20dc04,4.587031999108149,latency-9094360bd948.csv
1,9094360bd948,2025-10-21T15:38:31.164277,grail,grabbing,5,True,9da86a20dc04,4.759217999890097,latency-9094360bd948.csv
1,9094360bd948,2025-10-21T15:38:31.273480,shrek,minute,3,True,9da86a20dc04,5.0548710005386965,latency-9094360bd948.csv
1,9094360bd948,2025-10-21T15:38:31.383599,grail,Gallahad,44,True,9da86a20dc04,4.012237999631907,latency-9094360bd948.csv
1,9094360bd948,2025-10-21T15:38:31.493874,shrek3,with,112,True,9da86a20dc04,3.667552999104373,latency-9094360bd948.csv
1,9094360bd948,2025-10-21T15:38:31.602202,grail,since,10,True,9da86a20dc04,3.33124700046028,latency-9094360bd948.csv
1,9094360bd948,2025-10-21T15:38:31.711292,shrek,fair,2,True,9da86a20dc04,5.233136998867849,latency-9094360bd948.csv
1,9094360bd948,2025-10-21T15:38:31.821555,shrek3,RAPUNZEL,30,True,9da86a20dc04,7.617737999680685,latency-9094360bd948.csv
1,9094360bd948,2025-10-21T15:38:31.940698,shrek3,and,576,True,9da86a20dc04,4.004035999969346,latency-9094360bd948.csv
1,9094360bd948,2025-10-21T15:38:32.049650,grail,is,317,True,9da86a20dc04,3.433022000535857,latency-9094360bd948.csv
1,9094360bd948,2025-10-21T15:38:32.157171,shrek,MAN,38,True,9da86a20dc04,4.076993000126095,latency-9094360bd948.csv
1,9094360bd948,2025-10-21T15:38:32.265312,shrek3,ARTIE,213,True,9da86a20dc04,5.043988001489197,latency-9094360bd948.csv
1,9094360bd948,2025-10-21T15:38:32.380328,grail,on,139,True,9da86a20dc04,4.916928999591619,latency-9094360bd948.csv
1,9094360bd948,2025-10-21T15:38:32.490659,grail,Footnote,4,True,9da86a20dc04,3.140955001072143,latency-9094360bd948.csv
2,9094360bd948,2025-10-21T15:38:32.597555,shrek3,true,1,True,9da86a20dc04,4.377830000521499,latency-9094360bd948.csv
2,9094360bd948,2025-10-21T15:38:32.706425,shrek,number,8,True,9da86a20dc04,4.113131999474717,latency-9094360bd948.csv
2,9094360bd948,2025-10-21T15:38:32.814756,grail,(as,0,True,9da86a20dc04,4.8352430003433255,latency-9094360bd948.csv
2,9094360bd948,2025-10-21T15:38:32.923721,grail,are,114,True,9da86a20dc04,9.110031000091112,latency-9094360bd948.csv
2,9094360bd948,2025-10-21T15:38:33.037105,shrek,FARQUAAD,84,True,9da86a20dc04,10.776479999549338,latency-9094360bd948.csv
2,9094360bd948,2025-10-21T15:38:33.160285,grail,pathetic,4,True,9da86a20dc04,4.144201000599423,latency-9094360bd948.csv
2,9094360bd948,2025-10-21T15:38:33.270051,shrek,your,49,True,9da86a20dc04,3.3442129988543456,latency-9094360bd948.csv
2,9094360bd948,2025-10-21T15:38:33.377176,grail,grabbing,5,True,9da86a20dc04,5.046881999078323,latency-9094360bd948.csv
2,9094360bd948,2025-10-21T15:38:33.486850,shrek,minute,3,True,9da86a20dc04,2.993979000166292,latency-9094360bd948.csv
2,9094360bd948,2025-10-21T15:38:33.593271,grail,Gallahad,44,True,9da86a20dc04,3.8157239996508,latency-9094360bd948.csv
2,9094360bd948,2025-10-21T15:38:33.700529,shrek3,with,112,True,9da86a20dc04,2.3593070000060834,latency-9094360bd948.csv
2,9094360bd948,2025-10-21T15:38:33.806276,grail,since,10,True,9da86a20dc04,3.584195001167245,latency-9094360bd948.csv
2,9094360bd948,2025-10-21T15:38:33.914380,shrek,fair,2,True,9da86a20dc04,7.1715150006639306,latency-9094360bd948.csv
2,9094360bd948,2025-10-21T15:38:34.026369,shrek3,RAPUNZEL,30,True,9da86a20dc04,3.174690000378177,latency-9094360bd948.csv
2,9094360bd948,2025-10-21T15:38:34.134675,shrek3,and,576,True,9da86a20dc04,5.662065999786137,latency-9094360bd948.csv
2,9094360bd948,2025-10-21T15:38:34.245213,grail,is,317,True,9da86a20dc04,15.911153001070488,latency-9094360bd948.csv
2,9094360bd948,2025-10-21T15:38:34.387952,shrek,MAN,38,True,9da86a20dc04,3.5394260012253653,latency-9094360bd948.csv
2,9094360bd948,2025-10-21T15:38:34.500328,shrek3,ARTIE,213,True,9da86a20dc04,13.401853999312152,latency-9094360bd948.csv
2,9094360bd948,2025-10-21T15:38:34.636448,grail,on,139,True,9da86a20dc04,4.7767890009708935,latency-9094360bd948.csv
2,9094360bd948,2025-10-21T15:38:34.750688,grail,Footnote,4,True,9da86a20dc04,2.7164349994563963,latency-9094360bd948.csv
1,90a3258299b6,2025-10-21T15:38:34.795926,shrek3,and,576,True,9da86a20dc04,3.791903000092134,latency-90a3258299b6.csv
1,90a3258299b6,2025-10-21T15:38:34.903564,shrek3,Third,121,True,9da86a20dc04,4.008417998193181,latency-90a3258299b6.csv
1,90a3258299b6,2025-10-21T15:38:35.011768,shrek,this,79,True,9da86a20dc04,4.9241849992540665,latency-90a3258299b6.csv
1,90a3258299b6,2025-10-21T15:38:35.120312,grail,from,94,True,9da86a20dc04,6.986857000811142,latency-90a3258299b6.csv
1,90a3258299b6,2025-10-21T15:38:35.232652,shrek,the,535,True,9da86a20dc04,5.388334999224753,latency-90a3258299b6.csv
1,90a3258299b6,2025-10-21T15:38:35.347208,shrek3,They,80,True,9da86a20dc04,5.844952000188641,latency-90a3258299b6.csv
1,90a3258299b6,2025-10-21T15:38:35.458112,shrek3,"Suddenly,",0,True,9da86a20dc04,4.370832000859082,latency-90a3258299b6.csv
1,90a3258299b6,2025-10-21T15:38:35.567984,grail,pause,10,True,9da86a20dc04,4.350440000052913,latency-90a3258299b6.csv
1,90a3258299b6,2025-10-21T15:38:35.676477,shrek,you,409,True,9da86a20dc04,3.5767900008067954,latency-90a3258299b6.csv
1,90a3258299b6,2025-10-21T15:38:35.783675,grail,are,114,True,9da86a20dc04,3.3328760000586044,latency-90a3258299b6.csv
1,90a3258299b6,2025-10-21T15:38:35.890983,grail,LTD,6,True,9da86a20dc04,3.556862000550609,latency-90a3258299b6.csv
1,90a3258299b6,2025-10-21T15:38:35.997879,grail,3,18,True,9da86a20dc04,3.7584219990094425,latency-90a3258299b6.csv
1,90a3258299b6,2025-10-21T15:38:36.105800,shrek3,wont,0,True,9da86a20dc04,3.6796889999095583,latency-90a3258299b6.csv
1,90a3258299b6,2025-10-21T15:38:36.213596,grail,54,2,True,9da86a20dc04,5.065749999630498,latency-90a3258299b6.csv
1,90a3258299b6,2025-10-21T15:38:36.324007,shrek3,what,82,True,9da86a20dc04,3.292301998953917,latency-90a3258299b6.csv
1,90a3258299b6,2025-10-21T15:38:36.431031,shrek3,and,576,True,9da86a20dc04,4.602416000125231,latency-90a3258299b6.csv
1,90a3258299b6,2025-10-21T15:38:36.540270,grail,Christ,8,True,9da86a20dc04,5.129793999003596,latency-90a3258299b6.csv
1,90a3258299b6,2025-10-21T15:38:36.649537,shrek3,and,576,True,9da86a20dc04,4.607880999174085,latency-90a3258299b6.csv
1,90a3258299b6,2025-10-21T15:38:36.757714,shrek,"Ha,",0,True,9da86a20dc04,7.38533999901847,latency-90a3258299b6.csv
1,90a3258299b6,2025-10-21T15:38:36.874378,shrek3,his,238,True,9da86a20dc04,7.544703999883495,latency-90a3258299b6.csv
2,90a3258299b6,2025-10-21T15:38:36.988482,shrek3,and,576,True,9da86a20dc04,4.394330999275553,latency-90a3258299b6.csv
2,90a3258299b6,2025-10-21T15:38:37.098771,shrek3,Third,121,True,9da86a20dc04,7.663823998882435,latency-90a3258299b6.csv
2,90a3258299b6,2025-10-21T15:38:37.213633,shrek,this,79,True,9da86a20dc04,5.563886001255014,latency-90a3258299b6.csv
2,90a3258299b6,2025-10-21T15:38:37.325959,grail,from,94,True,9da86a20dc04,5.261143000097945,latency-90a3258299b6.csv
2,90a3258299b6,2025-10-21T15:38:37.435988,shrek,the,535,True,9da86a20dc04,7.55956399916613,latency-90a3258299b6.csv
2,90a3258299b6,2025-10-21T15:38:37.552259,shrek3,They,80,True,9da86a20dc04,10.652057000697823,latency-90a3258299b6.csv
2,90a3258299b6,2025-10-21T15:38:37.676131,shrek3,"Suddenly,",0,True,9da86a20dc04,16.634235000310582,latency-90a3258299b6.csv
2,90a3258299b6,2025-10-21T15:38:37.805688,grail,pause,10,True,9da86a20dc04,9.091820000321604,latency-90a3258299b6.csv
2,90a3258299b6,2025-10-21T15:38:37.929002,shrek,you,409,True,9da86a20dc04,5.993676000798587,latency-90a3258299b6.csv
2,90a3258299b6,2025-10-21T15:38:38.041570,grail,are,114,True,9da86a20dc04,2.8211659991939086,latency-90a3258299b6.csv
2,90a3258299b6,2025-10-21T15:38:38.149403,grail,LTD,6,True,9da86a20dc04,2.196683000875055,latency-90a3258299b6.csv
2,90a3258299b6,2025-10-21T15:38:38.254606,grail,3,18,True,9da86a20dc04,2.480572999047581,latency-90a3258299b6.csv
2,90a3258299b6,2025-10-21T15:38:38.360537,shrek3,wont,0,True,9da86a20dc04,3.578032999939751,latency-90a3258299b6.csv
2,90a3258299b6,2025-10-21T15:38:38.467726,grail,54,2,True,9da86a20dc04,2.345581000554376,latency-90a3258299b6.csv
2,90a3258299b6,2025-10-21T15:38:38.573101,shrek3,what,82,True,9da86a20dc04,2.329069999177591,latency-90a3258299b6.csv
2,90a3258299b6,2025-10-21T15:38:38.678541,shrek3,and,576,True,9da86a20dc04,3.151073999106302,latency-90a3258299b6.csv
2,90a3258299b6,2025-10-21T15:38:38.785150,grail,Christ,8,True,9da86a20dc04,2.3196799993456807,latency-90a3258299b6.csv
2,90a3258299b6,2025-10-21T15:38:38.890427,shrek3,and,576,True,9da86a20dc04,2.412354999250965,latency-90a3258299b6.csv
2,90a3258299b6,2025-10-21T15:38:38.995884,shrek,"Ha,",0,True,9da86a20dc04,3.304952000689809,latency-90a3258299b6.csv
2,90a3258299b6,2025-10-21T15:38:39.103142,shrek3,his,238,True,9da86a20dc04,3.3046320004359586,latency-90a3258299b6.csv
1,978891a2231f,2025-10-21T15:38:35.917125,grail,the,1600,True,9da86a20dc04,2.684711000256357,latency-978891a2231f.csv
1,978891a2231f,2025-10-21T15:38:36.023592,shrek,Blah,1,True,9da86a20dc04,2.7096869998786133,latency-978891a2231f.csv
1,978891a2231f,2025-10-21T15:38:36.129473,shrek,HOOD,13,True,9da86a20dc04,2.404679999017389,latency-978891a2231f.csv
1,978891a2231f,2025-10-21T15:38:36.235026,shrek,Is,132,True,9da86a20dc04,2.8616820000024745,latency-978891a2231f.csv
1,978891a2231f,2025-10-21T15:38:36.341259,shrek3,wont,0,True,9da86a20dc04,2.9510559998016106,latency-978891a2231f.csv
1,978891a2231f,2025-10-21T15:38:36.447455,grail,the,1600,True,9da86a20dc04,2.8411789990059333,latency-978891a2231f.csv
1,978891a2231f,2025-10-21T15:38:36.553482,shrek,Aah,6,True,9da86a20dc04,2.3133169997890946,latency-978891a2231f.csv
1,978891a2231f,2025-10-21T15:38:36.658756,shrek3,SHOUTING),0,True,9da86a20dc04,2.6180799995927373,latency-978891a2231f.csv
1,978891a2231f,2025-10-21T15:38:36.764575,grail,Eolio,2,True,9da86a20dc04,5.922642998484662,latency-978891a2231f.csv
1,978891a2231f,2025-10-21T15:38:36.875108,grail,Ecky-Ecky-Ecky,1,True,9da86a20dc04,7.71157300005143,latency-978891a2231f.csv
1,978891a2231f,2025-10-21T15:38:36.988453,grail,cross,13,True,9da86a20dc04,6.568283999513369,latency-978891a2231f.csv
1,978891a2231f,2025-10-21T15:38:37.100065,grail,Rostmm,1,True,9da86a20dc04,6.89671200052544,latency-978891a2231f.csv
1,978891a2231f,2025-10-21T15:38:37.214078,shrek,DONKEY,320,True,9da86a20dc04,7.18443999903684,latency-978891a2231f.csv
1,978891a2231f,2025-10-21T15:38:37.326688,shrek3,"Suddenly,",0,True,9da86a20dc04,3.941937000490725,latency-978891a2231f.csv
1,978891a2231f,2025-10-21T15:38:37.435985,shrek3,still,18,True,9da86a20dc04,3.976649999458459,latency-978891a2231f.csv
1,978891a2231f,2025-10-21T15:38:37.549645,shrek3,CAPTAIN,41,True,9da86a20dc04,8.714718000192079,latency-978891a2231f.csv
1,978891a2231f,2025-10-21T15:38:37.670168,shrek3,cosmic,1,True,9da86a20dc04,5.544278999877861,latency-978891a2231f.csv
1,978891a2231f,2025-10-21T15:38:37.787105,grail,Jones,7,True,9da86a20dc04,4.554912999083172,latency-978891a2231f.csv
1,978891a2231f,2025-10-21T15:38:37.896008,grail,feel,11,True,9da86a20dc04,2.3844570005167043,latency-978891a2231f.csv
1,978891a2231f,2025-10-21T15:38:38.001599,grail,-,259,True,9da86a20dc04,2.622878999318345,latency-978891a2231f.csv
2,978891a2231f,2025-10-21T15:38:38.105994,grail,the,1600,True,9da86a20dc04,2.469457000188413,latency-978891a2231f.csv
2,978891a2231f,2025-10-21T15:38:38.211907,shrek,Blah,1,True,9da86a20dc04,2.376090000325348,latency-978891a2231f.csv
2,978891a2231f,2025-10-21T15:38:38.317314,shrek,HOOD,13,True,9da86a20dc04,2.444974999889382,latency-978891a2231f.csv
2,978891a2231f,2025-10-21T15:38:38.423076,shrek,Is,132,True,9da86a20dc04,2.454701998431119,latency-978891a2231f.csv
2,978891a2231f,2025-10-21T15:38:38.528779,shrek3,wont,0,True,9da86a20dc04,2.6058980001835157,latency-978891a2231f.csv
2,978891a2231f,2025-10-21T15:38:38.634532,grail,the,1600,True,9da86a20dc04,3.143710000585997,latency-978891a2231f.csv
2,978891a2231f,2025-10-21T15:38:38.741541,shrek,Aah,6,True,9da86a20dc04,2.6338099996792157,latency-978891a2231f.csv
2,978891a2231f,2025-10-21T15:38:38.847273,shrek3,SHOUTING),0,True,9da86a20dc04,2.4368980011786334,latency-978891a2231f.csv
2,978891a2231f,2025-10-21T15:38:38.952846,grail,Eolio,2,True,9da86a20dc04,2.4590419998276047,latency-978891a2231f.csv
2,978891a2231f,2025-10-21T15:38:39.058488,grail,Ecky-Ecky-Ecky,1,True,9da86a20dc04,2.41108800037182,latency-978891a2231f.csv
2,978891a2231f,2025-10-21T15:38:39.164142,grail,cross,13,True,9da86a20dc04,2.233743000033428,latency-978891a2231f.csv
2,978891a2231f,2025-10-21T15:38:39.269551,grail,Rostmm,1,True,9da86a20dc04,2.635361999637098,latency-978891a2231f.csv
2,978891a2231f,2025-10-21T15:38:39.375511,shrek,DONKEY,320,True,9da86a20dc04,3.456436999840662,latency-978891a2231f.csv
2,978891a2231f,2025-10-21T15:38:39.483124,shrek3,"Suddenly,",0,True,9da86a20dc04,2.3630289997527143,latency-978891a2231f.csv
2,978891a2231f,2025-10-21T15:38:39.589009,shrek3,still,18,True,9da86a20dc04,2.55214700155193,latency-978891a2231f.csv
2,978891a2231f,2025-10-21T15:38:39.694625,shrek3,CAPTAIN,41,True,9da86a20dc04,2.738249000685755,latency-978891a2231f.csv
2,978891a2231f,2025-10-21T15:38:39.800495,shrek3,cosmic,1,True,9da86a20dc04,2.5340860011056066,latency-978891a2231f.csv
2,978891a2231f,2025-10-21T15:38:39.906205,grail,Jones,7,True,9da86a20dc04,2.463827000610763,latency-978891a2231f.csv
2,978891a2231f,2025-10-21T15:38:40.012033,grail,feel,11,True,9da86a20dc04,2.8511510008684127,latency-978891a2231f.csv
2,978891a2231f,2025-10-21T15:38:40.117927,grail,-,259,True,9da86a20dc04,2.5737420000950806,latency-978891a2231f.csv
1,9838a96722f1,2025-10-21T15:38:13.651028,shrek3,his,238,True,9da86a20dc04,4.991155999960029,latency-9838a96722f1.csv
1,9838a96722f1,2025-10-21T15:38:13.760456,shrek,FIONA,211,True,9da86a20dc04,4.728550000436371,latency-9838a96722f1.csv
1,9838a96722f1,2025-10-21T15:38:13.868886,grail,"lute,",0,True,9da86a20dc04,5.372405999878538,latency-9838a96722f1.csv
1,9838a96722f1,2025-10-21T15:38:13.978334,shrek3,"meet""",0,True,9da86a20dc04,3.876912998748594,latency-9838a96722f1.csv
1,9838a96722f1,2025-10-21T15:38:14.085940,shrek3,youre,0,True,9da86a20dc04,4.313030000048457,latency-9838a96722f1.csv
1,9838a96722f1,2025-10-21T15:38:14.194630,shrek3,fall,6,True,9da86a20dc04,12.879928000984364,latency-9838a96722f1.csv
1,9838a96722f1,2025-10-21T15:38:14.316124,grail,it,279,True,9da86a20dc04,5.401557000368484,latency-9838a96722f1.csv
1,9838a96722f1,2025-10-21T15:38:14.429960,grail,cross,13,True,9da86a20dc04,5.92891200176382,latency-9838a96722f1.csv
1,9838a96722f1,2025-10-21T15:38:14.545185,shrek,minute,3,True,9da86a20dc04,5.195321999053704,latency-9838a96722f1.csv
1,9838a96722f1,2025-10-21T15:38:14.656959,grail,"collective,",0,True,9da86a20dc04,6.653092001215555,latency-9838a96722f1.csv
1,9838a96722f1,2025-10-21T15:38:14.768952,grail,at,104,True,9da86a20dc04,5.247061999398284,latency-9838a96722f1.csv
1,9838a96722f1,2025-10-21T15:38:14.881326,shrek3,us,12,True,9da86a20dc04,2.379829998972127,latency-9838a96722f1.csv
1,9838a96722f1,2025-10-21T15:38:14.988153,shrek,the,535,True,9da86a20dc04,3.8381079993996536,latency-9838a96722f1.csv
1,9838a96722f1,2025-10-21T15:38:15.100790,shrek3,his,238,True,9da86a20dc04,2.5873440008581383,latency-9838a96722f1.csv
1,9838a96722f1,2025-10-21T15:38:15.208329,shrek,swamp,18,True,9da86a20dc04,4.490858000281151,latency-9838a96722f1.csv
1,9838a96722f1,2025-10-21T15:38:15.319952,shrek3,"meet""",0,True,9da86a20dc04,5.574814000283368,latency-9838a96722f1.csv
1,9838a96722f1,2025-10-21T15:38:15.431675,shrek,FIONA,211,True,9da86a20dc04,4.711896999651799,latency-9838a96722f1.csv
1,9838a96722f1,2025-10-21T15:38:15.541023,grail,LANCELOT,59,True,9da86a20dc04,3.089754000029643,latency-9838a96722f1.csv
1,9838a96722f1,2025-10-21T15:38:15.647929,grail,I,298,True,9da86a20dc04,3.3608490011829417,latency-9838a96722f1.csv
1,9838a96722f1,2025-10-21T15:38:15.755297,shrek,old,10,True,9da86a20dc04,4.978291000952595,latency-9838a96722f1.csv
2,9838a96722f1,2025-10-21T15:38:15.865480,shrek3,his,238,True,9da86a20dc04,4.435861001184094,latency-9838a96722f1.csv
2,9838a96722f1,2025-10-21T15:38:15.974679,shrek,FIONA,211,True,9da86a20dc04,4.851444999076193,latency-9838a96722f1.csv
2,9838a96722f1,2025-10-21T15:38:16.083992,grail,"lute,",0,True,9da86a20dc04,6.0043089997634524,latency-9838a96722f1.csv
2,9838a96722f1,2025-10-21T15:38:16.194697,shrek3,"meet""",0,True,9da86a20dc04,11.351715000273543,latency-9838a96722f1.csv
2,9838a96722f1,2025-10-21T15:38:16.319335,shrek3,youre,0,True,9da86a20dc04,5.704578001314076,latency-9838a96722f1.csv
2,9838a96722f1,2025-10-21T15:38:16.431590,shrek3,fall,6,True,9da86a20dc04,2.9608879995066677,latency-9838a96722f1.csv
2,9838a96722f1,2025-10-21T15:38:16.537753,grail,it,279,True,9da86a20dc04,2.966858999570832,latency-9838a96722f1.csv
2,9838a96722f1,2025-10-21T15:38:16.644437,grail,cross,13,True,9da86a20dc04,4.860589000600157,latency-9838a96722f1.csv
2,9838a96722f1,2025-10-21T15:38:16.753539,shrek,minute,3,True,9da86a20dc04,5.484260000230279,latency-9838a96722f1.csv
2,9838a96722f1,2025-10-21T15:38:16.863667,grail,"collective,",0,True,9da86a20dc04,4.232983999827411,latency-9838a96722f1.csv
2,9838a96722f1,2025-10-21T15:38:16.971560,grail,at,104,True,9da86a20dc04,3.527849999954924,latency-9838a96722f1.csv
2,9838a96722f1,2025-10-21T15:38:17.079360,shrek3,us,12,True,9da86a20dc04,2.7039700016757706,latency-9838a96722f1.csv
2,9838a96722f1,2025-10-21T15:38:17.186434,shrek,the,535,True,9da86a20dc04,4.8171529997489415,latency-9838a96722f1.csv
2,9838a96722f1,2025-10-21T15:38:17.296995,shrek3,his,238,True,9da86a20dc04,22.72999399974651,latency-9838a96722f1.csv
2,9838a96722f1,2025-10-21T15:38:17.430508,shrek,swamp,18,True,9da86a20dc04,6.919981999089941,latency-9838a96722f1.csv
2,9838a96722f1,2025-10-21T15:38:17.549404,shrek3,"meet""",0,True,9da86a20dc04,3.089278998231748,latency-9838a96722f1.csv
2,9838a96722f1,2025-10-21T15:38:17.661972,shrek,FIONA,211,True,9da86a20dc04,3.868281000904972,latency-9838a96722f1.csv
2,9838a96722f1,2025-10-21T15:38:17.775306,grail,LANCELOT,59,True,9da86a20dc04,3.104031999100698,latency-9838a96722f1.csv
2,9838a96722f1,2025-10-21T15:38:17.883253,grail,I,298,True,9da86a20dc04,3.118635999271646,latency-9838a96722f1.csv
2,9838a96722f1,2025-10-21T15:38:17.989681,shrek,old,10,True,9da86a20dc04,3.570292999938829,latency-9838a96722f1.csv
1,9870137e9db2,2025-10-21T15:38:25.059901,shrek,I,386,True,9da86a20dc04,2.5057999991986435,latency-9870137e9db2.csv
1,9870137e9db2,2025-10-21T15:38:25.165761,shrek,gone,3,True,9da86a20dc04,3.2469019988639047,latency-9870137e9db2.csv
1,9870137e9db2,2025-10-21T15:38:25.272922,shrek3,Guards,23,True,9da86a20dc04,6.022675001077005,latency-9870137e9db2.csv
1,9870137e9db2,2025-10-21T15:38:25.383041,shrek,DONKEY,320,True,9da86a20dc04,3.632061998359859,latency-9870137e9db2.csv
1,9870137e9db2,2025-10-21T15:38:25.490548,shrek3,at,134,True,9da86a20dc04,3.3282819986197865,latency-9870137e9db2.csv
1,9870137e9db2,2025-10-21T15:38:25.597240,shrek3,SNOW,49,True,9da86a20dc04,3.7743760003650095,latency-9870137e9db2.csv
1,9870137e9db2,2025-10-21T15:38:25.705220,grail,To,718,True,9da86a20dc04,3.161442000418901,latency-9870137e9db2.csv
1,9870137e9db2,2025-10-21T15:38:25.812226,grail,THREE-HEADED,8,True,9da86a20dc04,2.5469609990977915,latency-9870137e9db2.csv
1,9870137e9db2,2025-10-21T15:38:25.917955,shrek3,reason,2,True,9da86a20dc04,2.0816650012420723,latency-9870137e9db2.csv
1,9870137e9db2,2025-10-21T15:38:26.023203,shrek3,bed,10,True,9da86a20dc04,5.663694000759278,latency-9870137e9db2.csv
1,9870137e9db2,2025-10-21T15:38:26.133067,grail,“I,0,True,9da86a20dc04,2.549042999817175,latency-9870137e9db2.csv
1,9870137e9db2,2025-10-21T15:38:26.238584,shrek3,him,87,True,9da86a20dc04,2.3863669994170777,latency-9870137e9db2.csv
1,9870137e9db2,2025-10-21T15:38:26.344016,shrek,happily,2,True,9da86a20dc04,2.731927001150325,latency-9870137e9db2.csv
1,9870137e9db2,2025-10-21T15:38:26.450969,grail,To,718,True,9da86a20dc04,5.678600999090122,latency-9870137e9db2.csv
1,9870137e9db2,2025-10-21T15:38:26.561015,shrek3,Final,119,True,9da86a20dc04,3.0790319997322517,latency-9870137e9db2.csv
1,9870137e9db2,2025-10-21T15:38:26.667582,shrek,field,4,True,9da86a20dc04,4.27173600110109,latency-9870137e9db2.csv
1,9870137e9db2,2025-10-21T15:38:26.775516,shrek3,the,1285,True,9da86a20dc04,3.288598998551606,latency-9870137e9db2.csv
1,9870137e9db2,2025-10-21T15:38:26.882888,shrek,looks,37,True,9da86a20dc04,6.761511000149767,latency-9870137e9db2.csv
1,9870137e9db2,2025-10-21T15:38:26.994303,grail,54,2,True,9da86a20dc04,2.530757999920752,latency-9870137e9db2.csv
1,9870137e9db2,2025-10-21T15:38:27.100039,grail,toward,10,True,9da86a20dc04,4.936482000630349,latency-9870137e9db2.csv
2,9870137e9db2,2025-10-21T15:38:27.209679,shrek,I,386,True,9da86a20dc04,5.373509999117232,latency-9870137e9db2.csv
2,9870137e9db2,2025-10-21T15:38:27.319389,shrek,gone,3,True,9da86a20dc04,7.424161000017193,latency-9870137e9db2.csv
2,9870137e9db2,2025-10-21T15:38:27.431640,shrek3,Guards,23,True,9da86a20dc04,4.958771000019624,latency-9870137e9db2.csv
2,9870137e9db2,2025-10-21T15:38:27.540947,shrek,DONKEY,320,True,9da86a20dc04,11.143816998810507,latency-9870137e9db2.csv
2,9870137e9db2,2025-10-21T15:38:27.657333,shrek3,at,134,True,9da86a20dc04,2.350452001337544,latency-9870137e9db2.csv
2,9870137e9db2,2025-10-21T15:38:27.762870,shrek3,SNOW,49,True,9da86a20dc04,3.584943000532803,latency-9870137e9db2.csv
2,9870137e9db2,2025-10-21T15:38:27.870931,grail,To,718,True,9da86a20dc04,6.288632001087535,latency-9870137e9db2.csv
2,9870137e9db2,2025-10-21T15:38:27.981202,grail,THREE-HEADED,8,True,9da86a20dc04,2.709550000872696,latency-9870137e9db2.csv
2,9870137e9db2,2025-10-21T15:38:28.086943,shrek3,reason,2,True,9da86a20dc04,3.069248999963748,latency-9870137e9db2.csv
2,9870137e9db2,2025-10-21T15:38:28.194171,shrek3,bed,10,True,9da86a20dc04,3.3453140003985027,latency-9870137e9db2.csv
2,9870137e9db2,2025-10-21T15:38:28.301605,grail,“I,0,True,9da86a20dc04,6.531647999509005,latency-9870137e9db2.csv
2,9870137e9db2,2025-10-21T15:38:28.413604,shrek3,him,87,True,9da86a20dc04,2.786417000606889,latency-9870137e9db2.csv
2,9870137e9db2,2025-10-21T15:38:28.520057,shrek,happily,2,True,9da86a20dc04,2.9683909997402225,latency-9870137e9db2.csv
2,9870137e9db2,2025-10-21T15:38:28.626306,grail,To,718,True,9da86a20dc04,3.5676860006788047,latency-9870137e9db2.csv
2,9870137e9db2,2025-10-21T15:38:28.734103,shrek3,Final,119,True,9da86a20dc04,2.201211000283365,latency-9870137e9db2.csv
2,9870137e9db2,2025-10-21T15:38:28.839311,shrek,field,4,True,9da86a20dc04,2.5209089999407297,latency-9870137e9db2.csv
2,9870137e9db2,2025-10-21T15:38:28.944932,shrek3,the,1285,True,9da86a20dc04,2.8688290003628936,latency-9870137e9db2.csv
2,9870137e9db2,2025-10-21T15:38:29.051641,shrek,looks,37,True,9da86a20dc04,4.461930999241304,latency-9870137e9db2.csv
2,9870137e9db2,2025-10-21T15:38:29.160316,grail,54,2,True,9da86a20dc04,2.9272629999468336,latency-9870137e9db2.csv
2,9870137e9db2,2025-10-21T15:38:29.266895,grail,toward,10,True,9da86a20dc04,2.5990659996750765,latency-9870137e9db2.csv
1,990dea18ce83,2025-10-21T15:38:08.014664,shrek,tale,7,True,9da86a20dc04,2.7191579993086634,latency-990dea18ce83.csv
1,990dea18ce83,2025-10-21T15:38:08.121295,grail,Cleveland,3,True,9da86a20dc04,3.4103699999832315,latency-990dea18ce83.csv
1,990dea18ce83,2025-10-21T15:38:08.228356,shrek3,SHREK,678,True,9da86a20dc04,3.3866000012494624,latency-990dea18ce83.csv
1,990dea18ce83,2025-10-21T15:38:08.335519,grail,54,2,True,9da86a20dc04,3.3078129999921657,latency-990dea18ce83.csv
1,990dea18ce83,2025-10-21T15:38:08.442402,shrek,will,16,True,9da86a20dc04,5.793394000647822,latency-990dea18ce83.csv
1,990dea18ce83,2025-10-21T15:38:08.552311,grail,(as,0,True,9da86a20dc04,3.5448580001684604,latency-990dea18ce83.csv
1,990dea18ce83,2025-10-21T15:38:08.659744,shrek3,SHREK,678,True,9da86a20dc04,3.689614999530022,latency-990dea18ce83.csv
1,990dea18ce83,2025-10-21T15:38:08.767610,shrek3,decree,1,False,9da86a20dc04,13.429995999103994,latency-990dea18ce83.csv
1,990dea18ce83,2025-10-21T15:38:08.885929,shrek,you,409,True,9da86a20dc04,3.368310999576352,latency-990dea18ce83.csv
1,990dea18ce83,2025-10-21T15:38:08.993731,shrek3,did,14,True,9da86a20dc04,5.245248001301661,latency-990dea18ce83.csv
1,990dea18ce83,2025-10-21T15:38:09.103515,grail,is,317,True,9da86a20dc04,10.639670999808004,latency-990dea18ce83.csv
1,990dea18ce83,2025-10-21T15:38:09.218791,shrek,What,104,True,9da86a20dc04,8.184650001567206,latency-990dea18ce83.csv
1,990dea18ce83,2025-10-21T15:38:09.334436,grail,dancing,10,False,9da86a20dc04,35.335376000148244,latency-990dea18ce83.csv
1,990dea18ce83,2025-10-21T15:38:09.485008,grail,witch,30,True,9da86a20dc04,4.822584000066854,latency-990dea18ce83.csv
1,990dea18ce83,2025-10-21T15:38:09.598313,grail,upon,13,True,9da86a20dc04,5.091520000860328,latency-990dea18ce83.csv
1,990dea18ce83,2025-10-21T15:38:09.707898,shrek,FIONA,211,True,9da86a20dc04,6.569594999746187,latency-990dea18ce83.csv
1,990dea18ce83,2025-10-21T15:38:09.819240,shrek3,the,1285,True,9da86a20dc04,16.329012998539838,latency-990dea18ce83.csv
1,990dea18ce83,2025-10-21T15:38:09.947883,shrek3,the,1285,True,9da86a20dc04,5.522757001017453,latency-990dea18ce83.csv
1,990dea18ce83,2025-10-21T15:38:10.066728,shrek3,wont,0,False,9da86a20dc04,27.701475999492686,latency-990dea18ce83.csv
1,990dea18ce83,2025-10-21T15:38:10.199729,shrek,a,305,True,9da86a20dc04,3.846288000204368,latency-990dea18ce83.csv
2,990dea18ce83,2025-10-21T15:38:10.308216,shrek,tale,7,True,9da86a20dc04,12.549099999887405,latency-990dea18ce83.csv
2,990dea18ce83,2025-10-21T15:38:10.426854,grail,Cleveland,3,True,9da86a20dc04,10.209582000243245,latency-990dea18ce83.csv
2,990dea18ce83,2025-10-21T15:38:10.544055,shrek3,SHREK,678,True,9da86a20dc04,20.8807250000973,latency-990dea18ce83.csv
2,990dea18ce83,2025-10-21T15:38:10.674067,grail,54,2,True,9da86a20dc04,19.62749199992686,latency-990dea18ce83.csv
2,990dea18ce83,2025-10-21T15:38:10.805328,shrek,will,16,True,9da86a20dc04,9.678551999968477,latency-990dea18ce83.csv
2,990dea18ce83,2025-10-21T15:38:10.922308,grail,(as,0,True,9da86a20dc04,5.78658399899723,latency-990dea18ce83.csv
2,990dea18ce83,2025-10-21T15:38:11.032389,shrek3,SHREK,678,True,9da86a20dc04,7.578082000691211,latency-990dea18ce83.csv
2,990dea18ce83,2025-10-21T15:38:11.147029,shrek3,decree,1,True,9da86a20dc04,6.292390999078634,latency-990dea18ce83.csv
2,990dea18ce83,2025-10-21T15:38:11.263903,shrek,you,409,True,9da86a20dc04,3.28853399878426,latency-990dea18ce83.csv
2,990dea18ce83,2025-10-21T15:38:11.374021,shrek3,did,14,True,9da86a20dc04,3.0684769990330096,latency-990dea18ce83.csv
2,990dea18ce83,2025-10-21T15:38:11.486049,grail,is,317,True,9da86a20dc04,3.420170000026701,latency-990dea18ce83.csv
2,990dea18ce83,2025-10-21T15:38:11.595488,shrek,What,104,True,9da86a20dc04,3.701432999150711,latency-990dea18ce83.csv
2,990dea18ce83,2025-10-21T15:38:11.705888,grail,dancing,10,True,9da86a20dc04,2.3710929999651853,latency-990dea18ce83.csv
2,990dea18ce83,2025-10-21T15:38:11.811622,grail,witch,30,True,9da86a20dc04,2.549739001551643,latency-990dea18ce83.csv
2,990dea18ce83,2025-10-21T15:38:11.917513,grail,upon,13,True,9da86a20dc04,4.1682030005176784,latency-990dea18ce83.csv
2,990dea18ce83,2025-10-21T15:38:12.026183,shrek,FIONA,211,True,9da86a20dc04,3.6884960009047054,latency-990dea18ce83.csv
2,990dea18ce83,2025-10-21T15:38:12.133793,shrek3,the,1285,True,9da86a20dc04,2.910064999014139,latency-990dea18ce83.csv
2,990dea18ce83,2025-10-21T15:38:12.239796,shrek3,the,1285,True,9da86a20dc04,3.2265359986922704,latency-990dea18ce83.csv
2,990dea18ce83,2025-10-21T15:38:12.346236,shrek3,wont,0,True,9da86a20dc04,5.2443120002863,latency-990dea18ce83.csv
2,990dea18ce83,2025-10-21T15:38:12.455502,shrek,a,305,True,9da86a20dc04,3.554266000719508,latency-990dea18ce83.csv
1,99779b5adb88,2025-10-21T15:38:05.480866,shrek3,SHREK,678,True,9da86a20dc04,5.075425999166328,latency-99779b5adb88.csv
1,99779b5adb88,2025-10-21T15:38:05.591107,shrek3,Shrek,678,True,9da86a20dc04,7.995505999133456,latency-99779b5adb88.csv
1,99779b5adb88,2025-10-21T15:38:05.704788,shrek,placed,1,True,9da86a20dc04,6.780327999877045,latency-99779b5adb88.csv
1,99779b5adb88,2025-10-21T15:38:05.815987,grail,the,1600,True,9da86a20dc04,12.599872999999208,latency-99779b5adb88.csv
1,99779b5adb88,2025-10-21T15:38:05.938451,shrek3,2,8,True,9da86a20dc04,26.62950199919578,latency-99779b5adb88.csv
1,99779b5adb88,2025-10-21T15:38:06.084531,shrek3,CHARMING,232,True,9da86a20dc04,14.403013001356156,latency-99779b5adb88.csv
1,99779b5adb88,2025-10-21T15:38:06.207716,shrek,GORDO,5,False,9da86a20dc04,17.084937999243266,latency-99779b5adb88.csv
1,99779b5adb88,2025-10-21T15:38:06.336833,grail,G,6,False,9da86a20dc04,18.5396260003472,latency-99779b5adb88.csv
1,99779b5adb88,2025-10-21T15:38:06.465922,shrek,number,8,False,9da86a20dc04,6.824410000263015,latency-99779b5adb88.csv
1,99779b5adb88,2025-10-21T15:38:06.575804,grail,king,136,True,9da86a20dc04,3.752492999410606,latency-99779b5adb88.csv
1,99779b5adb88,2025-10-21T15:38:06.684396,grail,pretty,7,True,9da86a20dc04,4.649310001695994,latency-99779b5adb88.csv
1,99779b5adb88,2025-10-21T15:38:06.794744,grail,LTD,6,False,9da86a20dc04,8.849366000504233,latency-99779b5adb88.csv
1,99779b5adb88,2025-10-21T15:38:06.908652,shrek3,boomerang,1,False,9da86a20dc04,10.057267998490715,latency-99779b5adb88.csv
1,99779b5adb88,2025-10-21T15:38:07.022455,shrek,Is,132,True,9da86a20dc04,7.92847599950619,latency-99779b5adb88.csv
1,99779b5adb88,2025-10-21T15:38:07.137610,grail,Bridge,30,False,9da86a20dc04,20.031871999890427,latency-99779b5adb88.csv
1,99779b5adb88,2025-10-21T15:38:07.266622,grail,of,684,False,9da86a20dc04,12.728722000247217,latency-99779b5adb88.csv
1,99779b5adb88,2025-10-21T15:38:07.398383,grail,LTD,6,True,9da86a20dc04,3.542092999850865,latency-99779b5adb88.csv
1,99779b5adb88,2025-10-21T15:38:07.506350,grail,the,1600,True,9da86a20dc04,4.216048000671435,latency-99779b5adb88.csv
1,99779b5adb88,2025-10-21T15:38:07.615451,shrek,fair,2,False,9da86a20dc04,9.124095999140993,latency-99779b5adb88.csv
1,99779b5adb88,2025-10-21T15:38:07.728201,shrek3,2,8,True,9da86a20dc04,4.030001000501216,latency-99779b5adb88.csv
2,99779b5adb88,2025-10-21T15:38:07.836553,shrek3,SHREK,678,True,9da86a20dc04,4.238335999616538,latency-99779b5adb88.csv
2,99779b5adb88,2025-10-21T15:38:07.945209,shrek3,Shrek,678,True,9da86a20dc04,3.519248999509728,latency-99779b5adb88.csv
2,99779b5adb88,2025-10-21T15:38:08.053592,shrek,placed,1,True,9da86a20dc04,2.721761999055161,latency-99779b5adb88.csv
2,99779b5adb88,2025-10-21T15:38:08.159861,grail,the,1600,True,9da86a20dc04,3.6016360008943598,latency-99779b5adb88.csv
2,99779b5adb88,2025-10-21T15:38:08.267481,shrek3,2,8,True,9da86a20dc04,3.9154839996626833,latency-99779b5adb88.csv
2,99779b5adb88,2025-10-21T15:38:08.375757,shrek3,CHARMING,232,True,9da86a20dc04,7.612181001604767,latency-99779b5adb88.csv
2,99779b5adb88,2025-10-21T15:38:08.490215,shrek,GORDO,5,True,9da86a20dc04,4.197367999950075,latency-99779b5adb88.csv
2,99779b5adb88,2025-10-21T15:38:08.599027,grail,G,6,True,9da86a20dc04,7.193408000603085,latency-99779b5adb88.csv
2,99779b5adb88,2025-10-21T15:38:08.712479,shrek,number,8,True,9da86a20dc04,10.858192999876335,latency-99779b5adb88.csv
2,99779b5adb88,2025-10-21T15:38:08.828922,grail,king,136,True,9da86a20dc04,5.40708500011533,latency-99779b5adb88.csv
2,99779b5adb88,2025-10-21T15:38:08.939657,grail,pretty,7,True,9da86a20dc04,4.055233001054148,latency-99779b5adb88.csv
2,99779b5adb88,2025-10-21T15:38:09.048454,grail,LTD,6,True,9da86a20dc04,4.520692998994491,latency-99779b5adb88.csv
2,99779b5adb88,2025-10-21T15:38:09.156857,shrek3,boomerang,1,True,9da86a20dc04,5.218361999141052,latency-99779b5adb88.csv
2,99779b5adb88,2025-10-21T15:38:09.267190,shrek,Is,132,True,9da86a20dc04,5.995779998556827,latency-99779b5adb88.csv
2,99779b5adb88,2025-10-21T15:38:09.379150,grail,Bridge,30,True,9da86a20dc04,20.883547000266844,latency-99779b5adb88.csv
2,99779b5adb88,2025-10-21T15:38:09.508877,grail,of,684,True,9da86a20dc04,17.489010000645067,latency-99779b5adb88.csv
2,99779b5adb88,2025-10-21T15:38:09.657296,grail,LTD,6,True,9da86a20dc04,21.56083299996681,latency-99779b5adb88.csv
2,99779b5adb88,2025-10-21T15:38:09.808250,grail,the,1600,True,9da86a20dc04,9.15028000054008,latency-99779b5adb88.csv
2,99779b5adb88,2025-10-21T15:38:09.935424,shrek,fair,2,True,9da86a20dc04,6.901113998537767,latency-99779b5adb88.csv
2,99779b5adb88,2025-10-21T15:38:10.047117,shrek3,2,8,True,9da86a20dc04,7.778903000144055,latency-99779b5adb88.csv
1,9bc3fccba96d,2025-10-21T15:38:09.581910,shrek3,get,39,True,9da86a20dc04,4.052091999255936,latency-9bc3fccba96d.csv
1,9bc3fccba96d,2025-10-21T15:38:09.692093,shrek3,SHREK,678,True,9da86a20dc04,10.009438999986742,latency-9bc3fccba96d.csv
1,9bc3fccba96d,2025-10-21T15:38:09.808436,grail,I,298,True,9da86a20dc04,11.237117998462054,latency-9bc3fccba96d.csv
1,9bc3fccba96d,2025-10-21T15:38:09.947917,shrek,DONKEY,320,True,9da86a20dc04,7.797491000019363,latency-9bc3fccba96d.csv
1,9bc3fccba96d,2025-10-21T15:38:10.069724,grail,ANOTHER,25,True,9da86a20dc04,29.934759999378,latency-9bc3fccba96d.csv
1,9bc3fccba96d,2025-10-21T15:38:10.206048,shrek3,Whoa,7,True,9da86a20dc04,4.620379999323632,latency-9bc3fccba96d.csv
1,9bc3fccba96d,2025-10-21T15:38:10.315055,shrek,field,4,True,9da86a20dc04,6.825852000474697,latency-9bc3fccba96d.csv
1,9bc3fccba96d,2025-10-21T15:38:10.426855,grail,us,32,True,9da86a20dc04,11.1488910006301,latency-9bc3fccba96d.csv
1,9bc3fccba96d,2025-10-21T15:38:10.543960,shrek3,PRINCE,207,True,9da86a20dc04,12.58466800027236,latency-9bc3fccba96d.csv
1,9bc3fccba96d,2025-10-21T15:38:10.670724,shrek3,with,112,False,9da86a20dc04,20.70714600085921,latency-9bc3fccba96d.csv
1,9bc3fccba96d,2025-10-21T15:38:10.806245,shrek,FIONA'S,3,True,9da86a20dc04,7.780285999615444,latency-9bc3fccba96d.csv
1,9bc3fccba96d,2025-10-21T15:38:10.920246,shrek3,them,44,True,9da86a20dc04,7.064917999741738,latency-9bc3fccba96d.csv
1,9bc3fccba96d,2025-10-21T15:38:11.032722,shrek3,the,1285,True,9da86a20dc04,8.33385899932182,latency-9bc3fccba96d.csv
1,9bc3fccba96d,2025-10-21T15:38:11.146988,shrek,you,409,True,9da86a20dc04,8.695831998920767,latency-9bc3fccba96d.csv
1,9bc3fccba96d,2025-10-21T15:38:11.266465,grail,pause,10,True,9da86a20dc04,6.811879000451881,latency-9bc3fccba96d.csv
1,9bc3fccba96d,2025-10-21T15:38:11.376944,shrek,FARQUAAD,84,True,9da86a20dc04,7.982889999766485,latency-9bc3fccba96d.csv
1,9bc3fccba96d,2025-10-21T15:38:11.489025,grail,right,66,True,9da86a20dc04,7.076824998875964,latency-9bc3fccba96d.csv
1,9bc3fccba96d,2025-10-21T15:38:11.600343,grail,time,33,True,9da86a20dc04,6.0273579983913805,latency-9bc3fccba96d.csv
1,9bc3fccba96d,2025-10-21T15:38:11.710573,grail,to,718,True,9da86a20dc04,4.53312200079381,latency-9bc3fccba96d.csv
1,9bc3fccba96d,2025-10-21T15:38:11.819379,shrek,field,4,True,9da86a20dc04,4.560267998385825,latency-9bc3fccba96d.csv
2,9bc3fccba96d,2025-10-21T15:38:11.927967,shrek3,get,39,True,9da86a20dc04,4.811062999579008,latency-9bc3fccba96d.csv
2,9bc3fccba96d,2025-10-21T15:38:12.037223,shrek3,SHREK,678,True,9da86a20dc04,4.750718000650522,latency-9bc3fccba96d.csv
2,9bc3fccba96d,2025-10-21T15:38:12.146180,grail,I,298,True,9da86a20dc04,5.03637899964815,latency-9bc3fccba96d.csv
2,9bc3fccba96d,2025-10-21T15:38:12.256438,shrek,DONKEY,320,True,9da86a20dc04,3.857748999507749,latency-9bc3fccba96d.csv
2,9bc3fccba96d,2025-10-21T15:38:12.366525,grail,ANOTHER,25,True,9da86a20dc04,14.6138960008102,latency-9bc3fccba96d.csv
2,9bc3fccba96d,2025-10-21T15:38:12.488352,shrek3,Whoa,7,True,9da86a20dc04,5.894463998629362,latency-9bc3fccba96d.csv
2,9bc3fccba96d,2025-10-21T15:38:12.609247,shrek,field,4,True,9da86a20dc04,13.705601999390638,latency-9bc3fccba96d.csv
2,9bc3fccba96d,2025-10-21T15:38:12.727087,grail,us,32,True,9da86a20dc04,5.339466999430442,latency-9bc3fccba96d.csv
2,9bc3fccba96d,2025-10-21T15:38:12.839063,shrek3,PRINCE,207,True,9da86a20dc04,29.781707999063656,latency-9bc3fccba96d.csv
2,9bc3fccba96d,2025-10-21T15:38:12.979007,shrek3,with,112,True,9da86a20dc04,6.153427999379346,latency-9bc3fccba96d.csv
2,9bc3fccba96d,2025-10-21T15:38:13.093486,shrek,FIONA'S,3,True,9da86a20dc04,5.731528999604052,latency-9bc3fccba96d.csv
2,9bc3fccba96d,2025-10-21T15:38:13.210491,shrek3,them,44,True,9da86a20dc04,2.903104999859352,latency-9bc3fccba96d.csv
2,9bc3fccba96d,2025-10-21T15:38:13.317306,shrek3,the,1285,True,9da86a20dc04,6.290893999903346,latency-9bc3fccba96d.csv
2,9bc3fccba96d,2025-10-21T15:38:13.431035,shrek,you,409,True,9da86a20dc04,8.635715999844251,latency-9bc3fccba96d.csv
2,9bc3fccba96d,2025-10-21T15:38:13.556682,grail,pause,10,True,9da86a20dc04,3.664322999611613,latency-9bc3fccba96d.csv
2,9bc3fccba96d,2025-10-21T15:38:13.663866,shrek,FARQUAAD,84,True,9da86a20dc04,4.057192998516257,latency-9bc3fccba96d.csv
2,9bc3fccba96d,2025-10-21T15:38:13.772362,grail,right,66,True,9da86a20dc04,5.253752000498935,latency-9bc3fccba96d.csv
2,9bc3fccba96d,2025-10-21T15:38:13.882147,grail,time,33,True,9da86a20dc04,4.646040999432444,latency-9bc3fccba96d.csv
2,9bc3fccba96d,2025-10-21T15:38:13.990915,grail,to,718,True,9da86a20dc04,3.713974998390768,latency-9bc3fccba96d.csv
2,9bc3fccba96d,2025-10-21T15:38:14.098484,shrek,field,4,True,9da86a20dc04,3.09927600028459,latency-9bc3fccba96d.csv
1,9c6c73cdabe0,2025-10-21T15:38:32.415907,shrek,tale,7,True,9da86a20dc04,4.337030000897357,latency-9c6c73cdabe0.csv
1,9c6c73cdabe0,2025-10-21T15:38:32.524905,grail,Bum,13,True,9da86a20dc04,2.9640499997185543,latency-9c6c73cdabe0.csv
1,9c6c73cdabe0,2025-10-21T15:38:32.632191,shrek3,Shrek,678,True,9da86a20dc04,3.233931000067969,latency-9c6c73cdabe0.csv
1,9c6c73cdabe0,2025-10-21T15:38:32.740668,grail,us,32,True,9da86a20dc04,4.767176000314066,latency-9c6c73cdabe0.csv
1,9c6c73cdabe0,2025-10-21T15:38:32.851244,shrek3,of,275,True,9da86a20dc04,6.698865001453669,latency-9c6c73cdabe0.csv
1,9c6c73cdabe0,2025-10-21T15:38:32.966152,shrek3,SHREK,678,True,9da86a20dc04,3.867824001645204,latency-9c6c73cdabe0.csv
1,9c6c73cdabe0,2025-10-21T15:38:33.073822,shrek3,cues,3,True,9da86a20dc04,10.40603799992823,latency-9c6c73cdabe0.csv
1,9c6c73cdabe0,2025-10-21T15:38:33.191222,grail,54,2,True,9da86a20dc04,13.37989099920378,latency-9c6c73cdabe0.csv
1,9c6c73cdabe0,2025-10-21T15:38:33.310199,shrek,DONKEY,320,True,9da86a20dc04,5.319071000485565,latency-9c6c73cdabe0.csv
1,9c6c73cdabe0,2025-10-21T15:38:33.420685,shrek3,ARTIE,213,True,9da86a20dc04,8.068275999903562,latency-9c6c73cdabe0.csv
1,9c6c73cdabe0,2025-10-21T15:38:33.534817,shrek,FARQUAAD,84,True,9da86a20dc04,8.531949000825989,latency-9c6c73cdabe0.csv
1,9c6c73cdabe0,2025-10-21T15:38:33.648933,shrek,this,79,True,9da86a20dc04,6.34190100026899,latency-9c6c73cdabe0.csv
1,9c6c73cdabe0,2025-10-21T15:38:33.760217,grail,chops,3,True,9da86a20dc04,7.047854998745606,latency-9c6c73cdabe0.csv
1,9c6c73cdabe0,2025-10-21T15:38:33.873260,grail,to,718,True,9da86a20dc04,5.982708998999442,latency-9c6c73cdabe0.csv
1,9c6c73cdabe0,2025-10-21T15:38:33.986857,grail,pathetic,4,True,9da86a20dc04,10.079870000481606,latency-9c6c73cdabe0.csv
1,9c6c73cdabe0,2025-10-21T15:38:34.102260,shrek,Aah,6,True,9da86a20dc04,13.38967199990293,latency-9c6c73cdabe0.csv
1,9c6c73cdabe0,2025-10-21T15:38:34.228248,shrek3,Shrek,678,True,9da86a20dc04,19.559012000172515,latency-9c6c73cdabe0.csv
1,9c6c73cdabe0,2025-10-21T15:38:34.378895,grail,Tm,5,True,9da86a20dc04,3.97822500053735,latency-9c6c73cdabe0.csv
1,9c6c73cdabe0,2025-10-21T15:38:34.491483,shrek,lay,2,True,9da86a20dc04,9.722077998958412,latency-9c6c73cdabe0.csv
1,9c6c73cdabe0,2025-10-21T15:38:34.616649,shrek,DONKEY,320,True,9da86a20dc04,4.221610999593395,latency-9c6c73cdabe0.csv
2,9c6c73cdabe0,2025-10-21T15:38:34.724527,shrek,tale,7,True,9da86a20dc04,3.479560999039677,latency-9c6c73cdabe0.csv
2,9c6c73cdabe0,2025-10-21T15:38:34.831627,grail,Bum,13,True,9da86a20dc04,4.932479998387862,latency-9c6c73cdabe0.csv
2,9c6c73cdabe0,2025-10-21T15:38:34.940171,shrek3,Shrek,678,True,9da86a20dc04,4.345442001067568,latency-9c6c73cdabe0.csv
2,9c6c73cdabe0,2025-10-21T15:38:35.048692,grail,us,32,True,9da86a20dc04,6.077337000533589,latency-9c6c73cdabe0.csv
2,9c6c73cdabe0,2025-10-21T15:38:35.160575,shrek3,of,275,True,9da86a20dc04,3.646656999990228,latency-9c6c73cdabe0.csv
2,9c6c73cdabe0,2025-10-21T15:38:35.268510,shrek3,SHREK,678,True,9da86a20dc04,5.853970000316622,latency-9c6c73cdabe0.csv
2,9c6c73cdabe0,2025-10-21T15:38:35.378830,shrek3,cues,3,True,9da86a20dc04,3.3447549994889414,latency-9c6c73cdabe0.csv
2,9c6c73cdabe0,2025-10-21T15:38:35.485551,grail,54,2,True,9da86a20dc04,4.62026500099455,latency-9c6c73cdabe0.csv
2,9c6c73cdabe0,2025-10-21T15:38:35.594459,shrek,DONKEY,320,True,9da86a20dc04,12.855402001150653,latency-9c6c73cdabe0.csv
2,9c6c73cdabe0,2025-10-21T15:38:35.716121,shrek3,ARTIE,213,True,9da86a20dc04,9.50892000037129,latency-9c6c73cdabe0.csv
2,9c6c73cdabe0,2025-10-21T15:38:35.833315,shrek,FARQUAAD,84,True,9da86a20dc04,5.958682000709814,latency-9c6c73cdabe0.csv
2,9c6c73cdabe0,2025-10-21T15:38:35.949264,shrek,this,79,True,9da86a20dc04,17.731119000018225,latency-9c6c73cdabe0.csv
2,9c6c73cdabe0,2025-10-21T15:38:36.081091,grail,chops,3,True,9da86a20dc04,2.830202000041026,latency-9c6c73cdabe0.csv
2,9c6c73cdabe0,2025-10-21T15:38:36.189622,grail,to,718,True,9da86a20dc04,2.2531019985763123,latency-9c6c73cdabe0.csv
2,9c6c73cdabe0,2025-10-21T15:38:36.294780,grail,pathetic,4,True,9da86a20dc04,2.9912539994256804,latency-9c6c73cdabe0.csv
2,9c6c73cdabe0,2025-10-21T15:38:36.401202,shrek,Aah,6,True,9da86a20dc04,4.865826998866396,latency-9c6c73cdabe0.csv
2,9c6c73cdabe0,2025-10-21T15:38:36.509576,shrek3,Shrek,678,True,9da86a20dc04,2.924689999417751,latency-9c6c73cdabe0.csv
2,9c6c73cdabe0,2025-10-21T15:38:36.615695,grail,Tm,5,True,9da86a20dc04,3.967497999838088,latency-9c6c73cdabe0.csv
2,9c6c73cdabe0,2025-10-21T15:38:36.723362,shrek,lay,2,True,9da86a20dc04,4.206476000035764,latency-9c6c73cdabe0.csv
2,9c6c73cdabe0,2025-10-21T15:38:36.834158,shrek,DONKEY,320,True,9da86a20dc04,4.46278799972788,latency-9c6c73cdabe0.csv
1,9cb944ee013a,2025-10-21T15:38:29.748440,shrek3,"Suddenly,",0,True,9da86a20dc04,2.785111999401124,latency-9cb944ee013a.csv
1,9cb944ee013a,2025-10-21T15:38:29.855759,shrek,transport,1,True,9da86a20dc04,4.456022999875131,latency-9cb944ee013a.csv
1,9cb944ee013a,2025-10-21T15:38:29.969282,grail,music,21,True,9da86a20dc04,3.142149000268546,latency-9cb944ee013a.csv
1,9cb944ee013a,2025-10-21T15:38:30.075802,shrek3,Artie,213,True,9da86a20dc04,3.736520999154891,latency-9cb944ee013a.csv
1,9cb944ee013a,2025-10-21T15:38:30.183805,shrek3,-,110,True,9da86a20dc04,3.1803340007172665,latency-9cb944ee013a.csv
1,9cb944ee013a,2025-10-21T15:38:30.290845,grail,I,298,True,9da86a20dc04,4.572296000333154,latency-9cb944ee013a.csv
1,9cb944ee013a,2025-10-21T15:38:30.398747,shrek3,to,511,True,9da86a20dc04,4.434738999407273,latency-9cb944ee013a.csv
1,9cb944ee013a,2025-10-21T15:38:30.507699,shrek,tell,25,True,9da86a20dc04,4.9172230010299245,latency-9cb944ee013a.csv
1,9cb944ee013a,2025-10-21T15:38:30.618132,shrek,true,20,True,9da86a20dc04,4.801386001417995,latency-9cb944ee013a.csv
1,9cb944ee013a,2025-10-21T15:38:30.727311,grail,Launcelot,107,True,9da86a20dc04,3.971808999267523,latency-9cb944ee013a.csv
1,9cb944ee013a,2025-10-21T15:38:30.835249,shrek3,decree,1,True,9da86a20dc04,3.457976001300267,latency-9cb944ee013a.csv
1,9cb944ee013a,2025-10-21T15:38:30.943261,grail,GALAHAD,87,True,9da86a20dc04,5.971239999780664,latency-9cb944ee013a.csv
1,9cb944ee013a,2025-10-21T15:38:31.055650,grail,ANOTHER,25,True,9da86a20dc04,4.271273000995279,latency-9cb944ee013a.csv
1,9cb944ee013a,2025-10-21T15:38:31.164184,grail,grabbing,5,True,9da86a20dc04,3.9921250008774223,latency-9cb944ee013a.csv
1,9cb944ee013a,2025-10-21T15:38:31.273492,grail,us,32,True,9da86a20dc04,4.968418999851565,latency-9cb944ee013a.csv
1,9cb944ee013a,2025-10-21T15:38:31.382265,shrek3,dat,1,True,9da86a20dc04,4.399797999212751,latency-9cb944ee013a.csv
1,9cb944ee013a,2025-10-21T15:38:31.492424,shrek,SHREK,433,True,9da86a20dc04,3.6646530006692046,latency-9cb944ee013a.csv
1,9cb944ee013a,2025-10-21T15:38:31.600538,grail,19Prince,0,True,9da86a20dc04,3.490212999167852,latency-9cb944ee013a.csv
1,9cb944ee013a,2025-10-21T15:38:31.708846,shrek3,Im,1,True,9da86a20dc04,3.713422000146238,latency-9cb944ee013a.csv
1,9cb944ee013a,2025-10-21T15:38:31.818984,shrek,the,535,True,9da86a20dc04,6.510539000373683,latency-9cb944ee013a.csv
2,9cb944ee013a,2025-10-21T15:38:31.935650,shrek3,"Suddenly,",0,True,9da86a20dc04,2.63843100037775,latency-9cb944ee013a.csv
2,9cb944ee013a,2025-10-21T15:38:32.043283,shrek,transport,1,True,9da86a20dc04,2.5951019997592084,latency-9cb944ee013a.csv
2,9cb944ee013a,2025-10-21T15:38:32.148823,grail,music,21,True,9da86a20dc04,3.078476000155206,latency-9cb944ee013a.csv
2,9cb944ee013a,2025-10-21T15:38:32.255887,shrek3,Artie,213,True,9da86a20dc04,4.031107000628253,latency-9cb944ee013a.csv
2,9cb944ee013a,2025-10-21T15:38:32.364523,shrek3,-,110,True,9da86a20dc04,4.550265999569092,latency-9cb944ee013a.csv
2,9cb944ee013a,2025-10-21T15:38:32.473512,grail,I,298,True,9da86a20dc04,2.717303001190885,latency-9cb944ee013a.csv
2,9cb944ee013a,2025-10-21T15:38:32.579954,shrek3,to,511,True,9da86a20dc04,6.561176000104751,latency-9cb944ee013a.csv
2,9cb944ee013a,2025-10-21T15:38:32.690288,shrek,tell,25,True,9da86a20dc04,4.482099999222555,latency-9cb944ee013a.csv
2,9cb944ee013a,2025-10-21T15:38:32.799505,shrek,true,20,True,9da86a20dc04,10.316448000594391,latency-9cb944ee013a.csv
2,9cb944ee013a,2025-10-21T15:38:32.917258,grail,Launcelot,107,True,9da86a20dc04,7.988741001099697,latency-9cb944ee013a.csv
2,9cb944ee013a,2025-10-21T15:38:33.034435,shrek3,decree,1,True,9da86a20dc04,10.964013999910094,latency-9cb944ee013a.csv
2,9cb944ee013a,2025-10-21T15:38:33.169229,grail,GALAHAD,87,True,9da86a20dc04,5.910202999075409,latency-9cb944ee013a.csv
2,9cb944ee013a,2025-10-21T15:38:33.280590,grail,ANOTHER,25,True,9da86a20dc04,3.3987659990089014,latency-9cb944ee013a.csv
2,9cb944ee013a,2025-10-21T15:38:33.388381,grail,grabbing,5,True,9da86a20dc04,6.102221001128783,latency-9cb944ee013a.csv
2,9cb944ee013a,2025-10-21T15:38:33.500627,grail,us,32,True,9da86a20dc04,4.443021000042791,latency-9cb944ee013a.csv
2,9cb944ee013a,2025-10-21T15:38:33.609248,shrek3,dat,1,True,9da86a20dc04,4.130604000238236,latency-9cb944ee013a.csv
2,9cb944ee013a,2025-10-21T15:38:33.717066,shrek,SHREK,433,True,9da86a20dc04,2.9717150009673787,latency-9cb944ee013a.csv
2,9cb944ee013a,2025-10-21T15:38:33.824036,grail,19Prince,0,True,9da86a20dc04,4.1718240008776775,latency-9cb944ee013a.csv
2,9cb944ee013a,2025-10-21T15:38:33.933110,shrek3,Im,1,True,9da86a20dc04,4.07798299966089,latency-9cb944ee013a.csv
2,9cb944ee013a,2025-10-21T15:38:34.041949,shrek,the,535,True,9da86a20dc04,3.735901000254671,latency-9cb944ee013a.csv
1,9cc1908d38bd,2025-10-21T15:38:28.457300,shrek,FIONA,211,True,9da86a20dc04,4.110109000976081,latency-9cc1908d38bd.csv
1,9cc1908d38bd,2025-10-21T15:38:28.564822,shrek,FIONA,211,True,9da86a20dc04,3.53819700103486,latency-9cc1908d38bd.csv
1,9cc1908d38bd,2025-10-21T15:38:28.671897,shrek,And,318,True,9da86a20dc04,3.914471999451053,latency-9cc1908d38bd.csv
1,9cc1908d38bd,2025-10-21T15:38:28.779681,shrek,DONKEY,320,True,9da86a20dc04,3.8780369995947694,latency-9cc1908d38bd.csv
1,9cc1908d38bd,2025-10-21T15:38:28.887730,grail,I,298,True,9da86a20dc04,4.113003999009379,latency-9cc1908d38bd.csv
1,9cc1908d38bd,2025-10-21T15:38:28.995738,shrek,And,318,True,9da86a20dc04,3.07641200015496,latency-9cc1908d38bd.csv
1,9cc1908d38bd,2025-10-21T15:38:29.103121,shrek3,them,44,True,9da86a20dc04,4.780690998813952,latency-9cc1908d38bd.csv
1,9cc1908d38bd,2025-10-21T15:38:29.212146,shrek3,Third,121,True,9da86a20dc04,3.3662090008874657,latency-9cc1908d38bd.csv
1,9cc1908d38bd,2025-10-21T15:38:29.319165,shrek,MAN,38,True,9da86a20dc04,7.227389000036055,latency-9cc1908d38bd.csv
1,9cc1908d38bd,2025-10-21T15:38:29.431140,grail,toward,10,True,9da86a20dc04,2.879535000829492,latency-9cc1908d38bd.csv
1,9cc1908d38bd,2025-10-21T15:38:29.537440,shrek,its,1,True,9da86a20dc04,4.861272998823552,latency-9cc1908d38bd.csv
1,9cc1908d38bd,2025-10-21T15:38:29.646028,shrek3,him,87,True,9da86a20dc04,3.178900999046164,latency-9cc1908d38bd.csv
1,9cc1908d38bd,2025-10-21T15:38:29.752977,grail,CALLS,3,True,9da86a20dc04,3.9406800005963305,latency-9cc1908d38bd.csv
1,9cc1908d38bd,2025-10-21T15:38:29.860495,shrek,(standing,0,False,9da86a20dc04,17.54402500046126,latency-9cc1908d38bd.csv
1,9cc1908d38bd,2025-10-21T15:38:29.986996,grail,Christ,8,True,9da86a20dc04,3.903455999534344,latency-9cc1908d38bd.csv
1,9cc1908d38bd,2025-10-21T15:38:30.095880,grail,cross,13,True,9da86a20dc04,4.76909600001818,latency-9cc1908d38bd.csv
1,9cc1908d38bd,2025-10-21T15:38:30.207899,grail,them,41,True,9da86a20dc04,4.267614000127651,latency-9cc1908d38bd.csv
1,9cc1908d38bd,2025-10-21T15:38:30.316962,shrek,MAN,38,True,9da86a20dc04,2.927091998571996,latency-9cc1908d38bd.csv
1,9cc1908d38bd,2025-10-21T15:38:30.423786,shrek,don't,72,True,9da86a20dc04,3.257096999732312,latency-9cc1908d38bd.csv
1,9cc1908d38bd,2025-10-21T15:38:30.531491,shrek3,time,23,True,9da86a20dc04,3.563426998880459,latency-9cc1908d38bd.csv
2,9cc1908d38bd,2025-10-21T15:38:30.639467,shrek,FIONA,211,True,9da86a20dc04,2.7867890003108187,latency-9cc1908d38bd.csv
2,9cc1908d38bd,2025-10-21T15:38:30.745992,shrek,FIONA,211,True,9da86a20dc04,3.811267999481061,latency-9cc1908d38bd.csv
2,9cc1908d38bd,2025-10-21T15:38:30.853438,shrek,And,318,True,9da86a20dc04,2.9496210008801427,latency-9cc1908d38bd.csv
2,9cc1908d38bd,2025-10-21T15:38:30.960339,shrek,DONKEY,320,True,9da86a20dc04,3.588215000490891,latency-9cc1908d38bd.csv
2,9cc1908d38bd,2025-10-21T15:38:31.067798,grail,I,298,True,9da86a20dc04,3.3166329994855914,latency-9cc1908d38bd.csv
2,9cc1908d38bd,2025-10-21T15:38:31.174379,shrek,And,318,True,9da86a20dc04,3.2347669985028915,latency-9cc1908d38bd.csv
2,9cc1908d38bd,2025-10-21T15:38:31.281434,shrek3,them,44,True,9da86a20dc04,3.548860000591958,latency-9cc1908d38bd.csv
2,9cc1908d38bd,2025-10-21T15:38:31.389126,shrek3,Third,121,True,9da86a20dc04,4.860465000092518,latency-9cc1908d38bd.csv
2,9cc1908d38bd,2025-10-21T15:38:31.498438,shrek,MAN,38,True,9da86a20dc04,3.701514999193023,latency-9cc1908d38bd.csv
2,9cc1908d38bd,2025-10-21T15:38:31.605428,grail,toward,10,True,9da86a20dc04,3.713513000548119,latency-9cc1908d38bd.csv
2,9cc1908d38bd,2025-10-21T15:38:31.712820,shrek,its,1,True,9da86a20dc04,5.399009000029764,latency-9cc1908d38bd.csv
2,9cc1908d38bd,2025-10-21T15:38:31.821692,shrek3,him,87,True,9da86a20dc04,7.839309000701178,latency-9cc1908d38bd.csv
2,9cc1908d38bd,2025-10-21T15:38:31.939458,grail,CALLS,3,True,9da86a20dc04,4.460713000298711,latency-9cc1908d38bd.csv
2,9cc1908d38bd,2025-10-21T15:38:32.049647,shrek,(standing,0,True,9da86a20dc04,3.102988999671652,latency-9cc1908d38bd.csv
2,9cc1908d38bd,2025-10-21T15:38:32.156500,grail,Christ,8,True,9da86a20dc04,4.932303998430143,latency-9cc1908d38bd.csv
2,9cc1908d38bd,2025-10-21T15:38:32.265452,grail,cross,13,True,9da86a20dc04,5.714467999496264,latency-9cc1908d38bd.csv
2,9cc1908d38bd,2025-10-21T15:38:32.379700,grail,them,41,True,9da86a20dc04,4.19650199910393,latency-9cc1908d38bd.csv
2,9cc1908d38bd,2025-10-21T15:38:32.488518,shrek,MAN,38,True,9da86a20dc04,2.842158999555977,latency-9cc1908d38bd.csv
2,9cc1908d38bd,2025-10-21T15:38:32.595530,shrek,don't,72,True,9da86a20dc04,4.8252569995383965,latency-9cc1908d38bd.csv
2,9cc1908d38bd,2025-10-21T15:38:32.705967,shrek3,time,23,True,9da86a20dc04,3.713096000865335,latency-9cc1908d38bd.csv
1,9f1f7312b547,2025-10-21T15:38:27.033129,shrek,DONKEY,320,True,9da86a20dc04,2.56042500041076,latency-9f1f7312b547.csv
1,9f1f7312b547,2025-10-21T15:38:27.138918,shrek,true,20,True,9da86a20dc04,2.285085000039544,latency-9f1f7312b547.csv
1,9f1f7312b547,2025-10-21T15:38:27.244576,shrek3,SCHOOL,14,True,9da86a20dc04,4.594802998326486,latency-9f1f7312b547.csv
1,9f1f7312b547,2025-10-21T15:38:27.355454,shrek3,SHREK,678,True,9da86a20dc04,4.766153000673512,latency-9f1f7312b547.csv
1,9f1f7312b547,2025-10-21T15:38:27.465610,shrek3,his,238,True,9da86a20dc04,2.943018000223674,latency-9f1f7312b547.csv
1,9f1f7312b547,2025-10-21T15:38:27.573729,shrek,DONKEY,320,True,9da86a20dc04,2.644101999976556,latency-9f1f7312b547.csv
1,9f1f7312b547,2025-10-21T15:38:27.680817,shrek3,Be,71,True,9da86a20dc04,2.898081000239472,latency-9f1f7312b547.csv
1,9f1f7312b547,2025-10-21T15:38:27.787455,shrek,after,10,True,9da86a20dc04,5.019442000048002,latency-9f1f7312b547.csv
1,9f1f7312b547,2025-10-21T15:38:27.898130,shrek3,glass,9,True,9da86a20dc04,2.5917050006682985,latency-9f1f7312b547.csv
1,9f1f7312b547,2025-10-21T15:38:28.004370,shrek3,Artie,213,True,9da86a20dc04,3.3627120010351064,latency-9f1f7312b547.csv
1,9f1f7312b547,2025-10-21T15:38:28.113145,shrek3,at,134,True,9da86a20dc04,4.008781999800704,latency-9f1f7312b547.csv
1,9f1f7312b547,2025-10-21T15:38:28.223030,grail,Bum,13,True,9da86a20dc04,3.299514000900672,latency-9f1f7312b547.csv
1,9f1f7312b547,2025-10-21T15:38:28.337237,grail,with/,0,True,9da86a20dc04,3.830804998870008,latency-9f1f7312b547.csv
1,9f1f7312b547,2025-10-21T15:38:28.445242,grail,the,1600,True,9da86a20dc04,2.967689000797691,latency-9f1f7312b547.csv
1,9f1f7312b547,2025-10-21T15:38:28.551754,grail,54,2,True,9da86a20dc04,2.337205998628633,latency-9f1f7312b547.csv
1,9f1f7312b547,2025-10-21T15:38:28.657182,shrek3,-,110,True,9da86a20dc04,4.298953999750665,latency-9f1f7312b547.csv
1,9f1f7312b547,2025-10-21T15:38:28.766241,grail,thus,5,True,9da86a20dc04,2.484014999936335,latency-9f1f7312b547.csv
1,9f1f7312b547,2025-10-21T15:38:28.871613,grail,us,32,True,9da86a20dc04,3.4136319991375785,latency-9f1f7312b547.csv
1,9f1f7312b547,2025-10-21T15:38:28.978389,grail,Who’s,3,True,9da86a20dc04,2.59524600005534,latency-9f1f7312b547.csv
1,9f1f7312b547,2025-10-21T15:38:29.084553,grail,time,33,True,9da86a20dc04,4.1603659992688335,latency-9f1f7312b547.csv
2,9f1f7312b547,2025-10-21T15:38:29.193548,shrek,DONKEY,320,True,9da86a20dc04,2.36603300072602,latency-9f1f7312b547.csv
2,9f1f7312b547,2025-10-21T15:38:29.299955,shrek,true,20,True,9da86a20dc04,9.223810000548838,latency-9f1f7312b547.csv
2,9f1f7312b547,2025-10-21T15:38:29.415120,shrek3,SCHOOL,14,True,9da86a20dc04,3.250162000767886,latency-9f1f7312b547.csv
2,9f1f7312b547,2025-10-21T15:38:29.521920,shrek3,SHREK,678,True,9da86a20dc04,3.8103249989944734,latency-9f1f7312b547.csv
2,9f1f7312b547,2025-10-21T15:38:29.629312,shrek3,his,238,True,9da86a20dc04,4.5028849999653175,latency-9f1f7312b547.csv
2,9f1f7312b547,2025-10-21T15:38:29.737220,shrek,DONKEY,320,True,9da86a20dc04,3.500564000205486,latency-9f1f7312b547.csv
2,9f1f7312b547,2025-10-21T15:38:29.844337,shrek3,Be,71,True,9da86a20dc04,5.427055999462027,latency-9f1f7312b547.csv
2,9f1f7312b547,2025-10-21T15:38:29.954275,shrek,after,10,True,9da86a20dc04,4.270511000868282,latency-9f1f7312b547.csv
2,9f1f7312b547,2025-10-21T15:38:30.061962,shrek3,glass,9,True,9da86a20dc04,5.145708999407361,latency-9f1f7312b547.csv
2,9f1f7312b547,2025-10-21T15:38:30.172869,shrek3,Artie,213,True,9da86a20dc04,3.1509170003118925,latency-9f1f7312b547.csv
2,9f1f7312b547,2025-10-21T15:38:30.280110,shrek3,at,134,True,9da86a20dc04,3.282608000517939,latency-9f1f7312b547.csv
2,9f1f7312b547,2025-10-21T15:38:30.387589,grail,Bum,13,True,9da86a20dc04,5.293270998663502,latency-9f1f7312b547.csv
2,9f1f7312b547,2025-10-21T15:38:30.497584,grail,with/,0,True,9da86a20dc04,4.863772999669891,latency-9f1f7312b547.csv
2,9f1f7312b547,2025-10-21T15:38:30.606910,grail,the,1600,True,9da86a20dc04,4.319872001360636,latency-9f1f7312b547.csv
2,9f1f7312b547,2025-10-21T15:38:30.715805,grail,54,2,True,9da86a20dc04,3.7911790004727663,latency-9f1f7312b547.csv
2,9f1f7312b547,2025-10-21T15:38:30.823456,shrek3,-,110,True,9da86a20dc04,3.917685000487836,latency-9f1f7312b547.csv
2,9f1f7312b547,2025-10-21T15:38:30.931648,grail,thus,5,True,9da86a20dc04,4.26149200029613,latency-9f1f7312b547.csv
2,9f1f7312b547,2025-10-21T15:38:31.040859,grail,us,32,True,9da86a20dc04,4.289938000511029,latency-9f1f7312b547.csv
2,9f1f7312b547,2025-10-21T15:38:31.149307,grail,Who’s,3,True,9da86a20dc04,4.688832001193077,latency-9f1f7312b547.csv
2,9f1f7312b547,2025-10-21T15:38:31.258165,grail,time,33,True,9da86a20dc04,4.941220999171492,latency-9f1f7312b547.csv
1,a0818932f4bc,2025-10-21T15:38:02.456993,shrek,tell,25,True,9da86a20dc04,5.410350999227376,latency-a0818932f4bc.csv
1,a0818932f4bc,2025-10-21T15:38:02.574231,shrek,ogre,27,False,9da86a20dc04,75.55829400007497,latency-a0818932f4bc.csv
1,a0818932f4bc,2025-10-21T15:38:02.789001,grail,singing,33,True,9da86a20dc04,4.31063599899062,latency-a0818932f4bc.csv
1,a0818932f4bc,2025-10-21T15:38:02.901072,grail,Bum,13,True,9da86a20dc04,34.70002900030522,latency-a0818932f4bc.csv
1,a0818932f4bc,2025-10-21T15:38:03.069812,shrek3,Artie,213,True,9da86a20dc04,31.713776999822585,latency-a0818932f4bc.csv
1,a0818932f4bc,2025-10-21T15:38:03.219262,shrek3,WHITE,45,True,9da86a20dc04,25.018190000992035,latency-a0818932f4bc.csv
1,a0818932f4bc,2025-10-21T15:38:03.377614,grail,rows,1,True,9da86a20dc04,4.329904999394785,latency-a0818932f4bc.csv
1,a0818932f4bc,2025-10-21T15:38:03.488044,shrek,will,16,True,9da86a20dc04,4.502719999436522,latency-a0818932f4bc.csv
1,a0818932f4bc,2025-10-21T15:38:03.596895,shrek3,toward,14,True,9da86a20dc04,20.022148000862217,latency-a0818932f4bc.csv
1,a0818932f4bc,2025-10-21T15:38:03.729664,grail,are,114,True,9da86a20dc04,25.46289200108731,latency-a0818932f4bc.csv
1,a0818932f4bc,2025-10-21T15:38:03.879326,shrek3,cosmic,1,True,9da86a20dc04,29.310484000234283,latency-a0818932f4bc.csv
1,a0818932f4bc,2025-10-21T15:38:04.024262,shrek,DONKEY,320,True,9da86a20dc04,4.060954999658861,latency-a0818932f4bc.csv
1,a0818932f4bc,2025-10-21T15:38:04.140999,grail,about,49,True,9da86a20dc04,5.254527000943199,latency-a0818932f4bc.csv
1,a0818932f4bc,2025-10-21T15:38:04.250962,shrek3,Whoa,7,True,9da86a20dc04,5.319185000189464,latency-a0818932f4bc.csv
1,a0818932f4bc,2025-10-21T15:38:04.361173,shrek,FIONA,211,True,9da86a20dc04,21.053077000033227,latency-a0818932f4bc.csv
1,a0818932f4bc,2025-10-21T15:38:04.503217,grail,about,49,True,9da86a20dc04,6.11168599971279,latency-a0818932f4bc.csv
1,a0818932f4bc,2025-10-21T15:38:04.619220,grail,pause,10,True,9da86a20dc04,15.343336999649182,latency-a0818932f4bc.csv
1,a0818932f4bc,2025-10-21T15:38:04.745318,grail,us,32,False,9da86a20dc04,24.04728799956501,latency-a0818932f4bc.csv
1,a0818932f4bc,2025-10-21T15:38:04.889579,shrek,one,44,False,9da86a20dc04,11.900347000846525,latency-a0818932f4bc.csv
1,a0818932f4bc,2025-10-21T15:38:05.006650,shrek3,Hold,8,True,9da86a20dc04,3.530381998643861,latency-a0818932f4bc.csv
2,a0818932f4bc,2025-10-21T15:38:05.115337,shrek,tell,25,True,9da86a20dc04,3.1575989996781573,latency-a0818932f4bc.csv
2,a0818932f4bc,2025-10-21T15:38:05.223595,shrek,ogre,27,True,9da86a20dc04,3.9743220004311297,latency-a0818932f4bc.csv
2,a0818932f4bc,2025-10-21T15:38:05.334861,grail,singing,33,True,9da86a20dc04,7.558545999927446,latency-a0818932f4bc.csv
2,a0818932f4bc,2025-10-21T15:38:05.452946,grail,Bum,13,True,9da86a20dc04,7.369111001025885,latency-a0818932f4bc.csv
2,a0818932f4bc,2025-10-21T15:38:05.570762,shrek3,Artie,213,True,9da86a20dc04,4.222192999804975,latency-a0818932f4bc.csv
2,a0818932f4bc,2025-10-21T15:38:05.680690,shrek3,WHITE,45,True,9da86a20dc04,3.380510999704711,latency-a0818932f4bc.csv
2,a0818932f4bc,2025-10-21T15:38:05.788105,grail,rows,1,True,9da86a20dc04,5.176035998374573,latency-a0818932f4bc.csv
2,a0818932f4bc,2025-10-21T15:38:05.898239,shrek,will,16,True,9da86a20dc04,34.9894659993879,latency-a0818932f4bc.csv
2,a0818932f4bc,2025-10-21T15:38:06.058487,shrek3,toward,14,True,9da86a20dc04,4.049643999678665,latency-a0818932f4bc.csv
2,a0818932f4bc,2025-10-21T15:38:06.166834,grail,are,114,True,9da86a20dc04,4.005668999525369,latency-a0818932f4bc.csv
2,a0818932f4bc,2025-10-21T15:38:06.277257,shrek3,cosmic,1,True,9da86a20dc04,4.596349999701488,latency-a0818932f4bc.csv
2,a0818932f4bc,2025-10-21T15:38:06.389572,shrek,DONKEY,320,True,9da86a20dc04,3.6481200004345737,latency-a0818932f4bc.csv
2,a0818932f4bc,2025-10-21T15:38:06.500327,grail,about,49,True,9da86a20dc04,5.397624998295214,latency-a0818932f4bc.csv
2,a0818932f4bc,2025-10-21T15:38:06.622987,shrek3,Whoa,7,True,9da86a20dc04,3.1578620000800584,latency-a0818932f4bc.csv
2,a0818932f4bc,2025-10-21T15:38:06.730037,shrek,FIONA,211,True,9da86a20dc04,5.33631700091064,latency-a0818932f4bc.csv
2,a0818932f4bc,2025-10-21T15:38:06.839876,grail,about,49,True,9da86a20dc04,6.176821998451487,latency-a0818932f4bc.csv
2,a0818932f4bc,2025-10-21T15:38:06.951053,grail,pause,10,True,9da86a20dc04,6.720945000779466,latency-a0818932f4bc.csv
2,a0818932f4bc,2025-10-21T15:38:07.063628,grail,us,32,True,9da86a20dc04,4.5583470000565285,latency-a0818932f4bc.csv
2,a0818932f4bc,2025-10-21T15:38:07.172839,shrek,one,44,True,9da86a20dc04,7.639965999260312,latency-a0818932f4bc.csv
2,a0818932f4bc,2025-10-21T15:38:07.286688,shrek3,Hold,8,True,9da86a20dc04,35.22480799983896,latency-a0818932f4bc.csv
1,ab8d682da86f,2025-10-21T15:38:10.117880,grail,lost,6,True,9da86a20dc04,16.515155000888626,latency-ab8d682da86f.csv
1,ab8d682da86f,2025-10-21T15:38:10.239033,grail,to,718,True,9da86a20dc04,3.1061259996931767,latency-ab8d682da86f.csv
1,ab8d682da86f,2025-10-21T15:38:10.346017,shrek3,Arg,1,False,9da86a20dc04,18.71817299979739,latency-ab8d682da86f.csv
1,ab8d682da86f,2025-10-21T15:38:10.469589,grail,the,1600,True,9da86a20dc04,3.70022999959474,latency-ab8d682da86f.csv
1,ab8d682da86f,2025-10-21T15:38:10.577904,shrek,his,48,True,9da86a20dc04,2.961722000691225,latency-ab8d682da86f.csv
1,ab8d682da86f,2025-10-21T15:38:10.684630,shrek3,and,576,True,9da86a20dc04,12.798469000699695,latency-ab8d682da86f.csv
1,ab8d682da86f,2025-10-21T15:38:10.807978,shrek3,Final,119,True,9da86a20dc04,4.750428999614087,latency-ab8d682da86f.csv
1,ab8d682da86f,2025-10-21T15:38:10.920189,shrek3,toward,14,True,9da86a20dc04,5.7302650002384325,latency-ab8d682da86f.csv
1,ab8d682da86f,2025-10-21T15:38:11.030629,shrek3,Be,71,True,9da86a20dc04,7.231120000142255,latency-ab8d682da86f.csv
1,ab8d682da86f,2025-10-21T15:38:11.145861,shrek,I,386,True,9da86a20dc04,8.093738000752637,latency-ab8d682da86f.csv
1,ab8d682da86f,2025-10-21T15:38:11.262698,shrek3,CAPTAIN,41,True,9da86a20dc04,3.2199699999182485,latency-ab8d682da86f.csv
1,ab8d682da86f,2025-10-21T15:38:11.371727,shrek3,"meet""",0,True,9da86a20dc04,3.785754999626079,latency-ab8d682da86f.csv
1,ab8d682da86f,2025-10-21T15:38:11.483007,shrek,tale,7,True,9da86a20dc04,2.97402500109456,latency-ab8d682da86f.csv
1,ab8d682da86f,2025-10-21T15:38:11.591171,shrek,you,409,True,9da86a20dc04,3.273886999522801,latency-ab8d682da86f.csv
1,ab8d682da86f,2025-10-21T15:38:11.699133,shrek,his,48,True,9da86a20dc04,2.4421010002697585,latency-ab8d682da86f.csv
1,ab8d682da86f,2025-10-21T15:38:11.804381,shrek,I,386,True,9da86a20dc04,3.0201640001905616,latency-ab8d682da86f.csv
1,ab8d682da86f,2025-10-21T15:38:11.911208,grail,the,1600,True,9da86a20dc04,4.638995998902828,latency-ab8d682da86f.csv
1,ab8d682da86f,2025-10-21T15:38:12.020932,grail,to,718,True,9da86a20dc04,3.0798090010648598,latency-ab8d682da86f.csv
1,ab8d682da86f,2025-10-21T15:38:12.128527,grail,us,32,True,9da86a20dc04,2.6241060004394967,latency-ab8d682da86f.csv
1,ab8d682da86f,2025-10-21T15:38:12.234330,shrek,cottage,4,False,9da86a20dc04,6.560416999491281,latency-ab8d682da86f.csv
2,ab8d682da86f,2025-10-21T15:38:12.344405,grail,lost,6,True,9da86a20dc04,4.986562998965383,latency-ab8d682da86f.csv
2,ab8d682da86f,2025-10-21T15:38:12.454130,grail,to,718,True,9da86a20dc04,3.4559010000521084,latency-ab8d682da86f.csv
2,ab8d682da86f,2025-10-21T15:38:12.561250,shrek3,Arg,1,True,9da86a20dc04,42.031688999486505,latency-ab8d682da86f.csv
2,ab8d682da86f,2025-10-21T15:38:12.720003,grail,the,1600,True,9da86a20dc04,2.902244999859249,latency-ab8d682da86f.csv
2,ab8d682da86f,2025-10-21T15:38:12.828090,shrek,his,48,True,9da86a20dc04,27.316325998981483,latency-ab8d682da86f.csv
2,ab8d682da86f,2025-10-21T15:38:12.970474,shrek3,and,576,True,9da86a20dc04,3.906754998752149,latency-ab8d682da86f.csv
2,ab8d682da86f,2025-10-21T15:38:13.077816,shrek3,Final,119,True,9da86a20dc04,5.357026000638143,latency-ab8d682da86f.csv
2,ab8d682da86f,2025-10-21T15:38:13.187715,shrek3,toward,14,True,9da86a20dc04,5.896835000385181,latency-ab8d682da86f.csv
2,ab8d682da86f,2025-10-21T15:38:13.297487,shrek3,Be,71,True,9da86a20dc04,9.798234999834676,latency-ab8d682da86f.csv
2,ab8d682da86f,2025-10-21T15:38:13.413087,shrek,I,386,True,9da86a20dc04,5.544917001316208,latency-ab8d682da86f.csv
2,ab8d682da86f,2025-10-21T15:38:13.527417,shrek3,CAPTAIN,41,True,9da86a20dc04,11.102808000941875,latency-ab8d682da86f.csv
2,ab8d682da86f,2025-10-21T15:38:13.643427,shrek3,"meet""",0,True,9da86a20dc04,4.1913469995051855,latency-ab8d682da86f.csv
2,ab8d682da86f,2025-10-21T15:38:13.752083,shrek,tale,7,True,9da86a20dc04,4.7101459986151895,latency-ab8d682da86f.csv
2,ab8d682da86f,2025-10-21T15:38:13.861213,shrek,you,409,True,9da86a20dc04,4.584926000461564,latency-ab8d682da86f.csv
2,ab8d682da86f,2025-10-21T15:38:13.971508,shrek,his,48,True,9da86a20dc04,2.936962000603671,latency-ab8d682da86f.csv
2,ab8d682da86f,2025-10-21T15:38:14.079307,shrek,I,386,True,9da86a20dc04,2.8665269983321195,latency-ab8d682da86f.csv
2,ab8d682da86f,2025-10-21T15:38:14.185171,grail,the,1600,True,9da86a20dc04,10.407997999209329,latency-ab8d682da86f.csv
2,ab8d682da86f,2025-10-21T15:38:14.306879,grail,to,718,True,9da86a20dc04,4.69519800026319,latency-ab8d682da86f.csv
2,ab8d682da86f,2025-10-21T15:38:14.415510,grail,us,32,True,9da86a20dc04,3.161517999615171,latency-ab8d682da86f.csv
2,ab8d682da86f,2025-10-21T15:38:14.521895,shrek,cottage,4,True,9da86a20dc04,2.959655999802635,latency-ab8d682da86f.csv
1,ad25e9bfa836,2025-10-21T15:38:15.562218,shrek,I,386,True,9da86a20dc04,3.6516299987852103,latency-ad25e9bfa836.csv
1,ad25e9bfa836,2025-10-21T15:38:15.669972,shrek3,Donkey,243,True,9da86a20dc04,2.786885999739752,latency-ad25e9bfa836.csv
1,ad25e9bfa836,2025-10-21T15:38:15.775982,shrek,help,5,True,9da86a20dc04,3.6024240016558906,latency-ad25e9bfa836.csv
1,ad25e9bfa836,2025-10-21T15:38:15.883787,shrek3,Uh,18,True,9da86a20dc04,2.8155470008641714,latency-ad25e9bfa836.csv
1,ad25e9bfa836,2025-10-21T15:38:15.990101,shrek3,true,1,True,9da86a20dc04,3.565057999367127,latency-ad25e9bfa836.csv
1,ad25e9bfa836,2025-10-21T15:38:16.097056,grail,pretty,7,True,9da86a20dc04,3.3729790011420846,latency-ad25e9bfa836.csv
1,ad25e9bfa836,2025-10-21T15:38:16.203875,grail,Rostmm,1,True,9da86a20dc04,13.695947000087472,latency-ad25e9bfa836.csv
1,ad25e9bfa836,2025-10-21T15:38:16.326134,shrek,token,1,True,9da86a20dc04,6.01154099967971,latency-ad25e9bfa836.csv
1,ad25e9bfa836,2025-10-21T15:38:16.441571,shrek3,cues,3,True,9da86a20dc04,3.1583629988745088,latency-ad25e9bfa836.csv
1,ad25e9bfa836,2025-10-21T15:38:16.550069,shrek3,them,44,True,9da86a20dc04,3.0287399986264063,latency-ad25e9bfa836.csv
1,ad25e9bfa836,2025-10-21T15:38:16.658995,grail,Boom,4,True,9da86a20dc04,4.859274999034824,latency-ad25e9bfa836.csv
1,ad25e9bfa836,2025-10-21T15:38:16.771692,shrek,baby,3,True,9da86a20dc04,4.533843999524834,latency-ad25e9bfa836.csv
1,ad25e9bfa836,2025-10-21T15:38:16.882832,grail,-,259,True,9da86a20dc04,2.342417001273134,latency-ad25e9bfa836.csv
1,ad25e9bfa836,2025-10-21T15:38:16.988632,shrek,What,104,True,9da86a20dc04,4.243188999680569,latency-ad25e9bfa836.csv
1,ad25e9bfa836,2025-10-21T15:38:17.099051,shrek,Is,132,True,9da86a20dc04,2.9484059996320866,latency-ad25e9bfa836.csv
1,ad25e9bfa836,2025-10-21T15:38:17.205443,shrek,FIONA,211,True,9da86a20dc04,3.156874001433607,latency-ad25e9bfa836.csv
1,ad25e9bfa836,2025-10-21T15:38:17.313495,shrek3,-,110,True,9da86a20dc04,9.929779998856247,latency-ad25e9bfa836.csv
1,ad25e9bfa836,2025-10-21T15:38:17.436311,shrek3,of,275,True,9da86a20dc04,7.819627000571927,latency-ad25e9bfa836.csv
1,ad25e9bfa836,2025-10-21T15:38:17.552760,grail,Gallahad,44,True,9da86a20dc04,9.744891000082134,latency-ad25e9bfa836.csv
1,ad25e9bfa836,2025-10-21T15:38:17.667887,shrek,whistles,2,True,9da86a20dc04,9.094506000110414,latency-ad25e9bfa836.csv
2,ad25e9bfa836,2025-10-21T15:38:17.782960,shrek,I,386,True,9da86a20dc04,6.133384000349906,latency-ad25e9bfa836.csv
2,ad25e9bfa836,2025-10-21T15:38:17.895913,shrek3,Donkey,243,True,9da86a20dc04,5.383531999541447,latency-ad25e9bfa836.csv
2,ad25e9bfa836,2025-10-21T15:38:18.007254,shrek,help,5,True,9da86a20dc04,7.112010000128066,latency-ad25e9bfa836.csv
2,ad25e9bfa836,2025-10-21T15:38:18.120964,shrek3,Uh,18,True,9da86a20dc04,3.967454000303405,latency-ad25e9bfa836.csv
2,ad25e9bfa836,2025-10-21T15:38:18.232589,shrek3,true,1,True,9da86a20dc04,2.71899399922404,latency-ad25e9bfa836.csv
2,ad25e9bfa836,2025-10-21T15:38:18.338549,grail,pretty,7,True,9da86a20dc04,2.2697840013279347,latency-ad25e9bfa836.csv
2,ad25e9bfa836,2025-10-21T15:38:18.444423,grail,Rostmm,1,True,9da86a20dc04,3.551723999407841,latency-ad25e9bfa836.csv
2,ad25e9bfa836,2025-10-21T15:38:18.552053,shrek,token,1,True,9da86a20dc04,2.801788999931887,latency-ad25e9bfa836.csv
2,ad25e9bfa836,2025-10-21T15:38:18.658070,shrek3,cues,3,True,9da86a20dc04,2.1445589991344605,latency-ad25e9bfa836.csv
2,ad25e9bfa836,2025-10-21T15:38:18.763390,shrek3,them,44,True,9da86a20dc04,2.6765279999381164,latency-ad25e9bfa836.csv
2,ad25e9bfa836,2025-10-21T15:38:18.869038,grail,Boom,4,True,9da86a20dc04,3.3821060005720938,latency-ad25e9bfa836.csv
2,ad25e9bfa836,2025-10-21T15:38:18.976408,shrek,baby,3,True,9da86a20dc04,2.7231869989918778,latency-ad25e9bfa836.csv
2,ad25e9bfa836,2025-10-21T15:38:19.082357,grail,-,259,True,9da86a20dc04,4.035735999423196,latency-ad25e9bfa836.csv
2,ad25e9bfa836,2025-10-21T15:38:19.190346,shrek,What,104,True,9da86a20dc04,3.363342000739067,latency-ad25e9bfa836.csv
2,ad25e9bfa836,2025-10-21T15:38:19.297926,shrek,Is,132,True,9da86a20dc04,6.843634000688326,latency-ad25e9bfa836.csv
2,ad25e9bfa836,2025-10-21T15:38:19.408966,shrek,FIONA,211,True,9da86a20dc04,5.847673000971554,latency-ad25e9bfa836.csv
2,ad25e9bfa836,2025-10-21T15:38:19.519721,shrek3,-,110,True,9da86a20dc04,5.776152000180446,latency-ad25e9bfa836.csv
2,ad25e9bfa836,2025-10-21T15:38:19.629765,shrek3,of,275,True,9da86a20dc04,3.742187000170816,latency-ad25e9bfa836.csv
2,ad25e9bfa836,2025-10-21T15:38:19.738148,grail,Gallahad,44,True,9da86a20dc04,2.9583790001197485,latency-ad25e9bfa836.csv
2,ad25e9bfa836,2025-10-21T15:38:19.844562,shrek,whistles,2,True,9da86a20dc04,3.964191999330069,latency-ad25e9bfa836.csv
1,b40c2187380e,2025-10-21T15:38:08.798552,grail,chops,3,False,9da86a20dc04,8.667259000503691,latency-b40c2187380e.csv
1,b40c2187380e,2025-10-21T15:38:08.911040,grail,I,298,True,9da86a20dc04,3.946680999433738,latency-b40c2187380e.csv
1,b40c2187380e,2025-10-21T15:38:09.019925,shrek,DONKEY,320,True,9da86a20dc04,3.9482709998992505,latency-b40c2187380e.csv
1,b40c2187380e,2025-10-21T15:38:09.128384,grail,of,684,True,9da86a20dc04,6.387306999386055,latency-b40c2187380e.csv
1,b40c2187380e,2025-10-21T15:38:09.239138,grail,thus,5,True,9da86a20dc04,7.871313999203267,latency-b40c2187380e.csv
1,b40c2187380e,2025-10-21T15:38:09.351581,shrek,true,20,True,9da86a20dc04,26.22266200160084,latency-b40c2187380e.csv
1,b40c2187380e,2025-10-21T15:38:09.498375,grail,since,10,True,9da86a20dc04,41.53016300006129,latency-b40c2187380e.csv
1,b40c2187380e,2025-10-21T15:38:09.654349,grail,king,136,True,9da86a20dc04,12.636725999982446,latency-b40c2187380e.csv
1,b40c2187380e,2025-10-21T15:38:09.780993,grail,LTD,6,True,9da86a20dc04,4.89785900026618,latency-b40c2187380e.csv
1,b40c2187380e,2025-10-21T15:38:09.891578,shrek,help,5,True,9da86a20dc04,20.166713000435266,latency-b40c2187380e.csv
1,b40c2187380e,2025-10-21T15:38:10.019900,shrek,and,318,True,9da86a20dc04,9.624444999644766,latency-b40c2187380e.csv
1,b40c2187380e,2025-10-21T15:38:10.140154,grail,Eolio,2,True,9da86a20dc04,11.12946700050088,latency-b40c2187380e.csv
1,b40c2187380e,2025-10-21T15:38:10.281420,grail,the,1600,True,9da86a20dc04,4.042954999022186,latency-b40c2187380e.csv
1,b40c2187380e,2025-10-21T15:38:10.390508,shrek3,an,51,True,9da86a20dc04,5.229369999142364,latency-b40c2187380e.csv
1,b40c2187380e,2025-10-21T15:38:10.500474,grail,on,139,False,9da86a20dc04,20.677270000305725,latency-b40c2187380e.csv
1,b40c2187380e,2025-10-21T15:38:10.638096,shrek,GORDO,5,True,9da86a20dc04,4.934855998726562,latency-b40c2187380e.csv
1,b40c2187380e,2025-10-21T15:38:10.748110,shrek3,WHITE,45,True,9da86a20dc04,5.547410999497515,latency-b40c2187380e.csv
1,b40c2187380e,2025-10-21T15:38:10.858533,grail,to,718,True,9da86a20dc04,3.215451999494689,latency-b40c2187380e.csv
1,b40c2187380e,2025-10-21T15:38:10.965309,grail,with/,0,True,9da86a20dc04,3.854844999295892,latency-b40c2187380e.csv
1,b40c2187380e,2025-10-21T15:38:11.072847,shrek,SHREK,433,True,9da86a20dc04,4.593188999933773,latency-b40c2187380e.csv
2,b40c2187380e,2025-10-21T15:38:11.181391,grail,chops,3,True,9da86a20dc04,6.143978998807143,latency-b40c2187380e.csv
2,b40c2187380e,2025-10-21T15:38:11.291770,grail,I,298,True,9da86a20dc04,3.596938000555383,latency-b40c2187380e.csv
2,b40c2187380e,2025-10-21T15:38:11.399265,shrek,DONKEY,320,True,9da86a20dc04,3.347022999150795,latency-b40c2187380e.csv
2,b40c2187380e,2025-10-21T15:38:11.506358,grail,of,684,True,9da86a20dc04,5.040231000748463,latency-b40c2187380e.csv
2,b40c2187380e,2025-10-21T15:38:11.615600,grail,thus,5,True,9da86a20dc04,5.079072001535678,latency-b40c2187380e.csv
2,b40c2187380e,2025-10-21T15:38:11.724722,shrek,true,20,True,9da86a20dc04,6.237806999706663,latency-b40c2187380e.csv
2,b40c2187380e,2025-10-21T15:38:11.835277,grail,since,10,True,9da86a20dc04,4.874070000369102,latency-b40c2187380e.csv
2,b40c2187380e,2025-10-21T15:38:11.944095,grail,king,136,True,9da86a20dc04,5.934176000664593,latency-b40c2187380e.csv
2,b40c2187380e,2025-10-21T15:38:12.057016,grail,LTD,6,True,9da86a20dc04,7.278260998646147,latency-b40c2187380e.csv
2,b40c2187380e,2025-10-21T15:38:12.170217,shrek,help,5,True,9da86a20dc04,13.013634999879288,latency-b40c2187380e.csv
2,b40c2187380e,2025-10-21T15:38:12.288678,shrek,and,318,True,9da86a20dc04,8.988252999188262,latency-b40c2187380e.csv
2,b40c2187380e,2025-10-21T15:38:12.405427,grail,Eolio,2,True,9da86a20dc04,4.3524859993340215,latency-b40c2187380e.csv
2,b40c2187380e,2025-10-21T15:38:12.521788,grail,the,1600,True,9da86a20dc04,41.0838359985064,latency-b40c2187380e.csv
2,b40c2187380e,2025-10-21T15:38:12.701541,shrek3,an,51,True,9da86a20dc04,3.267819000029704,latency-b40c2187380e.csv
2,b40c2187380e,2025-10-21T15:38:12.808478,grail,on,139,True,9da86a20dc04,17.145373998573632,latency-b40c2187380e.csv
2,b40c2187380e,2025-10-21T15:38:12.953813,shrek,GORDO,5,True,9da86a20dc04,2.5032659996213624,latency-b40c2187380e.csv
2,b40c2187380e,2025-10-21T15:38:13.059728,shrek3,WHITE,45,True,9da86a20dc04,3.265000999817857,latency-b40c2187380e.csv
2,b40c2187380e,2025-10-21T15:38:13.168002,grail,to,718,True,9da86a20dc04,2.8262380001251586,latency-b40c2187380e.csv
2,b40c2187380e,2025-10-21T15:38:13.274337,grail,with/,0,True,9da86a20dc04,4.547208000076353,latency-b40c2187380e.csv
2,b40c2187380e,2025-10-21T15:38:13.382637,shrek,SHREK,433,True,9da86a20dc04,2.6148369997827103,latency-b40c2187380e.csv
1,b5ddfa3a7e52,2025-10-21T15:37:58.112645,shrek3,Donkey,243,True,9da86a20dc04,3.453700999671128,latency-b5ddfa3a7e52.csv
1,b5ddfa3a7e52,2025-10-21T15:37:58.220777,shrek3,OGRE,39,False,9da86a20dc04,22.42419700087339,latency-b5ddfa3a7e52.csv
1,b5ddfa3a7e52,2025-10-21T15:37:58.348114,shrek,this,79,False,9da86a20dc04,27.502502000061213,latency-b5ddfa3a7e52.csv
1,b5ddfa3a7e52,2025-10-21T15:37:58.482095,grail,singing,33,True,9da86a20dc04,17.36779199927696,latency-b5ddfa3a7e52.csv
1,b5ddfa3a7e52,2025-10-21T15:37:58.627394,shrek3,the,1285,True,9da86a20dc04,7.149090000893921,latency-b5ddfa3a7e52.csv
1,b5ddfa3a7e52,2025-10-21T15:37:58.739879,grail,the,1600,True,9da86a20dc04,5.515054999705171,latency-b5ddfa3a7e52.csv
1,b5ddfa3a7e52,2025-10-21T15:37:58.858986,shrek3,get,39,False,9da86a20dc04,30.542369999238872,latency-b5ddfa3a7e52.csv
1,b5ddfa3a7e52,2025-10-21T15:37:59.009023,grail,since,10,False,9da86a20dc04,17.94015199993737,latency-b5ddfa3a7e52.csv
1,b5ddfa3a7e52,2025-10-21T15:37:59.163084,shrek3,WOLF,7,False,9da86a20dc04,31.202202999338624,latency-b5ddfa3a7e52.csv
1,b5ddfa3a7e52,2025-10-21T15:37:59.308300,shrek3,CHARMING,232,True,9da86a20dc04,24.523915999452583,latency-b5ddfa3a7e52.csv
1,b5ddfa3a7e52,2025-10-21T15:37:59.486196,grail,To,718,False,9da86a20dc04,17.38956799999869,latency-b5ddfa3a7e52.csv
1,b5ddfa3a7e52,2025-10-21T15:37:59.621609,shrek3,field,3,False,9da86a20dc04,16.25477800007502,latency-b5ddfa3a7e52.csv
1,b5ddfa3a7e52,2025-10-21T15:37:59.742436,shrek,not,50,False,9da86a20dc04,21.46981499936373,latency-b5ddfa3a7e52.csv
1,b5ddfa3a7e52,2025-10-21T15:37:59.868516,shrek,field,4,False,9da86a20dc04,17.932233000465203,latency-b5ddfa3a7e52.csv
1,b5ddfa3a7e52,2025-10-21T15:38:00.002771,shrek3,glass,9,False,9da86a20dc04,37.19602799901622,latency-b5ddfa3a7e52.csv
1,b5ddfa3a7e52,2025-10-21T15:38:00.160847,shrek3,ARTIE,213,True,9da86a20dc04,31.249872999978837,latency-b5ddfa3a7e52.csv
1,b5ddfa3a7e52,2025-10-21T15:38:00.307998,shrek3,JOCKS,2,True,9da86a20dc04,2.7740840014303103,latency-b5ddfa3a7e52.csv
1,b5ddfa3a7e52,2025-10-21T15:38:00.414900,grail,CALLS,3,False,9da86a20dc04,11.759215998608852,latency-b5ddfa3a7e52.csv
1,b5ddfa3a7e52,2025-10-21T15:38:00.530646,shrek3,ruby,1,True,9da86a20dc04,3.485125000224798,latency-b5ddfa3a7e52.csv
1,b5ddfa3a7e52,2025-10-21T15:38:00.638032,shrek,way,26,False,9da86a20dc04,8.736104999115923,latency-b5ddfa3a7e52.csv
2,b5ddfa3a7e52,2025-10-21T15:38:00.750240,shrek3,Donkey,243,True,9da86a20dc04,3.942916000596597,latency-b5ddfa3a7e52.csv
2,b5ddfa3a7e52,2025-10-21T15:38:00.858126,shrek3,OGRE,39,True,9da86a20dc04,13.092860001052031,latency-b5ddfa3a7e52.csv
2,b5ddfa3a7e52,2025-10-21T15:38:00.978943,shrek,this,79,True,9da86a20dc04,31.216032000884297,latency-b5ddfa3a7e52.csv
2,b5ddfa3a7e52,2025-10-21T15:38:01.121106,grail,singing,33,True,9da86a20dc04,25.03084800082433,latency-b5ddfa3a7e52.csv
2,b5ddfa3a7e52,2025-10-21T15:38:01.270781,shrek3,the,1285,True,9da86a20dc04,6.43717900129559,latency-b5ddfa3a7e52.csv
2,b5ddfa3a7e52,2025-10-21T15:38:01.388248,grail,the,1600,True,9da86a20dc04,3.263302000050317,latency-b5ddfa3a7e52.csv
2,b5ddfa3a7e52,2025-10-21T15:38:01.495472,shrek3,get,39,True,9da86a20dc04,2.725869999267161,latency-b5ddfa3a7e52.csv
2,b5ddfa3a7e52,2025-10-21T15:38:01.601593,grail,since,10,True,9da86a20dc04,13.355229000808322,latency-b5ddfa3a7e52.csv
2,b5ddfa3a7e52,2025-10-21T15:38:01.724356,shrek3,WOLF,7,True,9da86a20dc04,12.717853000140169,latency-b5ddfa3a7e52.csv
2,b5ddfa3a7e52,2025-10-21T15:38:01.854309,shrek3,CHARMING,232,True,9da86a20dc04,4.123398999581696,latency-b5ddfa3a7e52.csv
2,b5ddfa3a7e52,2025-10-21T15:38:01.963109,grail,To,718,True,9da86a20dc04,32.87605399964377,latency-b5ddfa3a7e52.csv
2,b5ddfa3a7e52,2025-10-21T15:38:02.114442,shrek3,field,3,True,9da86a20dc04,33.166679999339976,latency-b5ddfa3a7e52.csv
2,b5ddfa3a7e52,2025-10-21T15:38:02.281817,shrek,not,50,True,9da86a20dc04,25.38089200061222,latency-b5ddfa3a7e52.csv
2,b5ddfa3a7e52,2025-10-21T15:38:02.445184,shrek,field,4,True,9da86a20dc04,4.379133999464102,latency-b5ddfa3a7e52.csv
2,b5ddfa3a7e52,2025-10-21T15:38:02.553847,shrek3,glass,9,True,9da86a20dc04,46.64464699999371,latency-b5ddfa3a7e52.csv
2,b5ddfa3a7e52,2025-10-21T15:38:02.718748,shrek3,ARTIE,213,True,9da86a20dc04,28.814852999857976,latency-b5ddfa3a7e52.csv
2,b5ddfa3a7e52,2025-10-21T15:38:02.864768,shrek3,JOCKS,2,True,9da86a20dc04,45.36777899920708,latency-b5ddfa3a7e52.csv
2,b5ddfa3a7e52,2025-10-21T15:38:03.056895,grail,CALLS,3,True,9da86a20dc04,12.197100000776118,latency-b5ddfa3a7e52.csv
2,b5ddfa3a7e52,2025-10-21T15:38:03.194960,shrek3,ruby,1,True,9da86a20dc04,6.237998000869993,latency-b5ddfa3a7e52.csv
2,b5ddfa3a7e52,2025-10-21T15:38:03.305650,shrek,way,26,True,9da86a20dc04,4.624471001079655,latency-b5ddfa3a7e52.csv
1,b7adcbea4ead,2025-10-21T15:38:17.955641,shrek3,youre,0,True,9da86a20dc04,2.513010998882237,latency-b7adcbea4ead.csv
1,b7adcbea4ead,2025-10-21T15:38:18.061439,shrek,trip,1,True,9da86a20dc04,4.073864998645149,latency-b7adcbea4ead.csv
1,b7adcbea4ead,2025-10-21T15:38:18.170683,shrek,DONKEY,320,True,9da86a20dc04,3.0596460001106607,latency-b7adcbea4ead.csv
1,b7adcbea4ead,2025-10-21T15:38:18.276946,grail,few,8,True,9da86a20dc04,4.171026999756577,latency-b7adcbea4ead.csv
1,b7adcbea4ead,2025-10-21T15:38:18.385048,shrek,our,11,True,9da86a20dc04,3.093747000093572,latency-b7adcbea4ead.csv
1,b7adcbea4ead,2025-10-21T15:38:18.491820,shrek3,Gingerbread,37,True,9da86a20dc04,4.430929000591277,latency-b7adcbea4ead.csv
1,b7adcbea4ead,2025-10-21T15:38:18.600513,shrek,one,44,True,9da86a20dc04,4.790672999661183,latency-b7adcbea4ead.csv
1,b7adcbea4ead,2025-10-21T15:38:18.709316,shrek3,SCHOOL,14,True,9da86a20dc04,5.935418999797548,latency-b7adcbea4ead.csv
1,b7adcbea4ead,2025-10-21T15:38:18.819430,shrek3,Gingerbread,37,True,9da86a20dc04,6.505805999040604,latency-b7adcbea4ead.csv
1,b7adcbea4ead,2025-10-21T15:38:18.933469,shrek,FIONA,211,True,9da86a20dc04,5.0577889996930026,latency-b7adcbea4ead.csv
1,b7adcbea4ead,2025-10-21T15:38:19.042587,grail,Cleese,10,True,9da86a20dc04,2.4466899994877167,latency-b7adcbea4ead.csv
1,b7adcbea4ead,2025-10-21T15:38:19.148387,shrek3,"Bay""",0,True,9da86a20dc04,3.5209969992138213,latency-b7adcbea4ead.csv
1,b7adcbea4ead,2025-10-21T15:38:19.256699,grail,seek,12,True,9da86a20dc04,3.6773040010302793,latency-b7adcbea4ead.csv
1,b7adcbea4ead,2025-10-21T15:38:19.364496,shrek,ogre,27,True,9da86a20dc04,2.812780998283415,latency-b7adcbea4ead.csv
1,b7adcbea4ead,2025-10-21T15:38:19.471001,shrek,at,62,True,9da86a20dc04,2.447201000904897,latency-b7adcbea4ead.csv
1,b7adcbea4ead,2025-10-21T15:38:19.576398,shrek3,Hold,8,True,9da86a20dc04,3.528100000039558,latency-b7adcbea4ead.csv
1,b7adcbea4ead,2025-10-21T15:38:19.684043,shrek3,Uh,18,True,9da86a20dc04,2.311222000571433,latency-b7adcbea4ead.csv
1,b7adcbea4ead,2025-10-21T15:38:19.789482,shrek,edge,2,True,9da86a20dc04,2.9622820002259687,latency-b7adcbea4ead.csv
1,b7adcbea4ead,2025-10-21T15:38:19.896218,shrek,tell,25,True,9da86a20dc04,10.71186799890711,latency-b7adcbea4ead.csv
1,b7adcbea4ead,2025-10-21T15:38:20.012605,shrek3,SHREK,678,True,9da86a20dc04,2.9515009991882835,latency-b7adcbea4ead.csv
2,b7adcbea4ead,2025-10-21T15:38:20.119911,shrek3,youre,0,True,9da86a20dc04,2.601239999421523,latency-b7adcbea4ead.csv
2,b7adcbea4ead,2025-10-21T15:38:20.226685,shrek,trip,1,True,9da86a20dc04,3.4117759987566387,latency-b7adcbea4ead.csv
2,b7adcbea4ead,2025-10-21T15:38:20.333756,shrek,DONKEY,320,True,9da86a20dc04,3.930782999304938,latency-b7adcbea4ead.csv
2,b7adcbea4ead,2025-10-21T15:38:20.442297,grail,few,8,True,9da86a20dc04,3.3244149999518413,latency-b7adcbea4ead.csv
2,b7adcbea4ead,2025-10-21T15:38:20.549856,shrek,our,11,True,9da86a20dc04,2.9591339989565317,latency-b7adcbea4ead.csv
2,b7adcbea4ead,2025-10-21T15:38:20.657001,shrek3,Gingerbread,37,True,9da86a20dc04,4.991081001207931,latency-b7adcbea4ead.csv
2,b7adcbea4ead,2025-10-21T15:38:20.768380,shrek,one,44,True,9da86a20dc04,2.8312089998507872,latency-b7adcbea4ead.csv
2,b7adcbea4ead,2025-10-21T15:38:20.874180,shrek3,SCHOOL,14,True,9da86a20dc04,2.5854609993984923,latency-b7adcbea4ead.csv
2,b7adcbea4ead,2025-10-21T15:38:20.979933,shrek3,Gingerbread,37,True,9da86a20dc04,3.4990639996976824,latency-b7adcbea4ead.csv
2,b7adcbea4ead,2025-10-21T15:38:21.087150,shrek,FIONA,211,True,9da86a20dc04,13.71888700123236,latency-b7adcbea4ead.csv
2,b7adcbea4ead,2025-10-21T15:38:21.210879,grail,Cleese,10,True,9da86a20dc04,4.39215900041745,latency-b7adcbea4ead.csv
2,b7adcbea4ead,2025-10-21T15:38:21.321624,shrek3,"Bay""",0,True,9da86a20dc04,2.4754360001679743,latency-b7adcbea4ead.csv
2,b7adcbea4ead,2025-10-21T15:38:21.427042,grail,seek,12,True,9da86a20dc04,2.49101199915458,latency-b7adcbea4ead.csv
2,b7adcbea4ead,2025-10-21T15:38:21.532948,shrek,ogre,27,True,9da86a20dc04,4.639031001715921,latency-b7adcbea4ead.csv
2,b7adcbea4ead,2025-10-21T15:38:21.641620,shrek,at,62,True,9da86a20dc04,3.47245299963106,latency-b7adcbea4ead.csv
2,b7adcbea4ead,2025-10-21T15:38:21.748471,shrek3,Hold,8,True,9da86a20dc04,2.928267000243068,latency-b7adcbea4ead.csv
2,b7adcbea4ead,2025-10-21T15:38:21.854305,shrek3,Uh,18,True,9da86a20dc04,5.486934000145993,latency-b7adcbea4ead.csv
2,b7adcbea4ead,2025-10-21T15:38:21.964686,shrek,edge,2,True,9da86a20dc04,5.578479998803232,latency-b7adcbea4ead.csv
2,b7adcbea4ead,2025-10-21T15:38:22.074461,shrek,tell,25,True,9da86a20dc04,2.9102810003678314,latency-b7adcbea4ead.csv
2,b7adcbea4ead,2025-10-21T15:38:22.180166,shrek3,SHREK,678,True,9da86a20dc04,2.821685000526486,latency-b7adcbea4ead.csv
1,bd8eefc052ac,2025-10-21T15:38:21.679968,grail,since,10,True,9da86a20dc04,5.157794999831822,latency-bd8eefc052ac.csv
1,bd8eefc052ac,2025-10-21T15:38:21.793712,grail,the,1600,True,9da86a20dc04,2.488485999492696,latency-bd8eefc052ac.csv
1,bd8eefc052ac,2025-10-21T15:38:21.901697,shrek,Shrek,433,True,9da86a20dc04,5.437647998405737,latency-bd8eefc052ac.csv
1,bd8eefc052ac,2025-10-21T15:38:22.016138,shrek3,SHREK,678,True,9da86a20dc04,2.433635998386308,latency-bd8eefc052ac.csv
1,bd8eefc052ac,2025-10-21T15:38:22.121675,grail,LTD,6,True,9da86a20dc04,2.80960099917138,latency-bd8eefc052ac.csv
1,bd8eefc052ac,2025-10-21T15:38:22.228431,grail,I,298,True,9da86a20dc04,16.991452999718604,latency-bd8eefc052ac.csv
1,bd8eefc052ac,2025-10-21T15:38:22.354613,shrek3,time,23,True,9da86a20dc04,9.053931000380544,latency-bd8eefc052ac.csv
1,bd8eefc052ac,2025-10-21T15:38:22.475866,grail,"Peng,",0,True,9da86a20dc04,5.36740700044902,latency-bd8eefc052ac.csv
1,bd8eefc052ac,2025-10-21T15:38:22.590509,shrek3,its,1,True,9da86a20dc04,5.626293999739573,latency-bd8eefc052ac.csv
1,bd8eefc052ac,2025-10-21T15:38:22.704452,grail,CALLS,3,True,9da86a20dc04,3.305727999759256,latency-bd8eefc052ac.csv
1,bd8eefc052ac,2025-10-21T15:38:22.811488,shrek,cottage,4,True,9da86a20dc04,2.9362029999902006,latency-bd8eefc052ac.csv
1,bd8eefc052ac,2025-10-21T15:38:22.918216,grail,cross,13,True,9da86a20dc04,3.3846219994302373,latency-bd8eefc052ac.csv
1,bd8eefc052ac,2025-10-21T15:38:23.025423,grail,a,666,True,9da86a20dc04,2.913927999543376,latency-bd8eefc052ac.csv
1,bd8eefc052ac,2025-10-21T15:38:23.132084,shrek,number,8,True,9da86a20dc04,2.783435000310419,latency-bd8eefc052ac.csv
1,bd8eefc052ac,2025-10-21T15:38:23.238493,shrek3,flaming,2,True,9da86a20dc04,4.465440000785748,latency-bd8eefc052ac.csv
1,bd8eefc052ac,2025-10-21T15:38:23.346231,shrek,don't,72,True,9da86a20dc04,9.889513999951305,latency-bd8eefc052ac.csv
1,bd8eefc052ac,2025-10-21T15:38:23.467657,shrek,number,8,True,9da86a20dc04,5.643057000270346,latency-bd8eefc052ac.csv
1,bd8eefc052ac,2025-10-21T15:38:23.579647,grail,Michael,11,True,9da86a20dc04,3.028811999683967,latency-bd8eefc052ac.csv
1,bd8eefc052ac,2025-10-21T15:38:23.688790,shrek,Shrek,433,True,9da86a20dc04,2.977239999381709,latency-bd8eefc052ac.csv
1,bd8eefc052ac,2025-10-21T15:38:23.800370,shrek3,Ahh,8,True,9da86a20dc04,3.97965599950112,latency-bd8eefc052ac.csv
2,bd8eefc052ac,2025-10-21T15:38:23.908621,grail,since,10,True,9da86a20dc04,7.499547000406892,latency-bd8eefc052ac.csv
2,bd8eefc052ac,2025-10-21T15:38:24.025750,grail,the,1600,True,9da86a20dc04,2.342709000004106,latency-bd8eefc052ac.csv
2,bd8eefc052ac,2025-10-21T15:38:24.131536,shrek,Shrek,433,True,9da86a20dc04,4.730964999907883,latency-bd8eefc052ac.csv
2,bd8eefc052ac,2025-10-21T15:38:24.241561,shrek3,SHREK,678,True,9da86a20dc04,2.693132000786136,latency-bd8eefc052ac.csv
2,bd8eefc052ac,2025-10-21T15:38:24.347757,grail,LTD,6,True,9da86a20dc04,3.626354000516585,latency-bd8eefc052ac.csv
2,bd8eefc052ac,2025-10-21T15:38:24.456663,grail,I,298,True,9da86a20dc04,4.194662000372773,latency-bd8eefc052ac.csv
2,bd8eefc052ac,2025-10-21T15:38:24.569766,shrek3,time,23,True,9da86a20dc04,2.8147630000603385,latency-bd8eefc052ac.csv
2,bd8eefc052ac,2025-10-21T15:38:24.679386,grail,"Peng,",0,True,9da86a20dc04,2.558466998380027,latency-bd8eefc052ac.csv
2,bd8eefc052ac,2025-10-21T15:38:24.786480,shrek3,its,1,True,9da86a20dc04,2.440092001052108,latency-bd8eefc052ac.csv
2,bd8eefc052ac,2025-10-21T15:38:24.893224,grail,CALLS,3,True,9da86a20dc04,3.0634770009783097,latency-bd8eefc052ac.csv
2,bd8eefc052ac,2025-10-21T15:38:25.002101,shrek,cottage,4,True,9da86a20dc04,2.3664239997742698,latency-bd8eefc052ac.csv
2,bd8eefc052ac,2025-10-21T15:38:25.107612,grail,cross,13,True,9da86a20dc04,3.2674630001565674,latency-bd8eefc052ac.csv
2,bd8eefc052ac,2025-10-21T15:38:25.214924,grail,a,666,True,9da86a20dc04,3.604176999942865,latency-bd8eefc052ac.csv
2,bd8eefc052ac,2025-10-21T15:38:25.322395,shrek,number,8,True,9da86a20dc04,3.450878999501583,latency-bd8eefc052ac.csv
2,bd8eefc052ac,2025-10-21T15:38:25.430719,shrek3,flaming,2,True,9da86a20dc04,3.745829999388661,latency-bd8eefc052ac.csv
2,bd8eefc052ac,2025-10-21T15:38:25.538814,shrek,don't,72,True,9da86a20dc04,8.739003000300727,latency-bd8eefc052ac.csv
2,bd8eefc052ac,2025-10-21T15:38:25.657475,shrek,number,8,True,9da86a20dc04,3.419138000026578,latency-bd8eefc052ac.csv
2,bd8eefc052ac,2025-10-21T15:38:25.765147,grail,Michael,11,True,9da86a20dc04,3.147829998852103,latency-bd8eefc052ac.csv
2,bd8eefc052ac,2025-10-21T15:38:25.871676,shrek,Shrek,433,True,9da86a20dc04,4.26698400042369,latency-bd8eefc052ac.csv
2,bd8eefc052ac,2025-10-21T15:38:25.980596,shrek3,Ahh,8,True,9da86a20dc04,2.8112479994888417,latency-bd8eefc052ac.csv
1,c60169b26c48,2025-10-21T15:38:12.991861,shrek,cottage,4,True,9da86a20dc04,4.69443000110914,latency-c60169b26c48.csv
1,c60169b26c48,2025-10-21T15:38:13.101663,shrek3,SHREK,678,True,9da86a20dc04,9.348039000542483,latency-c60169b26c48.csv
1,c60169b26c48,2025-10-21T15:38:13.218013,grail,"Peng,",0,True,9da86a20dc04,4.883502999291522,latency-c60169b26c48.csv
1,c60169b26c48,2025-10-21T15:38:13.327424,shrek,DONKEY,320,True,9da86a20dc04,6.819981001171982,latency-c60169b26c48.csv
1,c60169b26c48,2025-10-21T15:38:13.440445,shrek,placed,1,True,9da86a20dc04,14.06906600095681,latency-c60169b26c48.csv
1,c60169b26c48,2025-10-21T15:38:13.567735,shrek,He,118,True,9da86a20dc04,6.101976001446019,latency-c60169b26c48.csv
1,c60169b26c48,2025-10-21T15:38:13.689023,grail,To,718,True,9da86a20dc04,4.177550999884261,latency-c60169b26c48.csv
1,c60169b26c48,2025-10-21T15:38:13.802209,shrek,FIONA'S,3,True,9da86a20dc04,4.371683000499616,latency-c60169b26c48.csv
1,c60169b26c48,2025-10-21T15:38:13.910892,shrek,DONKEY,320,True,9da86a20dc04,3.1745220003358554,latency-c60169b26c48.csv
1,c60169b26c48,2025-10-21T15:38:14.017456,grail,right,66,True,9da86a20dc04,2.598969998871325,latency-c60169b26c48.csv
1,c60169b26c48,2025-10-21T15:38:14.123303,shrek3,glass,9,True,9da86a20dc04,3.5230410012445645,latency-c60169b26c48.csv
1,c60169b26c48,2025-10-21T15:38:14.230444,shrek,SHREK,433,True,9da86a20dc04,4.023832001621486,latency-c60169b26c48.csv
1,c60169b26c48,2025-10-21T15:38:14.338648,shrek3,SNOW,49,True,9da86a20dc04,2.598364999357728,latency-c60169b26c48.csv
1,c60169b26c48,2025-10-21T15:38:14.444696,shrek,CROWD,5,False,9da86a20dc04,12.903955001092982,latency-c60169b26c48.csv
1,c60169b26c48,2025-10-21T15:38:14.562301,shrek3,CAPTAIN,41,True,9da86a20dc04,4.70846200005326,latency-c60169b26c48.csv
1,c60169b26c48,2025-10-21T15:38:14.671057,shrek3,field,3,True,9da86a20dc04,3.770624998651329,latency-c60169b26c48.csv
1,c60169b26c48,2025-10-21T15:38:14.778669,shrek,will,16,True,9da86a20dc04,10.18292199842108,latency-c60169b26c48.csv
1,c60169b26c48,2025-10-21T15:38:14.895613,grail,king,136,True,9da86a20dc04,4.130429000724689,latency-c60169b26c48.csv
1,c60169b26c48,2025-10-21T15:38:15.005377,grail,Rostmm,1,True,9da86a20dc04,8.376419000342139,latency-c60169b26c48.csv
1,c60169b26c48,2025-10-21T15:38:15.125269,grail,a,666,True,9da86a20dc04,5.776260000857292,latency-c60169b26c48.csv
2,c60169b26c48,2025-10-21T15:38:15.241643,shrek,cottage,4,True,9da86a20dc04,4.238354000335676,latency-c60169b26c48.csv
2,c60169b26c48,2025-10-21T15:38:15.352944,shrek3,SHREK,678,True,9da86a20dc04,6.636614998569712,latency-c60169b26c48.csv
2,c60169b26c48,2025-10-21T15:38:15.472484,grail,"Peng,",0,True,9da86a20dc04,2.6675890003389213,latency-c60169b26c48.csv
2,c60169b26c48,2025-10-21T15:38:15.578404,shrek,DONKEY,320,True,9da86a20dc04,3.705594001075952,latency-c60169b26c48.csv
2,c60169b26c48,2025-10-21T15:38:15.685615,shrek,placed,1,True,9da86a20dc04,3.270659999543568,latency-c60169b26c48.csv
2,c60169b26c48,2025-10-21T15:38:15.792962,shrek,He,118,True,9da86a20dc04,6.893604999277159,latency-c60169b26c48.csv
2,c60169b26c48,2025-10-21T15:38:15.903855,grail,To,718,True,9da86a20dc04,2.8771350007446017,latency-c60169b26c48.csv
2,c60169b26c48,2025-10-21T15:38:16.010166,shrek,FIONA'S,3,True,9da86a20dc04,3.1139449984038947,latency-c60169b26c48.csv
2,c60169b26c48,2025-10-21T15:38:16.116663,shrek,DONKEY,320,True,9da86a20dc04,2.494353999281884,latency-c60169b26c48.csv
2,c60169b26c48,2025-10-21T15:38:16.223430,grail,right,66,True,9da86a20dc04,7.313359999898239,latency-c60169b26c48.csv
2,c60169b26c48,2025-10-21T15:38:16.335116,shrek3,glass,9,True,9da86a20dc04,8.139624000250478,latency-c60169b26c48.csv
2,c60169b26c48,2025-10-21T15:38:16.447330,shrek,SHREK,433,True,9da86a20dc04,4.14427600117051,latency-c60169b26c48.csv
2,c60169b26c48,2025-10-21T15:38:16.554938,shrek3,SNOW,49,True,9da86a20dc04,4.645375000109198,latency-c60169b26c48.csv
2,c60169b26c48,2025-10-21T15:38:16.664279,shrek,CROWD,5,True,9da86a20dc04,7.360887000686489,latency-c60169b26c48.csv
2,c60169b26c48,2025-10-21T15:38:16.776333,shrek3,CAPTAIN,41,True,9da86a20dc04,6.642125999860582,latency-c60169b26c48.csv
2,c60169b26c48,2025-10-21T15:38:16.887589,shrek3,field,3,True,9da86a20dc04,3.994210999735514,latency-c60169b26c48.csv
2,c60169b26c48,2025-10-21T15:38:16.995115,shrek,will,16,True,9da86a20dc04,6.19709199963836,latency-c60169b26c48.csv
2,c60169b26c48,2025-10-21T15:38:17.106445,grail,king,136,True,9da86a20dc04,3.3845729994936846,latency-c60169b26c48.csv
2,c60169b26c48,2025-10-21T15:38:17.213468,grail,Rostmm,1,True,9da86a20dc04,4.521173001194256,latency-c60169b26c48.csv
2,c60169b26c48,2025-10-21T15:38:17.321778,grail,a,666,True,9da86a20dc04,13.623915001517162,latency-c60169b26c48.csv
1,ca4544f8b553,2025-10-21T15:38:10.890361,shrek3,Be,71,True,9da86a20dc04,2.541499001381453,latency-ca4544f8b553.csv
1,ca4544f8b553,2025-10-21T15:38:10.996590,shrek3,Artie,213,True,9da86a20dc04,3.070279000894516,latency-ca4544f8b553.csv
1,ca4544f8b553,2025-10-21T15:38:11.104406,shrek,SHREK,433,True,9da86a20dc04,3.352362999066827,latency-ca4544f8b553.csv
1,ca4544f8b553,2025-10-21T15:38:11.212874,grail,Yeah,13,True,9da86a20dc04,3.049549999559531,latency-ca4544f8b553.csv
1,ca4544f8b553,2025-10-21T15:38:11.319627,grail,the,1600,True,9da86a20dc04,2.5328589999844557,latency-ca4544f8b553.csv
1,ca4544f8b553,2025-10-21T15:38:11.425551,grail,at,104,True,9da86a20dc04,2.8642759989452315,latency-ca4544f8b553.csv
1,ca4544f8b553,2025-10-21T15:38:11.532143,grail,the,1600,True,9da86a20dc04,9.083599999939906,latency-ca4544f8b553.csv
1,ca4544f8b553,2025-10-21T15:38:11.646258,shrek3,"meet""",0,True,9da86a20dc04,3.613069000493852,latency-ca4544f8b553.csv
1,ca4544f8b553,2025-10-21T15:38:11.753602,shrek3,get,39,True,9da86a20dc04,2.4898539995774627,latency-ca4544f8b553.csv
1,ca4544f8b553,2025-10-21T15:38:11.859323,grail,from,94,True,9da86a20dc04,4.0142899997590575,latency-ca4544f8b553.csv
1,ca4544f8b553,2025-10-21T15:38:11.966552,shrek,after,10,True,9da86a20dc04,8.539671998732956,latency-ca4544f8b553.csv
1,ca4544f8b553,2025-10-21T15:38:12.081209,shrek3,them,44,True,9da86a20dc04,3.8025089997972823,latency-ca4544f8b553.csv
1,ca4544f8b553,2025-10-21T15:38:12.188769,shrek3,WHITE,45,True,9da86a20dc04,3.8212079998629633,latency-ca4544f8b553.csv
1,ca4544f8b553,2025-10-21T15:38:12.296516,grail,ANOTHER,25,True,9da86a20dc04,9.013490000143063,latency-ca4544f8b553.csv
1,ca4544f8b553,2025-10-21T15:38:12.409869,shrek3,us,12,True,9da86a20dc04,6.958906998988823,latency-ca4544f8b553.csv
1,ca4544f8b553,2025-10-21T15:38:12.522966,shrek,whistles,2,True,9da86a20dc04,78.75975800016022,latency-ca4544f8b553.csv
1,ca4544f8b553,2025-10-21T15:38:12.752683,shrek,HOOD,13,True,9da86a20dc04,3.177688000505441,latency-ca4544f8b553.csv
1,ca4544f8b553,2025-10-21T15:38:12.859641,shrek3,get,39,True,9da86a20dc04,13.99740200031374,latency-ca4544f8b553.csv
1,ca4544f8b553,2025-10-21T15:38:12.980459,shrek,the,535,True,9da86a20dc04,6.557851000252413,latency-ca4544f8b553.csv
1,ca4544f8b553,2025-10-21T15:38:13.093076,shrek,after,10,True,9da86a20dc04,4.806001001270488,latency-ca4544f8b553.csv
2,ca4544f8b553,2025-10-21T15:38:13.206647,shrek3,Be,71,True,9da86a20dc04,2.485084998625098,latency-ca4544f8b553.csv
2,ca4544f8b553,2025-10-21T15:38:13.312950,shrek3,Artie,213,True,9da86a20dc04,3.9572639998368686,latency-ca4544f8b553.csv
2,ca4544f8b553,2025-10-21T15:38:13.422870,shrek,SHREK,433,True,9da86a20dc04,7.510310999350622,latency-ca4544f8b553.csv
2,ca4544f8b553,2025-10-21T15:38:13.541404,grail,Yeah,13,True,9da86a20dc04,3.257108999605407,latency-ca4544f8b553.csv
2,ca4544f8b553,2025-10-21T15:38:13.648336,grail,the,1600,True,9da86a20dc04,5.148307000126806,latency-ca4544f8b553.csv
2,ca4544f8b553,2025-10-21T15:38:13.758189,grail,at,104,True,9da86a20dc04,4.227141998853767,latency-ca4544f8b553.csv
2,ca4544f8b553,2025-10-21T15:38:13.866651,grail,the,1600,True,9da86a20dc04,4.910122999717714,latency-ca4544f8b553.csv
2,ca4544f8b553,2025-10-21T15:38:13.976035,shrek3,"meet""",0,True,9da86a20dc04,4.77524099915172,latency-ca4544f8b553.csv
2,ca4544f8b553,2025-10-21T15:38:14.084310,shrek3,get,39,True,9da86a20dc04,2.859758000340662,latency-ca4544f8b553.csv
2,ca4544f8b553,2025-10-21T15:38:14.193242,grail,from,94,True,9da86a20dc04,13.97069599988754,latency-ca4544f8b553.csv
2,ca4544f8b553,2025-10-21T15:38:14.315244,shrek,after,10,True,9da86a20dc04,7.128922999982024,latency-ca4544f8b553.csv
2,ca4544f8b553,2025-10-21T15:38:14.429536,shrek3,them,44,True,9da86a20dc04,5.152043000634876,latency-ca4544f8b553.csv
2,ca4544f8b553,2025-10-21T15:38:14.543081,shrek3,WHITE,45,True,9da86a20dc04,6.410694999431144,latency-ca4544f8b553.csv
2,ca4544f8b553,2025-10-21T15:38:14.656069,grail,ANOTHER,25,True,9da86a20dc04,5.402003000199329,latency-ca4544f8b553.csv
2,ca4544f8b553,2025-10-21T15:38:14.767237,shrek3,us,12,True,9da86a20dc04,5.126762998770573,latency-ca4544f8b553.csv
2,ca4544f8b553,2025-10-21T15:38:14.884355,shrek,whistles,2,True,9da86a20dc04,4.220446999170235,latency-ca4544f8b553.csv
2,ca4544f8b553,2025-10-21T15:38:14.992283,shrek,HOOD,13,True,9da86a20dc04,5.426821999208187,latency-ca4544f8b553.csv
2,ca4544f8b553,2025-10-21T15:38:15.103085,shrek3,get,39,True,9da86a20dc04,2.7304260001983494,latency-ca4544f8b553.csv
2,ca4544f8b553,2025-10-21T15:38:15.210588,shrek,the,535,True,9da86a20dc04,4.324867000832455,latency-ca4544f8b553.csv
2,ca4544f8b553,2025-10-21T15:38:15.320717,shrek,after,10,True,9da86a20dc04,5.9793500004161615,latency-ca4544f8b553.csv
1,e4aed2143e1a,2025-10-21T15:38:33.620006,shrek3,JOCKS,2,True,9da86a20dc04,2.9111080002621748,latency-e4aed2143e1a.csv
1,e4aed2143e1a,2025-10-21T15:38:33.727235,shrek,placed,1,True,9da86a20dc04,3.569565998986945,latency-e4aed2143e1a.csv
1,e4aed2143e1a,2025-10-21T15:38:33.834819,grail,the,1600,True,9da86a20dc04,3.0985220000729896,latency-e4aed2143e1a.csv
1,e4aed2143e1a,2025-10-21T15:38:33.943587,grail,“I,0,True,9da86a20dc04,4.063043999849469,latency-e4aed2143e1a.csv
1,e4aed2143e1a,2025-10-21T15:38:34.052970,grail,Boom,4,True,9da86a20dc04,4.446618999281782,latency-e4aed2143e1a.csv
1,e4aed2143e1a,2025-10-21T15:38:34.163482,shrek3,wont,0,True,9da86a20dc04,4.002942001534393,latency-e4aed2143e1a.csv
1,e4aed2143e1a,2025-10-21T15:38:34.273584,grail,Ecky-Ecky-Ecky,1,True,9da86a20dc04,23.85212099943601,latency-e4aed2143e1a.csv
1,e4aed2143e1a,2025-10-21T15:38:34.405822,shrek3,SHOUTING),0,True,9da86a20dc04,9.39012900016678,latency-e4aed2143e1a.csv
1,e4aed2143e1a,2025-10-21T15:38:34.521495,shrek3,of,275,True,9da86a20dc04,18.87043499846186,latency-e4aed2143e1a.csv
1,e4aed2143e1a,2025-10-21T15:38:34.646951,shrek,true,20,True,9da86a20dc04,9.888798000247334,latency-e4aed2143e1a.csv
1,e4aed2143e1a,2025-10-21T15:38:34.765410,grail,few,8,True,9da86a20dc04,13.133885000570444,latency-e4aed2143e1a.csv
1,e4aed2143e1a,2025-10-21T15:38:34.888576,shrek,the,535,True,9da86a20dc04,8.489366999128833,latency-e4aed2143e1a.csv
1,e4aed2143e1a,2025-10-21T15:38:35.004672,grail,Guard,106,True,9da86a20dc04,4.655632999856607,latency-e4aed2143e1a.csv
1,e4aed2143e1a,2025-10-21T15:38:35.116215,grail,elected,2,True,9da86a20dc04,6.7208039999968605,latency-e4aed2143e1a.csv
1,e4aed2143e1a,2025-10-21T15:38:35.229426,grail,ANOTHER,25,True,9da86a20dc04,6.800453998948797,latency-e4aed2143e1a.csv
1,e4aed2143e1a,2025-10-21T15:38:35.345211,shrek3,Im,1,True,9da86a20dc04,4.707293999672402,latency-e4aed2143e1a.csv
1,e4aed2143e1a,2025-10-21T15:38:35.455847,shrek3,true,1,True,9da86a20dc04,4.492834001212032,latency-e4aed2143e1a.csv
1,e4aed2143e1a,2025-10-21T15:38:35.565617,shrek3,fall,6,True,9da86a20dc04,4.817746001208434,latency-e4aed2143e1a.csv
1,e4aed2143e1a,2025-10-21T15:38:35.674647,grail,I,298,True,9da86a20dc04,4.244334999384591,latency-e4aed2143e1a.csv
1,e4aed2143e1a,2025-10-21T15:38:35.782533,grail,19Prince,0,True,9da86a20dc04,3.9651530005357927,latency-e4aed2143e1a.csv
2,e4aed2143e1a,2025-10-21T15:38:35.890979,shrek3,JOCKS,2,True,9da86a20dc04,3.0949089996283874,latency-e4aed2143e1a.csv
2,e4aed2143e1a,2025-10-21T15:38:35.997879,shrek,placed,1,True,9da86a20dc04,4.302014000131749,latency-e4aed2143e1a.csv
2,e4aed2143e1a,2025-10-21T15:38:36.106413,grail,the,1600,True,9da86a20dc04,3.631677000157652,latency-e4aed2143e1a.csv
2,e4aed2143e1a,2025-10-21T15:38:36.213762,grail,“I,0,True,9da86a20dc04,5.11519599967869,latency-e4aed2143e1a.csv
2,e4aed2143e1a,2025-10-21T15:38:36.325150,grail,Boom,4,True,9da86a20dc04,3.135761000521597,latency-e4aed2143e1a.csv
2,e4aed2143e1a,2025-10-21T15:38:36.432306,shrek3,wont,0,True,9da86a20dc04,4.145945000345819,latency-e4aed2143e1a.csv
2,e4aed2143e1a,2025-10-21T15:38:36.540691,grail,Ecky-Ecky-Ecky,1,True,9da86a20dc04,5.448761001389357,latency-e4aed2143e1a.csv
2,e4aed2143e1a,2025-10-21T15:38:36.649505,shrek3,SHOUTING),0,True,9da86a20dc04,5.289902999720653,latency-e4aed2143e1a.csv
2,e4aed2143e1a,2025-10-21T15:38:36.758088,shrek3,of,275,True,9da86a20dc04,6.770440999389393,latency-e4aed2143e1a.csv
2,e4aed2143e1a,2025-10-21T15:38:36.873737,shrek,true,20,True,9da86a20dc04,8.590647999881185,latency-e4aed2143e1a.csv
2,e4aed2143e1a,2025-10-21T15:38:36.988460,grail,few,8,True,9da86a20dc04,6.081079000068712,latency-e4aed2143e1a.csv
2,e4aed2143e1a,2025-10-21T15:38:37.099790,shrek,the,535,True,9da86a20dc04,7.048969000607031,latency-e4aed2143e1a.csv
2,e4aed2143e1a,2025-10-21T15:38:37.213610,grail,Guard,106,True,9da86a20dc04,5.263661998469615,latency-e4aed2143e1a.csv
2,e4aed2143e1a,2025-10-21T15:38:37.325957,grail,elected,2,True,9da86a20dc04,5.587371000729036,latency-e4aed2143e1a.csv
2,e4aed2143e1a,2025-10-21T15:38:37.437649,grail,ANOTHER,25,True,9da86a20dc04,4.400186999191647,latency-e4aed2143e1a.csv
2,e4aed2143e1a,2025-10-21T15:38:37.551632,shrek3,Im,1,True,9da86a20dc04,13.240479998785304,latency-e4aed2143e1a.csv
2,e4aed2143e1a,2025-10-21T15:38:37.675679,shrek3,true,1,True,9da86a20dc04,12.701186000413143,latency-e4aed2143e1a.csv
2,e4aed2143e1a,2025-10-21T15:38:37.801976,shrek3,fall,6,True,9da86a20dc04,5.791568999484298,latency-e4aed2143e1a.csv
2,e4aed2143e1a,2025-10-21T15:38:37.919697,grail,I,298,True,9da86a20dc04,3.633510001236573,latency-e4aed2143e1a.csv
2,e4aed2143e1a,2025-10-21T15:38:38.028935,grail,19Prince,0,True,9da86a20dc04,2.286376999109052,latency-e4aed2143e1a.csv
1,e50ec4ae0360,2025-10-21T15:38:03.436386,shrek3,its,1,False,9da86a20dc04,41.41395499937062,latency-e50ec4ae0360.csv
1,e50ec4ae0360,2025-10-21T15:38:03.586852,shrek3,ruby,1,True,9da86a20dc04,12.673295999775291,latency-e50ec4ae0360.csv
1,e50ec4ae0360,2025-10-21T15:38:03.719004,shrek3,SCHOOL,14,False,9da86a20dc04,19.375281999600706,latency-e50ec4ae0360.csv
1,e50ec4ae0360,2025-10-21T15:38:03.863278,shrek,tale,7,False,9da86a20dc04,20.0744339999801,latency-e50ec4ae0360.csv
1,e50ec4ae0360,2025-10-21T15:38:04.009440,shrek,Aah,6,True,9da86a20dc04,5.551348998778849,latency-e50ec4ae0360.csv
1,e50ec4ae0360,2025-10-21T15:38:04.120211,shrek3,CHARMING,232,True,9da86a20dc04,4.870277000009082,latency-e50ec4ae0360.csv
1,e50ec4ae0360,2025-10-21T15:38:04.231763,grail,"Peng,",0,True,9da86a20dc04,7.976475999385002,latency-e50ec4ae0360.csv
1,e50ec4ae0360,2025-10-21T15:38:04.346138,shrek3,Ahh,8,True,9da86a20dc04,21.072174999062558,latency-e50ec4ae0360.csv
1,e50ec4ae0360,2025-10-21T15:38:04.482834,shrek,He,118,False,9da86a20dc04,8.105540999167715,latency-e50ec4ae0360.csv
1,e50ec4ae0360,2025-10-21T15:38:04.595112,shrek3,Third,121,True,9da86a20dc04,19.779131000177586,latency-e50ec4ae0360.csv
1,e50ec4ae0360,2025-10-21T15:38:04.728189,shrek3,ARTIE,213,True,9da86a20dc04,4.088940999281476,latency-e50ec4ae0360.csv
1,e50ec4ae0360,2025-10-21T15:38:04.851350,grail,Footnote,4,True,9da86a20dc04,11.879551000674835,latency-e50ec4ae0360.csv
1,e50ec4ae0360,2025-10-21T15:38:04.967981,shrek,FIONA,211,True,9da86a20dc04,4.118813998502446,latency-e50ec4ae0360.csv
1,e50ec4ae0360,2025-10-21T15:38:05.076660,shrek,DONKEY,320,True,9da86a20dc04,10.276450000674233,latency-e50ec4ae0360.csv
1,e50ec4ae0360,2025-10-21T15:38:05.191585,grail,-,259,False,9da86a20dc04,16.59141200070735,latency-e50ec4ae0360.csv
1,e50ec4ae0360,2025-10-21T15:38:05.316681,shrek,your,49,True,9da86a20dc04,5.8872850004263455,latency-e50ec4ae0360.csv
1,e50ec4ae0360,2025-10-21T15:38:05.432017,shrek3,OGRE,39,True,9da86a20dc04,2.815833999193273,latency-e50ec4ae0360.csv
1,e50ec4ae0360,2025-10-21T15:38:05.538936,grail,LANCELOT,59,True,9da86a20dc04,7.876056000895915,latency-e50ec4ae0360.csv
1,e50ec4ae0360,2025-10-21T15:38:05.651340,grail,BEDEVERE,103,False,9da86a20dc04,11.637305999101956,latency-e50ec4ae0360.csv
1,e50ec4ae0360,2025-10-21T15:38:05.766869,shrek3,Gingerbread,37,True,9da86a20dc04,12.1636160001799,latency-e50ec4ae0360.csv
2,e50ec4ae0360,2025-10-21T15:38:05.886914,shrek3,its,1,True,9da86a20dc04,30.290336999314604,latency-e50ec4ae0360.csv
2,e50ec4ae0360,2025-10-21T15:38:06.036778,shrek3,ruby,1,True,9da86a20dc04,3.099334999205894,latency-e50ec4ae0360.csv
2,e50ec4ae0360,2025-10-21T15:38:06.143766,shrek3,SCHOOL,14,True,9da86a20dc04,4.192401000182144,latency-e50ec4ae0360.csv
2,e50ec4ae0360,2025-10-21T15:38:06.252872,shrek,tale,7,True,9da86a20dc04,3.598823999709566,latency-e50ec4ae0360.csv
2,e50ec4ae0360,2025-10-21T15:38:06.360467,shrek,Aah,6,True,9da86a20dc04,11.825120000139576,latency-e50ec4ae0360.csv
2,e50ec4ae0360,2025-10-21T15:38:06.483184,shrek3,CHARMING,232,True,9da86a20dc04,5.344543000319391,latency-e50ec4ae0360.csv
2,e50ec4ae0360,2025-10-21T15:38:06.595219,grail,"Peng,",0,True,9da86a20dc04,3.9315089998126496,latency-e50ec4ae0360.csv
2,e50ec4ae0360,2025-10-21T15:38:06.711260,shrek3,Ahh,8,True,9da86a20dc04,6.684754000161775,latency-e50ec4ae0360.csv
2,e50ec4ae0360,2025-10-21T15:38:06.826858,shrek,He,118,True,9da86a20dc04,7.231043000501813,latency-e50ec4ae0360.csv
2,e50ec4ae0360,2025-10-21T15:38:06.941687,shrek3,Third,121,True,9da86a20dc04,3.42122900110553,latency-e50ec4ae0360.csv
2,e50ec4ae0360,2025-10-21T15:38:07.051125,shrek3,ARTIE,213,True,9da86a20dc04,3.274450000390061,latency-e50ec4ae0360.csv
2,e50ec4ae0360,2025-10-21T15:38:07.158423,grail,Footnote,4,True,9da86a20dc04,10.177824000493274,latency-e50ec4ae0360.csv
2,e50ec4ae0360,2025-10-21T15:38:07.277871,shrek,FIONA,211,True,9da86a20dc04,25.03140900080325,latency-e50ec4ae0360.csv
2,e50ec4ae0360,2025-10-21T15:38:07.429754,shrek,DONKEY,320,True,9da86a20dc04,3.2634590006637154,latency-e50ec4ae0360.csv
2,e50ec4ae0360,2025-10-21T15:38:07.537079,grail,-,259,True,9da86a20dc04,4.380091000712127,latency-e50ec4ae0360.csv
2,e50ec4ae0360,2025-10-21T15:38:07.645969,shrek,your,49,True,9da86a20dc04,3.257958000176586,latency-e50ec4ae0360.csv
2,e50ec4ae0360,2025-10-21T15:38:07.753208,shrek3,OGRE,39,True,9da86a20dc04,4.56731300073443,latency-e50ec4ae0360.csv
2,e50ec4ae0360,2025-10-21T15:38:07.862603,grail,LANCELOT,59,True,9da86a20dc04,5.848726001204341,latency-e50ec4ae0360.csv
2,e50ec4ae0360,2025-10-21T15:38:07.972920,grail,BEDEVERE,103,True,9da86a20dc04,3.124387998468592,latency-e50ec4ae0360.csv
2,e50ec4ae0360,2025-10-21T15:38:08.080315,shrek3,Gingerbread,37,True,9da86a20dc04,3.7198999998508953,latency-e50ec4ae0360.csv
1,e61fc3c4c998,2025-10-21T15:38:22.535162,shrek3,CAPTAIN,41,True,9da86a20dc04,3.518252000503708,latency-e61fc3c4c998.csv
1,e61fc3c4c998,2025-10-21T15:38:22.644054,shrek,and,318,True,9da86a20dc04,3.3186749988090014,latency-e61fc3c4c998.csv
1,e61fc3c4c998,2025-10-21T15:38:22.753512,shrek3,SHOUTING),0,True,9da86a20dc04,3.62946699897293,latency-e61fc3c4c998.csv
1,e61fc3c4c998,2025-10-21T15:38:22.860853,shrek3,boomerang,1,True,9da86a20dc04,3.325707999465521,latency-e61fc3c4c998.csv
1,e61fc3c4c998,2025-10-21T15:38:22.968216,grail,them,41,True,9da86a20dc04,5.017403000238119,latency-e61fc3c4c998.csv
1,e61fc3c4c998,2025-10-21T15:38:23.077881,shrek3,the,1285,True,9da86a20dc04,3.2106900016515283,latency-e61fc3c4c998.csv
1,e61fc3c4c998,2025-10-21T15:38:23.185141,shrek,Is,132,True,9da86a20dc04,4.5972219995746855,latency-e61fc3c4c998.csv
1,e61fc3c4c998,2025-10-21T15:38:23.294001,shrek,the,535,True,9da86a20dc04,3.826709998975275,latency-e61fc3c4c998.csv
1,e61fc3c4c998,2025-10-21T15:38:23.401697,shrek,field,4,True,9da86a20dc04,3.873199000736349,latency-e61fc3c4c998.csv
1,e61fc3c4c998,2025-10-21T15:38:23.509810,grail,pseudonym,1,True,9da86a20dc04,3.054335000342689,latency-e61fc3c4c998.csv
1,e61fc3c4c998,2025-10-21T15:38:23.617032,shrek3,did,14,True,9da86a20dc04,3.460614001596696,latency-e61fc3c4c998.csv
1,e61fc3c4c998,2025-10-21T15:38:23.723725,shrek,at,62,True,9da86a20dc04,12.411650999638368,latency-e61fc3c4c998.csv
1,e61fc3c4c998,2025-10-21T15:38:23.847458,grail,Ecky-Ecky-Ecky,1,True,9da86a20dc04,8.245451001130277,latency-e61fc3c4c998.csv
1,e61fc3c4c998,2025-10-21T15:38:23.962523,shrek,HOOD,13,True,9da86a20dc04,5.177824001293629,latency-e61fc3c4c998.csv
1,e61fc3c4c998,2025-10-21T15:38:24.074536,grail,Launcelot,107,True,9da86a20dc04,6.297826999798417,latency-e61fc3c4c998.csv
1,e61fc3c4c998,2025-10-21T15:38:24.187580,grail,Boom,4,True,9da86a20dc04,8.238255000833306,latency-e61fc3c4c998.csv
1,e61fc3c4c998,2025-10-21T15:38:24.304092,grail,of,684,True,9da86a20dc04,6.051520998880733,latency-e61fc3c4c998.csv
1,e61fc3c4c998,2025-10-21T15:38:24.417460,shrek3,Be,71,True,9da86a20dc04,6.792655000026571,latency-e61fc3c4c998.csv
1,e61fc3c4c998,2025-10-21T15:38:24.529921,shrek,I,386,True,9da86a20dc04,4.9260569994658,latency-e61fc3c4c998.csv
1,e61fc3c4c998,2025-10-21T15:38:24.638838,shrek,CROWD,5,True,9da86a20dc04,3.344672999446629,latency-e61fc3c4c998.csv
2,e61fc3c4c998,2025-10-21T15:38:24.745683,shrek3,CAPTAIN,41,True,9da86a20dc04,3.0996960012998898,latency-e61fc3c4c998.csv
2,e61fc3c4c998,2025-10-21T15:38:24.852264,shrek,and,318,True,9da86a20dc04,5.346358000679174,latency-e61fc3c4c998.csv
2,e61fc3c4c998,2025-10-21T15:38:24.962270,shrek3,SHOUTING),0,True,9da86a20dc04,5.69348200042441,latency-e61fc3c4c998.csv
2,e61fc3c4c998,2025-10-21T15:38:25.073118,shrek3,boomerang,1,True,9da86a20dc04,3.565601999071077,latency-e61fc3c4c998.csv
2,e61fc3c4c998,2025-10-21T15:38:25.180081,grail,them,41,True,9da86a20dc04,4.854927999986103,latency-e61fc3c4c998.csv
2,e61fc3c4c998,2025-10-21T15:38:25.290164,shrek3,the,1285,True,9da86a20dc04,3.780754999752389,latency-e61fc3c4c998.csv
2,e61fc3c4c998,2025-10-21T15:38:25.400357,shrek,Is,132,True,9da86a20dc04,4.778624999744352,latency-e61fc3c4c998.csv
2,e61fc3c4c998,2025-10-21T15:38:25.514833,shrek,the,535,True,9da86a20dc04,4.17193000066618,latency-e61fc3c4c998.csv
2,e61fc3c4c998,2025-10-21T15:38:25.622792,shrek,field,4,True,9da86a20dc04,5.156269999133656,latency-e61fc3c4c998.csv
2,e61fc3c4c998,2025-10-21T15:38:25.733659,grail,pseudonym,1,True,9da86a20dc04,2.867898001568392,latency-e61fc3c4c998.csv
2,e61fc3c4c998,2025-10-21T15:38:25.840727,shrek3,did,14,True,9da86a20dc04,3.111170000920538,latency-e61fc3c4c998.csv
2,e61fc3c4c998,2025-10-21T15:38:25.950214,shrek,at,62,True,9da86a20dc04,4.259659001036198,latency-e61fc3c4c998.csv
2,e61fc3c4c998,2025-10-21T15:38:26.059731,grail,Ecky-Ecky-Ecky,1,True,9da86a20dc04,6.438864000301692,latency-e61fc3c4c998.csv
2,e61fc3c4c998,2025-10-21T15:38:26.173492,shrek,HOOD,13,True,9da86a20dc04,3.5183399995730724,latency-e61fc3c4c998.csv
2,e61fc3c4c998,2025-10-21T15:38:26.280682,grail,Launcelot,107,True,9da86a20dc04,4.866135999691323,latency-e61fc3c4c998.csv
2,e61fc3c4c998,2025-10-21T15:38:26.389519,grail,Boom,4,True,9da86a20dc04,3.497710998999537,latency-e61fc3c4c998.csv
2,e61fc3c4c998,2025-10-21T15:38:26.497148,grail,of,684,True,9da86a20dc04,4.006640998341027,latency-e61fc3c4c998.csv
2,e61fc3c4c998,2025-10-21T15:38:26.605886,shrek3,Be,71,True,9da86a20dc04,3.3662139994703466,latency-e61fc3c4c998.csv
2,e61fc3c4c998,2025-10-21T15:38:26.712670,shrek,I,386,True,9da86a20dc04,3.9065979999577394,latency-e61fc3c4c998.csv
2,e61fc3c4c998,2025-10-21T15:38:26.821698,shrek,CROWD,5,True,9da86a20dc04,4.188771001281566,latency-e61fc3c4c998.csv
1,e87337a5e2df,2025-10-21T15:38:01.611882,grail,54,2,True,9da86a20dc04,14.982040998802404,latency-e87337a5e2df.csv
1,e87337a5e2df,2025-10-21T15:38:01.735198,grail,about,49,True,9da86a20dc04,21.382528999311035,latency-e87337a5e2df.csv
1,e87337a5e2df,2025-10-21T15:38:01.885960,grail,Cleveland,3,True,9da86a20dc04,5.796325000119396,latency-e87337a5e2df.csv
1,e87337a5e2df,2025-10-21T15:38:02.011364,shrek,And,318,True,9da86a20dc04,11.18505699923844,latency-e87337a5e2df.csv
1,e87337a5e2df,2025-10-21T15:38:02.126896,shrek3,the,1285,True,9da86a20dc04,46.32889300046372,latency-e87337a5e2df.csv
1,e87337a5e2df,2025-10-21T15:38:02.296058,shrek3,and,576,False,9da86a20dc04,67.95977399997355,latency-e87337a5e2df.csv
1,e87337a5e2df,2025-10-21T15:38:02.483009,shrek,FIONA,211,True,9da86a20dc04,8.24656400072854,latency-e87337a5e2df.csv
1,e87337a5e2df,2025-10-21T15:38:02.600709,shrek,I,386,True,9da86a20dc04,49.21603500042693,latency-e87337a5e2df.csv
1,e87337a5e2df,2025-10-21T15:38:02.795579,shrek3,CHARMING,232,True,9da86a20dc04,8.328846000949852,latency-e87337a5e2df.csv
1,e87337a5e2df,2025-10-21T15:38:02.912905,shrek,DONKEY,320,True,9da86a20dc04,36.8856950008194,latency-e87337a5e2df.csv
1,e87337a5e2df,2025-10-21T15:38:03.070825,grail,Yeah,13,True,9da86a20dc04,30.803601001025527,latency-e87337a5e2df.csv
1,e87337a5e2df,2025-10-21T15:38:03.225343,shrek,will,16,False,9da86a20dc04,54.71287799991842,latency-e87337a5e2df.csv
1,e87337a5e2df,2025-10-21T15:38:03.392902,shrek,token,1,True,9da86a20dc04,37.09699699902558,latency-e87337a5e2df.csv
1,e87337a5e2df,2025-10-21T15:38:03.558201,shrek,at,62,False,9da86a20dc04,13.770584999292623,latency-e87337a5e2df.csv
1,e87337a5e2df,2025-10-21T15:38:03.679087,shrek3,Whoa,7,False,9da86a20dc04,11.798387000453658,latency-e87337a5e2df.csv
1,e87337a5e2df,2025-10-21T15:38:03.815821,grail,witch,30,False,9da86a20dc04,13.325160000022152,latency-e87337a5e2df.csv
1,e87337a5e2df,2025-10-21T15:38:03.952673,grail,Yeah,13,True,9da86a20dc04,3.4325920005358057,latency-e87337a5e2df.csv
1,e87337a5e2df,2025-10-21T15:38:04.062403,shrek,this,79,True,9da86a20dc04,20.078229001228465,latency-e87337a5e2df.csv
1,e87337a5e2df,2025-10-21T15:38:04.192458,grail,upon,13,True,9da86a20dc04,11.37411000127031,latency-e87337a5e2df.csv
1,e87337a5e2df,2025-10-21T15:38:04.322366,shrek3,his,238,False,9da86a20dc04,12.997290999919642,latency-e87337a5e2df.csv
2,e87337a5e2df,2025-10-21T15:38:04.453718,grail,54,2,True,9da86a20dc04,3.872385001159273,latency-e87337a5e2df.csv
2,e87337a5e2df,2025-10-21T15:38:04.562217,grail,about,49,True,9da86a20dc04,4.557084001135081,latency-e87337a5e2df.csv
2,e87337a5e2df,2025-10-21T15:38:04.671313,grail,Cleveland,3,True,9da86a20dc04,4.006219000075362,latency-e87337a5e2df.csv
2,e87337a5e2df,2025-10-21T15:38:04.779498,shrek,And,318,True,9da86a20dc04,25.21202999923844,latency-e87337a5e2df.csv
2,e87337a5e2df,2025-10-21T15:38:04.918494,shrek3,the,1285,True,9da86a20dc04,12.261277001016424,latency-e87337a5e2df.csv
2,e87337a5e2df,2025-10-21T15:38:05.036494,shrek3,and,576,True,9da86a20dc04,8.512200000041048,latency-e87337a5e2df.csv
2,e87337a5e2df,2025-10-21T15:38:05.152829,shrek,FIONA,211,True,9da86a20dc04,12.088269000742002,latency-e87337a5e2df.csv
2,e87337a5e2df,2025-10-21T15:38:05.269892,shrek,I,386,True,9da86a20dc04,8.35925199862686,latency-e87337a5e2df.csv
2,e87337a5e2df,2025-10-21T15:38:05.386364,shrek3,CHARMING,232,True,9da86a20dc04,4.932747999191633,latency-e87337a5e2df.csv
2,e87337a5e2df,2025-10-21T15:38:05.495584,shrek,DONKEY,320,True,9da86a20dc04,6.961451001188834,latency-e87337a5e2df.csv
2,e87337a5e2df,2025-10-21T15:38:05.608895,grail,Yeah,13,True,9da86a20dc04,8.708601000762428,latency-e87337a5e2df.csv
2,e87337a5e2df,2025-10-21T15:38:05.735775,shrek,will,16,True,9da86a20dc04,3.1787869993422646,latency-e87337a5e2df.csv
2,e87337a5e2df,2025-10-21T15:38:05.842832,shrek,token,1,True,9da86a20dc04,15.077827001732658,latency-e87337a5e2df.csv
2,e87337a5e2df,2025-10-21T15:38:05.965416,shrek,at,62,True,9da86a20dc04,19.559530999686103,latency-e87337a5e2df.csv
2,e87337a5e2df,2025-10-21T15:38:06.089702,shrek3,Whoa,7,True,9da86a20dc04,12.861401999543888,latency-e87337a5e2df.csv
2,e87337a5e2df,2025-10-21T15:38:06.211040,grail,witch,30,True,9da86a20dc04,15.079198999956134,latency-e87337a5e2df.csv
2,e87337a5e2df,2025-10-21T15:38:06.339015,grail,Yeah,13,True,9da86a20dc04,18.184799000664498,latency-e87337a5e2df.csv
2,e87337a5e2df,2025-10-21T15:38:06.471632,shrek,this,79,True,9da86a20dc04,2.8844230000686366,latency-e87337a5e2df.csv
2,e87337a5e2df,2025-10-21T15:38:06.577240,grail,upon,13,True,9da86a20dc04,3.117289999863715,latency-e87337a5e2df.csv
2,e87337a5e2df,2025-10-21T15:38:06.684599,shrek3,his,238,True,9da86a20dc04,5.01209800131619,latency-e87337a5e2df.csv
1,e88a1d255e54,2025-10-21T15:38:12.144682,shrek3,PUSS,196,True,9da86a20dc04,5.186991000300623,latency-e88a1d255e54.csv
1,e88a1d255e54,2025-10-21T15:38:12.255166,shrek3,PRINCE,207,True,9da86a20dc04,3.89854900095088,latency-e88a1d255e54.csv
1,e88a1d255e54,2025-10-21T15:38:12.364747,shrek3,116,1,False,9da86a20dc04,15.92751399948611,latency-e88a1d255e54.csv
1,e88a1d255e54,2025-10-21T15:38:12.488664,shrek3,Donkey,243,True,9da86a20dc04,8.825426000839798,latency-e88a1d255e54.csv
1,e88a1d255e54,2025-10-21T15:38:12.603798,shrek3,ruby,1,True,9da86a20dc04,19.18343599936634,latency-e88a1d255e54.csv
1,e88a1d255e54,2025-10-21T15:38:12.727260,grail,Tm,5,True,9da86a20dc04,6.405807000191999,latency-e88a1d255e54.csv
1,e88a1d255e54,2025-10-21T15:38:12.837679,shrek3,dat,1,True,9da86a20dc04,34.424487999785924,latency-e88a1d255e54.csv
1,e88a1d255e54,2025-10-21T15:38:12.980693,grail,Get,47,True,9da86a20dc04,8.6216500003502,latency-e88a1d255e54.csv
1,e88a1d255e54,2025-10-21T15:38:13.096603,grail,Eolio,2,True,9da86a20dc04,9.643643999879714,latency-e88a1d255e54.csv
1,e88a1d255e54,2025-10-21T15:38:13.215231,shrek,to,268,True,9da86a20dc04,2.643892999913078,latency-e88a1d255e54.csv
1,e88a1d255e54,2025-10-21T15:38:13.324249,grail,54,2,True,9da86a20dc04,7.23846999972011,latency-e88a1d255e54.csv
1,e88a1d255e54,2025-10-21T15:38:13.439627,grail,TV,2,True,9da86a20dc04,16.58024199969077,latency-e88a1d255e54.csv
1,e88a1d255e54,2025-10-21T15:38:13.570299,shrek,who,29,False,9da86a20dc04,16.720954999982496,latency-e88a1d255e54.csv
1,e88a1d255e54,2025-10-21T15:38:13.694124,shrek,its,1,True,9da86a20dc04,10.06097800018324,latency-e88a1d255e54.csv
1,e88a1d255e54,2025-10-21T15:38:13.810935,shrek3,Shrek,678,True,9da86a20dc04,4.927799000142841,latency-e88a1d255e54.csv
1,e88a1d255e54,2025-10-21T15:38:13.920321,shrek3,us,12,True,9da86a20dc04,3.42414900114818,latency-e88a1d255e54.csv
1,e88a1d255e54,2025-10-21T15:38:14.027024,shrek,rising,1,True,9da86a20dc04,3.4204260009573773,latency-e88a1d255e54.csv
1,e88a1d255e54,2025-10-21T15:38:14.134555,grail,Auuuuuuuugh,2,True,9da86a20dc04,4.344696000771364,latency-e88a1d255e54.csv
1,e88a1d255e54,2025-10-21T15:38:14.243254,grail,the,1600,True,9da86a20dc04,12.303408000661875,latency-e88a1d255e54.csv
1,e88a1d255e54,2025-10-21T15:38:14.376541,grail,THREE-HEADED,8,True,9da86a20dc04,2.5749789983819937,latency-e88a1d255e54.csv
2,e88a1d255e54,2025-10-21T15:38:14.482700,shrek3,PUSS,196,True,9da86a20dc04,3.0914390008547343,latency-e88a1d255e54.csv
2,e88a1d255e54,2025-10-21T15:38:14.589247,shrek3,PRINCE,207,True,9da86a20dc04,3.997321999122505,latency-e88a1d255e54.csv
2,e88a1d255e54,2025-10-21T15:38:14.697253,shrek3,116,1,True,9da86a20dc04,2.823417000399786,latency-e88a1d255e54.csv
2,e88a1d255e54,2025-10-21T15:38:14.803836,shrek3,Donkey,243,True,9da86a20dc04,3.6663730006694095,latency-e88a1d255e54.csv
2,e88a1d255e54,2025-10-21T15:38:14.910971,shrek3,ruby,1,True,9da86a20dc04,2.8583140010596253,latency-e88a1d255e54.csv
2,e88a1d255e54,2025-10-21T15:38:15.016982,grail,Tm,5,True,9da86a20dc04,10.469546999956949,latency-e88a1d255e54.csv
2,e88a1d255e54,2025-10-21T15:38:15.131133,shrek3,dat,1,True,9da86a20dc04,9.900040000502486,latency-e88a1d255e54.csv
2,e88a1d255e54,2025-10-21T15:38:15.244839,grail,Get,47,True,9da86a20dc04,8.064081999691552,latency-e88a1d255e54.csv
2,e88a1d255e54,2025-10-21T15:38:15.357051,grail,Eolio,2,True,9da86a20dc04,15.81341400014935,latency-e88a1d255e54.csv
2,e88a1d255e54,2025-10-21T15:38:15.480096,shrek,to,268,True,9da86a20dc04,4.090966998774093,latency-e88a1d255e54.csv
2,e88a1d255e54,2025-10-21T15:38:15.588929,grail,54,2,True,9da86a20dc04,20.12819899937313,latency-e88a1d255e54.csv
2,e88a1d255e54,2025-10-21T15:38:15.719561,grail,TV,2,True,9da86a20dc04,7.329267000386608,latency-e88a1d255e54.csv
2,e88a1d255e54,2025-10-21T15:38:15.834505,shrek,who,29,True,9da86a20dc04,7.62057000065397,latency-e88a1d255e54.csv
2,e88a1d255e54,2025-10-21T15:38:15.949001,shrek,its,1,True,9da86a20dc04,9.21925000147894,latency-e88a1d255e54.csv
2,e88a1d255e54,2025-10-21T15:38:16.063663,shrek3,Shrek,678,True,9da86a20dc04,6.716023999615572,latency-e88a1d255e54.csv
2,e88a1d255e54,2025-10-21T15:38:16.182659,shrek3,us,12,True,9da86a20dc04,10.527335000006133,latency-e88a1d255e54.csv
2,e88a1d255e54,2025-10-21T15:38:16.310930,shrek,rising,1,True,9da86a20dc04,4.622905000360333,latency-e88a1d255e54.csv
2,e88a1d255e54,2025-10-21T15:38:16.423091,grail,Auuuuuuuugh,2,True,9da86a20dc04,3.736543998456909,latency-e88a1d255e54.csv
2,e88a1d255e54,2025-10-21T15:38:16.530853,grail,the,1600,True,9da86a20dc04,2.474299999448704,latency-e88a1d255e54.csv
2,e88a1d255e54,2025-10-21T15:38:16.637201,grail,THREE-HEADED,8,True,9da86a20dc04,5.213321999690379,latency-e88a1d255e54.csv
1,e974f6ef848a,2025-10-21T15:38:10.552080,grail,CALLS,3,True,9da86a20dc04,15.011686000434564,latency-e974f6ef848a.csv
1,e974f6ef848a,2025-10-21T15:38:10.675575,shrek3,Gingerbread,37,True,9da86a20dc04,16.62382199901913,latency-e974f6ef848a.csv
1,e974f6ef848a,2025-10-21T15:38:10.803940,shrek,SHREK,433,True,9da86a20dc04,4.166291000728961,latency-e974f6ef848a.csv
1,e974f6ef848a,2025-10-21T15:38:10.917475,shrek,I,386,True,9da86a20dc04,2.458705999742961,latency-e974f6ef848a.csv
1,e974f6ef848a,2025-10-21T15:38:11.025636,shrek,DONKEY,320,True,9da86a20dc04,4.25024600008328,latency-e974f6ef848a.csv
1,e974f6ef848a,2025-10-21T15:38:11.138136,shrek,FARQUAAD,84,True,9da86a20dc04,3.632903999459813,latency-e974f6ef848a.csv
1,e974f6ef848a,2025-10-21T15:38:11.245787,grail,them,41,True,9da86a20dc04,2.6195360005658586,latency-e974f6ef848a.csv
1,e974f6ef848a,2025-10-21T15:38:11.351695,shrek,old,10,True,9da86a20dc04,2.3586499992234167,latency-e974f6ef848a.csv
1,e974f6ef848a,2025-10-21T15:38:11.457060,shrek,its,1,True,9da86a20dc04,2.942113000244717,latency-e974f6ef848a.csv
1,e974f6ef848a,2025-10-21T15:38:11.564807,grail,grabbing,5,True,9da86a20dc04,3.868940999382176,latency-e974f6ef848a.csv
1,e974f6ef848a,2025-10-21T15:38:11.672878,shrek,Shrek,433,True,9da86a20dc04,2.8750919991580304,latency-e974f6ef848a.csv
1,e974f6ef848a,2025-10-21T15:38:11.779124,shrek3,WOLF,7,True,9da86a20dc04,2.515203999791993,latency-e974f6ef848a.csv
1,e974f6ef848a,2025-10-21T15:38:11.884593,shrek3,Donkey,243,True,9da86a20dc04,3.1930210006976267,latency-e974f6ef848a.csv
1,e974f6ef848a,2025-10-21T15:38:11.992612,shrek3,"Bay""",0,False,9da86a20dc04,12.223613000969635,latency-e974f6ef848a.csv
1,e974f6ef848a,2025-10-21T15:38:12.109615,shrek3,DWARF,10,True,9da86a20dc04,3.1590340004186146,latency-e974f6ef848a.csv
1,e974f6ef848a,2025-10-21T15:38:12.216414,grail,the,1600,True,9da86a20dc04,2.403505000984296,latency-e974f6ef848a.csv
1,e974f6ef848a,2025-10-21T15:38:12.322170,grail,and,722,True,9da86a20dc04,3.553585000190651,latency-e974f6ef848a.csv
1,e974f6ef848a,2025-10-21T15:38:12.429694,grail,Jones,7,True,9da86a20dc04,2.6736599993455457,latency-e974f6ef848a.csv
1,e974f6ef848a,2025-10-21T15:38:12.538971,shrek,He,118,True,9da86a20dc04,37.27066899955389,latency-e974f6ef848a.csv
1,e974f6ef848a,2025-10-21T15:38:12.709410,grail,GALAHAD,87,True,9da86a20dc04,2.8321039990260037,latency-e974f6ef848a.csv
2,e974f6ef848a,2025-10-21T15:38:12.817036,grail,CALLS,3,True,9da86a20dc04,25.906693999786512,latency-e974f6ef848a.csv
2,e974f6ef848a,2025-10-21T15:38:12.962883,shrek3,Gingerbread,37,True,9da86a20dc04,2.69526199917891,latency-e974f6ef848a.csv
2,e974f6ef848a,2025-10-21T15:38:13.068945,shrek,SHREK,433,True,9da86a20dc04,4.288004000045476,latency-e974f6ef848a.csv
2,e974f6ef848a,2025-10-21T15:38:13.179013,shrek,I,386,True,9da86a20dc04,7.425206000334583,latency-e974f6ef848a.csv
2,e974f6ef848a,2025-10-21T15:38:13.292322,shrek,DONKEY,320,True,9da86a20dc04,5.158404001122108,latency-e974f6ef848a.csv
2,e974f6ef848a,2025-10-21T15:38:13.406352,shrek,FARQUAAD,84,True,9da86a20dc04,3.89994699980889,latency-e974f6ef848a.csv
2,e974f6ef848a,2025-10-21T15:38:13.514439,grail,them,41,True,9da86a20dc04,3.1958060008037137,latency-e974f6ef848a.csv
2,e974f6ef848a,2025-10-21T15:38:13.621315,shrek,old,10,True,9da86a20dc04,2.876956999898539,latency-e974f6ef848a.csv
2,e974f6ef848a,2025-10-21T15:38:13.727654,shrek,its,1,True,9da86a20dc04,3.131461000521085,latency-e974f6ef848a.csv
2,e974f6ef848a,2025-10-21T15:38:13.834156,grail,grabbing,5,True,9da86a20dc04,3.45241400100349,latency-e974f6ef848a.csv
2,e974f6ef848a,2025-10-21T15:38:13.941228,shrek,Shrek,433,True,9da86a20dc04,2.764171998933307,latency-e974f6ef848a.csv
2,e974f6ef848a,2025-10-21T15:38:14.047302,shrek3,WOLF,7,True,9da86a20dc04,2.3780020001140656,latency-e974f6ef848a.csv
2,e974f6ef848a,2025-10-21T15:38:14.153228,shrek3,Donkey,243,True,9da86a20dc04,6.366225999954622,latency-e974f6ef848a.csv
2,e974f6ef848a,2025-10-21T15:38:14.264253,shrek3,"Bay""",0,True,9da86a20dc04,15.36008299990499,latency-e974f6ef848a.csv
2,e974f6ef848a,2025-10-21T15:38:14.386229,shrek3,DWARF,10,True,9da86a20dc04,3.1626700001652357,latency-e974f6ef848a.csv
2,e974f6ef848a,2025-10-21T15:38:14.494614,grail,the,1600,True,9da86a20dc04,4.810290000023088,latency-e974f6ef848a.csv
2,e974f6ef848a,2025-10-21T15:38:14.605000,grail,and,722,True,9da86a20dc04,5.858283000634401,latency-e974f6ef848a.csv
2,e974f6ef848a,2025-10-21T15:38:14.717055,grail,Jones,7,True,9da86a20dc04,5.41621199954534,latency-e974f6ef848a.csv
2,e974f6ef848a,2025-10-21T15:38:14.829141,shrek,He,118,True,9da86a20dc04,2.960779998829821,latency-e974f6ef848a.csv
2,e974f6ef848a,2025-10-21T15:38:14.935807,grail,GALAHAD,87,True,9da86a20dc04,4.085222000867361,latency-e974f6ef848a.csv
1,ec183cd7b4a3,2025-10-21T15:38:17.199992,shrek3,did,14,True,9da86a20dc04,2.897346999816364,latency-ec183cd7b4a3.csv
1,ec183cd7b4a3,2025-10-21T15:38:17.306507,shrek,What,104,True,9da86a20dc04,9.291690999816636,latency-ec183cd7b4a3.csv
1,ec183cd7b4a3,2025-10-21T15:38:17.432433,shrek,And,318,True,9da86a20dc04,10.17279799998505,latency-ec183cd7b4a3.csv
1,ec183cd7b4a3,2025-10-21T15:38:17.552272,shrek3,at,134,True,9da86a20dc04,6.538387000546209,latency-ec183cd7b4a3.csv
1,ec183cd7b4a3,2025-10-21T15:38:17.665209,shrek3,the,1285,True,9da86a20dc04,6.541602999277529,latency-ec183cd7b4a3.csv
1,ec183cd7b4a3,2025-10-21T15:38:17.779500,grail,Yeah,13,True,9da86a20dc04,5.589618000158225,latency-ec183cd7b4a3.csv
1,ec183cd7b4a3,2025-10-21T15:38:17.894490,grail,BEDEVERE,103,True,9da86a20dc04,4.512462001002859,latency-ec183cd7b4a3.csv
1,ec183cd7b4a3,2025-10-21T15:38:18.007639,shrek3,ARTIE,213,True,9da86a20dc04,8.17539999843575,latency-ec183cd7b4a3.csv
1,ec183cd7b4a3,2025-10-21T15:38:18.126242,shrek,edge,2,True,9da86a20dc04,6.655977998889284,latency-ec183cd7b4a3.csv
1,ec183cd7b4a3,2025-10-21T15:38:18.240512,shrek3,DWARF,10,True,9da86a20dc04,4.781993999131373,latency-ec183cd7b4a3.csv
1,ec183cd7b4a3,2025-10-21T15:38:18.351151,grail,and,722,True,9da86a20dc04,5.248912000752171,latency-ec183cd7b4a3.csv
1,ec183cd7b4a3,2025-10-21T15:38:18.461559,shrek3,toward,14,True,9da86a20dc04,7.912241999292746,latency-ec183cd7b4a3.csv
1,ec183cd7b4a3,2025-10-21T15:38:18.577044,shrek,baby,3,True,9da86a20dc04,4.692226999395643,latency-ec183cd7b4a3.csv
1,ec183cd7b4a3,2025-10-21T15:38:18.687898,shrek3,CAPTAIN,41,True,9da86a20dc04,4.428047999681439,latency-ec183cd7b4a3.csv
1,ec183cd7b4a3,2025-10-21T15:38:18.798732,shrek,on,88,True,9da86a20dc04,4.070422999575385,latency-ec183cd7b4a3.csv
1,ec183cd7b4a3,2025-10-21T15:38:18.908043,shrek,HOOD,13,True,9da86a20dc04,4.3081609983346425,latency-ec183cd7b4a3.csv
1,ec183cd7b4a3,2025-10-21T15:38:19.016033,grail,about,49,True,9da86a20dc04,2.746488000411773,latency-ec183cd7b4a3.csv
1,ec183cd7b4a3,2025-10-21T15:38:19.122274,shrek3,to,511,True,9da86a20dc04,3.1324120009230683,latency-ec183cd7b4a3.csv
1,ec183cd7b4a3,2025-10-21T15:38:19.228780,shrek,Aah,6,True,9da86a20dc04,4.427145000590826,latency-ec183cd7b4a3.csv
1,ec183cd7b4a3,2025-10-21T15:38:19.337235,grail,THREE-HEADED,8,True,9da86a20dc04,3.497991998301586,latency-ec183cd7b4a3.csv
2,ec183cd7b4a3,2025-10-21T15:38:19.444357,shrek3,did,14,True,9da86a20dc04,4.039968000142835,latency-ec183cd7b4a3.csv
2,ec183cd7b4a3,2025-10-21T15:38:19.551864,shrek,What,104,True,9da86a20dc04,5.050196001320728,latency-ec183cd7b4a3.csv
2,ec183cd7b4a3,2025-10-21T15:38:19.661760,shrek,And,318,True,9da86a20dc04,3.0076190014369786,latency-ec183cd7b4a3.csv
2,ec183cd7b4a3,2025-10-21T15:38:19.768230,shrek3,at,134,True,9da86a20dc04,4.285596000045189,latency-ec183cd7b4a3.csv
2,ec183cd7b4a3,2025-10-21T15:38:19.875677,shrek3,the,1285,True,9da86a20dc04,6.644412000241573,latency-ec183cd7b4a3.csv
2,ec183cd7b4a3,2025-10-21T15:38:19.989386,grail,Yeah,13,True,9da86a20dc04,3.741405000255327,latency-ec183cd7b4a3.csv
2,ec183cd7b4a3,2025-10-21T15:38:20.096680,grail,BEDEVERE,103,True,9da86a20dc04,2.759233000688255,latency-ec183cd7b4a3.csv
2,ec183cd7b4a3,2025-10-21T15:38:20.202243,shrek3,ARTIE,213,True,9da86a20dc04,2.9422640000120737,latency-ec183cd7b4a3.csv
2,ec183cd7b4a3,2025-10-21T15:38:20.308512,shrek,edge,2,True,9da86a20dc04,6.746720999217359,latency-ec183cd7b4a3.csv
2,ec183cd7b4a3,2025-10-21T15:38:20.419227,shrek3,DWARF,10,True,9da86a20dc04,2.849092001270037,latency-ec183cd7b4a3.csv
2,ec183cd7b4a3,2025-10-21T15:38:20.524937,grail,and,722,True,9da86a20dc04,3.743139999642153,latency-ec183cd7b4a3.csv
2,ec183cd7b4a3,2025-10-21T15:38:20.633514,shrek3,toward,14,True,9da86a20dc04,3.653275000033318,latency-ec183cd7b4a3.csv
2,ec183cd7b4a3,2025-10-21T15:38:20.742874,shrek,baby,3,True,9da86a20dc04,3.853277999951388,latency-ec183cd7b4a3.csv
2,ec183cd7b4a3,2025-10-21T15:38:20.850989,shrek3,CAPTAIN,41,True,9da86a20dc04,3.894430999935139,latency-ec183cd7b4a3.csv
2,ec183cd7b4a3,2025-10-21T15:38:20.959460,shrek,on,88,True,9da86a20dc04,9.916934999637306,latency-ec183cd7b4a3.csv
2,ec183cd7b4a3,2025-10-21T15:38:21.074350,shrek,HOOD,13,True,9da86a20dc04,13.73170199985907,latency-ec183cd7b4a3.csv
2,ec183cd7b4a3,2025-10-21T15:38:21.199004,grail,about,49,True,9da86a20dc04,3.568820999134914,latency-ec183cd7b4a3.csv
2,ec183cd7b4a3,2025-10-21T15:38:21.306569,shrek3,to,511,True,9da86a20dc04,2.086820999465999,latency-ec183cd7b4a3.csv
2,ec183cd7b4a3,2025-10-21T15:38:21.411983,shrek,Aah,6,True,9da86a20dc04,2.578375999291893,latency-ec183cd7b4a3.csv
2,ec183cd7b4a3,2025-10-21T15:38:21.518114,grail,THREE-HEADED,8,True,9da86a20dc04,4.059903001689236,latency-ec183cd7b4a3.csv
1,ee5665d77bdc,2025-10-21T15:38:12.550190,shrek3,SHREK,678,True,9da86a20dc04,53.300401001251885,latency-ee5665d77bdc.csv
1,ee5665d77bdc,2025-10-21T15:38:12.717690,grail,with/,0,True,9da86a20dc04,2.421840001261444,latency-ee5665d77bdc.csv
1,ee5665d77bdc,2025-10-21T15:38:12.824663,shrek3,get,39,True,9da86a20dc04,21.1160730013944,latency-ee5665d77bdc.csv
1,ee5665d77bdc,2025-10-21T15:38:12.970183,shrek,edge,2,True,9da86a20dc04,3.0471810005110456,latency-ee5665d77bdc.csv
1,ee5665d77bdc,2025-10-21T15:38:13.077208,grail,upon,13,True,9da86a20dc04,4.395996000312152,latency-ee5665d77bdc.csv
1,ee5665d77bdc,2025-10-21T15:38:13.186828,shrek3,"Bay""",0,True,9da86a20dc04,5.970452999463305,latency-ee5665d77bdc.csv
1,ee5665d77bdc,2025-10-21T15:38:13.297141,grail,them,41,True,9da86a20dc04,9.745471999849542,latency-ee5665d77bdc.csv
1,ee5665d77bdc,2025-10-21T15:38:13.413092,shrek,Is,132,True,9da86a20dc04,4.556326999590965,latency-ee5665d77bdc.csv
1,ee5665d77bdc,2025-10-21T15:38:13.522463,shrek3,youre,0,False,9da86a20dc04,13.818670000546264,latency-ee5665d77bdc.csv
1,ee5665d77bdc,2025-10-21T15:38:13.640508,grail,pseudonym,1,True,9da86a20dc04,2.938814999652095,latency-ee5665d77bdc.csv
1,ee5665d77bdc,2025-10-21T15:38:13.748501,grail,(as,0,True,9da86a20dc04,3.291824999905657,latency-ee5665d77bdc.csv
1,ee5665d77bdc,2025-10-21T15:38:13.857729,shrek3,SHREK,678,True,9da86a20dc04,3.14006599910499,latency-ee5665d77bdc.csv
1,ee5665d77bdc,2025-10-21T15:38:13.966221,shrek3,ruby,1,True,9da86a20dc04,2.5594279995857505,latency-ee5665d77bdc.csv
1,ee5665d77bdc,2025-10-21T15:38:14.072146,shrek3,you,328,True,9da86a20dc04,3.1827299990254687,latency-ee5665d77bdc.csv
1,ee5665d77bdc,2025-10-21T15:38:14.179247,shrek,our,11,True,9da86a20dc04,4.566461000649724,latency-ee5665d77bdc.csv
1,ee5665d77bdc,2025-10-21T15:38:14.292376,shrek,Shrek,433,True,9da86a20dc04,7.761603999824729,latency-ee5665d77bdc.csv
1,ee5665d77bdc,2025-10-21T15:38:14.405516,shrek3,did,14,True,9da86a20dc04,2.6926669997919817,latency-ee5665d77bdc.csv
1,ee5665d77bdc,2025-10-21T15:38:14.512219,grail,cross,13,True,9da86a20dc04,2.525163001337205,latency-ee5665d77bdc.csv
1,ee5665d77bdc,2025-10-21T15:38:14.617960,shrek3,SNOW,49,True,9da86a20dc04,4.039898998598801,latency-ee5665d77bdc.csv
1,ee5665d77bdc,2025-10-21T15:38:14.727847,shrek3,right,36,True,9da86a20dc04,6.644621000305051,latency-ee5665d77bdc.csv
2,ee5665d77bdc,2025-10-21T15:38:14.839483,shrek3,SHREK,678,True,9da86a20dc04,2.4158199994417373,latency-ee5665d77bdc.csv
2,ee5665d77bdc,2025-10-21T15:38:14.945015,grail,with/,0,True,9da86a20dc04,6.330571999569656,latency-ee5665d77bdc.csv
2,ee5665d77bdc,2025-10-21T15:38:15.056873,shrek3,get,39,True,9da86a20dc04,5.218206000790815,latency-ee5665d77bdc.csv
2,ee5665d77bdc,2025-10-21T15:38:15.167007,shrek,edge,2,True,9da86a20dc04,6.9371690005937126,latency-ee5665d77bdc.csv
2,ee5665d77bdc,2025-10-21T15:38:15.280224,grail,upon,13,True,9da86a20dc04,8.319603999552783,latency-ee5665d77bdc.csv
2,ee5665d77bdc,2025-10-21T15:38:15.395560,shrek3,"Bay""",0,True,9da86a20dc04,6.848797998827649,latency-ee5665d77bdc.csv
2,ee5665d77bdc,2025-10-21T15:38:15.510173,grail,them,41,True,9da86a20dc04,5.296373999954085,latency-ee5665d77bdc.csv
2,ee5665d77bdc,2025-10-21T15:38:15.621716,shrek,Is,132,True,9da86a20dc04,8.237946000008378,latency-ee5665d77bdc.csv
2,ee5665d77bdc,2025-10-21T15:38:15.738135,shrek3,youre,0,True,9da86a20dc04,8.775647000220488,latency-ee5665d77bdc.csv
2,ee5665d77bdc,2025-10-21T15:38:15.853488,grail,pseudonym,1,True,9da86a20dc04,4.092346000106772,latency-ee5665d77bdc.csv
2,ee5665d77bdc,2025-10-21T15:38:15.961713,grail,(as,0,True,9da86a20dc04,3.9606749996892177,latency-ee5665d77bdc.csv
2,ee5665d77bdc,2025-10-21T15:38:16.069839,shrek3,SHREK,678,True,9da86a20dc04,10.028059999967809,latency-ee5665d77bdc.csv
2,ee5665d77bdc,2025-10-21T15:38:16.188257,shrek3,ruby,1,True,9da86a20dc04,11.765133000153584,latency-ee5665d77bdc.csv
2,ee5665d77bdc,2025-10-21T15:38:16.315173,shrek3,you,328,True,9da86a20dc04,5.6992850004462525,latency-ee5665d77bdc.csv
2,ee5665d77bdc,2025-10-21T15:38:16.426103,shrek,our,11,True,9da86a20dc04,3.474270000879187,latency-ee5665d77bdc.csv
2,ee5665d77bdc,2025-10-21T15:38:16.532524,shrek,Shrek,433,True,9da86a20dc04,2.9964389996166574,latency-ee5665d77bdc.csv
2,ee5665d77bdc,2025-10-21T15:38:16.639067,shrek3,did,14,True,9da86a20dc04,3.813015000559972,latency-ee5665d77bdc.csv
2,ee5665d77bdc,2025-10-21T15:38:16.749913,grail,cross,13,True,9da86a20dc04,5.598264000582276,latency-ee5665d77bdc.csv
2,ee5665d77bdc,2025-10-21T15:38:16.862449,shrek3,SNOW,49,True,9da86a20dc04,4.61696300044423,latency-ee5665d77bdc.csv
2,ee5665d77bdc,2025-10-21T15:38:16.971312,shrek3,right,36,True,9da86a20dc04,3.679724999528844,latency-ee5665d77bdc.csv
1,ef6ff066a773,2025-10-21T15:38:14.786529,shrek,SHREK,433,True,9da86a20dc04,6.775701000151457,latency-ef6ff066a773.csv
1,ef6ff066a773,2025-10-21T15:38:14.898118,shrek,FIONA,211,True,9da86a20dc04,5.197050999413477,latency-ef6ff066a773.csv
1,ef6ff066a773,2025-10-21T15:38:15.008163,grail,pathetic,4,True,9da86a20dc04,9.719273999508005,latency-ef6ff066a773.csv
1,ef6ff066a773,2025-10-21T15:38:15.128958,shrek,Is,132,True,9da86a20dc04,7.932721000543097,latency-ef6ff066a773.csv
1,ef6ff066a773,2025-10-21T15:38:15.244540,grail,king,136,True,9da86a20dc04,7.422886999847833,latency-ef6ff066a773.csv
1,ef6ff066a773,2025-10-21T15:38:15.356674,shrek,don't,72,True,9da86a20dc04,11.73656200080586,latency-ef6ff066a773.csv
1,ef6ff066a773,2025-10-21T15:38:15.478736,shrek,fair,2,True,9da86a20dc04,2.939047000836581,latency-ef6ff066a773.csv
1,ef6ff066a773,2025-10-21T15:38:15.588413,grail,music,21,False,9da86a20dc04,19.762335999985225,latency-ef6ff066a773.csv
1,ef6ff066a773,2025-10-21T15:38:15.717417,shrek3,Whoa,7,True,9da86a20dc04,3.212688001440256,latency-ef6ff066a773.csv
1,ef6ff066a773,2025-10-21T15:38:15.829869,shrek,Blah,1,True,9da86a20dc04,3.1632819991500583,latency-ef6ff066a773.csv
1,ef6ff066a773,2025-10-21T15:38:15.938637,shrek,FARQUAAD,84,True,9da86a20dc04,2.856076000171015,latency-ef6ff066a773.csv
1,ef6ff066a773,2025-10-21T15:38:16.044690,shrek,you,409,True,9da86a20dc04,3.18418099959672,latency-ef6ff066a773.csv
1,ef6ff066a773,2025-10-21T15:38:16.152067,shrek,happily,2,True,9da86a20dc04,3.562586000043666,latency-ef6ff066a773.csv
1,ef6ff066a773,2025-10-21T15:38:16.259590,shrek,one,44,True,9da86a20dc04,2.380783000262454,latency-ef6ff066a773.csv
1,ef6ff066a773,2025-10-21T15:38:16.365141,shrek3,CAPTAIN,41,True,9da86a20dc04,6.444341999667813,latency-ef6ff066a773.csv
1,ef6ff066a773,2025-10-21T15:38:16.475818,grail,grabbing,5,True,9da86a20dc04,2.9702669999096543,latency-ef6ff066a773.csv
1,ef6ff066a773,2025-10-21T15:38:16.581888,grail,lost,6,True,9da86a20dc04,3.7553799993474968,latency-ef6ff066a773.csv
1,ef6ff066a773,2025-10-21T15:38:16.689616,shrek3,showing,1,False,9da86a20dc04,10.687351999877135,latency-ef6ff066a773.csv
1,ef6ff066a773,2025-10-21T15:38:16.803786,shrek,SHREK,433,True,9da86a20dc04,3.925641998648644,latency-ef6ff066a773.csv
1,ef6ff066a773,2025-10-21T15:38:16.913664,shrek3,TO,511,True,9da86a20dc04,4.483942000661045,latency-ef6ff066a773.csv
2,ef6ff066a773,2025-10-21T15:38:17.022584,shrek,SHREK,433,True,9da86a20dc04,6.964035999772023,latency-ef6ff066a773.csv
2,ef6ff066a773,2025-10-21T15:38:17.143042,shrek,FIONA,211,True,9da86a20dc04,8.904835000066669,latency-ef6ff066a773.csv
2,ef6ff066a773,2025-10-21T15:38:17.267179,grail,pathetic,4,True,9da86a20dc04,13.601709999420564,latency-ef6ff066a773.csv
2,ef6ff066a773,2025-10-21T15:38:17.400012,shrek,Is,132,True,9da86a20dc04,3.1536750011582626,latency-ef6ff066a773.csv
2,ef6ff066a773,2025-10-21T15:38:17.506993,grail,king,136,True,9da86a20dc04,4.61212499976682,latency-ef6ff066a773.csv
2,ef6ff066a773,2025-10-21T15:38:17.615993,shrek,don't,72,True,9da86a20dc04,5.4509279998455895,latency-ef6ff066a773.csv
2,ef6ff066a773,2025-10-21T15:38:17.725618,shrek,fair,2,True,9da86a20dc04,3.1723920001240917,latency-ef6ff066a773.csv
2,ef6ff066a773,2025-10-21T15:38:17.832158,grail,music,21,True,9da86a20dc04,3.9986889987631,latency-ef6ff066a773.csv
2,ef6ff066a773,2025-10-21T15:38:17.940370,shrek3,Whoa,7,True,9da86a20dc04,3.321710000818712,latency-ef6ff066a773.csv
2,ef6ff066a773,2025-10-21T15:38:18.047577,shrek,Blah,1,True,9da86a20dc04,3.9865109993115766,latency-ef6ff066a773.csv
2,ef6ff066a773,2025-10-21T15:38:18.156130,shrek,FARQUAAD,84,True,9da86a20dc04,3.511148999677971,latency-ef6ff066a773.csv
2,ef6ff066a773,2025-10-21T15:38:18.263606,shrek,you,409,True,9da86a20dc04,3.583387000617222,latency-ef6ff066a773.csv
2,ef6ff066a773,2025-10-21T15:38:18.372875,shrek,happily,2,True,9da86a20dc04,3.055122000660049,latency-ef6ff066a773.csv
2,ef6ff066a773,2025-10-21T15:38:18.479880,shrek,one,44,True,9da86a20dc04,4.73563500054297,latency-ef6ff066a773.csv
2,ef6ff066a773,2025-10-21T15:38:18.590843,shrek3,CAPTAIN,41,True,9da86a20dc04,4.264088000127231,latency-ef6ff066a773.csv
2,ef6ff066a773,2025-10-21T15:38:18.701611,grail,grabbing,5,True,9da86a20dc04,3.96671700036677,latency-ef6ff066a773.csv
2,ef6ff066a773,2025-10-21T15:38:18.810170,grail,lost,6,True,9da86a20dc04,3.0471610007225536,latency-ef6ff066a773.csv
2,ef6ff066a773,2025-10-21T15:38:18.917138,shrek3,showing,1,True,9da86a20dc04,3.459130999544868,latency-ef6ff066a773.csv
2,ef6ff066a773,2025-10-21T15:38:19.024202,shrek,SHREK,433,True,9da86a20dc04,2.1222590003162622,latency-ef6ff066a773.csv
2,ef6ff066a773,2025-10-21T15:38:19.129046,shrek3,TO,511,True,9da86a20dc04,2.648772999236826,latency-ef6ff066a773.csv
1,f1cf859ab76a,2025-10-21T15:37:58.483493,grail,right,66,False,9da86a20dc04,41.59703199911746,latency-f1cf859ab76a.csv
1,f1cf859ab76a,2025-10-21T15:37:58.629416,grail,the,1600,True,9da86a20dc04,6.54451900118147,latency-f1cf859ab76a.csv
1,f1cf859ab76a,2025-10-21T15:37:58.741013,grail,pretty,7,False,9da86a20dc04,13.399808000031044,latency-f1cf859ab76a.csv
1,f1cf859ab76a,2025-10-21T15:37:58.859950,shrek3,JOCKS,2,False,9da86a20dc04,29.940170999907423,latency-f1cf859ab76a.csv
1,f1cf859ab76a,2025-10-21T15:37:59.009117,grail,a,666,False,9da86a20dc04,29.57522699944093,latency-f1cf859ab76a.csv
1,f1cf859ab76a,2025-10-21T15:37:59.162060,shrek,old,10,True,9da86a20dc04,9.576570999342948,latency-f1cf859ab76a.csv
1,f1cf859ab76a,2025-10-21T15:37:59.301442,grail,pause,10,False,9da86a20dc04,18.284134999703383,latency-f1cf859ab76a.csv
1,f1cf859ab76a,2025-10-21T15:37:59.456838,grail,the,1600,True,9da86a20dc04,4.310914000598132,latency-f1cf859ab76a.csv
1,f1cf859ab76a,2025-10-21T15:37:59.565657,shrek3,what,82,True,9da86a20dc04,4.018425999674946,latency-f1cf859ab76a.csv
1,f1cf859ab76a,2025-10-21T15:37:59.676640,shrek,"Well,",0,False,9da86a20dc04,23.72649800054205,latency-f1cf859ab76a.csv
1,f1cf859ab76a,2025-10-21T15:37:59.807630,shrek3,dat,1,True,9da86a20dc04,41.04632299822697,latency-f1cf859ab76a.csv
1,f1cf859ab76a,2025-10-21T15:37:59.963596,grail,the,1600,True,9da86a20dc04,8.687101000759867,latency-f1cf859ab76a.csv
1,f1cf859ab76a,2025-10-21T15:38:00.091682,grail,elected,2,False,9da86a20dc04,30.170034000548185,latency-f1cf859ab76a.csv
1,f1cf859ab76a,2025-10-21T15:38:00.229151,grail,ANOTHER,25,True,9da86a20dc04,8.626122000350733,latency-f1cf859ab76a.csv
1,f1cf859ab76a,2025-10-21T15:38:00.343709,shrek3,SNOW,49,False,9da86a20dc04,20.862544000920025,latency-f1cf859ab76a.csv
1,f1cf859ab76a,2025-10-21T15:38:00.469239,shrek,looks,37,False,9da86a20dc04,16.642790000332752,latency-f1cf859ab76a.csv
1,f1cf859ab76a,2025-10-21T15:38:00.591566,shrek3,true,1,True,9da86a20dc04,5.503284999576863,latency-f1cf859ab76a.csv
1,f1cf859ab76a,2025-10-21T15:38:00.701244,grail,Rostmm,1,False,9da86a20dc04,17.68117000028724,latency-f1cf859ab76a.csv
1,f1cf859ab76a,2025-10-21T15:38:00.827989,shrek,DONKEY,320,True,9da86a20dc04,9.78744399981224,latency-f1cf859ab76a.csv
1,f1cf859ab76a,2025-10-21T15:38:00.963983,shrek,whistles,2,False,9da86a20dc04,14.991093999924487,latency-f1cf859ab76a.csv
2,f1cf859ab76a,2025-10-21T15:38:01.100552,grail,right,66,True,9da86a20dc04,3.9150299999164417,latency-f1cf859ab76a.csv
2,f1cf859ab76a,2025-10-21T15:38:01.208625,grail,the,1600,True,9da86a20dc04,2.827366999554215,latency-f1cf859ab76a.csv
2,f1cf859ab76a,2025-10-21T15:38:01.314799,grail,pretty,7,True,9da86a20dc04,12.89223099956871,latency-f1cf859ab76a.csv
2,f1cf859ab76a,2025-10-21T15:38:01.431486,shrek3,JOCKS,2,True,9da86a20dc04,21.596368998871185,latency-f1cf859ab76a.csv
2,f1cf859ab76a,2025-10-21T15:38:01.564550,grail,a,666,True,9da86a20dc04,24.632937000205857,latency-f1cf859ab76a.csv
2,f1cf859ab76a,2025-10-21T15:38:01.707607,shrek,old,10,True,9da86a20dc04,10.74523399984173,latency-f1cf859ab76a.csv
2,f1cf859ab76a,2025-10-21T15:38:01.831638,grail,pause,10,True,9da86a20dc04,2.692063999347738,latency-f1cf859ab76a.csv
2,f1cf859ab76a,2025-10-21T15:38:01.939315,grail,the,1600,True,9da86a20dc04,30.91204399970593,latency-f1cf859ab76a.csv
2,f1cf859ab76a,2025-10-21T15:38:02.107268,shrek3,what,82,True,9da86a20dc04,25.723492999532027,latency-f1cf859ab76a.csv
2,f1cf859ab76a,2025-10-21T15:38:02.276553,shrek,"Well,",0,True,9da86a20dc04,5.081261999293929,latency-f1cf859ab76a.csv
2,f1cf859ab76a,2025-10-21T15:38:02.405136,shrek3,dat,1,True,9da86a20dc04,19.719421999980117,latency-f1cf859ab76a.csv
2,f1cf859ab76a,2025-10-21T15:38:02.531971,grail,the,1600,True,9da86a20dc04,70.56132299840101,latency-f1cf859ab76a.csv
2,f1cf859ab76a,2025-10-21T15:38:02.727267,grail,elected,2,True,9da86a20dc04,30.338537999341497,latency-f1cf859ab76a.csv
2,f1cf859ab76a,2025-10-21T15:38:02.865325,grail,ANOTHER,25,True,9da86a20dc04,57.70767099966179,latency-f1cf859ab76a.csv
2,f1cf859ab76a,2025-10-21T15:38:03.061702,shrek3,SNOW,49,True,9da86a20dc04,14.326875001643202,latency-f1cf859ab76a.csv
2,f1cf859ab76a,2025-10-21T15:38:03.205065,shrek,looks,37,True,9da86a20dc04,11.21041599981254,latency-f1cf859ab76a.csv
2,f1cf859ab76a,2025-10-21T15:38:03.339893,shrek3,true,1,True,9da86a20dc04,7.773417000862537,latency-f1cf859ab76a.csv
2,f1cf859ab76a,2025-10-21T15:38:03.452304,grail,Rostmm,1,True,9da86a20dc04,21.605760000966256,latency-f1cf859ab76a.csv
2,f1cf859ab76a,2025-10-21T15:38:03.584402,shrek,DONKEY,320,True,9da86a20dc04,13.863407000826555,latency-f1cf859ab76a.csv
2,f1cf859ab76a,2025-10-21T15:38:03.729048,shrek,whistles,2,True,9da86a20dc04,25.12496300005296,latency-f1cf859ab76a.csv
1,f28713e519b3,2025-10-21T15:38:16.805487,shrek,Blah,1,True,9da86a20dc04,5.405394998888369,latency-f28713e519b3.csv
1,f28713e519b3,2025-10-21T15:38:16.914618,shrek3,you,328,True,9da86a20dc04,4.19734200113453,latency-f28713e519b3.csv
1,f28713e519b3,2025-10-21T15:38:17.024126,shrek3,still,18,True,9da86a20dc04,7.048547000522376,latency-f28713e519b3.csv
1,f28713e519b3,2025-10-21T15:38:17.144441,shrek3,SHREK,678,True,9da86a20dc04,16.08980099990731,latency-f28713e519b3.csv
1,f28713e519b3,2025-10-21T15:38:17.267763,shrek,after,10,True,9da86a20dc04,16.946333000305458,latency-f28713e519b3.csv
1,f28713e519b3,2025-10-21T15:38:17.398704,shrek,afraid,8,True,9da86a20dc04,3.782100000535138,latency-f28713e519b3.csv
1,f28713e519b3,2025-10-21T15:38:17.506380,grail,a,666,True,9da86a20dc04,4.0011159999266965,latency-f28713e519b3.csv
1,f28713e519b3,2025-10-21T15:38:17.614894,shrek,He,118,True,9da86a20dc04,5.567229000007501,latency-f28713e519b3.csv
1,f28713e519b3,2025-10-21T15:38:17.725148,grail,about,49,True,9da86a20dc04,3.278104999481002,latency-f28713e519b3.csv
1,f28713e519b3,2025-10-21T15:38:17.832200,shrek3,PRINCE,207,True,9da86a20dc04,4.337192000093637,latency-f28713e519b3.csv
1,f28713e519b3,2025-10-21T15:38:17.940448,shrek3,get,39,True,9da86a20dc04,3.596332000597613,latency-f28713e519b3.csv
1,f28713e519b3,2025-10-21T15:38:18.047634,shrek,our,11,True,9da86a20dc04,4.707841000708868,latency-f28713e519b3.csv
1,f28713e519b3,2025-10-21T15:38:18.157193,grail,CALLS,3,True,9da86a20dc04,3.241495000111172,latency-f28713e519b3.csv
1,f28713e519b3,2025-10-21T15:38:18.264060,shrek3,"Suddenly,",0,True,9da86a20dc04,3.5996650003653485,latency-f28713e519b3.csv
1,f28713e519b3,2025-10-21T15:38:18.372904,shrek3,CAPTAIN,41,True,9da86a20dc04,3.359116999490652,latency-f28713e519b3.csv
1,f28713e519b3,2025-10-21T15:38:18.479903,grail,toward,10,True,9da86a20dc04,5.376183000407764,latency-f28713e519b3.csv
1,f28713e519b3,2025-10-21T15:38:18.590999,grail,and,722,True,9da86a20dc04,4.50633100081177,latency-f28713e519b3.csv
1,f28713e519b3,2025-10-21T15:38:18.704201,shrek3,flaming,2,True,9da86a20dc04,4.002662000857526,latency-f28713e519b3.csv
1,f28713e519b3,2025-10-21T15:38:18.815827,shrek3,Donkey,243,True,9da86a20dc04,3.9526540003862474,latency-f28713e519b3.csv
1,f28713e519b3,2025-10-21T15:38:18.929483,shrek3,BOAT,32,True,9da86a20dc04,2.933973000835977,latency-f28713e519b3.csv
2,f28713e519b3,2025-10-21T15:38:19.036770,shrek,Blah,1,True,9da86a20dc04,2.567694999015657,latency-f28713e519b3.csv
2,f28713e519b3,2025-10-21T15:38:19.142636,shrek3,you,328,True,9da86a20dc04,2.499513999282499,latency-f28713e519b3.csv
2,f28713e519b3,2025-10-21T15:38:19.248311,shrek3,still,18,True,9da86a20dc04,3.682872000354109,latency-f28713e519b3.csv
2,f28713e519b3,2025-10-21T15:38:19.356061,shrek3,SHREK,678,True,9da86a20dc04,3.186818001267966,latency-f28713e519b3.csv
2,f28713e519b3,2025-10-21T15:38:19.462882,shrek,after,10,True,9da86a20dc04,2.6558970002952265,latency-f28713e519b3.csv
2,f28713e519b3,2025-10-21T15:38:19.568757,shrek,afraid,8,True,9da86a20dc04,3.670240999781527,latency-f28713e519b3.csv
2,f28713e519b3,2025-10-21T15:38:19.676455,grail,a,666,True,9da86a20dc04,2.505100001144456,latency-f28713e519b3.csv
2,f28713e519b3,2025-10-21T15:38:19.781935,shrek,He,118,True,9da86a20dc04,3.3255570015171543,latency-f28713e519b3.csv
2,f28713e519b3,2025-10-21T15:38:19.890713,grail,about,49,True,9da86a20dc04,4.526598999291309,latency-f28713e519b3.csv
2,f28713e519b3,2025-10-21T15:38:20.000503,shrek3,PRINCE,207,True,9da86a20dc04,3.430602000662475,latency-f28713e519b3.csv
2,f28713e519b3,2025-10-21T15:38:20.107600,shrek3,get,39,True,9da86a20dc04,2.3843010003474774,latency-f28713e519b3.csv
2,f28713e519b3,2025-10-21T15:38:20.212805,shrek,our,11,True,9da86a20dc04,2.355513999646064,latency-f28713e519b3.csv
2,f28713e519b3,2025-10-21T15:38:20.318372,grail,CALLS,3,True,9da86a20dc04,3.0127409991109744,latency-f28713e519b3.csv
2,f28713e519b3,2025-10-21T15:38:20.424776,shrek3,"Suddenly,",0,True,9da86a20dc04,2.3106059998099227,latency-f28713e519b3.csv
2,f28713e519b3,2025-10-21T15:38:20.529915,shrek3,CAPTAIN,41,True,9da86a20dc04,3.768582000702736,latency-f28713e519b3.csv
2,f28713e519b3,2025-10-21T15:38:20.637607,grail,toward,10,True,9da86a20dc04,4.254551000485662,latency-f28713e519b3.csv
2,f28713e519b3,2025-10-21T15:38:20.745579,grail,and,722,True,9da86a20dc04,4.268868999133701,latency-f28713e519b3.csv
2,f28713e519b3,2025-10-21T15:38:20.853766,shrek3,flaming,2,True,9da86a20dc04,4.103016999579268,latency-f28713e519b3.csv
2,f28713e519b3,2025-10-21T15:38:20.961075,shrek3,Donkey,243,True,9da86a20dc04,7.417742001052829,latency-f28713e519b3.csv
2,f28713e519b3,2025-10-21T15:38:21.074337,shrek3,BOAT,32,True,9da86a20dc04,9.451422998608903,latency-f28713e519b3.csv
1,f653d0b4c885,2025-10-21T15:38:26.619447,shrek3,decree,1,True,9da86a20dc04,2.833160000591306,latency-f653d0b4c885.csv
1,f653d0b4c885,2025-10-21T15:38:26.725573,shrek,transport,1,True,9da86a20dc04,3.1791609999345383,latency-f653d0b4c885.csv
1,f653d0b4c885,2025-10-21T15:38:26.832625,shrek,GORDO,5,True,9da86a20dc04,4.9258330000157,latency-f653d0b4c885.csv
1,f653d0b4c885,2025-10-21T15:38:26.941431,grail,Cleese,10,True,9da86a20dc04,2.9971379990456626,latency-f653d0b4c885.csv
1,f653d0b4c885,2025-10-21T15:38:27.047573,shrek,gone,3,True,9da86a20dc04,3.0872429997543804,latency-f653d0b4c885.csv
1,f653d0b4c885,2025-10-21T15:38:27.153792,shrek3,Ahh,8,True,9da86a20dc04,3.753605999008869,latency-f653d0b4c885.csv
1,f653d0b4c885,2025-10-21T15:38:27.261715,shrek,trip,1,True,9da86a20dc04,5.984837998767034,latency-f653d0b4c885.csv
1,f653d0b4c885,2025-10-21T15:38:27.372357,shrek,SHREK,433,True,9da86a20dc04,5.025931001000572,latency-f653d0b4c885.csv
1,f653d0b4c885,2025-10-21T15:38:27.481593,shrek,you,409,True,9da86a20dc04,3.9609880004718434,latency-f653d0b4c885.csv
1,f653d0b4c885,2025-10-21T15:38:27.589534,shrek3,body),0,True,9da86a20dc04,2.85134499972628,latency-f653d0b4c885.csv
1,f653d0b4c885,2025-10-21T15:38:27.695883,shrek,GORDO,5,True,9da86a20dc04,3.7713359997724174,latency-f653d0b4c885.csv
1,f653d0b4c885,2025-10-21T15:38:27.803013,grail,LANCELOT,59,True,9da86a20dc04,5.280723999021575,latency-f653d0b4c885.csv
1,f653d0b4c885,2025-10-21T15:38:27.912429,shrek,I,386,True,9da86a20dc04,3.0435380012932,latency-f653d0b4c885.csv
1,f653d0b4c885,2025-10-21T15:38:28.019057,shrek3,Third,121,True,9da86a20dc04,2.475915000104578,latency-f653d0b4c885.csv
1,f653d0b4c885,2025-10-21T15:38:28.124659,shrek,whole,10,True,9da86a20dc04,2.924095999333076,latency-f653d0b4c885.csv
1,f653d0b4c885,2025-10-21T15:38:28.231131,shrek3,bed,10,True,9da86a20dc04,7.744701999399695,latency-f653d0b4c885.csv
1,f653d0b4c885,2025-10-21T15:38:28.346166,shrek,SHREK,433,True,9da86a20dc04,4.068952999659814,latency-f653d0b4c885.csv
1,f653d0b4c885,2025-10-21T15:38:28.453683,grail,king,136,True,9da86a20dc04,3.376683998794761,latency-f653d0b4c885.csv
1,f653d0b4c885,2025-10-21T15:38:28.561950,grail,since,10,True,9da86a20dc04,3.640434999397257,latency-f653d0b4c885.csv
1,f653d0b4c885,2025-10-21T15:38:28.669590,shrek3,him,87,True,9da86a20dc04,4.7232390006684,latency-f653d0b4c885.csv
2,f653d0b4c885,2025-10-21T15:38:28.778399,shrek3,decree,1,True,9da86a20dc04,3.835084000456845,latency-f653d0b4c885.csv
2,f653d0b4c885,2025-10-21T15:38:28.886661,shrek,transport,1,True,9da86a20dc04,4.375565000373172,latency-f653d0b4c885.csv
2,f653d0b4c885,2025-10-21T15:38:28.994853,shrek,GORDO,5,True,9da86a20dc04,3.360061999046593,latency-f653d0b4c885.csv
2,f653d0b4c885,2025-10-21T15:38:29.102574,grail,Cleese,10,True,9da86a20dc04,4.705224000645103,latency-f653d0b4c885.csv
2,f653d0b4c885,2025-10-21T15:38:29.211938,shrek,gone,3,True,9da86a20dc04,3.2608989986329107,latency-f653d0b4c885.csv
2,f653d0b4c885,2025-10-21T15:38:29.319433,shrek3,Ahh,8,True,9da86a20dc04,5.339119999916875,latency-f653d0b4c885.csv
2,f653d0b4c885,2025-10-21T15:38:29.430119,shrek,trip,1,True,9da86a20dc04,3.396244001123705,latency-f653d0b4c885.csv
2,f653d0b4c885,2025-10-21T15:38:29.537474,shrek,SHREK,433,True,9da86a20dc04,3.6469170008786014,latency-f653d0b4c885.csv
2,f653d0b4c885,2025-10-21T15:38:29.645172,shrek,you,409,True,9da86a20dc04,3.5769500009337207,latency-f653d0b4c885.csv
2,f653d0b4c885,2025-10-21T15:38:29.752757,shrek3,body),0,True,9da86a20dc04,4.274607999832369,latency-f653d0b4c885.csv
2,f653d0b4c885,2025-10-21T15:38:29.860545,shrek,GORDO,5,True,9da86a20dc04,17.655912999543943,latency-f653d0b4c885.csv
2,f653d0b4c885,2025-10-21T15:38:29.986996,grail,LANCELOT,59,True,9da86a20dc04,3.534681000019191,latency-f653d0b4c885.csv
2,f653d0b4c885,2025-10-21T15:38:30.095868,shrek,I,386,True,9da86a20dc04,5.278745000396157,latency-f653d0b4c885.csv
2,f653d0b4c885,2025-10-21T15:38:30.208061,shrek3,Third,121,True,9da86a20dc04,3.970502999436576,latency-f653d0b4c885.csv
2,f653d0b4c885,2025-10-21T15:38:30.318031,shrek,whole,10,True,9da86a20dc04,2.6914749996649334,latency-f653d0b4c885.csv
2,f653d0b4c885,2025-10-21T15:38:30.425088,shrek3,bed,10,True,9da86a20dc04,3.500664999592118,latency-f653d0b4c885.csv
2,f653d0b4c885,2025-10-21T15:38:30.534148,shrek,SHREK,433,True,9da86a20dc04,4.929628999889246,latency-f653d0b4c885.csv
2,f653d0b4c885,2025-10-21T15:38:30.644711,grail,king,136,True,9da86a20dc04,3.820323001491488,latency-f653d0b4c885.csv
2,f653d0b4c885,2025-10-21T15:38:30.753248,grail,since,10,True,9da86a20dc04,3.751611000552657,latency-f653d0b4c885.csv
2,f653d0b4c885,2025-10-21T15:38:30.862095,shrek3,him,87,True,9da86a20dc04,4.9355810006090906,latency-f653d0b4c885.csv
1,f8a50589b9a9,2025-10-21T15:38:03.863287,grail,Bum,13,True,9da86a20dc04,19.820015999357565,latency-f8a50589b9a9.csv
1,f8a50589b9a9,2025-10-21T15:38:04.004824,grail,I,298,True,9da86a20dc04,3.988761000073282,latency-f8a50589b9a9.csv
1,f8a50589b9a9,2025-10-21T15:38:04.114850,shrek3,2,8,True,9da86a20dc04,15.735528999357484,latency-f8a50589b9a9.csv
1,f8a50589b9a9,2025-10-21T15:38:04.236160,grail,lost,6,True,9da86a20dc04,6.469660000220756,latency-f8a50589b9a9.csv
1,f8a50589b9a9,2025-10-21T15:38:04.348695,shrek3,reason,2,True,9da86a20dc04,19.769718001043657,latency-f8a50589b9a9.csv
1,f8a50589b9a9,2025-10-21T15:38:04.495273,grail,Bum,13,True,9da86a20dc04,10.605049999867331,latency-f8a50589b9a9.csv
1,f8a50589b9a9,2025-10-21T15:38:04.614800,shrek3,BOAT,32,True,9da86a20dc04,16.878847000043606,latency-f8a50589b9a9.csv
1,f8a50589b9a9,2025-10-21T15:38:04.742150,shrek3,get,39,True,9da86a20dc04,7.246482000482501,latency-f8a50589b9a9.csv
1,f8a50589b9a9,2025-10-21T15:38:04.871930,shrek3,them,44,True,9da86a20dc04,10.510563999559963,latency-f8a50589b9a9.csv
1,f8a50589b9a9,2025-10-21T15:38:04.991707,grail,to,718,True,9da86a20dc04,4.224834001433919,latency-f8a50589b9a9.csv
1,f8a50589b9a9,2025-10-21T15:38:05.100892,shrek3,BOAT,32,True,9da86a20dc04,4.603843999575474,latency-f8a50589b9a9.csv
1,f8a50589b9a9,2025-10-21T15:38:05.209751,shrek,FARQUAAD,84,True,9da86a20dc04,8.3968310009368,latency-f8a50589b9a9.csv
1,f8a50589b9a9,2025-10-21T15:38:05.325040,shrek3,you,328,True,9da86a20dc04,6.941912999536726,latency-f8a50589b9a9.csv
1,f8a50589b9a9,2025-10-21T15:38:05.441250,shrek3,"Suddenly,",0,False,9da86a20dc04,14.478279999821098,latency-f8a50589b9a9.csv
1,f8a50589b9a9,2025-10-21T15:38:05.565863,grail,CALLS,3,True,9da86a20dc04,3.806906999670901,latency-f8a50589b9a9.csv
1,f8a50589b9a9,2025-10-21T15:38:05.691547,grail,feel,11,True,9da86a20dc04,2.784594000331708,latency-f8a50589b9a9.csv
1,f8a50589b9a9,2025-10-21T15:38:05.798414,grail,upon,13,True,9da86a20dc04,5.290883000270696,latency-f8a50589b9a9.csv
1,f8a50589b9a9,2025-10-21T15:38:05.908864,grail,(as,0,True,9da86a20dc04,29.45913800067501,latency-f8a50589b9a9.csv
1,f8a50589b9a9,2025-10-21T15:38:06.060177,grail,19Prince,0,True,9da86a20dc04,4.022862000056193,latency-f8a50589b9a9.csv
1,f8a50589b9a9,2025-10-21T15:38:06.169221,shrek3,of,275,True,9da86a20dc04,4.666656999688712,latency-f8a50589b9a9.csv
2,f8a50589b9a9,2025-10-21T15:38:06.279209,grail,Bum,13,True,9da86a20dc04,4.512618001172086,latency-f8a50589b9a9.csv
2,f8a50589b9a9,2025-10-21T15:38:06.390796,grail,I,298,True,9da86a20dc04,4.023529998448794,latency-f8a50589b9a9.csv
2,f8a50589b9a9,2025-10-21T15:38:06.501596,shrek3,2,8,True,9da86a20dc04,6.531865999932052,latency-f8a50589b9a9.csv
2,f8a50589b9a9,2025-10-21T15:38:06.624124,grail,lost,6,True,9da86a20dc04,3.025350999450893,latency-f8a50589b9a9.csv
2,f8a50589b9a9,2025-10-21T15:38:06.730506,shrek3,reason,2,True,9da86a20dc04,5.069812999863643,latency-f8a50589b9a9.csv
2,f8a50589b9a9,2025-10-21T15:38:06.839880,grail,Bum,13,True,9da86a20dc04,8.973805999630713,latency-f8a50589b9a9.csv
2,f8a50589b9a9,2025-10-21T15:38:06.953703,shrek3,BOAT,32,True,9da86a20dc04,7.320683000216377,latency-f8a50589b9a9.csv
2,f8a50589b9a9,2025-10-21T15:38:07.065680,shrek3,get,39,True,9da86a20dc04,3.8863530007802174,latency-f8a50589b9a9.csv
2,f8a50589b9a9,2025-10-21T15:38:07.173659,shrek3,them,44,True,9da86a20dc04,7.744331000139937,latency-f8a50589b9a9.csv
2,f8a50589b9a9,2025-10-21T15:38:07.288085,grail,to,718,True,9da86a20dc04,31.45374400082801,latency-f8a50589b9a9.csv
2,f8a50589b9a9,2025-10-21T15:38:07.448100,shrek3,BOAT,32,True,9da86a20dc04,4.321697000705171,latency-f8a50589b9a9.csv
2,f8a50589b9a9,2025-10-21T15:38:07.556844,shrek,FARQUAAD,84,True,9da86a20dc04,3.2888219993765238,latency-f8a50589b9a9.csv
2,f8a50589b9a9,2025-10-21T15:38:07.664300,shrek3,you,328,True,9da86a20dc04,2.928629000962246,latency-f8a50589b9a9.csv
2,f8a50589b9a9,2025-10-21T15:38:07.771115,shrek3,"Suddenly,",0,True,9da86a20dc04,4.628272999980254,latency-f8a50589b9a9.csv
2,f8a50589b9a9,2025-10-21T15:38:07.884953,grail,CALLS,3,True,9da86a20dc04,4.672627999752876,latency-f8a50589b9a9.csv
2,f8a50589b9a9,2025-10-21T15:38:07.996179,grail,feel,11,True,9da86a20dc04,3.2608879992039874,latency-f8a50589b9a9.csv
2,f8a50589b9a9,2025-10-21T15:38:08.104536,grail,upon,13,True,9da86a20dc04,3.2684220004739477,latency-f8a50589b9a9.csv
2,f8a50589b9a9,2025-10-21T15:38:08.213845,grail,(as,0,True,9da86a20dc04,5.257116001303075,latency-f8a50589b9a9.csv
2,f8a50589b9a9,2025-10-21T15:38:08.323672,grail,19Prince,0,True,9da86a20dc04,4.796724000698305,latency-f8a50589b9a9.csv
2,f8a50589b9a9,2025-10-21T15:38:08.432825,shrek3,of,275,True,9da86a20dc04,5.423083999630762,latency-f8a50589b9a9.csv
1,faedf931418f,2025-10-21T15:38:23.156788,shrek,looks,37,True,9da86a20dc04,3.3286269990639994,latency-faedf931418f.csv
1,faedf931418f,2025-10-21T15:38:23.268605,shrek3,Whoa,7,True,9da86a20dc04,3.1813659988984,latency-faedf931418f.csv
1,faedf931418f,2025-10-21T15:38:23.376984,shrek,What,104,True,9da86a20dc04,6.335416999718291,latency-faedf931418f.csv
1,faedf931418f,2025-10-21T15:38:23.491871,grail,lost,6,True,9da86a20dc04,3.8941920010984177,latency-faedf931418f.csv
1,faedf931418f,2025-10-21T15:38:23.602784,grail,the,1600,True,9da86a20dc04,4.377930999908131,latency-faedf931418f.csv
1,faedf931418f,2025-10-21T15:38:23.713541,shrek3,reason,2,True,9da86a20dc04,8.283838998977444,latency-faedf931418f.csv
1,faedf931418f,2025-10-21T15:38:23.835643,shrek,DONKEY,320,True,9da86a20dc04,3.896585998518276,latency-faedf931418f.csv
1,faedf931418f,2025-10-21T15:38:23.943868,grail,time,33,True,9da86a20dc04,4.45265900088998,latency-faedf931418f.csv
1,faedf931418f,2025-10-21T15:38:24.053081,shrek3,EVIL,59,True,9da86a20dc04,4.671635999329737,latency-faedf931418f.csv
1,faedf931418f,2025-10-21T15:38:24.162230,shrek,No,114,True,9da86a20dc04,10.344390999307508,latency-faedf931418f.csv
1,faedf931418f,2025-10-21T15:38:24.279007,grail,LTD,6,True,9da86a20dc04,4.890682999757701,latency-faedf931418f.csv
1,faedf931418f,2025-10-21T15:38:24.387907,grail,the,1600,True,9da86a20dc04,8.35789699885936,latency-faedf931418f.csv
1,faedf931418f,2025-10-21T15:38:24.500301,shrek,he,118,True,9da86a20dc04,5.849974999364349,latency-faedf931418f.csv
1,faedf931418f,2025-10-21T15:38:24.610321,shrek,token,1,True,9da86a20dc04,4.921363000903511,latency-faedf931418f.csv
1,faedf931418f,2025-10-21T15:38:24.719643,grail,right,66,True,9da86a20dc04,5.384342999604996,latency-faedf931418f.csv
1,faedf931418f,2025-10-21T15:38:24.829649,shrek3,WOLF,7,True,9da86a20dc04,7.7267090000532335,latency-faedf931418f.csv
1,faedf931418f,2025-10-21T15:38:24.944044,shrek3,Whoa,7,True,9da86a20dc04,4.893778999758069,latency-faedf931418f.csv
1,faedf931418f,2025-10-21T15:38:25.053493,grail,Rostmm,1,True,9da86a20dc04,3.0491889992845245,latency-faedf931418f.csv
1,faedf931418f,2025-10-21T15:38:25.160095,shrek,and,318,True,9da86a20dc04,3.517056999044144,latency-faedf931418f.csv
1,faedf931418f,2025-10-21T15:38:25.267604,shrek3,CHARMING,232,True,9da86a20dc04,3.2975200010696426,latency-faedf931418f.csv
2,faedf931418f,2025-10-21T15:38:25.375007,shrek,looks,37,True,9da86a20dc04,2.6834580003196606,latency-faedf931418f.csv
2,faedf931418f,2025-10-21T15:38:25.481512,shrek3,Whoa,7,True,9da86a20dc04,3.5087010001007,latency-faedf931418f.csv
2,faedf931418f,2025-10-21T15:38:25.589021,shrek,What,104,True,9da86a20dc04,3.5614429998531705,latency-faedf931418f.csv
2,faedf931418f,2025-10-21T15:38:25.696372,grail,lost,6,True,9da86a20dc04,4.021617000034894,latency-faedf931418f.csv
2,faedf931418f,2025-10-21T15:38:25.804743,grail,the,1600,True,9da86a20dc04,2.7895540006284136,latency-faedf931418f.csv
2,faedf931418f,2025-10-21T15:38:25.910724,shrek3,reason,2,True,9da86a20dc04,2.210351000030641,latency-faedf931418f.csv
2,faedf931418f,2025-10-21T15:38:26.016133,shrek,DONKEY,320,True,9da86a20dc04,5.045546000474133,latency-faedf931418f.csv
2,faedf931418f,2025-10-21T15:38:26.127230,grail,time,33,True,9da86a20dc04,2.5768210016394733,latency-faedf931418f.csv
2,faedf931418f,2025-10-21T15:38:26.233242,shrek3,EVIL,59,True,9da86a20dc04,2.692074998776661,latency-faedf931418f.csv
2,faedf931418f,2025-10-21T15:38:26.339088,shrek,No,114,True,9da86a20dc04,2.1312370008672588,latency-faedf931418f.csv
2,faedf931418f,2025-10-21T15:38:26.444559,grail,LTD,6,True,9da86a20dc04,6.887916000778205,latency-faedf931418f.csv
2,faedf931418f,2025-10-21T15:38:26.557796,grail,the,1600,True,9da86a20dc04,2.4874580012692604,latency-faedf931418f.csv
2,faedf931418f,2025-10-21T15:38:26.664098,shrek,he,118,True,9da86a20dc04,3.422449000936467,latency-faedf931418f.csv
2,faedf931418f,2025-10-21T15:38:26.772066,shrek,token,1,True,9da86a20dc04,2.734398000029614,latency-faedf931418f.csv
2,faedf931418f,2025-10-21T15:38:26.879348,grail,right,66,True,9da86a20dc04,8.129398998789839,latency-faedf931418f.csv
2,faedf931418f,2025-10-21T15:38:26.993186,shrek3,WOLF,7,True,9da86a20dc04,2.9809279985784087,latency-faedf931418f.csv
2,faedf931418f,2025-10-21T15:38:27.100031,shrek3,Whoa,7,True,9da86a20dc04,4.772813999807113,latency-faedf931418f.csv
2,faedf931418f,2025-10-21T15:38:27.209677,grail,Rostmm,1,True,9da86a20dc04,5.119191000630963,latency-faedf931418f.csv
2,faedf931418f,2025-10-21T15:38:27.320905,shrek,and,318,True,9da86a20dc04,8.191811000870075,latency-faedf931418f.csv
2,faedf931418f,2025-10-21T15:38:27.434388,shrek3,CHARMING,232,True,9da86a20dc04,3.660564998426708,latency-faedf931418f.csv
1,fe88d4cf5a2c,2025-10-21T15:38:22.879839,grail,thus,5,True,9da86a20dc04,2.948310999272508,latency-fe88d4cf5a2c.csv
1,fe88d4cf5a2c,2025-10-21T15:38:22.988113,grail,the,1600,True,9da86a20dc04,5.694519000826404,latency-fe88d4cf5a2c.csv
1,fe88d4cf5a2c,2025-10-21T15:38:23.104506,grail,LANCELOT,59,True,9da86a20dc04,8.036078999793972,latency-fe88d4cf5a2c.csv
1,fe88d4cf5a2c,2025-10-21T15:38:23.225168,shrek3,MERLIN,73,True,9da86a20dc04,5.756717999247485,latency-fe88d4cf5a2c.csv
1,fe88d4cf5a2c,2025-10-21T15:38:23.342146,grail,on,139,True,9da86a20dc04,13.046516998656443,latency-fe88d4cf5a2c.csv
1,fe88d4cf5a2c,2025-10-21T15:38:23.467318,shrek,number,8,True,9da86a20dc04,7.37841699992714,latency-fe88d4cf5a2c.csv
1,fe88d4cf5a2c,2025-10-21T15:38:23.580847,grail,pathetic,4,True,9da86a20dc04,5.0075939998350805,latency-fe88d4cf5a2c.csv
1,fe88d4cf5a2c,2025-10-21T15:38:23.691665,shrek,his,48,True,9da86a20dc04,8.983097000964335,latency-fe88d4cf5a2c.csv
1,fe88d4cf5a2c,2025-10-21T15:38:23.813577,grail,Cleese,10,True,9da86a20dc04,5.582679999861284,latency-fe88d4cf5a2c.csv
1,fe88d4cf5a2c,2025-10-21T15:38:23.925231,shrek,you,409,True,9da86a20dc04,14.665326998510864,latency-fe88d4cf5a2c.csv
1,fe88d4cf5a2c,2025-10-21T15:38:24.045652,grail,rows,1,True,9da86a20dc04,3.939799998988746,latency-fe88d4cf5a2c.csv
1,fe88d4cf5a2c,2025-10-21T15:38:24.154000,shrek3,supposed,11,True,9da86a20dc04,5.760224001278402,latency-fe88d4cf5a2c.csv
1,fe88d4cf5a2c,2025-10-21T15:38:24.269309,grail,the,1600,True,9da86a20dc04,3.117455999017693,latency-fe88d4cf5a2c.csv
1,fe88d4cf5a2c,2025-10-21T15:38:24.375996,grail,To,718,True,9da86a20dc04,5.500568999195821,latency-fe88d4cf5a2c.csv
1,fe88d4cf5a2c,2025-10-21T15:38:24.488234,grail,Gallahad,44,True,9da86a20dc04,4.272344000128214,latency-fe88d4cf5a2c.csv
1,fe88d4cf5a2c,2025-10-21T15:38:24.596275,shrek3,ARTIE,213,True,9da86a20dc04,4.784012000527582,latency-fe88d4cf5a2c.csv
1,fe88d4cf5a2c,2025-10-21T15:38:24.706193,shrek,I,386,True,9da86a20dc04,4.275317000065115,latency-fe88d4cf5a2c.csv
1,fe88d4cf5a2c,2025-10-21T15:38:24.814502,shrek,He,118,True,9da86a20dc04,4.000054999778513,latency-fe88d4cf5a2c.csv
1,fe88d4cf5a2c,2025-10-21T15:38:24.922612,shrek3,Gingerbread,37,True,9da86a20dc04,3.142514000501251,latency-fe88d4cf5a2c.csv
1,fe88d4cf5a2c,2025-10-21T15:38:25.029459,grail,Jones,7,True,9da86a20dc04,2.323299999261508,latency-fe88d4cf5a2c.csv
2,fe88d4cf5a2c,2025-10-21T15:38:25.134866,grail,thus,5,True,9da86a20dc04,2.9574759992101463,latency-fe88d4cf5a2c.csv
2,fe88d4cf5a2c,2025-10-21T15:38:25.241646,grail,the,1600,True,9da86a20dc04,3.2221249985013856,latency-fe88d4cf5a2c.csv
2,fe88d4cf5a2c,2025-10-21T15:38:25.350008,grail,LANCELOT,59,True,9da86a20dc04,3.447164999670349,latency-fe88d4cf5a2c.csv
2,fe88d4cf5a2c,2025-10-21T15:38:25.457771,shrek3,MERLIN,73,True,9da86a20dc04,4.109131999939564,latency-fe88d4cf5a2c.csv
2,fe88d4cf5a2c,2025-10-21T15:38:25.566388,grail,on,139,True,9da86a20dc04,5.732233999879099,latency-fe88d4cf5a2c.csv
2,fe88d4cf5a2c,2025-10-21T15:38:25.676930,shrek,number,8,True,9da86a20dc04,4.919046999930288,latency-fe88d4cf5a2c.csv
2,fe88d4cf5a2c,2025-10-21T15:38:25.786380,grail,pathetic,4,True,9da86a20dc04,3.1627240005036583,latency-fe88d4cf5a2c.csv
2,fe88d4cf5a2c,2025-10-21T15:38:25.893168,shrek,his,48,True,9da86a20dc04,2.644563999638194,latency-fe88d4cf5a2c.csv
2,fe88d4cf5a2c,2025-10-21T15:38:25.999025,grail,Cleese,10,True,9da86a20dc04,2.654272999279783,latency-fe88d4cf5a2c.csv
2,fe88d4cf5a2c,2025-10-21T15:38:26.105432,shrek,you,409,True,9da86a20dc04,2.8377070011629257,latency-fe88d4cf5a2c.csv
2,fe88d4cf5a2c,2025-10-21T15:38:26.212083,grail,rows,1,True,9da86a20dc04,3.1169949998002267,latency-fe88d4cf5a2c.csv
2,fe88d4cf5a2c,2025-10-21T15:38:26.318836,shrek3,supposed,11,True,9da86a20dc04,2.670743000635412,latency-fe88d4cf5a2c.csv
2,fe88d4cf5a2c,2025-10-21T15:38:26.424806,grail,the,1600,True,9da86a20dc04,9.371820000524169,latency-fe88d4cf5a2c.csv
2,fe88d4cf5a2c,2025-10-21T15:38:26.543615,grail,To,718,True,9da86a20dc04,2.7201009997952497,latency-fe88d4cf5a2c.csv
2,fe88d4cf5a2c,2025-10-21T15:38:26.649643,grail,Gallahad,44,True,9da86a20dc04,2.4759669995546574,latency-fe88d4cf5a2c.csv
2,fe88d4cf5a2c,2025-10-21T15:38:26.755091,shrek3,ARTIE,213,True,9da86a20dc04,2.9361840006458806,latency-fe88d4cf5a2c.csv
2,fe88d4cf5a2c,2025-10-21T15:38:26.861315,shrek,I,386,True,9da86a20dc04,5.496726000274066,latency-fe88d4cf5a2c.csv
2,fe88d4cf5a2c,2025-10-21T15:38:26.971963,shrek,He,118,True,9da86a20dc04,3.1384020003315527,latency-fe88d4cf5a2c.csv
2,fe88d4cf5a2c,2025-10-21T15:38:27.078731,shrek3,Gingerbread,37,True,9da86a20dc04,4.776490999574889,latency-fe88d4cf5a2c.csv
2,fe88d4cf5a2c,2025-10-21T15:38:27.187547,grail,Jones,7,True,9da86a20dc04,5.670366999765975,latency-fe88d4cf5a2c.csv
1,ffa1749a4c68,2025-10-21T15:38:04.590387,shrek3,"meet""",0,False,9da86a20dc04,20.96034799978952,latency-ffa1749a4c68.csv
1,ffa1749a4c68,2025-10-21T15:38:04.721832,shrek,I,386,True,9da86a20dc04,3.6759930007974617,latency-ffa1749a4c68.csv
1,ffa1749a4c68,2025-10-21T15:38:04.829830,grail,Eolio,2,True,9da86a20dc04,6.038680001438479,latency-ffa1749a4c68.csv
1,ffa1749a4c68,2025-10-21T15:38:04.940654,shrek,SHREK,433,True,9da86a20dc04,13.277649000883684,latency-ffa1749a4c68.csv
1,ffa1749a4c68,2025-10-21T15:38:05.061722,shrek3,field,3,True,9da86a20dc04,15.084099999512546,latency-ffa1749a4c68.csv
1,ffa1749a4c68,2025-10-21T15:38:05.188991,shrek,and,318,True,9da86a20dc04,8.212287999413093,latency-ffa1749a4c68.csv
1,ffa1749a4c68,2025-10-21T15:38:05.311936,shrek,at,62,True,9da86a20dc04,4.534215000603581,latency-ffa1749a4c68.csv
1,ffa1749a4c68,2025-10-21T15:38:05.423312,shrek,placed,1,True,9da86a20dc04,2.7999289995932486,latency-ffa1749a4c68.csv
1,ffa1749a4c68,2025-10-21T15:38:05.530519,shrek,swamp,18,True,9da86a20dc04,8.783918001427082,latency-ffa1749a4c68.csv
1,ffa1749a4c68,2025-10-21T15:38:05.645659,shrek,after,10,True,9da86a20dc04,5.38073300049291,latency-ffa1749a4c68.csv
1,ffa1749a4c68,2025-10-21T15:38:05.756536,shrek,FIONA,211,True,9da86a20dc04,19.23478100070497,latency-ffa1749a4c68.csv
1,ffa1749a4c68,2025-10-21T15:38:05.885159,grail,Gallahad,44,False,9da86a20dc04,57.07015299958584,latency-ffa1749a4c68.csv
1,ffa1749a4c68,2025-10-21T15:38:06.065682,shrek,And,318,True,9da86a20dc04,3.8287750012386814,latency-ffa1749a4c68.csv
1,ffa1749a4c68,2025-10-21T15:38:06.173208,shrek,SHREK,433,True,9da86a20dc04,6.006843001159723,latency-ffa1749a4c68.csv
1,ffa1749a4c68,2025-10-21T15:38:06.283470,shrek3,toward,14,True,9da86a20dc04,6.911562999448506,latency-ffa1749a4c68.csv
1,ffa1749a4c68,2025-10-21T15:38:06.394368,shrek3,SHREK,678,True,9da86a20dc04,5.522367000594386,latency-ffa1749a4c68.csv
1,ffa1749a4c68,2025-10-21T15:38:06.503927,shrek,GUARD,25,False,9da86a20dc04,18.576101998405647,latency-ffa1749a4c68.csv
1,ffa1749a4c68,2025-10-21T15:38:06.630256,shrek,our,11,False,9da86a20dc04,8.574556000894518,latency-ffa1749a4c68.csv
1,ffa1749a4c68,2025-10-21T15:38:06.745666,shrek,he,118,True,9da86a20dc04,7.426371999827097,latency-ffa1749a4c68.csv
1,ffa1749a4c68,2025-10-21T15:38:06.860885,shrek3,WHITE,45,True,9da86a20dc04,7.412004999423516,latency-ffa1749a4c68.csv
2,ffa1749a4c68,2025-10-21T15:38:06.976650,shrek3,"meet""",0,True,9da86a20dc04,5.626129001029767,latency-ffa1749a4c68.csv
2,ffa1749a4c68,2025-10-21T15:38:07.095068,shrek,I,386,True,9da86a20dc04,2.5496779999230057,latency-ffa1749a4c68.csv
2,ffa1749a4c68,2025-10-21T15:38:07.201188,grail,Eolio,2,True,9da86a20dc04,4.134283999519539,latency-ffa1749a4c68.csv
2,ffa1749a4c68,2025-10-21T15:38:07.310103,shrek,SHREK,433,True,9da86a20dc04,37.51785100030247,latency-ffa1749a4c68.csv
2,ffa1749a4c68,2025-10-21T15:38:07.464599,shrek3,field,3,True,9da86a20dc04,11.756081999919845,latency-ffa1749a4c68.csv
2,ffa1749a4c68,2025-10-21T15:38:07.589909,shrek,and,318,True,9da86a20dc04,5.179963000045973,latency-ffa1749a4c68.csv
2,ffa1749a4c68,2025-10-21T15:38:07.703326,shrek,at,62,True,9da86a20dc04,4.582044000926544,latency-ffa1749a4c68.csv
2,ffa1749a4c68,2025-10-21T15:38:07.816970,shrek,placed,1,True,9da86a20dc04,3.4254680012963945,latency-ffa1749a4c68.csv
2,ffa1749a4c68,2025-10-21T15:38:07.927634,shrek,swamp,18,True,9da86a20dc04,3.452957000263268,latency-ffa1749a4c68.csv
2,ffa1749a4c68,2025-10-21T15:38:08.034988,shrek,after,10,True,9da86a20dc04,2.646015998834628,latency-ffa1749a4c68.csv
2,ffa1749a4c68,2025-10-21T15:38:08.141131,shrek,FIONA,211,True,9da86a20dc04,2.7945920010097325,latency-ffa1749a4c68.csv
2,ffa1749a4c68,2025-10-21T15:38:08.247769,grail,Gallahad,44,True,9da86a20dc04,4.366991999631864,latency-ffa1749a4c68.csv
2,ffa1749a4c68,2025-10-21T15:38:08.356176,shrek,And,318,True,9da86a20dc04,3.59218399898964,latency-ffa1749a4c68.csv
2,ffa1749a4c68,2025-10-21T15:38:08.464153,shrek,SHREK,433,True,9da86a20dc04,5.326026999682654,latency-ffa1749a4c68.csv
2,ffa1749a4c68,2025-10-21T15:38:08.573845,shrek3,toward,14,True,9da86a20dc04,4.579460999593721,latency-ffa1749a4c68.csv
2,ffa1749a4c68,2025-10-21T15:38:08.682901,shrek3,SHREK,678,True,9da86a20dc04,3.1701089992566267,latency-ffa1749a4c68.csv
2,ffa1749a4c68,2025-10-21T15:38:08.789743,shrek,GUARD,25,True,9da86a20dc04,3.684086999783176,latency-ffa1749a4c68.csv
2,ffa1749a4c68,2025-10-21T15:38:08.897552,shrek,our,11,True,9da86a20dc04,5.734804000894656,latency-ffa1749a4c68.csv
2,ffa1749a4c68,2025-10-21T15:38:09.007800,shrek,he,118,True,9da86a20dc04,7.389352000245708,latency-ffa1749a4c68.csv
2,ffa1749a4c68,2025-10-21T15:38:09.120127,shrek3,WHITE,45,True,9da86a20dc04,6.909003999680863,latency-ffa1749a4c68.csv
