pass,client_id,t_start_utc,file,keyword,count,from_cache,server,latency_ms,source_file
1,02143eac3e9f,2025-10-21T15:16:15.845342,shrek,baby,3,True,5fb80f9bc0f3,3.7494139996852023,latency-02143eac3e9f.csv
1,02143eac3e9f,2025-10-21T15:16:15.952618,shrek,HOOD,13,True,5fb80f9bc0f3,6.2250009996205335,latency-02143eac3e9f.csv
1,02143eac3e9f,2025-10-21T15:16:16.063141,shrek,And,318,True,5fb80f9bc0f3,10.06091799990827,latency-02143eac3e9f.csv
1,02143eac3e9f,2025-10-21T15:16:16.181500,shrek3,me,72,True,5fb80f9bc0f3,3.079000000070664,latency-02143eac3e9f.csv
1,02143eac3e9f,2025-10-21T15:16:16.289922,shrek,swamp,18,True,5fb80f9bc0f3,3.5482789999150555,latency-02143eac3e9f.csv
1,02143eac3e9f,2025-10-21T15:16:16.399586,grail,chops,3,True,5fb80f9bc0f3,5.307151000124577,latency-02143eac3e9f.csv
1,02143eac3e9f,2025-10-21T15:16:16.531232,shrek,And,318,True,5fb80f9bc0f3,3.171199999997043,latency-02143eac3e9f.csv
1,02143eac3e9f,2025-10-21T15:16:16.639215,grail,thus,5,True,5fb80f9bc0f3,3.319072000522283,latency-02143eac3e9f.csv
1,02143eac3e9f,2025-10-21T15:16:16.749757,shrek3,the,1285,True,5fb80f9bc0f3,3.3297539994237013,latency-02143eac3e9f.csv
1,02143eac3e9f,2025-10-21T15:16:16.859378,shrek,What,104,True,5fb80f9bc0f3,3.710670999680588,latency-02143eac3e9f.csv
1,02143eac3e9f,2025-10-21T15:16:16.970734,shrek,SHREK,433,True,5fb80f9bc0f3,5.256652000753093,latency-02143eac3e9f.csv
1,02143eac3e9f,2025-10-21T15:16:17.085728,grail,Get,47,True,5fb80f9bc0f3,3.842320000330801,latency-02143eac3e9f.csv
1,02143eac3e9f,2025-10-21T15:16:17.193163,shrek3,the,1285,True,5fb80f9bc0f3,4.655528000512277,latency-02143eac3e9f.csv
1,02143eac3e9f,2025-10-21T15:16:17.302225,shrek,your,49,True,5fb80f9bc0f3,8.920797999962815,latency-02143eac3e9f.csv
1,02143eac3e9f,2025-10-21T15:16:17.416707,shrek,Shrek,433,True,5fb80f9bc0f3,2.8986979996261653,latency-02143eac3e9f.csv
1,02143eac3e9f,2025-10-21T15:16:17.522618,grail,I,298,True,5fb80f9bc0f3,4.279802000382915,latency-02143eac3e9f.csv
1,02143eac3e9f,2025-10-21T15:16:17.630935,shrek3,us,12,True,5fb80f9bc0f3,3.313581999464077,latency-02143eac3e9f.csv
1,02143eac3e9f,2025-10-21T15:16:17.738228,shrek,Is,132,True,5fb80f9bc0f3,3.608789999816509,latency-02143eac3e9f.csv
1,02143eac3e9f,2025-10-21T15:16:17.845595,grail,the,1600,True,5fb80f9bc0f3,4.390442999465449,latency-02143eac3e9f.csv
1,02143eac3e9f,2025-10-21T15:16:17.953753,shrek3,116,1,True,5fb80f9bc0f3,2.867612000045483,latency-02143eac3e9f.csv
2,02143eac3e9f,2025-10-21T15:16:18.060037,shrek,baby,3,True,5fb80f9bc0f3,3.961436999816215,latency-02143eac3e9f.csv
2,02143eac3e9f,2025-10-21T15:16:18.168118,shrek,HOOD,13,True,5fb80f9bc0f3,7.36259999939648,latency-02143eac3e9f.csv
2,02143eac3e9f,2025-10-21T15:16:18.281407,shrek,And,318,True,5fb80f9bc0f3,4.116969999813591,latency-02143eac3e9f.csv
2,02143eac3e9f,2025-10-21T15:16:18.389326,shrek3,me,72,True,5fb80f9bc0f3,2.890537999519438,latency-02143eac3e9f.csv
2,02143eac3e9f,2025-10-21T15:16:18.495575,shrek,swamp,18,True,5fb80f9bc0f3,4.791505999492074,latency-02143eac3e9f.csv
2,02143eac3e9f,2025-10-21T15:16:18.604605,grail,chops,3,True,5fb80f9bc0f3,4.390551999676973,latency-02143eac3e9f.csv
2,02143eac3e9f,2025-10-21T15:16:18.713241,shrek,And,318,True,5fb80f9bc0f3,2.6656390000425745,latency-02143eac3e9f.csv
2,02143eac3e9f,2025-10-21T15:16:18.819409,grail,thus,5,True,5fb80f9bc0f3,2.77484700018249,latency-02143eac3e9f.csv
2,02143eac3e9f,2025-10-21T15:16:18.925497,shrek3,the,1285,True,5fb80f9bc0f3,2.993735000018205,latency-02143eac3e9f.csv
2,02143eac3e9f,2025-10-21T15:16:19.032435,shrek,What,104,True,5fb80f9bc0f3,3.904384000634309,latency-02143eac3e9f.csv
2,02143eac3e9f,2025-10-21T15:16:19.140812,shrek,SHREK,433,True,5fb80f9bc0f3,3.526829999827896,latency-02143eac3e9f.csv
2,02143eac3e9f,2025-10-21T15:16:19.248104,grail,Get,47,True,5fb80f9bc0f3,3.730446000190568,latency-02143eac3e9f.csv
2,02143eac3e9f,2025-10-21T15:16:19.363212,shrek3,the,1285,True,5fb80f9bc0f3,24.7043900008066,latency-02143eac3e9f.csv
2,02143eac3e9f,2025-10-21T15:16:19.510356,shrek,your,49,True,5fb80f9bc0f3,6.68701099948521,latency-02143eac3e9f.csv
2,02143eac3e9f,2025-10-21T15:16:19.628879,shrek,Shrek,433,True,5fb80f9bc0f3,3.579837999495794,latency-02143eac3e9f.csv
2,02143eac3e9f,2025-10-21T15:16:19.742829,grail,I,298,True,5fb80f9bc0f3,2.9536510000980343,latency-02143eac3e9f.csv
2,02143eac3e9f,2025-10-21T15:16:19.852722,shrek3,us,12,True,5fb80f9bc0f3,2.710886000386381,latency-02143eac3e9f.csv
2,02143eac3e9f,2025-10-21T15:16:19.958731,shrek,Is,132,True,5fb80f9bc0f3,2.77232299958996,latency-02143eac3e9f.csv
2,02143eac3e9f,2025-10-21T15:16:20.065029,grail,the,1600,True,5fb80f9bc0f3,3.1259770003089216,latency-02143eac3e9f.csv
2,02143eac3e9f,2025-10-21T15:16:20.171914,shrek3,116,1,True,5fb80f9bc0f3,3.332778999720176,latency-02143eac3e9f.csv
1,033019d5d1e3,2025-10-21T15:16:16.258948,grail,Get,47,True,5fb80f9bc0f3,2.9553340000347816,latency-033019d5d1e3.csv
1,033019d5d1e3,2025-10-21T15:16:16.365936,grail,3,18,True,5fb80f9bc0f3,4.470860000765242,latency-033019d5d1e3.csv
1,033019d5d1e3,2025-10-21T15:16:16.474336,shrek3,of,275,True,5fb80f9bc0f3,2.629626000270946,latency-033019d5d1e3.csv
1,033019d5d1e3,2025-10-21T15:16:16.580021,grail,with/,0,True,5fb80f9bc0f3,4.371639999590116,latency-033019d5d1e3.csv
1,033019d5d1e3,2025-10-21T15:16:16.687286,grail,the,1600,True,5fb80f9bc0f3,3.734374000487151,latency-033019d5d1e3.csv
1,033019d5d1e3,2025-10-21T15:16:16.794082,shrek,Blah,1,True,5fb80f9bc0f3,5.5091240001274855,latency-033019d5d1e3.csv
1,033019d5d1e3,2025-10-21T15:16:16.904769,shrek,SHREK,433,True,5fb80f9bc0f3,6.972414999836474,latency-033019d5d1e3.csv
1,033019d5d1e3,2025-10-21T15:16:17.020603,shrek,SHREK,433,True,5fb80f9bc0f3,3.9233210000020335,latency-033019d5d1e3.csv
1,033019d5d1e3,2025-10-21T15:16:17.129612,shrek3,showing,1,True,5fb80f9bc0f3,3.6566909993780423,latency-033019d5d1e3.csv
1,033019d5d1e3,2025-10-21T15:16:17.238911,shrek3,field,3,True,5fb80f9bc0f3,4.615728000317176,latency-033019d5d1e3.csv
1,033019d5d1e3,2025-10-21T15:16:17.359129,grail,Footnote,4,True,5fb80f9bc0f3,5.642164000164485,latency-033019d5d1e3.csv
1,033019d5d1e3,2025-10-21T15:16:17.477184,shrek,rising,1,True,5fb80f9bc0f3,2.467627999976685,latency-033019d5d1e3.csv
1,033019d5d1e3,2025-10-21T15:16:17.583130,grail,are,114,True,5fb80f9bc0f3,4.153199999564095,latency-033019d5d1e3.csv
1,033019d5d1e3,2025-10-21T15:16:17.691276,shrek3,fall,6,True,5fb80f9bc0f3,4.7613779997846,latency-033019d5d1e3.csv
1,033019d5d1e3,2025-10-21T15:16:17.801088,shrek3,him,87,True,5fb80f9bc0f3,5.005193000215513,latency-033019d5d1e3.csv
1,033019d5d1e3,2025-10-21T15:16:17.910818,shrek,"Ha,",0,True,5fb80f9bc0f3,4.618242000105965,latency-033019d5d1e3.csv
1,033019d5d1e3,2025-10-21T15:16:18.019345,shrek3,get,39,True,5fb80f9bc0f3,5.514739000318514,latency-033019d5d1e3.csv
1,033019d5d1e3,2025-10-21T15:16:18.128691,shrek,FARQUAAD,84,True,5fb80f9bc0f3,6.010110999341123,latency-033019d5d1e3.csv
1,033019d5d1e3,2025-10-21T15:16:18.239214,grail,pause,10,True,5fb80f9bc0f3,4.054488000292622,latency-033019d5d1e3.csv
1,033019d5d1e3,2025-10-21T15:16:18.347184,shrek,edge,2,True,5fb80f9bc0f3,3.1518219993813545,latency-033019d5d1e3.csv
2,033019d5d1e3,2025-10-21T15:16:18.453761,grail,Get,47,True,5fb80f9bc0f3,3.5007010001208982,latency-033019d5d1e3.csv
2,033019d5d1e3,2025-10-21T15:16:18.561505,grail,3,18,True,5fb80f9bc0f3,4.214949999550299,latency-033019d5d1e3.csv
2,033019d5d1e3,2025-10-21T15:16:18.670036,shrek3,of,275,True,5fb80f9bc0f3,3.9553139995405218,latency-033019d5d1e3.csv
2,033019d5d1e3,2025-10-21T15:16:18.778094,grail,with/,0,True,5fb80f9bc0f3,3.2610799999019946,latency-033019d5d1e3.csv
2,033019d5d1e3,2025-10-21T15:16:18.884993,grail,the,1600,True,5fb80f9bc0f3,5.009489999793004,latency-033019d5d1e3.csv
2,033019d5d1e3,2025-10-21T15:16:18.996486,shrek,Blah,1,True,5fb80f9bc0f3,4.997676999664691,latency-033019d5d1e3.csv
2,033019d5d1e3,2025-10-21T15:16:19.108834,shrek,SHREK,433,True,5fb80f9bc0f3,3.40461499945377,latency-033019d5d1e3.csv
2,033019d5d1e3,2025-10-21T15:16:19.216440,shrek,SHREK,433,True,5fb80f9bc0f3,3.5948119993918226,latency-033019d5d1e3.csv
2,033019d5d1e3,2025-10-21T15:16:19.324792,shrek3,showing,1,True,5fb80f9bc0f3,58.12477899962687,latency-033019d5d1e3.csv
2,033019d5d1e3,2025-10-21T15:16:19.503849,shrek3,field,3,True,5fb80f9bc0f3,2.964923000035924,latency-033019d5d1e3.csv
2,033019d5d1e3,2025-10-21T15:16:19.610871,grail,Footnote,4,True,5fb80f9bc0f3,2.9992039999342524,latency-033019d5d1e3.csv
2,033019d5d1e3,2025-10-21T15:16:19.717753,shrek,rising,1,True,5fb80f9bc0f3,6.1932600001455285,latency-033019d5d1e3.csv
2,033019d5d1e3,2025-10-21T15:16:19.827859,grail,are,114,True,5fb80f9bc0f3,7.3193650005123345,latency-033019d5d1e3.csv
2,033019d5d1e3,2025-10-21T15:16:19.939199,shrek3,fall,6,True,5fb80f9bc0f3,5.211984999732522,latency-033019d5d1e3.csv
2,033019d5d1e3,2025-10-21T15:16:20.049140,shrek3,him,87,True,5fb80f9bc0f3,6.916178999745171,latency-033019d5d1e3.csv
2,033019d5d1e3,2025-10-21T15:16:20.161666,shrek,"Ha,",0,True,5fb80f9bc0f3,6.645039999966684,latency-033019d5d1e3.csv
2,033019d5d1e3,2025-10-21T15:16:20.272936,shrek3,get,39,True,5fb80f9bc0f3,6.990763999965566,latency-033019d5d1e3.csv
2,033019d5d1e3,2025-10-21T15:16:20.386145,shrek,FARQUAAD,84,True,5fb80f9bc0f3,8.354794000297261,latency-033019d5d1e3.csv
2,033019d5d1e3,2025-10-21T15:16:20.499610,grail,pause,10,True,5fb80f9bc0f3,6.500588000562857,latency-033019d5d1e3.csv
2,033019d5d1e3,2025-10-21T15:16:20.613397,shrek,edge,2,True,5fb80f9bc0f3,7.494641999983287,latency-033019d5d1e3.csv
1,04566820ccff,2025-10-21T15:16:06.421985,grail,on,139,True,5fb80f9bc0f3,2.961293999760528,latency-04566820ccff.csv
1,04566820ccff,2025-10-21T15:16:06.528868,shrek3,decree,1,True,5fb80f9bc0f3,3.3351950005453546,latency-04566820ccff.csv
1,04566820ccff,2025-10-21T15:16:06.635973,shrek3,WHITE,45,True,5fb80f9bc0f3,3.0367790004675044,latency-04566820ccff.csv
1,04566820ccff,2025-10-21T15:16:06.742347,shrek,DONKEY,320,True,5fb80f9bc0f3,2.866946000722237,latency-04566820ccff.csv
1,04566820ccff,2025-10-21T15:16:06.848810,shrek,tale,7,True,5fb80f9bc0f3,2.5719859995660954,latency-04566820ccff.csv
1,04566820ccff,2025-10-21T15:16:06.954727,shrek,way,26,True,5fb80f9bc0f3,2.851885000382026,latency-04566820ccff.csv
1,04566820ccff,2025-10-21T15:16:07.060968,shrek,tale,7,True,5fb80f9bc0f3,3.9166680007838295,latency-04566820ccff.csv
1,04566820ccff,2025-10-21T15:16:07.171184,shrek,"Well,",0,True,5fb80f9bc0f3,3.3748819996617385,latency-04566820ccff.csv
1,04566820ccff,2025-10-21T15:16:07.279684,grail,BEDEVERE,103,True,5fb80f9bc0f3,3.550317999724939,latency-04566820ccff.csv
1,04566820ccff,2025-10-21T15:16:07.390206,grail,Jones,7,True,5fb80f9bc0f3,2.636854000229505,latency-04566820ccff.csv
1,04566820ccff,2025-10-21T15:16:07.498046,shrek,FARQUAAD,84,True,5fb80f9bc0f3,7.34908300000825,latency-04566820ccff.csv
1,04566820ccff,2025-10-21T15:16:07.615006,shrek3,ARTIE,213,True,5fb80f9bc0f3,2.87480100087123,latency-04566820ccff.csv
1,04566820ccff,2025-10-21T15:16:07.721305,shrek3,RAPUNZEL,30,True,5fb80f9bc0f3,2.789639999718929,latency-04566820ccff.csv
1,04566820ccff,2025-10-21T15:16:07.828084,grail,them,41,True,5fb80f9bc0f3,14.06682099968748,latency-04566820ccff.csv
1,04566820ccff,2025-10-21T15:16:07.953359,shrek3,SHOUTING),0,True,5fb80f9bc0f3,2.747118999650411,latency-04566820ccff.csv
1,04566820ccff,2025-10-21T15:16:08.057932,shrek,INSIDE,16,True,5fb80f9bc0f3,2.9305549996934133,latency-04566820ccff.csv
1,04566820ccff,2025-10-21T15:16:08.164391,shrek,rising,1,True,5fb80f9bc0f3,3.736859000127879,latency-04566820ccff.csv
1,04566820ccff,2025-10-21T15:16:08.271928,grail,of,684,True,5fb80f9bc0f3,2.612633999888203,latency-04566820ccff.csv
1,04566820ccff,2025-10-21T15:16:08.377703,shrek3,JOCKS,2,True,5fb80f9bc0f3,3.0437759996857494,latency-04566820ccff.csv
1,04566820ccff,2025-10-21T15:16:08.484702,shrek3,Be,71,True,5fb80f9bc0f3,3.239728000153264,latency-04566820ccff.csv
2,04566820ccff,2025-10-21T15:16:08.591594,grail,on,139,True,5fb80f9bc0f3,2.5703010005599936,latency-04566820ccff.csv
2,04566820ccff,2025-10-21T15:16:08.697462,shrek3,decree,1,True,5fb80f9bc0f3,2.741424999840092,latency-04566820ccff.csv
2,04566820ccff,2025-10-21T15:16:08.803200,shrek3,WHITE,45,True,5fb80f9bc0f3,3.469286000836292,latency-04566820ccff.csv
2,04566820ccff,2025-10-21T15:16:08.910337,shrek,DONKEY,320,True,5fb80f9bc0f3,3.5423399995124782,latency-04566820ccff.csv
2,04566820ccff,2025-10-21T15:16:09.018330,shrek,tale,7,True,5fb80f9bc0f3,2.586755000265839,latency-04566820ccff.csv
2,04566820ccff,2025-10-21T15:16:09.124384,shrek,way,26,True,5fb80f9bc0f3,3.796107999733067,latency-04566820ccff.csv
2,04566820ccff,2025-10-21T15:16:09.232009,shrek,tale,7,True,5fb80f9bc0f3,3.5010679994229577,latency-04566820ccff.csv
2,04566820ccff,2025-10-21T15:16:09.339378,shrek,"Well,",0,True,5fb80f9bc0f3,2.6343879999330966,latency-04566820ccff.csv
2,04566820ccff,2025-10-21T15:16:09.445711,grail,BEDEVERE,103,True,5fb80f9bc0f3,2.984460999869043,latency-04566820ccff.csv
2,04566820ccff,2025-10-21T15:16:09.552129,grail,Jones,7,True,5fb80f9bc0f3,2.296608999131422,latency-04566820ccff.csv
2,04566820ccff,2025-10-21T15:16:09.657516,shrek,FARQUAAD,84,True,5fb80f9bc0f3,4.047692999847641,latency-04566820ccff.csv
2,04566820ccff,2025-10-21T15:16:09.766812,shrek3,ARTIE,213,True,5fb80f9bc0f3,2.4279039998873486,latency-04566820ccff.csv
2,04566820ccff,2025-10-21T15:16:09.873827,shrek3,RAPUNZEL,30,True,5fb80f9bc0f3,2.299153999956616,latency-04566820ccff.csv
2,04566820ccff,2025-10-21T15:16:09.979007,grail,them,41,True,5fb80f9bc0f3,2.4903270004870137,latency-04566820ccff.csv
2,04566820ccff,2025-10-21T15:16:10.084826,shrek3,SHOUTING),0,True,5fb80f9bc0f3,3.338880999763205,latency-04566820ccff.csv
2,04566820ccff,2025-10-21T15:16:10.191364,shrek,INSIDE,16,True,5fb80f9bc0f3,2.954231000330765,latency-04566820ccff.csv
2,04566820ccff,2025-10-21T15:16:10.297620,shrek,rising,1,True,5fb80f9bc0f3,3.15787699946668,latency-04566820ccff.csv
2,04566820ccff,2025-10-21T15:16:10.404559,grail,of,684,True,5fb80f9bc0f3,3.651997999440937,latency-04566820ccff.csv
2,04566820ccff,2025-10-21T15:16:10.512587,shrek3,JOCKS,2,True,5fb80f9bc0f3,4.650834000130999,latency-04566820ccff.csv
2,04566820ccff,2025-10-21T15:16:10.622177,shrek3,Be,71,True,5fb80f9bc0f3,3.030711000064912,latency-04566820ccff.csv
1,047191dcf21f,2025-10-21T15:15:51.392272,shrek,its,1,True,5fb80f9bc0f3,6.017437000082282,latency-047191dcf21f.csv
1,047191dcf21f,2025-10-21T15:15:51.509060,grail,a,666,False,5fb80f9bc0f3,43.59657999975752,latency-047191dcf21f.csv
1,047191dcf21f,2025-10-21T15:15:51.676874,shrek3,BOAT,32,True,5fb80f9bc0f3,4.683366000790556,latency-047191dcf21f.csv
1,047191dcf21f,2025-10-21T15:15:51.791180,shrek3,boomerang,1,True,5fb80f9bc0f3,2.9540730001826887,latency-047191dcf21f.csv
1,047191dcf21f,2025-10-21T15:15:51.897634,shrek,looks,37,False,5fb80f9bc0f3,9.74033900001814,latency-047191dcf21f.csv
1,047191dcf21f,2025-10-21T15:15:52.017144,shrek3,PRINCE,207,True,5fb80f9bc0f3,3.1812409997655777,latency-047191dcf21f.csv
1,047191dcf21f,2025-10-21T15:15:52.124295,shrek,What,104,True,5fb80f9bc0f3,5.604173999927298,latency-047191dcf21f.csv
1,047191dcf21f,2025-10-21T15:15:52.234680,shrek,"Well,",0,False,5fb80f9bc0f3,8.443251999779022,latency-047191dcf21f.csv
1,047191dcf21f,2025-10-21T15:15:52.346432,shrek3,supposed,11,False,5fb80f9bc0f3,9.48460800009343,latency-047191dcf21f.csv
1,047191dcf21f,2025-10-21T15:15:52.459913,grail,Gallahad,44,True,5fb80f9bc0f3,4.348732999460481,latency-047191dcf21f.csv
1,047191dcf21f,2025-10-21T15:15:52.568610,grail,To,718,True,5fb80f9bc0f3,4.34591300017928,latency-047191dcf21f.csv
1,047191dcf21f,2025-10-21T15:15:52.676785,shrek3,CAPTAIN,41,True,5fb80f9bc0f3,4.288112000722322,latency-047191dcf21f.csv
1,047191dcf21f,2025-10-21T15:15:52.784791,shrek3,DWARF,10,True,5fb80f9bc0f3,11.222178999560128,latency-047191dcf21f.csv
1,047191dcf21f,2025-10-21T15:15:52.900332,shrek3,BOAT,32,True,5fb80f9bc0f3,6.672829000308411,latency-047191dcf21f.csv
1,047191dcf21f,2025-10-21T15:15:53.011947,grail,Who’s,3,True,5fb80f9bc0f3,5.481822000547254,latency-047191dcf21f.csv
1,047191dcf21f,2025-10-21T15:15:53.129522,shrek,gone,3,False,5fb80f9bc0f3,10.510265999982948,latency-047191dcf21f.csv
1,047191dcf21f,2025-10-21T15:15:53.248175,shrek,cottage,4,False,5fb80f9bc0f3,12.660485000196786,latency-047191dcf21f.csv
1,047191dcf21f,2025-10-21T15:15:53.366647,shrek3,get,39,True,5fb80f9bc0f3,9.70578999931604,latency-047191dcf21f.csv
1,047191dcf21f,2025-10-21T15:15:53.488447,shrek,its,1,True,5fb80f9bc0f3,11.25191499977518,latency-047191dcf21f.csv
1,047191dcf21f,2025-10-21T15:15:53.617308,shrek,number,8,False,5fb80f9bc0f3,23.84126099968853,latency-047191dcf21f.csv
2,047191dcf21f,2025-10-21T15:15:53.761578,shrek,its,1,True,5fb80f9bc0f3,3.708082000230206,latency-047191dcf21f.csv
2,047191dcf21f,2025-10-21T15:15:53.869984,grail,a,666,True,5fb80f9bc0f3,5.1459350006553,latency-047191dcf21f.csv
2,047191dcf21f,2025-10-21T15:15:53.987211,shrek3,BOAT,32,True,5fb80f9bc0f3,8.771357999648899,latency-047191dcf21f.csv
2,047191dcf21f,2025-10-21T15:15:54.112896,shrek3,boomerang,1,True,5fb80f9bc0f3,3.518814999551978,latency-047191dcf21f.csv
2,047191dcf21f,2025-10-21T15:15:54.219887,shrek,looks,37,True,5fb80f9bc0f3,4.342248999819276,latency-047191dcf21f.csv
2,047191dcf21f,2025-10-21T15:15:54.327619,shrek3,PRINCE,207,True,5fb80f9bc0f3,5.162514999938139,latency-047191dcf21f.csv
2,047191dcf21f,2025-10-21T15:15:54.437044,shrek,What,104,True,5fb80f9bc0f3,9.227458000168554,latency-047191dcf21f.csv
2,047191dcf21f,2025-10-21T15:15:54.564678,shrek,"Well,",0,True,5fb80f9bc0f3,9.697583000161105,latency-047191dcf21f.csv
2,047191dcf21f,2025-10-21T15:15:54.680424,shrek3,supposed,11,True,5fb80f9bc0f3,6.397371000275598,latency-047191dcf21f.csv
2,047191dcf21f,2025-10-21T15:15:54.801117,grail,Gallahad,44,True,5fb80f9bc0f3,2.632197999446362,latency-047191dcf21f.csv
2,047191dcf21f,2025-10-21T15:15:54.909080,grail,To,718,True,5fb80f9bc0f3,6.256464000216511,latency-047191dcf21f.csv
2,047191dcf21f,2025-10-21T15:15:55.021338,shrek3,CAPTAIN,41,True,5fb80f9bc0f3,3.4035449998555123,latency-047191dcf21f.csv
2,047191dcf21f,2025-10-21T15:15:55.129228,shrek3,DWARF,10,True,5fb80f9bc0f3,4.514135000135866,latency-047191dcf21f.csv
2,047191dcf21f,2025-10-21T15:15:55.239178,shrek3,BOAT,32,True,5fb80f9bc0f3,4.588449000038963,latency-047191dcf21f.csv
2,047191dcf21f,2025-10-21T15:15:55.348357,grail,Who’s,3,True,5fb80f9bc0f3,3.81217900030606,latency-047191dcf21f.csv
2,047191dcf21f,2025-10-21T15:15:55.455832,shrek,gone,3,True,5fb80f9bc0f3,12.66939699962677,latency-047191dcf21f.csv
2,047191dcf21f,2025-10-21T15:15:55.575447,shrek,cottage,4,True,5fb80f9bc0f3,10.395846999927016,latency-047191dcf21f.csv
2,047191dcf21f,2025-10-21T15:15:55.690136,shrek3,get,39,True,5fb80f9bc0f3,7.273401000020385,latency-047191dcf21f.csv
2,047191dcf21f,2025-10-21T15:15:55.801277,shrek,its,1,True,5fb80f9bc0f3,12.539303999801632,latency-047191dcf21f.csv
2,047191dcf21f,2025-10-21T15:15:55.920059,shrek,number,8,True,5fb80f9bc0f3,17.974508999941463,latency-047191dcf21f.csv
1,047ab4d68093,2025-10-21T15:15:51.012759,shrek3,and,576,True,5fb80f9bc0f3,3.744267999536533,latency-047ab4d68093.csv
1,047ab4d68093,2025-10-21T15:15:51.121064,grail,with/,0,True,5fb80f9bc0f3,4.300929000237375,latency-047ab4d68093.csv
1,047ab4d68093,2025-10-21T15:15:51.229683,shrek3,Cinderella,21,False,5fb80f9bc0f3,16.968945999906282,latency-047ab4d68093.csv
1,047ab4d68093,2025-10-21T15:15:51.352727,grail,I,298,True,5fb80f9bc0f3,4.557463000310236,latency-047ab4d68093.csv
1,047ab4d68093,2025-10-21T15:15:51.463496,grail,door,14,False,5fb80f9bc0f3,41.97621299954335,latency-047ab4d68093.csv
1,047ab4d68093,2025-10-21T15:15:51.631009,shrek3,CHARMING,232,True,5fb80f9bc0f3,3.111916999841924,latency-047ab4d68093.csv
1,047ab4d68093,2025-10-21T15:15:51.737846,shrek3,Arg,1,False,5fb80f9bc0f3,13.373239000429749,latency-047ab4d68093.csv
1,047ab4d68093,2025-10-21T15:15:51.857850,shrek3,TO,511,True,5fb80f9bc0f3,4.891391000455769,latency-047ab4d68093.csv
1,047ab4d68093,2025-10-21T15:15:51.967248,shrek,DONKEY,320,True,5fb80f9bc0f3,3.450139000051422,latency-047ab4d68093.csv
1,047ab4d68093,2025-10-21T15:15:52.075385,shrek3,the,1285,True,5fb80f9bc0f3,5.217375999563956,latency-047ab4d68093.csv
1,047ab4d68093,2025-10-21T15:15:52.184737,shrek,INSIDE,16,True,5fb80f9bc0f3,6.800945000577485,latency-047ab4d68093.csv
1,047ab4d68093,2025-10-21T15:15:52.295912,shrek3,through,43,True,5fb80f9bc0f3,4.816323999875749,latency-047ab4d68093.csv
1,047ab4d68093,2025-10-21T15:15:52.406673,shrek,and,318,True,5fb80f9bc0f3,6.90977100020973,latency-047ab4d68093.csv
1,047ab4d68093,2025-10-21T15:15:52.521195,shrek,after,10,True,5fb80f9bc0f3,10.348073999921326,latency-047ab4d68093.csv
1,047ab4d68093,2025-10-21T15:15:52.643080,grail,from,94,True,5fb80f9bc0f3,3.791987999647972,latency-047ab4d68093.csv
1,047ab4d68093,2025-10-21T15:15:52.753851,grail,are,114,True,5fb80f9bc0f3,4.0539430001445,latency-047ab4d68093.csv
1,047ab4d68093,2025-10-21T15:15:52.862067,shrek3,CHARMING,232,True,5fb80f9bc0f3,4.147869000007631,latency-047ab4d68093.csv
1,047ab4d68093,2025-10-21T15:15:52.970077,shrek3,the,1285,True,5fb80f9bc0f3,4.837811000470538,latency-047ab4d68093.csv
1,047ab4d68093,2025-10-21T15:15:53.079090,shrek3,ruby,1,False,5fb80f9bc0f3,17.93832699968334,latency-047ab4d68093.csv
1,047ab4d68093,2025-10-21T15:15:53.211215,grail,Who’s,3,True,5fb80f9bc0f3,3.321488999972644,latency-047ab4d68093.csv
2,047ab4d68093,2025-10-21T15:15:53.318655,shrek3,and,576,True,5fb80f9bc0f3,3.081389999351813,latency-047ab4d68093.csv
2,047ab4d68093,2025-10-21T15:15:53.425337,grail,with/,0,True,5fb80f9bc0f3,3.2331459997294587,latency-047ab4d68093.csv
2,047ab4d68093,2025-10-21T15:15:53.532471,shrek3,Cinderella,21,True,5fb80f9bc0f3,5.038686999796482,latency-047ab4d68093.csv
2,047ab4d68093,2025-10-21T15:15:53.641913,grail,I,298,True,5fb80f9bc0f3,27.73652999985643,latency-047ab4d68093.csv
2,047ab4d68093,2025-10-21T15:15:53.779487,grail,door,14,True,5fb80f9bc0f3,9.35520799976075,latency-047ab4d68093.csv
2,047ab4d68093,2025-10-21T15:15:53.894518,shrek3,CHARMING,232,True,5fb80f9bc0f3,9.765285999492336,latency-047ab4d68093.csv
2,047ab4d68093,2025-10-21T15:15:54.008665,shrek3,Arg,1,True,5fb80f9bc0f3,15.814805999980308,latency-047ab4d68093.csv
2,047ab4d68093,2025-10-21T15:15:54.129806,shrek3,TO,511,True,5fb80f9bc0f3,15.804758000740549,latency-047ab4d68093.csv
2,047ab4d68093,2025-10-21T15:15:54.256343,shrek,DONKEY,320,True,5fb80f9bc0f3,3.451032000157284,latency-047ab4d68093.csv
2,047ab4d68093,2025-10-21T15:15:54.363474,shrek3,the,1285,True,5fb80f9bc0f3,5.174843000531837,latency-047ab4d68093.csv
2,047ab4d68093,2025-10-21T15:15:54.472929,shrek,INSIDE,16,True,5fb80f9bc0f3,5.5800849995648605,latency-047ab4d68093.csv
2,047ab4d68093,2025-10-21T15:15:54.582939,shrek3,through,43,True,5fb80f9bc0f3,3.73344800027553,latency-047ab4d68093.csv
2,047ab4d68093,2025-10-21T15:15:54.690792,shrek,and,318,True,5fb80f9bc0f3,12.849943999754032,latency-047ab4d68093.csv
2,047ab4d68093,2025-10-21T15:15:54.815294,shrek,after,10,True,5fb80f9bc0f3,4.8816799999258365,latency-047ab4d68093.csv
2,047ab4d68093,2025-10-21T15:15:54.936471,grail,from,94,True,5fb80f9bc0f3,2.834304999851156,latency-047ab4d68093.csv
2,047ab4d68093,2025-10-21T15:15:55.042549,grail,are,114,True,5fb80f9bc0f3,2.714264000132971,latency-047ab4d68093.csv
2,047ab4d68093,2025-10-21T15:15:55.148531,shrek3,CHARMING,232,True,5fb80f9bc0f3,3.4519470000304864,latency-047ab4d68093.csv
2,047ab4d68093,2025-10-21T15:15:55.256674,shrek3,the,1285,True,5fb80f9bc0f3,3.139783999358769,latency-047ab4d68093.csv
2,047ab4d68093,2025-10-21T15:15:55.363482,shrek3,ruby,1,True,5fb80f9bc0f3,2.9145549997338094,latency-047ab4d68093.csv
2,047ab4d68093,2025-10-21T15:15:55.470147,grail,Who’s,3,True,5fb80f9bc0f3,5.284726999889244,latency-047ab4d68093.csv
1,0586836f6736,2025-10-21T15:16:04.202622,shrek3,"meet""",0,True,5fb80f9bc0f3,3.110802000264812,latency-0586836f6736.csv
1,0586836f6736,2025-10-21T15:16:04.309215,grail,LANCELOT,59,True,5fb80f9bc0f3,2.877122999962012,latency-0586836f6736.csv
1,0586836f6736,2025-10-21T15:16:04.415615,shrek3,its,1,True,5fb80f9bc0f3,3.072094999879482,latency-0586836f6736.csv
1,0586836f6736,2025-10-21T15:16:04.522466,shrek3,Be,71,True,5fb80f9bc0f3,4.35574400034966,latency-0586836f6736.csv
1,0586836f6736,2025-10-21T15:16:04.631361,shrek,you,409,True,5fb80f9bc0f3,3.1693470000391244,latency-0586836f6736.csv
1,0586836f6736,2025-10-21T15:16:04.738267,shrek,your,49,True,5fb80f9bc0f3,5.755409000812506,latency-0586836f6736.csv
1,0586836f6736,2025-10-21T15:16:04.848370,shrek3,did,14,True,5fb80f9bc0f3,4.065596999680565,latency-0586836f6736.csv
1,0586836f6736,2025-10-21T15:16:04.956897,shrek,stairs,7,True,5fb80f9bc0f3,3.607835999900999,latency-0586836f6736.csv
1,0586836f6736,2025-10-21T15:16:05.063953,shrek,baby,3,True,5fb80f9bc0f3,5.66351100042084,latency-0586836f6736.csv
1,0586836f6736,2025-10-21T15:16:05.182813,shrek,on,88,True,5fb80f9bc0f3,6.47718599975633,latency-0586836f6736.csv
1,0586836f6736,2025-10-21T15:16:05.295590,grail,grabbing,5,True,5fb80f9bc0f3,4.228515999784577,latency-0586836f6736.csv
1,0586836f6736,2025-10-21T15:16:05.404378,shrek3,an,51,True,5fb80f9bc0f3,4.153066000071704,latency-0586836f6736.csv
1,0586836f6736,2025-10-21T15:16:05.512568,grail,music,21,True,5fb80f9bc0f3,7.369972000560665,latency-0586836f6736.csv
1,0586836f6736,2025-10-21T15:16:05.625298,grail,(as,0,True,5fb80f9bc0f3,2.953502999844204,latency-0586836f6736.csv
1,0586836f6736,2025-10-21T15:16:05.732263,shrek,who,29,True,5fb80f9bc0f3,3.1283340003938065,latency-0586836f6736.csv
1,0586836f6736,2025-10-21T15:16:05.839603,shrek3,Hold,8,True,5fb80f9bc0f3,4.436758000338159,latency-0586836f6736.csv
1,0586836f6736,2025-10-21T15:16:05.948501,grail,Bridge,30,True,5fb80f9bc0f3,4.457575000742509,latency-0586836f6736.csv
1,0586836f6736,2025-10-21T15:16:06.057390,shrek,trip,1,True,5fb80f9bc0f3,3.5406320002948632,latency-0586836f6736.csv
1,0586836f6736,2025-10-21T15:16:06.164943,shrek,you,409,True,5fb80f9bc0f3,4.559220999908575,latency-0586836f6736.csv
1,0586836f6736,2025-10-21T15:16:06.275506,shrek,true,20,True,5fb80f9bc0f3,5.219033000685158,latency-0586836f6736.csv
2,0586836f6736,2025-10-21T15:16:06.385456,shrek3,"meet""",0,True,5fb80f9bc0f3,4.424048000146286,latency-0586836f6736.csv
2,0586836f6736,2025-10-21T15:16:06.494275,grail,LANCELOT,59,True,5fb80f9bc0f3,4.822488999707275,latency-0586836f6736.csv
2,0586836f6736,2025-10-21T15:16:06.603322,shrek3,its,1,True,5fb80f9bc0f3,3.425174999392766,latency-0586836f6736.csv
2,0586836f6736,2025-10-21T15:16:06.710520,shrek3,Be,71,True,5fb80f9bc0f3,5.379690999689046,latency-0586836f6736.csv
2,0586836f6736,2025-10-21T15:16:06.819850,shrek,you,409,True,5fb80f9bc0f3,11.433806999775696,latency-0586836f6736.csv
2,0586836f6736,2025-10-21T15:16:06.937490,shrek,your,49,True,5fb80f9bc0f3,5.410310999650392,latency-0586836f6736.csv
2,0586836f6736,2025-10-21T15:16:07.046588,shrek3,did,14,True,5fb80f9bc0f3,7.6139689999763505,latency-0586836f6736.csv
2,0586836f6736,2025-10-21T15:16:07.158606,shrek,stairs,7,True,5fb80f9bc0f3,6.196985999849858,latency-0586836f6736.csv
2,0586836f6736,2025-10-21T15:16:07.269507,shrek,baby,3,True,5fb80f9bc0f3,4.838206000385981,latency-0586836f6736.csv
2,0586836f6736,2025-10-21T15:16:07.377954,shrek,on,88,True,5fb80f9bc0f3,5.434929000330158,latency-0586836f6736.csv
2,0586836f6736,2025-10-21T15:16:07.486844,grail,grabbing,5,True,5fb80f9bc0f3,7.538786999248259,latency-0586836f6736.csv
2,0586836f6736,2025-10-21T15:16:07.602226,shrek3,an,51,True,5fb80f9bc0f3,3.7447609993250808,latency-0586836f6736.csv
2,0586836f6736,2025-10-21T15:16:07.709629,grail,music,21,True,5fb80f9bc0f3,4.027850000056787,latency-0586836f6736.csv
2,0586836f6736,2025-10-21T15:16:07.820258,grail,(as,0,True,5fb80f9bc0f3,14.791013999456482,latency-0586836f6736.csv
2,0586836f6736,2025-10-21T15:16:07.943442,shrek,who,29,True,5fb80f9bc0f3,2.1740180000051623,latency-0586836f6736.csv
2,0586836f6736,2025-10-21T15:16:08.048509,shrek3,Hold,8,True,5fb80f9bc0f3,3.273134000664868,latency-0586836f6736.csv
2,0586836f6736,2025-10-21T15:16:08.154414,grail,Bridge,30,True,5fb80f9bc0f3,3.453135000199836,latency-0586836f6736.csv
2,0586836f6736,2025-10-21T15:16:08.261558,shrek,trip,1,True,5fb80f9bc0f3,2.6781529995787423,latency-0586836f6736.csv
2,0586836f6736,2025-10-21T15:16:08.367164,shrek,you,409,True,5fb80f9bc0f3,3.3388519996151445,latency-0586836f6736.csv
2,0586836f6736,2025-10-21T15:16:08.473826,shrek,true,20,True,5fb80f9bc0f3,2.899936999710917,latency-0586836f6736.csv
1,05aa15c40048,2025-10-21T15:16:06.853218,shrek,looks,37,True,5fb80f9bc0f3,2.8427530005501467,latency-05aa15c40048.csv
1,05aa15c40048,2025-10-21T15:16:06.959336,shrek,and,318,True,5fb80f9bc0f3,2.4791850000838167,latency-05aa15c40048.csv
1,05aa15c40048,2025-10-21T15:16:07.064949,grail,Cleveland,3,True,5fb80f9bc0f3,4.974751999725413,latency-05aa15c40048.csv
1,05aa15c40048,2025-10-21T15:16:07.174581,shrek,FIONA,211,True,5fb80f9bc0f3,3.990952000094694,latency-05aa15c40048.csv
1,05aa15c40048,2025-10-21T15:16:07.281812,shrek,he,118,True,5fb80f9bc0f3,6.4037379997898825,latency-05aa15c40048.csv
1,05aa15c40048,2025-10-21T15:16:07.392567,shrek,afraid,8,True,5fb80f9bc0f3,5.693082000107097,latency-05aa15c40048.csv
1,05aa15c40048,2025-10-21T15:16:07.502271,shrek3,"Bay""",0,True,5fb80f9bc0f3,12.120385999878636,latency-05aa15c40048.csv
1,05aa15c40048,2025-10-21T15:16:07.623569,shrek,and,318,True,5fb80f9bc0f3,6.412544999875536,latency-05aa15c40048.csv
1,05aa15c40048,2025-10-21T15:16:07.736183,grail,are,114,True,5fb80f9bc0f3,4.815195000446693,latency-05aa15c40048.csv
1,05aa15c40048,2025-10-21T15:16:07.852026,grail,the,1600,True,5fb80f9bc0f3,31.234023999786587,latency-05aa15c40048.csv
1,05aa15c40048,2025-10-21T15:16:07.994137,shrek3,Whoa,7,True,5fb80f9bc0f3,4.257713000697549,latency-05aa15c40048.csv
1,05aa15c40048,2025-10-21T15:16:08.108701,grail,from,94,True,5fb80f9bc0f3,5.347539000467805,latency-05aa15c40048.csv
1,05aa15c40048,2025-10-21T15:16:08.225283,shrek,DONKEY,320,True,5fb80f9bc0f3,3.3615340007600025,latency-05aa15c40048.csv
1,05aa15c40048,2025-10-21T15:16:08.332110,shrek,don't,72,True,5fb80f9bc0f3,3.300730999399093,latency-05aa15c40048.csv
1,05aa15c40048,2025-10-21T15:16:08.440374,grail,Gallahad,44,True,5fb80f9bc0f3,3.890571999363601,latency-05aa15c40048.csv
1,05aa15c40048,2025-10-21T15:16:08.549201,grail,Christ,8,True,5fb80f9bc0f3,4.354564000095706,latency-05aa15c40048.csv
1,05aa15c40048,2025-10-21T15:16:08.657493,grail,GALAHAD,87,True,5fb80f9bc0f3,4.112433999580389,latency-05aa15c40048.csv
1,05aa15c40048,2025-10-21T15:16:08.766201,shrek3,SCHOOL,14,True,5fb80f9bc0f3,3.432874999816704,latency-05aa15c40048.csv
1,05aa15c40048,2025-10-21T15:16:08.873200,grail,Ecky-Ecky-Ecky,1,True,5fb80f9bc0f3,4.648198000722914,latency-05aa15c40048.csv
1,05aa15c40048,2025-10-21T15:16:08.983067,shrek3,the,1285,True,5fb80f9bc0f3,2.546374999838008,latency-05aa15c40048.csv
2,05aa15c40048,2025-10-21T15:16:09.089255,shrek,looks,37,True,5fb80f9bc0f3,2.533701000174915,latency-05aa15c40048.csv
2,05aa15c40048,2025-10-21T15:16:09.196227,shrek,and,318,True,5fb80f9bc0f3,3.077011000641505,latency-05aa15c40048.csv
2,05aa15c40048,2025-10-21T15:16:09.304633,grail,Cleveland,3,True,5fb80f9bc0f3,2.7810789997602114,latency-05aa15c40048.csv
2,05aa15c40048,2025-10-21T15:16:09.412082,shrek,FIONA,211,True,5fb80f9bc0f3,2.451180000207387,latency-05aa15c40048.csv
2,05aa15c40048,2025-10-21T15:16:09.517691,shrek,he,118,True,5fb80f9bc0f3,2.345979999518022,latency-05aa15c40048.csv
2,05aa15c40048,2025-10-21T15:16:09.622871,shrek,afraid,8,True,5fb80f9bc0f3,2.90964800024085,latency-05aa15c40048.csv
2,05aa15c40048,2025-10-21T15:16:09.729719,shrek3,"Bay""",0,True,5fb80f9bc0f3,3.564275000826456,latency-05aa15c40048.csv
2,05aa15c40048,2025-10-21T15:16:09.837068,shrek,and,318,True,5fb80f9bc0f3,2.629888000228675,latency-05aa15c40048.csv
2,05aa15c40048,2025-10-21T15:16:09.943415,grail,are,114,True,5fb80f9bc0f3,2.8669699995589326,latency-05aa15c40048.csv
2,05aa15c40048,2025-10-21T15:16:10.049868,grail,the,1600,True,5fb80f9bc0f3,4.659887000343588,latency-05aa15c40048.csv
2,05aa15c40048,2025-10-21T15:16:10.159213,shrek3,Whoa,7,True,5fb80f9bc0f3,2.467281999997794,latency-05aa15c40048.csv
2,05aa15c40048,2025-10-21T15:16:10.264982,grail,from,94,True,5fb80f9bc0f3,4.055704000165861,latency-05aa15c40048.csv
2,05aa15c40048,2025-10-21T15:16:10.374130,shrek,DONKEY,320,True,5fb80f9bc0f3,3.707814999870607,latency-05aa15c40048.csv
2,05aa15c40048,2025-10-21T15:16:10.483369,shrek,don't,72,True,5fb80f9bc0f3,3.0599229994550114,latency-05aa15c40048.csv
2,05aa15c40048,2025-10-21T15:16:10.591555,grail,Gallahad,44,True,5fb80f9bc0f3,2.7549080004973803,latency-05aa15c40048.csv
2,05aa15c40048,2025-10-21T15:16:10.699276,grail,Christ,8,True,5fb80f9bc0f3,6.423299999369192,latency-05aa15c40048.csv
2,05aa15c40048,2025-10-21T15:16:10.810503,grail,GALAHAD,87,True,5fb80f9bc0f3,2.8691170000456623,latency-05aa15c40048.csv
2,05aa15c40048,2025-10-21T15:16:10.916729,shrek3,SCHOOL,14,True,5fb80f9bc0f3,3.85431199993036,latency-05aa15c40048.csv
2,05aa15c40048,2025-10-21T15:16:11.024578,grail,Ecky-Ecky-Ecky,1,True,5fb80f9bc0f3,4.800683000212302,latency-05aa15c40048.csv
2,05aa15c40048,2025-10-21T15:16:11.133643,shrek3,the,1285,True,5fb80f9bc0f3,3.3068009997805348,latency-05aa15c40048.csv
1,0b89561cacbc,2025-10-21T15:16:22.321801,shrek3,TO,511,True,5fb80f9bc0f3,3.1417789996339707,latency-0b89561cacbc.csv
1,0b89561cacbc,2025-10-21T15:16:22.428477,shrek,number,8,True,5fb80f9bc0f3,3.2469640000272197,latency-0b89561cacbc.csv
1,0b89561cacbc,2025-10-21T15:16:22.535607,shrek,ogre,27,True,5fb80f9bc0f3,2.7494930000102613,latency-0b89561cacbc.csv
1,0b89561cacbc,2025-10-21T15:16:22.641486,grail,toward,10,True,5fb80f9bc0f3,3.9227130000654142,latency-0b89561cacbc.csv
1,0b89561cacbc,2025-10-21T15:16:22.751407,shrek,whistles,2,True,5fb80f9bc0f3,3.701827000440972,latency-0b89561cacbc.csv
1,0b89561cacbc,2025-10-21T15:16:22.861632,grail,Get,47,True,5fb80f9bc0f3,4.6958210004959255,latency-0b89561cacbc.csv
1,0b89561cacbc,2025-10-21T15:16:22.973776,grail,and,722,True,5fb80f9bc0f3,21.854567000445968,latency-0b89561cacbc.csv
1,0b89561cacbc,2025-10-21T15:16:23.120971,shrek,cottage,4,True,5fb80f9bc0f3,10.25027699961356,latency-0b89561cacbc.csv
1,0b89561cacbc,2025-10-21T15:16:23.247492,shrek3,"meet""",0,True,5fb80f9bc0f3,3.223728999728337,latency-0b89561cacbc.csv
1,0b89561cacbc,2025-10-21T15:16:23.354656,shrek3,ARTIE,213,True,5fb80f9bc0f3,3.5905340000681463,latency-0b89561cacbc.csv
1,0b89561cacbc,2025-10-21T15:16:23.463751,shrek,you,409,True,5fb80f9bc0f3,4.538174999652256,latency-0b89561cacbc.csv
1,0b89561cacbc,2025-10-21T15:16:23.573865,shrek3,field,3,True,5fb80f9bc0f3,2.830465999977605,latency-0b89561cacbc.csv
1,0b89561cacbc,2025-10-21T15:16:23.680908,shrek3,ruby,1,True,5fb80f9bc0f3,4.884349000349175,latency-0b89561cacbc.csv
1,0b89561cacbc,2025-10-21T15:16:23.793000,shrek3,SCHOOL,14,True,5fb80f9bc0f3,3.2664519994796137,latency-0b89561cacbc.csv
1,0b89561cacbc,2025-10-21T15:16:23.900837,grail,TV,2,True,5fb80f9bc0f3,3.474985000138986,latency-0b89561cacbc.csv
1,0b89561cacbc,2025-10-21T15:16:24.008760,shrek,FARQUAAD,84,True,5fb80f9bc0f3,6.68121400030941,latency-0b89561cacbc.csv
1,0b89561cacbc,2025-10-21T15:16:24.121839,grail,I,298,True,5fb80f9bc0f3,5.1812289993904415,latency-0b89561cacbc.csv
1,0b89561cacbc,2025-10-21T15:16:24.231517,shrek3,SHREK,678,True,5fb80f9bc0f3,6.371140000737796,latency-0b89561cacbc.csv
1,0b89561cacbc,2025-10-21T15:16:24.343031,shrek,placed,1,True,5fb80f9bc0f3,4.558833999908529,latency-0b89561cacbc.csv
1,0b89561cacbc,2025-10-21T15:16:24.451116,shrek,"Well,",0,True,5fb80f9bc0f3,8.865844999490946,latency-0b89561cacbc.csv
2,0b89561cacbc,2025-10-21T15:16:24.567012,shrek3,TO,511,True,5fb80f9bc0f3,9.742170000208716,latency-0b89561cacbc.csv
2,0b89561cacbc,2025-10-21T15:16:24.687453,shrek,number,8,True,5fb80f9bc0f3,5.799126999590953,latency-0b89561cacbc.csv
2,0b89561cacbc,2025-10-21T15:16:24.798218,shrek,ogre,27,True,5fb80f9bc0f3,5.447136999464419,latency-0b89561cacbc.csv
2,0b89561cacbc,2025-10-21T15:16:24.907877,grail,toward,10,True,5fb80f9bc0f3,4.067814999871189,latency-0b89561cacbc.csv
2,0b89561cacbc,2025-10-21T15:16:25.016233,shrek,whistles,2,True,5fb80f9bc0f3,4.131573999984539,latency-0b89561cacbc.csv
2,0b89561cacbc,2025-10-21T15:16:25.124360,grail,Get,47,True,5fb80f9bc0f3,5.884599000637536,latency-0b89561cacbc.csv
2,0b89561cacbc,2025-10-21T15:16:25.234329,grail,and,722,True,5fb80f9bc0f3,4.456454000319354,latency-0b89561cacbc.csv
2,0b89561cacbc,2025-10-21T15:16:25.343102,shrek,cottage,4,True,5fb80f9bc0f3,3.830883999398793,latency-0b89561cacbc.csv
2,0b89561cacbc,2025-10-21T15:16:25.450271,shrek3,"meet""",0,True,5fb80f9bc0f3,5.114517000038177,latency-0b89561cacbc.csv
2,0b89561cacbc,2025-10-21T15:16:25.559911,shrek3,ARTIE,213,True,5fb80f9bc0f3,14.0644479997718,latency-0b89561cacbc.csv
2,0b89561cacbc,2025-10-21T15:16:25.691268,shrek,you,409,True,5fb80f9bc0f3,3.6014759998579398,latency-0b89561cacbc.csv
2,0b89561cacbc,2025-10-21T15:16:25.800330,shrek3,field,3,True,5fb80f9bc0f3,5.072406000181218,latency-0b89561cacbc.csv
2,0b89561cacbc,2025-10-21T15:16:25.909681,shrek3,ruby,1,True,5fb80f9bc0f3,4.103604999727395,latency-0b89561cacbc.csv
2,0b89561cacbc,2025-10-21T15:16:26.018258,shrek3,SCHOOL,14,True,5fb80f9bc0f3,2.6233430007778225,latency-0b89561cacbc.csv
2,0b89561cacbc,2025-10-21T15:16:26.124139,grail,TV,2,True,5fb80f9bc0f3,3.7518110002565663,latency-0b89561cacbc.csv
2,0b89561cacbc,2025-10-21T15:16:26.231903,shrek,FARQUAAD,84,True,5fb80f9bc0f3,3.543839999110787,latency-0b89561cacbc.csv
2,0b89561cacbc,2025-10-21T15:16:26.340053,grail,I,298,True,5fb80f9bc0f3,3.9510269998572767,latency-0b89561cacbc.csv
2,0b89561cacbc,2025-10-21T15:16:26.447992,shrek3,SHREK,678,True,5fb80f9bc0f3,4.131188999963342,latency-0b89561cacbc.csv
2,0b89561cacbc,2025-10-21T15:16:26.557092,shrek,placed,1,True,5fb80f9bc0f3,18.23263899950689,latency-0b89561cacbc.csv
2,0b89561cacbc,2025-10-21T15:16:26.685283,shrek,"Well,",0,True,5fb80f9bc0f3,6.160418000035861,latency-0b89561cacbc.csv
1,0c1c80973779,2025-10-21T15:16:16.967834,shrek3,bed,10,True,5fb80f9bc0f3,5.375042000196117,latency-0c1c80973779.csv
1,0c1c80973779,2025-10-21T15:16:17.080966,grail,king,136,True,5fb80f9bc0f3,2.8647879998970893,latency-0c1c80973779.csv
1,0c1c80973779,2025-10-21T15:16:17.187001,grail,pseudonym,1,True,5fb80f9bc0f3,2.9517870007111924,latency-0c1c80973779.csv
1,0c1c80973779,2025-10-21T15:16:17.294538,grail,chops,3,True,5fb80f9bc0f3,4.074466000020038,latency-0c1c80973779.csv
1,0c1c80973779,2025-10-21T15:16:17.408381,grail,I,298,True,5fb80f9bc0f3,2.7969009997832472,latency-0c1c80973779.csv
1,0c1c80973779,2025-10-21T15:16:17.514121,shrek3,decree,1,True,5fb80f9bc0f3,2.784900999358797,latency-0c1c80973779.csv
1,0c1c80973779,2025-10-21T15:16:17.619902,grail,us,32,True,5fb80f9bc0f3,3.529372000230069,latency-0c1c80973779.csv
1,0c1c80973779,2025-10-21T15:16:17.726944,grail,singing,33,True,5fb80f9bc0f3,3.2649490003677784,latency-0c1c80973779.csv
1,0c1c80973779,2025-10-21T15:16:17.834174,shrek,minute,3,True,5fb80f9bc0f3,3.150544999698468,latency-0c1c80973779.csv
1,0c1c80973779,2025-10-21T15:16:17.941089,shrek,FARQUAAD,84,True,5fb80f9bc0f3,3.296699999737029,latency-0c1c80973779.csv
1,0c1c80973779,2025-10-21T15:16:18.048084,shrek3,Final,119,True,5fb80f9bc0f3,4.207555999528267,latency-0c1c80973779.csv
1,0c1c80973779,2025-10-21T15:16:18.158923,shrek,Is,132,True,5fb80f9bc0f3,6.5061240002251,latency-0c1c80973779.csv
1,0c1c80973779,2025-10-21T15:16:18.274441,shrek,baby,3,True,5fb80f9bc0f3,3.458995000073628,latency-0c1c80973779.csv
1,0c1c80973779,2025-10-21T15:16:18.381299,shrek3,field,3,True,5fb80f9bc0f3,2.5103340003624908,latency-0c1c80973779.csv
1,0c1c80973779,2025-10-21T15:16:18.486766,shrek3,supposed,11,True,5fb80f9bc0f3,3.248700999392895,latency-0c1c80973779.csv
1,0c1c80973779,2025-10-21T15:16:18.593287,shrek3,the,1285,True,5fb80f9bc0f3,3.990006000094581,latency-0c1c80973779.csv
1,0c1c80973779,2025-10-21T15:16:18.701140,shrek,whistles,2,True,5fb80f9bc0f3,3.4591780004120665,latency-0c1c80973779.csv
1,0c1c80973779,2025-10-21T15:16:18.808000,shrek3,Final,119,True,5fb80f9bc0f3,3.147424000417232,latency-0c1c80973779.csv
1,0c1c80973779,2025-10-21T15:16:18.914590,grail,to,718,True,5fb80f9bc0f3,4.428657000062231,latency-0c1c80973779.csv
1,0c1c80973779,2025-10-21T15:16:19.023026,shrek,I,386,True,5fb80f9bc0f3,4.977857000085351,latency-0c1c80973779.csv
2,0c1c80973779,2025-10-21T15:16:19.132102,shrek3,bed,10,True,5fb80f9bc0f3,2.961426999718242,latency-0c1c80973779.csv
2,0c1c80973779,2025-10-21T15:16:19.238904,grail,king,136,True,5fb80f9bc0f3,2.905907000240404,latency-0c1c80973779.csv
2,0c1c80973779,2025-10-21T15:16:19.351017,grail,pseudonym,1,True,5fb80f9bc0f3,29.91395200024272,latency-0c1c80973779.csv
2,0c1c80973779,2025-10-21T15:16:19.496403,grail,chops,3,True,5fb80f9bc0f3,3.7849939999432536,latency-0c1c80973779.csv
2,0c1c80973779,2025-10-21T15:16:19.604182,grail,I,298,True,5fb80f9bc0f3,3.498944999591913,latency-0c1c80973779.csv
2,0c1c80973779,2025-10-21T15:16:19.711614,shrek3,decree,1,True,5fb80f9bc0f3,5.113938000249618,latency-0c1c80973779.csv
2,0c1c80973779,2025-10-21T15:16:19.824469,grail,us,32,True,5fb80f9bc0f3,3.5749430007854244,latency-0c1c80973779.csv
2,0c1c80973779,2025-10-21T15:16:19.935637,grail,singing,33,True,5fb80f9bc0f3,3.1392319997394225,latency-0c1c80973779.csv
2,0c1c80973779,2025-10-21T15:16:20.043930,shrek,minute,3,True,5fb80f9bc0f3,3.903834000084317,latency-0c1c80973779.csv
2,0c1c80973779,2025-10-21T15:16:20.153493,shrek,FARQUAAD,84,True,5fb80f9bc0f3,3.0548370004908065,latency-0c1c80973779.csv
2,0c1c80973779,2025-10-21T15:16:20.260890,shrek3,Final,119,True,5fb80f9bc0f3,3.459165999629477,latency-0c1c80973779.csv
2,0c1c80973779,2025-10-21T15:16:20.368380,shrek,Is,132,True,5fb80f9bc0f3,3.210150000086287,latency-0c1c80973779.csv
2,0c1c80973779,2025-10-21T15:16:20.475270,shrek,baby,3,True,5fb80f9bc0f3,3.646121000201674,latency-0c1c80973779.csv
2,0c1c80973779,2025-10-21T15:16:20.583271,shrek3,field,3,True,5fb80f9bc0f3,4.348862000369991,latency-0c1c80973779.csv
2,0c1c80973779,2025-10-21T15:16:20.691711,shrek3,supposed,11,True,5fb80f9bc0f3,12.27788599953783,latency-0c1c80973779.csv
2,0c1c80973779,2025-10-21T15:16:20.809546,shrek3,the,1285,True,5fb80f9bc0f3,4.785617999914393,latency-0c1c80973779.csv
2,0c1c80973779,2025-10-21T15:16:20.921116,shrek,whistles,2,True,5fb80f9bc0f3,3.775675000724732,latency-0c1c80973779.csv
2,0c1c80973779,2025-10-21T15:16:21.031200,shrek3,Final,119,True,5fb80f9bc0f3,5.8186549995298265,latency-0c1c80973779.csv
2,0c1c80973779,2025-10-21T15:16:21.142973,grail,to,718,True,5fb80f9bc0f3,6.625722000535461,latency-0c1c80973779.csv
2,0c1c80973779,2025-10-21T15:16:21.255408,shrek,I,386,True,5fb80f9bc0f3,4.979741000170179,latency-0c1c80973779.csv
1,0fe72ac88616,2025-10-21T15:16:04.522618,shrek3,of,275,True,5fb80f9bc0f3,4.1927370002667885,latency-0fe72ac88616.csv
1,0fe72ac88616,2025-10-21T15:16:04.631361,grail,Christ,8,True,5fb80f9bc0f3,2.755331999651389,latency-0fe72ac88616.csv
1,0fe72ac88616,2025-10-21T15:16:04.738264,shrek,FIONA,211,True,5fb80f9bc0f3,5.104146999656223,latency-0fe72ac88616.csv
1,0fe72ac88616,2025-10-21T15:16:04.847763,grail,Michael,11,True,5fb80f9bc0f3,4.614600999957474,latency-0fe72ac88616.csv
1,0fe72ac88616,2025-10-21T15:16:04.956794,grail,Michael,11,True,5fb80f9bc0f3,3.0496620001940755,latency-0fe72ac88616.csv
1,0fe72ac88616,2025-10-21T15:16:05.063423,shrek,not,50,False,5fb80f9bc0f3,18.623132000357145,latency-0fe72ac88616.csv
1,0fe72ac88616,2025-10-21T15:16:05.187204,shrek,his,48,True,5fb80f9bc0f3,5.586037999819382,latency-0fe72ac88616.csv
1,0fe72ac88616,2025-10-21T15:16:05.297727,shrek3,to,511,True,5fb80f9bc0f3,4.00734399954672,latency-0fe72ac88616.csv
1,0fe72ac88616,2025-10-21T15:16:05.405816,shrek,token,1,True,5fb80f9bc0f3,3.488651000225218,latency-0fe72ac88616.csv
1,0fe72ac88616,2025-10-21T15:16:05.513983,shrek3,ARTIE,213,True,5fb80f9bc0f3,7.603553000080865,latency-0fe72ac88616.csv
1,0fe72ac88616,2025-10-21T15:16:05.644236,shrek3,They,80,True,5fb80f9bc0f3,2.8900890001750668,latency-0fe72ac88616.csv
1,0fe72ac88616,2025-10-21T15:16:05.751137,shrek3,its,1,True,5fb80f9bc0f3,3.629660000115109,latency-0fe72ac88616.csv
1,0fe72ac88616,2025-10-21T15:16:05.859331,shrek,"Well,",0,True,5fb80f9bc0f3,4.674507000345329,latency-0fe72ac88616.csv
1,0fe72ac88616,2025-10-21T15:16:05.968020,grail,ANOTHER,25,True,5fb80f9bc0f3,2.8664490000664955,latency-0fe72ac88616.csv
1,0fe72ac88616,2025-10-21T15:16:06.075246,shrek,happily,2,True,5fb80f9bc0f3,2.8802280003219494,latency-0fe72ac88616.csv
1,0fe72ac88616,2025-10-21T15:16:06.181709,grail,the,1600,True,5fb80f9bc0f3,3.327800999613828,latency-0fe72ac88616.csv
1,0fe72ac88616,2025-10-21T15:16:06.289387,grail,Cleese,10,True,5fb80f9bc0f3,4.477413000131492,latency-0fe72ac88616.csv
1,0fe72ac88616,2025-10-21T15:16:06.398366,shrek,FIONA,211,True,5fb80f9bc0f3,3.0387369997697533,latency-0fe72ac88616.csv
1,0fe72ac88616,2025-10-21T15:16:06.505314,shrek3,at,134,True,5fb80f9bc0f3,3.5259700007372885,latency-0fe72ac88616.csv
1,0fe72ac88616,2025-10-21T15:16:06.612461,shrek3,ARTIE,213,True,5fb80f9bc0f3,3.7106729996594368,latency-0fe72ac88616.csv
2,0fe72ac88616,2025-10-21T15:16:06.719902,shrek3,of,275,True,5fb80f9bc0f3,2.986909999890486,latency-0fe72ac88616.csv
2,0fe72ac88616,2025-10-21T15:16:06.826546,grail,Christ,8,True,5fb80f9bc0f3,6.825880000178586,latency-0fe72ac88616.csv
2,0fe72ac88616,2025-10-21T15:16:06.938258,shrek,FIONA,211,True,5fb80f9bc0f3,4.864746999373892,latency-0fe72ac88616.csv
2,0fe72ac88616,2025-10-21T15:16:07.046579,grail,Michael,11,True,5fb80f9bc0f3,5.092932000479777,latency-0fe72ac88616.csv
2,0fe72ac88616,2025-10-21T15:16:07.158343,grail,Michael,11,True,5fb80f9bc0f3,6.072692999623541,latency-0fe72ac88616.csv
2,0fe72ac88616,2025-10-21T15:16:07.269244,shrek,not,50,True,5fb80f9bc0f3,5.211112999859324,latency-0fe72ac88616.csv
2,0fe72ac88616,2025-10-21T15:16:07.378508,shrek,his,48,True,5fb80f9bc0f3,4.735329000141064,latency-0fe72ac88616.csv
2,0fe72ac88616,2025-10-21T15:16:07.486853,shrek3,to,511,True,5fb80f9bc0f3,9.524084000076982,latency-0fe72ac88616.csv
2,0fe72ac88616,2025-10-21T15:16:07.604716,shrek,token,1,True,5fb80f9bc0f3,3.5910649994548294,latency-0fe72ac88616.csv
2,0fe72ac88616,2025-10-21T15:16:07.712211,shrek3,ARTIE,213,True,5fb80f9bc0f3,4.072288000315893,latency-0fe72ac88616.csv
2,0fe72ac88616,2025-10-21T15:16:07.827017,shrek3,They,80,True,5fb80f9bc0f3,18.16823100034526,latency-0fe72ac88616.csv
2,0fe72ac88616,2025-10-21T15:16:07.967734,shrek3,its,1,True,5fb80f9bc0f3,3.1494960003328742,latency-0fe72ac88616.csv
2,0fe72ac88616,2025-10-21T15:16:08.073095,shrek,"Well,",0,True,5fb80f9bc0f3,2.8515309995782445,latency-0fe72ac88616.csv
2,0fe72ac88616,2025-10-21T15:16:08.179854,grail,ANOTHER,25,True,5fb80f9bc0f3,3.129644000182452,latency-0fe72ac88616.csv
2,0fe72ac88616,2025-10-21T15:16:08.287244,shrek,happily,2,True,5fb80f9bc0f3,2.574159999312542,latency-0fe72ac88616.csv
2,0fe72ac88616,2025-10-21T15:16:08.393283,grail,the,1600,True,5fb80f9bc0f3,3.0242079992603976,latency-0fe72ac88616.csv
2,0fe72ac88616,2025-10-21T15:16:08.499982,grail,Cleese,10,True,5fb80f9bc0f3,3.065439000238257,latency-0fe72ac88616.csv
2,0fe72ac88616,2025-10-21T15:16:08.606415,shrek,FIONA,211,True,5fb80f9bc0f3,2.491218000614026,latency-0fe72ac88616.csv
2,0fe72ac88616,2025-10-21T15:16:08.711906,shrek3,at,134,True,5fb80f9bc0f3,2.322319000086281,latency-0fe72ac88616.csv
2,0fe72ac88616,2025-10-21T15:16:08.817429,shrek3,ARTIE,213,True,5fb80f9bc0f3,3.8862689998495625,latency-0fe72ac88616.csv
1,1093c57234f5,2025-10-21T15:15:59.239216,shrek,and,318,True,5fb80f9bc0f3,4.555519999485114,latency-1093c57234f5.csv
1,1093c57234f5,2025-10-21T15:15:59.351698,grail,lost,6,True,5fb80f9bc0f3,5.972574000224995,latency-1093c57234f5.csv
1,1093c57234f5,2025-10-21T15:15:59.465786,shrek,and,318,True,5fb80f9bc0f3,3.34671300061018,latency-1093c57234f5.csv
1,1093c57234f5,2025-10-21T15:15:59.573170,shrek3,what,82,True,5fb80f9bc0f3,3.699042000334885,latency-1093c57234f5.csv
1,1093c57234f5,2025-10-21T15:15:59.680312,grail,the,1600,True,5fb80f9bc0f3,3.828994999821589,latency-1093c57234f5.csv
1,1093c57234f5,2025-10-21T15:15:59.787972,shrek3,through,43,True,5fb80f9bc0f3,4.150613000092562,latency-1093c57234f5.csv
1,1093c57234f5,2025-10-21T15:15:59.896767,shrek3,WHITE,45,True,5fb80f9bc0f3,4.254813000443392,latency-1093c57234f5.csv
1,1093c57234f5,2025-10-21T15:16:00.005155,grail,sell,1,False,5fb80f9bc0f3,7.590457999867795,latency-1093c57234f5.csv
1,1093c57234f5,2025-10-21T15:16:00.116976,shrek3,cues,3,True,5fb80f9bc0f3,4.431803999978001,latency-1093c57234f5.csv
1,1093c57234f5,2025-10-21T15:16:00.225435,shrek,afraid,8,True,5fb80f9bc0f3,2.8970129997105687,latency-1093c57234f5.csv
1,1093c57234f5,2025-10-21T15:16:00.332382,shrek3,them,44,True,5fb80f9bc0f3,6.125763999989431,latency-1093c57234f5.csv
1,1093c57234f5,2025-10-21T15:16:00.442373,grail,Footnote,4,True,5fb80f9bc0f3,12.299035999603802,latency-1093c57234f5.csv
1,1093c57234f5,2025-10-21T15:16:00.561864,shrek,edge,2,True,5fb80f9bc0f3,11.98675900013768,latency-1093c57234f5.csv
1,1093c57234f5,2025-10-21T15:16:00.681669,shrek3,WOLF,7,False,5fb80f9bc0f3,12.7046360003078,latency-1093c57234f5.csv
1,1093c57234f5,2025-10-21T15:16:00.810024,shrek,FIONA'S,3,True,5fb80f9bc0f3,5.218993999733357,latency-1093c57234f5.csv
1,1093c57234f5,2025-10-21T15:16:00.918266,shrek,DONKEY,320,True,5fb80f9bc0f3,10.109261000252443,latency-1093c57234f5.csv
1,1093c57234f5,2025-10-21T15:16:01.033389,grail,king,136,True,5fb80f9bc0f3,6.325538000055531,latency-1093c57234f5.csv
1,1093c57234f5,2025-10-21T15:16:01.144267,shrek,way,26,True,5fb80f9bc0f3,5.045181000241428,latency-1093c57234f5.csv
1,1093c57234f5,2025-10-21T15:16:01.253113,grail,is,317,True,5fb80f9bc0f3,4.397984999741311,latency-1093c57234f5.csv
1,1093c57234f5,2025-10-21T15:16:01.361657,shrek3,an,51,True,5fb80f9bc0f3,6.349311000121816,latency-1093c57234f5.csv
2,1093c57234f5,2025-10-21T15:16:01.472256,shrek,and,318,True,5fb80f9bc0f3,3.0491899997286964,latency-1093c57234f5.csv
2,1093c57234f5,2025-10-21T15:16:01.578415,grail,lost,6,True,5fb80f9bc0f3,3.831945000456472,latency-1093c57234f5.csv
2,1093c57234f5,2025-10-21T15:16:01.686269,shrek,and,318,True,5fb80f9bc0f3,4.7023920005813125,latency-1093c57234f5.csv
2,1093c57234f5,2025-10-21T15:16:01.797801,shrek3,what,82,True,5fb80f9bc0f3,4.992500000298605,latency-1093c57234f5.csv
2,1093c57234f5,2025-10-21T15:16:01.910122,grail,the,1600,True,5fb80f9bc0f3,3.091020999818284,latency-1093c57234f5.csv
2,1093c57234f5,2025-10-21T15:16:02.017335,shrek3,through,43,True,5fb80f9bc0f3,2.89538899960462,latency-1093c57234f5.csv
2,1093c57234f5,2025-10-21T15:16:02.123848,shrek3,WHITE,45,True,5fb80f9bc0f3,5.12751299993397,latency-1093c57234f5.csv
2,1093c57234f5,2025-10-21T15:16:02.237218,grail,sell,1,True,5fb80f9bc0f3,4.089138000381354,latency-1093c57234f5.csv
2,1093c57234f5,2025-10-21T15:16:02.346878,shrek3,cues,3,True,5fb80f9bc0f3,3.3086580006056465,latency-1093c57234f5.csv
2,1093c57234f5,2025-10-21T15:16:02.455670,shrek,afraid,8,True,5fb80f9bc0f3,4.022453000288806,latency-1093c57234f5.csv
2,1093c57234f5,2025-10-21T15:16:02.568044,shrek3,them,44,True,5fb80f9bc0f3,4.371028000605293,latency-1093c57234f5.csv
2,1093c57234f5,2025-10-21T15:16:02.679038,grail,Footnote,4,True,5fb80f9bc0f3,2.950453999801539,latency-1093c57234f5.csv
2,1093c57234f5,2025-10-21T15:16:02.787496,shrek,edge,2,True,5fb80f9bc0f3,5.452061000141839,latency-1093c57234f5.csv
2,1093c57234f5,2025-10-21T15:16:02.897835,shrek3,WOLF,7,True,5fb80f9bc0f3,23.737034000077983,latency-1093c57234f5.csv
2,1093c57234f5,2025-10-21T15:16:03.029407,shrek,FIONA'S,3,True,5fb80f9bc0f3,8.745651000026555,latency-1093c57234f5.csv
2,1093c57234f5,2025-10-21T15:16:03.147025,shrek,DONKEY,320,True,5fb80f9bc0f3,18.336381999688456,latency-1093c57234f5.csv
2,1093c57234f5,2025-10-21T15:16:03.297485,grail,king,136,True,5fb80f9bc0f3,2.847560999725829,latency-1093c57234f5.csv
2,1093c57234f5,2025-10-21T15:16:03.403852,shrek,way,26,True,5fb80f9bc0f3,2.547078999668884,latency-1093c57234f5.csv
2,1093c57234f5,2025-10-21T15:16:03.509559,grail,is,317,True,5fb80f9bc0f3,2.6748400005089934,latency-1093c57234f5.csv
2,1093c57234f5,2025-10-21T15:16:03.615436,shrek3,an,51,True,5fb80f9bc0f3,4.538762999800383,latency-1093c57234f5.csv
1,14b58d1866fb,2025-10-21T15:15:59.565755,grail,the,1600,True,5fb80f9bc0f3,2.754580000328133,latency-14b58d1866fb.csv
1,14b58d1866fb,2025-10-21T15:15:59.671537,shrek3,cues,3,True,5fb80f9bc0f3,2.4058930002865964,latency-14b58d1866fb.csv
1,14b58d1866fb,2025-10-21T15:15:59.777119,grail,about,49,False,5fb80f9bc0f3,9.005283000078634,latency-14b58d1866fb.csv
1,14b58d1866fb,2025-10-21T15:15:59.891545,grail,about,49,True,5fb80f9bc0f3,3.857470999719226,latency-14b58d1866fb.csv
1,14b58d1866fb,2025-10-21T15:16:00.000300,shrek,lay,2,True,5fb80f9bc0f3,2.676351999980397,latency-14b58d1866fb.csv
1,14b58d1866fb,2025-10-21T15:16:00.106671,grail,of,684,True,5fb80f9bc0f3,4.556300999865925,latency-14b58d1866fb.csv
1,14b58d1866fb,2025-10-21T15:16:00.215774,shrek,HOOD,13,True,5fb80f9bc0f3,3.568555000128981,latency-14b58d1866fb.csv
1,14b58d1866fb,2025-10-21T15:16:00.323559,shrek3,bed,10,True,5fb80f9bc0f3,9.468326999922285,latency-14b58d1866fb.csv
1,14b58d1866fb,2025-10-21T15:16:00.438509,grail,seek,12,True,5fb80f9bc0f3,14.135974000055285,latency-14b58d1866fb.csv
1,14b58d1866fb,2025-10-21T15:16:00.560690,shrek3,ho,8,True,5fb80f9bc0f3,16.710124000383075,latency-14b58d1866fb.csv
1,14b58d1866fb,2025-10-21T15:16:00.684341,grail,grabbing,5,True,5fb80f9bc0f3,10.606099000142422,latency-14b58d1866fb.csv
1,14b58d1866fb,2025-10-21T15:16:00.805633,shrek,SHREK,433,True,5fb80f9bc0f3,2.563721000115038,latency-14b58d1866fb.csv
1,14b58d1866fb,2025-10-21T15:16:00.913224,shrek3,EVIL,59,False,5fb80f9bc0f3,9.788554999431652,latency-14b58d1866fb.csv
1,14b58d1866fb,2025-10-21T15:16:01.030314,shrek,I,386,True,5fb80f9bc0f3,3.2903910005188663,latency-14b58d1866fb.csv
1,14b58d1866fb,2025-10-21T15:16:01.140868,grail,Bridge,30,True,5fb80f9bc0f3,2.6128270001208875,latency-14b58d1866fb.csv
1,14b58d1866fb,2025-10-21T15:16:01.248751,grail,Bridge,30,True,5fb80f9bc0f3,2.91622999975516,latency-14b58d1866fb.csv
1,14b58d1866fb,2025-10-21T15:16:01.356185,shrek,whistles,2,True,5fb80f9bc0f3,3.831545000139158,latency-14b58d1866fb.csv
1,14b58d1866fb,2025-10-21T15:16:01.465841,grail,with/,0,True,5fb80f9bc0f3,2.518567000151961,latency-14b58d1866fb.csv
1,14b58d1866fb,2025-10-21T15:16:01.571411,grail,the,1600,True,5fb80f9bc0f3,2.998986999955377,latency-14b58d1866fb.csv
1,14b58d1866fb,2025-10-21T15:16:01.678084,grail,seek,12,True,5fb80f9bc0f3,3.186909000760352,latency-14b58d1866fb.csv
2,14b58d1866fb,2025-10-21T15:16:01.787870,grail,the,1600,True,5fb80f9bc0f3,4.028960999676201,latency-14b58d1866fb.csv
2,14b58d1866fb,2025-10-21T15:16:01.896587,shrek3,cues,3,True,5fb80f9bc0f3,3.57252400044672,latency-14b58d1866fb.csv
2,14b58d1866fb,2025-10-21T15:16:02.003375,grail,about,49,True,5fb80f9bc0f3,2.5371709998580627,latency-14b58d1866fb.csv
2,14b58d1866fb,2025-10-21T15:16:02.109129,grail,about,49,True,5fb80f9bc0f3,4.055821999827458,latency-14b58d1866fb.csv
2,14b58d1866fb,2025-10-21T15:16:02.217842,shrek,lay,2,True,5fb80f9bc0f3,3.549708999344148,latency-14b58d1866fb.csv
2,14b58d1866fb,2025-10-21T15:16:02.325348,grail,of,684,True,5fb80f9bc0f3,2.6701790002334747,latency-14b58d1866fb.csv
2,14b58d1866fb,2025-10-21T15:16:02.431322,shrek,HOOD,13,True,5fb80f9bc0f3,3.525495999383565,latency-14b58d1866fb.csv
2,14b58d1866fb,2025-10-21T15:16:02.539240,shrek3,bed,10,True,5fb80f9bc0f3,11.545528000169725,latency-14b58d1866fb.csv
2,14b58d1866fb,2025-10-21T15:16:02.654597,grail,seek,12,True,5fb80f9bc0f3,6.799642000260064,latency-14b58d1866fb.csv
2,14b58d1866fb,2025-10-21T15:16:02.768850,shrek3,ho,8,True,5fb80f9bc0f3,9.4579579999845,latency-14b58d1866fb.csv
2,14b58d1866fb,2025-10-21T15:16:02.890347,grail,grabbing,5,True,5fb80f9bc0f3,20.25484400019195,latency-14b58d1866fb.csv
2,14b58d1866fb,2025-10-21T15:16:03.023813,shrek,SHREK,433,True,5fb80f9bc0f3,3.379861999746936,latency-14b58d1866fb.csv
2,14b58d1866fb,2025-10-21T15:16:03.137173,shrek3,EVIL,59,True,5fb80f9bc0f3,5.864048999683291,latency-14b58d1866fb.csv
2,14b58d1866fb,2025-10-21T15:16:03.251766,shrek,I,386,True,5fb80f9bc0f3,2.6558429999568034,latency-14b58d1866fb.csv
2,14b58d1866fb,2025-10-21T15:16:03.357919,grail,Bridge,30,True,5fb80f9bc0f3,2.923024000665464,latency-14b58d1866fb.csv
2,14b58d1866fb,2025-10-21T15:16:03.464415,grail,Bridge,30,True,5fb80f9bc0f3,2.691681000214885,latency-14b58d1866fb.csv
2,14b58d1866fb,2025-10-21T15:16:03.570498,shrek,whistles,2,True,5fb80f9bc0f3,3.3745249993444304,latency-14b58d1866fb.csv
2,14b58d1866fb,2025-10-21T15:16:03.677479,grail,with/,0,True,5fb80f9bc0f3,3.873792000376852,latency-14b58d1866fb.csv
2,14b58d1866fb,2025-10-21T15:16:03.785943,grail,the,1600,True,5fb80f9bc0f3,20.73126400046021,latency-14b58d1866fb.csv
2,14b58d1866fb,2025-10-21T15:16:03.917131,grail,seek,12,True,5fb80f9bc0f3,8.616312999947695,latency-14b58d1866fb.csv
1,14d2777394fc,2025-10-21T15:16:01.085541,grail,it,279,True,5fb80f9bc0f3,4.0555119994678535,latency-14d2777394fc.csv
1,14d2777394fc,2025-10-21T15:16:01.197933,shrek3,get,39,True,5fb80f9bc0f3,2.539694999541098,latency-14d2777394fc.csv
1,14d2777394fc,2025-10-21T15:16:01.303842,shrek,true,20,True,5fb80f9bc0f3,3.240824999920733,latency-14d2777394fc.csv
1,14d2777394fc,2025-10-21T15:16:01.411006,shrek,SHREK,433,True,5fb80f9bc0f3,2.8266750005059293,latency-14d2777394fc.csv
1,14d2777394fc,2025-10-21T15:16:01.517047,shrek3,ARTIE,213,True,5fb80f9bc0f3,2.3525790002167923,latency-14d2777394fc.csv
1,14d2777394fc,2025-10-21T15:16:01.622856,shrek3,"Suddenly,",0,True,5fb80f9bc0f3,2.8383290000419947,latency-14d2777394fc.csv
1,14d2777394fc,2025-10-21T15:16:01.729116,shrek3,Third,121,True,5fb80f9bc0f3,7.47677500021382,latency-14d2777394fc.csv
1,14d2777394fc,2025-10-21T15:16:01.840958,shrek3,wont,0,True,5fb80f9bc0f3,8.525025000380992,latency-14d2777394fc.csv
1,14d2777394fc,2025-10-21T15:16:01.954221,shrek,a,305,True,5fb80f9bc0f3,6.252862000110326,latency-14d2777394fc.csv
1,14d2777394fc,2025-10-21T15:16:02.064376,shrek,token,1,True,5fb80f9bc0f3,4.2310560002079,latency-14d2777394fc.csv
1,14d2777394fc,2025-10-21T15:16:02.173567,shrek3,and,576,True,5fb80f9bc0f3,6.429547000152525,latency-14d2777394fc.csv
1,14d2777394fc,2025-10-21T15:16:02.288059,shrek3,right,36,True,5fb80f9bc0f3,4.737953000585549,latency-14d2777394fc.csv
1,14d2777394fc,2025-10-21T15:16:02.398619,shrek3,cues,3,True,5fb80f9bc0f3,15.426248999574456,latency-14d2777394fc.csv
1,14d2777394fc,2025-10-21T15:16:02.526452,shrek,Aah,6,True,5fb80f9bc0f3,7.115260000318813,latency-14d2777394fc.csv
1,14d2777394fc,2025-10-21T15:16:02.645484,grail,Jones,7,True,5fb80f9bc0f3,3.207679000297503,latency-14d2777394fc.csv
1,14d2777394fc,2025-10-21T15:16:02.753031,grail,on,139,True,5fb80f9bc0f3,3.3299480001005577,latency-14d2777394fc.csv
1,14d2777394fc,2025-10-21T15:16:02.859753,grail,since,10,True,5fb80f9bc0f3,3.165848000207916,latency-14d2777394fc.csv
1,14d2777394fc,2025-10-21T15:16:02.966872,shrek3,still,18,True,5fb80f9bc0f3,2.633616999446531,latency-14d2777394fc.csv
1,14d2777394fc,2025-10-21T15:16:03.074015,shrek,What,104,True,5fb80f9bc0f3,2.78718800018396,latency-14d2777394fc.csv
1,14d2777394fc,2025-10-21T15:16:03.180127,shrek,his,48,True,5fb80f9bc0f3,23.177131999545963,latency-14d2777394fc.csv
2,14d2777394fc,2025-10-21T15:16:03.310935,grail,it,279,True,5fb80f9bc0f3,8.652182999867364,latency-14d2777394fc.csv
2,14d2777394fc,2025-10-21T15:16:03.426590,shrek3,get,39,True,5fb80f9bc0f3,6.639655000071798,latency-14d2777394fc.csv
2,14d2777394fc,2025-10-21T15:16:03.540230,shrek,true,20,True,5fb80f9bc0f3,7.202208999842696,latency-14d2777394fc.csv
2,14d2777394fc,2025-10-21T15:16:03.654569,shrek,SHREK,433,True,5fb80f9bc0f3,9.789414999431756,latency-14d2777394fc.csv
2,14d2777394fc,2025-10-21T15:16:03.773507,shrek3,ARTIE,213,True,5fb80f9bc0f3,12.866244999713672,latency-14d2777394fc.csv
2,14d2777394fc,2025-10-21T15:16:03.905419,shrek3,"Suddenly,",0,True,5fb80f9bc0f3,2.461670999764465,latency-14d2777394fc.csv
2,14d2777394fc,2025-10-21T15:16:04.010986,shrek3,Third,121,True,5fb80f9bc0f3,3.734492000148748,latency-14d2777394fc.csv
2,14d2777394fc,2025-10-21T15:16:04.118311,shrek3,wont,0,True,5fb80f9bc0f3,2.9607569995278027,latency-14d2777394fc.csv
2,14d2777394fc,2025-10-21T15:16:04.224445,shrek,a,305,True,5fb80f9bc0f3,3.291523999905621,latency-14d2777394fc.csv
2,14d2777394fc,2025-10-21T15:16:04.331053,shrek,token,1,True,5fb80f9bc0f3,3.513519000080123,latency-14d2777394fc.csv
2,14d2777394fc,2025-10-21T15:16:04.438588,shrek3,and,576,True,5fb80f9bc0f3,4.214417999719444,latency-14d2777394fc.csv
2,14d2777394fc,2025-10-21T15:16:04.549109,shrek3,right,36,True,5fb80f9bc0f3,3.159617000164872,latency-14d2777394fc.csv
2,14d2777394fc,2025-10-21T15:16:04.656355,shrek3,cues,3,True,5fb80f9bc0f3,3.303147999758949,latency-14d2777394fc.csv
2,14d2777394fc,2025-10-21T15:16:04.762960,shrek,Aah,6,True,5fb80f9bc0f3,5.654627999319928,latency-14d2777394fc.csv
2,14d2777394fc,2025-10-21T15:16:04.874098,grail,Jones,7,True,5fb80f9bc0f3,3.2132500000443542,latency-14d2777394fc.csv
2,14d2777394fc,2025-10-21T15:16:04.981285,grail,on,139,True,5fb80f9bc0f3,3.242488999603665,latency-14d2777394fc.csv
2,14d2777394fc,2025-10-21T15:16:05.091537,grail,since,10,True,5fb80f9bc0f3,3.78444799935096,latency-14d2777394fc.csv
2,14d2777394fc,2025-10-21T15:16:05.207259,shrek3,still,18,True,5fb80f9bc0f3,10.412087000077008,latency-14d2777394fc.csv
2,14d2777394fc,2025-10-21T15:16:05.330469,shrek,What,104,True,5fb80f9bc0f3,10.112401000696993,latency-14d2777394fc.csv
2,14d2777394fc,2025-10-21T15:16:05.449354,shrek,his,48,True,5fb80f9bc0f3,3.530602999489929,latency-14d2777394fc.csv
1,15aae90777b9,2025-10-21T15:16:12.800890,grail,TV,2,True,5fb80f9bc0f3,9.074988000065789,latency-15aae90777b9.csv
1,15aae90777b9,2025-10-21T15:16:12.921306,shrek,DONKEY,320,True,5fb80f9bc0f3,9.456873999624804,latency-15aae90777b9.csv
1,15aae90777b9,2025-10-21T15:16:13.041174,shrek,minute,3,True,5fb80f9bc0f3,4.715219999525289,latency-15aae90777b9.csv
1,15aae90777b9,2025-10-21T15:16:13.156084,grail,king,136,True,5fb80f9bc0f3,3.731091000190645,latency-15aae90777b9.csv
1,15aae90777b9,2025-10-21T15:16:13.269749,shrek,SHREK,433,True,5fb80f9bc0f3,10.2374839998447,latency-15aae90777b9.csv
1,15aae90777b9,2025-10-21T15:16:13.398635,shrek3,SHREK,678,True,5fb80f9bc0f3,8.243180999670585,latency-15aae90777b9.csv
1,15aae90777b9,2025-10-21T15:16:13.516946,shrek3,the,1285,True,5fb80f9bc0f3,15.967330000421498,latency-15aae90777b9.csv
1,15aae90777b9,2025-10-21T15:16:13.639344,grail,"Peng,",0,True,5fb80f9bc0f3,10.175626000091142,latency-15aae90777b9.csv
1,15aae90777b9,2025-10-21T15:16:13.758865,shrek3,of,275,True,5fb80f9bc0f3,8.072939999692608,latency-15aae90777b9.csv
1,15aae90777b9,2025-10-21T15:16:13.876104,shrek,old,10,True,5fb80f9bc0f3,5.38142000004882,latency-15aae90777b9.csv
1,15aae90777b9,2025-10-21T15:16:13.989636,shrek,GUARD,25,True,5fb80f9bc0f3,7.0423639999717125,latency-15aae90777b9.csv
1,15aae90777b9,2025-10-21T15:16:14.108126,shrek3,SHOUTING),0,True,5fb80f9bc0f3,6.579844000043522,latency-15aae90777b9.csv
1,15aae90777b9,2025-10-21T15:16:14.225839,grail,toward,10,True,5fb80f9bc0f3,8.426624000094307,latency-15aae90777b9.csv
1,15aae90777b9,2025-10-21T15:16:14.341176,shrek3,ARTIE,213,True,5fb80f9bc0f3,3.367127000274195,latency-15aae90777b9.csv
1,15aae90777b9,2025-10-21T15:16:14.450606,shrek,its,1,True,5fb80f9bc0f3,3.6148140006844183,latency-15aae90777b9.csv
1,15aae90777b9,2025-10-21T15:16:14.558954,shrek3,BOAT,32,True,5fb80f9bc0f3,7.453186999555328,latency-15aae90777b9.csv
1,15aae90777b9,2025-10-21T15:16:14.671723,shrek3,Final,119,True,5fb80f9bc0f3,7.882715000050666,latency-15aae90777b9.csv
1,15aae90777b9,2025-10-21T15:16:14.786377,grail,dancing,10,True,5fb80f9bc0f3,5.675723999956972,latency-15aae90777b9.csv
1,15aae90777b9,2025-10-21T15:16:14.897586,grail,54,2,True,5fb80f9bc0f3,7.427485000334855,latency-15aae90777b9.csv
1,15aae90777b9,2025-10-21T15:16:15.011913,grail,from,94,True,5fb80f9bc0f3,5.756362000283843,latency-15aae90777b9.csv
2,15aae90777b9,2025-10-21T15:16:15.126389,grail,TV,2,True,5fb80f9bc0f3,7.479197000066051,latency-15aae90777b9.csv
2,15aae90777b9,2025-10-21T15:16:15.241207,shrek,DONKEY,320,True,5fb80f9bc0f3,6.769451999389275,latency-15aae90777b9.csv
2,15aae90777b9,2025-10-21T15:16:15.356972,shrek,minute,3,True,5fb80f9bc0f3,4.201467000712,latency-15aae90777b9.csv
2,15aae90777b9,2025-10-21T15:16:15.466057,grail,king,136,True,5fb80f9bc0f3,3.024169999662263,latency-15aae90777b9.csv
2,15aae90777b9,2025-10-21T15:16:15.573036,shrek,SHREK,433,True,5fb80f9bc0f3,6.48468200051866,latency-15aae90777b9.csv
2,15aae90777b9,2025-10-21T15:16:15.690519,shrek3,SHREK,678,True,5fb80f9bc0f3,3.228642000067339,latency-15aae90777b9.csv
2,15aae90777b9,2025-10-21T15:16:15.798550,shrek3,the,1285,True,5fb80f9bc0f3,2.545125000324333,latency-15aae90777b9.csv
2,15aae90777b9,2025-10-21T15:16:15.904397,grail,"Peng,",0,True,5fb80f9bc0f3,3.8880829997651754,latency-15aae90777b9.csv
2,15aae90777b9,2025-10-21T15:16:16.012279,shrek3,of,275,True,5fb80f9bc0f3,4.465538999284036,latency-15aae90777b9.csv
2,15aae90777b9,2025-10-21T15:16:16.120743,shrek,old,10,True,5fb80f9bc0f3,3.1324949995905627,latency-15aae90777b9.csv
2,15aae90777b9,2025-10-21T15:16:16.226959,shrek,GUARD,25,True,5fb80f9bc0f3,3.1013889993118937,latency-15aae90777b9.csv
2,15aae90777b9,2025-10-21T15:16:16.333868,shrek3,SHOUTING),0,True,5fb80f9bc0f3,2.616351999677136,latency-15aae90777b9.csv
2,15aae90777b9,2025-10-21T15:16:16.440124,grail,toward,10,True,5fb80f9bc0f3,5.25390700022399,latency-15aae90777b9.csv
2,15aae90777b9,2025-10-21T15:16:16.549855,shrek3,ARTIE,213,True,5fb80f9bc0f3,2.7052249997723266,latency-15aae90777b9.csv
2,15aae90777b9,2025-10-21T15:16:16.655723,shrek,its,1,True,5fb80f9bc0f3,3.1987790007406147,latency-15aae90777b9.csv
2,15aae90777b9,2025-10-21T15:16:16.762356,shrek3,BOAT,32,True,5fb80f9bc0f3,3.888975000336359,latency-15aae90777b9.csv
2,15aae90777b9,2025-10-21T15:16:16.870389,shrek3,Final,119,True,5fb80f9bc0f3,3.618792999986909,latency-15aae90777b9.csv
2,15aae90777b9,2025-10-21T15:16:16.980719,grail,dancing,10,True,5fb80f9bc0f3,8.458887999950093,latency-15aae90777b9.csv
2,15aae90777b9,2025-10-21T15:16:17.095354,grail,54,2,True,5fb80f9bc0f3,3.810170000178914,latency-15aae90777b9.csv
2,15aae90777b9,2025-10-21T15:16:17.203637,grail,from,94,True,5fb80f9bc0f3,6.329462999929092,latency-15aae90777b9.csv
1,15bf56514955,2025-10-21T15:16:08.599798,shrek,his,48,True,5fb80f9bc0f3,2.893001999836997,latency-15bf56514955.csv
1,15bf56514955,2025-10-21T15:16:08.705926,shrek,token,1,True,5fb80f9bc0f3,2.555393999500666,latency-15bf56514955.csv
1,15bf56514955,2025-10-21T15:16:08.811627,grail,Bum,13,True,5fb80f9bc0f3,3.5426549993644585,latency-15bf56514955.csv
1,15bf56514955,2025-10-21T15:16:08.919466,shrek3,us,12,True,5fb80f9bc0f3,2.6050190008390928,latency-15bf56514955.csv
1,15bf56514955,2025-10-21T15:16:09.025376,shrek,minute,3,True,5fb80f9bc0f3,2.3200040004667244,latency-15bf56514955.csv
1,15bf56514955,2025-10-21T15:16:09.130773,shrek,baby,3,True,5fb80f9bc0f3,4.134017000069434,latency-15bf56514955.csv
1,15bf56514955,2025-10-21T15:16:09.238554,grail,sell,1,True,5fb80f9bc0f3,3.2049699993876857,latency-15bf56514955.csv
1,15bf56514955,2025-10-21T15:16:09.345554,grail,them,41,True,5fb80f9bc0f3,3.090707999945153,latency-15bf56514955.csv
1,15bf56514955,2025-10-21T15:16:09.451991,grail,LTD,6,True,5fb80f9bc0f3,2.494383999874117,latency-15bf56514955.csv
1,15bf56514955,2025-10-21T15:16:09.557295,shrek3,youre,0,True,5fb80f9bc0f3,2.255328000501322,latency-15bf56514955.csv
1,15bf56514955,2025-10-21T15:16:09.662544,shrek3,the,1285,True,5fb80f9bc0f3,4.441131000021414,latency-15bf56514955.csv
1,15bf56514955,2025-10-21T15:16:09.770758,shrek3,flaming,2,False,5fb80f9bc0f3,9.538211000290175,latency-15bf56514955.csv
1,15bf56514955,2025-10-21T15:16:09.883432,grail,the,1600,True,5fb80f9bc0f3,2.249897999718087,latency-15bf56514955.csv
1,15bf56514955,2025-10-21T15:16:09.988678,grail,right,66,True,5fb80f9bc0f3,2.4300389995914884,latency-15bf56514955.csv
1,15bf56514955,2025-10-21T15:16:10.094100,grail,with/,0,True,5fb80f9bc0f3,3.2645809997120523,latency-15bf56514955.csv
1,15bf56514955,2025-10-21T15:16:10.201396,shrek,afraid,8,True,5fb80f9bc0f3,3.2526230006624246,latency-15bf56514955.csv
1,15bf56514955,2025-10-21T15:16:10.308176,shrek,Is,132,True,5fb80f9bc0f3,3.13459800054261,latency-15bf56514955.csv
1,15bf56514955,2025-10-21T15:16:10.415088,grail,Launcelot,107,True,5fb80f9bc0f3,3.3816040004239767,latency-15bf56514955.csv
1,15bf56514955,2025-10-21T15:16:10.523143,shrek,and,318,True,5fb80f9bc0f3,4.42174799991335,latency-15bf56514955.csv
1,15bf56514955,2025-10-21T15:16:10.631548,shrek,Nobody,4,True,5fb80f9bc0f3,3.297740000562044,latency-15bf56514955.csv
2,15bf56514955,2025-10-21T15:16:10.738868,shrek,his,48,True,5fb80f9bc0f3,3.2297550005750963,latency-15bf56514955.csv
2,15bf56514955,2025-10-21T15:16:10.847430,shrek,token,1,True,5fb80f9bc0f3,2.520826999898418,latency-15bf56514955.csv
2,15bf56514955,2025-10-21T15:16:10.953401,grail,Bum,13,True,5fb80f9bc0f3,2.592967999589746,latency-15bf56514955.csv
2,15bf56514955,2025-10-21T15:16:11.059323,shrek3,us,12,True,5fb80f9bc0f3,2.901001999816799,latency-15bf56514955.csv
2,15bf56514955,2025-10-21T15:16:11.165796,shrek,minute,3,True,5fb80f9bc0f3,3.1073639993337565,latency-15bf56514955.csv
2,15bf56514955,2025-10-21T15:16:11.272697,shrek,baby,3,True,5fb80f9bc0f3,2.5553730001774966,latency-15bf56514955.csv
2,15bf56514955,2025-10-21T15:16:11.378409,grail,sell,1,True,5fb80f9bc0f3,2.8653209992626216,latency-15bf56514955.csv
2,15bf56514955,2025-10-21T15:16:11.484868,grail,them,41,True,5fb80f9bc0f3,3.1956309994711773,latency-15bf56514955.csv
2,15bf56514955,2025-10-21T15:16:11.591258,grail,LTD,6,True,5fb80f9bc0f3,2.895771999646968,latency-15bf56514955.csv
2,15bf56514955,2025-10-21T15:16:11.697801,shrek3,youre,0,True,5fb80f9bc0f3,2.833014000316325,latency-15bf56514955.csv
2,15bf56514955,2025-10-21T15:16:11.803947,shrek3,the,1285,True,5fb80f9bc0f3,4.55458299984457,latency-15bf56514955.csv
2,15bf56514955,2025-10-21T15:16:11.913645,shrek3,flaming,2,True,5fb80f9bc0f3,9.31451599990396,latency-15bf56514955.csv
2,15bf56514955,2025-10-21T15:16:12.028879,grail,the,1600,True,5fb80f9bc0f3,5.807857000036165,latency-15bf56514955.csv
2,15bf56514955,2025-10-21T15:16:12.140519,grail,right,66,True,5fb80f9bc0f3,2.4573079999754555,latency-15bf56514955.csv
2,15bf56514955,2025-10-21T15:16:12.248667,grail,with/,0,True,5fb80f9bc0f3,2.972868000142625,latency-15bf56514955.csv
2,15bf56514955,2025-10-21T15:16:12.359173,shrek,afraid,8,True,5fb80f9bc0f3,3.762201000427012,latency-15bf56514955.csv
2,15bf56514955,2025-10-21T15:16:12.468498,shrek,Is,132,True,5fb80f9bc0f3,4.151455999817699,latency-15bf56514955.csv
2,15bf56514955,2025-10-21T15:16:12.576639,grail,Launcelot,107,True,5fb80f9bc0f3,2.907529000367504,latency-15bf56514955.csv
2,15bf56514955,2025-10-21T15:16:12.682968,shrek,and,318,True,5fb80f9bc0f3,3.046226000151364,latency-15bf56514955.csv
2,15bf56514955,2025-10-21T15:16:12.789295,shrek,Nobody,4,True,5fb80f9bc0f3,3.376275999471545,latency-15bf56514955.csv
1,1a20b2813a39,2025-10-21T15:16:14.334006,shrek3,Artie,213,True,5fb80f9bc0f3,3.71886200082372,latency-1a20b2813a39.csv
1,1a20b2813a39,2025-10-21T15:16:14.442442,grail,at,104,True,5fb80f9bc0f3,4.211904999465332,latency-1a20b2813a39.csv
1,1a20b2813a39,2025-10-21T15:16:14.551070,shrek3,WHITE,45,True,5fb80f9bc0f3,4.510928999479802,latency-1a20b2813a39.csv
1,1a20b2813a39,2025-10-21T15:16:14.661910,grail,the,1600,True,5fb80f9bc0f3,6.043587000021944,latency-1a20b2813a39.csv
1,1a20b2813a39,2025-10-21T15:16:14.775835,shrek3,SHREK,678,True,5fb80f9bc0f3,4.153572000177519,latency-1a20b2813a39.csv
1,1a20b2813a39,2025-10-21T15:16:14.884419,shrek3,"Suddenly,",0,True,5fb80f9bc0f3,4.137037999498716,latency-1a20b2813a39.csv
1,1a20b2813a39,2025-10-21T15:16:14.992915,grail,Boom,4,True,5fb80f9bc0f3,4.1781939999054885,latency-1a20b2813a39.csv
1,1a20b2813a39,2025-10-21T15:16:15.101263,shrek,"Well,",0,True,5fb80f9bc0f3,3.975956000431325,latency-1a20b2813a39.csv
1,1a20b2813a39,2025-10-21T15:16:15.209363,shrek3,decree,1,True,5fb80f9bc0f3,4.438341999957629,latency-1a20b2813a39.csv
1,1a20b2813a39,2025-10-21T15:16:15.318291,grail,music,21,True,5fb80f9bc0f3,4.5903930003987625,latency-1a20b2813a39.csv
1,1a20b2813a39,2025-10-21T15:16:15.426438,shrek3,Arg,1,True,5fb80f9bc0f3,2.557040999818128,latency-1a20b2813a39.csv
1,1a20b2813a39,2025-10-21T15:16:15.532018,grail,singing,33,True,5fb80f9bc0f3,2.995922999616596,latency-1a20b2813a39.csv
1,1a20b2813a39,2025-10-21T15:16:15.638505,shrek3,116,1,True,5fb80f9bc0f3,4.523727999185212,latency-1a20b2813a39.csv
1,1a20b2813a39,2025-10-21T15:16:15.748296,shrek,who,29,True,5fb80f9bc0f3,2.6959930000884924,latency-1a20b2813a39.csv
1,1a20b2813a39,2025-10-21T15:16:15.854176,shrek,trip,1,True,5fb80f9bc0f3,3.963838999879954,latency-1a20b2813a39.csv
1,1a20b2813a39,2025-10-21T15:16:15.962248,shrek,Blah,1,True,5fb80f9bc0f3,3.678084000057424,latency-1a20b2813a39.csv
1,1a20b2813a39,2025-10-21T15:16:16.071126,grail,us,32,True,5fb80f9bc0f3,7.929099999273603,latency-1a20b2813a39.csv
1,1a20b2813a39,2025-10-21T15:16:16.185764,shrek3,PUSS,196,True,5fb80f9bc0f3,4.332368999712344,latency-1a20b2813a39.csv
1,1a20b2813a39,2025-10-21T15:16:16.294167,grail,pathetic,4,True,5fb80f9bc0f3,6.7089739995935815,latency-1a20b2813a39.csv
1,1a20b2813a39,2025-10-21T15:16:16.405659,shrek3,him,87,True,5fb80f9bc0f3,14.157350999994378,latency-1a20b2813a39.csv
2,1a20b2813a39,2025-10-21T15:16:16.531229,shrek3,Artie,213,True,5fb80f9bc0f3,3.0267230004028534,latency-1a20b2813a39.csv
2,1a20b2813a39,2025-10-21T15:16:16.638840,grail,at,104,True,5fb80f9bc0f3,3.2083569994938443,latency-1a20b2813a39.csv
2,1a20b2813a39,2025-10-21T15:16:16.749033,shrek3,WHITE,45,True,5fb80f9bc0f3,3.706980999595544,latency-1a20b2813a39.csv
2,1a20b2813a39,2025-10-21T15:16:16.859380,grail,the,1600,True,5fb80f9bc0f3,3.292176000286417,latency-1a20b2813a39.csv
2,1a20b2813a39,2025-10-21T15:16:16.969795,shrek3,SHREK,678,True,5fb80f9bc0f3,7.292161999430391,latency-1a20b2813a39.csv
2,1a20b2813a39,2025-10-21T15:16:17.085564,shrek3,"Suddenly,",0,True,5fb80f9bc0f3,3.602546000365692,latency-1a20b2813a39.csv
2,1a20b2813a39,2025-10-21T15:16:17.193390,grail,Boom,4,True,5fb80f9bc0f3,4.66264799979399,latency-1a20b2813a39.csv
2,1a20b2813a39,2025-10-21T15:16:17.302123,shrek,"Well,",0,True,5fb80f9bc0f3,7.480655000108527,latency-1a20b2813a39.csv
2,1a20b2813a39,2025-10-21T15:16:17.413850,shrek3,decree,1,True,5fb80f9bc0f3,2.5012870000864496,latency-1a20b2813a39.csv
2,1a20b2813a39,2025-10-21T15:16:17.519820,grail,music,21,True,5fb80f9bc0f3,2.686309000637266,latency-1a20b2813a39.csv
2,1a20b2813a39,2025-10-21T15:16:17.628060,shrek3,Arg,1,True,5fb80f9bc0f3,2.773217999674671,latency-1a20b2813a39.csv
2,1a20b2813a39,2025-10-21T15:16:17.734986,grail,singing,33,True,5fb80f9bc0f3,2.785517999654985,latency-1a20b2813a39.csv
2,1a20b2813a39,2025-10-21T15:16:17.841669,shrek3,116,1,True,5fb80f9bc0f3,3.254072000345332,latency-1a20b2813a39.csv
2,1a20b2813a39,2025-10-21T15:16:17.949571,shrek,who,29,True,5fb80f9bc0f3,2.659707000020717,latency-1a20b2813a39.csv
2,1a20b2813a39,2025-10-21T15:16:18.056224,shrek,trip,1,True,5fb80f9bc0f3,4.335636000178056,latency-1a20b2813a39.csv
2,1a20b2813a39,2025-10-21T15:16:18.166069,shrek,Blah,1,True,5fb80f9bc0f3,9.41778800006432,latency-1a20b2813a39.csv
2,1a20b2813a39,2025-10-21T15:16:18.280571,grail,us,32,True,5fb80f9bc0f3,3.867471999910777,latency-1a20b2813a39.csv
2,1a20b2813a39,2025-10-21T15:16:18.388496,shrek3,PUSS,196,True,5fb80f9bc0f3,3.356788000019151,latency-1a20b2813a39.csv
2,1a20b2813a39,2025-10-21T15:16:18.495505,grail,pathetic,4,True,5fb80f9bc0f3,4.459927000425523,latency-1a20b2813a39.csv
2,1a20b2813a39,2025-10-21T15:16:18.604605,shrek3,him,87,True,5fb80f9bc0f3,4.55331900047895,latency-1a20b2813a39.csv
1,1c3144dab699,2025-10-21T15:15:50.268404,shrek3,Final,119,True,5fb80f9bc0f3,5.2216510002836,latency-1c3144dab699.csv
1,1c3144dab699,2025-10-21T15:15:50.379597,shrek,you,409,True,5fb80f9bc0f3,11.265051000009407,latency-1c3144dab699.csv
1,1c3144dab699,2025-10-21T15:15:50.496459,shrek3,They,80,True,5fb80f9bc0f3,6.273197000155051,latency-1c3144dab699.csv
1,1c3144dab699,2025-10-21T15:15:50.606989,grail,(as,0,True,5fb80f9bc0f3,5.014229999687814,latency-1c3144dab699.csv
1,1c3144dab699,2025-10-21T15:15:50.718873,shrek,fair,2,True,5fb80f9bc0f3,4.569060999529029,latency-1c3144dab699.csv
1,1c3144dab699,2025-10-21T15:15:50.828189,shrek,you,409,True,5fb80f9bc0f3,4.738573000395263,latency-1c3144dab699.csv
1,1c3144dab699,2025-10-21T15:15:50.939748,grail,-,259,False,5fb80f9bc0f3,15.59335399997508,latency-1c3144dab699.csv
1,1c3144dab699,2025-10-21T15:15:51.059700,shrek,SHREK,433,True,5fb80f9bc0f3,3.5397759993429645,latency-1c3144dab699.csv
1,1c3144dab699,2025-10-21T15:15:51.167825,shrek3,to,511,True,5fb80f9bc0f3,5.103123000480991,latency-1c3144dab699.csv
1,1c3144dab699,2025-10-21T15:15:51.277725,shrek3,cosmic,1,False,5fb80f9bc0f3,14.13541100009752,latency-1c3144dab699.csv
1,1c3144dab699,2025-10-21T15:15:51.398712,grail,pause,10,True,5fb80f9bc0f3,8.373683000172605,latency-1c3144dab699.csv
1,1c3144dab699,2025-10-21T15:15:51.524001,grail,Footnote,4,True,5fb80f9bc0f3,45.51897199962696,latency-1c3144dab699.csv
1,1c3144dab699,2025-10-21T15:15:51.683882,shrek3,ARTIE,213,True,5fb80f9bc0f3,12.71591000022454,latency-1c3144dab699.csv
1,1c3144dab699,2025-10-21T15:15:51.809512,grail,G,6,False,5fb80f9bc0f3,17.121715000030235,latency-1c3144dab699.csv
1,1c3144dab699,2025-10-21T15:15:51.935488,grail,the,1600,True,5fb80f9bc0f3,7.821856000191474,latency-1c3144dab699.csv
1,1c3144dab699,2025-10-21T15:15:52.047874,shrek,field,4,True,5fb80f9bc0f3,12.94359599978634,latency-1c3144dab699.csv
1,1c3144dab699,2025-10-21T15:15:52.168018,grail,Who’s,3,False,5fb80f9bc0f3,12.442131999705452,latency-1c3144dab699.csv
1,1c3144dab699,2025-10-21T15:15:52.286807,shrek,rising,1,True,5fb80f9bc0f3,3.7855849996049074,latency-1c3144dab699.csv
1,1c3144dab699,2025-10-21T15:15:52.396111,shrek3,the,1285,True,5fb80f9bc0f3,3.3836150005299714,latency-1c3144dab699.csv
1,1c3144dab699,2025-10-21T15:15:52.503715,shrek,whole,10,False,5fb80f9bc0f3,16.067128000031516,latency-1c3144dab699.csv
2,1c3144dab699,2025-10-21T15:15:52.625510,shrek3,Final,119,True,5fb80f9bc0f3,2.484746999471099,latency-1c3144dab699.csv
2,1c3144dab699,2025-10-21T15:15:52.732435,shrek,you,409,True,5fb80f9bc0f3,3.6291099995651166,latency-1c3144dab699.csv
2,1c3144dab699,2025-10-21T15:15:52.846910,shrek3,They,80,True,5fb80f9bc0f3,2.789500999824668,latency-1c3144dab699.csv
2,1c3144dab699,2025-10-21T15:15:52.954296,grail,(as,0,True,5fb80f9bc0f3,2.790001999528613,latency-1c3144dab699.csv
2,1c3144dab699,2025-10-21T15:15:53.060188,shrek,fair,2,True,5fb80f9bc0f3,3.2649929999024607,latency-1c3144dab699.csv
2,1c3144dab699,2025-10-21T15:15:53.167719,shrek,you,409,True,5fb80f9bc0f3,2.631962999657844,latency-1c3144dab699.csv
2,1c3144dab699,2025-10-21T15:15:53.273866,grail,-,259,True,5fb80f9bc0f3,2.8122759995312663,latency-1c3144dab699.csv
2,1c3144dab699,2025-10-21T15:15:53.380658,shrek,SHREK,433,True,5fb80f9bc0f3,9.538074000374763,latency-1c3144dab699.csv
2,1c3144dab699,2025-10-21T15:15:53.495781,shrek3,to,511,True,5fb80f9bc0f3,21.746153999629318,latency-1c3144dab699.csv
2,1c3144dab699,2025-10-21T15:15:53.621903,shrek3,cosmic,1,True,5fb80f9bc0f3,24.247874999673517,latency-1c3144dab699.csv
2,1c3144dab699,2025-10-21T15:15:53.764973,grail,pause,10,True,5fb80f9bc0f3,4.44298499951401,latency-1c3144dab699.csv
2,1c3144dab699,2025-10-21T15:15:53.875396,grail,Footnote,4,True,5fb80f9bc0f3,12.993186000130663,latency-1c3144dab699.csv
2,1c3144dab699,2025-10-21T15:15:53.997150,shrek3,ARTIE,213,True,5fb80f9bc0f3,9.783943000002182,latency-1c3144dab699.csv
2,1c3144dab699,2025-10-21T15:15:54.119729,grail,G,6,True,5fb80f9bc0f3,4.373380999822984,latency-1c3144dab699.csv
2,1c3144dab699,2025-10-21T15:15:54.231213,grail,the,1600,True,5fb80f9bc0f3,3.2756099999460275,latency-1c3144dab699.csv
2,1c3144dab699,2025-10-21T15:15:54.338375,shrek,field,4,True,5fb80f9bc0f3,3.5003789998881985,latency-1c3144dab699.csv
2,1c3144dab699,2025-10-21T15:15:54.447432,grail,Who’s,3,True,5fb80f9bc0f3,12.690573000327277,latency-1c3144dab699.csv
2,1c3144dab699,2025-10-21T15:15:54.567408,shrek,rising,1,True,5fb80f9bc0f3,11.775668000154838,latency-1c3144dab699.csv
2,1c3144dab699,2025-10-21T15:15:54.683236,shrek3,the,1285,True,5fb80f9bc0f3,14.048279999769877,latency-1c3144dab699.csv
2,1c3144dab699,2025-10-21T15:15:54.810999,shrek,whole,10,True,5fb80f9bc0f3,3.087291999690933,latency-1c3144dab699.csv
1,1c4e2be189d6,2025-10-21T15:15:58.796832,shrek,And,318,True,5fb80f9bc0f3,3.788736999922549,latency-1c4e2be189d6.csv
1,1c4e2be189d6,2025-10-21T15:15:58.905585,grail,going,21,True,5fb80f9bc0f3,2.6375360002930397,latency-1c4e2be189d6.csv
1,1c4e2be189d6,2025-10-21T15:15:59.011253,shrek3,the,1285,True,5fb80f9bc0f3,3.201081999577582,latency-1c4e2be189d6.csv
1,1c4e2be189d6,2025-10-21T15:15:59.118405,shrek3,get,39,True,5fb80f9bc0f3,3.887900999870908,latency-1c4e2be189d6.csv
1,1c4e2be189d6,2025-10-21T15:15:59.226374,shrek3,to,511,True,5fb80f9bc0f3,5.850966999787488,latency-1c4e2be189d6.csv
1,1c4e2be189d6,2025-10-21T15:15:59.337406,shrek3,youre,0,True,5fb80f9bc0f3,4.233034999742813,latency-1c4e2be189d6.csv
1,1c4e2be189d6,2025-10-21T15:15:59.445836,shrek,edge,2,True,5fb80f9bc0f3,3.3802560001277016,latency-1c4e2be189d6.csv
1,1c4e2be189d6,2025-10-21T15:15:59.553002,shrek3,Donkey,243,True,5fb80f9bc0f3,3.409141999327403,latency-1c4e2be189d6.csv
1,1c4e2be189d6,2025-10-21T15:15:59.660041,shrek3,true,1,True,5fb80f9bc0f3,3.0268059999798425,latency-1c4e2be189d6.csv
1,1c4e2be189d6,2025-10-21T15:15:59.766250,grail,“I,0,True,5fb80f9bc0f3,4.289203000553243,latency-1c4e2be189d6.csv
1,1c4e2be189d6,2025-10-21T15:15:59.874216,shrek,ogre,27,True,5fb80f9bc0f3,3.480473999843525,latency-1c4e2be189d6.csv
1,1c4e2be189d6,2025-10-21T15:15:59.981475,grail,BEDEVERE,103,True,5fb80f9bc0f3,4.516800000601506,latency-1c4e2be189d6.csv
1,1c4e2be189d6,2025-10-21T15:16:00.089677,grail,Aaaaugh,9,True,5fb80f9bc0f3,6.065034000130254,latency-1c4e2be189d6.csv
1,1c4e2be189d6,2025-10-21T15:16:00.202489,shrek,on,88,True,5fb80f9bc0f3,3.0705619992659194,latency-1c4e2be189d6.csv
1,1c4e2be189d6,2025-10-21T15:16:00.309575,shrek3,WHITE,45,True,5fb80f9bc0f3,12.517169000602737,latency-1c4e2be189d6.csv
1,1c4e2be189d6,2025-10-21T15:16:00.429431,grail,Tm,5,True,5fb80f9bc0f3,11.679650000587571,latency-1c4e2be189d6.csv
1,1c4e2be189d6,2025-10-21T15:16:00.557565,grail,"lute,",0,True,5fb80f9bc0f3,10.107086999596504,latency-1c4e2be189d6.csv
1,1c4e2be189d6,2025-10-21T15:16:00.676986,grail,Boom,4,True,5fb80f9bc0f3,3.1600970005456475,latency-1c4e2be189d6.csv
1,1c4e2be189d6,2025-10-21T15:16:00.784473,shrek,will,16,True,5fb80f9bc0f3,3.7120249999134094,latency-1c4e2be189d6.csv
1,1c4e2be189d6,2025-10-21T15:16:00.892008,shrek3,WOLF,7,True,5fb80f9bc0f3,3.1745350006531226,latency-1c4e2be189d6.csv
2,1c4e2be189d6,2025-10-21T15:16:00.998907,shrek,And,318,True,5fb80f9bc0f3,3.7419580003188457,latency-1c4e2be189d6.csv
2,1c4e2be189d6,2025-10-21T15:16:01.106788,grail,going,21,True,5fb80f9bc0f3,3.1942229998094263,latency-1c4e2be189d6.csv
2,1c4e2be189d6,2025-10-21T15:16:01.213854,shrek3,the,1285,True,5fb80f9bc0f3,2.86417999996047,latency-1c4e2be189d6.csv
2,1c4e2be189d6,2025-10-21T15:16:01.320050,shrek3,get,39,True,5fb80f9bc0f3,4.248336000273412,latency-1c4e2be189d6.csv
2,1c4e2be189d6,2025-10-21T15:16:01.428585,shrek3,to,511,True,5fb80f9bc0f3,2.4233560006905464,latency-1c4e2be189d6.csv
2,1c4e2be189d6,2025-10-21T15:16:01.534187,shrek3,youre,0,True,5fb80f9bc0f3,2.944687999843154,latency-1c4e2be189d6.csv
2,1c4e2be189d6,2025-10-21T15:16:01.640179,shrek,edge,2,True,5fb80f9bc0f3,4.78871999985131,latency-1c4e2be189d6.csv
2,1c4e2be189d6,2025-10-21T15:16:01.748686,shrek3,Donkey,243,True,5fb80f9bc0f3,9.40356199953385,latency-1c4e2be189d6.csv
2,1c4e2be189d6,2025-10-21T15:16:01.862562,shrek3,true,1,True,5fb80f9bc0f3,4.057563000060327,latency-1c4e2be189d6.csv
2,1c4e2be189d6,2025-10-21T15:16:01.970279,grail,“I,0,True,5fb80f9bc0f3,3.533107000293967,latency-1c4e2be189d6.csv
2,1c4e2be189d6,2025-10-21T15:16:02.077224,shrek,ogre,27,True,5fb80f9bc0f3,3.227772999707668,latency-1c4e2be189d6.csv
2,1c4e2be189d6,2025-10-21T15:16:02.183824,grail,BEDEVERE,103,True,5fb80f9bc0f3,5.526877000193053,latency-1c4e2be189d6.csv
2,1c4e2be189d6,2025-10-21T15:16:02.293398,grail,Aaaaugh,9,True,5fb80f9bc0f3,5.2888079999320325,latency-1c4e2be189d6.csv
2,1c4e2be189d6,2025-10-21T15:16:02.402229,shrek,on,88,True,5fb80f9bc0f3,19.44681299937656,latency-1c4e2be189d6.csv
2,1c4e2be189d6,2025-10-21T15:16:02.528529,shrek3,WHITE,45,True,5fb80f9bc0f3,11.417427999731444,latency-1c4e2be189d6.csv
2,1c4e2be189d6,2025-10-21T15:16:02.651604,grail,Tm,5,True,5fb80f9bc0f3,6.533309999213088,latency-1c4e2be189d6.csv
2,1c4e2be189d6,2025-10-21T15:16:02.767307,grail,"lute,",0,True,5fb80f9bc0f3,10.648315000253206,latency-1c4e2be189d6.csv
2,1c4e2be189d6,2025-10-21T15:16:02.886982,grail,Boom,4,True,5fb80f9bc0f3,10.425503000078606,latency-1c4e2be189d6.csv
2,1c4e2be189d6,2025-10-21T15:16:03.011689,shrek,will,16,True,5fb80f9bc0f3,2.7444349998404505,latency-1c4e2be189d6.csv
2,1c4e2be189d6,2025-10-21T15:16:03.117531,shrek3,WOLF,7,True,5fb80f9bc0f3,2.473784999892814,latency-1c4e2be189d6.csv
1,20155970c5ba,2025-10-21T15:15:56.967395,grail,GALAHAD,87,True,5fb80f9bc0f3,2.444745000502735,latency-20155970c5ba.csv
1,20155970c5ba,2025-10-21T15:15:57.073567,grail,pretty,7,True,5fb80f9bc0f3,2.550193999923067,latency-20155970c5ba.csv
1,20155970c5ba,2025-10-21T15:15:57.180578,grail,I,298,True,5fb80f9bc0f3,3.925899000023492,latency-20155970c5ba.csv
1,20155970c5ba,2025-10-21T15:15:57.288875,shrek,He,118,True,5fb80f9bc0f3,4.695218000051682,latency-20155970c5ba.csv
1,20155970c5ba,2025-10-21T15:15:57.397909,shrek,your,49,False,5fb80f9bc0f3,8.562138999877789,latency-20155970c5ba.csv
1,20155970c5ba,2025-10-21T15:15:57.509901,shrek3,"Suddenly,",0,False,5fb80f9bc0f3,9.14643000032811,latency-20155970c5ba.csv
1,20155970c5ba,2025-10-21T15:15:57.622174,shrek3,him,87,True,5fb80f9bc0f3,3.091440000389412,latency-20155970c5ba.csv
1,20155970c5ba,2025-10-21T15:15:57.729163,shrek3,CAPTAIN,41,True,5fb80f9bc0f3,3.8174960000105775,latency-20155970c5ba.csv
1,20155970c5ba,2025-10-21T15:15:57.836913,shrek3,Artie,213,True,5fb80f9bc0f3,2.5528979995215195,latency-20155970c5ba.csv
1,20155970c5ba,2025-10-21T15:15:57.942809,shrek3,you,328,False,5fb80f9bc0f3,12.451542999770028,latency-20155970c5ba.csv
1,20155970c5ba,2025-10-21T15:15:58.059153,shrek,looks,37,True,5fb80f9bc0f3,4.425009999977192,latency-20155970c5ba.csv
1,20155970c5ba,2025-10-21T15:15:58.167820,shrek,SHREK,433,True,5fb80f9bc0f3,2.6191289998678258,latency-20155970c5ba.csv
1,20155970c5ba,2025-10-21T15:15:58.273875,shrek,FIONA,211,True,5fb80f9bc0f3,3.2261870001093484,latency-20155970c5ba.csv
1,20155970c5ba,2025-10-21T15:15:58.380603,shrek3,wont,0,True,5fb80f9bc0f3,4.329428999881202,latency-20155970c5ba.csv
1,20155970c5ba,2025-10-21T15:15:58.488821,grail,rows,1,True,5fb80f9bc0f3,2.6084680002895766,latency-20155970c5ba.csv
1,20155970c5ba,2025-10-21T15:15:58.594969,shrek3,Guards,23,True,5fb80f9bc0f3,3.9410140007021255,latency-20155970c5ba.csv
1,20155970c5ba,2025-10-21T15:15:58.703043,shrek,you,409,True,5fb80f9bc0f3,3.8639139993392746,latency-20155970c5ba.csv
1,20155970c5ba,2025-10-21T15:15:58.811143,shrek3,ARTIE,213,True,5fb80f9bc0f3,4.966128999512876,latency-20155970c5ba.csv
1,20155970c5ba,2025-10-21T15:15:58.919613,shrek3,WHITE,45,True,5fb80f9bc0f3,3.7641489998350153,latency-20155970c5ba.csv
1,20155970c5ba,2025-10-21T15:15:59.027187,shrek3,Final,119,True,5fb80f9bc0f3,4.417796999405255,latency-20155970c5ba.csv
2,20155970c5ba,2025-10-21T15:15:59.135739,grail,GALAHAD,87,True,5fb80f9bc0f3,3.500282999993942,latency-20155970c5ba.csv
2,20155970c5ba,2025-10-21T15:15:59.242625,grail,pretty,7,True,5fb80f9bc0f3,5.781576000117639,latency-20155970c5ba.csv
2,20155970c5ba,2025-10-21T15:15:59.353929,grail,I,298,True,5fb80f9bc0f3,4.742549999718904,latency-20155970c5ba.csv
2,20155970c5ba,2025-10-21T15:15:59.470564,shrek,He,118,True,5fb80f9bc0f3,5.954741000095964,latency-20155970c5ba.csv
2,20155970c5ba,2025-10-21T15:15:59.580685,shrek,your,49,True,5fb80f9bc0f3,4.002402999503829,latency-20155970c5ba.csv
2,20155970c5ba,2025-10-21T15:15:59.688738,shrek3,"Suddenly,",0,True,5fb80f9bc0f3,4.606243999660364,latency-20155970c5ba.csv
2,20155970c5ba,2025-10-21T15:15:59.797246,shrek3,him,87,True,5fb80f9bc0f3,4.861577000156103,latency-20155970c5ba.csv
2,20155970c5ba,2025-10-21T15:15:59.906342,shrek3,CAPTAIN,41,True,5fb80f9bc0f3,5.55251399964618,latency-20155970c5ba.csv
2,20155970c5ba,2025-10-21T15:16:00.016139,shrek3,Artie,213,True,5fb80f9bc0f3,4.800153999894974,latency-20155970c5ba.csv
2,20155970c5ba,2025-10-21T15:16:00.125402,shrek3,you,328,True,5fb80f9bc0f3,5.755314999987604,latency-20155970c5ba.csv
2,20155970c5ba,2025-10-21T15:16:00.248559,shrek,looks,37,True,5fb80f9bc0f3,3.5265240003354847,latency-20155970c5ba.csv
2,20155970c5ba,2025-10-21T15:16:00.357974,shrek,SHREK,433,True,5fb80f9bc0f3,3.619614999479381,latency-20155970c5ba.csv
2,20155970c5ba,2025-10-21T15:16:00.469315,shrek,FIONA,211,True,5fb80f9bc0f3,7.3317670003234525,latency-20155970c5ba.csv
2,20155970c5ba,2025-10-21T15:16:00.585322,shrek3,wont,0,True,5fb80f9bc0f3,4.3090330000268295,latency-20155970c5ba.csv
2,20155970c5ba,2025-10-21T15:16:00.694177,grail,rows,1,True,5fb80f9bc0f3,12.952658999893174,latency-20155970c5ba.csv
2,20155970c5ba,2025-10-21T15:16:00.821369,shrek3,Guards,23,True,5fb80f9bc0f3,4.358655999567418,latency-20155970c5ba.csv
2,20155970c5ba,2025-10-21T15:16:00.935075,shrek,you,409,True,5fb80f9bc0f3,5.040131999521691,latency-20155970c5ba.csv
2,20155970c5ba,2025-10-21T15:16:01.044616,shrek3,ARTIE,213,True,5fb80f9bc0f3,4.265387000486953,latency-20155970c5ba.csv
2,20155970c5ba,2025-10-21T15:16:01.153804,shrek3,WHITE,45,True,5fb80f9bc0f3,4.188181999779772,latency-20155970c5ba.csv
2,20155970c5ba,2025-10-21T15:16:01.262147,shrek3,Final,119,True,5fb80f9bc0f3,4.659453000385838,latency-20155970c5ba.csv
1,24059836abb1,2025-10-21T15:16:25.258615,shrek,GUARD,25,True,5fb80f9bc0f3,3.4402729997964343,latency-24059836abb1.csv
1,24059836abb1,2025-10-21T15:16:25.365950,grail,G,6,True,5fb80f9bc0f3,2.747581000221544,latency-24059836abb1.csv
1,24059836abb1,2025-10-21T15:16:25.471872,shrek3,PRINCE,207,True,5fb80f9bc0f3,2.7962359999946784,latency-24059836abb1.csv
1,24059836abb1,2025-10-21T15:16:25.578431,grail,ANOTHER,25,True,5fb80f9bc0f3,16.075511000053666,latency-24059836abb1.csv
1,24059836abb1,2025-10-21T15:16:25.705200,grail,the,1600,True,5fb80f9bc0f3,11.814743999821076,latency-24059836abb1.csv
1,24059836abb1,2025-10-21T15:16:25.824296,shrek3,Third,121,True,5fb80f9bc0f3,6.192865000230086,latency-24059836abb1.csv
1,24059836abb1,2025-10-21T15:16:25.936013,grail,king,136,True,5fb80f9bc0f3,11.48596799976076,latency-24059836abb1.csv
1,24059836abb1,2025-10-21T15:16:26.054884,shrek,on,88,True,5fb80f9bc0f3,5.438987000161433,latency-24059836abb1.csv
1,24059836abb1,2025-10-21T15:16:26.165225,shrek3,Donkey,243,True,5fb80f9bc0f3,3.5538840002118377,latency-24059836abb1.csv
1,24059836abb1,2025-10-21T15:16:26.275903,shrek,placed,1,True,5fb80f9bc0f3,3.660139000203344,latency-24059836abb1.csv
1,24059836abb1,2025-10-21T15:16:26.386405,shrek3,at,134,True,5fb80f9bc0f3,4.231274999256129,latency-24059836abb1.csv
1,24059836abb1,2025-10-21T15:16:26.495898,shrek3,Hold,8,True,5fb80f9bc0f3,3.105601000243041,latency-24059836abb1.csv
1,24059836abb1,2025-10-21T15:16:26.603684,shrek3,Guards,23,True,5fb80f9bc0f3,4.43548200018995,latency-24059836abb1.csv
1,24059836abb1,2025-10-21T15:16:26.716439,shrek3,youre,0,True,5fb80f9bc0f3,4.648146999898017,latency-24059836abb1.csv
1,24059836abb1,2025-10-21T15:16:26.838641,shrek3,right,36,True,5fb80f9bc0f3,4.445677999683539,latency-24059836abb1.csv
1,24059836abb1,2025-10-21T15:16:26.948232,shrek,FIONA,211,True,5fb80f9bc0f3,3.715488000125333,latency-24059836abb1.csv
1,24059836abb1,2025-10-21T15:16:27.056166,shrek3,RAPUNZEL,30,True,5fb80f9bc0f3,3.0765820001761317,latency-24059836abb1.csv
1,24059836abb1,2025-10-21T15:16:27.162731,grail,them,41,True,5fb80f9bc0f3,2.54242999926646,latency-24059836abb1.csv
1,24059836abb1,2025-10-21T15:16:27.268562,shrek,old,10,True,5fb80f9bc0f3,2.210161000220978,latency-24059836abb1.csv
1,24059836abb1,2025-10-21T15:16:27.373813,shrek,GUARD,25,True,5fb80f9bc0f3,2.758761999757553,latency-24059836abb1.csv
2,24059836abb1,2025-10-21T15:16:27.480078,shrek,GUARD,25,True,5fb80f9bc0f3,2.28278299982776,latency-24059836abb1.csv
2,24059836abb1,2025-10-21T15:16:27.585314,grail,G,6,True,5fb80f9bc0f3,2.6227560001643724,latency-24059836abb1.csv
2,24059836abb1,2025-10-21T15:16:27.690930,shrek3,PRINCE,207,True,5fb80f9bc0f3,2.6866510006584576,latency-24059836abb1.csv
2,24059836abb1,2025-10-21T15:16:27.796826,grail,ANOTHER,25,True,5fb80f9bc0f3,2.42553099997167,latency-24059836abb1.csv
2,24059836abb1,2025-10-21T15:16:27.902687,grail,the,1600,True,5fb80f9bc0f3,2.826846000061778,latency-24059836abb1.csv
2,24059836abb1,2025-10-21T15:16:28.008431,shrek3,Third,121,True,5fb80f9bc0f3,2.1060389999547624,latency-24059836abb1.csv
2,24059836abb1,2025-10-21T15:16:28.114005,grail,king,136,True,5fb80f9bc0f3,2.236574000562541,latency-24059836abb1.csv
2,24059836abb1,2025-10-21T15:16:28.219395,shrek,on,88,True,5fb80f9bc0f3,3.4499700004744227,latency-24059836abb1.csv
2,24059836abb1,2025-10-21T15:16:28.326466,shrek3,Donkey,243,True,5fb80f9bc0f3,2.507748000425636,latency-24059836abb1.csv
2,24059836abb1,2025-10-21T15:16:28.431757,shrek,placed,1,True,5fb80f9bc0f3,2.2118549995866488,latency-24059836abb1.csv
2,24059836abb1,2025-10-21T15:16:28.537073,shrek3,at,134,True,5fb80f9bc0f3,5.531281000003219,latency-24059836abb1.csv
2,24059836abb1,2025-10-21T15:16:28.646096,shrek3,Hold,8,True,5fb80f9bc0f3,2.8040899996994995,latency-24059836abb1.csv
2,24059836abb1,2025-10-21T15:16:28.751953,shrek3,Guards,23,True,5fb80f9bc0f3,2.070769000056316,latency-24059836abb1.csv
2,24059836abb1,2025-10-21T15:16:28.857163,shrek3,youre,0,True,5fb80f9bc0f3,3.926294999473612,latency-24059836abb1.csv
2,24059836abb1,2025-10-21T15:16:28.964841,shrek3,right,36,True,5fb80f9bc0f3,2.7817610007332405,latency-24059836abb1.csv
2,24059836abb1,2025-10-21T15:16:29.070452,shrek,FIONA,211,True,5fb80f9bc0f3,3.1298659996537026,latency-24059836abb1.csv
2,24059836abb1,2025-10-21T15:16:29.177051,shrek3,RAPUNZEL,30,True,5fb80f9bc0f3,3.2959720001599635,latency-24059836abb1.csv
2,24059836abb1,2025-10-21T15:16:29.284256,grail,them,41,True,5fb80f9bc0f3,3.322798000226612,latency-24059836abb1.csv
2,24059836abb1,2025-10-21T15:16:29.390961,shrek,old,10,True,5fb80f9bc0f3,3.0174719995557098,latency-24059836abb1.csv
2,24059836abb1,2025-10-21T15:16:29.499413,shrek,GUARD,25,True,5fb80f9bc0f3,4.560968999612669,latency-24059836abb1.csv
1,271c7f86ea05,2025-10-21T15:15:49.038829,grail,from,94,True,5fb80f9bc0f3,2.295348000188824,latency-271c7f86ea05.csv
1,271c7f86ea05,2025-10-21T15:15:49.144135,grail,dancing,10,True,5fb80f9bc0f3,6.203635000019858,latency-271c7f86ea05.csv
1,271c7f86ea05,2025-10-21T15:15:49.253707,grail,Christ,8,False,5fb80f9bc0f3,7.589560999804235,latency-271c7f86ea05.csv
1,271c7f86ea05,2025-10-21T15:15:49.365124,shrek3,me,72,False,5fb80f9bc0f3,19.028458999855506,latency-271c7f86ea05.csv
1,271c7f86ea05,2025-10-21T15:15:49.488956,grail,pretty,7,True,5fb80f9bc0f3,10.928450999927009,latency-271c7f86ea05.csv
1,271c7f86ea05,2025-10-21T15:15:49.608020,shrek3,CAPTAIN,41,True,5fb80f9bc0f3,18.68617899981473,latency-271c7f86ea05.csv
1,271c7f86ea05,2025-10-21T15:15:49.742445,grail,from,94,True,5fb80f9bc0f3,7.356364999395737,latency-271c7f86ea05.csv
1,271c7f86ea05,2025-10-21T15:15:49.864376,grail,witch,30,True,5fb80f9bc0f3,4.332575000262295,latency-271c7f86ea05.csv
1,271c7f86ea05,2025-10-21T15:15:49.974963,grail,pause,10,True,5fb80f9bc0f3,4.557721999844944,latency-271c7f86ea05.csv
1,271c7f86ea05,2025-10-21T15:15:50.085488,shrek,Is,132,True,5fb80f9bc0f3,4.496919999837701,latency-271c7f86ea05.csv
1,271c7f86ea05,2025-10-21T15:15:50.195661,shrek,tale,7,True,5fb80f9bc0f3,4.940898999848287,latency-271c7f86ea05.csv
1,271c7f86ea05,2025-10-21T15:15:50.304751,shrek3,bed,10,False,5fb80f9bc0f3,35.77651599971432,latency-271c7f86ea05.csv
1,271c7f86ea05,2025-10-21T15:15:50.446969,grail,pretty,7,True,5fb80f9bc0f3,7.367930999862438,latency-271c7f86ea05.csv
1,271c7f86ea05,2025-10-21T15:15:50.570172,shrek,Aah,6,False,5fb80f9bc0f3,15.661277000617702,latency-271c7f86ea05.csv
1,271c7f86ea05,2025-10-21T15:15:50.691212,shrek,on,88,True,5fb80f9bc0f3,5.636393999338907,latency-271c7f86ea05.csv
1,271c7f86ea05,2025-10-21T15:15:50.802129,shrek3,PRINCE,207,True,5fb80f9bc0f3,5.811183999867353,latency-271c7f86ea05.csv
1,271c7f86ea05,2025-10-21T15:15:50.912914,grail,To,718,True,5fb80f9bc0f3,4.038075999233115,latency-271c7f86ea05.csv
1,271c7f86ea05,2025-10-21T15:15:51.022814,shrek3,MERLIN,73,True,5fb80f9bc0f3,5.648897999890323,latency-271c7f86ea05.csv
1,271c7f86ea05,2025-10-21T15:15:51.136654,shrek3,Hold,8,True,5fb80f9bc0f3,9.292200000345474,latency-271c7f86ea05.csv
1,271c7f86ea05,2025-10-21T15:15:51.260642,shrek,don't,72,True,5fb80f9bc0f3,4.093940000529983,latency-271c7f86ea05.csv
2,271c7f86ea05,2025-10-21T15:15:51.370974,grail,from,94,True,5fb80f9bc0f3,5.212541000219062,latency-271c7f86ea05.csv
2,271c7f86ea05,2025-10-21T15:15:51.480522,grail,dancing,10,True,5fb80f9bc0f3,54.06749200028571,latency-271c7f86ea05.csv
2,271c7f86ea05,2025-10-21T15:15:51.665064,grail,Christ,8,True,5fb80f9bc0f3,3.415997999582032,latency-271c7f86ea05.csv
2,271c7f86ea05,2025-10-21T15:15:51.772514,shrek3,me,72,True,5fb80f9bc0f3,2.6734450002550147,latency-271c7f86ea05.csv
2,271c7f86ea05,2025-10-21T15:15:51.878828,grail,pretty,7,True,5fb80f9bc0f3,6.303049000052852,latency-271c7f86ea05.csv
2,271c7f86ea05,2025-10-21T15:15:51.989346,shrek3,CAPTAIN,41,True,5fb80f9bc0f3,3.3166650000566733,latency-271c7f86ea05.csv
2,271c7f86ea05,2025-10-21T15:15:52.096049,grail,from,94,True,5fb80f9bc0f3,3.098442999544204,latency-271c7f86ea05.csv
2,271c7f86ea05,2025-10-21T15:15:52.203102,grail,witch,30,True,5fb80f9bc0f3,4.532103999736137,latency-271c7f86ea05.csv
2,271c7f86ea05,2025-10-21T15:15:52.311757,grail,pause,10,True,5fb80f9bc0f3,3.920977000234416,latency-271c7f86ea05.csv
2,271c7f86ea05,2025-10-21T15:15:52.419818,shrek,Is,132,True,5fb80f9bc0f3,7.222206999358605,latency-271c7f86ea05.csv
2,271c7f86ea05,2025-10-21T15:15:52.532138,shrek,tale,7,True,5fb80f9bc0f3,13.83409199934249,latency-271c7f86ea05.csv
2,271c7f86ea05,2025-10-21T15:15:52.652471,shrek3,bed,10,True,5fb80f9bc0f3,9.177837000606814,latency-271c7f86ea05.csv
2,271c7f86ea05,2025-10-21T15:15:52.771995,grail,pretty,7,True,5fb80f9bc0f3,8.694187000401143,latency-271c7f86ea05.csv
2,271c7f86ea05,2025-10-21T15:15:52.886436,shrek,Aah,6,True,5fb80f9bc0f3,2.733330999944883,latency-271c7f86ea05.csv
2,271c7f86ea05,2025-10-21T15:15:52.992475,shrek,on,88,True,5fb80f9bc0f3,3.295317999800318,latency-271c7f86ea05.csv
2,271c7f86ea05,2025-10-21T15:15:53.099180,shrek3,PRINCE,207,True,5fb80f9bc0f3,14.69163399997342,latency-271c7f86ea05.csv
2,271c7f86ea05,2025-10-21T15:15:53.221103,grail,To,718,True,5fb80f9bc0f3,7.211374999315012,latency-271c7f86ea05.csv
2,271c7f86ea05,2025-10-21T15:15:53.336499,shrek3,MERLIN,73,True,5fb80f9bc0f3,3.600559000005888,latency-271c7f86ea05.csv
2,271c7f86ea05,2025-10-21T15:15:53.451718,shrek3,Hold,8,True,5fb80f9bc0f3,2.8081259997634334,latency-271c7f86ea05.csv
2,271c7f86ea05,2025-10-21T15:15:53.559018,shrek,don't,72,True,5fb80f9bc0f3,3.68340899967734,latency-271c7f86ea05.csv
1,2b5bb95cb94b,2025-10-21T15:16:09.390503,grail,the,1600,True,5fb80f9bc0f3,2.8325249995759805,latency-2b5bb95cb94b.csv
1,2b5bb95cb94b,2025-10-21T15:16:09.496649,shrek,DONKEY,320,True,5fb80f9bc0f3,2.5670270006230567,latency-2b5bb95cb94b.csv
1,2b5bb95cb94b,2025-10-21T15:16:09.602614,shrek3,WHITE,45,True,5fb80f9bc0f3,2.9057690007903147,latency-2b5bb95cb94b.csv
1,2b5bb95cb94b,2025-10-21T15:16:09.709277,grail,“I,0,True,5fb80f9bc0f3,4.845428999942669,latency-2b5bb95cb94b.csv
1,2b5bb95cb94b,2025-10-21T15:16:09.818723,grail,the,1600,True,5fb80f9bc0f3,3.618728000219562,latency-2b5bb95cb94b.csv
1,2b5bb95cb94b,2025-10-21T15:16:09.925297,grail,the,1600,True,5fb80f9bc0f3,3.535914999702072,latency-2b5bb95cb94b.csv
1,2b5bb95cb94b,2025-10-21T15:16:10.032480,shrek3,SHREK,678,True,5fb80f9bc0f3,4.324141999859421,latency-2b5bb95cb94b.csv
1,2b5bb95cb94b,2025-10-21T15:16:10.141110,grail,"lute,",0,True,5fb80f9bc0f3,3.2540259999223053,latency-2b5bb95cb94b.csv
1,2b5bb95cb94b,2025-10-21T15:16:10.247841,shrek,DONKEY,320,True,5fb80f9bc0f3,4.725808000330289,latency-2b5bb95cb94b.csv
1,2b5bb95cb94b,2025-10-21T15:16:10.358435,shrek3,cosmic,1,True,5fb80f9bc0f3,5.847623000590829,latency-2b5bb95cb94b.csv
1,2b5bb95cb94b,2025-10-21T15:16:10.468265,grail,for,118,True,5fb80f9bc0f3,5.013713999687752,latency-2b5bb95cb94b.csv
1,2b5bb95cb94b,2025-10-21T15:16:10.576735,shrek3,an,51,True,5fb80f9bc0f3,5.563444000472373,latency-2b5bb95cb94b.csv
1,2b5bb95cb94b,2025-10-21T15:16:10.686590,grail,"collective,",0,True,5fb80f9bc0f3,7.626491999872087,latency-2b5bb95cb94b.csv
1,2b5bb95cb94b,2025-10-21T15:16:10.799448,shrek,baby,3,True,5fb80f9bc0f3,2.163577999453992,latency-2b5bb95cb94b.csv
1,2b5bb95cb94b,2025-10-21T15:16:10.905269,shrek3,Whoa,7,True,5fb80f9bc0f3,2.4638360000608373,latency-2b5bb95cb94b.csv
1,2b5bb95cb94b,2025-10-21T15:16:11.011814,grail,singing,33,True,5fb80f9bc0f3,2.857733000382723,latency-2b5bb95cb94b.csv
1,2b5bb95cb94b,2025-10-21T15:16:11.119554,grail,from,94,True,5fb80f9bc0f3,2.4521029999959865,latency-2b5bb95cb94b.csv
1,2b5bb95cb94b,2025-10-21T15:16:11.225622,shrek,Aah,6,True,5fb80f9bc0f3,3.873048000059498,latency-2b5bb95cb94b.csv
1,2b5bb95cb94b,2025-10-21T15:16:11.335256,shrek3,SHREK,678,True,5fb80f9bc0f3,3.166344999954162,latency-2b5bb95cb94b.csv
1,2b5bb95cb94b,2025-10-21T15:16:11.442690,shrek,(standing,0,True,5fb80f9bc0f3,12.80114900055196,latency-2b5bb95cb94b.csv
2,2b5bb95cb94b,2025-10-21T15:16:11.562841,grail,the,1600,True,5fb80f9bc0f3,5.04058000024088,latency-2b5bb95cb94b.csv
2,2b5bb95cb94b,2025-10-21T15:16:11.671791,shrek,DONKEY,320,True,5fb80f9bc0f3,3.635345000475354,latency-2b5bb95cb94b.csv
2,2b5bb95cb94b,2025-10-21T15:16:11.780800,shrek3,WHITE,45,True,5fb80f9bc0f3,4.856189999372873,latency-2b5bb95cb94b.csv
2,2b5bb95cb94b,2025-10-21T15:16:11.889621,grail,“I,0,True,5fb80f9bc0f3,6.433001000004879,latency-2b5bb95cb94b.csv
2,2b5bb95cb94b,2025-10-21T15:16:12.000366,grail,the,1600,True,5fb80f9bc0f3,4.041240999868023,latency-2b5bb95cb94b.csv
2,2b5bb95cb94b,2025-10-21T15:16:12.107829,grail,the,1600,True,5fb80f9bc0f3,2.602254000521498,latency-2b5bb95cb94b.csv
2,2b5bb95cb94b,2025-10-21T15:16:12.213512,shrek3,SHREK,678,True,5fb80f9bc0f3,2.508821999981592,latency-2b5bb95cb94b.csv
2,2b5bb95cb94b,2025-10-21T15:16:12.319063,grail,"lute,",0,True,5fb80f9bc0f3,3.4814700002243626,latency-2b5bb95cb94b.csv
2,2b5bb95cb94b,2025-10-21T15:16:12.426191,shrek,DONKEY,320,True,5fb80f9bc0f3,3.990682999756245,latency-2b5bb95cb94b.csv
2,2b5bb95cb94b,2025-10-21T15:16:12.534205,shrek3,cosmic,1,True,5fb80f9bc0f3,3.0399979996218462,latency-2b5bb95cb94b.csv
2,2b5bb95cb94b,2025-10-21T15:16:12.640663,grail,for,118,True,5fb80f9bc0f3,3.344771999763907,latency-2b5bb95cb94b.csv
2,2b5bb95cb94b,2025-10-21T15:16:12.747883,shrek3,an,51,True,5fb80f9bc0f3,3.3910189995367546,latency-2b5bb95cb94b.csv
2,2b5bb95cb94b,2025-10-21T15:16:12.854927,grail,"collective,",0,True,5fb80f9bc0f3,8.996749000289128,latency-2b5bb95cb94b.csv
2,2b5bb95cb94b,2025-10-21T15:16:12.968132,shrek,baby,3,True,5fb80f9bc0f3,12.270690000150353,latency-2b5bb95cb94b.csv
2,2b5bb95cb94b,2025-10-21T15:16:13.084834,shrek3,Whoa,7,True,5fb80f9bc0f3,9.850884999650589,latency-2b5bb95cb94b.csv
2,2b5bb95cb94b,2025-10-21T15:16:13.198739,grail,singing,33,True,5fb80f9bc0f3,6.84687299963116,latency-2b5bb95cb94b.csv
2,2b5bb95cb94b,2025-10-21T15:16:13.313179,grail,from,94,True,5fb80f9bc0f3,9.167918999992253,latency-2b5bb95cb94b.csv
2,2b5bb95cb94b,2025-10-21T15:16:13.435528,shrek,Aah,6,True,5fb80f9bc0f3,9.356311000374262,latency-2b5bb95cb94b.csv
2,2b5bb95cb94b,2025-10-21T15:16:13.550085,shrek3,SHREK,678,True,5fb80f9bc0f3,7.887438000580005,latency-2b5bb95cb94b.csv
2,2b5bb95cb94b,2025-10-21T15:16:13.661882,shrek,(standing,0,True,5fb80f9bc0f3,10.30245099991589,latency-2b5bb95cb94b.csv
1,2e99f4c44e0a,2025-10-21T15:15:57.787286,shrek3,WHITE,45,True,5fb80f9bc0f3,6.250711000575393,latency-2e99f4c44e0a.csv
1,2e99f4c44e0a,2025-10-21T15:15:57.899988,shrek3,supposed,11,True,5fb80f9bc0f3,8.041213999604224,latency-2e99f4c44e0a.csv
1,2e99f4c44e0a,2025-10-21T15:15:58.019131,grail,TV,2,True,5fb80f9bc0f3,4.696149000665173,latency-2e99f4c44e0a.csv
1,2e99f4c44e0a,2025-10-21T15:15:58.130839,shrek3,Be,71,True,5fb80f9bc0f3,3.4786109999913606,latency-2e99f4c44e0a.csv
1,2e99f4c44e0a,2025-10-21T15:15:58.237513,shrek,FIONA'S,3,True,5fb80f9bc0f3,3.757575999770779,latency-2e99f4c44e0a.csv
1,2e99f4c44e0a,2025-10-21T15:15:58.345504,grail,THREE-HEADED,8,True,5fb80f9bc0f3,4.234020000694727,latency-2e99f4c44e0a.csv
1,2e99f4c44e0a,2025-10-21T15:15:58.454401,shrek3,showing,1,True,5fb80f9bc0f3,3.2859379998626537,latency-2e99f4c44e0a.csv
1,2e99f4c44e0a,2025-10-21T15:15:58.561333,shrek3,the,1285,True,5fb80f9bc0f3,2.850116999979946,latency-2e99f4c44e0a.csv
1,2e99f4c44e0a,2025-10-21T15:15:58.667966,grail,Ecky-Ecky-Ecky,1,True,5fb80f9bc0f3,4.905819000668998,latency-2e99f4c44e0a.csv
1,2e99f4c44e0a,2025-10-21T15:15:58.777101,shrek3,its,1,True,5fb80f9bc0f3,3.5634460000437684,latency-2e99f4c44e0a.csv
1,2e99f4c44e0a,2025-10-21T15:15:58.884461,grail,chops,3,True,5fb80f9bc0f3,3.675115000078222,latency-2e99f4c44e0a.csv
1,2e99f4c44e0a,2025-10-21T15:15:58.991127,shrek3,them,44,True,5fb80f9bc0f3,3.2530349999433383,latency-2e99f4c44e0a.csv
1,2e99f4c44e0a,2025-10-21T15:15:59.098010,shrek,FIONA'S,3,True,5fb80f9bc0f3,4.102599000361806,latency-2e99f4c44e0a.csv
1,2e99f4c44e0a,2025-10-21T15:15:59.205823,shrek3,body),0,True,5fb80f9bc0f3,4.234758999700716,latency-2e99f4c44e0a.csv
1,2e99f4c44e0a,2025-10-21T15:15:59.313804,shrek,help,5,True,5fb80f9bc0f3,2.728733999902033,latency-2e99f4c44e0a.csv
1,2e99f4c44e0a,2025-10-21T15:15:59.419927,grail,king,136,True,5fb80f9bc0f3,4.177634999905422,latency-2e99f4c44e0a.csv
1,2e99f4c44e0a,2025-10-21T15:15:59.528226,shrek3,Artie,213,True,5fb80f9bc0f3,3.609008999774233,latency-2e99f4c44e0a.csv
1,2e99f4c44e0a,2025-10-21T15:15:59.634920,shrek3,the,1285,True,5fb80f9bc0f3,4.467228000066825,latency-2e99f4c44e0a.csv
1,2e99f4c44e0a,2025-10-21T15:15:59.743388,shrek3,cues,3,True,5fb80f9bc0f3,6.983706000028178,latency-2e99f4c44e0a.csv
1,2e99f4c44e0a,2025-10-21T15:15:59.855224,shrek,after,10,True,5fb80f9bc0f3,3.221197000129905,latency-2e99f4c44e0a.csv
2,2e99f4c44e0a,2025-10-21T15:15:59.962362,shrek3,WHITE,45,True,5fb80f9bc0f3,7.778696000059426,latency-2e99f4c44e0a.csv
2,2e99f4c44e0a,2025-10-21T15:16:00.076211,shrek3,supposed,11,True,5fb80f9bc0f3,6.210673999703431,latency-2e99f4c44e0a.csv
2,2e99f4c44e0a,2025-10-21T15:16:00.191954,grail,TV,2,True,5fb80f9bc0f3,6.38897899989388,latency-2e99f4c44e0a.csv
2,2e99f4c44e0a,2025-10-21T15:16:00.302715,shrek3,Be,71,True,5fb80f9bc0f3,6.858802999886393,latency-2e99f4c44e0a.csv
2,2e99f4c44e0a,2025-10-21T15:16:00.422903,shrek,FIONA'S,3,True,5fb80f9bc0f3,13.595174999863955,latency-2e99f4c44e0a.csv
2,2e99f4c44e0a,2025-10-21T15:16:00.549916,grail,THREE-HEADED,8,True,5fb80f9bc0f3,4.428549000294879,latency-2e99f4c44e0a.csv
2,2e99f4c44e0a,2025-10-21T15:16:00.660893,shrek3,showing,1,True,5fb80f9bc0f3,2.343646000554145,latency-2e99f4c44e0a.csv
2,2e99f4c44e0a,2025-10-21T15:16:00.767550,shrek3,the,1285,True,5fb80f9bc0f3,3.8932510005906806,latency-2e99f4c44e0a.csv
2,2e99f4c44e0a,2025-10-21T15:16:00.875936,grail,Ecky-Ecky-Ecky,1,True,5fb80f9bc0f3,4.074456000125792,latency-2e99f4c44e0a.csv
2,2e99f4c44e0a,2025-10-21T15:16:00.983967,shrek3,its,1,True,5fb80f9bc0f3,3.5793950000879704,latency-2e99f4c44e0a.csv
2,2e99f4c44e0a,2025-10-21T15:16:01.091954,grail,chops,3,True,5fb80f9bc0f3,7.069222000609443,latency-2e99f4c44e0a.csv
2,2e99f4c44e0a,2025-10-21T15:16:01.203184,shrek3,them,44,True,5fb80f9bc0f3,3.072827000323741,latency-2e99f4c44e0a.csv
2,2e99f4c44e0a,2025-10-21T15:16:01.310005,shrek,FIONA'S,3,True,5fb80f9bc0f3,4.894016999969608,latency-2e99f4c44e0a.csv
2,2e99f4c44e0a,2025-10-21T15:16:01.419274,shrek3,body),0,True,5fb80f9bc0f3,3.2332370001313397,latency-2e99f4c44e0a.csv
2,2e99f4c44e0a,2025-10-21T15:16:01.526373,shrek,help,5,True,5fb80f9bc0f3,3.515131999847654,latency-2e99f4c44e0a.csv
2,2e99f4c44e0a,2025-10-21T15:16:01.633406,grail,king,136,True,5fb80f9bc0f3,5.574375999458425,latency-2e99f4c44e0a.csv
2,2e99f4c44e0a,2025-10-21T15:16:01.744371,shrek3,Artie,213,True,5fb80f9bc0f3,4.024718000437133,latency-2e99f4c44e0a.csv
2,2e99f4c44e0a,2025-10-21T15:16:01.857114,shrek3,the,1285,True,5fb80f9bc0f3,3.939791999982845,latency-2e99f4c44e0a.csv
2,2e99f4c44e0a,2025-10-21T15:16:01.965106,shrek3,cues,3,True,5fb80f9bc0f3,2.63862900010281,latency-2e99f4c44e0a.csv
2,2e99f4c44e0a,2025-10-21T15:16:02.071370,shrek,after,10,True,5fb80f9bc0f3,4.092217999641434,latency-2e99f4c44e0a.csv
1,33a648638348,2025-10-21T15:16:00.695621,shrek3,did,14,True,5fb80f9bc0f3,17.660433000855846,latency-33a648638348.csv
1,33a648638348,2025-10-21T15:16:00.825133,shrek3,his,238,True,5fb80f9bc0f3,13.97417000043788,latency-33a648638348.csv
1,33a648638348,2025-10-21T15:16:00.945180,shrek,he,118,True,5fb80f9bc0f3,9.19281900041824,latency-33a648638348.csv
1,33a648638348,2025-10-21T15:16:01.060859,shrek,GUARD,25,True,5fb80f9bc0f3,3.7784100004500942,latency-33a648638348.csv
1,33a648638348,2025-10-21T15:16:01.168556,grail,Cleveland,3,True,5fb80f9bc0f3,3.528225999616552,latency-33a648638348.csv
1,33a648638348,2025-10-21T15:16:01.275882,grail,a,666,True,5fb80f9bc0f3,6.116857000051823,latency-33a648638348.csv
1,33a648638348,2025-10-21T15:16:01.386960,shrek3,RAPUNZEL,30,True,5fb80f9bc0f3,3.6962570002287976,latency-33a648638348.csv
1,33a648638348,2025-10-21T15:16:01.494443,shrek,MAN,38,True,5fb80f9bc0f3,6.145852000372543,latency-33a648638348.csv
1,33a648638348,2025-10-21T15:16:01.605066,shrek3,EVIL,59,True,5fb80f9bc0f3,4.455934000361594,latency-33a648638348.csv
1,33a648638348,2025-10-21T15:16:01.716637,grail,king,136,True,5fb80f9bc0f3,11.123031999886734,latency-33a648638348.csv
1,33a648638348,2025-10-21T15:16:01.835870,grail,pause,10,True,5fb80f9bc0f3,4.143930999816803,latency-33a648638348.csv
1,33a648638348,2025-10-21T15:16:01.950659,shrek3,-,110,True,5fb80f9bc0f3,4.301577999285655,latency-33a648638348.csv
1,33a648638348,2025-10-21T15:16:02.061375,grail,pathetic,4,True,5fb80f9bc0f3,3.334269000333734,latency-33a648638348.csv
1,33a648638348,2025-10-21T15:16:02.171545,grail,music,21,True,5fb80f9bc0f3,6.172649999825808,latency-33a648638348.csv
1,33a648638348,2025-10-21T15:16:02.284471,grail,toward,10,True,5fb80f9bc0f3,2.640190999954939,latency-33a648638348.csv
1,33a648638348,2025-10-21T15:16:02.392498,grail,Auuuuuuuugh,2,True,5fb80f9bc0f3,21.17021400044905,latency-33a648638348.csv
1,33a648638348,2025-10-21T15:16:02.525696,shrek,SHREK,433,True,5fb80f9bc0f3,9.991061000619084,latency-33a648638348.csv
1,33a648638348,2025-10-21T15:16:02.648432,grail,at,104,True,5fb80f9bc0f3,3.379662999577704,latency-33a648638348.csv
1,33a648638348,2025-10-21T15:16:02.761053,shrek3,time,23,False,5fb80f9bc0f3,12.635880999368965,latency-33a648638348.csv
1,33a648638348,2025-10-21T15:16:02.886841,grail,CALLS,3,False,5fb80f9bc0f3,14.574107000044023,latency-33a648638348.csv
2,33a648638348,2025-10-21T15:16:03.019554,shrek3,did,14,True,5fb80f9bc0f3,2.863185999558482,latency-33a648638348.csv
2,33a648638348,2025-10-21T15:16:03.126861,shrek3,his,238,True,5fb80f9bc0f3,3.780158999688865,latency-33a648638348.csv
2,33a648638348,2025-10-21T15:16:03.234590,shrek,he,118,True,5fb80f9bc0f3,3.620457000579336,latency-33a648638348.csv
2,33a648638348,2025-10-21T15:16:03.341973,shrek,GUARD,25,True,5fb80f9bc0f3,2.4635899999339017,latency-33a648638348.csv
2,33a648638348,2025-10-21T15:16:03.447449,grail,Cleveland,3,True,5fb80f9bc0f3,3.4063530001731124,latency-33a648638348.csv
2,33a648638348,2025-10-21T15:16:03.554331,grail,a,666,True,5fb80f9bc0f3,3.0505989998346195,latency-33a648638348.csv
2,33a648638348,2025-10-21T15:16:03.661032,shrek3,RAPUNZEL,30,True,5fb80f9bc0f3,9.621369000342384,latency-33a648638348.csv
2,33a648638348,2025-10-21T15:16:03.775914,shrek,MAN,38,True,5fb80f9bc0f3,27.9867720000766,latency-33a648638348.csv
2,33a648638348,2025-10-21T15:16:03.917596,shrek3,EVIL,59,True,5fb80f9bc0f3,12.384448999910092,latency-33a648638348.csv
2,33a648638348,2025-10-21T15:16:04.043934,grail,king,136,True,5fb80f9bc0f3,6.220044999281527,latency-33a648638348.csv
2,33a648638348,2025-10-21T15:16:04.154471,grail,pause,10,True,5fb80f9bc0f3,2.4043149996941797,latency-33a648638348.csv
2,33a648638348,2025-10-21T15:16:04.260550,shrek3,-,110,True,5fb80f9bc0f3,2.535404999434832,latency-33a648638348.csv
2,33a648638348,2025-10-21T15:16:04.367389,grail,pathetic,4,True,5fb80f9bc0f3,3.275833999396127,latency-33a648638348.csv
2,33a648638348,2025-10-21T15:16:04.475964,grail,music,21,True,5fb80f9bc0f3,4.4418420002330095,latency-33a648638348.csv
2,33a648638348,2025-10-21T15:16:04.584731,grail,toward,10,True,5fb80f9bc0f3,2.270688999487902,latency-33a648638348.csv
2,33a648638348,2025-10-21T15:16:04.691164,grail,Auuuuuuuugh,2,True,5fb80f9bc0f3,2.428837000479689,latency-33a648638348.csv
2,33a648638348,2025-10-21T15:16:04.797823,shrek,SHREK,433,True,5fb80f9bc0f3,21.18101199994271,latency-33a648638348.csv
2,33a648638348,2025-10-21T15:16:04.925391,grail,at,104,True,5fb80f9bc0f3,4.713384999377013,latency-33a648638348.csv
2,33a648638348,2025-10-21T15:16:05.033905,shrek3,time,23,True,5fb80f9bc0f3,5.883840999558743,latency-33a648638348.csv
2,33a648638348,2025-10-21T15:16:05.145936,grail,CALLS,3,True,5fb80f9bc0f3,6.972310000492144,latency-33a648638348.csv
1,3ddd1d9dd252,2025-10-21T15:15:56.137386,shrek,token,1,True,5fb80f9bc0f3,2.845638999133371,latency-3ddd1d9dd252.csv
1,3ddd1d9dd252,2025-10-21T15:15:56.244094,shrek,FIONA,211,True,5fb80f9bc0f3,4.077704999872367,latency-3ddd1d9dd252.csv
1,3ddd1d9dd252,2025-10-21T15:15:56.359174,shrek,DONKEY,320,True,5fb80f9bc0f3,3.086665000409994,latency-3ddd1d9dd252.csv
1,3ddd1d9dd252,2025-10-21T15:15:56.465743,grail,on,139,True,5fb80f9bc0f3,2.893824000238965,latency-3ddd1d9dd252.csv
1,3ddd1d9dd252,2025-10-21T15:15:56.572386,grail,“I,0,False,5fb80f9bc0f3,16.527611000128672,latency-3ddd1d9dd252.csv
1,3ddd1d9dd252,2025-10-21T15:15:56.695751,grail,door,14,True,5fb80f9bc0f3,3.3215789999303524,latency-3ddd1d9dd252.csv
1,3ddd1d9dd252,2025-10-21T15:15:56.808065,shrek3,true,1,True,5fb80f9bc0f3,31.906255000649253,latency-3ddd1d9dd252.csv
1,3ddd1d9dd252,2025-10-21T15:15:56.983037,shrek3,SNOW,49,True,5fb80f9bc0f3,2.8335480001260294,latency-3ddd1d9dd252.csv
1,3ddd1d9dd252,2025-10-21T15:15:57.089111,shrek3,WHITE,45,True,5fb80f9bc0f3,3.546146999724442,latency-3ddd1d9dd252.csv
1,3ddd1d9dd252,2025-10-21T15:15:57.196536,grail,us,32,True,5fb80f9bc0f3,4.657649999899149,latency-3ddd1d9dd252.csv
1,3ddd1d9dd252,2025-10-21T15:15:57.305560,shrek,SHREK,433,True,5fb80f9bc0f3,4.6539180002582725,latency-3ddd1d9dd252.csv
1,3ddd1d9dd252,2025-10-21T15:15:57.414388,grail,pause,10,True,5fb80f9bc0f3,3.9207770005305065,latency-3ddd1d9dd252.csv
1,3ddd1d9dd252,2025-10-21T15:15:57.522644,shrek,happily,2,False,5fb80f9bc0f3,8.532351000212657,latency-3ddd1d9dd252.csv
1,3ddd1d9dd252,2025-10-21T15:15:57.634670,grail,grabbing,5,True,5fb80f9bc0f3,3.9592359999005566,latency-3ddd1d9dd252.csv
1,3ddd1d9dd252,2025-10-21T15:15:57.743109,shrek,rising,1,True,5fb80f9bc0f3,6.045781000466377,latency-3ddd1d9dd252.csv
1,3ddd1d9dd252,2025-10-21T15:15:57.853501,shrek3,Be,71,False,5fb80f9bc0f3,11.368173999471765,latency-3ddd1d9dd252.csv
1,3ddd1d9dd252,2025-10-21T15:15:57.969237,grail,Rostmm,1,True,5fb80f9bc0f3,3.1988689997888287,latency-3ddd1d9dd252.csv
1,3ddd1d9dd252,2025-10-21T15:15:58.076449,shrek,cottage,4,True,5fb80f9bc0f3,4.660239999793703,latency-3ddd1d9dd252.csv
1,3ddd1d9dd252,2025-10-21T15:15:58.191134,grail,is,317,True,5fb80f9bc0f3,5.413116999989143,latency-3ddd1d9dd252.csv
1,3ddd1d9dd252,2025-10-21T15:15:58.306881,shrek,Is,132,True,5fb80f9bc0f3,4.298072999517899,latency-3ddd1d9dd252.csv
2,3ddd1d9dd252,2025-10-21T15:15:58.416115,shrek,token,1,True,5fb80f9bc0f3,4.494359000091208,latency-3ddd1d9dd252.csv
2,3ddd1d9dd252,2025-10-21T15:15:58.524989,shrek,FIONA,211,True,5fb80f9bc0f3,2.842492000127095,latency-3ddd1d9dd252.csv
2,3ddd1d9dd252,2025-10-21T15:15:58.636833,shrek,DONKEY,320,True,5fb80f9bc0f3,3.091490000770136,latency-3ddd1d9dd252.csv
2,3ddd1d9dd252,2025-10-21T15:15:58.745729,grail,on,139,True,5fb80f9bc0f3,2.7332829995430075,latency-3ddd1d9dd252.csv
2,3ddd1d9dd252,2025-10-21T15:15:58.851820,grail,“I,0,True,5fb80f9bc0f3,2.5095539995163563,latency-3ddd1d9dd252.csv
2,3ddd1d9dd252,2025-10-21T15:15:58.957778,grail,door,14,True,5fb80f9bc0f3,4.105735999473836,latency-3ddd1d9dd252.csv
2,3ddd1d9dd252,2025-10-21T15:15:59.066402,shrek3,true,1,True,5fb80f9bc0f3,3.026676999979827,latency-3ddd1d9dd252.csv
2,3ddd1d9dd252,2025-10-21T15:15:59.173018,shrek3,SNOW,49,True,5fb80f9bc0f3,3.6908350002704537,latency-3ddd1d9dd252.csv
2,3ddd1d9dd252,2025-10-21T15:15:59.280791,shrek3,WHITE,45,True,5fb80f9bc0f3,2.324856000086584,latency-3ddd1d9dd252.csv
2,3ddd1d9dd252,2025-10-21T15:15:59.386372,grail,us,32,True,5fb80f9bc0f3,3.4928579998450004,latency-3ddd1d9dd252.csv
2,3ddd1d9dd252,2025-10-21T15:15:59.493603,shrek,SHREK,433,True,5fb80f9bc0f3,3.4111079994545435,latency-3ddd1d9dd252.csv
2,3ddd1d9dd252,2025-10-21T15:15:59.600788,grail,pause,10,True,5fb80f9bc0f3,2.698921000046539,latency-3ddd1d9dd252.csv
2,3ddd1d9dd252,2025-10-21T15:15:59.706805,shrek,happily,2,True,5fb80f9bc0f3,3.3152599999084487,latency-3ddd1d9dd252.csv
2,3ddd1d9dd252,2025-10-21T15:15:59.813697,grail,grabbing,5,True,5fb80f9bc0f3,3.406198000448057,latency-3ddd1d9dd252.csv
2,3ddd1d9dd252,2025-10-21T15:15:59.921086,shrek,rising,1,True,5fb80f9bc0f3,3.806900999734353,latency-3ddd1d9dd252.csv
2,3ddd1d9dd252,2025-10-21T15:16:00.028696,shrek3,Be,71,True,5fb80f9bc0f3,3.550933000042278,latency-3ddd1d9dd252.csv
2,3ddd1d9dd252,2025-10-21T15:16:00.135481,grail,Rostmm,1,True,5fb80f9bc0f3,9.766291999767418,latency-3ddd1d9dd252.csv
2,3ddd1d9dd252,2025-10-21T15:16:00.251807,shrek,cottage,4,True,5fb80f9bc0f3,4.950130999532121,latency-3ddd1d9dd252.csv
2,3ddd1d9dd252,2025-10-21T15:16:00.361220,grail,is,317,True,5fb80f9bc0f3,7.197339000413194,latency-3ddd1d9dd252.csv
2,3ddd1d9dd252,2025-10-21T15:16:00.472729,shrek,Is,132,True,5fb80f9bc0f3,7.3865699996531475,latency-3ddd1d9dd252.csv
1,455b4346280c,2025-10-21T15:16:07.651436,grail,king,136,True,5fb80f9bc0f3,3.0554389995813835,latency-455b4346280c.csv
1,455b4346280c,2025-10-21T15:16:07.757685,shrek3,you,328,True,5fb80f9bc0f3,2.953499999421183,latency-455b4346280c.csv
1,455b4346280c,2025-10-21T15:16:07.865892,grail,G,6,True,5fb80f9bc0f3,19.901345999642217,latency-455b4346280c.csv
1,455b4346280c,2025-10-21T15:16:07.995072,grail,the,1600,True,5fb80f9bc0f3,7.983815000443428,latency-455b4346280c.csv
1,455b4346280c,2025-10-21T15:16:08.116171,shrek3,bed,10,True,5fb80f9bc0f3,10.150965999855543,latency-455b4346280c.csv
1,455b4346280c,2025-10-21T15:16:08.231474,shrek,GUARD,25,True,5fb80f9bc0f3,2.69617800040578,latency-455b4346280c.csv
1,455b4346280c,2025-10-21T15:16:08.337675,shrek,his,48,True,5fb80f9bc0f3,4.254077000041434,latency-455b4346280c.csv
1,455b4346280c,2025-10-21T15:16:08.446113,shrek,placed,1,True,5fb80f9bc0f3,5.96176699946227,latency-455b4346280c.csv
1,455b4346280c,2025-10-21T15:16:08.556839,shrek,trip,1,True,5fb80f9bc0f3,2.8182659998492454,latency-455b4346280c.csv
1,455b4346280c,2025-10-21T15:16:08.663560,shrek3,true,1,True,5fb80f9bc0f3,4.693660000157252,latency-455b4346280c.csv
1,455b4346280c,2025-10-21T15:16:08.772414,shrek3,time,23,True,5fb80f9bc0f3,2.697180000723165,latency-455b4346280c.csv
1,455b4346280c,2025-10-21T15:16:08.878660,shrek3,Donkey,243,True,5fb80f9bc0f3,4.237043000102858,latency-455b4346280c.csv
1,455b4346280c,2025-10-21T15:16:08.986628,shrek3,right,36,True,5fb80f9bc0f3,2.857493999727012,latency-455b4346280c.csv
1,455b4346280c,2025-10-21T15:16:09.092534,grail,seek,12,True,5fb80f9bc0f3,3.338982999594009,latency-455b4346280c.csv
1,455b4346280c,2025-10-21T15:16:09.199685,shrek3,the,1285,True,5fb80f9bc0f3,4.715013999884832,latency-455b4346280c.csv
1,455b4346280c,2025-10-21T15:16:09.308715,grail,Christ,8,True,5fb80f9bc0f3,4.3429429997559055,latency-455b4346280c.csv
1,455b4346280c,2025-10-21T15:16:09.416656,shrek,FARQUAAD,84,True,5fb80f9bc0f3,2.943321000202559,latency-455b4346280c.csv
1,455b4346280c,2025-10-21T15:16:09.522549,shrek,FIONA,211,True,5fb80f9bc0f3,2.4340479994862108,latency-455b4346280c.csv
1,455b4346280c,2025-10-21T15:16:09.627791,grail,of,684,True,5fb80f9bc0f3,2.914112999860663,latency-455b4346280c.csv
1,455b4346280c,2025-10-21T15:16:09.734396,grail,and,722,True,5fb80f9bc0f3,5.30876300035743,latency-455b4346280c.csv
2,455b4346280c,2025-10-21T15:16:09.843852,grail,king,136,True,5fb80f9bc0f3,2.661546000126691,latency-455b4346280c.csv
2,455b4346280c,2025-10-21T15:16:09.949421,shrek3,you,328,True,5fb80f9bc0f3,3.388057000847766,latency-455b4346280c.csv
2,455b4346280c,2025-10-21T15:16:10.056714,grail,G,6,True,5fb80f9bc0f3,3.569038999557961,latency-455b4346280c.csv
2,455b4346280c,2025-10-21T15:16:10.163927,grail,the,1600,True,5fb80f9bc0f3,2.6579530003800755,latency-455b4346280c.csv
2,455b4346280c,2025-10-21T15:16:10.269935,shrek3,bed,10,True,5fb80f9bc0f3,4.815956000129518,latency-455b4346280c.csv
2,455b4346280c,2025-10-21T15:16:10.378150,shrek,GUARD,25,True,5fb80f9bc0f3,4.208255999401445,latency-455b4346280c.csv
2,455b4346280c,2025-10-21T15:16:10.486347,shrek,his,48,True,5fb80f9bc0f3,4.615185000147903,latency-455b4346280c.csv
2,455b4346280c,2025-10-21T15:16:10.594839,shrek,placed,1,True,5fb80f9bc0f3,3.0644570006188587,latency-455b4346280c.csv
2,455b4346280c,2025-10-21T15:16:10.701371,shrek,trip,1,True,5fb80f9bc0f3,5.1455659995554015,latency-455b4346280c.csv
2,455b4346280c,2025-10-21T15:16:10.810677,shrek3,true,1,True,5fb80f9bc0f3,3.02836499940895,latency-455b4346280c.csv
2,455b4346280c,2025-10-21T15:16:10.917117,shrek3,time,23,True,5fb80f9bc0f3,4.022108000754088,latency-455b4346280c.csv
2,455b4346280c,2025-10-21T15:16:11.024852,shrek3,Donkey,243,True,5fb80f9bc0f3,4.389841000374872,latency-455b4346280c.csv
2,455b4346280c,2025-10-21T15:16:11.133594,shrek3,right,36,True,5fb80f9bc0f3,3.0460919997494784,latency-455b4346280c.csv
2,455b4346280c,2025-10-21T15:16:11.240033,grail,seek,12,True,5fb80f9bc0f3,2.7857830000357358,latency-455b4346280c.csv
2,455b4346280c,2025-10-21T15:16:11.346252,shrek3,the,1285,True,5fb80f9bc0f3,3.2600469994577,latency-455b4346280c.csv
2,455b4346280c,2025-10-21T15:16:11.454509,grail,Christ,8,True,5fb80f9bc0f3,6.166967000353907,latency-455b4346280c.csv
2,455b4346280c,2025-10-21T15:16:11.564647,shrek,FARQUAAD,84,True,5fb80f9bc0f3,5.360473999644455,latency-455b4346280c.csv
2,455b4346280c,2025-10-21T15:16:11.674000,shrek,FIONA,211,True,5fb80f9bc0f3,4.461597000045003,latency-455b4346280c.csv
2,455b4346280c,2025-10-21T15:16:11.782394,grail,of,684,True,5fb80f9bc0f3,4.821999000341748,latency-455b4346280c.csv
2,455b4346280c,2025-10-21T15:16:11.890994,grail,and,722,True,5fb80f9bc0f3,5.490101999384933,latency-455b4346280c.csv
1,4733dbbb90c9,2025-10-21T15:16:19.828694,shrek,GUARD,25,True,5fb80f9bc0f3,7.791988999997557,latency-4733dbbb90c9.csv
1,4733dbbb90c9,2025-10-21T15:16:19.940062,grail,BEDEVERE,103,True,5fb80f9bc0f3,6.93619200046669,latency-4733dbbb90c9.csv
1,4733dbbb90c9,2025-10-21T15:16:20.050729,shrek,ogre,27,True,5fb80f9bc0f3,7.229920999634487,latency-4733dbbb90c9.csv
1,4733dbbb90c9,2025-10-21T15:16:20.162709,shrek,Is,132,True,5fb80f9bc0f3,6.55889700010448,latency-4733dbbb90c9.csv
1,4733dbbb90c9,2025-10-21T15:16:20.273110,shrek3,did,14,True,5fb80f9bc0f3,6.443777000640694,latency-4733dbbb90c9.csv
1,4733dbbb90c9,2025-10-21T15:16:20.386127,shrek3,boomerang,1,True,5fb80f9bc0f3,6.149763999928837,latency-4733dbbb90c9.csv
1,4733dbbb90c9,2025-10-21T15:16:20.498891,shrek3,SHREK,678,True,5fb80f9bc0f3,6.997026999670197,latency-4733dbbb90c9.csv
1,4733dbbb90c9,2025-10-21T15:16:20.613205,shrek,FIONA'S,3,True,5fb80f9bc0f3,7.108607999725791,latency-4733dbbb90c9.csv
1,4733dbbb90c9,2025-10-21T15:16:20.725799,shrek3,the,1285,True,5fb80f9bc0f3,3.791875000388245,latency-4733dbbb90c9.csv
1,4733dbbb90c9,2025-10-21T15:16:20.834285,shrek,What,104,True,5fb80f9bc0f3,3.684265000629239,latency-4733dbbb90c9.csv
1,4733dbbb90c9,2025-10-21T15:16:20.941493,shrek3,the,1285,True,5fb80f9bc0f3,4.153876999225759,latency-4733dbbb90c9.csv
1,4733dbbb90c9,2025-10-21T15:16:21.049481,shrek,FIONA'S,3,True,5fb80f9bc0f3,3.0642570000054548,latency-4733dbbb90c9.csv
1,4733dbbb90c9,2025-10-21T15:16:21.156029,grail,Eolio,2,True,5fb80f9bc0f3,3.408797999327362,latency-4733dbbb90c9.csv
1,4733dbbb90c9,2025-10-21T15:16:21.263439,shrek3,you,328,True,5fb80f9bc0f3,6.48712699967291,latency-4733dbbb90c9.csv
1,4733dbbb90c9,2025-10-21T15:16:21.375047,shrek,tell,25,True,5fb80f9bc0f3,10.959127999740303,latency-4733dbbb90c9.csv
1,4733dbbb90c9,2025-10-21T15:16:21.490475,grail,Cleese,10,True,5fb80f9bc0f3,3.4264949999851524,latency-4733dbbb90c9.csv
1,4733dbbb90c9,2025-10-21T15:16:21.597714,shrek3,Ahh,8,True,5fb80f9bc0f3,3.66246300018247,latency-4733dbbb90c9.csv
1,4733dbbb90c9,2025-10-21T15:16:21.705389,shrek3,RAPUNZEL,30,True,5fb80f9bc0f3,6.448768000154814,latency-4733dbbb90c9.csv
1,4733dbbb90c9,2025-10-21T15:16:21.816523,shrek3,glass,9,True,5fb80f9bc0f3,7.139835000089079,latency-4733dbbb90c9.csv
1,4733dbbb90c9,2025-10-21T15:16:21.931349,shrek3,Ahh,8,True,5fb80f9bc0f3,3.527693999785697,latency-4733dbbb90c9.csv
2,4733dbbb90c9,2025-10-21T15:16:22.039468,shrek,GUARD,25,True,5fb80f9bc0f3,5.390921000071103,latency-4733dbbb90c9.csv
2,4733dbbb90c9,2025-10-21T15:16:22.152950,grail,BEDEVERE,103,True,5fb80f9bc0f3,3.6901089997627423,latency-4733dbbb90c9.csv
2,4733dbbb90c9,2025-10-21T15:16:22.263806,shrek,ogre,27,True,5fb80f9bc0f3,3.4190359992862795,latency-4733dbbb90c9.csv
2,4733dbbb90c9,2025-10-21T15:16:22.371021,shrek,Is,132,True,5fb80f9bc0f3,3.086480000092706,latency-4733dbbb90c9.csv
2,4733dbbb90c9,2025-10-21T15:16:22.477679,shrek3,did,14,True,5fb80f9bc0f3,5.048003999945649,latency-4733dbbb90c9.csv
2,4733dbbb90c9,2025-10-21T15:16:22.586991,shrek3,boomerang,1,True,5fb80f9bc0f3,2.530917000513,latency-4733dbbb90c9.csv
2,4733dbbb90c9,2025-10-21T15:16:22.692939,shrek3,SHREK,678,True,5fb80f9bc0f3,4.61396200080344,latency-4733dbbb90c9.csv
2,4733dbbb90c9,2025-10-21T15:16:22.801460,shrek,FIONA'S,3,True,5fb80f9bc0f3,6.521839000015461,latency-4733dbbb90c9.csv
2,4733dbbb90c9,2025-10-21T15:16:22.915237,shrek3,the,1285,True,5fb80f9bc0f3,25.187076999827696,latency-4733dbbb90c9.csv
2,4733dbbb90c9,2025-10-21T15:16:23.060734,shrek,What,104,True,5fb80f9bc0f3,4.770247000124073,latency-4733dbbb90c9.csv
2,4733dbbb90c9,2025-10-21T15:16:23.170377,shrek3,the,1285,True,5fb80f9bc0f3,6.252100999518007,latency-4733dbbb90c9.csv
2,4733dbbb90c9,2025-10-21T15:16:23.287410,shrek,FIONA'S,3,True,5fb80f9bc0f3,5.273258999295649,latency-4733dbbb90c9.csv
2,4733dbbb90c9,2025-10-21T15:16:23.396935,grail,Eolio,2,True,5fb80f9bc0f3,3.2625289995849016,latency-4733dbbb90c9.csv
2,4733dbbb90c9,2025-10-21T15:16:23.504625,shrek3,you,328,True,5fb80f9bc0f3,4.297192999729305,latency-4733dbbb90c9.csv
2,4733dbbb90c9,2025-10-21T15:16:23.614867,shrek,tell,25,True,5fb80f9bc0f3,5.518219999430585,latency-4733dbbb90c9.csv
2,4733dbbb90c9,2025-10-21T15:16:23.729560,grail,Cleese,10,True,5fb80f9bc0f3,7.427686000482936,latency-4733dbbb90c9.csv
2,4733dbbb90c9,2025-10-21T15:16:23.841649,shrek3,Ahh,8,True,5fb80f9bc0f3,3.519046000292292,latency-4733dbbb90c9.csv
2,4733dbbb90c9,2025-10-21T15:16:23.949617,shrek3,RAPUNZEL,30,True,5fb80f9bc0f3,8.461274999717716,latency-4733dbbb90c9.csv
2,4733dbbb90c9,2025-10-21T15:16:24.072585,shrek3,glass,9,True,5fb80f9bc0f3,4.522612000073423,latency-4733dbbb90c9.csv
2,4733dbbb90c9,2025-10-21T15:16:24.181473,shrek3,Ahh,8,True,5fb80f9bc0f3,3.3484929999758606,latency-4733dbbb90c9.csv
1,4afe51087216,2025-10-21T15:16:22.958025,shrek,DONKEY,320,True,5fb80f9bc0f3,22.007984000083525,latency-4afe51087216.csv
1,4afe51087216,2025-10-21T15:16:23.104274,grail,To,718,True,5fb80f9bc0f3,3.356352999617229,latency-4afe51087216.csv
1,4afe51087216,2025-10-21T15:16:23.212342,shrek,whistles,2,True,5fb80f9bc0f3,6.412040000213892,latency-4afe51087216.csv
1,4afe51087216,2025-10-21T15:16:23.323743,shrek3,him,87,True,5fb80f9bc0f3,3.3399549993191613,latency-4afe51087216.csv
1,4afe51087216,2025-10-21T15:16:23.430814,grail,Cleveland,3,True,5fb80f9bc0f3,2.843706000021484,latency-4afe51087216.csv
1,4afe51087216,2025-10-21T15:16:23.536735,shrek,a,305,True,5fb80f9bc0f3,3.9898630002426216,latency-4afe51087216.csv
1,4afe51087216,2025-10-21T15:16:23.644871,shrek3,ruby,1,True,5fb80f9bc0f3,7.97848599995632,latency-4afe51087216.csv
1,4afe51087216,2025-10-21T15:16:23.758468,shrek3,TO,511,True,5fb80f9bc0f3,6.719447000250511,latency-4afe51087216.csv
1,4afe51087216,2025-10-21T15:16:23.869387,shrek3,Donkey,243,True,5fb80f9bc0f3,6.127033000666415,latency-4afe51087216.csv
1,4afe51087216,2025-10-21T15:16:23.980089,shrek,the,535,True,5fb80f9bc0f3,24.653236000631296,latency-4afe51087216.csv
1,4afe51087216,2025-10-21T15:16:24.111506,grail,pretty,7,True,5fb80f9bc0f3,5.251886000223749,latency-4afe51087216.csv
1,4afe51087216,2025-10-21T15:16:24.221159,grail,the,1600,True,5fb80f9bc0f3,6.224605000170413,latency-4afe51087216.csv
1,4afe51087216,2025-10-21T15:16:24.332414,shrek3,toward,14,True,5fb80f9bc0f3,3.792428999986441,latency-4afe51087216.csv
1,4afe51087216,2025-10-21T15:16:24.440502,grail,Bum,13,True,5fb80f9bc0f3,14.739649999683024,latency-4afe51087216.csv
1,4afe51087216,2025-10-21T15:16:24.564630,grail,Ecky-Ecky-Ecky,1,True,5fb80f9bc0f3,7.386203999885765,latency-4afe51087216.csv
1,4afe51087216,2025-10-21T15:16:24.681800,shrek3,116,1,True,5fb80f9bc0f3,2.896896000493143,latency-4afe51087216.csv
1,4afe51087216,2025-10-21T15:16:24.790543,grail,G,6,True,5fb80f9bc0f3,2.4077110001599067,latency-4afe51087216.csv
1,4afe51087216,2025-10-21T15:16:24.897257,shrek,DONKEY,320,True,5fb80f9bc0f3,3.089097000156471,latency-4afe51087216.csv
1,4afe51087216,2025-10-21T15:16:25.005018,grail,is,317,True,5fb80f9bc0f3,3.46880799952487,latency-4afe51087216.csv
1,4afe51087216,2025-10-21T15:16:25.113534,shrek3,WHITE,45,True,5fb80f9bc0f3,2.736098000241327,latency-4afe51087216.csv
2,4afe51087216,2025-10-21T15:16:25.220091,shrek,DONKEY,320,True,5fb80f9bc0f3,3.0150510001476505,latency-4afe51087216.csv
2,4afe51087216,2025-10-21T15:16:25.328328,grail,To,718,True,5fb80f9bc0f3,3.611095000451314,latency-4afe51087216.csv
2,4afe51087216,2025-10-21T15:16:25.435900,shrek,whistles,2,True,5fb80f9bc0f3,4.519611000432633,latency-4afe51087216.csv
2,4afe51087216,2025-10-21T15:16:25.545508,shrek3,him,87,True,5fb80f9bc0f3,20.55601000029128,latency-4afe51087216.csv
2,4afe51087216,2025-10-21T15:16:25.684436,grail,Cleveland,3,True,5fb80f9bc0f3,3.7349670001276536,latency-4afe51087216.csv
2,4afe51087216,2025-10-21T15:16:25.792184,shrek,a,305,True,5fb80f9bc0f3,3.9873790001365705,latency-4afe51087216.csv
2,4afe51087216,2025-10-21T15:16:25.900221,shrek3,ruby,1,True,5fb80f9bc0f3,3.386842000509205,latency-4afe51087216.csv
2,4afe51087216,2025-10-21T15:16:26.006955,shrek3,TO,511,True,5fb80f9bc0f3,3.814282000348612,latency-4afe51087216.csv
2,4afe51087216,2025-10-21T15:16:26.114698,shrek3,Donkey,243,True,5fb80f9bc0f3,4.596612000568712,latency-4afe51087216.csv
2,4afe51087216,2025-10-21T15:16:26.223596,shrek,the,535,True,5fb80f9bc0f3,4.695167999670957,latency-4afe51087216.csv
2,4afe51087216,2025-10-21T15:16:26.332763,grail,pretty,7,True,5fb80f9bc0f3,4.913134000162245,latency-4afe51087216.csv
2,4afe51087216,2025-10-21T15:16:26.443079,grail,the,1600,True,5fb80f9bc0f3,3.4645100004127016,latency-4afe51087216.csv
2,4afe51087216,2025-10-21T15:16:26.552120,shrek3,toward,14,True,5fb80f9bc0f3,24.019739999857848,latency-4afe51087216.csv
2,4afe51087216,2025-10-21T15:16:26.688386,grail,Bum,13,True,5fb80f9bc0f3,9.21907599968108,latency-4afe51087216.csv
2,4afe51087216,2025-10-21T15:16:26.809812,grail,Ecky-Ecky-Ecky,1,True,5fb80f9bc0f3,4.011009000350896,latency-4afe51087216.csv
2,4afe51087216,2025-10-21T15:16:26.921763,shrek3,116,1,True,5fb80f9bc0f3,3.9919689997987007,latency-4afe51087216.csv
2,4afe51087216,2025-10-21T15:16:27.030109,grail,G,6,True,5fb80f9bc0f3,3.398143000595155,latency-4afe51087216.csv
2,4afe51087216,2025-10-21T15:16:27.137233,shrek,DONKEY,320,True,5fb80f9bc0f3,2.791910999803804,latency-4afe51087216.csv
2,4afe51087216,2025-10-21T15:16:27.243205,grail,is,317,True,5fb80f9bc0f3,2.91198600007192,latency-4afe51087216.csv
2,4afe51087216,2025-10-21T15:16:27.349202,shrek3,WHITE,45,True,5fb80f9bc0f3,2.580915000180539,latency-4afe51087216.csv
1,4d31add1e950,2025-10-21T15:16:26.628201,shrek,He,118,True,5fb80f9bc0f3,4.266060999725596,latency-4d31add1e950.csv
1,4d31add1e950,2025-10-21T15:16:26.737443,shrek3,supposed,11,True,5fb80f9bc0f3,8.548767999855045,latency-4d31add1e950.csv
1,4d31add1e950,2025-10-21T15:16:26.852255,shrek3,to,511,True,5fb80f9bc0f3,8.35929799995938,latency-4d31add1e950.csv
1,4d31add1e950,2025-10-21T15:16:26.965776,grail,Rostmm,1,True,5fb80f9bc0f3,5.118285999742511,latency-4d31add1e950.csv
1,4d31add1e950,2025-10-21T15:16:27.075138,grail,Eolio,2,True,5fb80f9bc0f3,4.311501000302087,latency-4d31add1e950.csv
1,4d31add1e950,2025-10-21T15:16:27.182998,grail,Guard,106,True,5fb80f9bc0f3,3.0216350005503045,latency-4d31add1e950.csv
1,4d31add1e950,2025-10-21T15:16:27.289396,shrek3,decree,1,True,5fb80f9bc0f3,6.508292000034999,latency-4d31add1e950.csv
1,4d31add1e950,2025-10-21T15:16:27.399046,grail,about,49,True,5fb80f9bc0f3,3.1705239998700563,latency-4d31add1e950.csv
1,4d31add1e950,2025-10-21T15:16:27.505939,shrek3,youre,0,True,5fb80f9bc0f3,3.1432830000994727,latency-4d31add1e950.csv
1,4d31add1e950,2025-10-21T15:16:27.612211,grail,Footnote,4,True,5fb80f9bc0f3,2.724621000197658,latency-4d31add1e950.csv
1,4d31add1e950,2025-10-21T15:16:27.718323,shrek3,dat,1,True,5fb80f9bc0f3,3.3955150001929724,latency-4d31add1e950.csv
1,4d31add1e950,2025-10-21T15:16:27.825195,shrek3,WHITE,45,True,5fb80f9bc0f3,3.4059139998134924,latency-4d31add1e950.csv
1,4d31add1e950,2025-10-21T15:16:27.931768,shrek3,us,12,True,5fb80f9bc0f3,4.061614999955054,latency-4d31add1e950.csv
1,4d31add1e950,2025-10-21T15:16:28.039898,shrek3,dat,1,True,5fb80f9bc0f3,2.895378999710374,latency-4d31add1e950.csv
1,4d31add1e950,2025-10-21T15:16:28.146349,grail,from,94,True,5fb80f9bc0f3,3.263984000113851,latency-4d31add1e950.csv
1,4d31add1e950,2025-10-21T15:16:28.253456,grail,king,136,True,5fb80f9bc0f3,3.825573000540317,latency-4d31add1e950.csv
1,4d31add1e950,2025-10-21T15:16:28.360640,shrek3,of,275,True,5fb80f9bc0f3,2.7792729997599963,latency-4d31add1e950.csv
1,4d31add1e950,2025-10-21T15:16:28.467313,shrek,No,114,True,5fb80f9bc0f3,3.0610630001319805,latency-4d31add1e950.csv
1,4d31add1e950,2025-10-21T15:16:28.573532,grail,-,259,True,5fb80f9bc0f3,3.4993859999303822,latency-4d31add1e950.csv
1,4d31add1e950,2025-10-21T15:16:28.680160,grail,chops,3,True,5fb80f9bc0f3,3.3197770007973304,latency-4d31add1e950.csv
2,4d31add1e950,2025-10-21T15:16:28.787068,shrek,He,118,True,5fb80f9bc0f3,3.35427800018806,latency-4d31add1e950.csv
2,4d31add1e950,2025-10-21T15:16:28.893893,shrek3,supposed,11,True,5fb80f9bc0f3,4.043072999593278,latency-4d31add1e950.csv
2,4d31add1e950,2025-10-21T15:16:29.002042,shrek3,to,511,True,5fb80f9bc0f3,3.3718610002324567,latency-4d31add1e950.csv
2,4d31add1e950,2025-10-21T15:16:29.108574,grail,Rostmm,1,True,5fb80f9bc0f3,2.847112999916135,latency-4d31add1e950.csv
2,4d31add1e950,2025-10-21T15:16:29.214843,grail,Eolio,2,True,5fb80f9bc0f3,3.422370999942359,latency-4d31add1e950.csv
2,4d31add1e950,2025-10-21T15:16:29.321650,grail,Guard,106,True,5fb80f9bc0f3,3.3133599999928265,latency-4d31add1e950.csv
2,4d31add1e950,2025-10-21T15:16:29.428380,shrek3,decree,1,True,5fb80f9bc0f3,3.1633569997211453,latency-4d31add1e950.csv
2,4d31add1e950,2025-10-21T15:16:29.534604,grail,about,49,True,5fb80f9bc0f3,3.279458000179148,latency-4d31add1e950.csv
2,4d31add1e950,2025-10-21T15:16:29.641627,shrek3,youre,0,True,5fb80f9bc0f3,3.046673999961058,latency-4d31add1e950.csv
2,4d31add1e950,2025-10-21T15:16:29.748055,grail,Footnote,4,True,5fb80f9bc0f3,2.8817819993491867,latency-4d31add1e950.csv
2,4d31add1e950,2025-10-21T15:16:29.854647,shrek3,dat,1,True,5fb80f9bc0f3,3.958371999942756,latency-4d31add1e950.csv
2,4d31add1e950,2025-10-21T15:16:29.962298,shrek3,WHITE,45,True,5fb80f9bc0f3,3.401494999707211,latency-4d31add1e950.csv
2,4d31add1e950,2025-10-21T15:16:30.068955,shrek3,us,12,True,5fb80f9bc0f3,3.9887970006020623,latency-4d31add1e950.csv
2,4d31add1e950,2025-10-21T15:16:30.176952,shrek3,dat,1,True,5fb80f9bc0f3,3.290958999969007,latency-4d31add1e950.csv
2,4d31add1e950,2025-10-21T15:16:30.284269,grail,from,94,True,5fb80f9bc0f3,3.1501419998676283,latency-4d31add1e950.csv
2,4d31add1e950,2025-10-21T15:16:30.391323,grail,king,136,True,5fb80f9bc0f3,2.802302999953099,latency-4d31add1e950.csv
2,4d31add1e950,2025-10-21T15:16:30.497924,shrek3,of,275,True,5fb80f9bc0f3,3.3138310000140336,latency-4d31add1e950.csv
2,4d31add1e950,2025-10-21T15:16:30.604533,shrek,No,114,True,5fb80f9bc0f3,2.4491499998475774,latency-4d31add1e950.csv
2,4d31add1e950,2025-10-21T15:16:30.709881,grail,-,259,True,5fb80f9bc0f3,2.517638000426814,latency-4d31add1e950.csv
2,4d31add1e950,2025-10-21T15:16:30.815672,grail,chops,3,True,5fb80f9bc0f3,2.5872279993564007,latency-4d31add1e950.csv
1,4eadf7846cc8,2025-10-21T15:15:49.933894,grail,Gallahad,44,True,5fb80f9bc0f3,4.563764999147679,latency-4eadf7846cc8.csv
1,4eadf7846cc8,2025-10-21T15:15:50.043026,grail,of,684,True,5fb80f9bc0f3,4.517393999776687,latency-4eadf7846cc8.csv
1,4eadf7846cc8,2025-10-21T15:15:50.152172,shrek3,field,3,True,5fb80f9bc0f3,3.943071000321652,latency-4eadf7846cc8.csv
1,4eadf7846cc8,2025-10-21T15:15:50.260168,shrek,INSIDE,16,True,5fb80f9bc0f3,3.3033680001608445,latency-4eadf7846cc8.csv
1,4eadf7846cc8,2025-10-21T15:15:50.370952,shrek3,youre,0,False,5fb80f9bc0f3,17.062230000192358,latency-4eadf7846cc8.csv
1,4eadf7846cc8,2025-10-21T15:15:50.493682,shrek3,PRINCE,207,True,5fb80f9bc0f3,4.68449599975429,latency-4eadf7846cc8.csv
1,4eadf7846cc8,2025-10-21T15:15:50.603693,grail,going,21,True,5fb80f9bc0f3,3.6598579999918,latency-4eadf7846cc8.csv
1,4eadf7846cc8,2025-10-21T15:15:50.712980,grail,Ecky-Ecky-Ecky,1,True,5fb80f9bc0f3,3.942477999771654,latency-4eadf7846cc8.csv
1,4eadf7846cc8,2025-10-21T15:15:50.822221,shrek,I,386,True,5fb80f9bc0f3,3.6082180004086695,latency-4eadf7846cc8.csv
1,4eadf7846cc8,2025-10-21T15:15:50.930940,shrek,Is,132,True,5fb80f9bc0f3,6.594352999854891,latency-4eadf7846cc8.csv
1,4eadf7846cc8,2025-10-21T15:15:51.045476,grail,Gallahad,44,True,5fb80f9bc0f3,4.246458000125131,latency-4eadf7846cc8.csv
1,4eadf7846cc8,2025-10-21T15:15:51.156952,grail,ANOTHER,25,False,5fb80f9bc0f3,14.386500000000524,latency-4eadf7846cc8.csv
1,4eadf7846cc8,2025-10-21T15:15:51.276288,shrek,FIONA,211,True,5fb80f9bc0f3,4.77491700075916,latency-4eadf7846cc8.csv
1,4eadf7846cc8,2025-10-21T15:15:51.396150,grail,to,718,True,5fb80f9bc0f3,7.666288000109489,latency-4eadf7846cc8.csv
1,4eadf7846cc8,2025-10-21T15:15:51.510672,shrek3,cues,3,True,5fb80f9bc0f3,36.12066300047445,latency-4eadf7846cc8.csv
1,4eadf7846cc8,2025-10-21T15:15:51.679610,grail,(as,0,True,5fb80f9bc0f3,4.350033000264375,latency-4eadf7846cc8.csv
1,4eadf7846cc8,2025-10-21T15:15:51.798174,shrek3,bed,10,True,5fb80f9bc0f3,3.421869999328919,latency-4eadf7846cc8.csv
1,4eadf7846cc8,2025-10-21T15:15:51.904994,grail,Tm,5,False,5fb80f9bc0f3,9.917325000060371,latency-4eadf7846cc8.csv
1,4eadf7846cc8,2025-10-21T15:15:52.018743,shrek,SHREK,433,True,5fb80f9bc0f3,3.459275999375677,latency-4eadf7846cc8.csv
1,4eadf7846cc8,2025-10-21T15:15:52.126088,shrek,FIONA,211,True,5fb80f9bc0f3,4.582317999847874,latency-4eadf7846cc8.csv
2,4eadf7846cc8,2025-10-21T15:15:52.234680,grail,Gallahad,44,True,5fb80f9bc0f3,3.62743700043211,latency-4eadf7846cc8.csv
2,4eadf7846cc8,2025-10-21T15:15:52.345805,grail,of,684,True,5fb80f9bc0f3,3.3056770007533487,latency-4eadf7846cc8.csv
2,4eadf7846cc8,2025-10-21T15:15:52.459415,shrek3,field,3,True,5fb80f9bc0f3,5.030119999901217,latency-4eadf7846cc8.csv
2,4eadf7846cc8,2025-10-21T15:15:52.568546,shrek,INSIDE,16,True,5fb80f9bc0f3,4.083623999576957,latency-4eadf7846cc8.csv
2,4eadf7846cc8,2025-10-21T15:15:52.676418,shrek3,youre,0,True,5fb80f9bc0f3,4.911957000331313,latency-4eadf7846cc8.csv
2,4eadf7846cc8,2025-10-21T15:15:52.785597,shrek3,PRINCE,207,True,5fb80f9bc0f3,9.589318000507774,latency-4eadf7846cc8.csv
2,4eadf7846cc8,2025-10-21T15:15:52.900114,grail,going,21,True,5fb80f9bc0f3,6.064688999686041,latency-4eadf7846cc8.csv
2,4eadf7846cc8,2025-10-21T15:15:53.010403,grail,Ecky-Ecky-Ecky,1,True,5fb80f9bc0f3,8.157139999639185,latency-4eadf7846cc8.csv
2,4eadf7846cc8,2025-10-21T15:15:53.128004,shrek,I,386,True,5fb80f9bc0f3,4.239128000335768,latency-4eadf7846cc8.csv
2,4eadf7846cc8,2025-10-21T15:15:53.244111,shrek,Is,132,True,5fb80f9bc0f3,4.237780000039493,latency-4eadf7846cc8.csv
2,4eadf7846cc8,2025-10-21T15:15:53.359077,grail,Gallahad,44,True,5fb80f9bc0f3,7.9131450002023485,latency-4eadf7846cc8.csv
2,4eadf7846cc8,2025-10-21T15:15:53.478092,grail,ANOTHER,25,True,5fb80f9bc0f3,12.442743000065091,latency-4eadf7846cc8.csv
2,4eadf7846cc8,2025-10-21T15:15:53.601233,shrek,FIONA,211,True,5fb80f9bc0f3,5.133884000315447,latency-4eadf7846cc8.csv
2,4eadf7846cc8,2025-10-21T15:15:53.711117,grail,to,718,True,5fb80f9bc0f3,3.099956000369275,latency-4eadf7846cc8.csv
2,4eadf7846cc8,2025-10-21T15:15:53.817943,shrek3,cues,3,True,5fb80f9bc0f3,3.8678040000377214,latency-4eadf7846cc8.csv
2,4eadf7846cc8,2025-10-21T15:15:53.927862,grail,(as,0,True,5fb80f9bc0f3,7.291426000847423,latency-4eadf7846cc8.csv
2,4eadf7846cc8,2025-10-21T15:15:54.041701,shrek3,bed,10,True,5fb80f9bc0f3,12.212442000418378,latency-4eadf7846cc8.csv
2,4eadf7846cc8,2025-10-21T15:15:54.159117,grail,Tm,5,True,5fb80f9bc0f3,15.658612999686738,latency-4eadf7846cc8.csv
2,4eadf7846cc8,2025-10-21T15:15:54.280016,shrek,SHREK,433,True,5fb80f9bc0f3,14.37296000040078,latency-4eadf7846cc8.csv
2,4eadf7846cc8,2025-10-21T15:15:54.401136,shrek,FIONA,211,True,5fb80f9bc0f3,18.6210680003569,latency-4eadf7846cc8.csv
1,4ec8cf1c110e,2025-10-21T15:16:25.930057,shrek3,OGRE,39,True,5fb80f9bc0f3,4.213002999676974,latency-4ec8cf1c110e.csv
1,4ec8cf1c110e,2025-10-21T15:16:26.043970,shrek3,of,275,True,5fb80f9bc0f3,2.316227999472176,latency-4ec8cf1c110e.csv
1,4ec8cf1c110e,2025-10-21T15:16:26.149487,shrek,rising,1,True,5fb80f9bc0f3,2.969502000269131,latency-4ec8cf1c110e.csv
1,4ec8cf1c110e,2025-10-21T15:16:26.256137,shrek3,youre,0,True,5fb80f9bc0f3,2.917424999395734,latency-4ec8cf1c110e.csv
1,4ec8cf1c110e,2025-10-21T15:16:26.362767,shrek,transport,1,True,5fb80f9bc0f3,4.861183999310015,latency-4ec8cf1c110e.csv
1,4ec8cf1c110e,2025-10-21T15:16:26.472465,shrek3,Cinderella,21,True,5fb80f9bc0f3,3.900086999237829,latency-4ec8cf1c110e.csv
1,4ec8cf1c110e,2025-10-21T15:16:26.580723,grail,Get,47,True,5fb80f9bc0f3,8.981963999758591,latency-4ec8cf1c110e.csv
1,4ec8cf1c110e,2025-10-21T15:16:26.697514,shrek3,get,39,True,5fb80f9bc0f3,12.780482999914966,latency-4ec8cf1c110e.csv
1,4ec8cf1c110e,2025-10-21T15:16:26.818959,shrek3,right,36,True,5fb80f9bc0f3,7.7549039997393265,latency-4ec8cf1c110e.csv
1,4ec8cf1c110e,2025-10-21T15:16:26.933378,shrek3,SCHOOL,14,True,5fb80f9bc0f3,4.56070699965494,latency-4ec8cf1c110e.csv
1,4ec8cf1c110e,2025-10-21T15:16:27.042655,shrek3,an,51,True,5fb80f9bc0f3,3.486126000098011,latency-4ec8cf1c110e.csv
1,4ec8cf1c110e,2025-10-21T15:16:27.150070,shrek,Nobody,4,True,5fb80f9bc0f3,2.667193999513984,latency-4ec8cf1c110e.csv
1,4ec8cf1c110e,2025-10-21T15:16:27.255915,shrek3,an,51,True,5fb80f9bc0f3,2.8810300000259303,latency-4ec8cf1c110e.csv
1,4ec8cf1c110e,2025-10-21T15:16:27.361795,shrek,I,386,True,5fb80f9bc0f3,3.0069670001466875,latency-4ec8cf1c110e.csv
1,4ec8cf1c110e,2025-10-21T15:16:27.468495,shrek3,and,576,True,5fb80f9bc0f3,2.3213879994727904,latency-4ec8cf1c110e.csv
1,4ec8cf1c110e,2025-10-21T15:16:27.575173,shrek3,and,576,True,5fb80f9bc0f3,3.1986690000849194,latency-4ec8cf1c110e.csv
1,4ec8cf1c110e,2025-10-21T15:16:27.681524,shrek,will,16,True,5fb80f9bc0f3,2.556583000114188,latency-4ec8cf1c110e.csv
1,4ec8cf1c110e,2025-10-21T15:16:27.787964,shrek,What,104,True,5fb80f9bc0f3,2.6328860003559384,latency-4ec8cf1c110e.csv
1,4ec8cf1c110e,2025-10-21T15:16:27.894244,grail,the,1600,True,5fb80f9bc0f3,3.060861000449222,latency-4ec8cf1c110e.csv
1,4ec8cf1c110e,2025-10-21T15:16:28.001522,shrek3,did,14,True,5fb80f9bc0f3,2.4539289997846936,latency-4ec8cf1c110e.csv
2,4ec8cf1c110e,2025-10-21T15:16:28.107047,shrek3,OGRE,39,True,5fb80f9bc0f3,2.4496789992554118,latency-4ec8cf1c110e.csv
2,4ec8cf1c110e,2025-10-21T15:16:28.212678,shrek3,of,275,True,5fb80f9bc0f3,3.4135940004489385,latency-4ec8cf1c110e.csv
2,4ec8cf1c110e,2025-10-21T15:16:28.320311,shrek,rising,1,True,5fb80f9bc0f3,2.4640669998916565,latency-4ec8cf1c110e.csv
2,4ec8cf1c110e,2025-10-21T15:16:28.425805,shrek3,youre,0,True,5fb80f9bc0f3,2.886300999307423,latency-4ec8cf1c110e.csv
2,4ec8cf1c110e,2025-10-21T15:16:28.532242,shrek,transport,1,True,5fb80f9bc0f3,2.884814000026381,latency-4ec8cf1c110e.csv
2,4ec8cf1c110e,2025-10-21T15:16:28.639898,shrek3,Cinderella,21,True,5fb80f9bc0f3,2.912954999374051,latency-4ec8cf1c110e.csv
2,4ec8cf1c110e,2025-10-21T15:16:28.746506,grail,Get,47,True,5fb80f9bc0f3,2.389752000453882,latency-4ec8cf1c110e.csv
2,4ec8cf1c110e,2025-10-21T15:16:28.852807,shrek3,get,39,True,5fb80f9bc0f3,4.491631999371748,latency-4ec8cf1c110e.csv
2,4ec8cf1c110e,2025-10-21T15:16:28.962873,shrek3,right,36,True,5fb80f9bc0f3,2.6666929998100386,latency-4ec8cf1c110e.csv
2,4ec8cf1c110e,2025-10-21T15:16:29.068669,shrek3,SCHOOL,14,True,5fb80f9bc0f3,3.449790999184188,latency-4ec8cf1c110e.csv
2,4ec8cf1c110e,2025-10-21T15:16:29.175929,shrek3,an,51,True,5fb80f9bc0f3,3.6532559997795033,latency-4ec8cf1c110e.csv
2,4ec8cf1c110e,2025-10-21T15:16:29.283546,shrek,Nobody,4,True,5fb80f9bc0f3,3.566559000319103,latency-4ec8cf1c110e.csv
2,4ec8cf1c110e,2025-10-21T15:16:29.390963,shrek3,an,51,True,5fb80f9bc0f3,3.3585170003789244,latency-4ec8cf1c110e.csv
2,4ec8cf1c110e,2025-10-21T15:16:29.499618,shrek,I,386,True,5fb80f9bc0f3,4.44218600023305,latency-4ec8cf1c110e.csv
2,4ec8cf1c110e,2025-10-21T15:16:29.607498,shrek3,and,576,True,5fb80f9bc0f3,2.1702019994336297,latency-4ec8cf1c110e.csv
2,4ec8cf1c110e,2025-10-21T15:16:29.712909,shrek3,and,576,True,5fb80f9bc0f3,2.22242399922834,latency-4ec8cf1c110e.csv
2,4ec8cf1c110e,2025-10-21T15:16:29.818395,shrek,will,16,True,5fb80f9bc0f3,2.7641169999697013,latency-4ec8cf1c110e.csv
2,4ec8cf1c110e,2025-10-21T15:16:29.924140,shrek,What,104,True,5fb80f9bc0f3,2.68709099964326,latency-4ec8cf1c110e.csv
2,4ec8cf1c110e,2025-10-21T15:16:30.030859,grail,the,1600,True,5fb80f9bc0f3,2.523331999327638,latency-4ec8cf1c110e.csv
2,4ec8cf1c110e,2025-10-21T15:16:30.136979,shrek3,did,14,True,5fb80f9bc0f3,3.3606560000407626,latency-4ec8cf1c110e.csv
1,4f4b2baa7647,2025-10-21T15:15:53.521046,shrek3,an,51,False,5fb80f9bc0f3,10.230183999738074,latency-4f4b2baa7647.csv
1,4f4b2baa7647,2025-10-21T15:15:53.638781,shrek3,him,87,True,5fb80f9bc0f3,19.722213999557425,latency-4f4b2baa7647.csv
1,4f4b2baa7647,2025-10-21T15:15:53.774482,shrek3,through,43,True,5fb80f9bc0f3,4.409625999869604,latency-4f4b2baa7647.csv
1,4f4b2baa7647,2025-10-21T15:15:53.888639,grail,I,298,True,5fb80f9bc0f3,7.215572999484721,latency-4f4b2baa7647.csv
1,4f4b2baa7647,2025-10-21T15:15:54.003397,shrek,DONKEY,320,True,5fb80f9bc0f3,12.247417999788013,latency-4f4b2baa7647.csv
1,4f4b2baa7647,2025-10-21T15:15:54.126038,grail,it,279,False,5fb80f9bc0f3,18.466509000063525,latency-4f4b2baa7647.csv
1,4f4b2baa7647,2025-10-21T15:15:54.255377,shrek,FIONA,211,True,5fb80f9bc0f3,3.64203000026464,latency-4f4b2baa7647.csv
1,4f4b2baa7647,2025-10-21T15:15:54.363003,shrek,ogre,27,True,5fb80f9bc0f3,5.5088299995986745,latency-4f4b2baa7647.csv
1,4f4b2baa7647,2025-10-21T15:15:54.472941,shrek,old,10,True,5fb80f9bc0f3,4.868042999987665,latency-4f4b2baa7647.csv
1,4f4b2baa7647,2025-10-21T15:15:54.582882,shrek3,CAPTAIN,41,True,5fb80f9bc0f3,3.3794320006563794,latency-4f4b2baa7647.csv
1,4f4b2baa7647,2025-10-21T15:15:54.690270,shrek,"Well,",0,True,5fb80f9bc0f3,12.834713000302145,latency-4f4b2baa7647.csv
1,4f4b2baa7647,2025-10-21T15:15:54.816391,shrek3,Third,121,False,5fb80f9bc0f3,18.199015000391228,latency-4f4b2baa7647.csv
1,4f4b2baa7647,2025-10-21T15:15:54.943533,shrek,our,11,True,5fb80f9bc0f3,5.78596400009701,latency-4f4b2baa7647.csv
1,4f4b2baa7647,2025-10-21T15:15:55.056055,shrek,token,1,True,5fb80f9bc0f3,5.639760999656573,latency-4f4b2baa7647.csv
1,4f4b2baa7647,2025-10-21T15:15:55.171615,grail,the,1600,True,5fb80f9bc0f3,3.067765000196232,latency-4f4b2baa7647.csv
1,4f4b2baa7647,2025-10-21T15:15:55.279563,shrek3,Arg,1,True,5fb80f9bc0f3,2.835659999618656,latency-4f4b2baa7647.csv
1,4f4b2baa7647,2025-10-21T15:15:55.386776,shrek3,PUSS,196,True,5fb80f9bc0f3,2.526598000258673,latency-4f4b2baa7647.csv
1,4f4b2baa7647,2025-10-21T15:15:55.493178,shrek,baby,3,True,5fb80f9bc0f3,3.3213589995284565,latency-4f4b2baa7647.csv
1,4f4b2baa7647,2025-10-21T15:15:55.603411,grail,a,666,True,5fb80f9bc0f3,2.890496999498282,latency-4f4b2baa7647.csv
1,4f4b2baa7647,2025-10-21T15:15:55.710645,shrek,his,48,True,5fb80f9bc0f3,2.504776000023412,latency-4f4b2baa7647.csv
2,4f4b2baa7647,2025-10-21T15:15:55.816673,shrek3,an,51,True,5fb80f9bc0f3,4.457332999663777,latency-4f4b2baa7647.csv
2,4f4b2baa7647,2025-10-21T15:15:55.925003,shrek3,him,87,True,5fb80f9bc0f3,9.738448999996764,latency-4f4b2baa7647.csv
2,4f4b2baa7647,2025-10-21T15:15:56.043006,shrek3,through,43,True,5fb80f9bc0f3,6.312378000075114,latency-4f4b2baa7647.csv
2,4f4b2baa7647,2025-10-21T15:15:56.153755,grail,I,298,True,5fb80f9bc0f3,4.907751999780885,latency-4f4b2baa7647.csv
2,4f4b2baa7647,2025-10-21T15:15:56.264364,shrek,DONKEY,320,True,5fb80f9bc0f3,18.32291800019448,latency-4f4b2baa7647.csv
2,4f4b2baa7647,2025-10-21T15:15:56.395496,grail,it,279,True,5fb80f9bc0f3,6.957409999813535,latency-4f4b2baa7647.csv
2,4f4b2baa7647,2025-10-21T15:15:56.517676,shrek,FIONA,211,True,5fb80f9bc0f3,3.885333999278373,latency-4f4b2baa7647.csv
2,4f4b2baa7647,2025-10-21T15:15:56.626063,shrek,ogre,27,True,5fb80f9bc0f3,4.278141000213509,latency-4f4b2baa7647.csv
2,4f4b2baa7647,2025-10-21T15:15:56.734928,shrek,old,10,True,5fb80f9bc0f3,5.815649000396661,latency-4f4b2baa7647.csv
2,4f4b2baa7647,2025-10-21T15:15:56.846092,shrek3,CAPTAIN,41,True,5fb80f9bc0f3,41.90257900063443,latency-4f4b2baa7647.csv
2,4f4b2baa7647,2025-10-21T15:15:57.009865,shrek,"Well,",0,True,5fb80f9bc0f3,4.892261000350118,latency-4f4b2baa7647.csv
2,4f4b2baa7647,2025-10-21T15:15:57.129071,shrek3,Third,121,True,5fb80f9bc0f3,2.535265000005893,latency-4f4b2baa7647.csv
2,4f4b2baa7647,2025-10-21T15:15:57.235008,shrek,our,11,True,5fb80f9bc0f3,3.5854729994753143,latency-4f4b2baa7647.csv
2,4f4b2baa7647,2025-10-21T15:15:57.343732,shrek,token,1,True,5fb80f9bc0f3,2.93589500051894,latency-4f4b2baa7647.csv
2,4f4b2baa7647,2025-10-21T15:15:57.449910,grail,the,1600,True,5fb80f9bc0f3,11.624228000073344,latency-4f4b2baa7647.csv
2,4f4b2baa7647,2025-10-21T15:15:57.567357,shrek3,Arg,1,True,5fb80f9bc0f3,7.063477999508905,latency-4f4b2baa7647.csv
2,4f4b2baa7647,2025-10-21T15:15:57.680691,shrek3,PUSS,196,True,5fb80f9bc0f3,3.364613000485406,latency-4f4b2baa7647.csv
2,4f4b2baa7647,2025-10-21T15:15:57.787866,shrek,baby,3,True,5fb80f9bc0f3,5.971562999548041,latency-4f4b2baa7647.csv
2,4f4b2baa7647,2025-10-21T15:15:57.899838,grail,a,666,True,5fb80f9bc0f3,8.850745000017923,latency-4f4b2baa7647.csv
2,4f4b2baa7647,2025-10-21T15:15:58.020841,shrek,his,48,True,5fb80f9bc0f3,8.375711999178748,latency-4f4b2baa7647.csv
1,57a78ed3b15e,2025-10-21T15:16:08.199679,grail,a,666,True,5fb80f9bc0f3,4.034917999888421,latency-57a78ed3b15e.csv
1,57a78ed3b15e,2025-10-21T15:16:08.307819,shrek,swamp,18,True,5fb80f9bc0f3,3.6211719998391354,latency-57a78ed3b15e.csv
1,57a78ed3b15e,2025-10-21T15:16:08.415343,shrek,rising,1,True,5fb80f9bc0f3,4.666074999477132,latency-57a78ed3b15e.csv
1,57a78ed3b15e,2025-10-21T15:16:08.524852,shrek,DONKEY,320,True,5fb80f9bc0f3,4.201033999379433,latency-57a78ed3b15e.csv
1,57a78ed3b15e,2025-10-21T15:16:08.632809,shrek3,the,1285,True,5fb80f9bc0f3,4.239738999785914,latency-57a78ed3b15e.csv
1,57a78ed3b15e,2025-10-21T15:16:08.740908,shrek,FIONA,211,True,5fb80f9bc0f3,3.733407000254374,latency-57a78ed3b15e.csv
1,57a78ed3b15e,2025-10-21T15:16:08.848405,shrek,GUARD,25,True,5fb80f9bc0f3,4.925676000311796,latency-57a78ed3b15e.csv
1,57a78ed3b15e,2025-10-21T15:16:08.957884,shrek3,Guards,23,True,5fb80f9bc0f3,3.1958330000634305,latency-57a78ed3b15e.csv
1,57a78ed3b15e,2025-10-21T15:16:09.064858,grail,GALAHAD,87,True,5fb80f9bc0f3,2.86649900044722,latency-57a78ed3b15e.csv
1,57a78ed3b15e,2025-10-21T15:16:09.171055,shrek,I,386,True,5fb80f9bc0f3,4.2925620000460185,latency-57a78ed3b15e.csv
1,57a78ed3b15e,2025-10-21T15:16:09.279686,shrek,And,318,True,5fb80f9bc0f3,4.076420000274084,latency-57a78ed3b15e.csv
1,57a78ed3b15e,2025-10-21T15:16:09.387891,grail,with/,0,True,5fb80f9bc0f3,2.9037130007054657,latency-57a78ed3b15e.csv
1,57a78ed3b15e,2025-10-21T15:16:09.494931,grail,Tm,5,True,5fb80f9bc0f3,2.707390000068699,latency-57a78ed3b15e.csv
1,57a78ed3b15e,2025-10-21T15:16:09.601464,shrek3,of,275,True,5fb80f9bc0f3,3.93563599936897,latency-57a78ed3b15e.csv
1,57a78ed3b15e,2025-10-21T15:16:09.709084,grail,(as,0,True,5fb80f9bc0f3,4.35051000022213,latency-57a78ed3b15e.csv
1,57a78ed3b15e,2025-10-21T15:16:09.818723,shrek,lay,2,True,5fb80f9bc0f3,2.889710000090417,latency-57a78ed3b15e.csv
1,57a78ed3b15e,2025-10-21T15:16:09.924853,shrek,FIONA,211,True,5fb80f9bc0f3,3.028506000191556,latency-57a78ed3b15e.csv
1,57a78ed3b15e,2025-10-21T15:16:10.032525,grail,Michael,11,True,5fb80f9bc0f3,4.846532999181363,latency-57a78ed3b15e.csv
1,57a78ed3b15e,2025-10-21T15:16:10.141287,shrek3,Third,121,True,5fb80f9bc0f3,4.187585999716248,latency-57a78ed3b15e.csv
1,57a78ed3b15e,2025-10-21T15:16:10.248621,shrek,whistles,2,True,5fb80f9bc0f3,4.562956999507151,latency-57a78ed3b15e.csv
2,57a78ed3b15e,2025-10-21T15:16:10.358628,grail,a,666,True,5fb80f9bc0f3,6.741453000358888,latency-57a78ed3b15e.csv
2,57a78ed3b15e,2025-10-21T15:16:10.469030,shrek,swamp,18,True,5fb80f9bc0f3,4.1340840007251245,latency-57a78ed3b15e.csv
2,57a78ed3b15e,2025-10-21T15:16:10.576940,shrek,rising,1,True,5fb80f9bc0f3,6.054959000721283,latency-57a78ed3b15e.csv
2,57a78ed3b15e,2025-10-21T15:16:10.686955,shrek,DONKEY,320,True,5fb80f9bc0f3,7.833404999473714,latency-57a78ed3b15e.csv
2,57a78ed3b15e,2025-10-21T15:16:10.802001,shrek3,the,1285,True,5fb80f9bc0f3,2.9248649998407927,latency-57a78ed3b15e.csv
2,57a78ed3b15e,2025-10-21T15:16:10.907949,shrek,FIONA,211,True,5fb80f9bc0f3,3.560133999599202,latency-57a78ed3b15e.csv
2,57a78ed3b15e,2025-10-21T15:16:11.015391,shrek,GUARD,25,True,5fb80f9bc0f3,3.976404999775696,latency-57a78ed3b15e.csv
2,57a78ed3b15e,2025-10-21T15:16:11.123306,shrek3,Guards,23,True,5fb80f9bc0f3,2.6757890000226325,latency-57a78ed3b15e.csv
2,57a78ed3b15e,2025-10-21T15:16:11.229149,grail,GALAHAD,87,True,5fb80f9bc0f3,3.913976999683655,latency-57a78ed3b15e.csv
2,57a78ed3b15e,2025-10-21T15:16:11.337400,shrek,I,386,True,5fb80f9bc0f3,2.788417999909143,latency-57a78ed3b15e.csv
2,57a78ed3b15e,2025-10-21T15:16:11.444161,shrek,And,318,True,5fb80f9bc0f3,7.347132999711903,latency-57a78ed3b15e.csv
2,57a78ed3b15e,2025-10-21T15:16:11.559494,grail,with/,0,True,5fb80f9bc0f3,3.22580099964398,latency-57a78ed3b15e.csv
2,57a78ed3b15e,2025-10-21T15:16:11.669111,grail,Tm,5,True,5fb80f9bc0f3,2.7074489998994977,latency-57a78ed3b15e.csv
2,57a78ed3b15e,2025-10-21T15:16:11.777064,shrek3,of,275,True,5fb80f9bc0f3,3.0028660003154077,latency-57a78ed3b15e.csv
2,57a78ed3b15e,2025-10-21T15:16:11.885417,grail,(as,0,True,5fb80f9bc0f3,3.5285299991301144,latency-57a78ed3b15e.csv
2,57a78ed3b15e,2025-10-21T15:16:11.995053,shrek,lay,2,True,5fb80f9bc0f3,3.0883440003890428,latency-57a78ed3b15e.csv
2,57a78ed3b15e,2025-10-21T15:16:12.102319,shrek,FIONA,211,True,5fb80f9bc0f3,2.816391999658663,latency-57a78ed3b15e.csv
2,57a78ed3b15e,2025-10-21T15:16:12.208425,grail,Michael,11,True,5fb80f9bc0f3,2.4998200005939,latency-57a78ed3b15e.csv
2,57a78ed3b15e,2025-10-21T15:16:12.313864,shrek3,Third,121,True,5fb80f9bc0f3,3.9307659999394673,latency-57a78ed3b15e.csv
2,57a78ed3b15e,2025-10-21T15:16:12.422684,shrek,whistles,2,True,5fb80f9bc0f3,3.0079710004429216,latency-57a78ed3b15e.csv
1,5857c9dbbd11,2025-10-21T15:16:14.844958,shrek3,field,3,True,5fb80f9bc0f3,11.462127000413602,latency-5857c9dbbd11.csv
1,5857c9dbbd11,2025-10-21T15:16:14.961931,shrek3,the,1285,True,5fb80f9bc0f3,7.333683000069868,latency-5857c9dbbd11.csv
1,5857c9dbbd11,2025-10-21T15:16:15.075080,shrek,placed,1,True,5fb80f9bc0f3,7.635752999703982,latency-5857c9dbbd11.csv
1,5857c9dbbd11,2025-10-21T15:16:15.187219,shrek3,Be,71,True,5fb80f9bc0f3,5.018969999582623,latency-5857c9dbbd11.csv
1,5857c9dbbd11,2025-10-21T15:16:15.297565,shrek3,you,328,True,5fb80f9bc0f3,4.693357000178366,latency-5857c9dbbd11.csv
1,5857c9dbbd11,2025-10-21T15:16:15.406524,shrek3,ARTIE,213,True,5fb80f9bc0f3,3.452181999819004,latency-5857c9dbbd11.csv
1,5857c9dbbd11,2025-10-21T15:16:15.514268,shrek3,DWARF,10,True,5fb80f9bc0f3,3.2426249999844003,latency-5857c9dbbd11.csv
1,5857c9dbbd11,2025-10-21T15:16:15.621173,shrek,its,1,True,5fb80f9bc0f3,4.430562000379723,latency-5857c9dbbd11.csv
1,5857c9dbbd11,2025-10-21T15:16:15.732396,shrek,on,88,True,5fb80f9bc0f3,2.9846010002074763,latency-5857c9dbbd11.csv
1,5857c9dbbd11,2025-10-21T15:16:15.838960,shrek3,of,275,True,5fb80f9bc0f3,2.61374900037481,latency-5857c9dbbd11.csv
1,5857c9dbbd11,2025-10-21T15:16:15.945019,grail,right,66,True,5fb80f9bc0f3,4.887611999947694,latency-5857c9dbbd11.csv
1,5857c9dbbd11,2025-10-21T15:16:16.055448,shrek3,PRINCE,207,True,5fb80f9bc0f3,5.552759999773116,latency-5857c9dbbd11.csv
1,5857c9dbbd11,2025-10-21T15:16:16.170017,grail,19Prince,0,True,5fb80f9bc0f3,3.248117000111961,latency-5857c9dbbd11.csv
1,5857c9dbbd11,2025-10-21T15:16:16.276856,shrek,SHREK,433,True,5fb80f9bc0f3,3.0535410005541053,latency-5857c9dbbd11.csv
1,5857c9dbbd11,2025-10-21T15:16:16.383520,grail,Yeah,13,True,5fb80f9bc0f3,5.346710999219795,latency-5857c9dbbd11.csv
1,5857c9dbbd11,2025-10-21T15:16:16.493285,shrek3,PUSS,196,True,5fb80f9bc0f3,4.630315999747836,latency-5857c9dbbd11.csv
1,5857c9dbbd11,2025-10-21T15:16:16.602911,shrek,its,1,True,5fb80f9bc0f3,3.2070949991975795,latency-5857c9dbbd11.csv
1,5857c9dbbd11,2025-10-21T15:16:16.709524,shrek,the,535,True,5fb80f9bc0f3,3.2311210006810143,latency-5857c9dbbd11.csv
1,5857c9dbbd11,2025-10-21T15:16:16.816468,shrek,I,386,True,5fb80f9bc0f3,4.044734999297361,latency-5857c9dbbd11.csv
1,5857c9dbbd11,2025-10-21T15:16:16.925267,grail,witch,30,True,5fb80f9bc0f3,3.988696999840613,latency-5857c9dbbd11.csv
2,5857c9dbbd11,2025-10-21T15:16:17.033520,shrek3,field,3,True,5fb80f9bc0f3,2.721943000324245,latency-5857c9dbbd11.csv
2,5857c9dbbd11,2025-10-21T15:16:17.139344,shrek3,the,1285,True,5fb80f9bc0f3,3.6016789999848697,latency-5857c9dbbd11.csv
2,5857c9dbbd11,2025-10-21T15:16:17.246917,shrek,placed,1,True,5fb80f9bc0f3,8.649119000438077,latency-5857c9dbbd11.csv
2,5857c9dbbd11,2025-10-21T15:16:17.362418,shrek3,Be,71,True,5fb80f9bc0f3,10.295609999957378,latency-5857c9dbbd11.csv
2,5857c9dbbd11,2025-10-21T15:16:17.481168,shrek3,you,328,True,5fb80f9bc0f3,4.351661999862699,latency-5857c9dbbd11.csv
2,5857c9dbbd11,2025-10-21T15:16:17.591295,shrek3,ARTIE,213,True,5fb80f9bc0f3,5.170243000065966,latency-5857c9dbbd11.csv
2,5857c9dbbd11,2025-10-21T15:16:17.703536,shrek3,DWARF,10,True,5fb80f9bc0f3,5.821874000503158,latency-5857c9dbbd11.csv
2,5857c9dbbd11,2025-10-21T15:16:17.817780,shrek,its,1,True,5fb80f9bc0f3,9.368064999762282,latency-5857c9dbbd11.csv
2,5857c9dbbd11,2025-10-21T15:16:17.932555,shrek,on,88,True,5fb80f9bc0f3,6.14400199992815,latency-5857c9dbbd11.csv
2,5857c9dbbd11,2025-10-21T15:16:18.043726,shrek3,of,275,True,5fb80f9bc0f3,4.614219000359299,latency-5857c9dbbd11.csv
2,5857c9dbbd11,2025-10-21T15:16:18.154992,grail,right,66,True,5fb80f9bc0f3,4.33478400009335,latency-5857c9dbbd11.csv
2,5857c9dbbd11,2025-10-21T15:16:18.269629,shrek3,PRINCE,207,True,5fb80f9bc0f3,3.305266000097617,latency-5857c9dbbd11.csv
2,5857c9dbbd11,2025-10-21T15:16:18.376771,grail,19Prince,0,True,5fb80f9bc0f3,2.648399999998219,latency-5857c9dbbd11.csv
2,5857c9dbbd11,2025-10-21T15:16:18.483565,shrek,SHREK,433,True,5fb80f9bc0f3,2.588137999737228,latency-5857c9dbbd11.csv
2,5857c9dbbd11,2025-10-21T15:16:18.589954,grail,Yeah,13,True,5fb80f9bc0f3,3.4772319995681755,latency-5857c9dbbd11.csv
2,5857c9dbbd11,2025-10-21T15:16:18.698459,shrek3,PUSS,196,True,5fb80f9bc0f3,3.298382999673777,latency-5857c9dbbd11.csv
2,5857c9dbbd11,2025-10-21T15:16:18.805772,shrek,its,1,True,5fb80f9bc0f3,2.9101659993102658,latency-5857c9dbbd11.csv
2,5857c9dbbd11,2025-10-21T15:16:18.912503,shrek,the,535,True,5fb80f9bc0f3,4.893954999715788,latency-5857c9dbbd11.csv
2,5857c9dbbd11,2025-10-21T15:16:19.022027,shrek,I,386,True,5fb80f9bc0f3,4.198718000225199,latency-5857c9dbbd11.csv
2,5857c9dbbd11,2025-10-21T15:16:19.130611,grail,witch,30,True,5fb80f9bc0f3,3.4052470000460744,latency-5857c9dbbd11.csv
1,592bfb11ebaa,2025-10-21T15:15:50.639256,shrek,DONKEY,320,True,5fb80f9bc0f3,3.103834000285133,latency-592bfb11ebaa.csv
1,592bfb11ebaa,2025-10-21T15:15:50.746200,shrek3,Donkey,243,True,5fb80f9bc0f3,6.639952000114136,latency-592bfb11ebaa.csv
1,592bfb11ebaa,2025-10-21T15:15:50.857548,shrek3,Im,1,True,5fb80f9bc0f3,6.308473999524722,latency-592bfb11ebaa.csv
1,592bfb11ebaa,2025-10-21T15:15:50.969418,shrek3,Hold,8,True,5fb80f9bc0f3,5.060968999714532,latency-592bfb11ebaa.csv
1,592bfb11ebaa,2025-10-21T15:15:51.079049,shrek,GORDO,5,True,5fb80f9bc0f3,5.287465000037628,latency-592bfb11ebaa.csv
1,592bfb11ebaa,2025-10-21T15:15:51.188716,grail,Auuuuuuuugh,2,True,5fb80f9bc0f3,4.676079999626381,latency-592bfb11ebaa.csv
1,592bfb11ebaa,2025-10-21T15:15:51.298017,shrek3,ARTIE,213,True,5fb80f9bc0f3,5.8038270008182735,latency-592bfb11ebaa.csv
1,592bfb11ebaa,2025-10-21T15:15:51.409201,grail,Launcelot,107,True,5fb80f9bc0f3,8.809576000203378,latency-592bfb11ebaa.csv
1,592bfb11ebaa,2025-10-21T15:15:51.523985,shrek,will,16,False,5fb80f9bc0f3,45.24107900033414,latency-592bfb11ebaa.csv
1,592bfb11ebaa,2025-10-21T15:15:51.683945,shrek,this,79,True,5fb80f9bc0f3,16.590576999988116,latency-592bfb11ebaa.csv
1,592bfb11ebaa,2025-10-21T15:15:51.809278,grail,-,259,True,5fb80f9bc0f3,6.657294000433467,latency-592bfb11ebaa.csv
1,592bfb11ebaa,2025-10-21T15:15:51.933091,grail,pretty,7,True,5fb80f9bc0f3,4.654117999962182,latency-592bfb11ebaa.csv
1,592bfb11ebaa,2025-10-21T15:15:52.044647,shrek3,SHREK,678,False,5fb80f9bc0f3,13.986779999868304,latency-592bfb11ebaa.csv
1,592bfb11ebaa,2025-10-21T15:15:52.168330,shrek3,-,110,True,5fb80f9bc0f3,11.250204000134543,latency-592bfb11ebaa.csv
1,592bfb11ebaa,2025-10-21T15:15:52.286806,shrek3,116,1,True,5fb80f9bc0f3,4.11692200032121,latency-592bfb11ebaa.csv
1,592bfb11ebaa,2025-10-21T15:15:52.396872,shrek,GORDO,5,True,5fb80f9bc0f3,3.122910000456613,latency-592bfb11ebaa.csv
1,592bfb11ebaa,2025-10-21T15:15:52.504168,shrek3,SCHOOL,14,False,5fb80f9bc0f3,16.22183000017685,latency-592bfb11ebaa.csv
1,592bfb11ebaa,2025-10-21T15:15:52.628257,shrek3,Shrek,678,True,5fb80f9bc0f3,3.2352090001950278,latency-592bfb11ebaa.csv
1,592bfb11ebaa,2025-10-21T15:15:52.734721,shrek3,Guards,23,False,5fb80f9bc0f3,11.70719400033704,latency-592bfb11ebaa.csv
1,592bfb11ebaa,2025-10-21T15:15:52.849718,shrek3,Gingerbread,37,False,5fb80f9bc0f3,9.842467999988004,latency-592bfb11ebaa.csv
2,592bfb11ebaa,2025-10-21T15:15:52.962553,shrek,DONKEY,320,True,5fb80f9bc0f3,3.617266999754065,latency-592bfb11ebaa.csv
2,592bfb11ebaa,2025-10-21T15:15:53.070069,shrek3,Donkey,243,True,5fb80f9bc0f3,2.8571770008056774,latency-592bfb11ebaa.csv
2,592bfb11ebaa,2025-10-21T15:15:53.176677,shrek3,Im,1,True,5fb80f9bc0f3,3.1151670000326703,latency-592bfb11ebaa.csv
2,592bfb11ebaa,2025-10-21T15:15:53.284125,shrek3,Hold,8,True,5fb80f9bc0f3,2.768680999906792,latency-592bfb11ebaa.csv
2,592bfb11ebaa,2025-10-21T15:15:53.390748,shrek,GORDO,5,True,5fb80f9bc0f3,5.122790000314126,latency-592bfb11ebaa.csv
2,592bfb11ebaa,2025-10-21T15:15:53.499575,grail,Auuuuuuuugh,2,True,5fb80f9bc0f3,17.604971000764635,latency-592bfb11ebaa.csv
2,592bfb11ebaa,2025-10-21T15:15:53.621445,shrek3,ARTIE,213,True,5fb80f9bc0f3,17.052369999873918,latency-592bfb11ebaa.csv
2,592bfb11ebaa,2025-10-21T15:15:53.763348,grail,Launcelot,107,True,5fb80f9bc0f3,5.337341000085871,latency-592bfb11ebaa.csv
2,592bfb11ebaa,2025-10-21T15:15:53.875021,shrek,will,16,True,5fb80f9bc0f3,7.836529000087467,latency-592bfb11ebaa.csv
2,592bfb11ebaa,2025-10-21T15:15:53.991619,shrek,this,79,True,5fb80f9bc0f3,6.668492000244441,latency-592bfb11ebaa.csv
2,592bfb11ebaa,2025-10-21T15:15:54.109150,grail,-,259,True,5fb80f9bc0f3,3.9577649995408137,latency-592bfb11ebaa.csv
2,592bfb11ebaa,2025-10-21T15:15:54.218161,grail,pretty,7,True,5fb80f9bc0f3,4.37897099982365,latency-592bfb11ebaa.csv
2,592bfb11ebaa,2025-10-21T15:15:54.326570,shrek3,SHREK,678,True,5fb80f9bc0f3,4.836374000660726,latency-592bfb11ebaa.csv
2,592bfb11ebaa,2025-10-21T15:15:54.435913,shrek3,-,110,True,5fb80f9bc0f3,10.723024999606425,latency-592bfb11ebaa.csv
2,592bfb11ebaa,2025-10-21T15:15:54.564240,shrek3,116,1,True,5fb80f9bc0f3,5.924578999838559,latency-592bfb11ebaa.csv
2,592bfb11ebaa,2025-10-21T15:15:54.677445,shrek,GORDO,5,True,5fb80f9bc0f3,3.868594999403285,latency-592bfb11ebaa.csv
2,592bfb11ebaa,2025-10-21T15:15:54.790390,shrek3,SCHOOL,14,True,5fb80f9bc0f3,2.6678619997255737,latency-592bfb11ebaa.csv
2,592bfb11ebaa,2025-10-21T15:15:54.896127,shrek3,Shrek,678,True,5fb80f9bc0f3,3.940235000300163,latency-592bfb11ebaa.csv
2,592bfb11ebaa,2025-10-21T15:15:55.011271,shrek3,Guards,23,True,5fb80f9bc0f3,3.911789000085264,latency-592bfb11ebaa.csv
2,592bfb11ebaa,2025-10-21T15:15:55.119080,shrek3,Gingerbread,37,True,5fb80f9bc0f3,5.358295000405633,latency-592bfb11ebaa.csv
1,598f33252761,2025-10-21T15:15:52.037488,shrek,its,1,True,5fb80f9bc0f3,2.533796000534494,latency-598f33252761.csv
1,598f33252761,2025-10-21T15:15:52.143281,shrek,"Ha,",0,False,5fb80f9bc0f3,10.22214300064661,latency-598f33252761.csv
1,598f33252761,2025-10-21T15:15:52.257689,shrek,What,104,True,5fb80f9bc0f3,3.415072000279906,latency-598f33252761.csv
1,598f33252761,2025-10-21T15:15:52.365277,grail,door,14,True,5fb80f9bc0f3,5.706850000024133,latency-598f33252761.csv
1,598f33252761,2025-10-21T15:15:52.475493,shrek,GORDO,5,True,5fb80f9bc0f3,4.762458999721275,latency-598f33252761.csv
1,598f33252761,2025-10-21T15:15:52.584830,shrek3,supposed,11,True,5fb80f9bc0f3,3.6589870005627754,latency-598f33252761.csv
1,598f33252761,2025-10-21T15:15:52.692720,shrek3,bed,10,True,5fb80f9bc0f3,3.880018999552704,latency-598f33252761.csv
1,598f33252761,2025-10-21T15:15:52.800495,shrek3,SHREK,678,True,5fb80f9bc0f3,5.096953000247595,latency-598f33252761.csv
1,598f33252761,2025-10-21T15:15:52.909930,shrek,FIONA'S,3,True,5fb80f9bc0f3,4.9756660000639386,latency-598f33252761.csv
1,598f33252761,2025-10-21T15:15:53.018740,shrek3,get,39,True,5fb80f9bc0f3,11.487134000162769,latency-598f33252761.csv
1,598f33252761,2025-10-21T15:15:53.137465,grail,witch,30,True,5fb80f9bc0f3,9.726506000333757,latency-598f33252761.csv
1,598f33252761,2025-10-21T15:15:53.253153,shrek3,bed,10,True,5fb80f9bc0f3,10.556694000115384,latency-598f33252761.csv
1,598f33252761,2025-10-21T15:15:53.369372,shrek3,field,3,True,5fb80f9bc0f3,10.219226000117487,latency-598f33252761.csv
1,598f33252761,2025-10-21T15:15:53.489608,shrek3,through,43,True,5fb80f9bc0f3,12.415905999660026,latency-598f33252761.csv
1,598f33252761,2025-10-21T15:15:53.616745,shrek3,of,275,True,5fb80f9bc0f3,9.52911700005643,latency-598f33252761.csv
1,598f33252761,2025-10-21T15:15:53.753326,grail,is,317,True,5fb80f9bc0f3,2.2245720001592417,latency-598f33252761.csv
1,598f33252761,2025-10-21T15:15:53.859212,grail,Butts,2,False,5fb80f9bc0f3,12.338470999566198,latency-598f33252761.csv
1,598f33252761,2025-10-21T15:15:53.981421,grail,Who’s,3,True,5fb80f9bc0f3,3.186054000252625,latency-598f33252761.csv
1,598f33252761,2025-10-21T15:15:54.090219,grail,with/,0,True,5fb80f9bc0f3,2.527910000026168,latency-598f33252761.csv
1,598f33252761,2025-10-21T15:15:54.195898,shrek,will,16,True,5fb80f9bc0f3,2.957257000161917,latency-598f33252761.csv
2,598f33252761,2025-10-21T15:15:54.303003,shrek,its,1,True,5fb80f9bc0f3,3.5406199995122734,latency-598f33252761.csv
2,598f33252761,2025-10-21T15:15:54.411585,shrek,"Ha,",0,True,5fb80f9bc0f3,18.928549000520437,latency-598f33252761.csv
2,598f33252761,2025-10-21T15:15:54.543294,shrek,What,104,True,5fb80f9bc0f3,3.611940000155301,latency-598f33252761.csv
2,598f33252761,2025-10-21T15:15:54.649956,grail,door,14,True,5fb80f9bc0f3,3.3796569996411563,latency-598f33252761.csv
2,598f33252761,2025-10-21T15:15:54.756748,shrek,GORDO,5,True,5fb80f9bc0f3,11.44857100007357,latency-598f33252761.csv
2,598f33252761,2025-10-21T15:15:54.872670,shrek3,supposed,11,True,5fb80f9bc0f3,3.736067999852821,latency-598f33252761.csv
2,598f33252761,2025-10-21T15:15:54.980440,shrek3,bed,10,True,5fb80f9bc0f3,3.4111020004274906,latency-598f33252761.csv
2,598f33252761,2025-10-21T15:15:55.087276,shrek3,SHREK,678,True,5fb80f9bc0f3,11.681424000016705,latency-598f33252761.csv
2,598f33252761,2025-10-21T15:15:55.207285,shrek,FIONA'S,3,True,5fb80f9bc0f3,4.754111999318411,latency-598f33252761.csv
2,598f33252761,2025-10-21T15:15:55.322542,shrek3,get,39,True,5fb80f9bc0f3,3.7722380002378486,latency-598f33252761.csv
2,598f33252761,2025-10-21T15:15:55.437800,grail,witch,30,True,5fb80f9bc0f3,2.98380099957285,latency-598f33252761.csv
2,598f33252761,2025-10-21T15:15:55.546371,shrek3,bed,10,True,5fb80f9bc0f3,3.102611999565852,latency-598f33252761.csv
2,598f33252761,2025-10-21T15:15:55.653617,shrek3,field,3,True,5fb80f9bc0f3,2.642133999870566,latency-598f33252761.csv
2,598f33252761,2025-10-21T15:15:55.759328,shrek3,through,43,True,5fb80f9bc0f3,7.4532029993861215,latency-598f33252761.csv
2,598f33252761,2025-10-21T15:15:55.871013,shrek3,of,275,True,5fb80f9bc0f3,5.475097999806167,latency-598f33252761.csv
2,598f33252761,2025-10-21T15:15:55.981795,grail,is,317,True,5fb80f9bc0f3,14.631648000431596,latency-598f33252761.csv
2,598f33252761,2025-10-21T15:15:56.106176,grail,Butts,2,True,5fb80f9bc0f3,6.553882999469352,latency-598f33252761.csv
2,598f33252761,2025-10-21T15:15:56.217984,grail,Who’s,3,True,5fb80f9bc0f3,5.697883000721049,latency-598f33252761.csv
2,598f33252761,2025-10-21T15:15:56.331711,grail,with/,0,True,5fb80f9bc0f3,6.595683999876201,latency-598f33252761.csv
2,598f33252761,2025-10-21T15:15:56.443545,shrek,will,16,True,5fb80f9bc0f3,7.769323000502482,latency-598f33252761.csv
1,5b381e87092c,2025-10-21T15:16:07.281808,grail,singing,33,True,5fb80f9bc0f3,4.873883999607642,latency-5b381e87092c.csv
1,5b381e87092c,2025-10-21T15:16:07.392106,shrek,INSIDE,16,True,5fb80f9bc0f3,5.561777000366419,latency-5b381e87092c.csv
1,5b381e87092c,2025-10-21T15:16:07.502210,shrek,tale,7,True,5fb80f9bc0f3,12.817167000321206,latency-5b381e87092c.csv
1,5b381e87092c,2025-10-21T15:16:07.623569,grail,for,118,True,5fb80f9bc0f3,5.398065999543178,latency-5b381e87092c.csv
1,5b381e87092c,2025-10-21T15:16:07.734838,shrek3,ARTIE,213,True,5fb80f9bc0f3,4.498542999499477,latency-5b381e87092c.csv
1,5b381e87092c,2025-10-21T15:16:07.845555,shrek,he,118,True,5fb80f9bc0f3,20.021605000692944,latency-5b381e87092c.csv
1,5b381e87092c,2025-10-21T15:16:07.979223,grail,GALAHAD,87,True,5fb80f9bc0f3,2.453725999657763,latency-5b381e87092c.csv
1,5b381e87092c,2025-10-21T15:16:08.083787,grail,about,49,True,5fb80f9bc0f3,2.674747000128264,latency-5b381e87092c.csv
1,5b381e87092c,2025-10-21T15:16:08.189704,shrek,And,318,True,5fb80f9bc0f3,2.810295000017504,latency-5b381e87092c.csv
1,5b381e87092c,2025-10-21T15:16:08.296416,grail,"collective,",0,True,5fb80f9bc0f3,2.726287999394117,latency-5b381e87092c.csv
1,5b381e87092c,2025-10-21T15:16:08.402789,shrek,SHREK,433,True,5fb80f9bc0f3,3.705670000272221,latency-5b381e87092c.csv
1,5b381e87092c,2025-10-21T15:16:08.510474,shrek3,decree,1,True,5fb80f9bc0f3,3.2808989999466576,latency-5b381e87092c.csv
1,5b381e87092c,2025-10-21T15:16:08.617467,grail,and,722,True,5fb80f9bc0f3,2.5245879996873555,latency-5b381e87092c.csv
1,5b381e87092c,2025-10-21T15:16:08.723192,shrek3,ruby,1,True,5fb80f9bc0f3,2.5080039995373227,latency-5b381e87092c.csv
1,5b381e87092c,2025-10-21T15:16:08.828760,shrek3,TO,511,True,5fb80f9bc0f3,4.210871000395855,latency-5b381e87092c.csv
1,5b381e87092c,2025-10-21T15:16:08.937087,shrek3,ho,8,True,5fb80f9bc0f3,2.8515199992398266,latency-5b381e87092c.csv
1,5b381e87092c,2025-10-21T15:16:09.043475,shrek,"Well,",0,True,5fb80f9bc0f3,2.14381199930358,latency-5b381e87092c.csv
1,5b381e87092c,2025-10-21T15:16:09.148569,shrek3,CAPTAIN,41,True,5fb80f9bc0f3,2.730490999965696,latency-5b381e87092c.csv
1,5b381e87092c,2025-10-21T15:16:09.254527,shrek3,me,72,True,5fb80f9bc0f3,2.6948750000883592,latency-5b381e87092c.csv
1,5b381e87092c,2025-10-21T15:16:09.360944,grail,Get,47,True,5fb80f9bc0f3,2.9250450006657047,latency-5b381e87092c.csv
2,5b381e87092c,2025-10-21T15:16:09.467263,grail,singing,33,True,5fb80f9bc0f3,2.554150999458216,latency-5b381e87092c.csv
2,5b381e87092c,2025-10-21T15:16:09.573061,shrek,INSIDE,16,True,5fb80f9bc0f3,3.219356999579759,latency-5b381e87092c.csv
2,5b381e87092c,2025-10-21T15:16:09.680016,shrek,tale,7,True,5fb80f9bc0f3,3.4605529999680584,latency-5b381e87092c.csv
2,5b381e87092c,2025-10-21T15:16:09.787682,grail,for,118,True,5fb80f9bc0f3,2.5074860004679067,latency-5b381e87092c.csv
2,5b381e87092c,2025-10-21T15:16:09.893195,shrek3,ARTIE,213,True,5fb80f9bc0f3,2.694756999517267,latency-5b381e87092c.csv
2,5b381e87092c,2025-10-21T15:16:09.998710,shrek,he,118,True,5fb80f9bc0f3,2.474581000569742,latency-5b381e87092c.csv
2,5b381e87092c,2025-10-21T15:16:10.104558,grail,GALAHAD,87,True,5fb80f9bc0f3,3.275852999649942,latency-5b381e87092c.csv
2,5b381e87092c,2025-10-21T15:16:10.211337,grail,about,49,True,5fb80f9bc0f3,2.830936000464135,latency-5b381e87092c.csv
2,5b381e87092c,2025-10-21T15:16:10.317448,shrek,And,318,True,5fb80f9bc0f3,3.2190080000873422,latency-5b381e87092c.csv
2,5b381e87092c,2025-10-21T15:16:10.424800,grail,"collective,",0,True,5fb80f9bc0f3,2.581242999440292,latency-5b381e87092c.csv
2,5b381e87092c,2025-10-21T15:16:10.530806,shrek,SHREK,433,True,5fb80f9bc0f3,2.9895009993197164,latency-5b381e87092c.csv
2,5b381e87092c,2025-10-21T15:16:10.637504,shrek3,decree,1,True,5fb80f9bc0f3,3.4555040001578163,latency-5b381e87092c.csv
2,5b381e87092c,2025-10-21T15:16:10.744741,grail,and,722,True,5fb80f9bc0f3,4.377074999865727,latency-5b381e87092c.csv
2,5b381e87092c,2025-10-21T15:16:10.854827,shrek3,ruby,1,True,5fb80f9bc0f3,2.5500930005364357,latency-5b381e87092c.csv
2,5b381e87092c,2025-10-21T15:16:10.960323,shrek3,TO,511,True,5fb80f9bc0f3,3.121140000075684,latency-5b381e87092c.csv
2,5b381e87092c,2025-10-21T15:16:11.066962,shrek3,ho,8,True,5fb80f9bc0f3,3.365535000739328,latency-5b381e87092c.csv
2,5b381e87092c,2025-10-21T15:16:11.174111,shrek,"Well,",0,True,5fb80f9bc0f3,3.635314999883121,latency-5b381e87092c.csv
2,5b381e87092c,2025-10-21T15:16:11.281253,shrek3,CAPTAIN,41,True,5fb80f9bc0f3,2.655404000506678,latency-5b381e87092c.csv
2,5b381e87092c,2025-10-21T15:16:11.386994,shrek3,me,72,True,5fb80f9bc0f3,4.486167999857571,latency-5b381e87092c.csv
2,5b381e87092c,2025-10-21T15:16:11.495548,grail,Get,47,True,5fb80f9bc0f3,2.852718000212917,latency-5b381e87092c.csv
1,5eb2e9fee023,2025-10-21T15:15:49.604974,shrek3,through,43,False,5fb80f9bc0f3,13.021391000620495,latency-5eb2e9fee023.csv
1,5eb2e9fee023,2025-10-21T15:15:49.727581,shrek,tell,25,False,5fb80f9bc0f3,15.823525000087102,latency-5eb2e9fee023.csv
1,5eb2e9fee023,2025-10-21T15:15:49.853082,grail,toward,10,True,5fb80f9bc0f3,3.20855300014955,latency-5eb2e9fee023.csv
1,5eb2e9fee023,2025-10-21T15:15:49.960218,shrek3,reason,2,True,5fb80f9bc0f3,3.564076000657224,latency-5eb2e9fee023.csv
1,5eb2e9fee023,2025-10-21T15:15:50.067358,grail,Guard,106,True,5fb80f9bc0f3,6.7940049993922,latency-5eb2e9fee023.csv
1,5eb2e9fee023,2025-10-21T15:15:50.179123,shrek3,They,80,False,5fb80f9bc0f3,16.264513000351144,latency-5eb2e9fee023.csv
1,5eb2e9fee023,2025-10-21T15:15:50.302522,shrek3,BOAT,32,False,5fb80f9bc0f3,19.20056000017212,latency-5eb2e9fee023.csv
1,5eb2e9fee023,2025-10-21T15:15:50.442951,grail,Cleveland,3,True,5fb80f9bc0f3,3.856443000586296,latency-5eb2e9fee023.csv
1,5eb2e9fee023,2025-10-21T15:15:50.553899,grail,Bridge,30,True,5fb80f9bc0f3,3.679286999613396,latency-5eb2e9fee023.csv
1,5eb2e9fee023,2025-10-21T15:15:50.661692,grail,Ecky-Ecky-Ecky,1,True,5fb80f9bc0f3,3.87732200033497,latency-5eb2e9fee023.csv
1,5eb2e9fee023,2025-10-21T15:15:50.773567,shrek,(standing,0,True,5fb80f9bc0f3,4.483175000132178,latency-5eb2e9fee023.csv
1,5eb2e9fee023,2025-10-21T15:15:50.882457,grail,with/,0,False,5fb80f9bc0f3,14.143772000352328,latency-5eb2e9fee023.csv
1,5eb2e9fee023,2025-10-21T15:15:51.000857,grail,Footnote,4,True,5fb80f9bc0f3,3.723396999703255,latency-5eb2e9fee023.csv
1,5eb2e9fee023,2025-10-21T15:15:51.108872,grail,To,718,True,5fb80f9bc0f3,5.636222999783058,latency-5eb2e9fee023.csv
1,5eb2e9fee023,2025-10-21T15:15:51.219698,shrek,he,118,False,5fb80f9bc0f3,10.996484000315832,latency-5eb2e9fee023.csv
1,5eb2e9fee023,2025-10-21T15:15:51.346475,grail,Guard,106,True,5fb80f9bc0f3,4.198419000204012,latency-5eb2e9fee023.csv
1,5eb2e9fee023,2025-10-21T15:15:51.456692,shrek3,the,1285,False,5fb80f9bc0f3,17.123949000051653,latency-5eb2e9fee023.csv
1,5eb2e9fee023,2025-10-21T15:15:51.608486,shrek,SHREK,433,True,5fb80f9bc0f3,4.8451000002387445,latency-5eb2e9fee023.csv
1,5eb2e9fee023,2025-10-21T15:15:51.718379,grail,the,1600,True,5fb80f9bc0f3,4.287237000426103,latency-5eb2e9fee023.csv
1,5eb2e9fee023,2025-10-21T15:15:51.827222,shrek3,SHOUTING),0,True,5fb80f9bc0f3,7.445730999279476,latency-5eb2e9fee023.csv
2,5eb2e9fee023,2025-10-21T15:15:51.939150,shrek3,through,43,True,5fb80f9bc0f3,5.740143999901193,latency-5eb2e9fee023.csv
2,5eb2e9fee023,2025-10-21T15:15:52.048450,shrek,tell,25,True,5fb80f9bc0f3,12.996876000215709,latency-5eb2e9fee023.csv
2,5eb2e9fee023,2025-10-21T15:15:52.168521,grail,toward,10,True,5fb80f9bc0f3,12.596628999745008,latency-5eb2e9fee023.csv
2,5eb2e9fee023,2025-10-21T15:15:52.290995,shrek3,reason,2,True,5fb80f9bc0f3,7.527351999669918,latency-5eb2e9fee023.csv
2,5eb2e9fee023,2025-10-21T15:15:52.405759,grail,Guard,106,True,5fb80f9bc0f3,7.721815999502724,latency-5eb2e9fee023.csv
2,5eb2e9fee023,2025-10-21T15:15:52.523584,shrek3,They,80,True,5fb80f9bc0f3,9.77605299976858,latency-5eb2e9fee023.csv
2,5eb2e9fee023,2025-10-21T15:15:52.647423,shrek3,BOAT,32,True,5fb80f9bc0f3,7.579609000458731,latency-5eb2e9fee023.csv
2,5eb2e9fee023,2025-10-21T15:15:52.764685,grail,Cleveland,3,True,5fb80f9bc0f3,3.5625869995783432,latency-5eb2e9fee023.csv
2,5eb2e9fee023,2025-10-21T15:15:52.873274,grail,Bridge,30,True,5fb80f9bc0f3,2.6811999996425584,latency-5eb2e9fee023.csv
2,5eb2e9fee023,2025-10-21T15:15:52.979493,grail,Ecky-Ecky-Ecky,1,True,5fb80f9bc0f3,6.696405000184313,latency-5eb2e9fee023.csv
2,5eb2e9fee023,2025-10-21T15:15:53.091366,shrek,(standing,0,True,5fb80f9bc0f3,13.732624000112992,latency-5eb2e9fee023.csv
2,5eb2e9fee023,2025-10-21T15:15:53.216330,grail,with/,0,True,5fb80f9bc0f3,3.622365999945032,latency-5eb2e9fee023.csv
2,5eb2e9fee023,2025-10-21T15:15:53.326017,grail,Footnote,4,True,5fb80f9bc0f3,3.690130999530084,latency-5eb2e9fee023.csv
2,5eb2e9fee023,2025-10-21T15:15:53.433431,grail,To,718,True,5fb80f9bc0f3,2.985211999657622,latency-5eb2e9fee023.csv
2,5eb2e9fee023,2025-10-21T15:15:53.539953,shrek,he,118,True,5fb80f9bc0f3,3.2009030001063365,latency-5eb2e9fee023.csv
2,5eb2e9fee023,2025-10-21T15:15:53.646776,grail,Guard,106,True,5fb80f9bc0f3,21.78585199999361,latency-5eb2e9fee023.csv
2,5eb2e9fee023,2025-10-21T15:15:53.778903,shrek3,the,1285,True,5fb80f9bc0f3,7.48361699970701,latency-5eb2e9fee023.csv
2,5eb2e9fee023,2025-10-21T15:15:53.893712,shrek,SHREK,433,True,5fb80f9bc0f3,9.512693999568,latency-5eb2e9fee023.csv
2,5eb2e9fee023,2025-10-21T15:15:54.007846,grail,the,1600,True,5fb80f9bc0f3,13.477537000653683,latency-5eb2e9fee023.csv
2,5eb2e9fee023,2025-10-21T15:15:54.128219,shrek3,SHOUTING),0,True,5fb80f9bc0f3,7.285304000106407,latency-5eb2e9fee023.csv
1,5f8cb62671fe,2025-10-21T15:16:09.860594,shrek,(standing,0,True,5fb80f9bc0f3,2.6196690005235723,latency-5f8cb62671fe.csv
1,5f8cb62671fe,2025-10-21T15:16:09.966399,shrek3,SHREK,678,True,5fb80f9bc0f3,3.2885529999475693,latency-5f8cb62671fe.csv
1,5f8cb62671fe,2025-10-21T15:16:10.073684,grail,to,718,True,5fb80f9bc0f3,4.019216999950004,latency-5f8cb62671fe.csv
1,5f8cb62671fe,2025-10-21T15:16:10.181803,grail,Rostmm,1,True,5fb80f9bc0f3,3.109133000180009,latency-5f8cb62671fe.csv
1,5f8cb62671fe,2025-10-21T15:16:10.288593,grail,Butts,2,True,5fb80f9bc0f3,4.152137000346556,latency-5f8cb62671fe.csv
1,5f8cb62671fe,2025-10-21T15:16:10.397329,shrek3,you,328,True,5fb80f9bc0f3,4.056259999742906,latency-5f8cb62671fe.csv
1,5f8cb62671fe,2025-10-21T15:16:10.505675,shrek3,field,3,True,5fb80f9bc0f3,4.272758000297472,latency-5f8cb62671fe.csv
1,5f8cb62671fe,2025-10-21T15:16:10.614294,shrek3,"Bay""",0,True,5fb80f9bc0f3,3.0713500000274507,latency-5f8cb62671fe.csv
1,5f8cb62671fe,2025-10-21T15:16:10.720834,grail,54,2,True,5fb80f9bc0f3,4.943196000567696,latency-5f8cb62671fe.csv
1,5f8cb62671fe,2025-10-21T15:16:10.829618,grail,chops,3,True,5fb80f9bc0f3,3.118040999652294,latency-5f8cb62671fe.csv
1,5f8cb62671fe,2025-10-21T15:16:10.936229,shrek3,to,511,True,5fb80f9bc0f3,3.842744999928982,latency-5f8cb62671fe.csv
1,5f8cb62671fe,2025-10-21T15:16:11.043964,grail,Aaaaugh,9,True,5fb80f9bc0f3,4.586439999911818,latency-5f8cb62671fe.csv
1,5f8cb62671fe,2025-10-21T15:16:11.153142,shrek3,get,39,True,5fb80f9bc0f3,3.6441069996726574,latency-5f8cb62671fe.csv
1,5f8cb62671fe,2025-10-21T15:16:11.261503,shrek,Shrek,433,True,5fb80f9bc0f3,2.5502830003460986,latency-5f8cb62671fe.csv
1,5f8cb62671fe,2025-10-21T15:16:11.367904,shrek3,ho,8,True,5fb80f9bc0f3,4.52198800030601,latency-5f8cb62671fe.csv
1,5f8cb62671fe,2025-10-21T15:16:11.475855,shrek3,ho,8,True,5fb80f9bc0f3,3.9262310001504375,latency-5f8cb62671fe.csv
1,5f8cb62671fe,2025-10-21T15:16:11.583459,grail,Christ,8,True,5fb80f9bc0f3,3.57069399979082,latency-5f8cb62671fe.csv
1,5f8cb62671fe,2025-10-21T15:16:11.691179,shrek3,SNOW,49,True,5fb80f9bc0f3,2.8680739997071214,latency-5f8cb62671fe.csv
1,5f8cb62671fe,2025-10-21T15:16:11.797375,shrek3,him,87,True,5fb80f9bc0f3,4.242770000018936,latency-5f8cb62671fe.csv
1,5f8cb62671fe,2025-10-21T15:16:11.906826,shrek,SHREK,433,True,5fb80f9bc0f3,8.976877000350214,latency-5f8cb62671fe.csv
2,5f8cb62671fe,2025-10-21T15:16:12.022338,shrek,(standing,0,True,5fb80f9bc0f3,4.0717350002523744,latency-5f8cb62671fe.csv
2,5f8cb62671fe,2025-10-21T15:16:12.131129,shrek3,SHREK,678,True,5fb80f9bc0f3,3.332719999889377,latency-5f8cb62671fe.csv
2,5f8cb62671fe,2025-10-21T15:16:12.237974,grail,to,718,True,5fb80f9bc0f3,5.443085000479186,latency-5f8cb62671fe.csv
2,5f8cb62671fe,2025-10-21T15:16:12.347107,grail,Rostmm,1,True,5fb80f9bc0f3,4.7754389997862745,latency-5f8cb62671fe.csv
2,5f8cb62671fe,2025-10-21T15:16:12.456090,grail,Butts,2,True,5fb80f9bc0f3,4.350324999904842,latency-5f8cb62671fe.csv
2,5f8cb62671fe,2025-10-21T15:16:12.565240,shrek3,you,328,True,5fb80f9bc0f3,3.5254849999546423,latency-5f8cb62671fe.csv
2,5f8cb62671fe,2025-10-21T15:16:12.672835,shrek3,field,3,True,5fb80f9bc0f3,3.6825569995926335,latency-5f8cb62671fe.csv
2,5f8cb62671fe,2025-10-21T15:16:12.780559,shrek3,"Bay""",0,True,5fb80f9bc0f3,4.745654999169346,latency-5f8cb62671fe.csv
2,5f8cb62671fe,2025-10-21T15:16:12.889343,grail,54,2,True,5fb80f9bc0f3,4.433086000062758,latency-5f8cb62671fe.csv
2,5f8cb62671fe,2025-10-21T15:16:12.998296,grail,chops,3,True,5fb80f9bc0f3,4.065318000357365,latency-5f8cb62671fe.csv
2,5f8cb62671fe,2025-10-21T15:16:13.106828,shrek3,to,511,True,5fb80f9bc0f3,4.895467000096687,latency-5f8cb62671fe.csv
2,5f8cb62671fe,2025-10-21T15:16:13.215858,grail,Aaaaugh,9,True,5fb80f9bc0f3,4.209408999486186,latency-5f8cb62671fe.csv
2,5f8cb62671fe,2025-10-21T15:16:13.324065,shrek3,get,39,True,5fb80f9bc0f3,7.47282200063637,latency-5f8cb62671fe.csv
2,5f8cb62671fe,2025-10-21T15:16:13.436108,shrek,Shrek,433,True,5fb80f9bc0f3,10.271979999743053,latency-5f8cb62671fe.csv
2,5f8cb62671fe,2025-10-21T15:16:13.550492,shrek3,ho,8,True,5fb80f9bc0f3,7.80051200035814,latency-5f8cb62671fe.csv
2,5f8cb62671fe,2025-10-21T15:16:13.662397,shrek3,ho,8,True,5fb80f9bc0f3,12.66628600023978,latency-5f8cb62671fe.csv
2,5f8cb62671fe,2025-10-21T15:16:13.786854,grail,Christ,8,True,5fb80f9bc0f3,8.81589099935809,latency-5f8cb62671fe.csv
2,5f8cb62671fe,2025-10-21T15:16:13.906044,shrek3,SNOW,49,True,5fb80f9bc0f3,2.947597999991558,latency-5f8cb62671fe.csv
2,5f8cb62671fe,2025-10-21T15:16:14.015035,shrek3,him,87,True,5fb80f9bc0f3,6.6812810000556055,latency-5f8cb62671fe.csv
2,5f8cb62671fe,2025-10-21T15:16:14.130733,shrek,SHREK,433,True,5fb80f9bc0f3,13.710268999602704,latency-5f8cb62671fe.csv
1,620f913bc95d,2025-10-21T15:16:03.776163,shrek,FIONA,211,True,5fb80f9bc0f3,28.75143100027344,latency-620f913bc95d.csv
1,620f913bc95d,2025-10-21T15:16:03.916839,shrek,whistles,2,True,5fb80f9bc0f3,8.314663000419387,latency-620f913bc95d.csv
1,620f913bc95d,2025-10-21T15:16:04.039107,grail,since,10,True,5fb80f9bc0f3,4.29148900002474,latency-620f913bc95d.csv
1,620f913bc95d,2025-10-21T15:16:04.149437,shrek,a,305,True,5fb80f9bc0f3,2.175373000682157,latency-620f913bc95d.csv
1,620f913bc95d,2025-10-21T15:16:04.254486,shrek3,them,44,True,5fb80f9bc0f3,2.210715999353852,latency-620f913bc95d.csv
1,620f913bc95d,2025-10-21T15:16:04.359692,shrek,DONKEY,320,True,5fb80f9bc0f3,4.650921999200364,latency-620f913bc95d.csv
1,620f913bc95d,2025-10-21T15:16:04.467957,shrek3,the,1285,True,5fb80f9bc0f3,5.1493760001903865,latency-620f913bc95d.csv
1,620f913bc95d,2025-10-21T15:16:04.576820,shrek3,WHITE,45,True,5fb80f9bc0f3,3.0326989999593934,latency-620f913bc95d.csv
1,620f913bc95d,2025-10-21T15:16:04.682797,shrek,its,1,True,5fb80f9bc0f3,2.8335699998933706,latency-620f913bc95d.csv
1,620f913bc95d,2025-10-21T15:16:04.788768,shrek3,with,112,False,5fb80f9bc0f3,22.34378299999662,latency-620f913bc95d.csv
1,620f913bc95d,2025-10-21T15:16:04.922747,shrek,DONKEY,320,True,5fb80f9bc0f3,2.395803000581509,latency-620f913bc95d.csv
1,620f913bc95d,2025-10-21T15:16:05.031035,grail,Christ,8,True,5fb80f9bc0f3,3.5347689999980503,latency-620f913bc95d.csv
1,620f913bc95d,2025-10-21T15:16:05.143660,shrek3,Cinderella,21,True,5fb80f9bc0f3,7.269363999512279,latency-620f913bc95d.csv
1,620f913bc95d,2025-10-21T15:16:05.259453,shrek3,us,12,True,5fb80f9bc0f3,3.5991510003441363,latency-620f913bc95d.csv
1,620f913bc95d,2025-10-21T15:16:05.369067,shrek,field,4,True,5fb80f9bc0f3,3.0588199997509946,latency-620f913bc95d.csv
1,620f913bc95d,2025-10-21T15:16:05.476680,grail,since,10,True,5fb80f9bc0f3,4.3941100002484745,latency-620f913bc95d.csv
1,620f913bc95d,2025-10-21T15:16:05.587106,shrek,Is,132,True,5fb80f9bc0f3,4.025068999908399,latency-620f913bc95d.csv
1,620f913bc95d,2025-10-21T15:16:05.696336,shrek3,the,1285,True,5fb80f9bc0f3,2.860311000404181,latency-620f913bc95d.csv
1,620f913bc95d,2025-10-21T15:16:05.804420,shrek,DONKEY,320,True,5fb80f9bc0f3,6.689476999781618,latency-620f913bc95d.csv
1,620f913bc95d,2025-10-21T15:16:05.917353,shrek3,reason,2,True,5fb80f9bc0f3,4.721825000160607,latency-620f913bc95d.csv
2,620f913bc95d,2025-10-21T15:16:06.026424,shrek,FIONA,211,True,5fb80f9bc0f3,5.049035999945772,latency-620f913bc95d.csv
2,620f913bc95d,2025-10-21T15:16:06.136288,shrek,whistles,2,True,5fb80f9bc0f3,3.7773449994347175,latency-620f913bc95d.csv
2,620f913bc95d,2025-10-21T15:16:06.244581,grail,since,10,True,5fb80f9bc0f3,5.269545999908587,latency-620f913bc95d.csv
2,620f913bc95d,2025-10-21T15:16:06.356684,shrek,a,305,True,5fb80f9bc0f3,5.394389999310079,latency-620f913bc95d.csv
2,620f913bc95d,2025-10-21T15:16:06.467570,shrek3,them,44,True,5fb80f9bc0f3,5.942458000390616,latency-620f913bc95d.csv
2,620f913bc95d,2025-10-21T15:16:06.577803,shrek,DONKEY,320,True,5fb80f9bc0f3,3.17496299976483,latency-620f913bc95d.csv
2,620f913bc95d,2025-10-21T15:16:06.684312,shrek3,the,1285,True,5fb80f9bc0f3,4.412997000144969,latency-620f913bc95d.csv
2,620f913bc95d,2025-10-21T15:16:06.792922,shrek3,WHITE,45,True,5fb80f9bc0f3,4.582701000799716,latency-620f913bc95d.csv
2,620f913bc95d,2025-10-21T15:16:06.901271,shrek,its,1,True,5fb80f9bc0f3,4.310415999498218,latency-620f913bc95d.csv
2,620f913bc95d,2025-10-21T15:16:07.008953,shrek3,with,112,True,5fb80f9bc0f3,5.533852000553452,latency-620f913bc95d.csv
2,620f913bc95d,2025-10-21T15:16:07.121173,shrek,DONKEY,320,True,5fb80f9bc0f3,4.132989999561687,latency-620f913bc95d.csv
2,620f913bc95d,2025-10-21T15:16:07.229847,grail,Christ,8,True,5fb80f9bc0f3,3.618851999817707,latency-620f913bc95d.csv
2,620f913bc95d,2025-10-21T15:16:07.337414,shrek3,Cinderella,21,True,5fb80f9bc0f3,3.58618199970806,latency-620f913bc95d.csv
2,620f913bc95d,2025-10-21T15:16:07.444307,shrek3,us,12,True,5fb80f9bc0f3,4.892465999546403,latency-620f913bc95d.csv
2,620f913bc95d,2025-10-21T15:16:07.553729,shrek,field,4,True,5fb80f9bc0f3,8.013236999431683,latency-620f913bc95d.csv
2,620f913bc95d,2025-10-21T15:16:07.665975,grail,since,10,True,5fb80f9bc0f3,3.654542000731453,latency-620f913bc95d.csv
2,620f913bc95d,2025-10-21T15:16:07.774284,shrek,Is,132,True,5fb80f9bc0f3,6.878905000121449,latency-620f913bc95d.csv
2,620f913bc95d,2025-10-21T15:16:07.885370,shrek3,the,1285,True,5fb80f9bc0f3,8.431702999587287,latency-620f913bc95d.csv
2,620f913bc95d,2025-10-21T15:16:07.997804,shrek,DONKEY,320,True,5fb80f9bc0f3,10.644934000083596,latency-620f913bc95d.csv
2,620f913bc95d,2025-10-21T15:16:08.113379,shrek3,reason,2,True,5fb80f9bc0f3,9.57713100069668,latency-620f913bc95d.csv
1,6409ab9efd67,2025-10-21T15:16:00.312001,shrek3,BOAT,32,True,5fb80f9bc0f3,14.893127000505046,latency-6409ab9efd67.csv
1,6409ab9efd67,2025-10-21T15:16:00.436516,shrek,Shrek,433,True,5fb80f9bc0f3,11.663729999781935,latency-6409ab9efd67.csv
1,6409ab9efd67,2025-10-21T15:16:00.561736,shrek3,SHREK,678,True,5fb80f9bc0f3,9.315989000242553,latency-6409ab9efd67.csv
1,6409ab9efd67,2025-10-21T15:16:00.682268,shrek3,the,1285,True,5fb80f9bc0f3,10.866691000046558,latency-6409ab9efd67.csv
1,6409ab9efd67,2025-10-21T15:16:00.808032,grail,to,718,True,5fb80f9bc0f3,3.379623999535397,latency-6409ab9efd67.csv
1,6409ab9efd67,2025-10-21T15:16:00.916277,grail,the,1600,True,5fb80f9bc0f3,11.430010999902152,latency-6409ab9efd67.csv
1,6409ab9efd67,2025-10-21T15:16:01.032837,shrek,tale,7,True,5fb80f9bc0f3,5.264192000140611,latency-6409ab9efd67.csv
1,6409ab9efd67,2025-10-21T15:16:01.143890,shrek,But,73,True,5fb80f9bc0f3,5.172135999600869,latency-6409ab9efd67.csv
1,6409ab9efd67,2025-10-21T15:16:01.252925,shrek,tell,25,True,5fb80f9bc0f3,4.20475900045858,latency-6409ab9efd67.csv
1,6409ab9efd67,2025-10-21T15:16:01.361256,shrek3,TO,511,True,5fb80f9bc0f3,5.724068999370502,latency-6409ab9efd67.csv
1,6409ab9efd67,2025-10-21T15:16:01.471511,shrek,after,10,True,5fb80f9bc0f3,2.886372000830306,latency-6409ab9efd67.csv
1,6409ab9efd67,2025-10-21T15:16:01.577705,grail,Butts,2,True,5fb80f9bc0f3,3.3427959997425205,latency-6409ab9efd67.csv
1,6409ab9efd67,2025-10-21T15:16:01.684538,grail,BEDEVERE,103,True,5fb80f9bc0f3,4.636893999304448,latency-6409ab9efd67.csv
1,6409ab9efd67,2025-10-21T15:16:01.795852,shrek,this,79,True,5fb80f9bc0f3,5.254403000435559,latency-6409ab9efd67.csv
1,6409ab9efd67,2025-10-21T15:16:01.908658,shrek,number,8,True,5fb80f9bc0f3,3.0845000001136214,latency-6409ab9efd67.csv
1,6409ab9efd67,2025-10-21T15:16:02.015092,shrek3,field,3,True,5fb80f9bc0f3,2.722973000345519,latency-6409ab9efd67.csv
1,6409ab9efd67,2025-10-21T15:16:02.121438,shrek3,Final,119,True,5fb80f9bc0f3,4.893110000011802,latency-6409ab9efd67.csv
1,6409ab9efd67,2025-10-21T15:16:02.233760,shrek3,Cinderella,21,True,5fb80f9bc0f3,2.64322600014566,latency-6409ab9efd67.csv
1,6409ab9efd67,2025-10-21T15:16:02.340937,shrek,number,8,True,5fb80f9bc0f3,2.497401999789872,latency-6409ab9efd67.csv
1,6409ab9efd67,2025-10-21T15:16:02.446810,grail,I,298,True,5fb80f9bc0f3,4.001852000328654,latency-6409ab9efd67.csv
2,6409ab9efd67,2025-10-21T15:16:02.554928,shrek3,BOAT,32,True,5fb80f9bc0f3,4.072118999829399,latency-6409ab9efd67.csv
2,6409ab9efd67,2025-10-21T15:16:02.663353,shrek,Shrek,433,True,5fb80f9bc0f3,6.090820000281383,latency-6409ab9efd67.csv
2,6409ab9efd67,2025-10-21T15:16:02.773202,shrek3,SHREK,678,True,5fb80f9bc0f3,12.649116999455146,latency-6409ab9efd67.csv
2,6409ab9efd67,2025-10-21T15:16:02.893232,shrek3,the,1285,True,5fb80f9bc0f3,20.06667699970421,latency-6409ab9efd67.csv
2,6409ab9efd67,2025-10-21T15:16:03.027128,grail,to,718,True,5fb80f9bc0f3,10.013783000431433,latency-6409ab9efd67.csv
2,6409ab9efd67,2025-10-21T15:16:03.146253,grail,the,1600,True,5fb80f9bc0f3,31.876515999101684,latency-6409ab9efd67.csv
2,6409ab9efd67,2025-10-21T15:16:03.302170,shrek,tale,7,True,5fb80f9bc0f3,2.879272999962268,latency-6409ab9efd67.csv
2,6409ab9efd67,2025-10-21T15:16:03.411291,shrek,But,73,True,5fb80f9bc0f3,2.377146999606339,latency-6409ab9efd67.csv
2,6409ab9efd67,2025-10-21T15:16:03.516468,shrek,tell,25,True,5fb80f9bc0f3,2.202364000368106,latency-6409ab9efd67.csv
2,6409ab9efd67,2025-10-21T15:16:03.622147,shrek3,TO,511,True,5fb80f9bc0f3,4.181373999927018,latency-6409ab9efd67.csv
2,6409ab9efd67,2025-10-21T15:16:03.730444,shrek,after,10,True,5fb80f9bc0f3,2.6866759999393253,latency-6409ab9efd67.csv
2,6409ab9efd67,2025-10-21T15:16:03.836266,grail,Butts,2,True,5fb80f9bc0f3,2.851895000276272,latency-6409ab9efd67.csv
2,6409ab9efd67,2025-10-21T15:16:03.943132,grail,BEDEVERE,103,True,5fb80f9bc0f3,8.022431999961555,latency-6409ab9efd67.csv
2,6409ab9efd67,2025-10-21T15:16:04.057671,shrek,this,79,True,5fb80f9bc0f3,6.520083999930648,latency-6409ab9efd67.csv
2,6409ab9efd67,2025-10-21T15:16:04.169699,shrek,number,8,True,5fb80f9bc0f3,6.005178999657801,latency-6409ab9efd67.csv
2,6409ab9efd67,2025-10-21T15:16:04.279603,shrek3,field,3,True,5fb80f9bc0f3,5.595317999905092,latency-6409ab9efd67.csv
2,6409ab9efd67,2025-10-21T15:16:04.391018,shrek3,Final,119,True,5fb80f9bc0f3,4.98005400004331,latency-6409ab9efd67.csv
2,6409ab9efd67,2025-10-21T15:16:04.502662,shrek3,Cinderella,21,True,5fb80f9bc0f3,3.880770000250777,latency-6409ab9efd67.csv
2,6409ab9efd67,2025-10-21T15:16:04.613522,shrek,number,8,True,5fb80f9bc0f3,2.401560000180325,latency-6409ab9efd67.csv
2,6409ab9efd67,2025-10-21T15:16:04.719661,grail,I,298,True,5fb80f9bc0f3,3.304405000562838,latency-6409ab9efd67.csv
1,6422e9df27d3,2025-10-21T15:15:57.441951,shrek,you,409,True,5fb80f9bc0f3,6.010613999933412,latency-6422e9df27d3.csv
1,6422e9df27d3,2025-10-21T15:15:57.562618,shrek,SHREK,433,True,5fb80f9bc0f3,6.303725000179838,latency-6422e9df27d3.csv
1,6422e9df27d3,2025-10-21T15:15:57.677620,grail,THREE-HEADED,8,True,5fb80f9bc0f3,3.131081999526941,latency-6422e9df27d3.csv
1,6422e9df27d3,2025-10-21T15:15:57.785178,shrek,What,104,True,5fb80f9bc0f3,6.179062999763119,latency-6422e9df27d3.csv
1,6422e9df27d3,2025-10-21T15:15:57.899163,shrek,will,16,True,5fb80f9bc0f3,5.56997199964826,latency-6422e9df27d3.csv
1,6422e9df27d3,2025-10-21T15:15:58.015132,shrek3,Shrek,678,True,5fb80f9bc0f3,5.238616000497132,latency-6422e9df27d3.csv
1,6422e9df27d3,2025-10-21T15:15:58.126332,grail,BEDEVERE,103,True,5fb80f9bc0f3,3.2761440006652265,latency-6422e9df27d3.csv
1,6422e9df27d3,2025-10-21T15:15:58.234518,grail,rows,1,True,5fb80f9bc0f3,3.772870999455336,latency-6422e9df27d3.csv
1,6422e9df27d3,2025-10-21T15:15:58.343272,shrek3,SNOW,49,True,5fb80f9bc0f3,4.979424999874027,latency-6422e9df27d3.csv
1,6422e9df27d3,2025-10-21T15:15:58.452908,shrek,DONKEY,320,True,5fb80f9bc0f3,3.2106469998325338,latency-6422e9df27d3.csv
1,6422e9df27d3,2025-10-21T15:15:58.560064,grail,LANCELOT,59,True,5fb80f9bc0f3,3.0943889996706275,latency-6422e9df27d3.csv
1,6422e9df27d3,2025-10-21T15:15:58.668481,shrek,SHREK,433,True,5fb80f9bc0f3,4.466561000299407,latency-6422e9df27d3.csv
1,6422e9df27d3,2025-10-21T15:15:58.777101,shrek3,reason,2,True,5fb80f9bc0f3,3.194846000042162,latency-6422e9df27d3.csv
1,6422e9df27d3,2025-10-21T15:15:58.884478,shrek,"Well,",0,True,5fb80f9bc0f3,2.6225769997836323,latency-6422e9df27d3.csv
1,6422e9df27d3,2025-10-21T15:15:58.990477,shrek3,dat,1,True,5fb80f9bc0f3,3.469443999165378,latency-6422e9df27d3.csv
1,6422e9df27d3,2025-10-21T15:15:59.097984,grail,the,1600,True,5fb80f9bc0f3,3.644637999968836,latency-6422e9df27d3.csv
1,6422e9df27d3,2025-10-21T15:15:59.205792,shrek,ogre,27,True,5fb80f9bc0f3,3.1997950000004494,latency-6422e9df27d3.csv
1,6422e9df27d3,2025-10-21T15:15:59.312651,grail,are,114,True,5fb80f9bc0f3,3.0425880004258943,latency-6422e9df27d3.csv
1,6422e9df27d3,2025-10-21T15:15:59.419255,shrek3,ARTIE,213,True,5fb80f9bc0f3,4.206311000416463,latency-6422e9df27d3.csv
1,6422e9df27d3,2025-10-21T15:15:59.527981,grail,elected,2,True,5fb80f9bc0f3,3.3640770006968523,latency-6422e9df27d3.csv
2,6422e9df27d3,2025-10-21T15:15:59.634923,shrek,you,409,True,5fb80f9bc0f3,3.884753999955137,latency-6422e9df27d3.csv
2,6422e9df27d3,2025-10-21T15:15:59.743204,shrek,SHREK,433,True,5fb80f9bc0f3,7.287495999662497,latency-6422e9df27d3.csv
2,6422e9df27d3,2025-10-21T15:15:59.855275,grail,THREE-HEADED,8,True,5fb80f9bc0f3,3.3529680003994144,latency-6422e9df27d3.csv
2,6422e9df27d3,2025-10-21T15:15:59.962336,shrek,What,104,True,5fb80f9bc0f3,7.530920999670343,latency-6422e9df27d3.csv
2,6422e9df27d3,2025-10-21T15:16:00.076033,shrek,will,16,True,5fb80f9bc0f3,5.88108700048906,latency-6422e9df27d3.csv
2,6422e9df27d3,2025-10-21T15:16:00.192467,shrek3,Shrek,678,True,5fb80f9bc0f3,6.042361000254459,latency-6422e9df27d3.csv
2,6422e9df27d3,2025-10-21T15:16:00.302766,grail,BEDEVERE,103,True,5fb80f9bc0f3,7.701627999267657,latency-6422e9df27d3.csv
2,6422e9df27d3,2025-10-21T15:16:00.422916,grail,rows,1,True,5fb80f9bc0f3,10.904926999501184,latency-6422e9df27d3.csv
2,6422e9df27d3,2025-10-21T15:16:00.549670,shrek3,SNOW,49,True,5fb80f9bc0f3,4.867779999585764,latency-6422e9df27d3.csv
2,6422e9df27d3,2025-10-21T15:16:00.663184,shrek,DONKEY,320,True,5fb80f9bc0f3,3.064730000005511,latency-6422e9df27d3.csv
2,6422e9df27d3,2025-10-21T15:16:00.769582,grail,LANCELOT,59,True,5fb80f9bc0f3,4.708153999672504,latency-6422e9df27d3.csv
2,6422e9df27d3,2025-10-21T15:16:00.877856,shrek,SHREK,433,True,5fb80f9bc0f3,3.808745000242197,latency-6422e9df27d3.csv
2,6422e9df27d3,2025-10-21T15:16:00.985622,shrek3,reason,2,True,5fb80f9bc0f3,3.302905000055034,latency-6422e9df27d3.csv
2,6422e9df27d3,2025-10-21T15:16:01.092979,shrek,"Well,",0,True,5fb80f9bc0f3,5.853747000401199,latency-6422e9df27d3.csv
2,6422e9df27d3,2025-10-21T15:16:01.203178,shrek3,dat,1,True,5fb80f9bc0f3,3.2419369999843184,latency-6422e9df27d3.csv
2,6422e9df27d3,2025-10-21T15:16:01.309980,grail,the,1600,True,5fb80f9bc0f3,5.142141000760603,latency-6422e9df27d3.csv
2,6422e9df27d3,2025-10-21T15:16:01.420210,shrek,ogre,27,True,5fb80f9bc0f3,2.6901829996859306,latency-6422e9df27d3.csv
2,6422e9df27d3,2025-10-21T15:16:01.526326,grail,are,114,True,5fb80f9bc0f3,3.1114870007513677,latency-6422e9df27d3.csv
2,6422e9df27d3,2025-10-21T15:16:01.633281,shrek3,ARTIE,213,True,5fb80f9bc0f3,5.492073999448621,latency-6422e9df27d3.csv
2,6422e9df27d3,2025-10-21T15:16:01.744373,grail,elected,2,True,5fb80f9bc0f3,9.28297499922337,latency-6422e9df27d3.csv
1,65e603e82bdc,2025-10-21T15:16:19.513312,grail,with/,0,True,5fb80f9bc0f3,7.320196999899053,latency-65e603e82bdc.csv
1,65e603e82bdc,2025-10-21T15:16:19.631032,grail,THREE-HEADED,8,True,5fb80f9bc0f3,9.484512999733852,latency-65e603e82bdc.csv
1,65e603e82bdc,2025-10-21T15:16:19.748241,shrek,SHREK,433,True,5fb80f9bc0f3,7.717851999586855,latency-65e603e82bdc.csv
1,65e603e82bdc,2025-10-21T15:16:19.863841,grail,the,1600,True,5fb80f9bc0f3,4.557188000035239,latency-65e603e82bdc.csv
1,65e603e82bdc,2025-10-21T15:16:19.975274,shrek3,"Bay""",0,True,5fb80f9bc0f3,10.773175999929665,latency-65e603e82bdc.csv
1,65e603e82bdc,2025-10-21T15:16:20.091683,shrek3,CAPTAIN,41,True,5fb80f9bc0f3,3.447373999733827,latency-65e603e82bdc.csv
1,65e603e82bdc,2025-10-21T15:16:20.200393,shrek3,boomerang,1,True,5fb80f9bc0f3,6.4464130000487785,latency-65e603e82bdc.csv
1,65e603e82bdc,2025-10-21T15:16:20.336150,shrek,DONKEY,320,True,5fb80f9bc0f3,7.817526999133406,latency-65e603e82bdc.csv
1,65e603e82bdc,2025-10-21T15:16:20.453246,grail,CALLS,3,True,5fb80f9bc0f3,3.02563100012776,latency-65e603e82bdc.csv
1,65e603e82bdc,2025-10-21T15:16:20.561339,shrek,you,409,True,5fb80f9bc0f3,2.957834999506304,latency-65e603e82bdc.csv
1,65e603e82bdc,2025-10-21T15:16:20.667556,grail,BEDEVERE,103,True,5fb80f9bc0f3,4.0970520003611455,latency-65e603e82bdc.csv
1,65e603e82bdc,2025-10-21T15:16:20.775807,shrek3,PRINCE,207,True,5fb80f9bc0f3,3.334824000376102,latency-65e603e82bdc.csv
1,65e603e82bdc,2025-10-21T15:16:20.882526,shrek,But,73,True,5fb80f9bc0f3,2.932642999439849,latency-65e603e82bdc.csv
1,65e603e82bdc,2025-10-21T15:16:20.989615,grail,thus,5,True,5fb80f9bc0f3,7.462124000085168,latency-65e603e82bdc.csv
1,65e603e82bdc,2025-10-21T15:16:21.101109,shrek,on,88,True,5fb80f9bc0f3,6.726869999511109,latency-65e603e82bdc.csv
1,65e603e82bdc,2025-10-21T15:16:21.214246,shrek3,ruby,1,True,5fb80f9bc0f3,5.035199999838369,latency-65e603e82bdc.csv
1,65e603e82bdc,2025-10-21T15:16:21.324095,shrek,gone,3,True,5fb80f9bc0f3,4.816203999325808,latency-65e603e82bdc.csv
1,65e603e82bdc,2025-10-21T15:16:21.434932,shrek,DONKEY,320,True,5fb80f9bc0f3,6.113553999966825,latency-65e603e82bdc.csv
1,65e603e82bdc,2025-10-21T15:16:21.547056,shrek,help,5,True,5fb80f9bc0f3,6.041270999958215,latency-65e603e82bdc.csv
1,65e603e82bdc,2025-10-21T15:16:21.661613,shrek3,SHREK,678,True,5fb80f9bc0f3,3.779677999773412,latency-65e603e82bdc.csv
2,65e603e82bdc,2025-10-21T15:16:21.771331,grail,with/,0,True,5fb80f9bc0f3,5.918412000028184,latency-65e603e82bdc.csv
2,65e603e82bdc,2025-10-21T15:16:21.887333,grail,THREE-HEADED,8,True,5fb80f9bc0f3,4.382858000099077,latency-65e603e82bdc.csv
2,65e603e82bdc,2025-10-21T15:16:21.999416,shrek,SHREK,433,True,5fb80f9bc0f3,6.262544000492198,latency-65e603e82bdc.csv
2,65e603e82bdc,2025-10-21T15:16:22.119903,grail,the,1600,True,5fb80f9bc0f3,5.339486000593752,latency-65e603e82bdc.csv
2,65e603e82bdc,2025-10-21T15:16:22.240299,shrek3,"Bay""",0,True,5fb80f9bc0f3,4.82240300061676,latency-65e603e82bdc.csv
2,65e603e82bdc,2025-10-21T15:16:22.350276,shrek3,CAPTAIN,41,True,5fb80f9bc0f3,3.417256999455276,latency-65e603e82bdc.csv
2,65e603e82bdc,2025-10-21T15:16:22.457582,shrek3,boomerang,1,True,5fb80f9bc0f3,4.935949000355322,latency-65e603e82bdc.csv
2,65e603e82bdc,2025-10-21T15:16:22.567249,shrek,DONKEY,320,True,5fb80f9bc0f3,5.2839280006082845,latency-65e603e82bdc.csv
2,65e603e82bdc,2025-10-21T15:16:22.676627,grail,CALLS,3,True,5fb80f9bc0f3,4.653473999496782,latency-65e603e82bdc.csv
2,65e603e82bdc,2025-10-21T15:16:22.785779,shrek,you,409,True,5fb80f9bc0f3,4.4799990000683465,latency-65e603e82bdc.csv
2,65e603e82bdc,2025-10-21T15:16:22.895459,grail,BEDEVERE,103,True,5fb80f9bc0f3,4.960848000337137,latency-65e603e82bdc.csv
2,65e603e82bdc,2025-10-21T15:16:23.005089,shrek3,PRINCE,207,True,5fb80f9bc0f3,21.914883000135887,latency-65e603e82bdc.csv
2,65e603e82bdc,2025-10-21T15:16:23.135275,shrek,But,73,True,5fb80f9bc0f3,12.232547999701636,latency-65e603e82bdc.csv
2,65e603e82bdc,2025-10-21T15:16:23.256706,grail,thus,5,True,5fb80f9bc0f3,6.1963469997863285,latency-65e603e82bdc.csv
2,65e603e82bdc,2025-10-21T15:16:23.367307,shrek,on,88,True,5fb80f9bc0f3,5.647226999826671,latency-65e603e82bdc.csv
2,65e603e82bdc,2025-10-21T15:16:23.477471,shrek3,ruby,1,True,5fb80f9bc0f3,7.338485999753175,latency-65e603e82bdc.csv
2,65e603e82bdc,2025-10-21T15:16:23.592642,shrek,gone,3,True,5fb80f9bc0f3,5.503280000084487,latency-65e603e82bdc.csv
2,65e603e82bdc,2025-10-21T15:16:23.707460,shrek,DONKEY,320,True,5fb80f9bc0f3,6.827253000665223,latency-65e603e82bdc.csv
2,65e603e82bdc,2025-10-21T15:16:23.823188,shrek,help,5,True,5fb80f9bc0f3,5.230001999734668,latency-65e603e82bdc.csv
2,65e603e82bdc,2025-10-21T15:16:23.935292,shrek3,SHREK,678,True,5fb80f9bc0f3,6.286775000262423,latency-65e603e82bdc.csv
1,6f60cfc9e1f5,2025-10-21T15:16:04.984176,grail,about,49,True,5fb80f9bc0f3,5.367478000152914,latency-6f60cfc9e1f5.csv
1,6f60cfc9e1f5,2025-10-21T15:16:05.094987,shrek3,decree,1,True,5fb80f9bc0f3,9.90809800077841,latency-6f60cfc9e1f5.csv
1,6f60cfc9e1f5,2025-10-21T15:16:05.210789,shrek,stairs,7,True,5fb80f9bc0f3,12.556704999951762,latency-6f60cfc9e1f5.csv
1,6f60cfc9e1f5,2025-10-21T15:16:05.333415,shrek3,CAPTAIN,41,True,5fb80f9bc0f3,9.459300000344228,latency-6f60cfc9e1f5.csv
1,6f60cfc9e1f5,2025-10-21T15:16:05.452476,shrek3,Third,121,True,5fb80f9bc0f3,5.913750000217988,latency-6f60cfc9e1f5.csv
1,6f60cfc9e1f5,2025-10-21T15:16:05.566385,shrek3,PUSS,196,True,5fb80f9bc0f3,4.953667999870959,latency-6f60cfc9e1f5.csv
1,6f60cfc9e1f5,2025-10-21T15:16:05.677812,shrek,whole,10,True,5fb80f9bc0f3,2.7045229999203,latency-6f60cfc9e1f5.csv
1,6f60cfc9e1f5,2025-10-21T15:16:05.786818,grail,LANCELOT,59,True,5fb80f9bc0f3,5.301332000271941,latency-6f60cfc9e1f5.csv
1,6f60cfc9e1f5,2025-10-21T15:16:05.902121,grail,us,32,True,5fb80f9bc0f3,3.1035780002639517,latency-6f60cfc9e1f5.csv
1,6f60cfc9e1f5,2025-10-21T15:16:06.009010,shrek,What,104,True,5fb80f9bc0f3,2.975657000206411,latency-6f60cfc9e1f5.csv
1,6f60cfc9e1f5,2025-10-21T15:16:06.116324,shrek,field,4,True,5fb80f9bc0f3,2.8222279997862643,latency-6f60cfc9e1f5.csv
1,6f60cfc9e1f5,2025-10-21T15:16:06.222892,grail,ANOTHER,25,True,5fb80f9bc0f3,3.909333999217779,latency-6f60cfc9e1f5.csv
1,6f60cfc9e1f5,2025-10-21T15:16:06.331330,grail,them,41,True,5fb80f9bc0f3,3.556986999683432,latency-6f60cfc9e1f5.csv
1,6f60cfc9e1f5,2025-10-21T15:16:06.438923,shrek,SHREK,433,True,5fb80f9bc0f3,3.1794970000191825,latency-6f60cfc9e1f5.csv
1,6f60cfc9e1f5,2025-10-21T15:16:06.546275,grail,Guard,106,True,5fb80f9bc0f3,3.2455790005769813,latency-6f60cfc9e1f5.csv
1,6f60cfc9e1f5,2025-10-21T15:16:06.652520,shrek3,and,576,True,5fb80f9bc0f3,3.447969000262674,latency-6f60cfc9e1f5.csv
1,6f60cfc9e1f5,2025-10-21T15:16:06.759915,shrek3,Final,119,True,5fb80f9bc0f3,3.118135000477196,latency-6f60cfc9e1f5.csv
1,6f60cfc9e1f5,2025-10-21T15:16:06.866983,grail,about,49,True,5fb80f9bc0f3,2.6978109999618027,latency-6f60cfc9e1f5.csv
1,6f60cfc9e1f5,2025-10-21T15:16:06.972834,grail,"collective,",0,True,5fb80f9bc0f3,2.409056999567838,latency-6f60cfc9e1f5.csv
1,6f60cfc9e1f5,2025-10-21T15:16:07.078628,grail,a,666,True,5fb80f9bc0f3,3.420985000047949,latency-6f60cfc9e1f5.csv
2,6f60cfc9e1f5,2025-10-21T15:16:07.187185,grail,about,49,True,5fb80f9bc0f3,2.807414000017161,latency-6f60cfc9e1f5.csv
2,6f60cfc9e1f5,2025-10-21T15:16:07.293229,shrek3,decree,1,True,5fb80f9bc0f3,3.81018000007316,latency-6f60cfc9e1f5.csv
2,6f60cfc9e1f5,2025-10-21T15:16:07.400931,shrek,stairs,7,True,5fb80f9bc0f3,2.757700000074692,latency-6f60cfc9e1f5.csv
2,6f60cfc9e1f5,2025-10-21T15:16:07.507465,shrek3,CAPTAIN,41,True,5fb80f9bc0f3,7.27188099972409,latency-6f60cfc9e1f5.csv
2,6f60cfc9e1f5,2025-10-21T15:16:07.624402,shrek3,Third,121,True,5fb80f9bc0f3,7.515981999858923,latency-6f60cfc9e1f5.csv
2,6f60cfc9e1f5,2025-10-21T15:16:07.737340,shrek3,PUSS,196,True,5fb80f9bc0f3,7.643672000085644,latency-6f60cfc9e1f5.csv
2,6f60cfc9e1f5,2025-10-21T15:16:07.849910,shrek,whole,10,True,5fb80f9bc0f3,18.27525099997729,latency-6f60cfc9e1f5.csv
2,6f60cfc9e1f5,2025-10-21T15:16:07.984459,grail,LANCELOT,59,True,5fb80f9bc0f3,4.223507000460813,latency-6f60cfc9e1f5.csv
2,6f60cfc9e1f5,2025-10-21T15:16:08.091088,grail,us,32,True,5fb80f9bc0f3,3.6968090007576393,latency-6f60cfc9e1f5.csv
2,6f60cfc9e1f5,2025-10-21T15:16:08.198677,shrek,What,104,True,5fb80f9bc0f3,3.9996249997784616,latency-6f60cfc9e1f5.csv
2,6f60cfc9e1f5,2025-10-21T15:16:08.306848,shrek,field,4,True,5fb80f9bc0f3,4.07442599953356,latency-6f60cfc9e1f5.csv
2,6f60cfc9e1f5,2025-10-21T15:16:08.414795,grail,ANOTHER,25,True,5fb80f9bc0f3,5.021571000725089,latency-6f60cfc9e1f5.csv
2,6f60cfc9e1f5,2025-10-21T15:16:08.523780,grail,them,41,True,5fb80f9bc0f3,4.683422999733011,latency-6f60cfc9e1f5.csv
2,6f60cfc9e1f5,2025-10-21T15:16:08.632815,shrek,SHREK,433,True,5fb80f9bc0f3,3.352357000039774,latency-6f60cfc9e1f5.csv
2,6f60cfc9e1f5,2025-10-21T15:16:08.740217,grail,Guard,106,True,5fb80f9bc0f3,3.931397999622277,latency-6f60cfc9e1f5.csv
2,6f60cfc9e1f5,2025-10-21T15:16:08.848151,shrek3,and,576,True,5fb80f9bc0f3,5.344092000086675,latency-6f60cfc9e1f5.csv
2,6f60cfc9e1f5,2025-10-21T15:16:08.957885,shrek3,Final,119,True,5fb80f9bc0f3,3.5523369997463305,latency-6f60cfc9e1f5.csv
2,6f60cfc9e1f5,2025-10-21T15:16:09.064858,grail,about,49,True,5fb80f9bc0f3,3.230458999496477,latency-6f60cfc9e1f5.csv
2,6f60cfc9e1f5,2025-10-21T15:16:09.171255,grail,"collective,",0,True,5fb80f9bc0f3,4.53431699952489,latency-6f60cfc9e1f5.csv
2,6f60cfc9e1f5,2025-10-21T15:16:09.279685,grail,a,666,True,5fb80f9bc0f3,3.3700209996823105,latency-6f60cfc9e1f5.csv
1,6fa9e2b1ad0b,2025-10-21T15:16:15.398143,grail,from,94,True,5fb80f9bc0f3,2.676809999684337,latency-6fa9e2b1ad0b.csv
1,6fa9e2b1ad0b,2025-10-21T15:16:15.503782,shrek,And,318,True,5fb80f9bc0f3,2.1633679998558364,latency-6fa9e2b1ad0b.csv
1,6fa9e2b1ad0b,2025-10-21T15:16:15.608958,grail,seek,12,True,5fb80f9bc0f3,3.441791999648558,latency-6fa9e2b1ad0b.csv
1,6fa9e2b1ad0b,2025-10-21T15:16:15.716628,shrek3,still,18,True,5fb80f9bc0f3,3.684835999592906,latency-6fa9e2b1ad0b.csv
1,6fa9e2b1ad0b,2025-10-21T15:16:15.823958,shrek,Nobody,4,True,5fb80f9bc0f3,2.3831690004954,latency-6fa9e2b1ad0b.csv
1,6fa9e2b1ad0b,2025-10-21T15:16:15.929750,grail,the,1600,True,5fb80f9bc0f3,4.006874999504362,latency-6fa9e2b1ad0b.csv
1,6fa9e2b1ad0b,2025-10-21T15:16:16.038036,grail,are,114,True,5fb80f9bc0f3,4.725404999589955,latency-6fa9e2b1ad0b.csv
1,6fa9e2b1ad0b,2025-10-21T15:16:16.146976,grail,are,114,True,5fb80f9bc0f3,3.0937089995859424,latency-6fa9e2b1ad0b.csv
1,6fa9e2b1ad0b,2025-10-21T15:16:16.253433,grail,To,718,True,5fb80f9bc0f3,2.8327700001682388,latency-6fa9e2b1ad0b.csv
1,6fa9e2b1ad0b,2025-10-21T15:16:16.359854,grail,elected,2,True,5fb80f9bc0f3,3.915076000339468,latency-6fa9e2b1ad0b.csv
1,6fa9e2b1ad0b,2025-10-21T15:16:16.468816,shrek,No,114,True,5fb80f9bc0f3,2.9402390000541345,latency-6fa9e2b1ad0b.csv
1,6fa9e2b1ad0b,2025-10-21T15:16:16.575236,grail,To,718,True,5fb80f9bc0f3,2.386559999649762,latency-6fa9e2b1ad0b.csv
1,6fa9e2b1ad0b,2025-10-21T15:16:16.682763,shrek3,CAPTAIN,41,True,5fb80f9bc0f3,2.39052399956563,latency-6fa9e2b1ad0b.csv
1,6fa9e2b1ad0b,2025-10-21T15:16:16.789588,grail,Rostmm,1,True,5fb80f9bc0f3,3.2351290001315647,latency-6fa9e2b1ad0b.csv
1,6fa9e2b1ad0b,2025-10-21T15:16:16.901048,shrek,DONKEY,320,True,5fb80f9bc0f3,10.898956000346516,latency-6fa9e2b1ad0b.csv
1,6fa9e2b1ad0b,2025-10-21T15:16:17.021196,shrek,the,535,True,5fb80f9bc0f3,5.620987999463978,latency-6fa9e2b1ad0b.csv
1,6fa9e2b1ad0b,2025-10-21T15:16:17.131696,grail,Launcelot,107,True,5fb80f9bc0f3,5.029439999816532,latency-6fa9e2b1ad0b.csv
1,6fa9e2b1ad0b,2025-10-21T15:16:17.241602,shrek3,toward,14,True,5fb80f9bc0f3,9.584438000274533,latency-6fa9e2b1ad0b.csv
1,6fa9e2b1ad0b,2025-10-21T15:16:17.359127,shrek,edge,2,True,5fb80f9bc0f3,3.924452999854111,latency-6fa9e2b1ad0b.csv
1,6fa9e2b1ad0b,2025-10-21T15:16:17.473899,shrek3,Gingerbread,37,True,5fb80f9bc0f3,2.39327700001013,latency-6fa9e2b1ad0b.csv
2,6fa9e2b1ad0b,2025-10-21T15:16:17.580015,grail,from,94,True,5fb80f9bc0f3,3.072032000090985,latency-6fa9e2b1ad0b.csv
2,6fa9e2b1ad0b,2025-10-21T15:16:17.688188,shrek,And,318,True,5fb80f9bc0f3,4.82418499996129,latency-6fa9e2b1ad0b.csv
2,6fa9e2b1ad0b,2025-10-21T15:16:17.797859,grail,seek,12,True,5fb80f9bc0f3,4.302346000258694,latency-6fa9e2b1ad0b.csv
2,6fa9e2b1ad0b,2025-10-21T15:16:17.908472,shrek3,still,18,True,5fb80f9bc0f3,2.682833999642753,latency-6fa9e2b1ad0b.csv
2,6fa9e2b1ad0b,2025-10-21T15:16:18.016059,shrek,Nobody,4,True,5fb80f9bc0f3,2.482101999703445,latency-6fa9e2b1ad0b.csv
2,6fa9e2b1ad0b,2025-10-21T15:16:18.124710,grail,the,1600,True,5fb80f9bc0f3,2.8757339996445808,latency-6fa9e2b1ad0b.csv
2,6fa9e2b1ad0b,2025-10-21T15:16:18.233263,grail,are,114,True,5fb80f9bc0f3,2.905011000621016,latency-6fa9e2b1ad0b.csv
2,6fa9e2b1ad0b,2025-10-21T15:16:18.340238,grail,are,114,True,5fb80f9bc0f3,2.418676000161213,latency-6fa9e2b1ad0b.csv
2,6fa9e2b1ad0b,2025-10-21T15:16:18.446223,grail,To,718,True,5fb80f9bc0f3,2.7160019999428187,latency-6fa9e2b1ad0b.csv
2,6fa9e2b1ad0b,2025-10-21T15:16:18.552436,grail,elected,2,True,5fb80f9bc0f3,3.662303000055545,latency-6fa9e2b1ad0b.csv
2,6fa9e2b1ad0b,2025-10-21T15:16:18.659791,shrek,No,114,True,5fb80f9bc0f3,3.215653000552265,latency-6fa9e2b1ad0b.csv
2,6fa9e2b1ad0b,2025-10-21T15:16:18.766372,grail,To,718,True,5fb80f9bc0f3,2.433005999591842,latency-6fa9e2b1ad0b.csv
2,6fa9e2b1ad0b,2025-10-21T15:16:18.871908,shrek3,CAPTAIN,41,True,5fb80f9bc0f3,3.0948659996283823,latency-6fa9e2b1ad0b.csv
2,6fa9e2b1ad0b,2025-10-21T15:16:18.978728,grail,Rostmm,1,True,5fb80f9bc0f3,3.0766150002818904,latency-6fa9e2b1ad0b.csv
2,6fa9e2b1ad0b,2025-10-21T15:16:19.085590,shrek,DONKEY,320,True,5fb80f9bc0f3,3.5037719999309047,latency-6fa9e2b1ad0b.csv
2,6fa9e2b1ad0b,2025-10-21T15:16:19.192990,shrek,the,535,True,5fb80f9bc0f3,3.7847529993086937,latency-6fa9e2b1ad0b.csv
2,6fa9e2b1ad0b,2025-10-21T15:16:19.304126,grail,Launcelot,107,True,5fb80f9bc0f3,19.407151999985217,latency-6fa9e2b1ad0b.csv
2,6fa9e2b1ad0b,2025-10-21T15:16:19.446207,shrek3,toward,14,True,5fb80f9bc0f3,3.326797999761766,latency-6fa9e2b1ad0b.csv
2,6fa9e2b1ad0b,2025-10-21T15:16:19.552943,shrek,edge,2,True,5fb80f9bc0f3,2.9817129998264136,latency-6fa9e2b1ad0b.csv
2,6fa9e2b1ad0b,2025-10-21T15:16:19.659195,shrek3,Gingerbread,37,True,5fb80f9bc0f3,4.092793000381789,latency-6fa9e2b1ad0b.csv
1,7177a757f300,2025-10-21T15:15:52.332209,shrek,field,4,True,5fb80f9bc0f3,2.5997989996540127,latency-7177a757f300.csv
1,7177a757f300,2025-10-21T15:15:52.438617,shrek,old,10,False,5fb80f9bc0f3,9.106270000302176,latency-7177a757f300.csv
1,7177a757f300,2025-10-21T15:15:52.551501,shrek,its,1,True,5fb80f9bc0f3,4.012786999737728,latency-7177a757f300.csv
1,7177a757f300,2025-10-21T15:15:52.659054,grail,Bum,13,True,5fb80f9bc0f3,10.2515360003963,latency-7177a757f300.csv
1,7177a757f300,2025-10-21T15:15:52.774135,shrek3,Arg,1,True,5fb80f9bc0f3,7.733256999927107,latency-7177a757f300.csv
1,7177a757f300,2025-10-21T15:15:52.893559,shrek,true,20,True,5fb80f9bc0f3,3.2239780002782936,latency-7177a757f300.csv
1,7177a757f300,2025-10-21T15:15:53.001132,grail,going,21,True,5fb80f9bc0f3,3.463126000497141,latency-7177a757f300.csv
1,7177a757f300,2025-10-21T15:15:53.109282,shrek3,through,43,True,5fb80f9bc0f3,9.363082999698236,latency-7177a757f300.csv
1,7177a757f300,2025-10-21T15:15:53.224262,shrek,What,104,True,5fb80f9bc0f3,7.9793730001256336,latency-7177a757f300.csv
1,7177a757f300,2025-10-21T15:15:53.343092,shrek3,PRINCE,207,True,5fb80f9bc0f3,11.89534300010564,latency-7177a757f300.csv
1,7177a757f300,2025-10-21T15:15:53.465554,grail,seek,12,True,5fb80f9bc0f3,5.303625999658834,latency-7177a757f300.csv
1,7177a757f300,2025-10-21T15:15:53.586916,grail,from,94,True,5fb80f9bc0f3,4.292993000490242,latency-7177a757f300.csv
1,7177a757f300,2025-10-21T15:15:53.696140,shrek,its,1,True,5fb80f9bc0f3,4.239459000018542,latency-7177a757f300.csv
1,7177a757f300,2025-10-21T15:15:53.804696,shrek,"Ha,",0,True,5fb80f9bc0f3,4.833527000300819,latency-7177a757f300.csv
1,7177a757f300,2025-10-21T15:15:53.915447,shrek3,ruby,1,True,5fb80f9bc0f3,4.53506599933462,latency-7177a757f300.csv
1,7177a757f300,2025-10-21T15:15:54.028669,shrek,What,104,True,5fb80f9bc0f3,3.808853000009549,latency-7177a757f300.csv
1,7177a757f300,2025-10-21T15:15:54.137422,shrek,FIONA,211,True,5fb80f9bc0f3,15.301675000046089,latency-7177a757f300.csv
1,7177a757f300,2025-10-21T15:15:54.271533,shrek,the,535,True,5fb80f9bc0f3,3.3890659997268813,latency-7177a757f300.csv
1,7177a757f300,2025-10-21T15:15:54.378245,shrek,SHREK,433,True,5fb80f9bc0f3,4.580208999868773,latency-7177a757f300.csv
1,7177a757f300,2025-10-21T15:15:54.487059,shrek,DONKEY,320,True,5fb80f9bc0f3,4.992127999685181,latency-7177a757f300.csv
2,7177a757f300,2025-10-21T15:15:54.596440,shrek,field,4,True,5fb80f9bc0f3,3.127351999864913,latency-7177a757f300.csv
2,7177a757f300,2025-10-21T15:15:54.703406,shrek,old,10,True,5fb80f9bc0f3,13.314187999640126,latency-7177a757f300.csv
2,7177a757f300,2025-10-21T15:15:54.821097,shrek,its,1,True,5fb80f9bc0f3,13.055720000011206,latency-7177a757f300.csv
2,7177a757f300,2025-10-21T15:15:54.942205,grail,Bum,13,True,5fb80f9bc0f3,4.869997999776388,latency-7177a757f300.csv
2,7177a757f300,2025-10-21T15:15:55.056055,shrek3,Arg,1,True,5fb80f9bc0f3,5.850780999935523,latency-7177a757f300.csv
2,7177a757f300,2025-10-21T15:15:55.174173,shrek,true,20,True,5fb80f9bc0f3,3.948696000406926,latency-7177a757f300.csv
2,7177a757f300,2025-10-21T15:15:55.282114,grail,going,21,True,5fb80f9bc0f3,3.3675590002530957,latency-7177a757f300.csv
2,7177a757f300,2025-10-21T15:15:55.389677,shrek3,through,43,True,5fb80f9bc0f3,2.994650999426085,latency-7177a757f300.csv
2,7177a757f300,2025-10-21T15:15:55.496524,shrek,What,104,True,5fb80f9bc0f3,6.402146999789693,latency-7177a757f300.csv
2,7177a757f300,2025-10-21T15:15:55.607327,shrek3,PRINCE,207,True,5fb80f9bc0f3,4.037366000375187,latency-7177a757f300.csv
2,7177a757f300,2025-10-21T15:15:55.715565,grail,seek,12,True,5fb80f9bc0f3,6.183633000546251,latency-7177a757f300.csv
2,7177a757f300,2025-10-21T15:15:55.833498,grail,from,94,True,5fb80f9bc0f3,2.7215750005780137,latency-7177a757f300.csv
2,7177a757f300,2025-10-21T15:15:55.940756,shrek,its,1,True,5fb80f9bc0f3,5.8213590000377735,latency-7177a757f300.csv
2,7177a757f300,2025-10-21T15:15:56.053740,shrek,"Ha,",0,True,5fb80f9bc0f3,3.0446339997070027,latency-7177a757f300.csv
2,7177a757f300,2025-10-21T15:15:56.160448,shrek3,ruby,1,True,5fb80f9bc0f3,4.167387999586936,latency-7177a757f300.csv
2,7177a757f300,2025-10-21T15:15:56.267986,shrek,What,104,True,5fb80f9bc0f3,17.22237200010568,latency-7177a757f300.csv
2,7177a757f300,2025-10-21T15:15:56.403755,shrek,FIONA,211,True,5fb80f9bc0f3,12.705953000477166,latency-7177a757f300.csv
2,7177a757f300,2025-10-21T15:15:56.531708,shrek,the,535,True,5fb80f9bc0f3,3.222686999833968,latency-7177a757f300.csv
2,7177a757f300,2025-10-21T15:15:56.644463,shrek,SHREK,433,True,5fb80f9bc0f3,2.5734149994605104,latency-7177a757f300.csv
2,7177a757f300,2025-10-21T15:15:56.750158,shrek,DONKEY,320,True,5fb80f9bc0f3,3.503222999825084,latency-7177a757f300.csv
1,71c8dd424e29,2025-10-21T15:16:13.468053,shrek,MAN,38,True,5fb80f9bc0f3,3.9157969995358144,latency-71c8dd424e29.csv
1,71c8dd424e29,2025-10-21T15:16:13.575504,shrek,cottage,4,True,5fb80f9bc0f3,3.2876360000955174,latency-71c8dd424e29.csv
1,71c8dd424e29,2025-10-21T15:16:13.682368,grail,them,41,True,5fb80f9bc0f3,6.941986999663641,latency-71c8dd424e29.csv
1,71c8dd424e29,2025-10-21T15:16:13.794506,shrek,fair,2,True,5fb80f9bc0f3,10.655756999767618,latency-71c8dd424e29.csv
1,71c8dd424e29,2025-10-21T15:16:13.909828,shrek3,CHARMING,232,True,5fb80f9bc0f3,5.693262999557192,latency-71c8dd424e29.csv
1,71c8dd424e29,2025-10-21T15:16:14.019883,shrek3,and,576,True,5fb80f9bc0f3,6.774200999643654,latency-71c8dd424e29.csv
1,71c8dd424e29,2025-10-21T15:16:14.132733,shrek,looks,37,True,5fb80f9bc0f3,12.716881999949692,latency-71c8dd424e29.csv
1,71c8dd424e29,2025-10-21T15:16:14.253778,shrek,Nobody,4,True,5fb80f9bc0f3,6.179642999995849,latency-71c8dd424e29.csv
1,71c8dd424e29,2025-10-21T15:16:14.365154,shrek3,Final,119,True,5fb80f9bc0f3,4.685153000536957,latency-71c8dd424e29.csv
1,71c8dd424e29,2025-10-21T15:16:14.474195,shrek3,dat,1,True,5fb80f9bc0f3,4.738413000268338,latency-71c8dd424e29.csv
1,71c8dd424e29,2025-10-21T15:16:14.582810,shrek3,of,275,True,5fb80f9bc0f3,11.41697999992175,latency-71c8dd424e29.csv
1,71c8dd424e29,2025-10-21T15:16:14.712457,grail,grabbing,5,True,5fb80f9bc0f3,7.692391999626125,latency-71c8dd424e29.csv
1,71c8dd424e29,2025-10-21T15:16:14.828840,shrek,baby,3,True,5fb80f9bc0f3,3.444322000177636,latency-71c8dd424e29.csv
1,71c8dd424e29,2025-10-21T15:16:14.938143,grail,To,718,True,5fb80f9bc0f3,3.50294199961354,latency-71c8dd424e29.csv
1,71c8dd424e29,2025-10-21T15:16:15.045826,grail,Auuuuuuuugh,2,True,5fb80f9bc0f3,2.9190739996920456,latency-71c8dd424e29.csv
1,71c8dd424e29,2025-10-21T15:16:15.152932,grail,singing,33,True,5fb80f9bc0f3,3.565462999176816,latency-71c8dd424e29.csv
1,71c8dd424e29,2025-10-21T15:16:15.261319,shrek,I,386,True,5fb80f9bc0f3,4.503808000663412,latency-71c8dd424e29.csv
1,71c8dd424e29,2025-10-21T15:16:15.369889,shrek3,WHITE,45,True,5fb80f9bc0f3,3.53104700025142,latency-71c8dd424e29.csv
1,71c8dd424e29,2025-10-21T15:16:15.476622,shrek3,PUSS,196,True,5fb80f9bc0f3,2.3187059996416792,latency-71c8dd424e29.csv
1,71c8dd424e29,2025-10-21T15:16:15.582290,shrek,Blah,1,True,5fb80f9bc0f3,7.840412000405195,latency-71c8dd424e29.csv
2,71c8dd424e29,2025-10-21T15:16:15.695103,shrek,MAN,38,True,5fb80f9bc0f3,5.836815000293427,latency-71c8dd424e29.csv
2,71c8dd424e29,2025-10-21T15:16:15.805487,shrek,cottage,4,True,5fb80f9bc0f3,3.3397440001863288,latency-71c8dd424e29.csv
2,71c8dd424e29,2025-10-21T15:16:15.912360,grail,them,41,True,5fb80f9bc0f3,4.624838000381715,latency-71c8dd424e29.csv
2,71c8dd424e29,2025-10-21T15:16:16.021688,shrek,fair,2,True,5fb80f9bc0f3,4.220060999614361,latency-71c8dd424e29.csv
2,71c8dd424e29,2025-10-21T15:16:16.130143,shrek3,CHARMING,232,True,5fb80f9bc0f3,3.048649999982445,latency-71c8dd424e29.csv
2,71c8dd424e29,2025-10-21T15:16:16.237297,shrek3,and,576,True,5fb80f9bc0f3,3.135816999929375,latency-71c8dd424e29.csv
2,71c8dd424e29,2025-10-21T15:16:16.343674,shrek,looks,37,True,5fb80f9bc0f3,3.008461999343126,latency-71c8dd424e29.csv
2,71c8dd424e29,2025-10-21T15:16:16.450122,shrek,Nobody,4,True,5fb80f9bc0f3,3.642825000497396,latency-71c8dd424e29.csv
2,71c8dd424e29,2025-10-21T15:16:16.557998,shrek3,Final,119,True,5fb80f9bc0f3,2.9585350002889754,latency-71c8dd424e29.csv
2,71c8dd424e29,2025-10-21T15:16:16.664178,shrek3,dat,1,True,5fb80f9bc0f3,3.4817799996744725,latency-71c8dd424e29.csv
2,71c8dd424e29,2025-10-21T15:16:16.771265,shrek3,of,275,True,5fb80f9bc0f3,3.692925999530416,latency-71c8dd424e29.csv
2,71c8dd424e29,2025-10-21T15:16:16.879234,grail,grabbing,5,True,5fb80f9bc0f3,3.692907000186096,latency-71c8dd424e29.csv
2,71c8dd424e29,2025-10-21T15:16:16.987103,shrek,baby,3,True,5fb80f9bc0f3,7.494174999919778,latency-71c8dd424e29.csv
2,71c8dd424e29,2025-10-21T15:16:17.098671,grail,To,718,True,5fb80f9bc0f3,4.3261830005576485,latency-71c8dd424e29.csv
2,71c8dd424e29,2025-10-21T15:16:17.206356,grail,Auuuuuuuugh,2,True,5fb80f9bc0f3,7.460972000444599,latency-71c8dd424e29.csv
2,71c8dd424e29,2025-10-21T15:16:17.319145,grail,singing,33,True,5fb80f9bc0f3,5.330890000550426,latency-71c8dd424e29.csv
2,71c8dd424e29,2025-10-21T15:16:17.428748,shrek,I,386,True,5fb80f9bc0f3,2.879837000364205,latency-71c8dd424e29.csv
2,71c8dd424e29,2025-10-21T15:16:17.534742,shrek3,WHITE,45,True,5fb80f9bc0f3,3.0320930000016237,latency-71c8dd424e29.csv
2,71c8dd424e29,2025-10-21T15:16:17.641515,shrek3,PUSS,196,True,5fb80f9bc0f3,4.274416000043857,latency-71c8dd424e29.csv
2,71c8dd424e29,2025-10-21T15:16:17.749536,shrek,Blah,1,True,5fb80f9bc0f3,2.7105770004709484,latency-71c8dd424e29.csv
1,72ff2c44c420,2025-10-21T15:16:24.319219,grail,Christ,8,True,5fb80f9bc0f3,4.44276300004276,latency-72ff2c44c420.csv
1,72ff2c44c420,2025-10-21T15:16:24.431650,grail,about,49,True,5fb80f9bc0f3,6.011175999447005,latency-72ff2c44c420.csv
1,72ff2c44c420,2025-10-21T15:16:24.547399,shrek3,PUSS,196,True,5fb80f9bc0f3,3.603351000492694,latency-72ff2c44c420.csv
1,72ff2c44c420,2025-10-21T15:16:24.659318,shrek3,boomerang,1,True,5fb80f9bc0f3,2.928660000179661,latency-72ff2c44c420.csv
1,72ff2c44c420,2025-10-21T15:16:24.769208,grail,THREE-HEADED,8,True,5fb80f9bc0f3,2.983360000143876,latency-72ff2c44c420.csv
1,72ff2c44c420,2025-10-21T15:16:24.879121,shrek3,CAPTAIN,41,True,5fb80f9bc0f3,4.009913999652781,latency-72ff2c44c420.csv
1,72ff2c44c420,2025-10-21T15:16:24.990510,shrek,our,11,True,5fb80f9bc0f3,2.7494829992065206,latency-72ff2c44c420.csv
1,72ff2c44c420,2025-10-21T15:16:25.097752,grail,pathetic,4,True,5fb80f9bc0f3,2.643216000251414,latency-72ff2c44c420.csv
1,72ff2c44c420,2025-10-21T15:16:25.204810,shrek,DONKEY,320,True,5fb80f9bc0f3,2.8948069993930403,latency-72ff2c44c420.csv
1,72ff2c44c420,2025-10-21T15:16:25.311670,grail,pretty,7,True,5fb80f9bc0f3,2.451055999699747,latency-72ff2c44c420.csv
1,72ff2c44c420,2025-10-21T15:16:25.417478,grail,To,718,True,5fb80f9bc0f3,8.631984999738052,latency-72ff2c44c420.csv
1,72ff2c44c420,2025-10-21T15:16:25.530552,shrek3,the,1285,True,5fb80f9bc0f3,8.156000999406388,latency-72ff2c44c420.csv
1,72ff2c44c420,2025-10-21T15:16:25.645269,shrek3,SHREK,678,True,5fb80f9bc0f3,5.964416000097117,latency-72ff2c44c420.csv
1,72ff2c44c420,2025-10-21T15:16:25.760698,shrek3,boomerang,1,True,5fb80f9bc0f3,6.360026999573165,latency-72ff2c44c420.csv
1,72ff2c44c420,2025-10-21T15:16:25.873845,shrek,(standing,0,True,5fb80f9bc0f3,3.233388999433373,latency-72ff2c44c420.csv
1,72ff2c44c420,2025-10-21T15:16:25.982704,shrek3,ruby,1,True,5fb80f9bc0f3,5.346230000213836,latency-72ff2c44c420.csv
1,72ff2c44c420,2025-10-21T15:16:26.095266,shrek,SHREK,433,True,5fb80f9bc0f3,4.049365000355465,latency-72ff2c44c420.csv
1,72ff2c44c420,2025-10-21T15:16:26.206080,shrek,trip,1,True,5fb80f9bc0f3,5.166177999853971,latency-72ff2c44c420.csv
1,72ff2c44c420,2025-10-21T15:16:26.318236,shrek3,youre,0,True,5fb80f9bc0f3,4.832395999983419,latency-72ff2c44c420.csv
1,72ff2c44c420,2025-10-21T15:16:26.429888,grail,going,21,True,5fb80f9bc0f3,4.940146000080858,latency-72ff2c44c420.csv
2,72ff2c44c420,2025-10-21T15:16:26.541625,grail,Christ,8,True,5fb80f9bc0f3,7.161296000049333,latency-72ff2c44c420.csv
2,72ff2c44c420,2025-10-21T15:16:26.659723,grail,about,49,True,5fb80f9bc0f3,4.795164000825025,latency-72ff2c44c420.csv
2,72ff2c44c420,2025-10-21T15:16:26.771093,shrek3,PUSS,196,True,5fb80f9bc0f3,6.353730000228097,latency-72ff2c44c420.csv
2,72ff2c44c420,2025-10-21T15:16:26.883060,shrek3,boomerang,1,True,5fb80f9bc0f3,4.477675000089221,latency-72ff2c44c420.csv
2,72ff2c44c420,2025-10-21T15:16:26.993770,grail,THREE-HEADED,8,True,5fb80f9bc0f3,3.4141739997721743,latency-72ff2c44c420.csv
2,72ff2c44c420,2025-10-21T15:16:27.101013,shrek3,CAPTAIN,41,True,5fb80f9bc0f3,3.4646200001589023,latency-72ff2c44c420.csv
2,72ff2c44c420,2025-10-21T15:16:27.208903,shrek,our,11,True,5fb80f9bc0f3,3.269116999945254,latency-72ff2c44c420.csv
2,72ff2c44c420,2025-10-21T15:16:27.316093,grail,pathetic,4,True,5fb80f9bc0f3,3.4908970001197304,latency-72ff2c44c420.csv
2,72ff2c44c420,2025-10-21T15:16:27.422997,shrek,DONKEY,320,True,5fb80f9bc0f3,3.3269300001848023,latency-72ff2c44c420.csv
2,72ff2c44c420,2025-10-21T15:16:27.530170,grail,pretty,7,True,5fb80f9bc0f3,3.0949519996283925,latency-72ff2c44c420.csv
2,72ff2c44c420,2025-10-21T15:16:27.636815,grail,To,718,True,5fb80f9bc0f3,3.253892999964592,latency-72ff2c44c420.csv
2,72ff2c44c420,2025-10-21T15:16:27.745151,shrek3,the,1285,True,5fb80f9bc0f3,2.831968999998935,latency-72ff2c44c420.csv
2,72ff2c44c420,2025-10-21T15:16:27.851850,shrek3,SHREK,678,True,5fb80f9bc0f3,2.925994000179344,latency-72ff2c44c420.csv
2,72ff2c44c420,2025-10-21T15:16:27.959400,shrek3,boomerang,1,True,5fb80f9bc0f3,2.5221610003427486,latency-72ff2c44c420.csv
2,72ff2c44c420,2025-10-21T15:16:28.066374,shrek,(standing,0,True,5fb80f9bc0f3,2.781937999316142,latency-72ff2c44c420.csv
2,72ff2c44c420,2025-10-21T15:16:28.174231,shrek3,ruby,1,True,5fb80f9bc0f3,2.815445000123873,latency-72ff2c44c420.csv
2,72ff2c44c420,2025-10-21T15:16:28.284319,shrek,SHREK,433,True,5fb80f9bc0f3,3.307413000584347,latency-72ff2c44c420.csv
2,72ff2c44c420,2025-10-21T15:16:28.391468,shrek,trip,1,True,5fb80f9bc0f3,2.9862999999750173,latency-72ff2c44c420.csv
2,72ff2c44c420,2025-10-21T15:16:28.497753,shrek3,youre,0,True,5fb80f9bc0f3,3.0996659997981624,latency-72ff2c44c420.csv
2,72ff2c44c420,2025-10-21T15:16:28.604333,grail,going,21,True,5fb80f9bc0f3,3.11536699973658,latency-72ff2c44c420.csv
1,74bfa985e46b,2025-10-21T15:16:01.493939,grail,G,6,True,5fb80f9bc0f3,4.94314299976395,latency-74bfa985e46b.csv
1,74bfa985e46b,2025-10-21T15:16:01.603764,grail,the,1600,True,5fb80f9bc0f3,4.2188870002064505,latency-74bfa985e46b.csv
1,74bfa985e46b,2025-10-21T15:16:01.715186,shrek3,the,1285,True,5fb80f9bc0f3,8.299804000671429,latency-74bfa985e46b.csv
1,74bfa985e46b,2025-10-21T15:16:01.834580,shrek3,get,39,True,5fb80f9bc0f3,3.6237940003047697,latency-74bfa985e46b.csv
1,74bfa985e46b,2025-10-21T15:16:01.948909,shrek3,PUSS,196,True,5fb80f9bc0f3,2.917263000199455,latency-74bfa985e46b.csv
1,74bfa985e46b,2025-10-21T15:16:02.058589,shrek3,"Suddenly,",0,True,5fb80f9bc0f3,2.565695000157575,latency-74bfa985e46b.csv
1,74bfa985e46b,2025-10-21T15:16:02.165349,shrek3,and,576,True,5fb80f9bc0f3,3.656255999885616,latency-74bfa985e46b.csv
1,74bfa985e46b,2025-10-21T15:16:02.273932,shrek,minute,3,False,5fb80f9bc0f3,7.361971000136691,latency-74bfa985e46b.csv
1,74bfa985e46b,2025-10-21T15:16:02.384764,grail,it,279,True,5fb80f9bc0f3,4.721771000731678,latency-74bfa985e46b.csv
1,74bfa985e46b,2025-10-21T15:16:02.504814,shrek3,ARTIE,213,True,5fb80f9bc0f3,3.436109000176657,latency-74bfa985e46b.csv
1,74bfa985e46b,2025-10-21T15:16:02.612050,shrek3,JOCKS,2,False,5fb80f9bc0f3,10.215438999694015,latency-74bfa985e46b.csv
1,74bfa985e46b,2025-10-21T15:16:02.726053,grail,grabbing,5,True,5fb80f9bc0f3,3.697547000228951,latency-74bfa985e46b.csv
1,74bfa985e46b,2025-10-21T15:16:02.833921,shrek,field,4,True,5fb80f9bc0f3,3.5932580003645853,latency-74bfa985e46b.csv
1,74bfa985e46b,2025-10-21T15:16:02.940821,shrek3,what,82,True,5fb80f9bc0f3,3.8003379995643622,latency-74bfa985e46b.csv
1,74bfa985e46b,2025-10-21T15:16:03.048271,shrek3,2,8,True,5fb80f9bc0f3,6.1740990004182095,latency-74bfa985e46b.csv
1,74bfa985e46b,2025-10-21T15:16:03.160248,shrek3,OGRE,39,True,5fb80f9bc0f3,28.073626999685075,latency-74bfa985e46b.csv
1,74bfa985e46b,2025-10-21T15:16:03.304730,shrek3,wont,0,True,5fb80f9bc0f3,8.832042999529222,latency-74bfa985e46b.csv
1,74bfa985e46b,2025-10-21T15:16:03.424541,shrek3,PUSS,196,True,5fb80f9bc0f3,5.995798999720137,latency-74bfa985e46b.csv
1,74bfa985e46b,2025-10-21T15:16:03.538875,shrek3,true,1,True,5fb80f9bc0f3,5.084220000753703,latency-74bfa985e46b.csv
1,74bfa985e46b,2025-10-21T15:16:03.652615,shrek,the,535,True,5fb80f9bc0f3,11.307959000077972,latency-74bfa985e46b.csv
2,74bfa985e46b,2025-10-21T15:16:03.773522,grail,G,6,True,5fb80f9bc0f3,19.449032999546034,latency-74bfa985e46b.csv
2,74bfa985e46b,2025-10-21T15:16:03.914624,grail,the,1600,True,5fb80f9bc0f3,4.66507900000579,latency-74bfa985e46b.csv
2,74bfa985e46b,2025-10-21T15:16:04.029345,shrek3,the,1285,True,5fb80f9bc0f3,3.2979659999909927,latency-74bfa985e46b.csv
2,74bfa985e46b,2025-10-21T15:16:04.137284,shrek3,get,39,True,5fb80f9bc0f3,2.5683510002636467,latency-74bfa985e46b.csv
2,74bfa985e46b,2025-10-21T15:16:04.243180,shrek3,PUSS,196,True,5fb80f9bc0f3,2.662512999449973,latency-74bfa985e46b.csv
2,74bfa985e46b,2025-10-21T15:16:04.348788,shrek3,"Suddenly,",0,True,5fb80f9bc0f3,3.0006859997229185,latency-74bfa985e46b.csv
2,74bfa985e46b,2025-10-21T15:16:04.456127,shrek3,and,576,True,5fb80f9bc0f3,3.924145999917528,latency-74bfa985e46b.csv
2,74bfa985e46b,2025-10-21T15:16:04.564074,shrek,minute,3,True,5fb80f9bc0f3,2.3961289998624125,latency-74bfa985e46b.csv
2,74bfa985e46b,2025-10-21T15:16:04.669636,grail,it,279,True,5fb80f9bc0f3,2.590918000350939,latency-74bfa985e46b.csv
2,74bfa985e46b,2025-10-21T15:16:04.776118,shrek3,ARTIE,213,True,5fb80f9bc0f3,4.7640879993196,latency-74bfa985e46b.csv
2,74bfa985e46b,2025-10-21T15:16:04.885144,shrek3,JOCKS,2,True,5fb80f9bc0f3,2.752460999545292,latency-74bfa985e46b.csv
2,74bfa985e46b,2025-10-21T15:16:04.991152,grail,grabbing,5,True,5fb80f9bc0f3,3.968926999732503,latency-74bfa985e46b.csv
2,74bfa985e46b,2025-10-21T15:16:05.098677,shrek,field,4,True,5fb80f9bc0f3,7.434072000251035,latency-74bfa985e46b.csv
2,74bfa985e46b,2025-10-21T15:16:05.210900,shrek3,what,82,True,5fb80f9bc0f3,14.513690999592654,latency-74bfa985e46b.csv
2,74bfa985e46b,2025-10-21T15:16:05.335339,shrek3,2,8,True,5fb80f9bc0f3,10.60412799961341,latency-74bfa985e46b.csv
2,74bfa985e46b,2025-10-21T15:16:05.453678,shrek3,OGRE,39,True,5fb80f9bc0f3,7.250370999827282,latency-74bfa985e46b.csv
2,74bfa985e46b,2025-10-21T15:16:05.568222,shrek3,wont,0,True,5fb80f9bc0f3,6.800257000577403,latency-74bfa985e46b.csv
2,74bfa985e46b,2025-10-21T15:16:05.681065,shrek3,PUSS,196,True,5fb80f9bc0f3,5.093978999866522,latency-74bfa985e46b.csv
2,74bfa985e46b,2025-10-21T15:16:05.790120,shrek3,true,1,True,5fb80f9bc0f3,10.105909999765572,latency-74bfa985e46b.csv
2,74bfa985e46b,2025-10-21T15:16:05.908026,shrek,the,535,True,5fb80f9bc0f3,3.844541000034951,latency-74bfa985e46b.csv
1,776c2d2ea713,2025-10-21T15:15:53.233980,shrek,DONKEY,320,True,5fb80f9bc0f3,8.361950000107754,latency-776c2d2ea713.csv
1,776c2d2ea713,2025-10-21T15:15:53.348003,shrek3,boomerang,1,True,5fb80f9bc0f3,10.868490000575548,latency-776c2d2ea713.csv
1,776c2d2ea713,2025-10-21T15:15:53.469629,shrek3,"meet""",0,True,5fb80f9bc0f3,9.003344999655383,latency-776c2d2ea713.csv
1,776c2d2ea713,2025-10-21T15:15:53.595190,grail,To,718,True,5fb80f9bc0f3,3.611414000260993,latency-776c2d2ea713.csv
1,776c2d2ea713,2025-10-21T15:15:53.704440,grail,Michael,11,True,5fb80f9bc0f3,3.153084000587114,latency-776c2d2ea713.csv
1,776c2d2ea713,2025-10-21T15:15:53.811238,grail,chops,3,True,5fb80f9bc0f3,5.176937000214821,latency-776c2d2ea713.csv
1,776c2d2ea713,2025-10-21T15:15:53.921153,grail,door,14,True,5fb80f9bc0f3,9.878075999949942,latency-776c2d2ea713.csv
1,776c2d2ea713,2025-10-21T15:15:54.039804,shrek3,them,44,True,5fb80f9bc0f3,8.691413000633474,latency-776c2d2ea713.csv
1,776c2d2ea713,2025-10-21T15:15:54.155894,grail,ANOTHER,25,True,5fb80f9bc0f3,13.911863999965137,latency-776c2d2ea713.csv
1,776c2d2ea713,2025-10-21T15:15:54.277719,grail,to,718,True,5fb80f9bc0f3,5.316458999914175,latency-776c2d2ea713.csv
1,776c2d2ea713,2025-10-21T15:15:54.395764,shrek,I,386,True,5fb80f9bc0f3,3.8365840000551534,latency-776c2d2ea713.csv
1,776c2d2ea713,2025-10-21T15:15:54.505140,grail,lost,6,False,5fb80f9bc0f3,8.420579999437905,latency-776c2d2ea713.csv
1,776c2d2ea713,2025-10-21T15:15:54.617446,shrek,tell,25,True,5fb80f9bc0f3,2.478574999258853,latency-776c2d2ea713.csv
1,776c2d2ea713,2025-10-21T15:15:54.723357,shrek3,what,82,False,5fb80f9bc0f3,12.734506999549922,latency-776c2d2ea713.csv
1,776c2d2ea713,2025-10-21T15:15:54.839947,shrek,our,11,True,5fb80f9bc0f3,6.085560999963491,latency-776c2d2ea713.csv
1,776c2d2ea713,2025-10-21T15:15:54.950097,shrek,Shrek,433,True,5fb80f9bc0f3,7.234780000544561,latency-776c2d2ea713.csv
1,776c2d2ea713,2025-10-21T15:15:55.060515,shrek,and,318,True,5fb80f9bc0f3,8.759150000514637,latency-776c2d2ea713.csv
1,776c2d2ea713,2025-10-21T15:15:55.186293,grail,door,14,True,5fb80f9bc0f3,3.4378649997961475,latency-776c2d2ea713.csv
1,776c2d2ea713,2025-10-21T15:15:55.294611,grail,Auuuuuuuugh,2,True,5fb80f9bc0f3,3.4808099999281694,latency-776c2d2ea713.csv
1,776c2d2ea713,2025-10-21T15:15:55.401919,shrek3,an,51,True,5fb80f9bc0f3,3.270754999903147,latency-776c2d2ea713.csv
2,776c2d2ea713,2025-10-21T15:15:55.509813,shrek,DONKEY,320,True,5fb80f9bc0f3,10.241148000204705,latency-776c2d2ea713.csv
2,776c2d2ea713,2025-10-21T15:15:55.627187,shrek3,boomerang,1,True,5fb80f9bc0f3,4.341419000411406,latency-776c2d2ea713.csv
2,776c2d2ea713,2025-10-21T15:15:55.740493,shrek3,"meet""",0,True,5fb80f9bc0f3,4.9052529993787175,latency-776c2d2ea713.csv
2,776c2d2ea713,2025-10-21T15:15:55.861125,grail,To,718,True,5fb80f9bc0f3,3.2716859996071435,latency-776c2d2ea713.csv
2,776c2d2ea713,2025-10-21T15:15:55.969322,grail,Michael,11,True,5fb80f9bc0f3,5.512040999747114,latency-776c2d2ea713.csv
2,776c2d2ea713,2025-10-21T15:15:56.079871,grail,chops,3,True,5fb80f9bc0f3,3.582116999496065,latency-776c2d2ea713.csv
2,776c2d2ea713,2025-10-21T15:15:56.187261,grail,door,14,True,5fb80f9bc0f3,3.093762999924365,latency-776c2d2ea713.csv
2,776c2d2ea713,2025-10-21T15:15:56.293669,shrek3,them,44,True,5fb80f9bc0f3,11.305138999887276,latency-776c2d2ea713.csv
2,776c2d2ea713,2025-10-21T15:15:56.410196,grail,ANOTHER,25,True,5fb80f9bc0f3,13.295197999468655,latency-776c2d2ea713.csv
2,776c2d2ea713,2025-10-21T15:15:56.536074,grail,to,718,True,5fb80f9bc0f3,12.887625000075786,latency-776c2d2ea713.csv
2,776c2d2ea713,2025-10-21T15:15:56.654960,shrek,I,386,True,5fb80f9bc0f3,6.30990199988446,latency-776c2d2ea713.csv
2,776c2d2ea713,2025-10-21T15:15:56.771386,grail,lost,6,True,5fb80f9bc0f3,15.85405300011189,latency-776c2d2ea713.csv
2,776c2d2ea713,2025-10-21T15:15:56.933634,shrek,tell,25,True,5fb80f9bc0f3,2.814786000271852,latency-776c2d2ea713.csv
2,776c2d2ea713,2025-10-21T15:15:57.039596,shrek3,what,82,True,5fb80f9bc0f3,2.732496000135143,latency-776c2d2ea713.csv
2,776c2d2ea713,2025-10-21T15:15:57.145890,shrek,our,11,True,5fb80f9bc0f3,10.726841999712631,latency-776c2d2ea713.csv
2,776c2d2ea713,2025-10-21T15:15:57.261721,shrek,Shrek,433,True,5fb80f9bc0f3,6.396486000085133,latency-776c2d2ea713.csv
2,776c2d2ea713,2025-10-21T15:15:57.374690,shrek,and,318,True,5fb80f9bc0f3,3.9629700004297774,latency-776c2d2ea713.csv
2,776c2d2ea713,2025-10-21T15:15:57.484105,grail,door,14,True,5fb80f9bc0f3,6.173874000523938,latency-776c2d2ea713.csv
2,776c2d2ea713,2025-10-21T15:15:57.596389,grail,Auuuuuuuugh,2,True,5fb80f9bc0f3,6.990801000029023,latency-776c2d2ea713.csv
2,776c2d2ea713,2025-10-21T15:15:57.710195,shrek3,an,51,True,5fb80f9bc0f3,5.490188999829115,latency-776c2d2ea713.csv
1,789021ed2a8f,2025-10-21T15:16:03.049945,shrek,SHREK,433,True,5fb80f9bc0f3,4.980144999535696,latency-789021ed2a8f.csv
1,789021ed2a8f,2025-10-21T15:16:03.161383,shrek3,his,238,True,5fb80f9bc0f3,35.563693999392854,latency-789021ed2a8f.csv
1,789021ed2a8f,2025-10-21T15:16:03.310046,shrek3,CAPTAIN,41,True,5fb80f9bc0f3,8.283602000119572,latency-789021ed2a8f.csv
1,789021ed2a8f,2025-10-21T15:16:03.425895,shrek3,SHOUTING),0,True,5fb80f9bc0f3,6.0988679997535655,latency-789021ed2a8f.csv
1,789021ed2a8f,2025-10-21T15:16:03.539419,grail,few,8,True,5fb80f9bc0f3,6.118561000221234,latency-789021ed2a8f.csv
1,789021ed2a8f,2025-10-21T15:16:03.653771,shrek3,ARTIE,213,True,5fb80f9bc0f3,6.78979900021659,latency-789021ed2a8f.csv
1,789021ed2a8f,2025-10-21T15:16:03.773939,shrek3,body),0,True,5fb80f9bc0f3,28.397965999829463,latency-789021ed2a8f.csv
1,789021ed2a8f,2025-10-21T15:16:03.914627,shrek,the,535,True,5fb80f9bc0f3,5.719714999941061,latency-789021ed2a8f.csv
1,789021ed2a8f,2025-10-21T15:16:04.035361,shrek3,Third,121,True,5fb80f9bc0f3,3.9948579997144407,latency-789021ed2a8f.csv
1,789021ed2a8f,2025-10-21T15:16:04.144873,shrek3,2,8,True,5fb80f9bc0f3,2.1603529994536075,latency-789021ed2a8f.csv
1,789021ed2a8f,2025-10-21T15:16:04.250000,shrek3,true,1,True,5fb80f9bc0f3,2.4158129999705125,latency-789021ed2a8f.csv
1,789021ed2a8f,2025-10-21T15:16:04.355357,shrek3,of,275,True,5fb80f9bc0f3,3.258749999986321,latency-789021ed2a8f.csv
1,789021ed2a8f,2025-10-21T15:16:04.464272,grail,the,1600,True,5fb80f9bc0f3,5.100072999994154,latency-789021ed2a8f.csv
1,789021ed2a8f,2025-10-21T15:16:04.574849,grail,Tm,5,True,5fb80f9bc0f3,2.745316999607894,latency-789021ed2a8f.csv
1,789021ed2a8f,2025-10-21T15:16:04.680925,grail,king,136,True,5fb80f9bc0f3,3.551907000655774,latency-789021ed2a8f.csv
1,789021ed2a8f,2025-10-21T15:16:04.788055,grail,pause,10,True,5fb80f9bc0f3,5.309914999998,latency-789021ed2a8f.csv
1,789021ed2a8f,2025-10-21T15:16:04.918034,grail,Auuuuuuuugh,2,True,5fb80f9bc0f3,2.607868000268354,latency-789021ed2a8f.csv
1,789021ed2a8f,2025-10-21T15:16:05.023771,grail,since,10,True,5fb80f9bc0f3,3.3925719999388093,latency-789021ed2a8f.csv
1,789021ed2a8f,2025-10-21T15:16:05.130895,grail,Bum,13,True,5fb80f9bc0f3,3.1317819994001184,latency-789021ed2a8f.csv
1,789021ed2a8f,2025-10-21T15:16:05.238096,shrek,don't,72,True,5fb80f9bc0f3,4.309834000196133,latency-789021ed2a8f.csv
2,789021ed2a8f,2025-10-21T15:16:05.347090,shrek,SHREK,433,True,5fb80f9bc0f3,5.843032000484527,latency-789021ed2a8f.csv
2,789021ed2a8f,2025-10-21T15:16:05.456788,shrek3,his,238,True,5fb80f9bc0f3,8.36236600025586,latency-789021ed2a8f.csv
2,789021ed2a8f,2025-10-21T15:16:05.569799,shrek3,CAPTAIN,41,True,5fb80f9bc0f3,7.958530999530922,latency-789021ed2a8f.csv
2,789021ed2a8f,2025-10-21T15:16:05.682131,shrek3,SHOUTING),0,True,5fb80f9bc0f3,4.900389000795258,latency-789021ed2a8f.csv
2,789021ed2a8f,2025-10-21T15:16:05.790821,grail,few,8,True,5fb80f9bc0f3,9.8564730005819,latency-789021ed2a8f.csv
2,789021ed2a8f,2025-10-21T15:16:05.908567,shrek3,ARTIE,213,True,5fb80f9bc0f3,3.723800000443589,latency-789021ed2a8f.csv
2,789021ed2a8f,2025-10-21T15:16:06.016523,shrek3,body),0,True,5fb80f9bc0f3,3.831971999716188,latency-789021ed2a8f.csv
2,789021ed2a8f,2025-10-21T15:16:06.124620,shrek,the,535,True,5fb80f9bc0f3,4.335825000453042,latency-789021ed2a8f.csv
2,789021ed2a8f,2025-10-21T15:16:06.233629,shrek3,Third,121,True,5fb80f9bc0f3,4.355949000455439,latency-789021ed2a8f.csv
2,789021ed2a8f,2025-10-21T15:16:06.343827,shrek3,2,8,True,5fb80f9bc0f3,5.507851999936975,latency-789021ed2a8f.csv
2,789021ed2a8f,2025-10-21T15:16:06.453912,shrek3,true,1,True,5fb80f9bc0f3,4.102575999240798,latency-789021ed2a8f.csv
2,789021ed2a8f,2025-10-21T15:16:06.562183,shrek3,of,275,True,5fb80f9bc0f3,3.792161999626842,latency-789021ed2a8f.csv
2,789021ed2a8f,2025-10-21T15:16:06.669272,grail,the,1600,True,5fb80f9bc0f3,4.000636999990093,latency-789021ed2a8f.csv
2,789021ed2a8f,2025-10-21T15:16:06.776988,grail,Tm,5,True,5fb80f9bc0f3,4.034556000078737,latency-789021ed2a8f.csv
2,789021ed2a8f,2025-10-21T15:16:06.885374,grail,king,136,True,5fb80f9bc0f3,3.2903060000535334,latency-789021ed2a8f.csv
2,789021ed2a8f,2025-10-21T15:16:06.992670,grail,pause,10,True,5fb80f9bc0f3,3.9356410006803344,latency-789021ed2a8f.csv
2,789021ed2a8f,2025-10-21T15:16:07.100693,grail,Auuuuuuuugh,2,True,5fb80f9bc0f3,4.929043000629463,latency-789021ed2a8f.csv
2,789021ed2a8f,2025-10-21T15:16:07.210221,grail,since,10,True,5fb80f9bc0f3,3.4700770002018544,latency-789021ed2a8f.csv
2,789021ed2a8f,2025-10-21T15:16:07.317119,grail,Bum,13,True,5fb80f9bc0f3,4.625141999895277,latency-789021ed2a8f.csv
2,789021ed2a8f,2025-10-21T15:16:07.425855,shrek,don't,72,True,5fb80f9bc0f3,4.2736899995361455,latency-789021ed2a8f.csv
1,78c95835f55c,2025-10-21T15:15:49.275891,grail,3,18,False,5fb80f9bc0f3,11.354825000125857,latency-78c95835f55c.csv
1,78c95835f55c,2025-10-21T15:15:49.391028,shrek3,us,12,True,5fb80f9bc0f3,4.090273999281635,latency-78c95835f55c.csv
1,78c95835f55c,2025-10-21T15:15:49.500250,shrek3,get,39,True,5fb80f9bc0f3,6.988212999203824,latency-78c95835f55c.csv
1,78c95835f55c,2025-10-21T15:15:49.611281,grail,chops,3,False,5fb80f9bc0f3,27.826469000501675,latency-78c95835f55c.csv
1,78c95835f55c,2025-10-21T15:15:49.743792,grail,pathetic,4,False,5fb80f9bc0f3,18.62330200037832,latency-78c95835f55c.csv
1,78c95835f55c,2025-10-21T15:15:49.868101,shrek,DONKEY,320,True,5fb80f9bc0f3,6.161797999993723,latency-78c95835f55c.csv
1,78c95835f55c,2025-10-21T15:15:49.980255,grail,toward,10,True,5fb80f9bc0f3,6.690683999295288,latency-78c95835f55c.csv
1,78c95835f55c,2025-10-21T15:15:50.091485,shrek,whistles,2,True,5fb80f9bc0f3,5.252674999610463,latency-78c95835f55c.csv
1,78c95835f55c,2025-10-21T15:15:50.204260,shrek3,decree,1,True,5fb80f9bc0f3,3.860030000396364,latency-78c95835f55c.csv
1,78c95835f55c,2025-10-21T15:15:50.312259,grail,Bridge,30,False,5fb80f9bc0f3,30.32526399965718,latency-78c95835f55c.csv
1,78c95835f55c,2025-10-21T15:15:50.447714,shrek3,OGRE,39,False,5fb80f9bc0f3,19.55657300004532,latency-78c95835f55c.csv
1,78c95835f55c,2025-10-21T15:15:50.573877,grail,king,136,True,5fb80f9bc0f3,13.071365000541846,latency-78c95835f55c.csv
1,78c95835f55c,2025-10-21T15:15:50.691298,shrek,FIONA'S,3,True,5fb80f9bc0f3,5.307782999807387,latency-78c95835f55c.csv
1,78c95835f55c,2025-10-21T15:15:50.802081,grail,the,1600,True,5fb80f9bc0f3,5.27422600043792,latency-78c95835f55c.csv
1,78c95835f55c,2025-10-21T15:15:50.912338,shrek3,Final,119,True,5fb80f9bc0f3,5.019270000047982,latency-78c95835f55c.csv
1,78c95835f55c,2025-10-21T15:15:51.022071,shrek3,CHARMING,232,True,5fb80f9bc0f3,5.38625600074738,latency-78c95835f55c.csv
1,78c95835f55c,2025-10-21T15:15:51.134565,grail,pretty,7,True,5fb80f9bc0f3,8.661003000270284,latency-78c95835f55c.csv
1,78c95835f55c,2025-10-21T15:15:51.247903,shrek3,"Bay""",0,True,5fb80f9bc0f3,5.111009000756894,latency-78c95835f55c.csv
1,78c95835f55c,2025-10-21T15:15:51.357530,shrek3,at,134,True,5fb80f9bc0f3,5.693124000572425,latency-78c95835f55c.csv
1,78c95835f55c,2025-10-21T15:15:51.467991,grail,Bum,13,False,5fb80f9bc0f3,41.625782999290095,latency-78c95835f55c.csv
2,78c95835f55c,2025-10-21T15:15:51.637605,grail,3,18,True,5fb80f9bc0f3,4.035820000353851,latency-78c95835f55c.csv
2,78c95835f55c,2025-10-21T15:15:51.747444,shrek3,us,12,True,5fb80f9bc0f3,5.6561920000604005,latency-78c95835f55c.csv
2,78c95835f55c,2025-10-21T15:15:51.858372,shrek3,get,39,True,5fb80f9bc0f3,4.725877000055334,latency-78c95835f55c.csv
2,78c95835f55c,2025-10-21T15:15:51.967440,grail,chops,3,True,5fb80f9bc0f3,3.787231000387692,latency-78c95835f55c.csv
2,78c95835f55c,2025-10-21T15:15:52.075385,grail,pathetic,4,True,5fb80f9bc0f3,5.268075999993016,latency-78c95835f55c.csv
2,78c95835f55c,2025-10-21T15:15:52.184737,shrek,DONKEY,320,True,5fb80f9bc0f3,9.295992000261322,latency-78c95835f55c.csv
2,78c95835f55c,2025-10-21T15:15:52.298135,grail,toward,10,True,5fb80f9bc0f3,7.05578199995216,latency-78c95835f55c.csv
2,78c95835f55c,2025-10-21T15:15:52.408884,shrek,whistles,2,True,5fb80f9bc0f3,8.175924000170198,latency-78c95835f55c.csv
2,78c95835f55c,2025-10-21T15:15:52.524772,shrek3,decree,1,True,5fb80f9bc0f3,10.99737999993522,latency-78c95835f55c.csv
2,78c95835f55c,2025-10-21T15:15:52.648389,grail,Bridge,30,True,5fb80f9bc0f3,9.03161599944724,latency-78c95835f55c.csv
2,78c95835f55c,2025-10-21T15:15:52.768342,shrek3,OGRE,39,True,5fb80f9bc0f3,3.8781840003139214,latency-78c95835f55c.csv
2,78c95835f55c,2025-10-21T15:15:52.880905,grail,king,136,True,5fb80f9bc0f3,2.59327299954748,latency-78c95835f55c.csv
2,78c95835f55c,2025-10-21T15:15:52.987154,shrek,FIONA'S,3,True,5fb80f9bc0f3,4.34253000003082,latency-78c95835f55c.csv
2,78c95835f55c,2025-10-21T15:15:53.095696,grail,the,1600,True,5fb80f9bc0f3,17.80950899956224,latency-78c95835f55c.csv
2,78c95835f55c,2025-10-21T15:15:53.221102,shrek3,Final,119,True,5fb80f9bc0f3,5.711625000003551,latency-78c95835f55c.csv
2,78c95835f55c,2025-10-21T15:15:53.339673,shrek3,CHARMING,232,True,5fb80f9bc0f3,5.656659000123909,latency-78c95835f55c.csv
2,78c95835f55c,2025-10-21T15:15:53.455315,grail,pretty,7,True,5fb80f9bc0f3,3.668585000013991,latency-78c95835f55c.csv
2,78c95835f55c,2025-10-21T15:15:53.563118,shrek3,"Bay""",0,True,5fb80f9bc0f3,4.32478099992295,latency-78c95835f55c.csv
2,78c95835f55c,2025-10-21T15:15:53.670973,shrek3,at,134,True,5fb80f9bc0f3,8.34225000016886,latency-78c95835f55c.csv
2,78c95835f55c,2025-10-21T15:15:53.783556,grail,Bum,13,True,5fb80f9bc0f3,5.539128999771492,latency-78c95835f55c.csv
1,7a3ced64a9b3,2025-10-21T15:15:56.572700,shrek3,its,1,False,5fb80f9bc0f3,16.979052000351658,latency-7a3ced64a9b3.csv
1,7a3ced64a9b3,2025-10-21T15:15:56.695921,shrek3,Gingerbread,37,True,5fb80f9bc0f3,3.74899300004472,latency-7a3ced64a9b3.csv
1,7a3ced64a9b3,2025-10-21T15:15:56.809672,shrek3,SNOW,49,True,5fb80f9bc0f3,65.60924800032808,latency-7a3ced64a9b3.csv
1,7a3ced64a9b3,2025-10-21T15:15:57.005134,grail,pause,10,True,5fb80f9bc0f3,3.1982540003809845,latency-7a3ced64a9b3.csv
1,7a3ced64a9b3,2025-10-21T15:15:57.112532,grail,king,136,True,5fb80f9bc0f3,6.648218000009365,latency-7a3ced64a9b3.csv
1,7a3ced64a9b3,2025-10-21T15:15:57.223495,grail,"Oh,",2,True,5fb80f9bc0f3,4.400488000101177,latency-7a3ced64a9b3.csv
1,7a3ced64a9b3,2025-10-21T15:15:57.332918,shrek3,ARTIE,213,True,5fb80f9bc0f3,3.305742000520695,latency-7a3ced64a9b3.csv
1,7a3ced64a9b3,2025-10-21T15:15:57.440466,grail,dancing,10,True,5fb80f9bc0f3,8.209693000026164,latency-7a3ced64a9b3.csv
1,7a3ced64a9b3,2025-10-21T15:15:57.557110,shrek,trip,1,True,5fb80f9bc0f3,3.3389720001650858,latency-7a3ced64a9b3.csv
1,7a3ced64a9b3,2025-10-21T15:15:57.665161,shrek,No,114,True,5fb80f9bc0f3,2.761833000477054,latency-7a3ced64a9b3.csv
1,7a3ced64a9b3,2025-10-21T15:15:57.771230,shrek,FARQUAAD,84,True,5fb80f9bc0f3,3.205181000339508,latency-7a3ced64a9b3.csv
1,7a3ced64a9b3,2025-10-21T15:15:57.878255,shrek,What,104,True,5fb80f9bc0f3,4.271641999366693,latency-7a3ced64a9b3.csv
1,7a3ced64a9b3,2025-10-21T15:15:57.986601,shrek3,of,275,True,5fb80f9bc0f3,2.6490360005482216,latency-7a3ced64a9b3.csv
1,7a3ced64a9b3,2025-10-21T15:15:58.092868,grail,Eolio,2,True,5fb80f9bc0f3,3.855462000501575,latency-7a3ced64a9b3.csv
1,7a3ced64a9b3,2025-10-21T15:15:58.200722,grail,Jones,7,False,5fb80f9bc0f3,15.422356999806652,latency-7a3ced64a9b3.csv
1,7a3ced64a9b3,2025-10-21T15:15:58.320728,shrek,lay,2,True,5fb80f9bc0f3,4.132890000619227,latency-7a3ced64a9b3.csv
1,7a3ced64a9b3,2025-10-21T15:15:58.430271,shrek3,the,1285,True,5fb80f9bc0f3,3.2126900005096104,latency-7a3ced64a9b3.csv
1,7a3ced64a9b3,2025-10-21T15:15:58.537161,grail,upon,13,True,5fb80f9bc0f3,3.109123000285763,latency-7a3ced64a9b3.csv
1,7a3ced64a9b3,2025-10-21T15:15:58.644328,grail,"Oh,",2,True,5fb80f9bc0f3,4.876862999481091,latency-7a3ced64a9b3.csv
1,7a3ced64a9b3,2025-10-21T15:15:58.754457,shrek3,still,18,True,5fb80f9bc0f3,3.8402270001824954,latency-7a3ced64a9b3.csv
2,7a3ced64a9b3,2025-10-21T15:15:58.861840,shrek3,its,1,True,5fb80f9bc0f3,2.946430000520195,latency-7a3ced64a9b3.csv
2,7a3ced64a9b3,2025-10-21T15:15:58.968015,shrek3,Gingerbread,37,True,5fb80f9bc0f3,3.788690999499522,latency-7a3ced64a9b3.csv
2,7a3ced64a9b3,2025-10-21T15:15:59.075732,shrek3,SNOW,49,True,5fb80f9bc0f3,4.369821000182128,latency-7a3ced64a9b3.csv
2,7a3ced64a9b3,2025-10-21T15:15:59.184206,grail,pause,10,True,5fb80f9bc0f3,3.2162919997063,latency-7a3ced64a9b3.csv
2,7a3ced64a9b3,2025-10-21T15:15:59.290659,grail,king,136,True,5fb80f9bc0f3,3.3351989995935583,latency-7a3ced64a9b3.csv
2,7a3ced64a9b3,2025-10-21T15:15:59.397469,grail,"Oh,",2,True,5fb80f9bc0f3,5.4516400005013566,latency-7a3ced64a9b3.csv
2,7a3ced64a9b3,2025-10-21T15:15:59.507474,shrek3,ARTIE,213,True,5fb80f9bc0f3,3.388909000022977,latency-7a3ced64a9b3.csv
2,7a3ced64a9b3,2025-10-21T15:15:59.614404,grail,dancing,10,True,5fb80f9bc0f3,3.135108000606124,latency-7a3ced64a9b3.csv
2,7a3ced64a9b3,2025-10-21T15:15:59.721768,shrek,trip,1,True,5fb80f9bc0f3,4.441962000782951,latency-7a3ced64a9b3.csv
2,7a3ced64a9b3,2025-10-21T15:15:59.831290,shrek,No,114,True,5fb80f9bc0f3,3.6679199993159273,latency-7a3ced64a9b3.csv
2,7a3ced64a9b3,2025-10-21T15:15:59.939163,shrek,FARQUAAD,84,True,5fb80f9bc0f3,4.834839999602991,latency-7a3ced64a9b3.csv
2,7a3ced64a9b3,2025-10-21T15:16:00.053881,shrek,What,104,True,5fb80f9bc0f3,2.4996160000227974,latency-7a3ced64a9b3.csv
2,7a3ced64a9b3,2025-10-21T15:16:00.160750,shrek3,of,275,True,5fb80f9bc0f3,3.94446100017376,latency-7a3ced64a9b3.csv
2,7a3ced64a9b3,2025-10-21T15:16:00.269661,grail,Eolio,2,True,5fb80f9bc0f3,2.6865509998970083,latency-7a3ced64a9b3.csv
2,7a3ced64a9b3,2025-10-21T15:16:00.376236,grail,Jones,7,True,5fb80f9bc0f3,2.6933950002785423,latency-7a3ced64a9b3.csv
2,7a3ced64a9b3,2025-10-21T15:16:00.482946,shrek,lay,2,True,5fb80f9bc0f3,8.216891000301985,latency-7a3ced64a9b3.csv
2,7a3ced64a9b3,2025-10-21T15:16:00.596575,shrek3,the,1285,True,5fb80f9bc0f3,4.51713100028428,latency-7a3ced64a9b3.csv
2,7a3ced64a9b3,2025-10-21T15:16:00.706201,grail,upon,13,True,5fb80f9bc0f3,12.217323000186298,latency-7a3ced64a9b3.csv
2,7a3ced64a9b3,2025-10-21T15:16:00.826536,grail,"Oh,",2,True,5fb80f9bc0f3,11.83656300054281,latency-7a3ced64a9b3.csv
2,7a3ced64a9b3,2025-10-21T15:16:00.944476,shrek3,still,18,True,5fb80f9bc0f3,8.074133000263828,latency-7a3ced64a9b3.csv
1,7b1de33b7e09,2025-10-21T15:16:06.015181,shrek3,reason,2,True,5fb80f9bc0f3,4.613790999428602,latency-7b1de33b7e09.csv
1,7b1de33b7e09,2025-10-21T15:16:06.124631,shrek,(standing,0,True,5fb80f9bc0f3,3.8481960000353865,latency-7b1de33b7e09.csv
1,7b1de33b7e09,2025-10-21T15:16:06.233077,grail,GALAHAD,87,True,5fb80f9bc0f3,5.10054799997306,latency-7b1de33b7e09.csv
1,7b1de33b7e09,2025-10-21T15:16:06.343680,shrek,to,268,True,5fb80f9bc0f3,4.968559000189998,latency-7b1de33b7e09.csv
1,7b1de33b7e09,2025-10-21T15:16:06.453401,shrek3,the,1285,True,5fb80f9bc0f3,4.003758000180824,latency-7b1de33b7e09.csv
1,7b1de33b7e09,2025-10-21T15:16:06.561680,shrek3,get,39,True,5fb80f9bc0f3,3.3065879997593584,latency-7b1de33b7e09.csv
1,7b1de33b7e09,2025-10-21T15:16:06.668633,grail,sell,1,True,5fb80f9bc0f3,3.72350700035895,latency-7b1de33b7e09.csv
1,7b1de33b7e09,2025-10-21T15:16:06.776548,shrek,DONKEY,320,True,5fb80f9bc0f3,4.2566359998090775,latency-7b1de33b7e09.csv
1,7b1de33b7e09,2025-10-21T15:16:06.885458,shrek,whistles,2,True,5fb80f9bc0f3,3.515446000164957,latency-7b1de33b7e09.csv
1,7b1de33b7e09,2025-10-21T15:16:06.992769,shrek3,showing,1,True,5fb80f9bc0f3,4.357223999249982,latency-7b1de33b7e09.csv
1,7b1de33b7e09,2025-10-21T15:16:07.100889,grail,sell,1,True,5fb80f9bc0f3,4.922317999444204,latency-7b1de33b7e09.csv
1,7b1de33b7e09,2025-10-21T15:16:07.210222,shrek,FARQUAAD,84,True,5fb80f9bc0f3,3.0843109998386358,latency-7b1de33b7e09.csv
1,7b1de33b7e09,2025-10-21T15:16:07.316915,shrek3,get,39,True,5fb80f9bc0f3,3.983372000220698,latency-7b1de33b7e09.csv
1,7b1de33b7e09,2025-10-21T15:16:07.425709,shrek3,did,14,True,5fb80f9bc0f3,4.187726000054681,latency-7b1de33b7e09.csv
1,7b1de33b7e09,2025-10-21T15:16:07.533949,shrek3,CAPTAIN,41,True,5fb80f9bc0f3,4.062422999595583,latency-7b1de33b7e09.csv
1,7b1de33b7e09,2025-10-21T15:16:07.641933,grail,the,1600,True,5fb80f9bc0f3,2.764512000794639,latency-7b1de33b7e09.csv
1,7b1de33b7e09,2025-10-21T15:16:07.747987,shrek,placed,1,True,5fb80f9bc0f3,2.845428999535216,latency-7b1de33b7e09.csv
1,7b1de33b7e09,2025-10-21T15:16:07.855594,grail,Guard,106,True,5fb80f9bc0f3,29.272292000314337,latency-7b1de33b7e09.csv
1,7b1de33b7e09,2025-10-21T15:16:07.995972,grail,are,114,True,5fb80f9bc0f3,5.630710999867006,latency-7b1de33b7e09.csv
1,7b1de33b7e09,2025-10-21T15:16:08.109011,grail,to,718,True,5fb80f9bc0f3,6.7425110000840505,latency-7b1de33b7e09.csv
2,7b1de33b7e09,2025-10-21T15:16:08.222757,shrek3,reason,2,True,5fb80f9bc0f3,2.700905999518,latency-7b1de33b7e09.csv
2,7b1de33b7e09,2025-10-21T15:16:08.329756,shrek,(standing,0,True,5fb80f9bc0f3,2.612423999380553,latency-7b1de33b7e09.csv
2,7b1de33b7e09,2025-10-21T15:16:08.436583,grail,GALAHAD,87,True,5fb80f9bc0f3,3.2197130003623897,latency-7b1de33b7e09.csv
2,7b1de33b7e09,2025-10-21T15:16:08.544471,shrek,to,268,True,5fb80f9bc0f3,2.955994999865652,latency-7b1de33b7e09.csv
2,7b1de33b7e09,2025-10-21T15:16:08.652439,shrek3,the,1285,True,5fb80f9bc0f3,4.556287000013981,latency-7b1de33b7e09.csv
2,7b1de33b7e09,2025-10-21T15:16:08.761889,shrek3,get,39,True,5fb80f9bc0f3,2.812696000546566,latency-7b1de33b7e09.csv
2,7b1de33b7e09,2025-10-21T15:16:08.868583,grail,sell,1,True,5fb80f9bc0f3,3.4245480001118267,latency-7b1de33b7e09.csv
2,7b1de33b7e09,2025-10-21T15:16:08.977118,shrek,DONKEY,320,True,5fb80f9bc0f3,2.3639900000489438,latency-7b1de33b7e09.csv
2,7b1de33b7e09,2025-10-21T15:16:09.082208,shrek,whistles,2,True,5fb80f9bc0f3,3.0850650000502355,latency-7b1de33b7e09.csv
2,7b1de33b7e09,2025-10-21T15:16:09.188744,shrek3,showing,1,True,5fb80f9bc0f3,3.132531000119343,latency-7b1de33b7e09.csv
2,7b1de33b7e09,2025-10-21T15:16:09.295323,grail,sell,1,True,5fb80f9bc0f3,3.0177309999999125,latency-7b1de33b7e09.csv
2,7b1de33b7e09,2025-10-21T15:16:09.401682,shrek,FARQUAAD,84,True,5fb80f9bc0f3,2.578951000032248,latency-7b1de33b7e09.csv
2,7b1de33b7e09,2025-10-21T15:16:09.507223,shrek3,get,39,True,5fb80f9bc0f3,2.3452030000044037,latency-7b1de33b7e09.csv
2,7b1de33b7e09,2025-10-21T15:16:09.612415,shrek3,did,14,True,5fb80f9bc0f3,2.8824259998145862,latency-7b1de33b7e09.csv
2,7b1de33b7e09,2025-10-21T15:16:09.719603,shrek3,CAPTAIN,41,True,5fb80f9bc0f3,3.86800299929746,latency-7b1de33b7e09.csv
2,7b1de33b7e09,2025-10-21T15:16:09.827748,grail,the,1600,True,5fb80f9bc0f3,2.429492999908689,latency-7b1de33b7e09.csv
2,7b1de33b7e09,2025-10-21T15:16:09.933098,shrek,placed,1,True,5fb80f9bc0f3,3.091809000579815,latency-7b1de33b7e09.csv
2,7b1de33b7e09,2025-10-21T15:16:10.042682,grail,Guard,106,True,5fb80f9bc0f3,3.364523000527697,latency-7b1de33b7e09.csv
2,7b1de33b7e09,2025-10-21T15:16:10.149635,grail,are,114,True,5fb80f9bc0f3,2.9312260003280244,latency-7b1de33b7e09.csv
2,7b1de33b7e09,2025-10-21T15:16:10.255464,grail,to,718,True,5fb80f9bc0f3,4.097135999472812,latency-7b1de33b7e09.csv
1,7f7ee98ecf0c,2025-10-21T15:16:21.271892,grail,I,298,True,5fb80f9bc0f3,3.446843000347144,latency-7f7ee98ecf0c.csv
1,7f7ee98ecf0c,2025-10-21T15:16:21.379164,shrek,old,10,True,5fb80f9bc0f3,8.489736000228731,latency-7f7ee98ecf0c.csv
1,7f7ee98ecf0c,2025-10-21T15:16:21.491770,shrek3,get,39,True,5fb80f9bc0f3,3.3682080002108705,latency-7f7ee98ecf0c.csv
1,7f7ee98ecf0c,2025-10-21T15:16:21.598393,shrek3,Im,1,True,5fb80f9bc0f3,3.166163000059896,latency-7f7ee98ecf0c.csv
1,7f7ee98ecf0c,2025-10-21T15:16:21.705490,shrek,I,386,True,5fb80f9bc0f3,7.00153500019951,latency-7f7ee98ecf0c.csv
1,7f7ee98ecf0c,2025-10-21T15:16:21.817777,shrek3,get,39,True,5fb80f9bc0f3,7.391615999949863,latency-7f7ee98ecf0c.csv
1,7f7ee98ecf0c,2025-10-21T15:16:21.933191,shrek,your,49,True,5fb80f9bc0f3,3.4847119995902176,latency-7f7ee98ecf0c.csv
1,7f7ee98ecf0c,2025-10-21T15:16:22.042328,shrek,our,11,True,5fb80f9bc0f3,6.936492000022554,latency-7f7ee98ecf0c.csv
1,7f7ee98ecf0c,2025-10-21T15:16:22.155166,grail,music,21,True,5fb80f9bc0f3,6.386999999449472,latency-7f7ee98ecf0c.csv
1,7f7ee98ecf0c,2025-10-21T15:16:22.270162,shrek3,DWARF,10,True,5fb80f9bc0f3,7.073088999277388,latency-7f7ee98ecf0c.csv
1,7f7ee98ecf0c,2025-10-21T15:16:22.383374,shrek3,"Suddenly,",0,True,5fb80f9bc0f3,4.448959000001196,latency-7f7ee98ecf0c.csv
1,7f7ee98ecf0c,2025-10-21T15:16:22.493007,shrek,rising,1,True,5fb80f9bc0f3,6.80783200004953,latency-7f7ee98ecf0c.csv
1,7f7ee98ecf0c,2025-10-21T15:16:22.608603,shrek3,Uh,18,True,5fb80f9bc0f3,3.888055999595963,latency-7f7ee98ecf0c.csv
1,7f7ee98ecf0c,2025-10-21T15:16:22.717687,grail,LANCELOT,59,True,5fb80f9bc0f3,2.9401250003502355,latency-7f7ee98ecf0c.csv
1,7f7ee98ecf0c,2025-10-21T15:16:22.824485,shrek3,the,1285,True,5fb80f9bc0f3,3.632863000348152,latency-7f7ee98ecf0c.csv
1,7f7ee98ecf0c,2025-10-21T15:16:22.932732,shrek,DONKEY,320,True,5fb80f9bc0f3,25.05980299974908,latency-7f7ee98ecf0c.csv
1,7f7ee98ecf0c,2025-10-21T15:16:23.078241,shrek,its,1,True,5fb80f9bc0f3,2.849444999810657,latency-7f7ee98ecf0c.csv
1,7f7ee98ecf0c,2025-10-21T15:16:23.185014,shrek,trip,1,True,5fb80f9bc0f3,8.487322999826574,latency-7f7ee98ecf0c.csv
1,7f7ee98ecf0c,2025-10-21T15:16:23.300130,shrek,trip,1,True,5fb80f9bc0f3,4.661381999540026,latency-7f7ee98ecf0c.csv
1,7f7ee98ecf0c,2025-10-21T15:16:23.408673,shrek,will,16,True,5fb80f9bc0f3,3.190775999428297,latency-7f7ee98ecf0c.csv
2,7f7ee98ecf0c,2025-10-21T15:16:23.515580,grail,I,298,True,5fb80f9bc0f3,4.561701000056928,latency-7f7ee98ecf0c.csv
2,7f7ee98ecf0c,2025-10-21T15:16:23.624417,shrek,old,10,True,5fb80f9bc0f3,8.160560000760597,latency-7f7ee98ecf0c.csv
2,7f7ee98ecf0c,2025-10-21T15:16:23.741325,shrek3,get,39,True,5fb80f9bc0f3,4.604964999998629,latency-7f7ee98ecf0c.csv
2,7f7ee98ecf0c,2025-10-21T15:16:23.850390,shrek3,Im,1,True,5fb80f9bc0f3,4.747150999719452,latency-7f7ee98ecf0c.csv
2,7f7ee98ecf0c,2025-10-21T15:16:23.959880,shrek,I,386,True,5fb80f9bc0f3,15.195474000393006,latency-7f7ee98ecf0c.csv
2,7f7ee98ecf0c,2025-10-21T15:16:24.087255,shrek3,get,39,True,5fb80f9bc0f3,4.541370999504579,latency-7f7ee98ecf0c.csv
2,7f7ee98ecf0c,2025-10-21T15:16:24.199037,shrek,your,49,True,5fb80f9bc0f3,6.6436009992685285,latency-7f7ee98ecf0c.csv
2,7f7ee98ecf0c,2025-10-21T15:16:24.310396,shrek,our,11,True,5fb80f9bc0f3,3.085899999859976,latency-7f7ee98ecf0c.csv
2,7f7ee98ecf0c,2025-10-21T15:16:24.418283,grail,music,21,True,5fb80f9bc0f3,8.181991999663296,latency-7f7ee98ecf0c.csv
2,7f7ee98ecf0c,2025-10-21T15:16:24.530394,shrek3,DWARF,10,True,5fb80f9bc0f3,3.727591999449942,latency-7f7ee98ecf0c.csv
2,7f7ee98ecf0c,2025-10-21T15:16:24.638134,shrek3,"Suddenly,",0,True,5fb80f9bc0f3,4.586650000419468,latency-7f7ee98ecf0c.csv
2,7f7ee98ecf0c,2025-10-21T15:16:24.746905,shrek,rising,1,True,5fb80f9bc0f3,2.695439000490296,latency-7f7ee98ecf0c.csv
2,7f7ee98ecf0c,2025-10-21T15:16:24.856208,shrek3,Uh,18,True,5fb80f9bc0f3,5.500720999407349,latency-7f7ee98ecf0c.csv
2,7f7ee98ecf0c,2025-10-21T15:16:24.968910,grail,LANCELOT,59,True,5fb80f9bc0f3,3.162228000292089,latency-7f7ee98ecf0c.csv
2,7f7ee98ecf0c,2025-10-21T15:16:25.077926,shrek3,the,1285,True,5fb80f9bc0f3,5.113807000270754,latency-7f7ee98ecf0c.csv
2,7f7ee98ecf0c,2025-10-21T15:16:25.189287,shrek,DONKEY,320,True,5fb80f9bc0f3,4.599699000209512,latency-7f7ee98ecf0c.csv
2,7f7ee98ecf0c,2025-10-21T15:16:25.300162,shrek,its,1,True,5fb80f9bc0f3,4.266312999789079,latency-7f7ee98ecf0c.csv
2,7f7ee98ecf0c,2025-10-21T15:16:25.410665,shrek,trip,1,True,5fb80f9bc0f3,6.214579000697995,latency-7f7ee98ecf0c.csv
2,7f7ee98ecf0c,2025-10-21T15:16:25.525960,shrek,trip,1,True,5fb80f9bc0f3,8.11042199984513,latency-7f7ee98ecf0c.csv
2,7f7ee98ecf0c,2025-10-21T15:16:25.643767,shrek,will,16,True,5fb80f9bc0f3,7.488799999919138,latency-7f7ee98ecf0c.csv
1,7f9bc77a7b2a,2025-10-21T15:15:55.717136,shrek3,PUSS,196,True,5fb80f9bc0f3,13.222628999756123,latency-7f9bc77a7b2a.csv
1,7f9bc77a7b2a,2025-10-21T15:15:55.839341,shrek3,supposed,11,True,5fb80f9bc0f3,5.13071699970169,latency-7f9bc77a7b2a.csv
1,7f9bc77a7b2a,2025-10-21T15:15:55.951889,shrek,our,11,True,5fb80f9bc0f3,8.381939999708266,latency-7f9bc77a7b2a.csv
1,7f9bc77a7b2a,2025-10-21T15:15:56.070616,grail,witch,30,True,5fb80f9bc0f3,3.454899000644218,latency-7f9bc77a7b2a.csv
1,7f9bc77a7b2a,2025-10-21T15:15:56.179509,grail,the,1600,True,5fb80f9bc0f3,2.8235259997018147,latency-7f9bc77a7b2a.csv
1,7f9bc77a7b2a,2025-10-21T15:15:56.286666,shrek3,bed,10,True,5fb80f9bc0f3,14.994522000051802,latency-7f9bc77a7b2a.csv
1,7f9bc77a7b2a,2025-10-21T15:15:56.408179,grail,Butts,2,True,5fb80f9bc0f3,14.27762699950108,latency-7f9bc77a7b2a.csv
1,7f9bc77a7b2a,2025-10-21T15:15:56.533807,grail,To,718,True,5fb80f9bc0f3,6.832067000686948,latency-7f9bc77a7b2a.csv
1,7f9bc77a7b2a,2025-10-21T15:15:56.651743,shrek,tell,25,True,5fb80f9bc0f3,2.9670490002899896,latency-7f9bc77a7b2a.csv
1,7f9bc77a7b2a,2025-10-21T15:15:56.762470,shrek,fair,2,True,5fb80f9bc0f3,6.51313299931644,latency-7f9bc77a7b2a.csv
1,7f9bc77a7b2a,2025-10-21T15:15:56.880141,shrek,INSIDE,16,True,5fb80f9bc0f3,25.8400390002862,latency-7f9bc77a7b2a.csv
1,7f9bc77a7b2a,2025-10-21T15:15:57.014096,shrek,HOOD,13,True,5fb80f9bc0f3,13.865532999261632,latency-7f9bc77a7b2a.csv
1,7f9bc77a7b2a,2025-10-21T15:15:57.136265,shrek3,toward,14,True,5fb80f9bc0f3,4.636633000700385,latency-7f9bc77a7b2a.csv
1,7f9bc77a7b2a,2025-10-21T15:15:57.248842,grail,chops,3,True,5fb80f9bc0f3,3.241763999540126,latency-7f9bc77a7b2a.csv
1,7f9bc77a7b2a,2025-10-21T15:15:57.360916,shrek3,PRINCE,207,True,5fb80f9bc0f3,3.5038830001212773,latency-7f9bc77a7b2a.csv
1,7f9bc77a7b2a,2025-10-21T15:15:57.467887,shrek,and,318,True,5fb80f9bc0f3,4.089357000339078,latency-7f9bc77a7b2a.csv
1,7f9bc77a7b2a,2025-10-21T15:15:57.576564,shrek3,WHITE,45,True,5fb80f9bc0f3,5.863059999683173,latency-7f9bc77a7b2a.csv
1,7f9bc77a7b2a,2025-10-21T15:15:57.690967,grail,on,139,True,5fb80f9bc0f3,4.262622999704036,latency-7f9bc77a7b2a.csv
1,7f9bc77a7b2a,2025-10-21T15:15:57.799313,shrek,after,10,True,5fb80f9bc0f3,3.696571000546101,latency-7f9bc77a7b2a.csv
1,7f9bc77a7b2a,2025-10-21T15:15:57.907172,shrek3,its,1,True,5fb80f9bc0f3,11.333604999890667,latency-7f9bc77a7b2a.csv
2,7f9bc77a7b2a,2025-10-21T15:15:58.025075,shrek3,PUSS,196,True,5fb80f9bc0f3,7.2462320003978675,latency-7f9bc77a7b2a.csv
2,7f9bc77a7b2a,2025-10-21T15:15:58.142044,shrek3,supposed,11,True,5fb80f9bc0f3,3.9762890000929474,latency-7f9bc77a7b2a.csv
2,7f9bc77a7b2a,2025-10-21T15:15:58.249821,shrek,our,11,True,5fb80f9bc0f3,4.203958000289276,latency-7f9bc77a7b2a.csv
2,7f9bc77a7b2a,2025-10-21T15:15:58.358577,grail,witch,30,True,5fb80f9bc0f3,3.988116000073205,latency-7f9bc77a7b2a.csv
2,7f9bc77a7b2a,2025-10-21T15:15:58.467105,grail,the,1600,True,5fb80f9bc0f3,3.2798559996081167,latency-7f9bc77a7b2a.csv
2,7f9bc77a7b2a,2025-10-21T15:15:58.574006,shrek3,bed,10,True,5fb80f9bc0f3,3.137839000373788,latency-7f9bc77a7b2a.csv
2,7f9bc77a7b2a,2025-10-21T15:15:58.681429,grail,Butts,2,True,5fb80f9bc0f3,4.382486000395147,latency-7f9bc77a7b2a.csv
2,7f9bc77a7b2a,2025-10-21T15:15:58.790161,grail,To,718,True,5fb80f9bc0f3,3.272206000474398,latency-7f9bc77a7b2a.csv
2,7f9bc77a7b2a,2025-10-21T15:15:58.897444,shrek,tell,25,True,5fb80f9bc0f3,3.3555939999132534,latency-7f9bc77a7b2a.csv
2,7f9bc77a7b2a,2025-10-21T15:15:59.004096,shrek,fair,2,True,5fb80f9bc0f3,3.87086599948816,latency-7f9bc77a7b2a.csv
2,7f9bc77a7b2a,2025-10-21T15:15:59.112295,shrek,INSIDE,16,True,5fb80f9bc0f3,3.5181619996365043,latency-7f9bc77a7b2a.csv
2,7f9bc77a7b2a,2025-10-21T15:15:59.220020,shrek,HOOD,13,True,5fb80f9bc0f3,5.277064999972936,latency-7f9bc77a7b2a.csv
2,7f9bc77a7b2a,2025-10-21T15:15:59.331730,shrek3,toward,14,True,5fb80f9bc0f3,3.7775959999635234,latency-7f9bc77a7b2a.csv
2,7f9bc77a7b2a,2025-10-21T15:15:59.440293,grail,chops,3,True,5fb80f9bc0f3,3.102408999438921,latency-7f9bc77a7b2a.csv
2,7f9bc77a7b2a,2025-10-21T15:15:59.548068,shrek3,PRINCE,207,True,5fb80f9bc0f3,3.1436050003321725,latency-7f9bc77a7b2a.csv
2,7f9bc77a7b2a,2025-10-21T15:15:59.656064,shrek,and,318,True,5fb80f9bc0f3,2.518081999369315,latency-7f9bc77a7b2a.csv
2,7f9bc77a7b2a,2025-10-21T15:15:59.762280,shrek3,WHITE,45,True,5fb80f9bc0f3,3.1845739995333133,latency-7f9bc77a7b2a.csv
2,7f9bc77a7b2a,2025-10-21T15:15:59.870652,grail,on,139,True,5fb80f9bc0f3,2.846862999831501,latency-7f9bc77a7b2a.csv
2,7f9bc77a7b2a,2025-10-21T15:15:59.977575,shrek,after,10,True,5fb80f9bc0f3,3.470012000434508,latency-7f9bc77a7b2a.csv
2,7f9bc77a7b2a,2025-10-21T15:16:00.086091,shrek3,its,1,True,5fb80f9bc0f3,8.314919000440568,latency-7f9bc77a7b2a.csv
1,87e928552ab9,2025-10-21T15:16:01.918731,shrek3,WHITE,45,True,5fb80f9bc0f3,3.477418000329635,latency-87e928552ab9.csv
1,87e928552ab9,2025-10-21T15:16:02.025991,shrek3,SHOUTING),0,True,5fb80f9bc0f3,2.57304499973543,latency-87e928552ab9.csv
1,87e928552ab9,2025-10-21T15:16:02.131754,shrek3,boomerang,1,True,5fb80f9bc0f3,6.593217999579792,latency-87e928552ab9.csv
1,87e928552ab9,2025-10-21T15:16:02.243184,shrek,FIONA,211,True,5fb80f9bc0f3,4.547821000414842,latency-87e928552ab9.csv
1,87e928552ab9,2025-10-21T15:16:02.351490,shrek3,SHOUTING),0,True,5fb80f9bc0f3,4.575904999910563,latency-87e928552ab9.csv
1,87e928552ab9,2025-10-21T15:16:02.461535,grail,"Oh,",2,True,5fb80f9bc0f3,7.493076999708137,latency-87e928552ab9.csv
1,87e928552ab9,2025-10-21T15:16:02.574164,shrek3,us,12,True,5fb80f9bc0f3,5.7349669996256125,latency-87e928552ab9.csv
1,87e928552ab9,2025-10-21T15:16:02.683831,shrek3,toward,14,True,5fb80f9bc0f3,5.436487000224588,latency-87e928552ab9.csv
1,87e928552ab9,2025-10-21T15:16:02.792874,shrek,swamp,18,True,5fb80f9bc0f3,3.861187000438804,latency-87e928552ab9.csv
1,87e928552ab9,2025-10-21T15:16:02.900552,shrek3,SHREK,678,True,5fb80f9bc0f3,16.973783999674197,latency-87e928552ab9.csv
1,87e928552ab9,2025-10-21T15:16:03.028275,grail,to,718,True,5fb80f9bc0f3,9.30192200030433,latency-87e928552ab9.csv
1,87e928552ab9,2025-10-21T15:16:03.144524,shrek,GUARD,25,True,5fb80f9bc0f3,20.37167100024817,latency-87e928552ab9.csv
1,87e928552ab9,2025-10-21T15:16:03.289721,shrek,DONKEY,320,True,5fb80f9bc0f3,2.761818000180938,latency-87e928552ab9.csv
1,87e928552ab9,2025-10-21T15:16:03.395808,shrek,Is,132,True,5fb80f9bc0f3,3.164323999953922,latency-87e928552ab9.csv
1,87e928552ab9,2025-10-21T15:16:03.502828,shrek,SHREK,433,True,5fb80f9bc0f3,3.5415130005276296,latency-87e928552ab9.csv
1,87e928552ab9,2025-10-21T15:16:03.609512,shrek3,BOAT,32,True,5fb80f9bc0f3,4.268084000614181,latency-87e928552ab9.csv
1,87e928552ab9,2025-10-21T15:16:03.719358,grail,king,136,True,5fb80f9bc0f3,4.695415000242065,latency-87e928552ab9.csv
1,87e928552ab9,2025-10-21T15:16:03.827554,shrek,at,62,True,5fb80f9bc0f3,3.815238000242971,latency-87e928552ab9.csv
1,87e928552ab9,2025-10-21T15:16:03.935013,shrek3,get,39,True,5fb80f9bc0f3,11.587441000301624,latency-87e928552ab9.csv
1,87e928552ab9,2025-10-21T15:16:04.055336,shrek,trip,1,True,5fb80f9bc0f3,7.96217799961596,latency-87e928552ab9.csv
2,87e928552ab9,2025-10-21T15:16:04.169958,shrek3,WHITE,45,True,5fb80f9bc0f3,5.790051000076346,latency-87e928552ab9.csv
2,87e928552ab9,2025-10-21T15:16:04.279396,shrek3,SHOUTING),0,True,5fb80f9bc0f3,5.392300000494288,latency-87e928552ab9.csv
2,87e928552ab9,2025-10-21T15:16:04.390571,shrek3,boomerang,1,True,5fb80f9bc0f3,4.64914799977123,latency-87e928552ab9.csv
2,87e928552ab9,2025-10-21T15:16:04.502983,shrek,FIONA,211,True,5fb80f9bc0f3,5.871296999430342,latency-87e928552ab9.csv
2,87e928552ab9,2025-10-21T15:16:04.617049,shrek3,SHOUTING),0,True,5fb80f9bc0f3,4.586050000398245,latency-87e928552ab9.csv
2,87e928552ab9,2025-10-21T15:16:04.724772,grail,"Oh,",2,True,5fb80f9bc0f3,5.513265999979922,latency-87e928552ab9.csv
2,87e928552ab9,2025-10-21T15:16:04.834346,shrek3,us,12,True,5fb80f9bc0f3,4.063662000589829,latency-87e928552ab9.csv
2,87e928552ab9,2025-10-21T15:16:04.942734,shrek3,toward,14,True,5fb80f9bc0f3,3.5509170002114843,latency-87e928552ab9.csv
2,87e928552ab9,2025-10-21T15:16:05.050460,shrek,swamp,18,True,5fb80f9bc0f3,7.794496000315121,latency-87e928552ab9.csv
2,87e928552ab9,2025-10-21T15:16:05.162993,shrek3,SHREK,678,True,5fb80f9bc0f3,6.565693999618816,latency-87e928552ab9.csv
2,87e928552ab9,2025-10-21T15:16:05.274404,grail,to,718,True,5fb80f9bc0f3,4.306728999836196,latency-87e928552ab9.csv
2,87e928552ab9,2025-10-21T15:16:05.382615,shrek,GUARD,25,True,5fb80f9bc0f3,4.56409700018412,latency-87e928552ab9.csv
2,87e928552ab9,2025-10-21T15:16:05.492231,shrek,DONKEY,320,True,5fb80f9bc0f3,6.612033999772393,latency-87e928552ab9.csv
2,87e928552ab9,2025-10-21T15:16:05.603719,shrek,Is,132,True,5fb80f9bc0f3,3.675523999845609,latency-87e928552ab9.csv
2,87e928552ab9,2025-10-21T15:16:05.711305,shrek,SHREK,433,True,5fb80f9bc0f3,5.0495920004323125,latency-87e928552ab9.csv
2,87e928552ab9,2025-10-21T15:16:05.820675,shrek3,BOAT,32,True,5fb80f9bc0f3,6.554872999913641,latency-87e928552ab9.csv
2,87e928552ab9,2025-10-21T15:16:05.932775,grail,king,136,True,5fb80f9bc0f3,4.780268999638793,latency-87e928552ab9.csv
2,87e928552ab9,2025-10-21T15:16:06.042523,shrek,at,62,True,5fb80f9bc0f3,3.924141000425152,latency-87e928552ab9.csv
2,87e928552ab9,2025-10-21T15:16:06.150675,shrek3,get,39,True,5fb80f9bc0f3,3.926598000361992,latency-87e928552ab9.csv
2,87e928552ab9,2025-10-21T15:16:06.259738,shrek,trip,1,True,5fb80f9bc0f3,5.93963299979805,latency-87e928552ab9.csv
1,88303b3690b1,2025-10-21T15:15:52.924533,grail,Cleese,10,True,5fb80f9bc0f3,3.0584749993067817,latency-88303b3690b1.csv
1,88303b3690b1,2025-10-21T15:15:53.031441,shrek,at,62,False,5fb80f9bc0f3,12.398099999700207,latency-88303b3690b1.csv
1,88303b3690b1,2025-10-21T15:15:53.147799,shrek,old,10,True,5fb80f9bc0f3,6.351152000206639,latency-88303b3690b1.csv
1,88303b3690b1,2025-10-21T15:15:53.258242,grail,pseudonym,1,True,5fb80f9bc0f3,7.482043999516463,latency-88303b3690b1.csv
1,88303b3690b1,2025-10-21T15:15:53.370008,grail,are,114,True,5fb80f9bc0f3,13.748600000326404,latency-88303b3690b1.csv
1,88303b3690b1,2025-10-21T15:15:53.490725,grail,us,32,False,5fb80f9bc0f3,18.271566999828792,latency-88303b3690b1.csv
1,88303b3690b1,2025-10-21T15:15:53.616759,grail,the,1600,True,5fb80f9bc0f3,15.34825799990358,latency-88303b3690b1.csv
1,88303b3690b1,2025-10-21T15:15:53.755414,shrek,tale,7,True,5fb80f9bc0f3,2.64496300042083,latency-88303b3690b1.csv
1,88303b3690b1,2025-10-21T15:15:53.861301,shrek3,-,110,True,5fb80f9bc0f3,13.134447000084036,latency-88303b3690b1.csv
1,88303b3690b1,2025-10-21T15:15:53.984969,shrek3,BOAT,32,True,5fb80f9bc0f3,6.150494999928924,latency-88303b3690b1.csv
1,88303b3690b1,2025-10-21T15:15:54.097556,shrek3,and,576,True,5fb80f9bc0f3,3.1701930001872825,latency-88303b3690b1.csv
1,88303b3690b1,2025-10-21T15:15:54.204770,grail,To,718,True,5fb80f9bc0f3,3.053661000194552,latency-88303b3690b1.csv
1,88303b3690b1,2025-10-21T15:15:54.310979,shrek3,glass,9,True,5fb80f9bc0f3,2.9180619994804147,latency-88303b3690b1.csv
1,88303b3690b1,2025-10-21T15:15:54.418104,grail,a,666,True,5fb80f9bc0f3,20.49530400017829,latency-88303b3690b1.csv
1,88303b3690b1,2025-10-21T15:15:54.556259,grail,GALAHAD,87,False,5fb80f9bc0f3,9.530303000246931,latency-88303b3690b1.csv
1,88303b3690b1,2025-10-21T15:15:54.673248,grail,Cleese,10,True,5fb80f9bc0f3,2.580633000434318,latency-88303b3690b1.csv
1,88303b3690b1,2025-10-21T15:15:54.779940,shrek,to,268,True,5fb80f9bc0f3,2.859973999875365,latency-88303b3690b1.csv
1,88303b3690b1,2025-10-21T15:15:54.886265,shrek,the,535,True,5fb80f9bc0f3,4.002795999440423,latency-88303b3690b1.csv
1,88303b3690b1,2025-10-21T15:15:54.995002,shrek,INSIDE,16,True,5fb80f9bc0f3,2.6678139993236982,latency-88303b3690b1.csv
1,88303b3690b1,2025-10-21T15:15:55.100807,shrek3,boomerang,1,True,5fb80f9bc0f3,7.132716000342043,latency-88303b3690b1.csv
2,88303b3690b1,2025-10-21T15:15:55.212510,grail,Cleese,10,True,5fb80f9bc0f3,7.823829999324516,latency-88303b3690b1.csv
2,88303b3690b1,2025-10-21T15:15:55.328015,shrek,at,62,True,5fb80f9bc0f3,8.733202999792411,latency-88303b3690b1.csv
2,88303b3690b1,2025-10-21T15:15:55.440915,shrek,old,10,True,5fb80f9bc0f3,10.88429800074664,latency-88303b3690b1.csv
2,88303b3690b1,2025-10-21T15:15:55.561491,grail,pseudonym,1,True,5fb80f9bc0f3,3.4786910000548232,latency-88303b3690b1.csv
2,88303b3690b1,2025-10-21T15:15:55.671787,grail,are,114,True,5fb80f9bc0f3,2.578087000074447,latency-88303b3690b1.csv
2,88303b3690b1,2025-10-21T15:15:55.777542,grail,us,32,True,5fb80f9bc0f3,3.664071000457625,latency-88303b3690b1.csv
2,88303b3690b1,2025-10-21T15:15:55.885284,grail,the,1600,True,5fb80f9bc0f3,3.105106000475644,latency-88303b3690b1.csv
2,88303b3690b1,2025-10-21T15:15:55.992182,shrek,tale,7,True,5fb80f9bc0f3,10.27202600016608,latency-88303b3690b1.csv
2,88303b3690b1,2025-10-21T15:15:56.106629,shrek3,-,110,True,5fb80f9bc0f3,8.664329000566795,latency-88303b3690b1.csv
2,88303b3690b1,2025-10-21T15:15:56.218745,shrek3,BOAT,32,True,5fb80f9bc0f3,5.521461000171257,latency-88303b3690b1.csv
2,88303b3690b1,2025-10-21T15:15:56.332038,shrek3,and,576,True,5fb80f9bc0f3,5.171652000171889,latency-88303b3690b1.csv
2,88303b3690b1,2025-10-21T15:15:56.443140,grail,To,718,True,5fb80f9bc0f3,6.75970900010725,latency-88303b3690b1.csv
2,88303b3690b1,2025-10-21T15:15:56.555667,shrek3,glass,9,True,5fb80f9bc0f3,4.919134999909147,latency-88303b3690b1.csv
2,88303b3690b1,2025-10-21T15:15:56.664928,grail,a,666,True,5fb80f9bc0f3,7.988239999576763,latency-88303b3690b1.csv
2,88303b3690b1,2025-10-21T15:15:56.778470,grail,GALAHAD,87,True,5fb80f9bc0f3,28.389396999955352,latency-88303b3690b1.csv
2,88303b3690b1,2025-10-21T15:15:56.970815,grail,Cleese,10,True,5fb80f9bc0f3,2.885527999751502,latency-88303b3690b1.csv
2,88303b3690b1,2025-10-21T15:15:57.076695,shrek,to,268,True,5fb80f9bc0f3,3.4515329998612287,latency-88303b3690b1.csv
2,88303b3690b1,2025-10-21T15:15:57.183446,shrek,the,535,True,5fb80f9bc0f3,3.3302040001217392,latency-88303b3690b1.csv
2,88303b3690b1,2025-10-21T15:15:57.290508,shrek,INSIDE,16,True,5fb80f9bc0f3,4.41819800016674,latency-88303b3690b1.csv
2,88303b3690b1,2025-10-21T15:15:57.398895,shrek3,boomerang,1,True,5fb80f9bc0f3,7.706320000579581,latency-88303b3690b1.csv
1,88793973dab1,2025-10-21T15:15:48.680445,shrek3,Donkey,243,True,5fb80f9bc0f3,12.45658599964372,latency-88793973dab1.csv
1,88793973dab1,2025-10-21T15:15:48.797962,shrek,this,79,False,5fb80f9bc0f3,11.11440400018182,latency-88793973dab1.csv
1,88793973dab1,2025-10-21T15:15:48.915285,grail,54,2,False,5fb80f9bc0f3,11.883310000484926,latency-88793973dab1.csv
1,88793973dab1,2025-10-21T15:15:49.031451,grail,pretty,7,True,5fb80f9bc0f3,2.4315110003954032,latency-88793973dab1.csv
1,88793973dab1,2025-10-21T15:15:49.136743,shrek,whistles,2,False,5fb80f9bc0f3,11.111742000139202,latency-88793973dab1.csv
1,88793973dab1,2025-10-21T15:15:49.252450,shrek3,and,576,True,5fb80f9bc0f3,3.215084000657953,latency-88793973dab1.csv
1,88793973dab1,2025-10-21T15:15:49.363436,grail,the,1600,True,5fb80f9bc0f3,5.139337999935378,latency-88793973dab1.csv
1,88793973dab1,2025-10-21T15:15:49.485504,shrek,edge,2,False,5fb80f9bc0f3,11.28011300079379,latency-88793973dab1.csv
1,88793973dab1,2025-10-21T15:15:49.603059,grail,the,1600,True,5fb80f9bc0f3,4.832786999941163,latency-88793973dab1.csv
1,88793973dab1,2025-10-21T15:15:49.723250,shrek,I,386,True,5fb80f9bc0f3,4.494007999710448,latency-88793973dab1.csv
1,88793973dab1,2025-10-21T15:15:49.842658,shrek3,DONKEY,243,True,5fb80f9bc0f3,3.753340000002936,latency-88793973dab1.csv
1,88793973dab1,2025-10-21T15:15:49.950603,shrek,DONKEY,320,True,5fb80f9bc0f3,3.828140999758034,latency-88793973dab1.csv
1,88793973dab1,2025-10-21T15:15:50.058173,grail,19Prince,0,True,5fb80f9bc0f3,3.563269999176555,latency-88793973dab1.csv
1,88793973dab1,2025-10-21T15:15:50.165849,shrek3,Whoa,7,False,5fb80f9bc0f3,15.32348799992178,latency-88793973dab1.csv
1,88793973dab1,2025-10-21T15:15:50.296868,shrek,token,1,True,5fb80f9bc0f3,3.404939999199996,latency-88793973dab1.csv
1,88793973dab1,2025-10-21T15:15:50.405556,grail,19Prince,0,True,5fb80f9bc0f3,4.366957999991428,latency-88793973dab1.csv
1,88793973dab1,2025-10-21T15:15:50.514496,shrek3,me,72,True,5fb80f9bc0f3,3.882185000293248,latency-88793973dab1.csv
1,88793973dab1,2025-10-21T15:15:50.622851,shrek,rising,1,False,5fb80f9bc0f3,13.201142000070831,latency-88793973dab1.csv
1,88793973dab1,2025-10-21T15:15:50.740303,shrek,after,10,True,5fb80f9bc0f3,4.269066999768256,latency-88793973dab1.csv
1,88793973dab1,2025-10-21T15:15:50.853640,shrek3,DONKEY,243,True,5fb80f9bc0f3,4.80430100014928,latency-88793973dab1.csv
2,88793973dab1,2025-10-21T15:15:50.964857,shrek3,Donkey,243,True,5fb80f9bc0f3,3.877749000821496,latency-88793973dab1.csv
2,88793973dab1,2025-10-21T15:15:51.074438,shrek,this,79,True,5fb80f9bc0f3,4.455610999684723,latency-88793973dab1.csv
2,88793973dab1,2025-10-21T15:15:51.185633,grail,54,2,True,5fb80f9bc0f3,4.557809000289126,latency-88793973dab1.csv
2,88793973dab1,2025-10-21T15:15:51.294985,grail,pretty,7,True,5fb80f9bc0f3,7.249130000673176,latency-88793973dab1.csv
2,88793973dab1,2025-10-21T15:15:51.408858,shrek,whistles,2,True,5fb80f9bc0f3,7.931290000669833,latency-88793973dab1.csv
2,88793973dab1,2025-10-21T15:15:51.524355,shrek3,and,576,True,5fb80f9bc0f3,45.4051390006498,latency-88793973dab1.csv
2,88793973dab1,2025-10-21T15:15:51.683915,grail,the,1600,True,5fb80f9bc0f3,12.233450999701745,latency-88793973dab1.csv
2,88793973dab1,2025-10-21T15:15:51.808726,shrek,edge,2,True,5fb80f9bc0f3,7.041720000415808,latency-88793973dab1.csv
2,88793973dab1,2025-10-21T15:15:51.931166,grail,the,1600,True,5fb80f9bc0f3,3.644397999778448,latency-88793973dab1.csv
2,88793973dab1,2025-10-21T15:15:52.042571,shrek,I,386,True,5fb80f9bc0f3,3.007404999152641,latency-88793973dab1.csv
2,88793973dab1,2025-10-21T15:15:52.150210,shrek3,DONKEY,243,True,5fb80f9bc0f3,5.03474000015558,latency-88793973dab1.csv
2,88793973dab1,2025-10-21T15:15:52.259530,shrek,DONKEY,320,True,5fb80f9bc0f3,3.395937999812304,latency-88793973dab1.csv
2,88793973dab1,2025-10-21T15:15:52.366845,grail,19Prince,0,True,5fb80f9bc0f3,4.943079999975453,latency-88793973dab1.csv
2,88793973dab1,2025-10-21T15:15:52.475955,shrek3,Whoa,7,True,5fb80f9bc0f3,4.459848999431415,latency-88793973dab1.csv
2,88793973dab1,2025-10-21T15:15:52.584915,shrek,token,1,True,5fb80f9bc0f3,4.059327000504709,latency-88793973dab1.csv
2,88793973dab1,2025-10-21T15:15:52.692663,grail,19Prince,0,True,5fb80f9bc0f3,3.5639370007629623,latency-88793973dab1.csv
2,88793973dab1,2025-10-21T15:15:52.800077,shrek3,me,72,True,5fb80f9bc0f3,4.336719000093581,latency-88793973dab1.csv
2,88793973dab1,2025-10-21T15:15:52.909373,shrek,rising,1,True,5fb80f9bc0f3,4.876856999544543,latency-88793973dab1.csv
2,88793973dab1,2025-10-21T15:15:53.018451,shrek,after,10,True,5fb80f9bc0f3,8.917396000470035,latency-88793973dab1.csv
2,88793973dab1,2025-10-21T15:15:53.136185,shrek3,DONKEY,243,True,5fb80f9bc0f3,9.5856449997882,latency-88793973dab1.csv
1,888f6155f6f5,2025-10-21T15:15:52.643080,shrek,edge,2,True,5fb80f9bc0f3,3.10736099982023,latency-888f6155f6f5.csv
1,888f6155f6f5,2025-10-21T15:15:52.753992,shrek3,the,1285,True,5fb80f9bc0f3,4.600553999807744,latency-888f6155f6f5.csv
1,888f6155f6f5,2025-10-21T15:15:52.862721,shrek3,true,1,True,5fb80f9bc0f3,3.417664999687986,latency-888f6155f6f5.csv
1,888f6155f6f5,2025-10-21T15:15:52.970079,shrek3,ARTIE,213,True,5fb80f9bc0f3,4.308096999920963,latency-888f6155f6f5.csv
1,888f6155f6f5,2025-10-21T15:15:53.078409,shrek3,"meet""",0,False,5fb80f9bc0f3,10.85463300023548,latency-888f6155f6f5.csv
1,888f6155f6f5,2025-10-21T15:15:53.202933,grail,G,6,True,5fb80f9bc0f3,3.063164999730361,latency-888f6155f6f5.csv
1,888f6155f6f5,2025-10-21T15:15:53.309389,grail,dancing,10,True,5fb80f9bc0f3,4.6282570001494605,latency-888f6155f6f5.csv
1,888f6155f6f5,2025-10-21T15:15:53.418212,shrek,edge,2,True,5fb80f9bc0f3,3.532529000040085,latency-888f6155f6f5.csv
1,888f6155f6f5,2025-10-21T15:15:53.525363,shrek,"Well,",0,True,5fb80f9bc0f3,7.656108000446693,latency-888f6155f6f5.csv
1,888f6155f6f5,2025-10-21T15:15:53.640110,shrek3,of,275,True,5fb80f9bc0f3,15.189716000350018,latency-888f6155f6f5.csv
1,888f6155f6f5,2025-10-21T15:15:53.769653,shrek3,an,51,True,5fb80f9bc0f3,5.875449000086519,latency-888f6155f6f5.csv
1,888f6155f6f5,2025-10-21T15:15:53.879995,shrek3,of,275,True,5fb80f9bc0f3,11.100173999693652,latency-888f6155f6f5.csv
1,888f6155f6f5,2025-10-21T15:15:53.997153,shrek3,bed,10,True,5fb80f9bc0f3,12.100531000214689,latency-888f6155f6f5.csv
1,888f6155f6f5,2025-10-21T15:15:54.119610,shrek3,through,43,True,5fb80f9bc0f3,4.298355000173615,latency-888f6155f6f5.csv
1,888f6155f6f5,2025-10-21T15:15:54.229556,grail,singing,33,True,5fb80f9bc0f3,4.168529999333259,latency-888f6155f6f5.csv
1,888f6155f6f5,2025-10-21T15:15:54.337334,shrek3,showing,1,True,5fb80f9bc0f3,3.812866999396647,latency-888f6155f6f5.csv
1,888f6155f6f5,2025-10-21T15:15:54.446119,shrek,"Ha,",0,True,5fb80f9bc0f3,13.576565999755983,latency-888f6155f6f5.csv
1,888f6155f6f5,2025-10-21T15:15:54.566722,shrek3,body),0,True,5fb80f9bc0f3,10.399664999567904,latency-888f6155f6f5.csv
1,888f6155f6f5,2025-10-21T15:15:54.682179,grail,Butts,2,True,5fb80f9bc0f3,10.887024000112431,latency-888f6155f6f5.csv
1,888f6155f6f5,2025-10-21T15:15:54.805977,shrek3,Arg,1,True,5fb80f9bc0f3,3.011363000041456,latency-888f6155f6f5.csv
2,888f6155f6f5,2025-10-21T15:15:54.913787,shrek,edge,2,True,5fb80f9bc0f3,5.3038710002510925,latency-888f6155f6f5.csv
2,888f6155f6f5,2025-10-21T15:15:55.022873,shrek3,the,1285,True,5fb80f9bc0f3,3.2788809994599437,latency-888f6155f6f5.csv
2,888f6155f6f5,2025-10-21T15:15:55.130116,shrek3,true,1,True,5fb80f9bc0f3,5.838636000589759,latency-888f6155f6f5.csv
2,888f6155f6f5,2025-10-21T15:15:55.239992,shrek3,ARTIE,213,True,5fb80f9bc0f3,4.109174999939569,latency-888f6155f6f5.csv
2,888f6155f6f5,2025-10-21T15:15:55.348352,shrek3,"meet""",0,True,5fb80f9bc0f3,4.237997000018368,latency-888f6155f6f5.csv
2,888f6155f6f5,2025-10-21T15:15:55.456092,grail,G,6,True,5fb80f9bc0f3,11.504393999530294,latency-888f6155f6f5.csv
2,888f6155f6f5,2025-10-21T15:15:55.573765,grail,dancing,10,True,5fb80f9bc0f3,6.651642999713658,latency-888f6155f6f5.csv
2,888f6155f6f5,2025-10-21T15:15:55.687616,shrek,edge,2,True,5fb80f9bc0f3,8.161322999512777,latency-888f6155f6f5.csv
2,888f6155f6f5,2025-10-21T15:15:55.801045,shrek,"Well,",0,True,5fb80f9bc0f3,9.553272000630386,latency-888f6155f6f5.csv
2,888f6155f6f5,2025-10-21T15:15:55.918388,shrek3,of,275,True,5fb80f9bc0f3,12.239642999702482,latency-888f6155f6f5.csv
2,888f6155f6f5,2025-10-21T15:15:56.044221,shrek3,an,51,True,5fb80f9bc0f3,6.790314000681974,latency-888f6155f6f5.csv
2,888f6155f6f5,2025-10-21T15:15:56.154468,shrek3,of,275,True,5fb80f9bc0f3,4.5428869998431765,latency-888f6155f6f5.csv
2,888f6155f6f5,2025-10-21T15:15:56.264716,shrek3,bed,10,True,5fb80f9bc0f3,19.931306000216864,latency-888f6155f6f5.csv
2,888f6155f6f5,2025-10-21T15:15:56.396985,shrek3,through,43,True,5fb80f9bc0f3,7.6389609994294,latency-888f6155f6f5.csv
2,888f6155f6f5,2025-10-21T15:15:56.522627,grail,singing,33,True,5fb80f9bc0f3,3.557252999598859,latency-888f6155f6f5.csv
2,888f6155f6f5,2025-10-21T15:15:56.629943,shrek3,showing,1,True,5fb80f9bc0f3,3.9109580002332223,latency-888f6155f6f5.csv
2,888f6155f6f5,2025-10-21T15:15:56.737336,shrek,"Ha,",0,True,5fb80f9bc0f3,6.00344899976335,latency-888f6155f6f5.csv
2,888f6155f6f5,2025-10-21T15:15:56.847501,shrek3,body),0,True,5fb80f9bc0f3,59.82210000001942,latency-888f6155f6f5.csv
2,888f6155f6f5,2025-10-21T15:15:57.015702,grail,Butts,2,True,5fb80f9bc0f3,14.443569999457395,latency-888f6155f6f5.csv
2,888f6155f6f5,2025-10-21T15:15:57.138023,shrek3,Arg,1,True,5fb80f9bc0f3,7.208290000562556,latency-888f6155f6f5.csv
1,8a16d6479212,2025-10-21T15:15:58.398513,shrek,FIONA,211,True,5fb80f9bc0f3,3.689582999868435,latency-8a16d6479212.csv
1,8a16d6479212,2025-10-21T15:15:58.506530,shrek,and,318,True,5fb80f9bc0f3,2.5656249999883585,latency-8a16d6479212.csv
1,8a16d6479212,2025-10-21T15:15:58.612342,grail,is,317,True,5fb80f9bc0f3,3.234699000131513,latency-8a16d6479212.csv
1,8a16d6479212,2025-10-21T15:15:58.719335,shrek,on,88,True,5fb80f9bc0f3,3.320281000014802,latency-8a16d6479212.csv
1,8a16d6479212,2025-10-21T15:15:58.826582,shrek3,him,87,True,5fb80f9bc0f3,3.098015999967174,latency-8a16d6479212.csv
1,8a16d6479212,2025-10-21T15:15:58.933094,shrek3,at,134,True,5fb80f9bc0f3,2.9559180002252106,latency-8a16d6479212.csv
1,8a16d6479212,2025-10-21T15:15:59.039605,grail,Ecky-Ecky-Ecky,1,True,5fb80f9bc0f3,2.950047000013001,latency-8a16d6479212.csv
1,8a16d6479212,2025-10-21T15:15:59.146579,shrek3,me,72,True,5fb80f9bc0f3,2.645802999722946,latency-8a16d6479212.csv
1,8a16d6479212,2025-10-21T15:15:59.252385,shrek,SHREK,433,True,5fb80f9bc0f3,3.3276440008194186,latency-8a16d6479212.csv
1,8a16d6479212,2025-10-21T15:15:59.359379,grail,the,1600,True,5fb80f9bc0f3,8.342996999999741,latency-8a16d6479212.csv
1,8a16d6479212,2025-10-21T15:15:59.474010,grail,since,10,True,5fb80f9bc0f3,3.6954279994461103,latency-8a16d6479212.csv
1,8a16d6479212,2025-10-21T15:15:59.581099,grail,and,722,True,5fb80f9bc0f3,3.978611999627901,latency-8a16d6479212.csv
1,8a16d6479212,2025-10-21T15:15:59.688749,grail,elected,2,True,5fb80f9bc0f3,3.892187000019476,latency-8a16d6479212.csv
1,8a16d6479212,2025-10-21T15:15:59.797119,shrek3,through,43,True,5fb80f9bc0f3,4.480720000174188,latency-8a16d6479212.csv
1,8a16d6479212,2025-10-21T15:15:59.906108,grail,it,279,True,5fb80f9bc0f3,5.242317000011099,latency-8a16d6479212.csv
1,8a16d6479212,2025-10-21T15:16:00.016034,shrek3,the,1285,True,5fb80f9bc0f3,4.699265999988711,latency-8a16d6479212.csv
1,8a16d6479212,2025-10-21T15:16:00.125535,shrek3,right,36,False,5fb80f9bc0f3,16.251127000032284,latency-8a16d6479212.csv
1,8a16d6479212,2025-10-21T15:16:00.250526,grail,I,298,True,5fb80f9bc0f3,5.192129000533896,latency-8a16d6479212.csv
1,8a16d6479212,2025-10-21T15:16:00.360716,shrek,DONKEY,320,True,5fb80f9bc0f3,5.817962000037369,latency-8a16d6479212.csv
1,8a16d6479212,2025-10-21T15:16:00.471976,shrek,you,409,True,5fb80f9bc0f3,6.910346999575268,latency-8a16d6479212.csv
2,8a16d6479212,2025-10-21T15:16:00.587085,shrek,FIONA,211,True,5fb80f9bc0f3,4.4183120007801335,latency-8a16d6479212.csv
2,8a16d6479212,2025-10-21T15:16:00.695354,shrek,and,318,True,5fb80f9bc0f3,12.668630000007395,latency-8a16d6479212.csv
2,8a16d6479212,2025-10-21T15:16:00.821235,grail,is,317,True,5fb80f9bc0f3,4.062080000039714,latency-8a16d6479212.csv
2,8a16d6479212,2025-10-21T15:16:00.937222,shrek,on,88,True,5fb80f9bc0f3,5.01635399996303,latency-8a16d6479212.csv
2,8a16d6479212,2025-10-21T15:16:01.047400,shrek3,him,87,True,5fb80f9bc0f3,4.495842999858724,latency-8a16d6479212.csv
2,8a16d6479212,2025-10-21T15:16:01.155550,shrek3,at,134,True,5fb80f9bc0f3,3.743297000255552,latency-8a16d6479212.csv
2,8a16d6479212,2025-10-21T15:16:01.262840,grail,Ecky-Ecky-Ecky,1,True,5fb80f9bc0f3,4.2250719998264685,latency-8a16d6479212.csv
2,8a16d6479212,2025-10-21T15:16:01.372933,shrek3,me,72,True,5fb80f9bc0f3,5.160016999980144,latency-8a16d6479212.csv
2,8a16d6479212,2025-10-21T15:16:01.481451,shrek,SHREK,433,True,5fb80f9bc0f3,2.489304999471642,latency-8a16d6479212.csv
2,8a16d6479212,2025-10-21T15:16:01.587197,grail,the,1600,True,5fb80f9bc0f3,4.05462499929854,latency-8a16d6479212.csv
2,8a16d6479212,2025-10-21T15:16:01.695074,grail,since,10,True,5fb80f9bc0f3,3.8884810001036394,latency-8a16d6479212.csv
2,8a16d6479212,2025-10-21T15:16:01.803230,grail,and,722,True,5fb80f9bc0f3,6.596199000341585,latency-8a16d6479212.csv
2,8a16d6479212,2025-10-21T15:16:01.913977,grail,elected,2,True,5fb80f9bc0f3,3.1321730002673576,latency-8a16d6479212.csv
2,8a16d6479212,2025-10-21T15:16:02.020915,shrek3,through,43,True,5fb80f9bc0f3,2.7645049995044246,latency-8a16d6479212.csv
2,8a16d6479212,2025-10-21T15:16:02.127152,grail,it,279,True,5fb80f9bc0f3,6.917753999914567,latency-8a16d6479212.csv
2,8a16d6479212,2025-10-21T15:16:02.239548,shrek3,the,1285,True,5fb80f9bc0f3,4.031233999739925,latency-8a16d6479212.csv
2,8a16d6479212,2025-10-21T15:16:02.348832,shrek3,right,36,True,5fb80f9bc0f3,2.501068999663403,latency-8a16d6479212.csv
2,8a16d6479212,2025-10-21T15:16:02.456390,grail,I,298,True,5fb80f9bc0f3,7.717514000432857,latency-8a16d6479212.csv
2,8a16d6479212,2025-10-21T15:16:02.570739,shrek,DONKEY,320,True,5fb80f9bc0f3,7.034815000224626,latency-8a16d6479212.csv
2,8a16d6479212,2025-10-21T15:16:02.682617,shrek,you,409,True,5fb80f9bc0f3,5.411789000390854,latency-8a16d6479212.csv
1,8beff29a40ed,2025-10-21T15:16:25.577992,grail,Michael,11,True,5fb80f9bc0f3,15.884988999459893,latency-8beff29a40ed.csv
1,8beff29a40ed,2025-10-21T15:16:25.704811,shrek,Nobody,4,True,5fb80f9bc0f3,8.22677999985899,latency-8beff29a40ed.csv
1,8beff29a40ed,2025-10-21T15:16:25.822174,grail,Boom,4,True,5fb80f9bc0f3,5.600866999884602,latency-8beff29a40ed.csv
1,8beff29a40ed,2025-10-21T15:16:25.935050,grail,Launcelot,107,True,5fb80f9bc0f3,9.573517000717402,latency-8beff29a40ed.csv
1,8beff29a40ed,2025-10-21T15:16:26.055976,shrek3,ruby,1,True,5fb80f9bc0f3,4.840837999836367,latency-8beff29a40ed.csv
1,8beff29a40ed,2025-10-21T15:16:26.167739,grail,To,718,True,5fb80f9bc0f3,5.858204000105616,latency-8beff29a40ed.csv
1,8beff29a40ed,2025-10-21T15:16:26.278978,grail,is,317,True,5fb80f9bc0f3,4.879118000644667,latency-8beff29a40ed.csv
1,8beff29a40ed,2025-10-21T15:16:26.390765,grail,Footnote,4,True,5fb80f9bc0f3,5.862279999746534,latency-8beff29a40ed.csv
1,8beff29a40ed,2025-10-21T15:16:26.500607,shrek,FIONA,211,True,5fb80f9bc0f3,4.369514000245545,latency-8beff29a40ed.csv
1,8beff29a40ed,2025-10-21T15:16:26.609799,shrek3,2,8,True,5fb80f9bc0f3,6.139907999568095,latency-8beff29a40ed.csv
1,8beff29a40ed,2025-10-21T15:16:26.723022,shrek,after,10,True,5fb80f9bc0f3,13.044883000475238,latency-8beff29a40ed.csv
1,8beff29a40ed,2025-10-21T15:16:26.846866,shrek3,and,576,True,5fb80f9bc0f3,4.989209000086703,latency-8beff29a40ed.csv
1,8beff29a40ed,2025-10-21T15:16:26.958671,shrek,I,386,True,5fb80f9bc0f3,4.437576999407611,latency-8beff29a40ed.csv
1,8beff29a40ed,2025-10-21T15:16:27.069318,shrek3,of,275,True,5fb80f9bc0f3,2.7193700007046573,latency-8beff29a40ed.csv
1,8beff29a40ed,2025-10-21T15:16:27.177693,shrek,one,44,True,5fb80f9bc0f3,2.4653889995533973,latency-8beff29a40ed.csv
1,8beff29a40ed,2025-10-21T15:16:27.283326,grail,witch,30,True,5fb80f9bc0f3,2.3637309996047406,latency-8beff29a40ed.csv
1,8beff29a40ed,2025-10-21T15:16:27.389151,grail,dancing,10,True,5fb80f9bc0f3,2.729529999669466,latency-8beff29a40ed.csv
1,8beff29a40ed,2025-10-21T15:16:27.495322,grail,Boom,4,True,5fb80f9bc0f3,2.495994000128121,latency-8beff29a40ed.csv
1,8beff29a40ed,2025-10-21T15:16:27.600989,shrek,DONKEY,320,True,5fb80f9bc0f3,2.5212390000888263,latency-8beff29a40ed.csv
1,8beff29a40ed,2025-10-21T15:16:27.706736,shrek3,get,39,True,5fb80f9bc0f3,3.047049000088009,latency-8beff29a40ed.csv
2,8beff29a40ed,2025-10-21T15:16:27.813366,grail,Michael,11,True,5fb80f9bc0f3,2.3645470000701607,latency-8beff29a40ed.csv
2,8beff29a40ed,2025-10-21T15:16:27.918731,shrek,Nobody,4,True,5fb80f9bc0f3,2.841697999429016,latency-8beff29a40ed.csv
2,8beff29a40ed,2025-10-21T15:16:28.025083,grail,Boom,4,True,5fb80f9bc0f3,2.443567000227631,latency-8beff29a40ed.csv
2,8beff29a40ed,2025-10-21T15:16:28.131762,grail,Launcelot,107,True,5fb80f9bc0f3,2.357630000005884,latency-8beff29a40ed.csv
2,8beff29a40ed,2025-10-21T15:16:28.237206,shrek3,ruby,1,True,5fb80f9bc0f3,4.564697000205342,latency-8beff29a40ed.csv
2,8beff29a40ed,2025-10-21T15:16:28.345238,grail,To,718,True,5fb80f9bc0f3,2.293898999596422,latency-8beff29a40ed.csv
2,8beff29a40ed,2025-10-21T15:16:28.450302,grail,is,317,True,5fb80f9bc0f3,2.8728260003845207,latency-8beff29a40ed.csv
2,8beff29a40ed,2025-10-21T15:16:28.556325,grail,Footnote,4,True,5fb80f9bc0f3,2.725872000155505,latency-8beff29a40ed.csv
2,8beff29a40ed,2025-10-21T15:16:28.662093,shrek,FIONA,211,True,5fb80f9bc0f3,2.510016999622166,latency-8beff29a40ed.csv
2,8beff29a40ed,2025-10-21T15:16:28.768090,shrek3,2,8,True,5fb80f9bc0f3,2.572168999904534,latency-8beff29a40ed.csv
2,8beff29a40ed,2025-10-21T15:16:28.873712,shrek,after,10,True,5fb80f9bc0f3,2.2814820003986824,latency-8beff29a40ed.csv
2,8beff29a40ed,2025-10-21T15:16:28.979102,shrek3,and,576,True,5fb80f9bc0f3,2.207735999945726,latency-8beff29a40ed.csv
2,8beff29a40ed,2025-10-21T15:16:29.084228,shrek,I,386,True,5fb80f9bc0f3,2.536297000006016,latency-8beff29a40ed.csv
2,8beff29a40ed,2025-10-21T15:16:29.190835,shrek3,of,275,True,5fb80f9bc0f3,3.098035000220989,latency-8beff29a40ed.csv
2,8beff29a40ed,2025-10-21T15:16:29.297103,shrek,one,44,True,5fb80f9bc0f3,2.4877129999367757,latency-8beff29a40ed.csv
2,8beff29a40ed,2025-10-21T15:16:29.402389,grail,witch,30,True,5fb80f9bc0f3,2.198549000240746,latency-8beff29a40ed.csv
2,8beff29a40ed,2025-10-21T15:16:29.507424,grail,dancing,10,True,5fb80f9bc0f3,2.629601000080584,latency-8beff29a40ed.csv
2,8beff29a40ed,2025-10-21T15:16:29.613437,grail,Boom,4,True,5fb80f9bc0f3,2.200609000283293,latency-8beff29a40ed.csv
2,8beff29a40ed,2025-10-21T15:16:29.718474,shrek,DONKEY,320,True,5fb80f9bc0f3,2.437273999930767,latency-8beff29a40ed.csv
2,8beff29a40ed,2025-10-21T15:16:29.823682,shrek3,get,39,True,5fb80f9bc0f3,2.248787000098673,latency-8beff29a40ed.csv
1,8e2707579c0e,2025-10-21T15:16:13.173372,grail,"Oh,",2,True,5fb80f9bc0f3,3.4433849996275967,latency-8e2707579c0e.csv
1,8e2707579c0e,2025-10-21T15:16:13.280281,shrek,(standing,0,True,5fb80f9bc0f3,19.93975700042938,latency-8e2707579c0e.csv
1,8e2707579c0e,2025-10-21T15:16:13.406472,grail,Jones,7,True,5fb80f9bc0f3,10.475638999196237,latency-8e2707579c0e.csv
1,8e2707579c0e,2025-10-21T15:16:13.521609,grail,"Oh,",2,True,5fb80f9bc0f3,7.712869999522809,latency-8e2707579c0e.csv
1,8e2707579c0e,2025-10-21T15:16:13.636467,shrek,SHREK,433,True,5fb80f9bc0f3,9.931849999702536,latency-8e2707579c0e.csv
1,8e2707579c0e,2025-10-21T15:16:13.758341,shrek,his,48,True,5fb80f9bc0f3,7.890607999797794,latency-8e2707579c0e.csv
1,8e2707579c0e,2025-10-21T15:16:13.877303,shrek,CROWD,5,True,5fb80f9bc0f3,5.920976000197697,latency-8e2707579c0e.csv
1,8e2707579c0e,2025-10-21T15:16:13.989607,shrek,you,409,True,5fb80f9bc0f3,7.520655000007537,latency-8e2707579c0e.csv
1,8e2707579c0e,2025-10-21T15:16:14.106538,shrek3,of,275,True,5fb80f9bc0f3,5.0336230005996185,latency-8e2707579c0e.csv
1,8e2707579c0e,2025-10-21T15:16:14.222486,shrek3,him,87,True,5fb80f9bc0f3,5.152058999556175,latency-8e2707579c0e.csv
1,8e2707579c0e,2025-10-21T15:16:14.335414,shrek,stairs,7,True,5fb80f9bc0f3,3.205111999704968,latency-8e2707579c0e.csv
1,8e2707579c0e,2025-10-21T15:16:14.442854,shrek,don't,72,True,5fb80f9bc0f3,4.526968000391207,latency-8e2707579c0e.csv
1,8e2707579c0e,2025-10-21T15:16:14.551461,shrek3,still,18,True,5fb80f9bc0f3,5.301834999954735,latency-8e2707579c0e.csv
1,8e2707579c0e,2025-10-21T15:16:14.665700,grail,I,298,True,5fb80f9bc0f3,6.117576999713492,latency-8e2707579c0e.csv
1,8e2707579c0e,2025-10-21T15:16:14.783063,shrek,and,318,True,5fb80f9bc0f3,3.1584150001435773,latency-8e2707579c0e.csv
1,8e2707579c0e,2025-10-21T15:16:14.893572,shrek,minute,3,True,5fb80f9bc0f3,3.7647270000888966,latency-8e2707579c0e.csv
1,8e2707579c0e,2025-10-21T15:16:15.005564,grail,the,1600,True,5fb80f9bc0f3,3.887215999384353,latency-8e2707579c0e.csv
1,8e2707579c0e,2025-10-21T15:16:15.115784,shrek,DONKEY,320,True,5fb80f9bc0f3,5.063144999439828,latency-8e2707579c0e.csv
1,8e2707579c0e,2025-10-21T15:16:15.225386,shrek3,Artie,213,True,5fb80f9bc0f3,3.789680000409135,latency-8e2707579c0e.csv
1,8e2707579c0e,2025-10-21T15:16:15.333475,shrek,field,4,True,5fb80f9bc0f3,3.114845000709465,latency-8e2707579c0e.csv
2,8e2707579c0e,2025-10-21T15:16:15.440050,grail,"Oh,",2,True,5fb80f9bc0f3,2.381174000220198,latency-8e2707579c0e.csv
2,8e2707579c0e,2025-10-21T15:16:15.545796,shrek,(standing,0,True,5fb80f9bc0f3,3.900067000358831,latency-8e2707579c0e.csv
2,8e2707579c0e,2025-10-21T15:16:15.653718,grail,Jones,7,True,5fb80f9bc0f3,3.932048999558901,latency-8e2707579c0e.csv
2,8e2707579c0e,2025-10-21T15:16:15.761740,grail,"Oh,",2,True,5fb80f9bc0f3,3.5466110002744244,latency-8e2707579c0e.csv
2,8e2707579c0e,2025-10-21T15:16:15.868509,shrek,SHREK,433,True,5fb80f9bc0f3,2.860408999367792,latency-8e2707579c0e.csv
2,8e2707579c0e,2025-10-21T15:16:15.974837,shrek,his,48,True,5fb80f9bc0f3,3.355443999680574,latency-8e2707579c0e.csv
2,8e2707579c0e,2025-10-21T15:16:16.082169,shrek,CROWD,5,True,5fb80f9bc0f3,4.998223999791662,latency-8e2707579c0e.csv
2,8e2707579c0e,2025-10-21T15:16:16.191413,shrek,you,409,True,5fb80f9bc0f3,3.412635999666236,latency-8e2707579c0e.csv
2,8e2707579c0e,2025-10-21T15:16:16.298392,shrek3,of,275,True,5fb80f9bc0f3,4.2909880003207945,latency-8e2707579c0e.csv
2,8e2707579c0e,2025-10-21T15:16:16.406144,shrek3,him,87,True,5fb80f9bc0f3,23.57463899988943,latency-8e2707579c0e.csv
2,8e2707579c0e,2025-10-21T15:16:16.535636,shrek,stairs,7,True,5fb80f9bc0f3,3.3538210000187973,latency-8e2707579c0e.csv
2,8e2707579c0e,2025-10-21T15:16:16.641949,shrek,don't,72,True,5fb80f9bc0f3,7.863732000259915,latency-8e2707579c0e.csv
2,8e2707579c0e,2025-10-21T15:16:16.753756,shrek3,still,18,True,5fb80f9bc0f3,5.496028999914415,latency-8e2707579c0e.csv
2,8e2707579c0e,2025-10-21T15:16:16.863355,grail,I,298,True,5fb80f9bc0f3,5.114053999932366,latency-8e2707579c0e.csv
2,8e2707579c0e,2025-10-21T15:16:16.977743,shrek,and,318,True,5fb80f9bc0f3,9.065836000445415,latency-8e2707579c0e.csv
2,8e2707579c0e,2025-10-21T15:16:17.093602,shrek,minute,3,True,5fb80f9bc0f3,3.319671000099333,latency-8e2707579c0e.csv
2,8e2707579c0e,2025-10-21T15:16:17.201729,grail,the,1600,True,5fb80f9bc0f3,4.595471999891743,latency-8e2707579c0e.csv
2,8e2707579c0e,2025-10-21T15:16:17.317325,shrek,DONKEY,320,True,5fb80f9bc0f3,4.855599000620714,latency-8e2707579c0e.csv
2,8e2707579c0e,2025-10-21T15:16:17.427372,shrek3,Artie,213,True,5fb80f9bc0f3,3.173455000251124,latency-8e2707579c0e.csv
2,8e2707579c0e,2025-10-21T15:16:17.534056,shrek,field,4,True,5fb80f9bc0f3,3.815151999333466,latency-8e2707579c0e.csv
1,905316c86a3b,2025-10-21T15:16:11.604403,shrek3,-,110,True,5fb80f9bc0f3,3.4118940002372256,latency-905316c86a3b.csv
1,905316c86a3b,2025-10-21T15:16:11.711119,shrek,lay,2,True,5fb80f9bc0f3,2.530423999814957,latency-905316c86a3b.csv
1,905316c86a3b,2025-10-21T15:16:11.817093,grail,to,718,True,5fb80f9bc0f3,3.0891040005371906,latency-905316c86a3b.csv
1,905316c86a3b,2025-10-21T15:16:11.924055,grail,is,317,True,5fb80f9bc0f3,4.74445200052287,latency-905316c86a3b.csv
1,905316c86a3b,2025-10-21T15:16:12.033685,shrek,SHREK,433,True,5fb80f9bc0f3,7.385376999991422,latency-905316c86a3b.csv
1,905316c86a3b,2025-10-21T15:16:12.144654,shrek3,Hold,8,True,5fb80f9bc0f3,4.447592999895278,latency-905316c86a3b.csv
1,905316c86a3b,2025-10-21T15:16:12.252621,grail,chops,3,True,5fb80f9bc0f3,7.333706999816059,latency-905316c86a3b.csv
1,905316c86a3b,2025-10-21T15:16:12.366268,shrek3,glass,9,True,5fb80f9bc0f3,5.066564999651746,latency-905316c86a3b.csv
1,905316c86a3b,2025-10-21T15:16:12.478225,shrek3,ARTIE,213,True,5fb80f9bc0f3,4.48696200055565,latency-905316c86a3b.csv
1,905316c86a3b,2025-10-21T15:16:12.586747,shrek3,Donkey,243,True,5fb80f9bc0f3,2.7887380001629936,latency-905316c86a3b.csv
1,905316c86a3b,2025-10-21T15:16:12.693251,shrek,HOOD,13,True,5fb80f9bc0f3,3.779237999879115,latency-905316c86a3b.csv
1,905316c86a3b,2025-10-21T15:16:12.800843,grail,is,317,True,5fb80f9bc0f3,6.471169999713311,latency-905316c86a3b.csv
1,905316c86a3b,2025-10-21T15:16:12.916854,shrek,SHREK,433,True,5fb80f9bc0f3,5.323312000655278,latency-905316c86a3b.csv
1,905316c86a3b,2025-10-21T15:16:13.035466,shrek,Is,132,True,5fb80f9bc0f3,2.9081760003464296,latency-905316c86a3b.csv
1,905316c86a3b,2025-10-21T15:16:13.141726,shrek3,glass,9,True,5fb80f9bc0f3,2.739904000009119,latency-905316c86a3b.csv
1,905316c86a3b,2025-10-21T15:16:13.248084,shrek3,EVIL,59,True,5fb80f9bc0f3,3.935462999834272,latency-905316c86a3b.csv
1,905316c86a3b,2025-10-21T15:16:13.355740,grail,dancing,10,True,5fb80f9bc0f3,2.900797000620514,latency-905316c86a3b.csv
1,905316c86a3b,2025-10-21T15:16:13.463109,shrek3,JOCKS,2,True,5fb80f9bc0f3,4.427511999892886,latency-905316c86a3b.csv
1,905316c86a3b,2025-10-21T15:16:13.572045,shrek3,the,1285,True,5fb80f9bc0f3,2.8235109994056984,latency-905316c86a3b.csv
1,905316c86a3b,2025-10-21T15:16:13.679163,shrek,HOOD,13,True,5fb80f9bc0f3,9.74860299993452,latency-905316c86a3b.csv
2,905316c86a3b,2025-10-21T15:16:13.794360,shrek3,-,110,True,5fb80f9bc0f3,8.93982799971127,latency-905316c86a3b.csv
2,905316c86a3b,2025-10-21T15:16:13.909145,shrek,lay,2,True,5fb80f9bc0f3,6.595361000108824,latency-905316c86a3b.csv
2,905316c86a3b,2025-10-21T15:16:14.019890,grail,to,718,True,5fb80f9bc0f3,9.940674000063154,latency-905316c86a3b.csv
2,905316c86a3b,2025-10-21T15:16:14.134855,grail,is,317,True,5fb80f9bc0f3,11.382863999642725,latency-905316c86a3b.csv
2,905316c86a3b,2025-10-21T15:16:14.254200,shrek,SHREK,433,True,5fb80f9bc0f3,7.774650999635924,latency-905316c86a3b.csv
2,905316c86a3b,2025-10-21T15:16:14.366343,shrek3,Hold,8,True,5fb80f9bc0f3,4.058165000060399,latency-905316c86a3b.csv
2,905316c86a3b,2025-10-21T15:16:14.474353,grail,chops,3,True,5fb80f9bc0f3,4.28559900046821,latency-905316c86a3b.csv
2,905316c86a3b,2025-10-21T15:16:14.582901,shrek3,glass,9,True,5fb80f9bc0f3,10.61520900020696,latency-905316c86a3b.csv
2,905316c86a3b,2025-10-21T15:16:14.709079,shrek3,ARTIE,213,True,5fb80f9bc0f3,4.208261999337992,latency-905316c86a3b.csv
2,905316c86a3b,2025-10-21T15:16:14.820932,shrek3,Donkey,243,True,5fb80f9bc0f3,2.9132520003258837,latency-905316c86a3b.csv
2,905316c86a3b,2025-10-21T15:16:14.927369,shrek,HOOD,13,True,5fb80f9bc0f3,3.9476689998991783,latency-905316c86a3b.csv
2,905316c86a3b,2025-10-21T15:16:15.035687,grail,is,317,True,5fb80f9bc0f3,2.959331999591086,latency-905316c86a3b.csv
2,905316c86a3b,2025-10-21T15:16:15.142518,shrek,SHREK,433,True,5fb80f9bc0f3,4.187416000604571,latency-905316c86a3b.csv
2,905316c86a3b,2025-10-21T15:16:15.251549,shrek,Is,132,True,5fb80f9bc0f3,6.741027000316535,latency-905316c86a3b.csv
2,905316c86a3b,2025-10-21T15:16:15.363444,shrek3,glass,9,True,5fb80f9bc0f3,4.834048999327933,latency-905316c86a3b.csv
2,905316c86a3b,2025-10-21T15:16:15.472601,shrek3,EVIL,59,True,5fb80f9bc0f3,2.2219679995032493,latency-905316c86a3b.csv
2,905316c86a3b,2025-10-21T15:16:15.579675,grail,dancing,10,True,5fb80f9bc0f3,12.453198000002883,latency-905316c86a3b.csv
2,905316c86a3b,2025-10-21T15:16:15.696844,shrek3,JOCKS,2,True,5fb80f9bc0f3,4.572246999487106,latency-905316c86a3b.csv
2,905316c86a3b,2025-10-21T15:16:15.805910,shrek3,the,1285,True,5fb80f9bc0f3,3.1665870001234,latency-905316c86a3b.csv
2,905316c86a3b,2025-10-21T15:16:15.912406,shrek,HOOD,13,True,5fb80f9bc0f3,5.177598000045691,latency-905316c86a3b.csv
1,921bd77c0f3e,2025-10-21T15:16:13.859082,shrek,one,44,True,5fb80f9bc0f3,3.286746999947354,latency-921bd77c0f3e.csv
1,921bd77c0f3e,2025-10-21T15:16:13.966784,shrek3,an,51,True,5fb80f9bc0f3,3.1834629999139,latency-921bd77c0f3e.csv
1,921bd77c0f3e,2025-10-21T15:16:14.074156,shrek,He,118,True,5fb80f9bc0f3,3.811614000369445,latency-921bd77c0f3e.csv
1,921bd77c0f3e,2025-10-21T15:16:14.182742,shrek3,PUSS,196,True,5fb80f9bc0f3,3.9144339998529176,latency-921bd77c0f3e.csv
1,921bd77c0f3e,2025-10-21T15:16:14.290805,shrek,whistles,2,True,5fb80f9bc0f3,3.214899000340665,latency-921bd77c0f3e.csv
1,921bd77c0f3e,2025-10-21T15:16:14.398211,grail,To,718,True,5fb80f9bc0f3,3.269515999818396,latency-921bd77c0f3e.csv
1,921bd77c0f3e,2025-10-21T15:16:14.505358,shrek,What,104,True,5fb80f9bc0f3,4.375890000119398,latency-921bd77c0f3e.csv
1,921bd77c0f3e,2025-10-21T15:16:14.614280,shrek3,ARTIE,213,True,5fb80f9bc0f3,5.950251000285789,latency-921bd77c0f3e.csv
1,921bd77c0f3e,2025-10-21T15:16:14.724829,shrek,I,386,True,5fb80f9bc0f3,7.883878000029654,latency-921bd77c0f3e.csv
1,921bd77c0f3e,2025-10-21T15:16:14.838344,shrek3,Ahh,8,True,5fb80f9bc0f3,7.122070999685093,latency-921bd77c0f3e.csv
1,921bd77c0f3e,2025-10-21T15:16:14.957935,shrek3,"Bay""",0,True,5fb80f9bc0f3,4.100000999642361,latency-921bd77c0f3e.csv
1,921bd77c0f3e,2025-10-21T15:16:15.074031,shrek3,body),0,True,5fb80f9bc0f3,6.249769000532979,latency-921bd77c0f3e.csv
1,921bd77c0f3e,2025-10-21T15:16:15.199280,grail,Cleveland,3,True,5fb80f9bc0f3,4.186482000477554,latency-921bd77c0f3e.csv
1,921bd77c0f3e,2025-10-21T15:16:15.308192,grail,it,279,True,5fb80f9bc0f3,3.411949000110326,latency-921bd77c0f3e.csv
1,921bd77c0f3e,2025-10-21T15:16:15.415627,grail,Bridge,30,True,5fb80f9bc0f3,2.551036000113527,latency-921bd77c0f3e.csv
1,921bd77c0f3e,2025-10-21T15:16:15.521334,grail,the,1600,True,5fb80f9bc0f3,2.28904799951124,latency-921bd77c0f3e.csv
1,921bd77c0f3e,2025-10-21T15:16:15.626760,shrek3,ARTIE,213,True,5fb80f9bc0f3,6.991727999775321,latency-921bd77c0f3e.csv
1,921bd77c0f3e,2025-10-21T15:16:15.738489,grail,the,1600,True,5fb80f9bc0f3,2.5078660000872333,latency-921bd77c0f3e.csv
1,921bd77c0f3e,2025-10-21T15:16:15.844550,shrek3,the,1285,True,5fb80f9bc0f3,3.288392000285967,latency-921bd77c0f3e.csv
1,921bd77c0f3e,2025-10-21T15:16:15.951703,grail,cross,13,True,5fb80f9bc0f3,6.470751000051678,latency-921bd77c0f3e.csv
2,921bd77c0f3e,2025-10-21T15:16:16.062983,shrek,one,44,True,5fb80f9bc0f3,9.150265000243962,latency-921bd77c0f3e.csv
2,921bd77c0f3e,2025-10-21T15:16:16.181500,shrek3,an,51,True,5fb80f9bc0f3,3.4593020000102115,latency-921bd77c0f3e.csv
2,921bd77c0f3e,2025-10-21T15:16:16.289950,shrek,He,118,True,5fb80f9bc0f3,3.977221000241116,latency-921bd77c0f3e.csv
2,921bd77c0f3e,2025-10-21T15:16:16.399613,shrek3,PUSS,196,True,5fb80f9bc0f3,4.974131000381021,latency-921bd77c0f3e.csv
2,921bd77c0f3e,2025-10-21T15:16:16.524016,shrek,whistles,2,True,5fb80f9bc0f3,2.6880779996645288,latency-921bd77c0f3e.csv
2,921bd77c0f3e,2025-10-21T15:16:16.630361,grail,To,718,True,5fb80f9bc0f3,2.4384359994655824,latency-921bd77c0f3e.csv
2,921bd77c0f3e,2025-10-21T15:16:16.735800,shrek,What,104,True,5fb80f9bc0f3,2.533951999794226,latency-921bd77c0f3e.csv
2,921bd77c0f3e,2025-10-21T15:16:16.841710,shrek3,ARTIE,213,True,5fb80f9bc0f3,3.0981319996499224,latency-921bd77c0f3e.csv
2,921bd77c0f3e,2025-10-21T15:16:16.949132,shrek,I,386,True,5fb80f9bc0f3,3.678474000480492,latency-921bd77c0f3e.csv
2,921bd77c0f3e,2025-10-21T15:16:17.056462,shrek3,Ahh,8,True,5fb80f9bc0f3,2.541107000070042,latency-921bd77c0f3e.csv
2,921bd77c0f3e,2025-10-21T15:16:17.162228,shrek3,"Bay""",0,True,5fb80f9bc0f3,2.647013000569132,latency-921bd77c0f3e.csv
2,921bd77c0f3e,2025-10-21T15:16:17.268180,shrek3,body),0,True,5fb80f9bc0f3,3.531758999997692,latency-921bd77c0f3e.csv
2,921bd77c0f3e,2025-10-21T15:16:17.375862,grail,Cleveland,3,True,5fb80f9bc0f3,6.048211999768682,latency-921bd77c0f3e.csv
2,921bd77c0f3e,2025-10-21T15:16:17.485370,grail,it,279,True,5fb80f9bc0f3,4.078646000380104,latency-921bd77c0f3e.csv
2,921bd77c0f3e,2025-10-21T15:16:17.593337,grail,Bridge,30,True,5fb80f9bc0f3,5.499325000528188,latency-921bd77c0f3e.csv
2,921bd77c0f3e,2025-10-21T15:16:17.704611,grail,the,1600,True,5fb80f9bc0f3,7.728513999609277,latency-921bd77c0f3e.csv
2,921bd77c0f3e,2025-10-21T15:16:17.818623,shrek3,ARTIE,213,True,5fb80f9bc0f3,9.032396000293376,latency-921bd77c0f3e.csv
2,921bd77c0f3e,2025-10-21T15:16:17.932559,grail,the,1600,True,5fb80f9bc0f3,5.709209999622544,latency-921bd77c0f3e.csv
2,921bd77c0f3e,2025-10-21T15:16:18.043209,shrek3,the,1285,True,5fb80f9bc0f3,4.981836999832012,latency-921bd77c0f3e.csv
2,921bd77c0f3e,2025-10-21T15:16:18.155877,grail,cross,13,True,5fb80f9bc0f3,5.430329000773781,latency-921bd77c0f3e.csv
1,93ce2e9c4081,2025-10-21T15:16:23.358254,shrek3,Im,1,True,5fb80f9bc0f3,3.830720000223664,latency-93ce2e9c4081.csv
1,93ce2e9c4081,2025-10-21T15:16:23.467192,shrek3,SHREK,678,True,5fb80f9bc0f3,5.2786669994020485,latency-93ce2e9c4081.csv
1,93ce2e9c4081,2025-10-21T15:16:23.578064,grail,Who’s,3,True,5fb80f9bc0f3,3.809491000538401,latency-93ce2e9c4081.csv
1,93ce2e9c4081,2025-10-21T15:16:23.686243,grail,Cleveland,3,True,5fb80f9bc0f3,5.142130999956862,latency-93ce2e9c4081.csv
1,93ce2e9c4081,2025-10-21T15:16:23.796155,shrek3,did,14,True,5fb80f9bc0f3,3.018759000042337,latency-93ce2e9c4081.csv
1,93ce2e9c4081,2025-10-21T15:16:23.902683,grail,upon,13,True,5fb80f9bc0f3,3.017226999872946,latency-93ce2e9c4081.csv
1,93ce2e9c4081,2025-10-21T15:16:24.009694,grail,pause,10,True,5fb80f9bc0f3,6.227377999493911,latency-93ce2e9c4081.csv
1,93ce2e9c4081,2025-10-21T15:16:24.121649,shrek3,the,1285,True,5fb80f9bc0f3,5.017527999370941,latency-93ce2e9c4081.csv
1,93ce2e9c4081,2025-10-21T15:16:24.231979,shrek3,Cinderella,21,True,5fb80f9bc0f3,5.86444200052938,latency-93ce2e9c4081.csv
1,93ce2e9c4081,2025-10-21T15:16:24.342908,shrek3,PUSS,196,True,5fb80f9bc0f3,3.242300000238174,latency-93ce2e9c4081.csv
1,93ce2e9c4081,2025-10-21T15:16:24.450667,shrek3,and,576,True,5fb80f9bc0f3,8.483450000312587,latency-93ce2e9c4081.csv
1,93ce2e9c4081,2025-10-21T15:16:24.567101,shrek,placed,1,True,5fb80f9bc0f3,8.9343990002817,latency-93ce2e9c4081.csv
1,93ce2e9c4081,2025-10-21T15:16:24.685428,shrek3,Ahh,8,True,5fb80f9bc0f3,4.448443000001134,latency-93ce2e9c4081.csv
1,93ce2e9c4081,2025-10-21T15:16:24.794284,shrek,DONKEY,320,True,5fb80f9bc0f3,3.295708000223385,latency-93ce2e9c4081.csv
1,93ce2e9c4081,2025-10-21T15:16:24.902175,shrek3,get,39,True,5fb80f9bc0f3,3.334906999953091,latency-93ce2e9c4081.csv
1,93ce2e9c4081,2025-10-21T15:16:25.008990,grail,Christ,8,True,5fb80f9bc0f3,3.848278999612376,latency-93ce2e9c4081.csv
1,93ce2e9c4081,2025-10-21T15:16:25.116397,grail,I,298,True,5fb80f9bc0f3,3.3683499996186583,latency-93ce2e9c4081.csv
1,93ce2e9c4081,2025-10-21T15:16:25.223073,shrek3,PRINCE,207,True,5fb80f9bc0f3,3.8068160001785145,latency-93ce2e9c4081.csv
1,93ce2e9c4081,2025-10-21T15:16:25.330870,shrek3,Gingerbread,37,True,5fb80f9bc0f3,2.991827000187186,latency-93ce2e9c4081.csv
1,93ce2e9c4081,2025-10-21T15:16:25.437151,grail,TV,2,True,5fb80f9bc0f3,3.629009999713162,latency-93ce2e9c4081.csv
2,93ce2e9c4081,2025-10-21T15:16:25.546134,shrek3,Im,1,True,5fb80f9bc0f3,20.845095999902696,latency-93ce2e9c4081.csv
2,93ce2e9c4081,2025-10-21T15:16:25.683088,shrek3,SHREK,678,True,5fb80f9bc0f3,3.3783019998736563,latency-93ce2e9c4081.csv
2,93ce2e9c4081,2025-10-21T15:16:25.791354,grail,Who’s,3,True,5fb80f9bc0f3,4.256002999682096,latency-93ce2e9c4081.csv
2,93ce2e9c4081,2025-10-21T15:16:25.900213,grail,Cleveland,3,True,5fb80f9bc0f3,3.0356040006154217,latency-93ce2e9c4081.csv
2,93ce2e9c4081,2025-10-21T15:16:26.006718,shrek3,did,14,True,5fb80f9bc0f3,3.878040000017791,latency-93ce2e9c4081.csv
2,93ce2e9c4081,2025-10-21T15:16:26.114549,grail,upon,13,True,5fb80f9bc0f3,4.18665199958923,latency-93ce2e9c4081.csv
2,93ce2e9c4081,2025-10-21T15:16:26.223577,grail,pause,10,True,5fb80f9bc0f3,4.174542999862752,latency-93ce2e9c4081.csv
2,93ce2e9c4081,2025-10-21T15:16:26.332674,shrek3,the,1285,True,5fb80f9bc0f3,4.396921999614278,latency-93ce2e9c4081.csv
2,93ce2e9c4081,2025-10-21T15:16:26.441504,shrek3,Cinderella,21,True,5fb80f9bc0f3,4.125136999391543,latency-93ce2e9c4081.csv
2,93ce2e9c4081,2025-10-21T15:16:26.551563,shrek3,PUSS,196,True,5fb80f9bc0f3,14.173004999975092,latency-93ce2e9c4081.csv
2,93ce2e9c4081,2025-10-21T15:16:26.680750,shrek3,and,576,True,5fb80f9bc0f3,4.026505999718211,latency-93ce2e9c4081.csv
2,93ce2e9c4081,2025-10-21T15:16:26.791011,shrek,placed,1,True,5fb80f9bc0f3,9.801526999581256,latency-93ce2e9c4081.csv
2,93ce2e9c4081,2025-10-21T15:16:26.906018,shrek3,Ahh,8,True,5fb80f9bc0f3,3.976040000452485,latency-93ce2e9c4081.csv
2,93ce2e9c4081,2025-10-21T15:16:27.013894,shrek,DONKEY,320,True,5fb80f9bc0f3,3.1270370000129333,latency-93ce2e9c4081.csv
2,93ce2e9c4081,2025-10-21T15:16:27.120935,shrek3,get,39,True,5fb80f9bc0f3,2.3579090002385783,latency-93ce2e9c4081.csv
2,93ce2e9c4081,2025-10-21T15:16:27.227116,grail,Christ,8,True,5fb80f9bc0f3,2.9333919992495794,latency-93ce2e9c4081.csv
2,93ce2e9c4081,2025-10-21T15:16:27.333921,grail,I,298,True,5fb80f9bc0f3,3.3028640000338783,latency-93ce2e9c4081.csv
2,93ce2e9c4081,2025-10-21T15:16:27.440446,shrek3,PRINCE,207,True,5fb80f9bc0f3,2.67471899951488,latency-93ce2e9c4081.csv
2,93ce2e9c4081,2025-10-21T15:16:27.546382,shrek3,Gingerbread,37,True,5fb80f9bc0f3,2.8684809994956595,latency-93ce2e9c4081.csv
2,93ce2e9c4081,2025-10-21T15:16:27.652823,grail,TV,2,True,5fb80f9bc0f3,2.852107999387954,latency-93ce2e9c4081.csv
1,9443ec92e828,2025-10-21T15:16:20.873223,shrek,Nobody,4,True,5fb80f9bc0f3,5.6432270002915175,latency-9443ec92e828.csv
1,9443ec92e828,2025-10-21T15:16:20.982839,shrek,INSIDE,16,True,5fb80f9bc0f3,6.751719000021694,latency-9443ec92e828.csv
1,9443ec92e828,2025-10-21T15:16:21.098173,grail,chops,3,True,5fb80f9bc0f3,6.5296860002490575,latency-9443ec92e828.csv
1,9443ec92e828,2025-10-21T15:16:21.211812,shrek3,bed,10,True,5fb80f9bc0f3,3.645523999693978,latency-9443ec92e828.csv
1,9443ec92e828,2025-10-21T15:16:21.321623,grail,the,1600,True,5fb80f9bc0f3,3.14155700016272,latency-9443ec92e828.csv
1,9443ec92e828,2025-10-21T15:16:21.432341,shrek3,116,1,True,5fb80f9bc0f3,2.7746659998229006,latency-9443ec92e828.csv
1,9443ec92e828,2025-10-21T15:16:21.541942,shrek3,DWARF,10,True,5fb80f9bc0f3,2.497690999916813,latency-9443ec92e828.csv
1,9443ec92e828,2025-10-21T15:16:21.648387,shrek,SHREK,433,True,5fb80f9bc0f3,4.678350000176579,latency-9443ec92e828.csv
1,9443ec92e828,2025-10-21T15:16:21.756681,shrek,help,5,True,5fb80f9bc0f3,3.3883379992403206,latency-9443ec92e828.csv
1,9443ec92e828,2025-10-21T15:16:21.864564,shrek,token,1,True,5fb80f9bc0f3,2.5137319998975727,latency-9443ec92e828.csv
1,9443ec92e828,2025-10-21T15:16:21.970455,shrek,his,48,True,5fb80f9bc0f3,2.525419000448892,latency-9443ec92e828.csv
1,9443ec92e828,2025-10-21T15:16:22.076143,shrek,What,104,True,5fb80f9bc0f3,3.7960839999868767,latency-9443ec92e828.csv
1,9443ec92e828,2025-10-21T15:16:22.183360,grail,pseudonym,1,True,5fb80f9bc0f3,2.762990000519494,latency-9443ec92e828.csv
1,9443ec92e828,2025-10-21T15:16:22.289981,grail,Aaaaugh,9,True,5fb80f9bc0f3,3.221160999601125,latency-9443ec92e828.csv
1,9443ec92e828,2025-10-21T15:16:22.397105,shrek,FIONA,211,True,5fb80f9bc0f3,2.6940060006381827,latency-9443ec92e828.csv
1,9443ec92e828,2025-10-21T15:16:22.503211,shrek3,JOCKS,2,True,5fb80f9bc0f3,7.677747999878193,latency-9443ec92e828.csv
1,9443ec92e828,2025-10-21T15:16:22.615212,shrek3,supposed,11,True,5fb80f9bc0f3,6.380917999194935,latency-9443ec92e828.csv
1,9443ec92e828,2025-10-21T15:16:22.725733,shrek,the,535,True,5fb80f9bc0f3,3.912872999535466,latency-9443ec92e828.csv
1,9443ec92e828,2025-10-21T15:16:22.833973,shrek,whistles,2,True,5fb80f9bc0f3,3.9759979999871575,latency-9443ec92e828.csv
1,9443ec92e828,2025-10-21T15:16:22.942551,shrek,at,62,True,5fb80f9bc0f3,21.34949100036465,latency-9443ec92e828.csv
2,9443ec92e828,2025-10-21T15:16:23.092484,shrek,Nobody,4,True,5fb80f9bc0f3,3.3433420003348147,latency-9443ec92e828.csv
2,9443ec92e828,2025-10-21T15:16:23.200646,shrek,INSIDE,16,True,5fb80f9bc0f3,5.87102400004369,latency-9443ec92e828.csv
2,9443ec92e828,2025-10-21T15:16:23.312107,grail,chops,3,True,5fb80f9bc0f3,3.356277999955637,latency-9443ec92e828.csv
2,9443ec92e828,2025-10-21T15:16:23.419808,shrek3,bed,10,True,5fb80f9bc0f3,3.5535070001060376,latency-9443ec92e828.csv
2,9443ec92e828,2025-10-21T15:16:23.527591,grail,the,1600,True,5fb80f9bc0f3,4.10070900034043,latency-9443ec92e828.csv
2,9443ec92e828,2025-10-21T15:16:23.636541,shrek3,116,1,True,5fb80f9bc0f3,6.767167000361951,latency-9443ec92e828.csv
2,9443ec92e828,2025-10-21T15:16:23.752871,shrek3,DWARF,10,True,5fb80f9bc0f3,4.842597999413556,latency-9443ec92e828.csv
2,9443ec92e828,2025-10-21T15:16:23.865829,shrek,SHREK,433,True,5fb80f9bc0f3,3.0531780003002496,latency-9443ec92e828.csv
2,9443ec92e828,2025-10-21T15:16:23.976821,shrek,help,5,True,5fb80f9bc0f3,14.495764999992389,latency-9443ec92e828.csv
2,9443ec92e828,2025-10-21T15:16:24.104700,shrek,token,1,True,5fb80f9bc0f3,3.442293999796675,latency-9443ec92e828.csv
2,9443ec92e828,2025-10-21T15:16:24.212701,shrek,his,48,True,5fb80f9bc0f3,4.471184000067296,latency-9443ec92e828.csv
2,9443ec92e828,2025-10-21T15:16:24.321560,shrek,What,104,True,5fb80f9bc0f3,5.143093000697263,latency-9443ec92e828.csv
2,9443ec92e828,2025-10-21T15:16:24.431887,grail,pseudonym,1,True,5fb80f9bc0f3,8.140953000292939,latency-9443ec92e828.csv
2,9443ec92e828,2025-10-21T15:16:24.552038,grail,Aaaaugh,9,True,5fb80f9bc0f3,7.056624999677297,latency-9443ec92e828.csv
2,9443ec92e828,2025-10-21T15:16:24.663347,shrek,FIONA,211,True,5fb80f9bc0f3,5.551089999244141,latency-9443ec92e828.csv
2,9443ec92e828,2025-10-21T15:16:24.772785,shrek3,JOCKS,2,True,5fb80f9bc0f3,5.241984999884153,latency-9443ec92e828.csv
2,9443ec92e828,2025-10-21T15:16:24.882049,shrek3,supposed,11,True,5fb80f9bc0f3,6.923632000507496,latency-9443ec92e828.csv
2,9443ec92e828,2025-10-21T15:16:24.993617,shrek,the,535,True,5fb80f9bc0f3,3.7427369998113136,latency-9443ec92e828.csv
2,9443ec92e828,2025-10-21T15:16:25.100805,shrek,whistles,2,True,5fb80f9bc0f3,3.201479999916046,latency-9443ec92e828.csv
2,9443ec92e828,2025-10-21T15:16:25.207437,shrek,at,62,True,5fb80f9bc0f3,3.244500000619155,latency-9443ec92e828.csv
1,9a28a3943939,2025-10-21T15:15:54.529952,shrek3,of,275,True,5fb80f9bc0f3,3.1374589998449665,latency-9a28a3943939.csv
1,9a28a3943939,2025-10-21T15:15:54.636549,grail,to,718,True,5fb80f9bc0f3,2.571377000094799,latency-9a28a3943939.csv
1,9a28a3943939,2025-10-21T15:15:54.742654,shrek3,an,51,True,5fb80f9bc0f3,3.672472999824095,latency-9a28a3943939.csv
1,9a28a3943939,2025-10-21T15:15:54.851497,shrek,DONKEY,320,True,5fb80f9bc0f3,3.7304510005924394,latency-9a28a3943939.csv
1,9a28a3943939,2025-10-21T15:15:54.960759,grail,Ecky-Ecky-Ecky,1,True,5fb80f9bc0f3,3.002447999278957,latency-9a28a3943939.csv
1,9a28a3943939,2025-10-21T15:15:55.068140,shrek,help,5,False,5fb80f9bc0f3,18.4685129997888,latency-9a28a3943939.csv
1,9a28a3943939,2025-10-21T15:15:55.197001,shrek,and,318,True,5fb80f9bc0f3,3.621754999585392,latency-9a28a3943939.csv
1,9a28a3943939,2025-10-21T15:15:55.304292,shrek3,cues,3,True,5fb80f9bc0f3,2.3350339997705305,latency-9a28a3943939.csv
1,9a28a3943939,2025-10-21T15:15:55.409719,shrek,old,10,True,5fb80f9bc0f3,2.754434000053152,latency-9a28a3943939.csv
1,9a28a3943939,2025-10-21T15:15:55.515984,shrek3,body),0,True,5fb80f9bc0f3,8.338134999576141,latency-9a28a3943939.csv
1,9a28a3943939,2025-10-21T15:15:55.628565,shrek,way,26,False,5fb80f9bc0f3,10.960978999719371,latency-9a28a3943939.csv
1,9a28a3943939,2025-10-21T15:15:55.742959,grail,since,10,False,5fb80f9bc0f3,14.221759000065504,latency-9a28a3943939.csv
1,9a28a3943939,2025-10-21T15:15:55.865684,shrek,But,73,True,5fb80f9bc0f3,5.541272999835201,latency-9a28a3943939.csv
1,9a28a3943939,2025-10-21T15:15:55.978813,shrek,And,318,True,5fb80f9bc0f3,10.688161999496517,latency-9a28a3943939.csv
1,9a28a3943939,2025-10-21T15:15:56.102105,shrek3,youre,0,True,5fb80f9bc0f3,3.2935730005192454,latency-9a28a3943939.csv
1,9a28a3943939,2025-10-21T15:15:56.210598,shrek3,the,1285,True,5fb80f9bc0f3,2.906779000113602,latency-9a28a3943939.csv
1,9a28a3943939,2025-10-21T15:15:56.317222,shrek,token,1,True,5fb80f9bc0f3,2.9716859999098237,latency-9a28a3943939.csv
1,9a28a3943939,2025-10-21T15:15:56.423609,shrek,and,318,True,5fb80f9bc0f3,7.709247000093455,latency-9a28a3943939.csv
1,9a28a3943939,2025-10-21T15:15:56.538093,shrek3,him,87,True,5fb80f9bc0f3,9.920429999510816,latency-9a28a3943939.csv
1,9a28a3943939,2025-10-21T15:15:56.655145,shrek3,fall,6,True,5fb80f9bc0f3,10.081857999466592,latency-9a28a3943939.csv
2,9a28a3943939,2025-10-21T15:15:56.774856,shrek3,of,275,True,5fb80f9bc0f3,17.367394999382668,latency-9a28a3943939.csv
2,9a28a3943939,2025-10-21T15:15:56.943934,grail,to,718,True,5fb80f9bc0f3,2.416999000161013,latency-9a28a3943939.csv
2,9a28a3943939,2025-10-21T15:15:57.049178,shrek3,an,51,True,5fb80f9bc0f3,2.786844000183919,latency-9a28a3943939.csv
2,9a28a3943939,2025-10-21T15:15:57.155092,shrek,DONKEY,320,True,5fb80f9bc0f3,4.615822999767261,latency-9a28a3943939.csv
2,9a28a3943939,2025-10-21T15:15:57.263933,grail,Ecky-Ecky-Ecky,1,True,5fb80f9bc0f3,6.914927000252646,latency-9a28a3943939.csv
2,9a28a3943939,2025-10-21T15:15:57.376328,shrek,help,5,True,5fb80f9bc0f3,4.444113999852561,latency-9a28a3943939.csv
2,9a28a3943939,2025-10-21T15:15:57.484929,shrek,and,318,True,5fb80f9bc0f3,6.050069000593794,latency-9a28a3943939.csv
2,9a28a3943939,2025-10-21T15:15:57.597476,shrek3,cues,3,True,5fb80f9bc0f3,7.6004699994882685,latency-9a28a3943939.csv
2,9a28a3943939,2025-10-21T15:15:57.711473,shrek,old,10,True,5fb80f9bc0f3,4.995464000785432,latency-9a28a3943939.csv
2,9a28a3943939,2025-10-21T15:15:57.822002,shrek3,body),0,True,5fb80f9bc0f3,3.3563360002517584,latency-9a28a3943939.csv
2,9a28a3943939,2025-10-21T15:15:57.928997,shrek,way,26,True,5fb80f9bc0f3,3.411312999560323,latency-9a28a3943939.csv
2,9a28a3943939,2025-10-21T15:15:58.036421,grail,since,10,True,5fb80f9bc0f3,10.421926000162784,latency-9a28a3943939.csv
2,9a28a3943939,2025-10-21T15:15:58.152507,shrek,But,73,True,5fb80f9bc0f3,3.472427999440697,latency-9a28a3943939.csv
2,9a28a3943939,2025-10-21T15:15:58.260231,shrek,And,318,True,5fb80f9bc0f3,4.509485000198765,latency-9a28a3943939.csv
2,9a28a3943939,2025-10-21T15:15:58.368749,shrek3,youre,0,True,5fb80f9bc0f3,4.810278000149992,latency-9a28a3943939.csv
2,9a28a3943939,2025-10-21T15:15:58.477630,shrek3,the,1285,True,5fb80f9bc0f3,2.9309250003279885,latency-9a28a3943939.csv
2,9a28a3943939,2025-10-21T15:15:58.583954,shrek,token,1,True,5fb80f9bc0f3,6.4735629994174815,latency-9a28a3943939.csv
2,9a28a3943939,2025-10-21T15:15:58.694908,shrek,and,318,True,5fb80f9bc0f3,3.579752999939956,latency-9a28a3943939.csv
2,9a28a3943939,2025-10-21T15:15:58.803008,shrek3,him,87,True,5fb80f9bc0f3,5.131019999680575,latency-9a28a3943939.csv
2,9a28a3943939,2025-10-21T15:15:58.912428,shrek3,fall,6,True,5fb80f9bc0f3,2.4383869995290297,latency-9a28a3943939.csv
1,9da5b320cc90,2025-10-21T15:16:02.717213,shrek,he,118,True,5fb80f9bc0f3,4.119423000702227,latency-9da5b320cc90.csv
1,9da5b320cc90,2025-10-21T15:16:02.825556,grail,for,118,False,5fb80f9bc0f3,7.321511999180075,latency-9da5b320cc90.csv
1,9da5b320cc90,2025-10-21T15:16:02.937048,shrek3,them,44,True,5fb80f9bc0f3,2.6217860004180693,latency-9da5b320cc90.csv
1,9da5b320cc90,2025-10-21T15:16:03.044232,shrek3,PUSS,196,True,5fb80f9bc0f3,5.131900999913341,latency-9da5b320cc90.csv
1,9da5b320cc90,2025-10-21T15:16:03.155845,shrek3,MERLIN,73,True,5fb80f9bc0f3,18.277230999956373,latency-9da5b320cc90.csv
1,9da5b320cc90,2025-10-21T15:16:03.304480,shrek,What,104,True,5fb80f9bc0f3,5.127453000568494,latency-9da5b320cc90.csv
1,9da5b320cc90,2025-10-21T15:16:03.420639,shrek,FIONA,211,True,5fb80f9bc0f3,2.2606700003962032,latency-9da5b320cc90.csv
1,9da5b320cc90,2025-10-21T15:16:03.526175,grail,seek,12,True,5fb80f9bc0f3,2.611624000564916,latency-9da5b320cc90.csv
1,9da5b320cc90,2025-10-21T15:16:03.632144,shrek,the,535,True,5fb80f9bc0f3,3.962200000387384,latency-9da5b320cc90.csv
1,9da5b320cc90,2025-10-21T15:16:03.740337,shrek3,us,12,True,5fb80f9bc0f3,3.5285519998069503,latency-9da5b320cc90.csv
1,9da5b320cc90,2025-10-21T15:16:03.847570,shrek,its,1,True,5fb80f9bc0f3,3.009542000654619,latency-9da5b320cc90.csv
1,9da5b320cc90,2025-10-21T15:16:03.953746,grail,right,66,False,5fb80f9bc0f3,13.065685000583471,latency-9da5b320cc90.csv
1,9da5b320cc90,2025-10-21T15:16:04.070672,shrek3,did,14,True,5fb80f9bc0f3,3.79925600009301,latency-9da5b320cc90.csv
1,9da5b320cc90,2025-10-21T15:16:04.178748,grail,going,21,True,5fb80f9bc0f3,2.7330629991411115,latency-9da5b320cc90.csv
1,9da5b320cc90,2025-10-21T15:16:04.284918,grail,the,1600,True,5fb80f9bc0f3,6.443831999604299,latency-9da5b320cc90.csv
1,9da5b320cc90,2025-10-21T15:16:04.395071,shrek3,the,1285,True,5fb80f9bc0f3,6.350804999783577,latency-9da5b320cc90.csv
1,9da5b320cc90,2025-10-21T15:16:04.506065,grail,I,298,True,5fb80f9bc0f3,5.829153999911796,latency-9da5b320cc90.csv
1,9da5b320cc90,2025-10-21T15:16:04.617248,grail,few,8,True,5fb80f9bc0f3,4.2945450004481245,latency-9da5b320cc90.csv
1,9da5b320cc90,2025-10-21T15:16:04.724758,shrek3,MERLIN,73,True,5fb80f9bc0f3,5.260932999590295,latency-9da5b320cc90.csv
1,9da5b320cc90,2025-10-21T15:16:04.834350,shrek,FARQUAAD,84,True,5fb80f9bc0f3,5.043254000156594,latency-9da5b320cc90.csv
2,9da5b320cc90,2025-10-21T15:16:04.943583,shrek,he,118,True,5fb80f9bc0f3,3.135736000331235,latency-9da5b320cc90.csv
2,9da5b320cc90,2025-10-21T15:16:05.050460,grail,for,118,True,5fb80f9bc0f3,7.628773000760702,latency-9da5b320cc90.csv
2,9da5b320cc90,2025-10-21T15:16:05.162887,shrek3,them,44,True,5fb80f9bc0f3,6.1740780001855455,latency-9da5b320cc90.csv
2,9da5b320cc90,2025-10-21T15:16:05.274449,shrek3,PUSS,196,True,5fb80f9bc0f3,3.722686999935832,latency-9da5b320cc90.csv
2,9da5b320cc90,2025-10-21T15:16:05.382508,shrek3,MERLIN,73,True,5fb80f9bc0f3,4.243566000695864,latency-9da5b320cc90.csv
2,9da5b320cc90,2025-10-21T15:16:05.491738,shrek,What,104,True,5fb80f9bc0f3,5.875110000488348,latency-9da5b320cc90.csv
2,9da5b320cc90,2025-10-21T15:16:05.602693,shrek,FIONA,211,True,5fb80f9bc0f3,4.511387999627914,latency-9da5b320cc90.csv
2,9da5b320cc90,2025-10-21T15:16:05.711198,grail,seek,12,True,5fb80f9bc0f3,4.112264000468713,latency-9da5b320cc90.csv
2,9da5b320cc90,2025-10-21T15:16:05.820072,shrek,the,535,True,5fb80f9bc0f3,7.350570000198786,latency-9da5b320cc90.csv
2,9da5b320cc90,2025-10-21T15:16:05.932929,shrek3,us,12,True,5fb80f9bc0f3,5.972205000034592,latency-9da5b320cc90.csv
2,9da5b320cc90,2025-10-21T15:16:06.043869,shrek,its,1,True,5fb80f9bc0f3,4.0726010001890245,latency-9da5b320cc90.csv
2,9da5b320cc90,2025-10-21T15:16:06.151781,grail,right,66,True,5fb80f9bc0f3,4.16463700003078,latency-9da5b320cc90.csv
2,9da5b320cc90,2025-10-21T15:16:06.260159,shrek3,did,14,True,5fb80f9bc0f3,5.5944799996723305,latency-9da5b320cc90.csv
2,9da5b320cc90,2025-10-21T15:16:06.371567,grail,going,21,True,5fb80f9bc0f3,3.3959969996431028,latency-9da5b320cc90.csv
2,9da5b320cc90,2025-10-21T15:16:06.479590,grail,the,1600,True,5fb80f9bc0f3,6.872871999803465,latency-9da5b320cc90.csv
2,9da5b320cc90,2025-10-21T15:16:06.590353,shrek3,the,1285,True,5fb80f9bc0f3,2.843786999619624,latency-9da5b320cc90.csv
2,9da5b320cc90,2025-10-21T15:16:06.696653,grail,I,298,True,5fb80f9bc0f3,3.4499989997129887,latency-9da5b320cc90.csv
2,9da5b320cc90,2025-10-21T15:16:06.804056,grail,few,8,True,5fb80f9bc0f3,3.650874000413751,latency-9da5b320cc90.csv
2,9da5b320cc90,2025-10-21T15:16:06.911710,shrek3,MERLIN,73,True,5fb80f9bc0f3,2.2092680001151166,latency-9da5b320cc90.csv
2,9da5b320cc90,2025-10-21T15:16:07.017242,shrek,FARQUAAD,84,True,5fb80f9bc0f3,4.75352000012208,latency-9da5b320cc90.csv
1,a80e39d7a5b7,2025-10-21T15:16:17.913479,shrek,Nobody,4,True,5fb80f9bc0f3,4.012555999906908,latency-a80e39d7a5b7.csv
1,a80e39d7a5b7,2025-10-21T15:16:18.020921,shrek,old,10,True,5fb80f9bc0f3,5.354732999876433,latency-a80e39d7a5b7.csv
1,a80e39d7a5b7,2025-10-21T15:16:18.130245,shrek,DONKEY,320,True,5fb80f9bc0f3,4.935627000122622,latency-a80e39d7a5b7.csv
1,a80e39d7a5b7,2025-10-21T15:16:18.239215,shrek3,PUSS,196,True,5fb80f9bc0f3,4.595008000251255,latency-a80e39d7a5b7.csv
1,a80e39d7a5b7,2025-10-21T15:16:18.347493,shrek,will,16,True,5fb80f9bc0f3,2.986340000461496,latency-a80e39d7a5b7.csv
1,a80e39d7a5b7,2025-10-21T15:16:18.453795,shrek,I,386,True,5fb80f9bc0f3,4.726178999590047,latency-a80e39d7a5b7.csv
1,a80e39d7a5b7,2025-10-21T15:16:18.562775,shrek,FIONA,211,True,5fb80f9bc0f3,3.8455600006273016,latency-a80e39d7a5b7.csv
1,a80e39d7a5b7,2025-10-21T15:16:18.670337,shrek,tale,7,True,5fb80f9bc0f3,3.854733000480337,latency-a80e39d7a5b7.csv
1,a80e39d7a5b7,2025-10-21T15:16:18.778087,shrek,old,10,True,5fb80f9bc0f3,3.130533999865293,latency-a80e39d7a5b7.csv
1,a80e39d7a5b7,2025-10-21T15:16:18.884919,shrek,his,48,True,5fb80f9bc0f3,4.208333999486058,latency-a80e39d7a5b7.csv
1,a80e39d7a5b7,2025-10-21T15:16:18.995398,shrek,DONKEY,320,True,5fb80f9bc0f3,4.78103600016766,latency-a80e39d7a5b7.csv
1,a80e39d7a5b7,2025-10-21T15:16:19.106381,shrek,"Ha,",0,True,5fb80f9bc0f3,3.508462999889161,latency-a80e39d7a5b7.csv
1,a80e39d7a5b7,2025-10-21T15:16:19.213656,shrek3,did,14,True,5fb80f9bc0f3,2.693022000130441,latency-a80e39d7a5b7.csv
1,a80e39d7a5b7,2025-10-21T15:16:19.322975,shrek,I,386,True,5fb80f9bc0f3,22.984060999988287,latency-a80e39d7a5b7.csv
1,a80e39d7a5b7,2025-10-21T15:16:19.453570,grail,the,1600,True,5fb80f9bc0f3,3.054957000131253,latency-a80e39d7a5b7.csv
1,a80e39d7a5b7,2025-10-21T15:16:19.559993,shrek,FIONA,211,True,5fb80f9bc0f3,2.717798999583465,latency-a80e39d7a5b7.csv
1,a80e39d7a5b7,2025-10-21T15:16:19.665892,shrek,FIONA,211,True,5fb80f9bc0f3,4.346601999714039,latency-a80e39d7a5b7.csv
1,a80e39d7a5b7,2025-10-21T15:16:19.774551,shrek3,the,1285,True,5fb80f9bc0f3,6.952624000405194,latency-a80e39d7a5b7.csv
1,a80e39d7a5b7,2025-10-21T15:16:19.885906,grail,from,94,True,5fb80f9bc0f3,2.6459209993845434,latency-a80e39d7a5b7.csv
1,a80e39d7a5b7,2025-10-21T15:16:19.991457,shrek,I,386,True,5fb80f9bc0f3,5.40497099973436,latency-a80e39d7a5b7.csv
2,a80e39d7a5b7,2025-10-21T15:16:20.100300,shrek,Nobody,4,True,5fb80f9bc0f3,4.610466000485758,latency-a80e39d7a5b7.csv
2,a80e39d7a5b7,2025-10-21T15:16:20.210331,shrek,old,10,True,5fb80f9bc0f3,9.780595999473007,latency-a80e39d7a5b7.csv
2,a80e39d7a5b7,2025-10-21T15:16:20.339654,shrek,DONKEY,320,True,5fb80f9bc0f3,10.868737999771838,latency-a80e39d7a5b7.csv
2,a80e39d7a5b7,2025-10-21T15:16:20.459834,shrek3,PUSS,196,True,5fb80f9bc0f3,7.121007000023383,latency-a80e39d7a5b7.csv
2,a80e39d7a5b7,2025-10-21T15:16:20.573079,shrek,will,16,True,5fb80f9bc0f3,5.439470000055735,latency-a80e39d7a5b7.csv
2,a80e39d7a5b7,2025-10-21T15:16:20.686647,shrek,I,386,True,5fb80f9bc0f3,9.985704999962763,latency-a80e39d7a5b7.csv
2,a80e39d7a5b7,2025-10-21T15:16:20.809547,shrek,FIONA,211,True,5fb80f9bc0f3,5.815330000586982,latency-a80e39d7a5b7.csv
2,a80e39d7a5b7,2025-10-21T15:16:20.921916,shrek,tale,7,True,5fb80f9bc0f3,4.817732999981672,latency-a80e39d7a5b7.csv
2,a80e39d7a5b7,2025-10-21T15:16:21.031987,shrek,old,10,True,5fb80f9bc0f3,5.490879000717541,latency-a80e39d7a5b7.csv
2,a80e39d7a5b7,2025-10-21T15:16:21.144013,shrek,his,48,True,5fb80f9bc0f3,6.624250000641041,latency-a80e39d7a5b7.csv
2,a80e39d7a5b7,2025-10-21T15:16:21.257082,shrek,DONKEY,320,True,5fb80f9bc0f3,5.202108000048611,latency-a80e39d7a5b7.csv
2,a80e39d7a5b7,2025-10-21T15:16:21.370625,shrek,"Ha,",0,True,5fb80f9bc0f3,4.774684000039997,latency-a80e39d7a5b7.csv
2,a80e39d7a5b7,2025-10-21T15:16:21.485048,shrek3,did,14,True,5fb80f9bc0f3,3.01731000035943,latency-a80e39d7a5b7.csv
2,a80e39d7a5b7,2025-10-21T15:16:21.591355,shrek,I,386,True,5fb80f9bc0f3,2.9801620003127027,latency-a80e39d7a5b7.csv
2,a80e39d7a5b7,2025-10-21T15:16:21.698003,grail,the,1600,True,5fb80f9bc0f3,5.763551999734773,latency-a80e39d7a5b7.csv
2,a80e39d7a5b7,2025-10-21T15:16:21.811499,shrek,FIONA,211,True,5fb80f9bc0f3,4.335171000093396,latency-a80e39d7a5b7.csv
2,a80e39d7a5b7,2025-10-21T15:16:21.922881,shrek,FIONA,211,True,5fb80f9bc0f3,2.3279409997485345,latency-a80e39d7a5b7.csv
2,a80e39d7a5b7,2025-10-21T15:16:22.028322,shrek3,the,1285,True,5fb80f9bc0f3,3.9337620000878815,latency-a80e39d7a5b7.csv
2,a80e39d7a5b7,2025-10-21T15:16:22.136309,grail,from,94,True,5fb80f9bc0f3,9.447851999539123,latency-a80e39d7a5b7.csv
2,a80e39d7a5b7,2025-10-21T15:16:22.250445,shrek,I,386,True,5fb80f9bc0f3,6.084520000513294,latency-a80e39d7a5b7.csv
1,aa3e913861c7,2025-10-21T15:16:10.888926,shrek,GUARD,25,True,5fb80f9bc0f3,2.665750000232947,latency-aa3e913861c7.csv
1,aa3e913861c7,2025-10-21T15:16:10.994485,shrek,he,118,True,5fb80f9bc0f3,2.543485999922268,latency-aa3e913861c7.csv
1,aa3e913861c7,2025-10-21T15:16:11.100634,grail,TV,2,True,5fb80f9bc0f3,2.863995000552677,latency-aa3e913861c7.csv
1,aa3e913861c7,2025-10-21T15:16:11.206952,shrek,stairs,7,True,5fb80f9bc0f3,2.799636000418104,latency-aa3e913861c7.csv
1,aa3e913861c7,2025-10-21T15:16:11.313417,grail,dancing,10,True,5fb80f9bc0f3,2.4379249998673918,latency-aa3e913861c7.csv
1,aa3e913861c7,2025-10-21T15:16:11.418967,grail,the,1600,True,5fb80f9bc0f3,4.222072999255033,latency-aa3e913861c7.csv
1,aa3e913861c7,2025-10-21T15:16:11.527838,shrek,afraid,8,True,5fb80f9bc0f3,3.5000070001842687,latency-aa3e913861c7.csv
1,aa3e913861c7,2025-10-21T15:16:11.635143,shrek3,body),0,True,5fb80f9bc0f3,2.781273999971745,latency-aa3e913861c7.csv
1,aa3e913861c7,2025-10-21T15:16:11.741383,shrek3,showing,1,True,5fb80f9bc0f3,2.2405999998227344,latency-aa3e913861c7.csv
1,aa3e913861c7,2025-10-21T15:16:11.846699,grail,"Peng,",0,False,5fb80f9bc0f3,8.518391000507108,latency-aa3e913861c7.csv
1,aa3e913861c7,2025-10-21T15:16:11.960130,shrek,at,62,True,5fb80f9bc0f3,3.739922999557166,latency-aa3e913861c7.csv
1,aa3e913861c7,2025-10-21T15:16:12.068998,shrek,the,535,True,5fb80f9bc0f3,2.5449820004723733,latency-aa3e913861c7.csv
1,aa3e913861c7,2025-10-21T15:16:12.175220,grail,king,136,True,5fb80f9bc0f3,2.9815980005878373,latency-aa3e913861c7.csv
1,aa3e913861c7,2025-10-21T15:16:12.281963,grail,Launcelot,107,True,5fb80f9bc0f3,4.90638500014029,latency-aa3e913861c7.csv
1,aa3e913861c7,2025-10-21T15:16:12.391308,shrek3,them,44,True,5fb80f9bc0f3,4.234772000017983,latency-aa3e913861c7.csv
1,aa3e913861c7,2025-10-21T15:16:12.500966,grail,ANOTHER,25,True,5fb80f9bc0f3,7.302261000404542,latency-aa3e913861c7.csv
1,aa3e913861c7,2025-10-21T15:16:12.616254,grail,it,279,True,5fb80f9bc0f3,7.41517999995267,latency-aa3e913861c7.csv
1,aa3e913861c7,2025-10-21T15:16:12.732440,grail,Tm,5,True,5fb80f9bc0f3,5.693238000276324,latency-aa3e913861c7.csv
1,aa3e913861c7,2025-10-21T15:16:12.844771,shrek3,"Suddenly,",0,True,5fb80f9bc0f3,6.1244139997143066,latency-aa3e913861c7.csv
1,aa3e913861c7,2025-10-21T15:16:12.961939,shrek3,OGRE,39,True,5fb80f9bc0f3,5.470241999319114,latency-aa3e913861c7.csv
2,aa3e913861c7,2025-10-21T15:16:13.079702,shrek,GUARD,25,True,5fb80f9bc0f3,8.125958000164246,latency-aa3e913861c7.csv
2,aa3e913861c7,2025-10-21T15:16:13.195744,shrek,he,118,True,5fb80f9bc0f3,4.680843000642199,latency-aa3e913861c7.csv
2,aa3e913861c7,2025-10-21T15:16:13.308436,grail,TV,2,True,5fb80f9bc0f3,10.506134000024758,latency-aa3e913861c7.csv
2,aa3e913861c7,2025-10-21T15:16:13.429576,shrek,stairs,7,True,5fb80f9bc0f3,5.224380000072415,latency-aa3e913861c7.csv
2,aa3e913861c7,2025-10-21T15:16:13.544595,grail,dancing,10,True,5fb80f9bc0f3,4.397274999973888,latency-aa3e913861c7.csv
2,aa3e913861c7,2025-10-21T15:16:13.657843,grail,the,1600,True,5fb80f9bc0f3,13.711550000152783,latency-aa3e913861c7.csv
2,aa3e913861c7,2025-10-21T15:16:13.784355,shrek,afraid,8,True,5fb80f9bc0f3,5.606021999483346,latency-aa3e913861c7.csv
2,aa3e913861c7,2025-10-21T15:16:13.899130,shrek3,body),0,True,5fb80f9bc0f3,3.813508999883197,latency-aa3e913861c7.csv
2,aa3e913861c7,2025-10-21T15:16:14.007491,shrek3,showing,1,True,5fb80f9bc0f3,6.034603999978572,latency-aa3e913861c7.csv
2,aa3e913861c7,2025-10-21T15:16:14.120788,grail,"Peng,",0,True,5fb80f9bc0f3,9.332646999610006,latency-aa3e913861c7.csv
2,aa3e913861c7,2025-10-21T15:16:14.242980,shrek,at,62,True,5fb80f9bc0f3,7.0884259994272725,latency-aa3e913861c7.csv
2,aa3e913861c7,2025-10-21T15:16:14.358167,shrek,the,535,True,5fb80f9bc0f3,4.074325000146928,latency-aa3e913861c7.csv
2,aa3e913861c7,2025-10-21T15:16:14.467194,grail,king,136,True,5fb80f9bc0f3,3.073333999964234,latency-aa3e913861c7.csv
2,aa3e913861c7,2025-10-21T15:16:14.574790,grail,Launcelot,107,True,5fb80f9bc0f3,4.5000569998592255,latency-aa3e913861c7.csv
2,aa3e913861c7,2025-10-21T15:16:14.688012,shrek3,them,44,True,5fb80f9bc0f3,4.113308000341931,latency-aa3e913861c7.csv
2,aa3e913861c7,2025-10-21T15:16:14.796956,grail,ANOTHER,25,True,5fb80f9bc0f3,3.8227750001169625,latency-aa3e913861c7.csv
2,aa3e913861c7,2025-10-21T15:16:14.904728,grail,it,279,True,5fb80f9bc0f3,7.016685000053258,latency-aa3e913861c7.csv
2,aa3e913861c7,2025-10-21T15:16:15.016249,grail,Tm,5,True,5fb80f9bc0f3,8.39042299958237,latency-aa3e913861c7.csv
2,aa3e913861c7,2025-10-21T15:16:15.129534,shrek3,"Suddenly,",0,True,5fb80f9bc0f3,6.929786000000604,latency-aa3e913861c7.csv
2,aa3e913861c7,2025-10-21T15:16:15.242935,shrek3,OGRE,39,True,5fb80f9bc0f3,7.403163000162749,latency-aa3e913861c7.csv
1,abae2043cefe,2025-10-21T15:16:12.497349,grail,the,1600,True,5fb80f9bc0f3,4.044295999847236,latency-abae2043cefe.csv
1,abae2043cefe,2025-10-21T15:16:12.612464,shrek,DONKEY,320,True,5fb80f9bc0f3,3.3861800002341624,latency-abae2043cefe.csv
1,abae2043cefe,2025-10-21T15:16:12.721571,grail,on,139,True,5fb80f9bc0f3,3.46294399969338,latency-abae2043cefe.csv
1,abae2043cefe,2025-10-21T15:16:12.828775,shrek3,toward,14,True,5fb80f9bc0f3,3.61545599935198,latency-abae2043cefe.csv
1,abae2043cefe,2025-10-21T15:16:12.936506,shrek,Blah,1,True,5fb80f9bc0f3,6.779199999982666,latency-abae2043cefe.csv
1,abae2043cefe,2025-10-21T15:16:13.047409,shrek,SHREK,433,True,5fb80f9bc0f3,8.833947000312037,latency-abae2043cefe.csv
1,abae2043cefe,2025-10-21T15:16:13.160271,shrek,a,305,True,5fb80f9bc0f3,7.989720999830752,latency-abae2043cefe.csv
1,abae2043cefe,2025-10-21T15:16:13.272831,grail,Launcelot,107,True,5fb80f9bc0f3,12.24303700018936,latency-abae2043cefe.csv
1,abae2043cefe,2025-10-21T15:16:13.398179,grail,for,118,True,5fb80f9bc0f3,8.095400999991398,latency-abae2043cefe.csv
1,abae2043cefe,2025-10-21T15:16:13.516715,shrek3,Guards,23,True,5fb80f9bc0f3,10.11291600025288,latency-abae2043cefe.csv
1,abae2043cefe,2025-10-21T15:16:13.637027,shrek3,CHARMING,232,True,5fb80f9bc0f3,10.426648999782628,latency-abae2043cefe.csv
1,abae2043cefe,2025-10-21T15:16:13.756742,shrek3,his,238,True,5fb80f9bc0f3,5.028737999964505,latency-abae2043cefe.csv
1,abae2043cefe,2025-10-21T15:16:13.867922,shrek,edge,2,True,5fb80f9bc0f3,3.786784999647352,latency-abae2043cefe.csv
1,abae2043cefe,2025-10-21T15:16:13.975689,shrek,CROWD,5,True,5fb80f9bc0f3,3.7653629997294047,latency-abae2043cefe.csv
1,abae2043cefe,2025-10-21T15:16:14.086032,grail,"Oh,",2,True,5fb80f9bc0f3,4.328621999775351,latency-abae2043cefe.csv
1,abae2043cefe,2025-10-21T15:16:14.196048,grail,music,21,True,5fb80f9bc0f3,3.716027999871585,latency-abae2043cefe.csv
1,abae2043cefe,2025-10-21T15:16:14.303882,grail,with/,0,True,5fb80f9bc0f3,3.170612999383593,latency-abae2043cefe.csv
1,abae2043cefe,2025-10-21T15:16:14.410866,shrek,number,8,True,5fb80f9bc0f3,3.130645000055665,latency-abae2043cefe.csv
1,abae2043cefe,2025-10-21T15:16:14.517646,shrek,his,48,True,5fb80f9bc0f3,3.6920309994457057,latency-abae2043cefe.csv
1,abae2043cefe,2025-10-21T15:16:14.626191,grail,“I,0,True,5fb80f9bc0f3,5.89260199922137,latency-abae2043cefe.csv
2,abae2043cefe,2025-10-21T15:16:14.737410,grail,the,1600,True,5fb80f9bc0f3,5.09352500012028,latency-abae2043cefe.csv
2,abae2043cefe,2025-10-21T15:16:14.847698,shrek,DONKEY,320,True,5fb80f9bc0f3,10.100808999595756,latency-abae2043cefe.csv
2,abae2043cefe,2025-10-21T15:16:14.962637,grail,on,139,True,5fb80f9bc0f3,9.992418000365433,latency-abae2043cefe.csv
2,abae2043cefe,2025-10-21T15:16:15.077388,shrek3,toward,14,True,5fb80f9bc0f3,5.775813000582275,latency-abae2043cefe.csv
2,abae2043cefe,2025-10-21T15:16:15.187765,shrek,Blah,1,True,5fb80f9bc0f3,6.083185000534286,latency-abae2043cefe.csv
2,abae2043cefe,2025-10-21T15:16:15.299115,shrek,SHREK,433,True,5fb80f9bc0f3,4.899776999991445,latency-abae2043cefe.csv
2,abae2043cefe,2025-10-21T15:16:15.408251,shrek,a,305,True,5fb80f9bc0f3,3.2643419999658363,latency-abae2043cefe.csv
2,abae2043cefe,2025-10-21T15:16:15.514866,grail,Launcelot,107,True,5fb80f9bc0f3,2.938891000667354,latency-abae2043cefe.csv
2,abae2043cefe,2025-10-21T15:16:15.621173,grail,for,118,True,5fb80f9bc0f3,4.301768000004813,latency-abae2043cefe.csv
2,abae2043cefe,2025-10-21T15:16:15.730986,shrek3,Guards,23,True,5fb80f9bc0f3,3.345839000758133,latency-abae2043cefe.csv
2,abae2043cefe,2025-10-21T15:16:15.838354,shrek3,CHARMING,232,True,5fb80f9bc0f3,2.886180000132299,latency-abae2043cefe.csv
2,abae2043cefe,2025-10-21T15:16:15.945037,shrek3,his,238,True,5fb80f9bc0f3,4.546096000012767,latency-abae2043cefe.csv
2,abae2043cefe,2025-10-21T15:16:16.054885,shrek,edge,2,True,5fb80f9bc0f3,5.933591000029992,latency-abae2043cefe.csv
2,abae2043cefe,2025-10-21T15:16:16.170553,shrek,CROWD,5,True,5fb80f9bc0f3,2.830850999998802,latency-abae2043cefe.csv
2,abae2043cefe,2025-10-21T15:16:16.276854,grail,"Oh,",2,True,5fb80f9bc0f3,3.529037000589597,latency-abae2043cefe.csv
2,abae2043cefe,2025-10-21T15:16:16.383939,grail,music,21,True,5fb80f9bc0f3,6.041722999725607,latency-abae2043cefe.csv
2,abae2043cefe,2025-10-21T15:16:16.494422,grail,with/,0,True,5fb80f9bc0f3,4.558681999697001,latency-abae2043cefe.csv
2,abae2043cefe,2025-10-21T15:16:16.603106,shrek,number,8,True,5fb80f9bc0f3,3.125615000499238,latency-abae2043cefe.csv
2,abae2043cefe,2025-10-21T15:16:16.709589,shrek,his,48,True,5fb80f9bc0f3,4.04413799969916,latency-abae2043cefe.csv
2,abae2043cefe,2025-10-21T15:16:16.817164,grail,“I,0,True,5fb80f9bc0f3,4.13526499960426,latency-abae2043cefe.csv
1,b1ae3d4a1c7f,2025-10-21T15:16:21.569107,shrek,ogre,27,True,5fb80f9bc0f3,2.993983999658667,latency-b1ae3d4a1c7f.csv
1,b1ae3d4a1c7f,2025-10-21T15:16:21.675792,shrek3,EVIL,59,True,5fb80f9bc0f3,3.3565250005267444,latency-b1ae3d4a1c7f.csv
1,b1ae3d4a1c7f,2025-10-21T15:16:21.782632,grail,Rostmm,1,True,5fb80f9bc0f3,6.250434999856225,latency-b1ae3d4a1c7f.csv
1,b1ae3d4a1c7f,2025-10-21T15:16:21.892555,shrek3,Be,71,True,5fb80f9bc0f3,7.316389000152412,latency-b1ae3d4a1c7f.csv
1,b1ae3d4a1c7f,2025-10-21T15:16:22.003359,shrek3,Shrek,678,True,5fb80f9bc0f3,9.011363999889,latency-b1ae3d4a1c7f.csv
1,b1ae3d4a1c7f,2025-10-21T15:16:22.120718,shrek3,at,134,True,5fb80f9bc0f3,7.611858999553078,latency-b1ae3d4a1c7f.csv
1,b1ae3d4a1c7f,2025-10-21T15:16:22.241931,shrek3,BOAT,32,True,5fb80f9bc0f3,3.7038700002085534,latency-b1ae3d4a1c7f.csv
1,b1ae3d4a1c7f,2025-10-21T15:16:22.350791,shrek,MAN,38,True,5fb80f9bc0f3,3.017315999386483,latency-b1ae3d4a1c7f.csv
1,b1ae3d4a1c7f,2025-10-21T15:16:22.457684,grail,-,259,True,5fb80f9bc0f3,5.280737000248337,latency-b1ae3d4a1c7f.csv
1,b1ae3d4a1c7f,2025-10-21T15:16:22.567244,grail,music,21,True,5fb80f9bc0f3,5.818934000672016,latency-b1ae3d4a1c7f.csv
1,b1ae3d4a1c7f,2025-10-21T15:16:22.676975,shrek3,"meet""",0,True,5fb80f9bc0f3,5.211149999922782,latency-b1ae3d4a1c7f.csv
1,b1ae3d4a1c7f,2025-10-21T15:16:22.786143,grail,few,8,True,5fb80f9bc0f3,4.163995000453724,latency-b1ae3d4a1c7f.csv
1,b1ae3d4a1c7f,2025-10-21T15:16:22.895457,shrek3,SNOW,49,True,5fb80f9bc0f3,5.429253000329481,latency-b1ae3d4a1c7f.csv
1,b1ae3d4a1c7f,2025-10-21T15:16:23.005208,shrek3,Donkey,243,True,5fb80f9bc0f3,21.476498999618343,latency-b1ae3d4a1c7f.csv
1,b1ae3d4a1c7f,2025-10-21T15:16:23.135316,shrek,you,409,True,5fb80f9bc0f3,14.25789699987945,latency-b1ae3d4a1c7f.csv
1,b1ae3d4a1c7f,2025-10-21T15:16:23.258153,shrek,minute,3,True,5fb80f9bc0f3,5.938975999924878,latency-b1ae3d4a1c7f.csv
1,b1ae3d4a1c7f,2025-10-21T15:16:23.368976,shrek,FIONA,211,True,5fb80f9bc0f3,6.215847000021313,latency-b1ae3d4a1c7f.csv
1,b1ae3d4a1c7f,2025-10-21T15:16:23.479315,shrek3,BOAT,32,True,5fb80f9bc0f3,6.851567000012437,latency-b1ae3d4a1c7f.csv
1,b1ae3d4a1c7f,2025-10-21T15:16:23.593776,shrek3,the,1285,True,5fb80f9bc0f3,6.998520999331959,latency-b1ae3d4a1c7f.csv
1,b1ae3d4a1c7f,2025-10-21T15:16:23.708034,shrek3,his,238,True,5fb80f9bc0f3,6.928586999492836,latency-b1ae3d4a1c7f.csv
2,b1ae3d4a1c7f,2025-10-21T15:16:23.823564,shrek,ogre,27,True,5fb80f9bc0f3,5.723436000153015,latency-b1ae3d4a1c7f.csv
2,b1ae3d4a1c7f,2025-10-21T15:16:23.935535,shrek3,EVIL,59,True,5fb80f9bc0f3,8.282205999421421,latency-b1ae3d4a1c7f.csv
2,b1ae3d4a1c7f,2025-10-21T15:16:24.048871,grail,Rostmm,1,True,5fb80f9bc0f3,3.2302629997502663,latency-b1ae3d4a1c7f.csv
2,b1ae3d4a1c7f,2025-10-21T15:16:24.155999,shrek3,Be,71,True,5fb80f9bc0f3,3.286662000391516,latency-b1ae3d4a1c7f.csv
2,b1ae3d4a1c7f,2025-10-21T15:16:24.262795,shrek3,Shrek,678,True,5fb80f9bc0f3,3.9798029993107775,latency-b1ae3d4a1c7f.csv
2,b1ae3d4a1c7f,2025-10-21T15:16:24.371053,shrek3,at,134,True,5fb80f9bc0f3,2.6371489993834984,latency-b1ae3d4a1c7f.csv
2,b1ae3d4a1c7f,2025-10-21T15:16:24.476807,shrek3,BOAT,32,True,5fb80f9bc0f3,2.852972000255249,latency-b1ae3d4a1c7f.csv
2,b1ae3d4a1c7f,2025-10-21T15:16:24.584055,shrek,MAN,38,True,5fb80f9bc0f3,4.8139210002773325,latency-b1ae3d4a1c7f.csv
2,b1ae3d4a1c7f,2025-10-21T15:16:24.693096,grail,-,259,True,5fb80f9bc0f3,4.230051999911666,latency-b1ae3d4a1c7f.csv
2,b1ae3d4a1c7f,2025-10-21T15:16:24.801030,grail,music,21,True,5fb80f9bc0f3,4.234279000229435,latency-b1ae3d4a1c7f.csv
2,b1ae3d4a1c7f,2025-10-21T15:16:24.909378,shrek3,"meet""",0,True,5fb80f9bc0f3,3.85175000064919,latency-b1ae3d4a1c7f.csv
2,b1ae3d4a1c7f,2025-10-21T15:16:25.017069,grail,few,8,True,5fb80f9bc0f3,3.1271409998225863,latency-b1ae3d4a1c7f.csv
2,b1ae3d4a1c7f,2025-10-21T15:16:25.124347,shrek3,SNOW,49,True,5fb80f9bc0f3,4.309506999561563,latency-b1ae3d4a1c7f.csv
2,b1ae3d4a1c7f,2025-10-21T15:16:25.233359,shrek3,Donkey,243,True,5fb80f9bc0f3,5.313496999406198,latency-b1ae3d4a1c7f.csv
2,b1ae3d4a1c7f,2025-10-21T15:16:25.343056,shrek,you,409,True,5fb80f9bc0f3,3.1595050004398217,latency-b1ae3d4a1c7f.csv
2,b1ae3d4a1c7f,2025-10-21T15:16:25.449939,shrek,minute,3,True,5fb80f9bc0f3,4.740342999866698,latency-b1ae3d4a1c7f.csv
2,b1ae3d4a1c7f,2025-10-21T15:16:25.559876,shrek,FIONA,211,True,5fb80f9bc0f3,17.826196999521926,latency-b1ae3d4a1c7f.csv
2,b1ae3d4a1c7f,2025-10-21T15:16:25.691279,shrek3,BOAT,32,True,5fb80f9bc0f3,4.52767299975676,latency-b1ae3d4a1c7f.csv
2,b1ae3d4a1c7f,2025-10-21T15:16:25.800405,shrek3,the,1285,True,5fb80f9bc0f3,4.790494999724615,latency-b1ae3d4a1c7f.csv
2,b1ae3d4a1c7f,2025-10-21T15:16:25.909601,shrek3,his,238,True,5fb80f9bc0f3,3.228827999919304,latency-b1ae3d4a1c7f.csv
1,b2091d310f26,2025-10-21T15:16:17.439514,shrek,looks,37,True,5fb80f9bc0f3,2.985162000186392,latency-b2091d310f26.csv
1,b2091d310f26,2025-10-21T15:16:17.546195,shrek3,youre,0,True,5fb80f9bc0f3,3.9575229993715766,latency-b2091d310f26.csv
1,b2091d310f26,2025-10-21T15:16:17.653821,shrek,FIONA,211,True,5fb80f9bc0f3,3.66686200050026,latency-b2091d310f26.csv
1,b2091d310f26,2025-10-21T15:16:17.761520,shrek,"Well,",0,True,5fb80f9bc0f3,3.4319939995839377,latency-b2091d310f26.csv
1,b2091d310f26,2025-10-21T15:16:17.868612,shrek,SHREK,433,True,5fb80f9bc0f3,3.269245999945269,latency-b2091d310f26.csv
1,b2091d310f26,2025-10-21T15:16:17.975267,grail,pathetic,4,True,5fb80f9bc0f3,2.652336999744876,latency-b2091d310f26.csv
1,b2091d310f26,2025-10-21T15:16:18.081456,shrek,way,26,True,5fb80f9bc0f3,3.770538999560813,latency-b2091d310f26.csv
1,b2091d310f26,2025-10-21T15:16:18.194449,grail,Launcelot,107,True,5fb80f9bc0f3,3.1281150004360825,latency-b2091d310f26.csv
1,b2091d310f26,2025-10-21T15:16:18.301018,shrek,SHREK,433,True,5fb80f9bc0f3,3.061481999793614,latency-b2091d310f26.csv
1,b2091d310f26,2025-10-21T15:16:18.408351,grail,Auuuuuuuugh,2,True,5fb80f9bc0f3,2.480598000147438,latency-b2091d310f26.csv
1,b2091d310f26,2025-10-21T15:16:18.514708,shrek3,boomerang,1,True,5fb80f9bc0f3,4.335951000030036,latency-b2091d310f26.csv
1,b2091d310f26,2025-10-21T15:16:18.623685,shrek3,PRINCE,207,True,5fb80f9bc0f3,4.087980999429419,latency-b2091d310f26.csv
1,b2091d310f26,2025-10-21T15:16:18.732438,grail,witch,30,True,5fb80f9bc0f3,3.3014890004778863,latency-b2091d310f26.csv
1,b2091d310f26,2025-10-21T15:16:18.839522,shrek,baby,3,True,5fb80f9bc0f3,3.112221000264981,latency-b2091d310f26.csv
1,b2091d310f26,2025-10-21T15:16:18.945900,grail,king,136,True,5fb80f9bc0f3,3.5823660000460222,latency-b2091d310f26.csv
1,b2091d310f26,2025-10-21T15:16:19.053760,shrek3,them,44,True,5fb80f9bc0f3,4.502460999901814,latency-b2091d310f26.csv
1,b2091d310f26,2025-10-21T15:16:19.163201,grail,“I,0,True,5fb80f9bc0f3,3.3043459998225444,latency-b2091d310f26.csv
1,b2091d310f26,2025-10-21T15:16:19.272171,shrek,a,305,True,5fb80f9bc0f3,4.596134999701462,latency-b2091d310f26.csv
1,b2091d310f26,2025-10-21T15:16:19.390636,shrek,this,79,True,5fb80f9bc0f3,19.66464300039661,latency-b2091d310f26.csv
1,b2091d310f26,2025-10-21T15:16:19.514624,grail,dancing,10,True,5fb80f9bc0f3,8.399938000366092,latency-b2091d310f26.csv
2,b2091d310f26,2025-10-21T15:16:19.630988,shrek,looks,37,True,5fb80f9bc0f3,7.71047800026281,latency-b2091d310f26.csv
2,b2091d310f26,2025-10-21T15:16:19.747231,shrek3,youre,0,True,5fb80f9bc0f3,5.796851000013703,latency-b2091d310f26.csv
2,b2091d310f26,2025-10-21T15:16:19.862107,shrek,FIONA,211,True,5fb80f9bc0f3,4.105081000489008,latency-b2091d310f26.csv
2,b2091d310f26,2025-10-21T15:16:19.973440,shrek,"Well,",0,True,5fb80f9bc0f3,5.564154000239796,latency-b2091d310f26.csv
2,b2091d310f26,2025-10-21T15:16:20.088153,shrek,SHREK,433,True,5fb80f9bc0f3,2.8819409999414347,latency-b2091d310f26.csv
2,b2091d310f26,2025-10-21T15:16:20.195556,grail,pathetic,4,True,5fb80f9bc0f3,3.810838000390504,latency-b2091d310f26.csv
2,b2091d310f26,2025-10-21T15:16:20.305871,shrek,way,26,True,5fb80f9bc0f3,3.650521000054141,latency-b2091d310f26.csv
2,b2091d310f26,2025-10-21T15:16:20.413548,grail,Launcelot,107,True,5fb80f9bc0f3,2.893104000577296,latency-b2091d310f26.csv
2,b2091d310f26,2025-10-21T15:16:20.520188,shrek,SHREK,433,True,5fb80f9bc0f3,2.7612710000539664,latency-b2091d310f26.csv
2,b2091d310f26,2025-10-21T15:16:20.627872,grail,Auuuuuuuugh,2,True,5fb80f9bc0f3,4.709410000032221,latency-b2091d310f26.csv
2,b2091d310f26,2025-10-21T15:16:20.739156,shrek3,boomerang,1,True,5fb80f9bc0f3,5.99735600007989,latency-b2091d310f26.csv
2,b2091d310f26,2025-10-21T15:16:20.849351,shrek3,PRINCE,207,True,5fb80f9bc0f3,2.501740000298014,latency-b2091d310f26.csv
2,b2091d310f26,2025-10-21T15:16:20.955445,grail,witch,30,True,5fb80f9bc0f3,4.151656000431103,latency-b2091d310f26.csv
2,b2091d310f26,2025-10-21T15:16:21.063941,shrek,baby,3,True,5fb80f9bc0f3,4.25347599957604,latency-b2091d310f26.csv
2,b2091d310f26,2025-10-21T15:16:21.173315,grail,king,136,True,5fb80f9bc0f3,4.541262000202551,latency-b2091d310f26.csv
2,b2091d310f26,2025-10-21T15:16:21.282714,shrek3,them,44,True,5fb80f9bc0f3,4.984397000043828,latency-b2091d310f26.csv
2,b2091d310f26,2025-10-21T15:16:21.392308,grail,“I,0,True,5fb80f9bc0f3,5.4035699995438335,latency-b2091d310f26.csv
2,b2091d310f26,2025-10-21T15:16:21.501999,shrek,a,305,True,5fb80f9bc0f3,3.883729000335734,latency-b2091d310f26.csv
2,b2091d310f26,2025-10-21T15:16:21.609469,shrek,this,79,True,5fb80f9bc0f3,4.222356000354921,latency-b2091d310f26.csv
2,b2091d310f26,2025-10-21T15:16:21.717579,grail,dancing,10,True,5fb80f9bc0f3,5.0406310001562815,latency-b2091d310f26.csv
1,b8843c6bdfcb,2025-10-21T15:16:18.750311,shrek,after,10,True,5fb80f9bc0f3,2.6885180004683207,latency-b8843c6bdfcb.csv
1,b8843c6bdfcb,2025-10-21T15:16:18.856083,shrek,Blah,1,True,5fb80f9bc0f3,2.379670999289374,latency-b8843c6bdfcb.csv
1,b8843c6bdfcb,2025-10-21T15:16:18.961478,shrek3,SCHOOL,14,True,5fb80f9bc0f3,2.944689000287326,latency-b8843c6bdfcb.csv
1,b8843c6bdfcb,2025-10-21T15:16:19.068756,grail,for,118,True,5fb80f9bc0f3,3.742975000022852,latency-b8843c6bdfcb.csv
1,b8843c6bdfcb,2025-10-21T15:16:19.176762,grail,on,139,True,5fb80f9bc0f3,4.231883999636921,latency-b8843c6bdfcb.csv
1,b8843c6bdfcb,2025-10-21T15:16:19.287082,shrek3,CAPTAIN,41,True,5fb80f9bc0f3,17.335350999928778,latency-b8843c6bdfcb.csv
1,b8843c6bdfcb,2025-10-21T15:16:19.436251,shrek,SHREK,433,True,5fb80f9bc0f3,3.294871000434796,latency-b8843c6bdfcb.csv
1,b8843c6bdfcb,2025-10-21T15:16:19.543156,grail,LANCELOT,59,True,5fb80f9bc0f3,2.906026999880851,latency-b8843c6bdfcb.csv
1,b8843c6bdfcb,2025-10-21T15:16:19.649123,grail,the,1600,True,5fb80f9bc0f3,3.645103000053496,latency-b8843c6bdfcb.csv
1,b8843c6bdfcb,2025-10-21T15:16:19.756811,grail,Aaaaugh,9,True,5fb80f9bc0f3,6.970448999709333,latency-b8843c6bdfcb.csv
1,b8843c6bdfcb,2025-10-21T15:16:19.868442,shrek3,"Suddenly,",0,True,5fb80f9bc0f3,6.25173300068127,latency-b8843c6bdfcb.csv
1,b8843c6bdfcb,2025-10-21T15:16:19.979333,grail,the,1600,True,5fb80f9bc0f3,9.35599300009926,latency-b8843c6bdfcb.csv
1,b8843c6bdfcb,2025-10-21T15:16:20.097302,grail,pretty,7,True,5fb80f9bc0f3,4.499376000239863,latency-b8843c6bdfcb.csv
1,b8843c6bdfcb,2025-10-21T15:16:20.207616,grail,19Prince,0,True,5fb80f9bc0f3,7.500509999772476,latency-b8843c6bdfcb.csv
1,b8843c6bdfcb,2025-10-21T15:16:20.331881,shrek,Is,132,True,5fb80f9bc0f3,3.075388000070234,latency-b8843c6bdfcb.csv
1,b8843c6bdfcb,2025-10-21T15:16:20.441475,shrek,Aah,6,True,5fb80f9bc0f3,2.799756999593228,latency-b8843c6bdfcb.csv
1,b8843c6bdfcb,2025-10-21T15:16:20.547527,grail,rows,1,True,5fb80f9bc0f3,3.871266000714968,latency-b8843c6bdfcb.csv
1,b8843c6bdfcb,2025-10-21T15:16:20.655180,shrek,SHREK,433,True,5fb80f9bc0f3,4.613782999513205,latency-b8843c6bdfcb.csv
1,b8843c6bdfcb,2025-10-21T15:16:20.764116,grail,are,114,True,5fb80f9bc0f3,5.040696999458305,latency-b8843c6bdfcb.csv
1,b8843c6bdfcb,2025-10-21T15:16:20.873389,grail,the,1600,True,5fb80f9bc0f3,6.609842000216304,latency-b8843c6bdfcb.csv
2,b8843c6bdfcb,2025-10-21T15:16:20.984496,shrek,after,10,True,5fb80f9bc0f3,8.231536000494089,latency-b8843c6bdfcb.csv
2,b8843c6bdfcb,2025-10-21T15:16:21.098757,shrek,Blah,1,True,5fb80f9bc0f3,6.161186999634083,latency-b8843c6bdfcb.csv
2,b8843c6bdfcb,2025-10-21T15:16:21.212934,shrek3,SCHOOL,14,True,5fb80f9bc0f3,5.0221029996464495,latency-b8843c6bdfcb.csv
2,b8843c6bdfcb,2025-10-21T15:16:21.324424,grail,for,118,True,5fb80f9bc0f3,7.338463999985834,latency-b8843c6bdfcb.csv
2,b8843c6bdfcb,2025-10-21T15:16:21.436420,grail,on,139,True,5fb80f9bc0f3,7.564362999801233,latency-b8843c6bdfcb.csv
2,b8843c6bdfcb,2025-10-21T15:16:21.549727,shrek3,CAPTAIN,41,True,5fb80f9bc0f3,7.45997299964074,latency-b8843c6bdfcb.csv
2,b8843c6bdfcb,2025-10-21T15:16:21.664286,shrek,SHREK,433,True,5fb80f9bc0f3,5.447043999993184,latency-b8843c6bdfcb.csv
2,b8843c6bdfcb,2025-10-21T15:16:21.774533,grail,LANCELOT,59,True,5fb80f9bc0f3,6.020603000251867,latency-b8843c6bdfcb.csv
2,b8843c6bdfcb,2025-10-21T15:16:21.887833,grail,the,1600,True,5fb80f9bc0f3,5.836792000081914,latency-b8843c6bdfcb.csv
2,b8843c6bdfcb,2025-10-21T15:16:22.000576,grail,Aaaaugh,9,True,5fb80f9bc0f3,7.577239999591256,latency-b8843c6bdfcb.csv
2,b8843c6bdfcb,2025-10-21T15:16:22.117699,shrek3,"Suddenly,",0,True,5fb80f9bc0f3,6.4843809996091295,latency-b8843c6bdfcb.csv
2,b8843c6bdfcb,2025-10-21T15:16:22.236201,grail,the,1600,True,5fb80f9bc0f3,2.2542970000358764,latency-b8843c6bdfcb.csv
2,b8843c6bdfcb,2025-10-21T15:16:22.342397,grail,pretty,7,True,5fb80f9bc0f3,2.910692999648745,latency-b8843c6bdfcb.csv
2,b8843c6bdfcb,2025-10-21T15:16:22.448611,grail,19Prince,0,True,5fb80f9bc0f3,3.782589000365988,latency-b8843c6bdfcb.csv
2,b8843c6bdfcb,2025-10-21T15:16:22.556334,shrek,Is,132,True,5fb80f9bc0f3,2.6898280002569663,latency-b8843c6bdfcb.csv
2,b8843c6bdfcb,2025-10-21T15:16:22.662420,shrek,Aah,6,True,5fb80f9bc0f3,2.985515000546002,latency-b8843c6bdfcb.csv
2,b8843c6bdfcb,2025-10-21T15:16:22.768973,grail,rows,1,True,5fb80f9bc0f3,4.081481999492098,latency-b8843c6bdfcb.csv
2,b8843c6bdfcb,2025-10-21T15:16:22.877131,shrek,SHREK,433,True,5fb80f9bc0f3,3.851794000183872,latency-b8843c6bdfcb.csv
2,b8843c6bdfcb,2025-10-21T15:16:22.985197,grail,are,114,True,5fb80f9bc0f3,28.96147000046767,latency-b8843c6bdfcb.csv
2,b8843c6bdfcb,2025-10-21T15:16:23.131038,grail,the,1600,True,5fb80f9bc0f3,14.046379000319575,latency-b8843c6bdfcb.csv
1,b9a5f0daf9b2,2025-10-21T15:16:24.749497,shrek,Blah,1,True,5fb80f9bc0f3,4.516185999818845,latency-b9a5f0daf9b2.csv
1,b9a5f0daf9b2,2025-10-21T15:16:24.858586,shrek,I,386,True,5fb80f9bc0f3,9.17513000058534,latency-b9a5f0daf9b2.csv
1,b9a5f0daf9b2,2025-10-21T15:16:24.972085,shrek,after,10,True,5fb80f9bc0f3,6.262653000703722,latency-b9a5f0daf9b2.csv
1,b9a5f0daf9b2,2025-10-21T15:16:25.081662,grail,Ecky-Ecky-Ecky,1,True,5fb80f9bc0f3,4.851298999710707,latency-b9a5f0daf9b2.csv
1,b9a5f0daf9b2,2025-10-21T15:16:25.191115,grail,few,8,True,5fb80f9bc0f3,4.559119000077772,latency-b9a5f0daf9b2.csv
1,b9a5f0daf9b2,2025-10-21T15:16:25.301321,grail,the,1600,True,5fb80f9bc0f3,5.296201999954064,latency-b9a5f0daf9b2.csv
1,b9a5f0daf9b2,2025-10-21T15:16:25.411285,shrek,FIONA,211,True,5fb80f9bc0f3,5.337943000085943,latency-b9a5f0daf9b2.csv
1,b9a5f0daf9b2,2025-10-21T15:16:25.525794,shrek3,the,1285,True,5fb80f9bc0f3,8.516113999576191,latency-b9a5f0daf9b2.csv
1,b9a5f0daf9b2,2025-10-21T15:16:25.643937,shrek3,flaming,2,True,5fb80f9bc0f3,7.046968000395282,latency-b9a5f0daf9b2.csv
1,b9a5f0daf9b2,2025-10-21T15:16:25.760666,shrek3,SHREK,678,True,5fb80f9bc0f3,6.631147000007331,latency-b9a5f0daf9b2.csv
1,b9a5f0daf9b2,2025-10-21T15:16:25.874451,grail,Tm,5,True,5fb80f9bc0f3,4.473942999538849,latency-b9a5f0daf9b2.csv
1,b9a5f0daf9b2,2025-10-21T15:16:25.984466,shrek,and,318,True,5fb80f9bc0f3,5.440203000034671,latency-b9a5f0daf9b2.csv
1,b9a5f0daf9b2,2025-10-21T15:16:26.096432,shrek3,TO,511,True,5fb80f9bc0f3,5.030113000429992,latency-b9a5f0daf9b2.csv
1,b9a5f0daf9b2,2025-10-21T15:16:26.207018,grail,the,1600,True,5fb80f9bc0f3,5.422909999651893,latency-b9a5f0daf9b2.csv
1,b9a5f0daf9b2,2025-10-21T15:16:26.319656,shrek3,true,1,True,5fb80f9bc0f3,9.543518000100448,latency-b9a5f0daf9b2.csv
1,b9a5f0daf9b2,2025-10-21T15:16:26.432912,grail,rows,1,True,5fb80f9bc0f3,5.463382999550959,latency-b9a5f0daf9b2.csv
1,b9a5f0daf9b2,2025-10-21T15:16:26.543728,grail,dancing,10,True,5fb80f9bc0f3,6.788057999983721,latency-b9a5f0daf9b2.csv
1,b9a5f0daf9b2,2025-10-21T15:16:26.669009,grail,chops,3,True,5fb80f9bc0f3,5.062524999630114,latency-b9a5f0daf9b2.csv
1,b9a5f0daf9b2,2025-10-21T15:16:26.780492,grail,the,1600,True,5fb80f9bc0f3,4.385766000268632,latency-b9a5f0daf9b2.csv
1,b9a5f0daf9b2,2025-10-21T15:16:26.889291,shrek3,cues,3,True,5fb80f9bc0f3,9.511585999462111,latency-b9a5f0daf9b2.csv
2,b9a5f0daf9b2,2025-10-21T15:16:27.004730,shrek,Blah,1,True,5fb80f9bc0f3,2.5882789996103384,latency-b9a5f0daf9b2.csv
2,b9a5f0daf9b2,2025-10-21T15:16:27.110165,shrek,I,386,True,5fb80f9bc0f3,3.0790569999226136,latency-b9a5f0daf9b2.csv
2,b9a5f0daf9b2,2025-10-21T15:16:27.216705,shrek,after,10,True,5fb80f9bc0f3,3.1073330001163413,latency-b9a5f0daf9b2.csv
2,b9a5f0daf9b2,2025-10-21T15:16:27.323488,grail,Ecky-Ecky-Ecky,1,True,5fb80f9bc0f3,2.80723699961527,latency-b9a5f0daf9b2.csv
2,b9a5f0daf9b2,2025-10-21T15:16:27.429662,grail,few,8,True,5fb80f9bc0f3,3.1504460002906853,latency-b9a5f0daf9b2.csv
2,b9a5f0daf9b2,2025-10-21T15:16:27.536045,grail,the,1600,True,5fb80f9bc0f3,2.435334999972838,latency-b9a5f0daf9b2.csv
2,b9a5f0daf9b2,2025-10-21T15:16:27.641593,shrek,FIONA,211,True,5fb80f9bc0f3,5.638732000079472,latency-b9a5f0daf9b2.csv
2,b9a5f0daf9b2,2025-10-21T15:16:27.750860,shrek3,the,1285,True,5fb80f9bc0f3,3.053381999961857,latency-b9a5f0daf9b2.csv
2,b9a5f0daf9b2,2025-10-21T15:16:27.857084,shrek3,flaming,2,True,5fb80f9bc0f3,3.4350510004514945,latency-b9a5f0daf9b2.csv
2,b9a5f0daf9b2,2025-10-21T15:16:27.963518,shrek3,SHREK,678,True,5fb80f9bc0f3,4.284282000298845,latency-b9a5f0daf9b2.csv
2,b9a5f0daf9b2,2025-10-21T15:16:28.070610,grail,Tm,5,True,5fb80f9bc0f3,3.7318150007195072,latency-b9a5f0daf9b2.csv
2,b9a5f0daf9b2,2025-10-21T15:16:28.177579,shrek,and,318,True,5fb80f9bc0f3,5.203151999921829,latency-b9a5f0daf9b2.csv
2,b9a5f0daf9b2,2025-10-21T15:16:28.286825,shrek3,TO,511,True,5fb80f9bc0f3,2.891847000682901,latency-b9a5f0daf9b2.csv
2,b9a5f0daf9b2,2025-10-21T15:16:28.392849,grail,the,1600,True,5fb80f9bc0f3,3.200854000169784,latency-b9a5f0daf9b2.csv
2,b9a5f0daf9b2,2025-10-21T15:16:28.499082,shrek3,true,1,True,5fb80f9bc0f3,3.03852800061577,latency-b9a5f0daf9b2.csv
2,b9a5f0daf9b2,2025-10-21T15:16:28.605091,grail,rows,1,True,5fb80f9bc0f3,2.710898999794153,latency-b9a5f0daf9b2.csv
2,b9a5f0daf9b2,2025-10-21T15:16:28.711152,grail,dancing,10,True,5fb80f9bc0f3,2.580704999672889,latency-b9a5f0daf9b2.csv
2,b9a5f0daf9b2,2025-10-21T15:16:28.816916,grail,chops,3,True,5fb80f9bc0f3,3.023295999810216,latency-b9a5f0daf9b2.csv
2,b9a5f0daf9b2,2025-10-21T15:16:28.923856,grail,the,1600,True,5fb80f9bc0f3,2.5790210002014646,latency-b9a5f0daf9b2.csv
2,b9a5f0daf9b2,2025-10-21T15:16:29.029597,shrek3,cues,3,True,5fb80f9bc0f3,2.50668599983328,latency-b9a5f0daf9b2.csv
1,bb92fe91f67a,2025-10-21T15:16:05.396308,grail,-,259,True,5fb80f9bc0f3,2.9396160007308936,latency-bb92fe91f67a.csv
1,bb92fe91f67a,2025-10-21T15:16:05.505382,grail,and,722,True,5fb80f9bc0f3,5.618873000457825,latency-bb92fe91f67a.csv
1,bb92fe91f67a,2025-10-21T15:16:05.619339,grail,I,298,True,5fb80f9bc0f3,3.3771999997043167,latency-bb92fe91f67a.csv
1,bb92fe91f67a,2025-10-21T15:16:05.726372,shrek,Blah,1,True,5fb80f9bc0f3,3.3651080002528038,latency-bb92fe91f67a.csv
1,bb92fe91f67a,2025-10-21T15:16:05.833717,shrek3,BOAT,32,True,5fb80f9bc0f3,4.502200999922934,latency-bb92fe91f67a.csv
1,bb92fe91f67a,2025-10-21T15:16:05.944091,grail,Auuuuuuuugh,2,True,5fb80f9bc0f3,3.477938999822072,latency-bb92fe91f67a.csv
1,bb92fe91f67a,2025-10-21T15:16:06.052809,grail,Butts,2,True,5fb80f9bc0f3,3.619205999711994,latency-bb92fe91f67a.csv
1,bb92fe91f67a,2025-10-21T15:16:06.161280,shrek,our,11,True,5fb80f9bc0f3,4.885710000053223,latency-bb92fe91f67a.csv
1,bb92fe91f67a,2025-10-21T15:16:06.271354,grail,chops,3,True,5fb80f9bc0f3,4.45768300050986,latency-bb92fe91f67a.csv
1,bb92fe91f67a,2025-10-21T15:16:06.382019,grail,witch,30,True,5fb80f9bc0f3,3.5640210007841238,latency-bb92fe91f67a.csv
1,bb92fe91f67a,2025-10-21T15:16:06.491411,shrek3,ho,8,True,5fb80f9bc0f3,5.893999999898369,latency-bb92fe91f67a.csv
1,bb92fe91f67a,2025-10-21T15:16:06.601808,shrek,placed,1,True,5fb80f9bc0f3,3.424798999731138,latency-bb92fe91f67a.csv
1,bb92fe91f67a,2025-10-21T15:16:06.709477,shrek,will,16,True,5fb80f9bc0f3,4.689371000495157,latency-bb92fe91f67a.csv
1,bb92fe91f67a,2025-10-21T15:16:06.818638,grail,thus,5,False,5fb80f9bc0f3,10.615558000608871,latency-bb92fe91f67a.csv
1,bb92fe91f67a,2025-10-21T15:16:06.935148,shrek,token,1,True,5fb80f9bc0f3,2.362887999879604,latency-bb92fe91f67a.csv
1,bb92fe91f67a,2025-10-21T15:16:07.044304,shrek3,"Suddenly,",0,True,5fb80f9bc0f3,3.606930000387365,latency-bb92fe91f67a.csv
1,bb92fe91f67a,2025-10-21T15:16:07.155324,shrek3,to,511,True,5fb80f9bc0f3,3.339913000672823,latency-bb92fe91f67a.csv
1,bb92fe91f67a,2025-10-21T15:16:07.266007,grail,"collective,",0,True,5fb80f9bc0f3,2.6291879994460032,latency-bb92fe91f67a.csv
1,bb92fe91f67a,2025-10-21T15:16:07.374668,grail,Eolio,2,True,5fb80f9bc0f3,2.626314999361057,latency-bb92fe91f67a.csv
1,bb92fe91f67a,2025-10-21T15:16:07.483134,shrek3,decree,1,True,5fb80f9bc0f3,3.460509000433376,latency-bb92fe91f67a.csv
2,bb92fe91f67a,2025-10-21T15:16:07.598766,grail,-,259,True,5fb80f9bc0f3,2.4715660001675133,latency-bb92fe91f67a.csv
2,bb92fe91f67a,2025-10-21T15:16:07.705616,grail,and,722,True,5fb80f9bc0f3,2.8617549996852176,latency-bb92fe91f67a.csv
2,bb92fe91f67a,2025-10-21T15:16:07.814886,grail,I,298,True,5fb80f9bc0f3,6.227326000043831,latency-bb92fe91f67a.csv
2,bb92fe91f67a,2025-10-21T15:16:07.936112,shrek,Blah,1,True,5fb80f9bc0f3,2.908784000283049,latency-bb92fe91f67a.csv
2,bb92fe91f67a,2025-10-21T15:16:08.041957,shrek3,BOAT,32,True,5fb80f9bc0f3,3.2153470001503592,latency-bb92fe91f67a.csv
2,bb92fe91f67a,2025-10-21T15:16:08.147845,grail,Auuuuuuuugh,2,True,5fb80f9bc0f3,3.457317000538751,latency-bb92fe91f67a.csv
2,bb92fe91f67a,2025-10-21T15:16:08.255272,grail,Butts,2,True,5fb80f9bc0f3,2.402539999820874,latency-bb92fe91f67a.csv
2,bb92fe91f67a,2025-10-21T15:16:08.360707,shrek,our,11,True,5fb80f9bc0f3,2.808498000376858,latency-bb92fe91f67a.csv
2,bb92fe91f67a,2025-10-21T15:16:08.466863,grail,chops,3,True,5fb80f9bc0f3,2.849702000276011,latency-bb92fe91f67a.csv
2,bb92fe91f67a,2025-10-21T15:16:08.573067,grail,witch,30,True,5fb80f9bc0f3,2.610910999464977,latency-bb92fe91f67a.csv
2,bb92fe91f67a,2025-10-21T15:16:08.679452,shrek3,ho,8,True,5fb80f9bc0f3,2.935479000370833,latency-bb92fe91f67a.csv
2,bb92fe91f67a,2025-10-21T15:16:08.785777,shrek,placed,1,True,5fb80f9bc0f3,2.842863999831025,latency-bb92fe91f67a.csv
2,bb92fe91f67a,2025-10-21T15:16:08.892195,shrek,will,16,True,5fb80f9bc0f3,3.307130999928632,latency-bb92fe91f67a.csv
2,bb92fe91f67a,2025-10-21T15:16:08.999021,grail,thus,5,True,5fb80f9bc0f3,2.5709530000312952,latency-bb92fe91f67a.csv
2,bb92fe91f67a,2025-10-21T15:16:09.104891,shrek,token,1,True,5fb80f9bc0f3,2.7944089997618,latency-bb92fe91f67a.csv
2,bb92fe91f67a,2025-10-21T15:16:09.210805,shrek3,"Suddenly,",0,True,5fb80f9bc0f3,3.918060000614787,latency-bb92fe91f67a.csv
2,bb92fe91f67a,2025-10-21T15:16:09.319565,shrek3,to,511,True,5fb80f9bc0f3,3.148103000057745,latency-bb92fe91f67a.csv
2,bb92fe91f67a,2025-10-21T15:16:09.427985,grail,"collective,",0,True,5fb80f9bc0f3,2.6618219999363646,latency-bb92fe91f67a.csv
2,bb92fe91f67a,2025-10-21T15:16:09.534434,grail,Eolio,2,True,5fb80f9bc0f3,2.9764050004814635,latency-bb92fe91f67a.csv
2,bb92fe91f67a,2025-10-21T15:16:09.640874,shrek3,decree,1,True,5fb80f9bc0f3,2.8156010002931,latency-bb92fe91f67a.csv
1,bd818df25937,2025-10-21T15:16:11.223075,grail,pathetic,4,True,5fb80f9bc0f3,3.131051000309526,latency-bd818df25937.csv
1,bd818df25937,2025-10-21T15:16:11.330465,shrek3,PUSS,196,True,5fb80f9bc0f3,2.4429739996776334,latency-bd818df25937.csv
1,bd818df25937,2025-10-21T15:16:11.436479,shrek,help,5,True,5fb80f9bc0f3,3.834495999399224,latency-bd818df25937.csv
1,bd818df25937,2025-10-21T15:16:11.546094,shrek3,decree,1,True,5fb80f9bc0f3,2.69470600051136,latency-bd818df25937.csv
1,bd818df25937,2025-10-21T15:16:11.652613,shrek,swamp,18,True,5fb80f9bc0f3,2.6199289995929576,latency-bd818df25937.csv
1,bd818df25937,2025-10-21T15:16:11.758134,shrek3,true,1,True,5fb80f9bc0f3,2.897088999816333,latency-bd818df25937.csv
1,bd818df25937,2025-10-21T15:16:11.864350,shrek,one,44,True,5fb80f9bc0f3,3.757107000637916,latency-bd818df25937.csv
1,bd818df25937,2025-10-21T15:16:11.972116,grail,To,718,True,5fb80f9bc0f3,3.5502000000633416,latency-bd818df25937.csv
1,bd818df25937,2025-10-21T15:16:12.079707,shrek3,him,87,True,5fb80f9bc0f3,2.346389999729581,latency-bd818df25937.csv
1,bd818df25937,2025-10-21T15:16:12.185362,shrek,I,386,True,5fb80f9bc0f3,2.39529999998922,latency-bd818df25937.csv
1,bd818df25937,2025-10-21T15:16:12.290955,shrek,transport,1,True,5fb80f9bc0f3,3.9612149994354695,latency-bd818df25937.csv
1,bd818df25937,2025-10-21T15:16:12.399337,grail,the,1600,True,5fb80f9bc0f3,4.296878999412002,latency-bd818df25937.csv
1,bd818df25937,2025-10-21T15:16:12.508018,shrek3,cues,3,True,5fb80f9bc0f3,8.952744999987772,latency-bd818df25937.csv
1,bd818df25937,2025-10-21T15:16:12.621413,shrek3,us,12,True,5fb80f9bc0f3,8.582202000070538,latency-bd818df25937.csv
1,bd818df25937,2025-10-21T15:16:12.735568,grail,Cleveland,3,True,5fb80f9bc0f3,6.615430999772798,latency-bd818df25937.csv
1,bd818df25937,2025-10-21T15:16:12.847993,grail,LANCELOT,59,True,5fb80f9bc0f3,6.136314999821479,latency-bd818df25937.csv
1,bd818df25937,2025-10-21T15:16:12.962771,shrek3,of,275,True,5fb80f9bc0f3,9.712349999972504,latency-bd818df25937.csv
1,bd818df25937,2025-10-21T15:16:13.080665,shrek3,body),0,True,5fb80f9bc0f3,5.201955000302405,latency-bd818df25937.csv
1,bd818df25937,2025-10-21T15:16:13.193312,shrek,"Well,",0,True,5fb80f9bc0f3,3.380061999450845,latency-bd818df25937.csv
1,bd818df25937,2025-10-21T15:16:13.303971,shrek,GUARD,25,True,5fb80f9bc0f3,4.470842000046105,latency-bd818df25937.csv
2,bd818df25937,2025-10-21T15:16:13.419851,grail,pathetic,4,True,5fb80f9bc0f3,7.299724999938917,latency-bd818df25937.csv
2,bd818df25937,2025-10-21T15:16:13.536322,shrek3,PUSS,196,True,5fb80f9bc0f3,3.0520730006173835,latency-bd818df25937.csv
2,bd818df25937,2025-10-21T15:16:13.643496,shrek,help,5,True,5fb80f9bc0f3,12.05445800042071,latency-bd818df25937.csv
2,bd818df25937,2025-10-21T15:16:13.766212,shrek3,decree,1,True,5fb80f9bc0f3,8.006985999600147,latency-bd818df25937.csv
2,bd818df25937,2025-10-21T15:16:13.879279,shrek,swamp,18,True,5fb80f9bc0f3,6.106800999987172,latency-bd818df25937.csv
2,bd818df25937,2025-10-21T15:16:13.992003,shrek3,true,1,True,5fb80f9bc0f3,6.968871999561088,latency-bd818df25937.csv
2,bd818df25937,2025-10-21T15:16:14.110544,shrek,one,44,True,5fb80f9bc0f3,6.715328000609588,latency-bd818df25937.csv
2,bd818df25937,2025-10-21T15:16:14.229908,grail,To,718,True,5fb80f9bc0f3,9.920228000737552,latency-bd818df25937.csv
2,bd818df25937,2025-10-21T15:16:14.346360,shrek3,him,87,True,5fb80f9bc0f3,4.002186000434449,latency-bd818df25937.csv
2,bd818df25937,2025-10-21T15:16:14.454373,shrek,I,386,True,5fb80f9bc0f3,3.6077049999221344,latency-bd818df25937.csv
2,bd818df25937,2025-10-21T15:16:14.561832,shrek,transport,1,True,5fb80f9bc0f3,7.378065000011702,latency-bd818df25937.csv
2,bd818df25937,2025-10-21T15:16:14.673935,grail,the,1600,True,5fb80f9bc0f3,9.09252400015248,latency-bd818df25937.csv
2,bd818df25937,2025-10-21T15:16:14.788197,shrek3,cues,3,True,5fb80f9bc0f3,5.77668599999015,latency-bd818df25937.csv
2,bd818df25937,2025-10-21T15:16:14.898829,shrek3,us,12,True,5fb80f9bc0f3,7.221894999929646,latency-bd818df25937.csv
2,bd818df25937,2025-10-21T15:16:15.012911,grail,Cleveland,3,True,5fb80f9bc0f3,4.977375999260403,latency-bd818df25937.csv
2,bd818df25937,2025-10-21T15:16:15.126428,grail,LANCELOT,59,True,5fb80f9bc0f3,7.890697999755503,latency-bd818df25937.csv
2,bd818df25937,2025-10-21T15:16:15.242527,shrek3,of,275,True,5fb80f9bc0f3,5.938590999903681,latency-bd818df25937.csv
2,bd818df25937,2025-10-21T15:16:15.357406,shrek3,body),0,True,5fb80f9bc0f3,3.955174000111583,latency-bd818df25937.csv
2,bd818df25937,2025-10-21T15:16:15.467485,shrek,"Well,",0,True,5fb80f9bc0f3,2.7812849994006683,latency-bd818df25937.csv
2,bd818df25937,2025-10-21T15:16:15.573833,shrek,GUARD,25,True,5fb80f9bc0f3,6.172016999698826,latency-bd818df25937.csv
1,be4386d4a3f4,2025-10-21T15:16:10.246223,grail,Cleveland,3,True,5fb80f9bc0f3,3.087927999331441,latency-be4386d4a3f4.csv
1,be4386d4a3f4,2025-10-21T15:16:10.355488,shrek,Blah,1,True,5fb80f9bc0f3,3.1480800007557264,latency-be4386d4a3f4.csv
1,be4386d4a3f4,2025-10-21T15:16:10.465314,shrek3,still,18,True,5fb80f9bc0f3,2.662181999767199,latency-be4386d4a3f4.csv
1,be4386d4a3f4,2025-10-21T15:16:10.572969,shrek3,field,3,True,5fb80f9bc0f3,3.2356510000681737,latency-be4386d4a3f4.csv
1,be4386d4a3f4,2025-10-21T15:16:10.682075,shrek,HOOD,13,True,5fb80f9bc0f3,4.022669000733004,latency-be4386d4a3f4.csv
1,be4386d4a3f4,2025-10-21T15:16:10.792785,shrek,(standing,0,True,5fb80f9bc0f3,2.5756730001376127,latency-be4386d4a3f4.csv
1,be4386d4a3f4,2025-10-21T15:16:10.898347,grail,Ecky-Ecky-Ecky,1,True,5fb80f9bc0f3,2.4165530003301683,latency-be4386d4a3f4.csv
1,be4386d4a3f4,2025-10-21T15:16:11.003626,grail,"lute,",0,True,5fb80f9bc0f3,2.6304120001441333,latency-be4386d4a3f4.csv
1,be4386d4a3f4,2025-10-21T15:16:11.109493,grail,and,722,True,5fb80f9bc0f3,3.002075999575027,latency-be4386d4a3f4.csv
1,be4386d4a3f4,2025-10-21T15:16:11.215605,grail,LANCELOT,59,True,5fb80f9bc0f3,2.882832000068447,latency-be4386d4a3f4.csv
1,be4386d4a3f4,2025-10-21T15:16:11.321997,shrek3,-,110,True,5fb80f9bc0f3,2.733937000812148,latency-be4386d4a3f4.csv
1,be4386d4a3f4,2025-10-21T15:16:11.428052,shrek3,TO,511,True,5fb80f9bc0f3,4.336766000051284,latency-be4386d4a3f4.csv
1,be4386d4a3f4,2025-10-21T15:16:11.536786,shrek,its,1,True,5fb80f9bc0f3,3.097806999903696,latency-be4386d4a3f4.csv
1,be4386d4a3f4,2025-10-21T15:16:11.643343,shrek,DONKEY,320,True,5fb80f9bc0f3,2.527113000724057,latency-be4386d4a3f4.csv
1,be4386d4a3f4,2025-10-21T15:16:11.748651,shrek,field,4,True,5fb80f9bc0f3,2.806733999932476,latency-be4386d4a3f4.csv
1,be4386d4a3f4,2025-10-21T15:16:11.854922,grail,is,317,True,5fb80f9bc0f3,4.54519300001266,latency-be4386d4a3f4.csv
1,be4386d4a3f4,2025-10-21T15:16:11.963411,shrek,the,535,True,5fb80f9bc0f3,4.837073000089731,latency-be4386d4a3f4.csv
1,be4386d4a3f4,2025-10-21T15:16:12.071936,shrek3,CAPTAIN,41,True,5fb80f9bc0f3,2.8218639999977317,latency-be4386d4a3f4.csv
1,be4386d4a3f4,2025-10-21T15:16:12.177678,shrek3,Guards,23,True,5fb80f9bc0f3,2.966406000268762,latency-be4386d4a3f4.csv
1,be4386d4a3f4,2025-10-21T15:16:12.284235,shrek3,WHITE,45,True,5fb80f9bc0f3,4.44318999961979,latency-be4386d4a3f4.csv
2,be4386d4a3f4,2025-10-21T15:16:12.393619,grail,Cleveland,3,True,5fb80f9bc0f3,4.307305000111228,latency-be4386d4a3f4.csv
2,be4386d4a3f4,2025-10-21T15:16:12.503637,shrek,Blah,1,True,5fb80f9bc0f3,8.39588399958302,latency-be4386d4a3f4.csv
2,be4386d4a3f4,2025-10-21T15:16:12.619051,shrek3,still,18,True,5fb80f9bc0f3,7.269485000506393,latency-be4386d4a3f4.csv
2,be4386d4a3f4,2025-10-21T15:16:12.733928,shrek3,field,3,True,5fb80f9bc0f3,5.334914999366447,latency-be4386d4a3f4.csv
2,be4386d4a3f4,2025-10-21T15:16:12.846923,shrek,HOOD,13,True,5fb80f9bc0f3,5.811107000226912,latency-be4386d4a3f4.csv
2,be4386d4a3f4,2025-10-21T15:16:12.962647,shrek,(standing,0,True,5fb80f9bc0f3,11.23844799985818,latency-be4386d4a3f4.csv
2,be4386d4a3f4,2025-10-21T15:16:13.082105,grail,Ecky-Ecky-Ecky,1,True,5fb80f9bc0f3,8.022510999580845,latency-be4386d4a3f4.csv
2,be4386d4a3f4,2025-10-21T15:16:13.197295,grail,"lute,",0,True,5fb80f9bc0f3,8.089856999504264,latency-be4386d4a3f4.csv
2,be4386d4a3f4,2025-10-21T15:16:13.310514,grail,and,722,True,5fb80f9bc0f3,9.80505100051232,latency-be4386d4a3f4.csv
2,be4386d4a3f4,2025-10-21T15:16:13.429523,grail,LANCELOT,59,True,5fb80f9bc0f3,5.099156000142102,latency-be4386d4a3f4.csv
2,be4386d4a3f4,2025-10-21T15:16:13.546415,shrek3,-,110,True,5fb80f9bc0f3,3.6168850001558894,latency-be4386d4a3f4.csv
2,be4386d4a3f4,2025-10-21T15:16:13.657630,shrek3,TO,511,True,5fb80f9bc0f3,9.558550999827276,latency-be4386d4a3f4.csv
2,be4386d4a3f4,2025-10-21T15:16:13.782317,shrek,its,1,True,5fb80f9bc0f3,4.739684000014677,latency-be4386d4a3f4.csv
2,be4386d4a3f4,2025-10-21T15:16:13.895557,shrek,DONKEY,320,True,5fb80f9bc0f3,3.103957000348601,latency-be4386d4a3f4.csv
2,be4386d4a3f4,2025-10-21T15:16:14.004538,shrek,field,4,True,5fb80f9bc0f3,8.524304999809829,latency-be4386d4a3f4.csv
2,be4386d4a3f4,2025-10-21T15:16:14.118555,grail,is,317,True,5fb80f9bc0f3,10.165353999582294,latency-be4386d4a3f4.csv
2,be4386d4a3f4,2025-10-21T15:16:14.241610,shrek,the,535,True,5fb80f9bc0f3,7.093879000422021,latency-be4386d4a3f4.csv
2,be4386d4a3f4,2025-10-21T15:16:14.356243,shrek3,CAPTAIN,41,True,5fb80f9bc0f3,3.917088999514817,latency-be4386d4a3f4.csv
2,be4386d4a3f4,2025-10-21T15:16:14.464950,shrek3,Guards,23,True,5fb80f9bc0f3,4.002591000244138,latency-be4386d4a3f4.csv
2,be4386d4a3f4,2025-10-21T15:16:14.573184,shrek3,WHITE,45,True,5fb80f9bc0f3,12.027000999296432,latency-be4386d4a3f4.csv
1,c1092256e7dc,2025-10-21T15:15:51.764099,shrek,you,409,True,5fb80f9bc0f3,2.8873510000266838,latency-c1092256e7dc.csv
1,c1092256e7dc,2025-10-21T15:15:51.870638,shrek3,still,18,False,5fb80f9bc0f3,12.301898000259824,latency-c1092256e7dc.csv
1,c1092256e7dc,2025-10-21T15:15:51.987295,shrek3,to,511,True,5fb80f9bc0f3,3.302875999906973,latency-c1092256e7dc.csv
1,c1092256e7dc,2025-10-21T15:15:52.094860,grail,pretty,7,True,5fb80f9bc0f3,3.456983000432956,latency-c1092256e7dc.csv
1,c1092256e7dc,2025-10-21T15:15:52.202855,shrek,its,1,True,5fb80f9bc0f3,4.639228000087314,latency-c1092256e7dc.csv
1,c1092256e7dc,2025-10-21T15:15:52.311738,shrek3,PRINCE,207,True,5fb80f9bc0f3,4.467834000024595,latency-c1092256e7dc.csv
1,c1092256e7dc,2025-10-21T15:15:52.420228,shrek,DONKEY,320,True,5fb80f9bc0f3,7.446728999639163,latency-c1092256e7dc.csv
1,c1092256e7dc,2025-10-21T15:15:52.533413,shrek,"Ha,",0,True,5fb80f9bc0f3,15.680188000260388,latency-c1092256e7dc.csv
1,c1092256e7dc,2025-10-21T15:15:52.654282,shrek3,bed,10,True,5fb80f9bc0f3,12.245042999893483,latency-c1092256e7dc.csv
1,c1092256e7dc,2025-10-21T15:15:52.773712,grail,ANOTHER,25,True,5fb80f9bc0f3,10.809850000441656,latency-c1092256e7dc.csv
1,c1092256e7dc,2025-10-21T15:15:52.896423,grail,of,684,True,5fb80f9bc0f3,4.278903999875183,latency-c1092256e7dc.csv
1,c1092256e7dc,2025-10-21T15:15:53.007205,grail,Cleese,10,True,5fb80f9bc0f3,4.44203299957735,latency-c1092256e7dc.csv
1,c1092256e7dc,2025-10-21T15:15:53.120010,shrek,SHREK,433,True,5fb80f9bc0f3,4.322014000536001,latency-c1092256e7dc.csv
1,c1092256e7dc,2025-10-21T15:15:53.228165,shrek,FARQUAAD,84,True,5fb80f9bc0f3,8.52460600071936,latency-c1092256e7dc.csv
1,c1092256e7dc,2025-10-21T15:15:53.344100,shrek,on,88,True,5fb80f9bc0f3,13.221548000728944,latency-c1092256e7dc.csv
1,c1092256e7dc,2025-10-21T15:15:53.467005,grail,few,8,True,5fb80f9bc0f3,7.238408000375784,latency-c1092256e7dc.csv
1,c1092256e7dc,2025-10-21T15:15:53.587480,grail,-,259,True,5fb80f9bc0f3,4.438751000634511,latency-c1092256e7dc.csv
1,c1092256e7dc,2025-10-21T15:15:53.697482,shrek3,him,87,True,5fb80f9bc0f3,4.187690999970073,latency-c1092256e7dc.csv
1,c1092256e7dc,2025-10-21T15:15:53.805407,shrek,GORDO,5,True,5fb80f9bc0f3,4.557991000183392,latency-c1092256e7dc.csv
1,c1092256e7dc,2025-10-21T15:15:53.916418,grail,the,1600,True,5fb80f9bc0f3,4.880863999460416,latency-c1092256e7dc.csv
2,c1092256e7dc,2025-10-21T15:15:54.035420,shrek,you,409,True,5fb80f9bc0f3,3.813268000158132,latency-c1092256e7dc.csv
2,c1092256e7dc,2025-10-21T15:15:54.148534,shrek3,still,18,True,5fb80f9bc0f3,13.268629999402036,latency-c1092256e7dc.csv
2,c1092256e7dc,2025-10-21T15:15:54.271181,shrek3,to,511,True,5fb80f9bc0f3,3.3090589995481423,latency-c1092256e7dc.csv
2,c1092256e7dc,2025-10-21T15:15:54.378220,grail,pretty,7,True,5fb80f9bc0f3,4.7476609997829655,latency-c1092256e7dc.csv
2,c1092256e7dc,2025-10-21T15:15:54.486572,shrek,its,1,True,5fb80f9bc0f3,4.998673999580205,latency-c1092256e7dc.csv
2,c1092256e7dc,2025-10-21T15:15:54.596433,shrek3,PRINCE,207,True,5fb80f9bc0f3,3.4165779998147627,latency-c1092256e7dc.csv
2,c1092256e7dc,2025-10-21T15:15:54.703435,shrek,DONKEY,320,True,5fb80f9bc0f3,12.671069000134594,latency-c1092256e7dc.csv
2,c1092256e7dc,2025-10-21T15:15:54.820540,shrek,"Ha,",0,True,5fb80f9bc0f3,13.063931000033335,latency-c1092256e7dc.csv
2,c1092256e7dc,2025-10-21T15:15:54.944313,shrek3,bed,10,True,5fb80f9bc0f3,6.675664999420405,latency-c1092256e7dc.csv
2,c1092256e7dc,2025-10-21T15:15:55.057903,grail,ANOTHER,25,True,5fb80f9bc0f3,8.794352000222716,latency-c1092256e7dc.csv
2,c1092256e7dc,2025-10-21T15:15:55.185525,grail,of,684,True,5fb80f9bc0f3,3.703874000166252,latency-c1092256e7dc.csv
2,c1092256e7dc,2025-10-21T15:15:55.294709,grail,Cleese,10,True,5fb80f9bc0f3,3.9759040000717514,latency-c1092256e7dc.csv
2,c1092256e7dc,2025-10-21T15:15:55.401975,shrek,SHREK,433,True,5fb80f9bc0f3,3.979017000347085,latency-c1092256e7dc.csv
2,c1092256e7dc,2025-10-21T15:15:55.509571,shrek,FARQUAAD,84,True,5fb80f9bc0f3,7.154973000069731,latency-c1092256e7dc.csv
2,c1092256e7dc,2025-10-21T15:15:55.624672,shrek,on,88,True,5fb80f9bc0f3,3.347464999933436,latency-c1092256e7dc.csv
2,c1092256e7dc,2025-10-21T15:15:55.732705,grail,few,8,True,5fb80f9bc0f3,6.011684000441164,latency-c1092256e7dc.csv
2,c1092256e7dc,2025-10-21T15:15:55.843917,grail,-,259,True,5fb80f9bc0f3,6.759101999705308,latency-c1092256e7dc.csv
2,c1092256e7dc,2025-10-21T15:15:55.954560,shrek3,him,87,True,5fb80f9bc0f3,11.387730999558698,latency-c1092256e7dc.csv
2,c1092256e7dc,2025-10-21T15:15:56.074044,shrek,GORDO,5,True,5fb80f9bc0f3,4.603614000188827,latency-c1092256e7dc.csv
2,c1092256e7dc,2025-10-21T15:15:56.183290,grail,the,1600,True,5fb80f9bc0f3,3.295681999588851,latency-c1092256e7dc.csv
1,c14fa79212b7,2025-10-21T15:16:10.553142,shrek3,fall,6,True,5fb80f9bc0f3,2.970147999803885,latency-c14fa79212b7.csv
1,c14fa79212b7,2025-10-21T15:16:10.660011,shrek,FIONA,211,True,5fb80f9bc0f3,3.5308710002937005,latency-c14fa79212b7.csv
1,c14fa79212b7,2025-10-21T15:16:10.767327,shrek3,Donkey,243,True,5fb80f9bc0f3,2.759089000392123,latency-c14fa79212b7.csv
1,c14fa79212b7,2025-10-21T15:16:10.873424,grail,pause,10,True,5fb80f9bc0f3,2.5267269993491936,latency-c14fa79212b7.csv
1,c14fa79212b7,2025-10-21T15:16:10.979401,shrek,DONKEY,320,True,5fb80f9bc0f3,4.055578999214049,latency-c14fa79212b7.csv
1,c14fa79212b7,2025-10-21T15:16:11.087371,shrek,FIONA,211,True,5fb80f9bc0f3,2.8846710001744214,latency-c14fa79212b7.csv
1,c14fa79212b7,2025-10-21T15:16:11.193890,shrek3,did,14,True,5fb80f9bc0f3,3.1880070000624983,latency-c14fa79212b7.csv
1,c14fa79212b7,2025-10-21T15:16:11.301084,grail,door,14,True,5fb80f9bc0f3,2.4229200007539475,latency-c14fa79212b7.csv
1,c14fa79212b7,2025-10-21T15:16:11.406484,shrek3,ARTIE,213,True,5fb80f9bc0f3,3.591083000173967,latency-c14fa79212b7.csv
1,c14fa79212b7,2025-10-21T15:16:11.514097,shrek,Is,132,True,5fb80f9bc0f3,2.779209999971499,latency-c14fa79212b7.csv
1,c14fa79212b7,2025-10-21T15:16:11.620772,grail,I,298,True,5fb80f9bc0f3,2.747033999185078,latency-c14fa79212b7.csv
1,c14fa79212b7,2025-10-21T15:16:11.726708,shrek,his,48,True,5fb80f9bc0f3,2.761831000498205,latency-c14fa79212b7.csv
1,c14fa79212b7,2025-10-21T15:16:11.832323,grail,elected,2,True,5fb80f9bc0f3,3.010065000125905,latency-c14fa79212b7.csv
1,c14fa79212b7,2025-10-21T15:16:11.939264,grail,and,722,True,5fb80f9bc0f3,3.5478429999784566,latency-c14fa79212b7.csv
1,c14fa79212b7,2025-10-21T15:16:12.046888,shrek3,CAPTAIN,41,True,5fb80f9bc0f3,2.6308450005672057,latency-c14fa79212b7.csv
1,c14fa79212b7,2025-10-21T15:16:12.152819,shrek,our,11,True,5fb80f9bc0f3,2.979239000524103,latency-c14fa79212b7.csv
1,c14fa79212b7,2025-10-21T15:16:12.259147,shrek3,the,1285,True,5fb80f9bc0f3,6.181734999699984,latency-c14fa79212b7.csv
1,c14fa79212b7,2025-10-21T15:16:12.370022,shrek3,and,576,True,5fb80f9bc0f3,6.051192000086303,latency-c14fa79212b7.csv
1,c14fa79212b7,2025-10-21T15:16:12.485798,shrek,your,49,True,5fb80f9bc0f3,3.091570000833599,latency-c14fa79212b7.csv
1,c14fa79212b7,2025-10-21T15:16:12.593094,shrek,after,10,True,5fb80f9bc0f3,3.255850000641658,latency-c14fa79212b7.csv
2,c14fa79212b7,2025-10-21T15:16:12.703156,shrek3,fall,6,True,5fb80f9bc0f3,2.9605239997181343,latency-c14fa79212b7.csv
2,c14fa79212b7,2025-10-21T15:16:12.809830,shrek,FIONA,211,True,5fb80f9bc0f3,9.420561000297312,latency-c14fa79212b7.csv
2,c14fa79212b7,2025-10-21T15:16:12.923386,shrek3,Donkey,243,True,5fb80f9bc0f3,12.104787000680515,latency-c14fa79212b7.csv
2,c14fa79212b7,2025-10-21T15:16:13.043941,grail,pause,10,True,5fb80f9bc0f3,5.787828000393347,latency-c14fa79212b7.csv
2,c14fa79212b7,2025-10-21T15:16:13.158074,shrek,DONKEY,320,True,5fb80f9bc0f3,7.009247999121726,latency-c14fa79212b7.csv
2,c14fa79212b7,2025-10-21T15:16:13.270982,shrek,FIONA,211,True,5fb80f9bc0f3,14.73041600002034,latency-c14fa79212b7.csv
2,c14fa79212b7,2025-10-21T15:16:13.397808,shrek3,did,14,True,5fb80f9bc0f3,5.685246999746596,latency-c14fa79212b7.csv
2,c14fa79212b7,2025-10-21T15:16:13.512064,grail,door,14,True,5fb80f9bc0f3,3.752819000510499,latency-c14fa79212b7.csv
2,c14fa79212b7,2025-10-21T15:16:13.624189,shrek3,ARTIE,213,True,5fb80f9bc0f3,2.7327179996063933,latency-c14fa79212b7.csv
2,c14fa79212b7,2025-10-21T15:16:13.730923,shrek,Is,132,True,5fb80f9bc0f3,4.037663000417524,latency-c14fa79212b7.csv
2,c14fa79212b7,2025-10-21T15:16:13.839075,grail,I,298,True,5fb80f9bc0f3,3.213226999832841,latency-c14fa79212b7.csv
2,c14fa79212b7,2025-10-21T15:16:13.945910,shrek,his,48,True,5fb80f9bc0f3,3.596800000195799,latency-c14fa79212b7.csv
2,c14fa79212b7,2025-10-21T15:16:14.054000,grail,elected,2,True,5fb80f9bc0f3,3.3677889996397425,latency-c14fa79212b7.csv
2,c14fa79212b7,2025-10-21T15:16:14.161614,grail,and,722,True,5fb80f9bc0f3,4.65817500025878,latency-c14fa79212b7.csv
2,c14fa79212b7,2025-10-21T15:16:14.271063,shrek3,CAPTAIN,41,True,5fb80f9bc0f3,3.437614999711513,latency-c14fa79212b7.csv
2,c14fa79212b7,2025-10-21T15:16:14.378650,shrek,our,11,True,5fb80f9bc0f3,3.461369999968156,latency-c14fa79212b7.csv
2,c14fa79212b7,2025-10-21T15:16:14.486720,shrek3,the,1285,True,5fb80f9bc0f3,3.016902999661397,latency-c14fa79212b7.csv
2,c14fa79212b7,2025-10-21T15:16:14.593701,shrek3,and,576,True,5fb80f9bc0f3,8.515522999914538,latency-c14fa79212b7.csv
2,c14fa79212b7,2025-10-21T15:16:14.713139,shrek,your,49,True,5fb80f9bc0f3,8.403032999922289,latency-c14fa79212b7.csv
2,c14fa79212b7,2025-10-21T15:16:14.832844,shrek,after,10,True,5fb80f9bc0f3,5.266412000310083,latency-c14fa79212b7.csv
1,c433a7e25e8f,2025-10-21T15:16:09.004242,grail,grabbing,5,True,5fb80f9bc0f3,2.687887999854865,latency-c433a7e25e8f.csv
1,c433a7e25e8f,2025-10-21T15:16:09.110235,shrek,MAN,38,True,5fb80f9bc0f3,2.3799820000931504,latency-c433a7e25e8f.csv
1,c433a7e25e8f,2025-10-21T15:16:09.215434,grail,Aaaaugh,9,True,5fb80f9bc0f3,4.239978999976302,latency-c433a7e25e8f.csv
1,c433a7e25e8f,2025-10-21T15:16:09.323484,shrek,happily,2,True,5fb80f9bc0f3,4.366635999758728,latency-c433a7e25e8f.csv
1,c433a7e25e8f,2025-10-21T15:16:09.432054,grail,the,1600,True,5fb80f9bc0f3,3.1714099995951983,latency-c433a7e25e8f.csv
1,c433a7e25e8f,2025-10-21T15:16:09.538613,shrek,after,10,True,5fb80f9bc0f3,3.0808379997324664,latency-c433a7e25e8f.csv
1,c433a7e25e8f,2025-10-21T15:16:09.644624,shrek3,116,1,True,5fb80f9bc0f3,4.066804999638407,latency-c433a7e25e8f.csv
1,c433a7e25e8f,2025-10-21T15:16:09.752918,grail,Ecky-Ecky-Ecky,1,True,5fb80f9bc0f3,3.3772220003811526,latency-c433a7e25e8f.csv
1,c433a7e25e8f,2025-10-21T15:16:09.859604,grail,3,18,True,5fb80f9bc0f3,2.933669999947597,latency-c433a7e25e8f.csv
1,c433a7e25e8f,2025-10-21T15:16:09.966100,grail,19Prince,0,True,5fb80f9bc0f3,3.5451989997454803,latency-c433a7e25e8f.csv
1,c433a7e25e8f,2025-10-21T15:16:10.073574,grail,Guard,106,True,5fb80f9bc0f3,4.229808000673074,latency-c433a7e25e8f.csv
1,c433a7e25e8f,2025-10-21T15:16:10.181803,grail,the,1600,True,5fb80f9bc0f3,3.4845370000766707,latency-c433a7e25e8f.csv
1,c433a7e25e8f,2025-10-21T15:16:10.288593,shrek3,the,1285,True,5fb80f9bc0f3,3.561195999282063,latency-c433a7e25e8f.csv
1,c433a7e25e8f,2025-10-21T15:16:10.396813,shrek,DONKEY,320,True,5fb80f9bc0f3,3.8196229997993214,latency-c433a7e25e8f.csv
1,c433a7e25e8f,2025-10-21T15:16:10.505580,grail,LTD,6,True,5fb80f9bc0f3,4.11640900074417,latency-c433a7e25e8f.csv
1,c433a7e25e8f,2025-10-21T15:16:10.614048,shrek3,the,1285,True,5fb80f9bc0f3,2.850994000255014,latency-c433a7e25e8f.csv
1,c433a7e25e8f,2025-10-21T15:16:10.720437,shrek3,PRINCE,207,True,5fb80f9bc0f3,3.867553999953088,latency-c433a7e25e8f.csv
1,c433a7e25e8f,2025-10-21T15:16:10.828798,shrek3,me,72,True,5fb80f9bc0f3,3.509940999720129,latency-c433a7e25e8f.csv
1,c433a7e25e8f,2025-10-21T15:16:10.935784,grail,Aaaaugh,9,True,5fb80f9bc0f3,3.5846050004693097,latency-c433a7e25e8f.csv
1,c433a7e25e8f,2025-10-21T15:16:11.043610,shrek,your,49,True,5fb80f9bc0f3,4.02599500012002,latency-c433a7e25e8f.csv
2,c433a7e25e8f,2025-10-21T15:16:11.152433,grail,grabbing,5,True,5fb80f9bc0f3,3.3704769994074013,latency-c433a7e25e8f.csv
2,c433a7e25e8f,2025-10-21T15:16:11.260396,shrek,MAN,38,True,5fb80f9bc0f3,3.1427080002686125,latency-c433a7e25e8f.csv
2,c433a7e25e8f,2025-10-21T15:16:11.367344,grail,Aaaaugh,9,True,5fb80f9bc0f3,4.723287000160781,latency-c433a7e25e8f.csv
2,c433a7e25e8f,2025-10-21T15:16:11.475886,shrek,happily,2,True,5fb80f9bc0f3,3.7848490001124446,latency-c433a7e25e8f.csv
2,c433a7e25e8f,2025-10-21T15:16:11.583466,grail,the,1600,True,5fb80f9bc0f3,4.324814999563387,latency-c433a7e25e8f.csv
2,c433a7e25e8f,2025-10-21T15:16:11.691442,shrek,after,10,True,5fb80f9bc0f3,3.024452999852656,latency-c433a7e25e8f.csv
2,c433a7e25e8f,2025-10-21T15:16:11.797656,shrek3,116,1,True,5fb80f9bc0f3,3.80269600009342,latency-c433a7e25e8f.csv
2,c433a7e25e8f,2025-10-21T15:16:11.906621,grail,Ecky-Ecky-Ecky,1,True,5fb80f9bc0f3,5.241236000074423,latency-c433a7e25e8f.csv
2,c433a7e25e8f,2025-10-21T15:16:12.022282,grail,3,18,True,5fb80f9bc0f3,4.440625999450276,latency-c433a7e25e8f.csv
2,c433a7e25e8f,2025-10-21T15:16:12.131130,grail,19Prince,0,True,5fb80f9bc0f3,3.4992529999726685,latency-c433a7e25e8f.csv
2,c433a7e25e8f,2025-10-21T15:16:12.237966,grail,Guard,106,True,5fb80f9bc0f3,5.294440999932704,latency-c433a7e25e8f.csv
2,c433a7e25e8f,2025-10-21T15:16:12.347050,grail,the,1600,True,5fb80f9bc0f3,4.920885000501585,latency-c433a7e25e8f.csv
2,c433a7e25e8f,2025-10-21T15:16:12.456176,shrek3,the,1285,True,5fb80f9bc0f3,4.824243000257411,latency-c433a7e25e8f.csv
2,c433a7e25e8f,2025-10-21T15:16:12.566791,shrek,DONKEY,320,True,5fb80f9bc0f3,3.4579549992486136,latency-c433a7e25e8f.csv
2,c433a7e25e8f,2025-10-21T15:16:12.673807,grail,LTD,6,True,5fb80f9bc0f3,3.4365970004728297,latency-c433a7e25e8f.csv
2,c433a7e25e8f,2025-10-21T15:16:12.781142,shrek3,the,1285,True,5fb80f9bc0f3,3.973783999754232,latency-c433a7e25e8f.csv
2,c433a7e25e8f,2025-10-21T15:16:12.889348,shrek3,PRINCE,207,True,5fb80f9bc0f3,4.928561999804515,latency-c433a7e25e8f.csv
2,c433a7e25e8f,2025-10-21T15:16:12.998308,shrek3,me,72,True,5fb80f9bc0f3,4.188558999885572,latency-c433a7e25e8f.csv
2,c433a7e25e8f,2025-10-21T15:16:13.106862,grail,Aaaaugh,9,True,5fb80f9bc0f3,4.542700000456534,latency-c433a7e25e8f.csv
2,c433a7e25e8f,2025-10-21T15:16:13.215973,shrek,your,49,True,5fb80f9bc0f3,4.598041999997804,latency-c433a7e25e8f.csv
1,c709ab32e803,2025-10-21T15:15:54.180801,shrek,after,10,True,5fb80f9bc0f3,3.610181999647466,latency-c709ab32e803.csv
1,c709ab32e803,2025-10-21T15:15:54.288514,grail,and,722,True,5fb80f9bc0f3,9.707229000014197,latency-c709ab32e803.csv
1,c709ab32e803,2025-10-21T15:15:54.403054,grail,grabbing,5,False,5fb80f9bc0f3,25.92755000023317,latency-c709ab32e803.csv
1,c709ab32e803,2025-10-21T15:15:54.539613,shrek3,ARTIE,213,True,5fb80f9bc0f3,3.107098999862501,latency-c709ab32e803.csv
1,c709ab32e803,2025-10-21T15:15:54.646769,shrek3,"meet""",0,True,5fb80f9bc0f3,2.482296999914979,latency-c709ab32e803.csv
1,c709ab32e803,2025-10-21T15:15:54.753479,grail,elected,2,False,5fb80f9bc0f3,14.620742999795766,latency-c709ab32e803.csv
1,c709ab32e803,2025-10-21T15:15:54.872511,shrek,the,535,True,5fb80f9bc0f3,3.435803000684245,latency-c709ab32e803.csv
1,c709ab32e803,2025-10-21T15:15:54.980063,grail,are,114,True,5fb80f9bc0f3,3.295868999884988,latency-c709ab32e803.csv
1,c709ab32e803,2025-10-21T15:15:55.087272,grail,them,41,True,5fb80f9bc0f3,10.18750499952148,latency-c709ab32e803.csv
1,c709ab32e803,2025-10-21T15:15:55.207383,shrek,Shrek,433,True,5fb80f9bc0f3,6.870359999993525,latency-c709ab32e803.csv
1,c709ab32e803,2025-10-21T15:15:55.326020,grail,elected,2,True,5fb80f9bc0f3,7.854645999941567,latency-c709ab32e803.csv
1,c709ab32e803,2025-10-21T15:15:55.441554,grail,music,21,False,5fb80f9bc0f3,13.452829999550886,latency-c709ab32e803.csv
1,c709ab32e803,2025-10-21T15:15:55.565636,shrek3,SHREK,678,True,5fb80f9bc0f3,5.619579999802227,latency-c709ab32e803.csv
1,c709ab32e803,2025-10-21T15:15:55.681577,shrek,GUARD,25,False,5fb80f9bc0f3,6.843387999651895,latency-c709ab32e803.csv
1,c709ab32e803,2025-10-21T15:15:55.796525,shrek3,RAPUNZEL,30,True,5fb80f9bc0f3,5.980699000247114,latency-c709ab32e803.csv
1,c709ab32e803,2025-10-21T15:15:55.913108,grail,on,139,True,5fb80f9bc0f3,7.221073000437173,latency-c709ab32e803.csv
1,c709ab32e803,2025-10-21T15:15:56.032724,shrek,lay,2,False,5fb80f9bc0f3,8.472699999401812,latency-c709ab32e803.csv
1,c709ab32e803,2025-10-21T15:15:56.145428,shrek3,and,576,True,5fb80f9bc0f3,2.623712000058731,latency-c709ab32e803.csv
1,c709ab32e803,2025-10-21T15:15:56.252707,grail,Bridge,30,True,5fb80f9bc0f3,5.554383000344387,latency-c709ab32e803.csv
1,c709ab32e803,2025-10-21T15:15:56.367121,grail,since,10,True,5fb80f9bc0f3,4.021503999865672,latency-c709ab32e803.csv
2,c709ab32e803,2025-10-21T15:15:56.475395,shrek,after,10,True,5fb80f9bc0f3,3.503755000565434,latency-c709ab32e803.csv
2,c709ab32e803,2025-10-21T15:15:56.582704,grail,and,722,True,5fb80f9bc0f3,13.225054000031378,latency-c709ab32e803.csv
2,c709ab32e803,2025-10-21T15:15:56.699249,grail,grabbing,5,True,5fb80f9bc0f3,6.838980999418709,latency-c709ab32e803.csv
2,c709ab32e803,2025-10-21T15:15:56.809936,shrek3,ARTIE,213,True,5fb80f9bc0f3,82.64486099960777,latency-c709ab32e803.csv
2,c709ab32e803,2025-10-21T15:15:57.005484,shrek3,"meet""",0,True,5fb80f9bc0f3,3.2066090006992454,latency-c709ab32e803.csv
2,c709ab32e803,2025-10-21T15:15:57.114244,grail,elected,2,True,5fb80f9bc0f3,6.64731400047458,latency-c709ab32e803.csv
2,c709ab32e803,2025-10-21T15:15:57.224853,shrek,the,535,True,5fb80f9bc0f3,3.961671000070055,latency-c709ab32e803.csv
2,c709ab32e803,2025-10-21T15:15:57.333304,grail,are,114,True,5fb80f9bc0f3,3.509916999973939,latency-c709ab32e803.csv
2,c709ab32e803,2025-10-21T15:15:57.440456,grail,them,41,True,5fb80f9bc0f3,8.505224000145972,latency-c709ab32e803.csv
2,c709ab32e803,2025-10-21T15:15:57.561257,shrek,Shrek,433,True,5fb80f9bc0f3,5.148892000761407,latency-c709ab32e803.csv
2,c709ab32e803,2025-10-21T15:15:57.673538,grail,elected,2,True,5fb80f9bc0f3,2.8958940001757583,latency-c709ab32e803.csv
2,c709ab32e803,2025-10-21T15:15:57.780339,grail,music,21,True,5fb80f9bc0f3,2.89741199958371,latency-c709ab32e803.csv
2,c709ab32e803,2025-10-21T15:15:57.886928,shrek3,SHREK,678,True,5fb80f9bc0f3,3.3984580004471354,latency-c709ab32e803.csv
2,c709ab32e803,2025-10-21T15:15:57.994015,shrek,GUARD,25,True,5fb80f9bc0f3,3.719366000041191,latency-c709ab32e803.csv
2,c709ab32e803,2025-10-21T15:15:58.101547,shrek3,RAPUNZEL,30,True,5fb80f9bc0f3,2.875710999433068,latency-c709ab32e803.csv
2,c709ab32e803,2025-10-21T15:15:58.207994,grail,on,139,True,5fb80f9bc0f3,11.147139999593492,latency-c709ab32e803.csv
2,c709ab32e803,2025-10-21T15:15:58.323200,shrek,lay,2,True,5fb80f9bc0f3,4.532869999820832,latency-c709ab32e803.csv
2,c709ab32e803,2025-10-21T15:15:58.440180,shrek3,and,576,True,5fb80f9bc0f3,3.835016000266478,latency-c709ab32e803.csv
2,c709ab32e803,2025-10-21T15:15:58.547736,grail,Bridge,30,True,5fb80f9bc0f3,2.611527999761165,latency-c709ab32e803.csv
2,c709ab32e803,2025-10-21T15:15:58.653892,grail,since,10,True,5fb80f9bc0f3,3.511273999720288,latency-c709ab32e803.csv
1,ca8b3ceb96ea,2025-10-21T15:16:26.283185,shrek,He,118,True,5fb80f9bc0f3,6.008580999150581,latency-ca8b3ceb96ea.csv
1,ca8b3ceb96ea,2025-10-21T15:16:26.393072,shrek3,get,39,True,5fb80f9bc0f3,4.384714000480017,latency-ca8b3ceb96ea.csv
1,ca8b3ceb96ea,2025-10-21T15:16:26.501661,grail,Footnote,4,True,5fb80f9bc0f3,5.526836999706575,latency-ca8b3ceb96ea.csv
1,ca8b3ceb96ea,2025-10-21T15:16:26.611719,shrek3,Im,1,True,5fb80f9bc0f3,8.433601999968232,latency-ca8b3ceb96ea.csv
1,ca8b3ceb96ea,2025-10-21T15:16:26.725685,grail,lost,6,True,5fb80f9bc0f3,12.629983999431715,latency-ca8b3ceb96ea.csv
1,ca8b3ceb96ea,2025-10-21T15:16:26.847949,shrek,fair,2,True,5fb80f9bc0f3,6.212548999428691,latency-ca8b3ceb96ea.csv
1,ca8b3ceb96ea,2025-10-21T15:16:26.962236,shrek3,get,39,True,5fb80f9bc0f3,5.440382999950089,latency-ca8b3ceb96ea.csv
1,ca8b3ceb96ea,2025-10-21T15:16:27.073082,shrek3,decree,1,True,5fb80f9bc0f3,4.8793140003908775,latency-ca8b3ceb96ea.csv
1,ca8b3ceb96ea,2025-10-21T15:16:27.182262,shrek,GORDO,5,True,5fb80f9bc0f3,2.583680000498134,latency-ca8b3ceb96ea.csv
1,ca8b3ceb96ea,2025-10-21T15:16:27.288244,grail,feel,11,False,5fb80f9bc0f3,7.243556000503304,latency-ca8b3ceb96ea.csv
1,ca8b3ceb96ea,2025-10-21T15:16:27.398983,grail,with/,0,True,5fb80f9bc0f3,3.335270999741624,latency-ca8b3ceb96ea.csv
1,ca8b3ceb96ea,2025-10-21T15:16:27.505917,shrek,tell,25,True,5fb80f9bc0f3,2.9809899997417237,latency-ca8b3ceb96ea.csv
1,ca8b3ceb96ea,2025-10-21T15:16:27.612213,shrek,stairs,7,True,5fb80f9bc0f3,3.224035000130243,latency-ca8b3ceb96ea.csv
1,ca8b3ceb96ea,2025-10-21T15:16:27.718643,grail,Michael,11,True,5fb80f9bc0f3,3.1538709999949788,latency-ca8b3ceb96ea.csv
1,ca8b3ceb96ea,2025-10-21T15:16:27.825220,shrek3,bed,10,True,5fb80f9bc0f3,3.485279000415176,latency-ca8b3ceb96ea.csv
1,ca8b3ceb96ea,2025-10-21T15:16:27.931761,shrek,true,20,True,5fb80f9bc0f3,5.152612000529189,latency-ca8b3ceb96ea.csv
1,ca8b3ceb96ea,2025-10-21T15:16:28.040643,shrek,stairs,7,True,5fb80f9bc0f3,2.6065060001201346,latency-ca8b3ceb96ea.csv
1,ca8b3ceb96ea,2025-10-21T15:16:28.146380,grail,Get,47,True,5fb80f9bc0f3,3.150638000079198,latency-ca8b3ceb96ea.csv
1,ca8b3ceb96ea,2025-10-21T15:16:28.253455,grail,grabbing,5,True,5fb80f9bc0f3,3.7197659994490095,latency-ca8b3ceb96ea.csv
1,ca8b3ceb96ea,2025-10-21T15:16:28.360640,grail,-,259,True,5fb80f9bc0f3,4.061253000145371,latency-ca8b3ceb96ea.csv
2,ca8b3ceb96ea,2025-10-21T15:16:28.467917,shrek,He,118,True,5fb80f9bc0f3,2.471105000040552,latency-ca8b3ceb96ea.csv
2,ca8b3ceb96ea,2025-10-21T15:16:28.573529,shrek3,get,39,True,5fb80f9bc0f3,2.675479999197705,latency-ca8b3ceb96ea.csv
2,ca8b3ceb96ea,2025-10-21T15:16:28.679987,grail,Footnote,4,True,5fb80f9bc0f3,3.285419999883743,latency-ca8b3ceb96ea.csv
2,ca8b3ceb96ea,2025-10-21T15:16:28.787068,shrek3,Im,1,True,5fb80f9bc0f3,3.3309569998891675,latency-ca8b3ceb96ea.csv
2,ca8b3ceb96ea,2025-10-21T15:16:28.893869,grail,lost,6,True,5fb80f9bc0f3,3.4430660007274128,latency-ca8b3ceb96ea.csv
2,ca8b3ceb96ea,2025-10-21T15:16:29.001791,shrek,fair,2,True,5fb80f9bc0f3,2.9111290004948387,latency-ca8b3ceb96ea.csv
2,ca8b3ceb96ea,2025-10-21T15:16:29.108000,shrek3,get,39,True,5fb80f9bc0f3,3.356627999892225,latency-ca8b3ceb96ea.csv
2,ca8b3ceb96ea,2025-10-21T15:16:29.214734,shrek3,decree,1,True,5fb80f9bc0f3,3.034173000742157,latency-ca8b3ceb96ea.csv
2,ca8b3ceb96ea,2025-10-21T15:16:29.321648,shrek,GORDO,5,True,5fb80f9bc0f3,2.9961290001665475,latency-ca8b3ceb96ea.csv
2,ca8b3ceb96ea,2025-10-21T15:16:29.428239,grail,feel,11,True,5fb80f9bc0f3,2.959799000564089,latency-ca8b3ceb96ea.csv
2,ca8b3ceb96ea,2025-10-21T15:16:29.534615,grail,with/,0,True,5fb80f9bc0f3,4.633855000065523,latency-ca8b3ceb96ea.csv
2,ca8b3ceb96ea,2025-10-21T15:16:29.642906,shrek,tell,25,True,5fb80f9bc0f3,2.3813259995222325,latency-ca8b3ceb96ea.csv
2,ca8b3ceb96ea,2025-10-21T15:16:29.748572,shrek,stairs,7,True,5fb80f9bc0f3,2.8572190003615106,latency-ca8b3ceb96ea.csv
2,ca8b3ceb96ea,2025-10-21T15:16:29.854657,grail,Michael,11,True,5fb80f9bc0f3,3.369231999386102,latency-ca8b3ceb96ea.csv
2,ca8b3ceb96ea,2025-10-21T15:16:29.962108,shrek3,bed,10,True,5fb80f9bc0f3,3.214415000002191,latency-ca8b3ceb96ea.csv
2,ca8b3ceb96ea,2025-10-21T15:16:30.068970,shrek,true,20,True,5fb80f9bc0f3,4.41682599921478,latency-ca8b3ceb96ea.csv
2,ca8b3ceb96ea,2025-10-21T15:16:30.177512,shrek,stairs,7,True,5fb80f9bc0f3,3.7931619999653776,latency-ca8b3ceb96ea.csv
2,ca8b3ceb96ea,2025-10-21T15:16:30.284892,grail,Get,47,True,5fb80f9bc0f3,2.948929000012868,latency-ca8b3ceb96ea.csv
2,ca8b3ceb96ea,2025-10-21T15:16:30.391388,grail,grabbing,5,True,5fb80f9bc0f3,3.0549379998774384,latency-ca8b3ceb96ea.csv
2,ca8b3ceb96ea,2025-10-21T15:16:30.497953,grail,-,259,True,5fb80f9bc0f3,3.546699000253284,latency-ca8b3ceb96ea.csv
1,cf94f3ab6580,2025-10-21T15:16:03.365583,shrek3,Whoa,7,True,5fb80f9bc0f3,2.3489810000683065,latency-cf94f3ab6580.csv
1,cf94f3ab6580,2025-10-21T15:16:03.470997,grail,Cleveland,3,True,5fb80f9bc0f3,3.363468000316061,latency-cf94f3ab6580.csv
1,cf94f3ab6580,2025-10-21T15:16:03.577907,grail,Guard,106,True,5fb80f9bc0f3,3.79393599996547,latency-cf94f3ab6580.csv
1,cf94f3ab6580,2025-10-21T15:16:03.685639,grail,THREE-HEADED,8,True,5fb80f9bc0f3,3.394375000425498,latency-cf94f3ab6580.csv
1,cf94f3ab6580,2025-10-21T15:16:03.793236,shrek3,of,275,True,5fb80f9bc0f3,14.35310099986964,latency-cf94f3ab6580.csv
1,cf94f3ab6580,2025-10-21T15:16:03.918096,grail,Who’s,3,True,5fb80f9bc0f3,18.205456000032427,latency-cf94f3ab6580.csv
1,cf94f3ab6580,2025-10-21T15:16:04.046216,grail,lost,6,True,5fb80f9bc0f3,5.522110000129032,latency-cf94f3ab6580.csv
1,cf94f3ab6580,2025-10-21T15:16:04.157048,shrek3,Donkey,243,True,5fb80f9bc0f3,2.786320999803138,latency-cf94f3ab6580.csv
1,cf94f3ab6580,2025-10-21T15:16:04.262845,shrek3,field,3,True,5fb80f9bc0f3,3.6455270001169993,latency-cf94f3ab6580.csv
1,cf94f3ab6580,2025-10-21T15:16:04.370282,shrek3,CAPTAIN,41,True,5fb80f9bc0f3,4.8339280001528095,latency-cf94f3ab6580.csv
1,cf94f3ab6580,2025-10-21T15:16:04.479395,grail,the,1600,True,5fb80f9bc0f3,4.330304000177421,latency-cf94f3ab6580.csv
1,cf94f3ab6580,2025-10-21T15:16:04.587416,grail,To,718,True,5fb80f9bc0f3,3.0981519994384144,latency-cf94f3ab6580.csv
1,cf94f3ab6580,2025-10-21T15:16:04.693402,grail,Cleveland,3,True,5fb80f9bc0f3,2.6686070004871,latency-cf94f3ab6580.csv
1,cf94f3ab6580,2025-10-21T15:16:04.800227,grail,Get,47,True,5fb80f9bc0f3,19.83875000041735,latency-cf94f3ab6580.csv
1,cf94f3ab6580,2025-10-21T15:16:04.926139,shrek3,SHREK,678,True,5fb80f9bc0f3,4.520677000073192,latency-cf94f3ab6580.csv
1,cf94f3ab6580,2025-10-21T15:16:05.033885,shrek,to,268,True,5fb80f9bc0f3,6.2246380002761725,latency-cf94f3ab6580.csv
1,cf94f3ab6580,2025-10-21T15:16:05.146242,shrek,DONKEY,320,True,5fb80f9bc0f3,10.045541000181402,latency-cf94f3ab6580.csv
1,cf94f3ab6580,2025-10-21T15:16:05.264580,grail,it,279,True,5fb80f9bc0f3,4.818317999706778,latency-cf94f3ab6580.csv
1,cf94f3ab6580,2025-10-21T15:16:05.373130,shrek3,time,23,True,5fb80f9bc0f3,3.380867000487342,latency-cf94f3ab6580.csv
1,cf94f3ab6580,2025-10-21T15:16:05.480257,shrek3,OGRE,39,True,5fb80f9bc0f3,5.601369000032719,latency-cf94f3ab6580.csv
2,cf94f3ab6580,2025-10-21T15:16:05.590266,shrek3,Whoa,7,True,5fb80f9bc0f3,4.754665999826102,latency-cf94f3ab6580.csv
2,cf94f3ab6580,2025-10-21T15:16:05.699191,grail,Cleveland,3,True,5fb80f9bc0f3,3.607095999541343,latency-cf94f3ab6580.csv
2,cf94f3ab6580,2025-10-21T15:16:05.806665,grail,Guard,106,True,5fb80f9bc0f3,6.552430000738241,latency-cf94f3ab6580.csv
2,cf94f3ab6580,2025-10-21T15:16:05.917803,grail,THREE-HEADED,8,True,5fb80f9bc0f3,6.126762000349117,latency-cf94f3ab6580.csv
2,cf94f3ab6580,2025-10-21T15:16:06.028600,shrek3,of,275,True,5fb80f9bc0f3,4.217344999233319,latency-cf94f3ab6580.csv
2,cf94f3ab6580,2025-10-21T15:16:06.137194,grail,Who’s,3,True,5fb80f9bc0f3,3.7180910003371537,latency-cf94f3ab6580.csv
2,cf94f3ab6580,2025-10-21T15:16:06.244876,grail,lost,6,True,5fb80f9bc0f3,6.197757000336424,latency-cf94f3ab6580.csv
2,cf94f3ab6580,2025-10-21T15:16:06.356680,shrek3,Donkey,243,True,5fb80f9bc0f3,6.043112999577716,latency-cf94f3ab6580.csv
2,cf94f3ab6580,2025-10-21T15:16:06.467570,shrek3,field,3,True,5fb80f9bc0f3,4.896268000265991,latency-cf94f3ab6580.csv
2,cf94f3ab6580,2025-10-21T15:16:06.577329,shrek3,CAPTAIN,41,True,5fb80f9bc0f3,2.8889380000691744,latency-cf94f3ab6580.csv
2,cf94f3ab6580,2025-10-21T15:16:06.684038,grail,the,1600,True,5fb80f9bc0f3,4.034659000353713,latency-cf94f3ab6580.csv
2,cf94f3ab6580,2025-10-21T15:16:06.792883,grail,To,718,True,5fb80f9bc0f3,4.21630299933895,latency-cf94f3ab6580.csv
2,cf94f3ab6580,2025-10-21T15:16:06.901271,grail,Cleveland,3,True,5fb80f9bc0f3,3.854939000120794,latency-cf94f3ab6580.csv
2,cf94f3ab6580,2025-10-21T15:16:07.008953,grail,Get,47,True,5fb80f9bc0f3,5.03281000055722,latency-cf94f3ab6580.csv
2,cf94f3ab6580,2025-10-21T15:16:07.121170,shrek3,SHREK,678,True,5fb80f9bc0f3,4.577028000312566,latency-cf94f3ab6580.csv
2,cf94f3ab6580,2025-10-21T15:16:07.229846,shrek,to,268,True,5fb80f9bc0f3,3.0747930004508817,latency-cf94f3ab6580.csv
2,cf94f3ab6580,2025-10-21T15:16:07.337091,shrek,DONKEY,320,True,5fb80f9bc0f3,3.356170000188285,latency-cf94f3ab6580.csv
2,cf94f3ab6580,2025-10-21T15:16:07.444137,grail,it,279,True,5fb80f9bc0f3,4.669144000217784,latency-cf94f3ab6580.csv
2,cf94f3ab6580,2025-10-21T15:16:07.553765,shrek3,time,23,True,5fb80f9bc0f3,5.221262000304705,latency-cf94f3ab6580.csv
2,cf94f3ab6580,2025-10-21T15:16:07.663883,shrek3,OGRE,39,True,5fb80f9bc0f3,3.6415019994819886,latency-cf94f3ab6580.csv
1,cfd732fe3624,2025-10-21T15:16:20.201650,shrek,GORDO,5,True,5fb80f9bc0f3,5.231774000094447,latency-cfd732fe3624.csv
1,cfd732fe3624,2025-10-21T15:16:20.336507,shrek,afraid,8,True,5fb80f9bc0f3,9.453135000512702,latency-cfd732fe3624.csv
1,cfd732fe3624,2025-10-21T15:16:20.457524,shrek3,its,1,True,5fb80f9bc0f3,6.496158999652835,latency-cfd732fe3624.csv
1,cfd732fe3624,2025-10-21T15:16:20.571123,shrek,He,118,True,5fb80f9bc0f3,3.3325309996143915,latency-cfd732fe3624.csv
1,cfd732fe3624,2025-10-21T15:16:20.683775,grail,about,49,True,5fb80f9bc0f3,4.711390000011306,latency-cfd732fe3624.csv
1,cfd732fe3624,2025-10-21T15:16:20.799623,shrek3,CAPTAIN,41,True,5fb80f9bc0f3,2.6844750000236672,latency-cfd732fe3624.csv
1,cfd732fe3624,2025-10-21T15:16:20.905677,shrek,"Ha,",0,True,5fb80f9bc0f3,2.502514999832784,latency-cfd732fe3624.csv
1,cfd732fe3624,2025-10-21T15:16:21.011788,grail,Eolio,2,True,5fb80f9bc0f3,3.170873000271968,latency-cfd732fe3624.csv
1,cfd732fe3624,2025-10-21T15:16:21.118519,grail,Jones,7,True,5fb80f9bc0f3,3.0441760000030627,latency-cfd732fe3624.csv
1,cfd732fe3624,2025-10-21T15:16:21.225260,grail,the,1600,True,5fb80f9bc0f3,4.060088999722211,latency-cfd732fe3624.csv
1,cfd732fe3624,2025-10-21T15:16:21.333291,shrek,trip,1,True,5fb80f9bc0f3,4.507961999479448,latency-cfd732fe3624.csv
1,cfd732fe3624,2025-10-21T15:16:21.441603,shrek,the,535,True,5fb80f9bc0f3,5.601087999821175,latency-cfd732fe3624.csv
1,cfd732fe3624,2025-10-21T15:16:21.550945,shrek3,Guards,23,True,5fb80f9bc0f3,6.351373000143212,latency-cfd732fe3624.csv
1,cfd732fe3624,2025-10-21T15:16:21.663170,shrek,FIONA,211,True,5fb80f9bc0f3,4.67437599945697,latency-cfd732fe3624.csv
1,cfd732fe3624,2025-10-21T15:16:21.773004,shrek,tell,25,True,5fb80f9bc0f3,5.36977800038585,latency-cfd732fe3624.csv
1,cfd732fe3624,2025-10-21T15:16:21.887209,shrek,fair,2,True,5fb80f9bc0f3,5.068815000413451,latency-cfd732fe3624.csv
1,cfd732fe3624,2025-10-21T15:16:21.998488,shrek3,right,36,True,5fb80f9bc0f3,5.660935999912908,latency-cfd732fe3624.csv
1,cfd732fe3624,2025-10-21T15:16:22.114473,grail,CALLS,3,True,5fb80f9bc0f3,2.851527000530041,latency-cfd732fe3624.csv
1,cfd732fe3624,2025-10-21T15:16:22.223178,shrek3,-,110,True,5fb80f9bc0f3,2.57206700007373,latency-cfd732fe3624.csv
1,cfd732fe3624,2025-10-21T15:16:22.328871,grail,to,718,True,5fb80f9bc0f3,2.976856999339361,latency-cfd732fe3624.csv
2,cfd732fe3624,2025-10-21T15:16:22.435274,shrek,GORDO,5,True,5fb80f9bc0f3,2.8240789997653337,latency-cfd732fe3624.csv
2,cfd732fe3624,2025-10-21T15:16:22.541446,shrek,afraid,8,True,5fb80f9bc0f3,2.651822999723663,latency-cfd732fe3624.csv
2,cfd732fe3624,2025-10-21T15:16:22.647276,shrek3,its,1,True,5fb80f9bc0f3,5.32026400014729,latency-cfd732fe3624.csv
2,cfd732fe3624,2025-10-21T15:16:22.756285,shrek,He,118,True,5fb80f9bc0f3,6.422379000468936,latency-cfd732fe3624.csv
2,cfd732fe3624,2025-10-21T15:16:22.867531,grail,about,49,True,5fb80f9bc0f3,6.252622999454616,latency-cfd732fe3624.csv
2,cfd732fe3624,2025-10-21T15:16:22.979860,shrek3,CAPTAIN,41,True,5fb80f9bc0f3,22.57412499966449,latency-cfd732fe3624.csv
2,cfd732fe3624,2025-10-21T15:16:23.120206,shrek,"Ha,",0,True,5fb80f9bc0f3,7.013346999883652,latency-cfd732fe3624.csv
2,cfd732fe3624,2025-10-21T15:16:23.236638,grail,Eolio,2,True,5fb80f9bc0f3,3.1027029999677325,latency-cfd732fe3624.csv
2,cfd732fe3624,2025-10-21T15:16:23.344535,grail,Jones,7,True,5fb80f9bc0f3,2.7263480005785823,latency-cfd732fe3624.csv
2,cfd732fe3624,2025-10-21T15:16:23.451034,grail,the,1600,True,5fb80f9bc0f3,3.852476000247407,latency-cfd732fe3624.csv
2,cfd732fe3624,2025-10-21T15:16:23.559201,shrek,trip,1,True,5fb80f9bc0f3,2.9284629999892786,latency-cfd732fe3624.csv
2,cfd732fe3624,2025-10-21T15:16:23.666033,shrek,the,535,True,5fb80f9bc0f3,3.994902999693295,latency-cfd732fe3624.csv
2,cfd732fe3624,2025-10-21T15:16:23.774507,shrek3,Guards,23,True,5fb80f9bc0f3,3.1294359996536514,latency-cfd732fe3624.csv
2,cfd732fe3624,2025-10-21T15:16:23.881734,shrek,FIONA,211,True,5fb80f9bc0f3,3.348236999954679,latency-cfd732fe3624.csv
2,cfd732fe3624,2025-10-21T15:16:23.988967,shrek,tell,25,True,5fb80f9bc0f3,15.15779199962708,latency-cfd732fe3624.csv
2,cfd732fe3624,2025-10-21T15:16:24.111105,shrek,fair,2,True,5fb80f9bc0f3,5.539357999623462,latency-cfd732fe3624.csv
2,cfd732fe3624,2025-10-21T15:16:24.221102,shrek3,right,36,True,5fb80f9bc0f3,5.078361999949266,latency-cfd732fe3624.csv
2,cfd732fe3624,2025-10-21T15:16:24.331587,grail,CALLS,3,True,5fb80f9bc0f3,4.441293000127189,latency-cfd732fe3624.csv
2,cfd732fe3624,2025-10-21T15:16:24.440476,shrek3,-,110,True,5fb80f9bc0f3,16.49968899982923,latency-cfd732fe3624.csv
2,cfd732fe3624,2025-10-21T15:16:24.567089,grail,to,718,True,5fb80f9bc0f3,10.939791999589945,latency-cfd732fe3624.csv
1,d007ae5bbeab,2025-10-21T15:16:21.906625,grail,it,279,True,5fb80f9bc0f3,2.5436300002184,latency-d007ae5bbeab.csv
1,d007ae5bbeab,2025-10-21T15:16:22.012437,shrek,And,318,True,5fb80f9bc0f3,8.16627700078243,latency-d007ae5bbeab.csv
1,d007ae5bbeab,2025-10-21T15:16:22.124902,shrek,cottage,4,True,5fb80f9bc0f3,11.43246299943712,latency-d007ae5bbeab.csv
1,d007ae5bbeab,2025-10-21T15:16:22.246855,shrek,What,104,True,5fb80f9bc0f3,6.579869000233884,latency-d007ae5bbeab.csv
1,d007ae5bbeab,2025-10-21T15:16:22.359771,shrek3,Ahh,8,True,5fb80f9bc0f3,4.020384000796184,latency-d007ae5bbeab.csv
1,d007ae5bbeab,2025-10-21T15:16:22.468461,grail,the,1600,True,5fb80f9bc0f3,6.490282000413572,latency-d007ae5bbeab.csv
1,d007ae5bbeab,2025-10-21T15:16:22.579871,shrek3,flaming,2,True,5fb80f9bc0f3,4.0592180002931855,latency-d007ae5bbeab.csv
1,d007ae5bbeab,2025-10-21T15:16:22.687813,shrek3,CAPTAIN,41,True,5fb80f9bc0f3,3.510472000016307,latency-d007ae5bbeab.csv
1,d007ae5bbeab,2025-10-21T15:16:22.797465,grail,pseudonym,1,True,5fb80f9bc0f3,6.898748000821797,latency-d007ae5bbeab.csv
1,d007ae5bbeab,2025-10-21T15:16:22.914958,shrek,He,118,True,5fb80f9bc0f3,21.025678000114567,latency-d007ae5bbeab.csv
1,d007ae5bbeab,2025-10-21T15:16:23.069405,shrek3,CAPTAIN,41,True,5fb80f9bc0f3,3.624406000199088,latency-d007ae5bbeab.csv
1,d007ae5bbeab,2025-10-21T15:16:23.177805,shrek,GUARD,25,True,5fb80f9bc0f3,10.262024999974528,latency-d007ae5bbeab.csv
1,d007ae5bbeab,2025-10-21T15:16:23.296251,grail,-,259,True,5fb80f9bc0f3,3.2106230000863434,latency-d007ae5bbeab.csv
1,d007ae5bbeab,2025-10-21T15:16:23.404951,grail,Aaaaugh,9,True,5fb80f9bc0f3,2.6549800004431745,latency-d007ae5bbeab.csv
1,d007ae5bbeab,2025-10-21T15:16:23.511549,grail,Butts,2,True,5fb80f9bc0f3,5.043969000325888,latency-d007ae5bbeab.csv
1,d007ae5bbeab,2025-10-21T15:16:23.621481,shrek3,boomerang,1,True,5fb80f9bc0f3,10.368477999691097,latency-d007ae5bbeab.csv
1,d007ae5bbeab,2025-10-21T15:16:23.740429,grail,To,718,True,5fb80f9bc0f3,4.9538860002940055,latency-d007ae5bbeab.csv
1,d007ae5bbeab,2025-10-21T15:16:23.850223,shrek3,116,1,True,5fb80f9bc0f3,4.1988829998445,latency-d007ae5bbeab.csv
1,d007ae5bbeab,2025-10-21T15:16:23.959302,shrek3,BOAT,32,True,5fb80f9bc0f3,13.257947999591124,latency-d007ae5bbeab.csv
1,d007ae5bbeab,2025-10-21T15:16:24.086206,grail,the,1600,True,5fb80f9bc0f3,4.5031449999441975,latency-d007ae5bbeab.csv
2,d007ae5bbeab,2025-10-21T15:16:24.197302,grail,it,279,True,5fb80f9bc0f3,3.86862600043969,latency-d007ae5bbeab.csv
2,d007ae5bbeab,2025-10-21T15:16:24.306803,shrek,And,318,True,5fb80f9bc0f3,2.8424649999578837,latency-d007ae5bbeab.csv
2,d007ae5bbeab,2025-10-21T15:16:24.414264,shrek,cottage,4,True,5fb80f9bc0f3,3.087785000388976,latency-d007ae5bbeab.csv
2,d007ae5bbeab,2025-10-21T15:16:24.521401,shrek,What,104,True,5fb80f9bc0f3,3.619188999437029,latency-d007ae5bbeab.csv
2,d007ae5bbeab,2025-10-21T15:16:24.628897,shrek3,Ahh,8,True,5fb80f9bc0f3,3.336409999974421,latency-d007ae5bbeab.csv
2,d007ae5bbeab,2025-10-21T15:16:24.736327,grail,the,1600,True,5fb80f9bc0f3,2.424725999844668,latency-d007ae5bbeab.csv
2,d007ae5bbeab,2025-10-21T15:16:24.842023,shrek3,flaming,2,True,5fb80f9bc0f3,2.791662000163342,latency-d007ae5bbeab.csv
2,d007ae5bbeab,2025-10-21T15:16:24.947811,shrek3,CAPTAIN,41,True,5fb80f9bc0f3,2.628969000397774,latency-d007ae5bbeab.csv
2,d007ae5bbeab,2025-10-21T15:16:25.054018,grail,pseudonym,1,True,5fb80f9bc0f3,2.902994000578474,latency-d007ae5bbeab.csv
2,d007ae5bbeab,2025-10-21T15:16:25.160241,shrek,He,118,True,5fb80f9bc0f3,2.7258029995209654,latency-d007ae5bbeab.csv
2,d007ae5bbeab,2025-10-21T15:16:25.266204,shrek3,CAPTAIN,41,True,5fb80f9bc0f3,3.447994999987713,latency-d007ae5bbeab.csv
2,d007ae5bbeab,2025-10-21T15:16:25.373761,shrek,GUARD,25,True,5fb80f9bc0f3,2.9168110004320624,latency-d007ae5bbeab.csv
2,d007ae5bbeab,2025-10-21T15:16:25.480019,grail,-,259,True,5fb80f9bc0f3,2.3301860001083696,latency-d007ae5bbeab.csv
2,d007ae5bbeab,2025-10-21T15:16:25.585552,grail,Aaaaugh,9,True,5fb80f9bc0f3,10.99183400037873,latency-d007ae5bbeab.csv
2,d007ae5bbeab,2025-10-21T15:16:25.705871,grail,Butts,2,True,5fb80f9bc0f3,9.94361800076149,latency-d007ae5bbeab.csv
2,d007ae5bbeab,2025-10-21T15:16:25.824382,shrek3,boomerang,1,True,5fb80f9bc0f3,5.609274000562436,latency-d007ae5bbeab.csv
2,d007ae5bbeab,2025-10-21T15:16:25.935905,grail,To,718,True,5fb80f9bc0f3,12.006021000161128,latency-d007ae5bbeab.csv
2,d007ae5bbeab,2025-10-21T15:16:26.055982,shrek3,116,1,True,5fb80f9bc0f3,6.3753570002518245,latency-d007ae5bbeab.csv
2,d007ae5bbeab,2025-10-21T15:16:26.167434,shrek3,BOAT,32,True,5fb80f9bc0f3,4.671003999646928,latency-d007ae5bbeab.csv
2,d007ae5bbeab,2025-10-21T15:16:26.277749,grail,the,1600,True,5fb80f9bc0f3,5.571493000388728,latency-d007ae5bbeab.csv
1,d423d8b4969e,2025-10-21T15:15:53.824962,grail,to,718,True,5fb80f9bc0f3,5.088081999929273,latency-d423d8b4969e.csv
1,d423d8b4969e,2025-10-21T15:15:53.935264,shrek3,field,3,True,5fb80f9bc0f3,5.281031000777148,latency-d423d8b4969e.csv
1,d423d8b4969e,2025-10-21T15:15:54.044354,grail,witch,30,True,5fb80f9bc0f3,5.433078000351088,latency-d423d8b4969e.csv
1,d423d8b4969e,2025-10-21T15:15:54.156662,shrek3,"Bay""",0,True,5fb80f9bc0f3,14.068128999497276,latency-d423d8b4969e.csv
1,d423d8b4969e,2025-10-21T15:15:54.278885,shrek3,fall,6,False,5fb80f9bc0f3,12.556212000163214,latency-d423d8b4969e.csv
1,d423d8b4969e,2025-10-21T15:15:54.400409,grail,"lute,",0,False,5fb80f9bc0f3,25.22362300078385,latency-d423d8b4969e.csv
1,d423d8b4969e,2025-10-21T15:15:54.535436,shrek3,SHREK,678,True,5fb80f9bc0f3,2.4921599997469457,latency-d423d8b4969e.csv
1,d423d8b4969e,2025-10-21T15:15:54.641658,grail,king,136,True,5fb80f9bc0f3,2.4668509995535715,latency-d423d8b4969e.csv
1,d423d8b4969e,2025-10-21T15:15:54.747187,shrek,FARQUAAD,84,True,5fb80f9bc0f3,4.397457000777649,latency-d423d8b4969e.csv
1,d423d8b4969e,2025-10-21T15:15:54.857278,shrek,And,318,True,5fb80f9bc0f3,4.440234999492532,latency-d423d8b4969e.csv
1,d423d8b4969e,2025-10-21T15:15:54.965465,grail,Rostmm,1,False,5fb80f9bc0f3,7.752890000119805,latency-d423d8b4969e.csv
1,d423d8b4969e,2025-10-21T15:15:55.076562,shrek3,MERLIN,73,True,5fb80f9bc0f3,16.41004100019927,latency-d423d8b4969e.csv
1,d423d8b4969e,2025-10-21T15:15:55.206379,grail,rows,1,True,5fb80f9bc0f3,6.211050000274554,latency-d423d8b4969e.csv
1,d423d8b4969e,2025-10-21T15:15:55.322073,shrek3,OGRE,39,True,5fb80f9bc0f3,3.6885990002701874,latency-d423d8b4969e.csv
1,d423d8b4969e,2025-10-21T15:15:55.433933,shrek,DONKEY,320,True,5fb80f9bc0f3,2.3705430003246875,latency-d423d8b4969e.csv
1,d423d8b4969e,2025-10-21T15:15:55.539895,shrek3,PUSS,196,True,5fb80f9bc0f3,3.21635399996012,latency-d423d8b4969e.csv
1,d423d8b4969e,2025-10-21T15:15:55.647118,shrek,after,10,True,5fb80f9bc0f3,2.4162929994417937,latency-d423d8b4969e.csv
1,d423d8b4969e,2025-10-21T15:15:55.752697,grail,Auuuuuuuugh,2,True,5fb80f9bc0f3,10.066824999739763,latency-d423d8b4969e.csv
1,d423d8b4969e,2025-10-21T15:15:55.868316,shrek3,WHITE,45,True,5fb80f9bc0f3,5.307381999955396,latency-d423d8b4969e.csv
1,d423d8b4969e,2025-10-21T15:15:55.979992,shrek,help,5,True,5fb80f9bc0f3,11.866920999636932,latency-d423d8b4969e.csv
2,d423d8b4969e,2025-10-21T15:15:56.103864,grail,to,718,True,5fb80f9bc0f3,3.713663999405981,latency-d423d8b4969e.csv
2,d423d8b4969e,2025-10-21T15:15:56.215531,shrek3,field,3,True,5fb80f9bc0f3,4.577669000354945,latency-d423d8b4969e.csv
2,d423d8b4969e,2025-10-21T15:15:56.330329,grail,witch,30,True,5fb80f9bc0f3,4.332846999204776,latency-d423d8b4969e.csv
2,d423d8b4969e,2025-10-21T15:15:56.440542,shrek3,"Bay""",0,True,5fb80f9bc0f3,5.898399999750836,latency-d423d8b4969e.csv
2,d423d8b4969e,2025-10-21T15:15:56.554113,shrek3,fall,6,True,5fb80f9bc0f3,4.896639999969921,latency-d423d8b4969e.csv
2,d423d8b4969e,2025-10-21T15:15:56.664070,grail,"lute,",0,True,5fb80f9bc0f3,8.056174000557803,latency-d423d8b4969e.csv
2,d423d8b4969e,2025-10-21T15:15:56.778097,shrek3,SHREK,678,True,5fb80f9bc0f3,29.969698999593675,latency-d423d8b4969e.csv
2,d423d8b4969e,2025-10-21T15:15:56.982340,grail,king,136,True,5fb80f9bc0f3,3.618318000008003,latency-d423d8b4969e.csv
2,d423d8b4969e,2025-10-21T15:15:57.089120,shrek,FARQUAAD,84,True,5fb80f9bc0f3,4.132691999984672,latency-d423d8b4969e.csv
2,d423d8b4969e,2025-10-21T15:15:57.197061,shrek,And,318,True,5fb80f9bc0f3,4.603658999258187,latency-d423d8b4969e.csv
2,d423d8b4969e,2025-10-21T15:15:57.306267,grail,Rostmm,1,True,5fb80f9bc0f3,4.181995999715582,latency-d423d8b4969e.csv
2,d423d8b4969e,2025-10-21T15:15:57.414523,shrek3,MERLIN,73,True,5fb80f9bc0f3,4.385143000035896,latency-d423d8b4969e.csv
2,d423d8b4969e,2025-10-21T15:15:57.522729,grail,rows,1,True,5fb80f9bc0f3,3.579310000532132,latency-d423d8b4969e.csv
2,d423d8b4969e,2025-10-21T15:15:57.634374,shrek3,OGRE,39,True,5fb80f9bc0f3,4.165240000475023,latency-d423d8b4969e.csv
2,d423d8b4969e,2025-10-21T15:15:57.742764,shrek,DONKEY,320,True,5fb80f9bc0f3,6.266351000704162,latency-d423d8b4969e.csv
2,d423d8b4969e,2025-10-21T15:15:57.853611,shrek3,PUSS,196,True,5fb80f9bc0f3,10.405099000308835,latency-d423d8b4969e.csv
2,d423d8b4969e,2025-10-21T15:15:57.969240,shrek,after,10,True,5fb80f9bc0f3,3.6828330003118026,latency-d423d8b4969e.csv
2,d423d8b4969e,2025-10-21T15:15:58.076566,grail,Auuuuuuuugh,2,True,5fb80f9bc0f3,6.111720000262721,latency-d423d8b4969e.csv
2,d423d8b4969e,2025-10-21T15:15:58.191009,shrek3,WHITE,45,True,5fb80f9bc0f3,5.137985000146728,latency-d423d8b4969e.csv
2,d423d8b4969e,2025-10-21T15:15:58.301649,shrek,help,5,True,5fb80f9bc0f3,2.915778999522445,latency-d423d8b4969e.csv
1,dc3329185885,2025-10-21T15:16:20.542954,grail,Who’s,3,True,5fb80f9bc0f3,2.730088999669533,latency-dc3329185885.csv
1,dc3329185885,2025-10-21T15:16:20.651106,shrek,Is,132,True,5fb80f9bc0f3,3.778549999879033,latency-dc3329185885.csv
1,dc3329185885,2025-10-21T15:16:20.760570,shrek3,SHOUTING),0,True,5fb80f9bc0f3,3.961816000810359,latency-dc3329185885.csv
1,dc3329185885,2025-10-21T15:16:20.870609,shrek3,the,1285,True,5fb80f9bc0f3,3.2564310004090657,latency-dc3329185885.csv
1,dc3329185885,2025-10-21T15:16:20.979972,grail,Jones,7,True,5fb80f9bc0f3,3.1480659999942877,latency-dc3329185885.csv
1,dc3329185885,2025-10-21T15:16:21.090826,shrek3,WOLF,7,True,5fb80f9bc0f3,2.7854519994434668,latency-dc3329185885.csv
1,dc3329185885,2025-10-21T15:16:21.198736,shrek,GORDO,5,True,5fb80f9bc0f3,4.424257999744441,latency-dc3329185885.csv
1,dc3329185885,2025-10-21T15:16:21.306602,shrek3,him,87,True,5fb80f9bc0f3,3.0469060002360493,latency-dc3329185885.csv
1,dc3329185885,2025-10-21T15:16:21.413260,shrek3,the,1285,True,5fb80f9bc0f3,3.252379999139521,latency-dc3329185885.csv
1,dc3329185885,2025-10-21T15:16:21.520199,shrek,tell,25,True,5fb80f9bc0f3,2.519525000025169,latency-dc3329185885.csv
1,dc3329185885,2025-10-21T15:16:21.626144,shrek,transport,1,True,5fb80f9bc0f3,3.7274709993653232,latency-dc3329185885.csv
1,dc3329185885,2025-10-21T15:16:21.734124,grail,Jones,7,True,5fb80f9bc0f3,3.673885999887716,latency-dc3329185885.csv
1,dc3329185885,2025-10-21T15:16:21.841908,shrek3,2,8,True,5fb80f9bc0f3,2.90915900041,latency-dc3329185885.csv
1,dc3329185885,2025-10-21T15:16:21.948104,grail,few,8,True,5fb80f9bc0f3,2.601448999485001,latency-dc3329185885.csv
1,dc3329185885,2025-10-21T15:16:22.054091,shrek,What,104,True,5fb80f9bc0f3,4.044209000312549,latency-dc3329185885.csv
1,dc3329185885,2025-10-21T15:16:22.161988,shrek3,them,44,True,5fb80f9bc0f3,7.828792000509566,latency-dc3329185885.csv
1,dc3329185885,2025-10-21T15:16:22.273778,grail,is,317,True,5fb80f9bc0f3,8.196037999368855,latency-dc3329185885.csv
1,dc3329185885,2025-10-21T15:16:22.385761,grail,I,298,True,5fb80f9bc0f3,5.962472999271995,latency-dc3329185885.csv
1,dc3329185885,2025-10-21T15:16:22.496076,shrek,tell,25,True,5fb80f9bc0f3,11.736866000319424,latency-dc3329185885.csv
1,dc3329185885,2025-10-21T15:16:22.614100,shrek,I,386,True,5fb80f9bc0f3,7.353290000537527,latency-dc3329185885.csv
2,dc3329185885,2025-10-21T15:16:22.725696,grail,Who’s,3,True,5fb80f9bc0f3,4.242177000378433,latency-dc3329185885.csv
2,dc3329185885,2025-10-21T15:16:22.833949,shrek,Is,132,True,5fb80f9bc0f3,3.904919999513368,latency-dc3329185885.csv
2,dc3329185885,2025-10-21T15:16:22.942554,shrek3,SHOUTING),0,True,5fb80f9bc0f3,33.765205000236165,latency-dc3329185885.csv
2,dc3329185885,2025-10-21T15:16:23.094848,shrek3,the,1285,True,5fb80f9bc0f3,4.359409999779018,latency-dc3329185885.csv
2,dc3329185885,2025-10-21T15:16:23.203396,grail,Jones,7,True,5fb80f9bc0f3,5.667499999617576,latency-dc3329185885.csv
2,dc3329185885,2025-10-21T15:16:23.314273,shrek3,WOLF,7,True,5fb80f9bc0f3,3.950973000428348,latency-dc3329185885.csv
2,dc3329185885,2025-10-21T15:16:23.422125,shrek,GORDO,5,True,5fb80f9bc0f3,3.452154000115115,latency-dc3329185885.csv
2,dc3329185885,2025-10-21T15:16:23.528871,shrek3,him,87,True,5fb80f9bc0f3,4.152346000410034,latency-dc3329185885.csv
2,dc3329185885,2025-10-21T15:16:23.637186,shrek3,the,1285,True,5fb80f9bc0f3,7.956146999276825,latency-dc3329185885.csv
2,dc3329185885,2025-10-21T15:16:23.755724,shrek,tell,25,True,5fb80f9bc0f3,5.93994799965003,latency-dc3329185885.csv
2,dc3329185885,2025-10-21T15:16:23.868854,shrek,transport,1,True,5fb80f9bc0f3,4.3103890002385015,latency-dc3329185885.csv
2,dc3329185885,2025-10-21T15:16:23.979159,grail,Jones,7,True,5fb80f9bc0f3,14.42003099964495,latency-dc3329185885.csv
2,dc3329185885,2025-10-21T15:16:24.103870,shrek3,2,8,True,5fb80f9bc0f3,4.079718999491888,latency-dc3329185885.csv
2,dc3329185885,2025-10-21T15:16:24.212131,grail,few,8,True,5fb80f9bc0f3,4.815094000150566,latency-dc3329185885.csv
2,dc3329185885,2025-10-21T15:16:24.321776,shrek,What,104,True,5fb80f9bc0f3,6.917811000676011,latency-dc3329185885.csv
2,dc3329185885,2025-10-21T15:16:24.434171,shrek3,them,44,True,5fb80f9bc0f3,5.940119000115374,latency-dc3329185885.csv
2,dc3329185885,2025-10-21T15:16:24.552071,grail,is,317,True,5fb80f9bc0f3,6.367942999531806,latency-dc3329185885.csv
2,dc3329185885,2025-10-21T15:16:24.662861,grail,I,298,True,5fb80f9bc0f3,6.16851199993107,latency-dc3329185885.csv
2,dc3329185885,2025-10-21T15:16:24.773247,shrek,tell,25,True,5fb80f9bc0f3,6.037428000126965,latency-dc3329185885.csv
2,dc3329185885,2025-10-21T15:16:24.882868,shrek,I,386,True,5fb80f9bc0f3,5.083738999928755,latency-dc3329185885.csv
1,dd2616a9a5df,2025-10-21T15:15:54.894943,shrek3,reason,2,True,5fb80f9bc0f3,4.746983999211807,latency-dd2616a9a5df.csv
1,dd2616a9a5df,2025-10-21T15:15:55.011271,grail,-,259,True,5fb80f9bc0f3,3.7608960001307423,latency-dd2616a9a5df.csv
1,dd2616a9a5df,2025-10-21T15:15:55.119054,shrek3,SHOUTING),0,True,5fb80f9bc0f3,4.0524790001654765,latency-dd2616a9a5df.csv
1,dd2616a9a5df,2025-10-21T15:15:55.228088,shrek,placed,1,False,5fb80f9bc0f3,8.49041999936162,latency-dd2616a9a5df.csv
1,dd2616a9a5df,2025-10-21T15:15:55.340370,shrek,on,88,True,5fb80f9bc0f3,3.768014999877778,latency-dd2616a9a5df.csv
1,dd2616a9a5df,2025-10-21T15:15:55.447822,shrek3,Whoa,7,True,5fb80f9bc0f3,10.611538000375733,latency-dd2616a9a5df.csv
1,dd2616a9a5df,2025-10-21T15:15:55.567963,shrek3,CHARMING,232,True,5fb80f9bc0f3,5.813028999909875,latency-dd2616a9a5df.csv
1,dd2616a9a5df,2025-10-21T15:15:55.684169,shrek3,Arg,1,True,5fb80f9bc0f3,8.868607999829692,latency-dd2616a9a5df.csv
1,dd2616a9a5df,2025-10-21T15:15:55.799543,grail,going,21,True,5fb80f9bc0f3,7.735088999652362,latency-dd2616a9a5df.csv
1,dd2616a9a5df,2025-10-21T15:15:55.916582,grail,seek,12,True,5fb80f9bc0f3,8.27991000005568,latency-dd2616a9a5df.csv
1,dd2616a9a5df,2025-10-21T15:15:56.039722,shrek3,get,39,True,5fb80f9bc0f3,3.877127000123437,latency-dd2616a9a5df.csv
1,dd2616a9a5df,2025-10-21T15:15:56.150889,shrek3,cues,3,True,5fb80f9bc0f3,2.620600999762246,latency-dd2616a9a5df.csv
1,dd2616a9a5df,2025-10-21T15:15:56.262685,grail,"Oh,",2,False,5fb80f9bc0f3,18.39288999963173,latency-dd2616a9a5df.csv
1,dd2616a9a5df,2025-10-21T15:15:56.394708,shrek,MAN,38,True,5fb80f9bc0f3,6.8199409997760085,latency-dd2616a9a5df.csv
1,dd2616a9a5df,2025-10-21T15:15:56.513131,shrek3,an,51,True,5fb80f9bc0f3,4.069054999490618,latency-dd2616a9a5df.csv
1,dd2616a9a5df,2025-10-21T15:15:56.622068,shrek,FIONA,211,True,5fb80f9bc0f3,2.8612520000024237,latency-dd2616a9a5df.csv
1,dd2616a9a5df,2025-10-21T15:15:56.730526,grail,grabbing,5,True,5fb80f9bc0f3,4.073380000590987,latency-dd2616a9a5df.csv
1,dd2616a9a5df,2025-10-21T15:15:56.848038,grail,Guard,106,True,5fb80f9bc0f3,46.38614899977256,latency-dd2616a9a5df.csv
1,dd2616a9a5df,2025-10-21T15:15:57.012095,grail,Yeah,13,False,5fb80f9bc0f3,16.48234999993292,latency-dd2616a9a5df.csv
1,dd2616a9a5df,2025-10-21T15:15:57.136264,grail,Bum,13,True,5fb80f9bc0f3,6.463130000156525,latency-dd2616a9a5df.csv
2,dd2616a9a5df,2025-10-21T15:15:57.251903,shrek3,reason,2,True,5fb80f9bc0f3,3.031907999684336,latency-dd2616a9a5df.csv
2,dd2616a9a5df,2025-10-21T15:15:57.362797,grail,-,259,True,5fb80f9bc0f3,2.9272299998410745,latency-dd2616a9a5df.csv
2,dd2616a9a5df,2025-10-21T15:15:57.469161,shrek3,SHOUTING),0,True,5fb80f9bc0f3,4.002686999228899,latency-dd2616a9a5df.csv
2,dd2616a9a5df,2025-10-21T15:15:57.578521,shrek,placed,1,True,5fb80f9bc0f3,6.124266000369971,latency-dd2616a9a5df.csv
2,dd2616a9a5df,2025-10-21T15:15:57.693503,shrek,on,88,True,5fb80f9bc0f3,4.847338999752537,latency-dd2616a9a5df.csv
2,dd2616a9a5df,2025-10-21T15:15:57.801816,shrek3,Whoa,7,True,5fb80f9bc0f3,3.5808139991786447,latency-dd2616a9a5df.csv
2,dd2616a9a5df,2025-10-21T15:15:57.909390,shrek3,CHARMING,232,True,5fb80f9bc0f3,11.621657000432606,latency-dd2616a9a5df.csv
2,dd2616a9a5df,2025-10-21T15:15:58.025495,shrek3,Arg,1,True,5fb80f9bc0f3,9.580195999660646,latency-dd2616a9a5df.csv
2,dd2616a9a5df,2025-10-21T15:15:58.142040,grail,going,21,True,5fb80f9bc0f3,3.5101430003123824,latency-dd2616a9a5df.csv
2,dd2616a9a5df,2025-10-21T15:15:58.249467,grail,seek,12,True,5fb80f9bc0f3,4.242924000209314,latency-dd2616a9a5df.csv
2,dd2616a9a5df,2025-10-21T15:15:58.358518,shrek3,get,39,True,5fb80f9bc0f3,3.582782000194129,latency-dd2616a9a5df.csv
2,dd2616a9a5df,2025-10-21T15:15:58.467105,shrek3,cues,3,True,5fb80f9bc0f3,3.3995450003203587,latency-dd2616a9a5df.csv
2,dd2616a9a5df,2025-10-21T15:15:58.574030,grail,"Oh,",2,True,5fb80f9bc0f3,3.836590999526379,latency-dd2616a9a5df.csv
2,dd2616a9a5df,2025-10-21T15:15:58.682319,shrek,MAN,38,True,5fb80f9bc0f3,4.118666000067606,latency-dd2616a9a5df.csv
2,dd2616a9a5df,2025-10-21T15:15:58.790412,shrek3,an,51,True,5fb80f9bc0f3,4.046418000143603,latency-dd2616a9a5df.csv
2,dd2616a9a5df,2025-10-21T15:15:58.899005,shrek,FIONA,211,True,5fb80f9bc0f3,2.877549999539042,latency-dd2616a9a5df.csv
2,dd2616a9a5df,2025-10-21T15:15:59.004985,grail,grabbing,5,True,5fb80f9bc0f3,4.202009000437101,latency-dd2616a9a5df.csv
2,dd2616a9a5df,2025-10-21T15:15:59.113638,grail,Guard,106,True,5fb80f9bc0f3,2.6329170004828484,latency-dd2616a9a5df.csv
2,dd2616a9a5df,2025-10-21T15:15:59.220002,grail,Yeah,13,True,5fb80f9bc0f3,5.197870999836596,latency-dd2616a9a5df.csv
2,dd2616a9a5df,2025-10-21T15:15:59.331683,grail,Bum,13,True,5fb80f9bc0f3,3.747794999981125,latency-dd2616a9a5df.csv
1,e044e5ba8c2a,2025-10-21T15:16:02.387384,shrek,Nobody,4,False,5fb80f9bc0f3,13.556203000007372,latency-e044e5ba8c2a.csv
1,e044e5ba8c2a,2025-10-21T15:16:02.518863,grail,on,139,True,5fb80f9bc0f3,4.604896999808261,latency-e044e5ba8c2a.csv
1,e044e5ba8c2a,2025-10-21T15:16:02.630012,shrek,help,5,True,5fb80f9bc0f3,2.8428670002540457,latency-e044e5ba8c2a.csv
1,e044e5ba8c2a,2025-10-21T15:16:02.736109,shrek,I,386,True,5fb80f9bc0f3,4.420200999447843,latency-e044e5ba8c2a.csv
1,e044e5ba8c2a,2025-10-21T15:16:02.844420,grail,the,1600,True,5fb80f9bc0f3,2.9160599997339887,latency-e044e5ba8c2a.csv
1,e044e5ba8c2a,2025-10-21T15:16:02.950804,grail,G,6,True,5fb80f9bc0f3,2.636303000144835,latency-e044e5ba8c2a.csv
1,e044e5ba8c2a,2025-10-21T15:16:03.056705,shrek,afraid,8,True,5fb80f9bc0f3,4.110431000299286,latency-e044e5ba8c2a.csv
1,e044e5ba8c2a,2025-10-21T15:16:03.166679,shrek,SHREK,433,True,5fb80f9bc0f3,27.117458000248007,latency-e044e5ba8c2a.csv
1,e044e5ba8c2a,2025-10-21T15:16:03.308855,shrek,and,318,True,5fb80f9bc0f3,10.161074000279768,latency-e044e5ba8c2a.csv
1,e044e5ba8c2a,2025-10-21T15:16:03.425888,grail,the,1600,True,5fb80f9bc0f3,6.464948000029835,latency-e044e5ba8c2a.csv
1,e044e5ba8c2a,2025-10-21T15:16:03.538761,shrek3,PUSS,196,True,5fb80f9bc0f3,6.240800000341551,latency-e044e5ba8c2a.csv
1,e044e5ba8c2a,2025-10-21T15:16:03.651722,shrek,Aah,6,True,5fb80f9bc0f3,6.827836999946157,latency-e044e5ba8c2a.csv
1,e044e5ba8c2a,2025-10-21T15:16:03.769770,grail,cross,13,False,5fb80f9bc0f3,9.994395999456174,latency-e044e5ba8c2a.csv
1,e044e5ba8c2a,2025-10-21T15:16:03.892413,shrek3,Uh,18,True,5fb80f9bc0f3,2.2086529997977777,latency-e044e5ba8c2a.csv
1,e044e5ba8c2a,2025-10-21T15:16:03.997868,grail,"collective,",0,True,5fb80f9bc0f3,3.439408000303956,latency-e044e5ba8c2a.csv
1,e044e5ba8c2a,2025-10-21T15:16:04.105981,shrek3,dat,1,True,5fb80f9bc0f3,2.555926000241016,latency-e044e5ba8c2a.csv
1,e044e5ba8c2a,2025-10-21T15:16:04.211700,grail,Get,47,False,5fb80f9bc0f3,8.983315000477887,latency-e044e5ba8c2a.csv
1,e044e5ba8c2a,2025-10-21T15:16:04.327723,shrek3,WHITE,45,True,5fb80f9bc0f3,3.207789999578381,latency-e044e5ba8c2a.csv
1,e044e5ba8c2a,2025-10-21T15:16:04.435938,shrek,gone,3,True,5fb80f9bc0f3,5.435975999716902,latency-e044e5ba8c2a.csv
1,e044e5ba8c2a,2025-10-21T15:16:04.549714,shrek,help,5,True,5fb80f9bc0f3,3.2359899996663444,latency-e044e5ba8c2a.csv
2,e044e5ba8c2a,2025-10-21T15:16:04.656476,shrek,Nobody,4,True,5fb80f9bc0f3,3.0188820001058048,latency-e044e5ba8c2a.csv
2,e044e5ba8c2a,2025-10-21T15:16:04.762958,grail,on,139,True,5fb80f9bc0f3,5.840019000061147,latency-e044e5ba8c2a.csv
2,e044e5ba8c2a,2025-10-21T15:16:04.873605,shrek,help,5,True,5fb80f9bc0f3,3.831360000731365,latency-e044e5ba8c2a.csv
2,e044e5ba8c2a,2025-10-21T15:16:04.981293,shrek,I,386,True,5fb80f9bc0f3,4.692221999903268,latency-e044e5ba8c2a.csv
2,e044e5ba8c2a,2025-10-21T15:16:05.093158,grail,the,1600,True,5fb80f9bc0f3,6.227051999303512,latency-e044e5ba8c2a.csv
2,e044e5ba8c2a,2025-10-21T15:16:05.206896,grail,G,6,True,5fb80f9bc0f3,5.405662000157463,latency-e044e5ba8c2a.csv
2,e044e5ba8c2a,2025-10-21T15:16:05.330501,shrek,afraid,8,True,5fb80f9bc0f3,6.970475999878545,latency-e044e5ba8c2a.csv
2,e044e5ba8c2a,2025-10-21T15:16:05.445965,shrek,SHREK,433,True,5fb80f9bc0f3,2.72374399992259,latency-e044e5ba8c2a.csv
2,e044e5ba8c2a,2025-10-21T15:16:05.554284,shrek,and,318,True,5fb80f9bc0f3,3.618613000071491,latency-e044e5ba8c2a.csv
2,e044e5ba8c2a,2025-10-21T15:16:05.662197,grail,the,1600,True,5fb80f9bc0f3,3.0872260003889096,latency-e044e5ba8c2a.csv
2,e044e5ba8c2a,2025-10-21T15:16:05.769886,shrek3,PUSS,196,True,5fb80f9bc0f3,4.426063000209979,latency-e044e5ba8c2a.csv
2,e044e5ba8c2a,2025-10-21T15:16:05.878718,shrek,Aah,6,True,5fb80f9bc0f3,3.2727479992900044,latency-e044e5ba8c2a.csv
2,e044e5ba8c2a,2025-10-21T15:16:05.986129,grail,cross,13,True,5fb80f9bc0f3,4.12613499975123,latency-e044e5ba8c2a.csv
2,e044e5ba8c2a,2025-10-21T15:16:06.094445,shrek3,Uh,18,True,5fb80f9bc0f3,3.1919250004648347,latency-e044e5ba8c2a.csv
2,e044e5ba8c2a,2025-10-21T15:16:06.201178,grail,"collective,",0,True,5fb80f9bc0f3,3.8409910002883407,latency-e044e5ba8c2a.csv
2,e044e5ba8c2a,2025-10-21T15:16:06.309202,shrek3,dat,1,True,5fb80f9bc0f3,3.313402999992832,latency-e044e5ba8c2a.csv
2,e044e5ba8c2a,2025-10-21T15:16:06.416346,grail,Get,47,True,5fb80f9bc0f3,2.9504530002668616,latency-e044e5ba8c2a.csv
2,e044e5ba8c2a,2025-10-21T15:16:06.522881,shrek3,WHITE,45,True,5fb80f9bc0f3,3.0701260002388158,latency-e044e5ba8c2a.csv
2,e044e5ba8c2a,2025-10-21T15:16:06.629493,shrek,gone,3,True,5fb80f9bc0f3,2.9786979994241847,latency-e044e5ba8c2a.csv
2,e044e5ba8c2a,2025-10-21T15:16:06.735889,shrek,help,5,True,5fb80f9bc0f3,3.066885999942315,latency-e044e5ba8c2a.csv
1,e26a75ed1c7a,2025-10-21T15:16:19.187713,shrek,He,118,True,5fb80f9bc0f3,3.0376739996427204,latency-e26a75ed1c7a.csv
1,e26a75ed1c7a,2025-10-21T15:16:19.295148,shrek3,2,8,True,5fb80f9bc0f3,22.31285800007754,latency-e26a75ed1c7a.csv
1,e26a75ed1c7a,2025-10-21T15:16:19.443053,shrek,I,386,True,5fb80f9bc0f3,3.877762000229268,latency-e26a75ed1c7a.csv
1,e26a75ed1c7a,2025-10-21T15:16:19.550510,shrek3,CAPTAIN,41,True,5fb80f9bc0f3,2.399641000010888,latency-e26a75ed1c7a.csv
1,e26a75ed1c7a,2025-10-21T15:16:19.657144,shrek3,its,1,True,5fb80f9bc0f3,4.452946000128577,latency-e26a75ed1c7a.csv
1,e26a75ed1c7a,2025-10-21T15:16:19.766521,shrek,afraid,8,True,5fb80f9bc0f3,3.6671230000138166,latency-e26a75ed1c7a.csv
1,e26a75ed1c7a,2025-10-21T15:16:19.874373,shrek3,bed,10,True,5fb80f9bc0f3,4.148060999796144,latency-e26a75ed1c7a.csv
1,e26a75ed1c7a,2025-10-21T15:16:19.982092,shrek,DONKEY,320,True,5fb80f9bc0f3,7.699615999626985,latency-e26a75ed1c7a.csv
1,e26a75ed1c7a,2025-10-21T15:16:20.096640,shrek,gone,3,True,5fb80f9bc0f3,6.588260000171431,latency-e26a75ed1c7a.csv
1,e26a75ed1c7a,2025-10-21T15:16:20.221802,shrek,SHREK,433,True,5fb80f9bc0f3,17.708114999550162,latency-e26a75ed1c7a.csv
1,e26a75ed1c7a,2025-10-21T15:16:20.343801,shrek3,Artie,213,True,5fb80f9bc0f3,11.024893000467271,latency-e26a75ed1c7a.csv
1,e26a75ed1c7a,2025-10-21T15:16:20.460927,grail,and,722,True,5fb80f9bc0f3,7.06928500039794,latency-e26a75ed1c7a.csv
1,e26a75ed1c7a,2025-10-21T15:16:20.573704,shrek3,flaming,2,True,5fb80f9bc0f3,6.423226000151772,latency-e26a75ed1c7a.csv
1,e26a75ed1c7a,2025-10-21T15:16:20.687407,grail,a,666,True,5fb80f9bc0f3,10.622848999446433,latency-e26a75ed1c7a.csv
1,e26a75ed1c7a,2025-10-21T15:16:20.809628,shrek3,toward,14,True,5fb80f9bc0f3,6.976364999900397,latency-e26a75ed1c7a.csv
1,e26a75ed1c7a,2025-10-21T15:16:20.922403,grail,Michael,11,True,5fb80f9bc0f3,4.223668999657093,latency-e26a75ed1c7a.csv
1,e26a75ed1c7a,2025-10-21T15:16:21.032017,grail,Eolio,2,True,5fb80f9bc0f3,6.479530999968119,latency-e26a75ed1c7a.csv
1,e26a75ed1c7a,2025-10-21T15:16:21.144200,shrek,our,11,True,5fb80f9bc0f3,6.788267999581876,latency-e26a75ed1c7a.csv
1,e26a75ed1c7a,2025-10-21T15:16:21.257931,grail,"Oh,",2,True,5fb80f9bc0f3,7.182790000115347,latency-e26a75ed1c7a.csv
1,e26a75ed1c7a,2025-10-21T15:16:21.371612,shrek,one,44,True,5fb80f9bc0f3,3.833747000498988,latency-e26a75ed1c7a.csv
2,e26a75ed1c7a,2025-10-21T15:16:21.483413,shrek,He,118,True,5fb80f9bc0f3,3.0935580007280805,latency-e26a75ed1c7a.csv
2,e26a75ed1c7a,2025-10-21T15:16:21.589848,shrek3,2,8,True,5fb80f9bc0f3,4.092335999303032,latency-e26a75ed1c7a.csv
2,e26a75ed1c7a,2025-10-21T15:16:21.697846,shrek,I,386,True,5fb80f9bc0f3,5.062951000581961,latency-e26a75ed1c7a.csv
2,e26a75ed1c7a,2025-10-21T15:16:21.808170,shrek3,CAPTAIN,41,True,5fb80f9bc0f3,3.608953999901132,latency-e26a75ed1c7a.csv
2,e26a75ed1c7a,2025-10-21T15:16:21.916956,shrek3,its,1,True,5fb80f9bc0f3,2.676458999303577,latency-e26a75ed1c7a.csv
2,e26a75ed1c7a,2025-10-21T15:16:22.022806,shrek,afraid,8,True,5fb80f9bc0f3,3.874996999911673,latency-e26a75ed1c7a.csv
2,e26a75ed1c7a,2025-10-21T15:16:22.131756,shrek3,bed,10,True,5fb80f9bc0f3,12.28774799983512,latency-e26a75ed1c7a.csv
2,e26a75ed1c7a,2025-10-21T15:16:22.249488,shrek,DONKEY,320,True,5fb80f9bc0f3,6.917861000147241,latency-e26a75ed1c7a.csv
2,e26a75ed1c7a,2025-10-21T15:16:22.361689,shrek,gone,3,True,5fb80f9bc0f3,3.466873000434134,latency-e26a75ed1c7a.csv
2,e26a75ed1c7a,2025-10-21T15:16:22.470992,shrek,SHREK,433,True,5fb80f9bc0f3,3.847586000119918,latency-e26a75ed1c7a.csv
2,e26a75ed1c7a,2025-10-21T15:16:22.579856,shrek3,Artie,213,True,5fb80f9bc0f3,4.234789000292949,latency-e26a75ed1c7a.csv
2,e26a75ed1c7a,2025-10-21T15:16:22.688005,grail,and,722,True,5fb80f9bc0f3,4.475005999665882,latency-e26a75ed1c7a.csv
2,e26a75ed1c7a,2025-10-21T15:16:22.798459,shrek3,flaming,2,True,5fb80f9bc0f3,5.587826000009954,latency-e26a75ed1c7a.csv
2,e26a75ed1c7a,2025-10-21T15:16:22.912900,grail,a,666,True,5fb80f9bc0f3,23.29685899985634,latency-e26a75ed1c7a.csv
2,e26a75ed1c7a,2025-10-21T15:16:23.062313,shrek3,toward,14,True,5fb80f9bc0f3,4.020273000605812,latency-e26a75ed1c7a.csv
2,e26a75ed1c7a,2025-10-21T15:16:23.171894,grail,Michael,11,True,5fb80f9bc0f3,5.095655000332044,latency-e26a75ed1c7a.csv
2,e26a75ed1c7a,2025-10-21T15:16:23.287402,grail,Eolio,2,True,5fb80f9bc0f3,5.083652999928745,latency-e26a75ed1c7a.csv
2,e26a75ed1c7a,2025-10-21T15:16:23.397035,shrek,our,11,True,5fb80f9bc0f3,4.352826999820536,latency-e26a75ed1c7a.csv
2,e26a75ed1c7a,2025-10-21T15:16:23.505056,grail,"Oh,",2,True,5fb80f9bc0f3,5.4343519996109535,latency-e26a75ed1c7a.csv
2,e26a75ed1c7a,2025-10-21T15:16:23.617337,shrek,one,44,True,5fb80f9bc0f3,4.680726000515278,latency-e26a75ed1c7a.csv
1,eaa90621f0a5,2025-10-21T15:16:22.641960,shrek,SHREK,433,True,5fb80f9bc0f3,4.113219000828394,latency-eaa90621f0a5.csv
1,eaa90621f0a5,2025-10-21T15:16:22.753258,shrek,edge,2,True,5fb80f9bc0f3,3.6528770006043487,latency-eaa90621f0a5.csv
1,eaa90621f0a5,2025-10-21T15:16:22.864078,shrek,gone,3,True,5fb80f9bc0f3,6.848239999271755,latency-eaa90621f0a5.csv
1,eaa90621f0a5,2025-10-21T15:16:22.978392,shrek3,Ahh,8,True,5fb80f9bc0f3,25.066059999517165,latency-eaa90621f0a5.csv
1,eaa90621f0a5,2025-10-21T15:16:23.124615,shrek3,through,43,True,5fb80f9bc0f3,8.21929599987925,latency-eaa90621f0a5.csv
1,eaa90621f0a5,2025-10-21T15:16:23.253528,shrek,fair,2,True,5fb80f9bc0f3,2.891391000048316,latency-eaa90621f0a5.csv
1,eaa90621f0a5,2025-10-21T15:16:23.363060,shrek,tell,25,True,5fb80f9bc0f3,3.8496990000567166,latency-eaa90621f0a5.csv
1,eaa90621f0a5,2025-10-21T15:16:23.473445,shrek,way,26,True,5fb80f9bc0f3,10.799962999954005,latency-eaa90621f0a5.csv
1,eaa90621f0a5,2025-10-21T15:16:23.591336,shrek,Aah,6,True,5fb80f9bc0f3,7.023742999990645,latency-eaa90621f0a5.csv
1,eaa90621f0a5,2025-10-21T15:16:23.708422,shrek3,EVIL,59,True,5fb80f9bc0f3,7.532693999564799,latency-eaa90621f0a5.csv
1,eaa90621f0a5,2025-10-21T15:16:23.822518,shrek,SHREK,433,True,5fb80f9bc0f3,5.650454000715399,latency-eaa90621f0a5.csv
1,eaa90621f0a5,2025-10-21T15:16:23.935251,grail,of,684,True,5fb80f9bc0f3,22.89358199959679,latency-eaa90621f0a5.csv
1,eaa90621f0a5,2025-10-21T15:16:24.068390,grail,ANOTHER,25,True,5fb80f9bc0f3,3.9305469999817433,latency-eaa90621f0a5.csv
1,eaa90621f0a5,2025-10-21T15:16:24.177868,shrek,DONKEY,320,True,5fb80f9bc0f3,2.585010000075272,latency-eaa90621f0a5.csv
1,eaa90621f0a5,2025-10-21T15:16:24.284569,shrek3,them,44,True,5fb80f9bc0f3,3.4062149998135283,latency-eaa90621f0a5.csv
1,eaa90621f0a5,2025-10-21T15:16:24.391137,grail,LTD,6,True,5fb80f9bc0f3,2.463355000145384,latency-eaa90621f0a5.csv
1,eaa90621f0a5,2025-10-21T15:16:24.496643,grail,Butts,2,True,5fb80f9bc0f3,3.1819569994695485,latency-eaa90621f0a5.csv
1,eaa90621f0a5,2025-10-21T15:16:24.603992,shrek3,BOAT,32,True,5fb80f9bc0f3,3.719395999723929,latency-eaa90621f0a5.csv
1,eaa90621f0a5,2025-10-21T15:16:24.711834,shrek,your,49,True,5fb80f9bc0f3,2.4905169993871823,latency-eaa90621f0a5.csv
1,eaa90621f0a5,2025-10-21T15:16:24.817406,shrek,DONKEY,320,True,5fb80f9bc0f3,3.338702999826637,latency-eaa90621f0a5.csv
2,eaa90621f0a5,2025-10-21T15:16:24.924481,shrek,SHREK,433,True,5fb80f9bc0f3,2.880099000321934,latency-eaa90621f0a5.csv
2,eaa90621f0a5,2025-10-21T15:16:25.031376,shrek,edge,2,True,5fb80f9bc0f3,3.3140260002255677,latency-eaa90621f0a5.csv
2,eaa90621f0a5,2025-10-21T15:16:25.138661,shrek,gone,3,True,5fb80f9bc0f3,3.121739000562229,latency-eaa90621f0a5.csv
2,eaa90621f0a5,2025-10-21T15:16:25.245445,shrek3,Ahh,8,True,5fb80f9bc0f3,4.5058890000291285,latency-eaa90621f0a5.csv
2,eaa90621f0a5,2025-10-21T15:16:25.355873,shrek3,through,43,True,5fb80f9bc0f3,2.907060999859823,latency-eaa90621f0a5.csv
2,eaa90621f0a5,2025-10-21T15:16:25.462267,shrek,fair,2,True,5fb80f9bc0f3,2.8066039994882885,latency-eaa90621f0a5.csv
2,eaa90621f0a5,2025-10-21T15:16:25.568463,shrek,tell,25,True,5fb80f9bc0f3,14.411125000151516,latency-eaa90621f0a5.csv
2,eaa90621f0a5,2025-10-21T15:16:25.701789,shrek,way,26,True,5fb80f9bc0f3,4.535808999207802,latency-eaa90621f0a5.csv
2,eaa90621f0a5,2025-10-21T15:16:25.819085,shrek,Aah,6,True,5fb80f9bc0f3,2.643313000589842,latency-eaa90621f0a5.csv
2,eaa90621f0a5,2025-10-21T15:16:25.926846,shrek3,EVIL,59,True,5fb80f9bc0f3,3.213019000213535,latency-eaa90621f0a5.csv
2,eaa90621f0a5,2025-10-21T15:16:26.035713,shrek,SHREK,433,True,5fb80f9bc0f3,2.707152999391837,latency-eaa90621f0a5.csv
2,eaa90621f0a5,2025-10-21T15:16:26.141780,grail,of,684,True,5fb80f9bc0f3,3.621404999648803,latency-eaa90621f0a5.csv
2,eaa90621f0a5,2025-10-21T15:16:26.248768,grail,ANOTHER,25,True,5fb80f9bc0f3,3.09553999977652,latency-eaa90621f0a5.csv
2,eaa90621f0a5,2025-10-21T15:16:26.355956,shrek,DONKEY,320,True,5fb80f9bc0f3,4.751370000121824,latency-eaa90621f0a5.csv
2,eaa90621f0a5,2025-10-21T15:16:26.474212,shrek3,them,44,True,5fb80f9bc0f3,3.778471000259742,latency-eaa90621f0a5.csv
2,eaa90621f0a5,2025-10-21T15:16:26.582014,grail,LTD,6,True,5fb80f9bc0f3,11.27805200030707,latency-eaa90621f0a5.csv
2,eaa90621f0a5,2025-10-21T15:16:26.700461,grail,Butts,2,True,5fb80f9bc0f3,12.256044000423572,latency-eaa90621f0a5.csv
2,eaa90621f0a5,2025-10-21T15:16:26.821793,shrek3,BOAT,32,True,5fb80f9bc0f3,5.669461999787018,latency-eaa90621f0a5.csv
2,eaa90621f0a5,2025-10-21T15:16:26.931708,shrek,your,49,True,5fb80f9bc0f3,5.115281000144023,latency-eaa90621f0a5.csv
2,eaa90621f0a5,2025-10-21T15:16:27.041925,shrek,DONKEY,320,True,5fb80f9bc0f3,3.5468189998937305,latency-eaa90621f0a5.csv
1,effbae465896,2025-10-21T15:16:16.577694,shrek,swamp,18,True,5fb80f9bc0f3,4.194851999272942,latency-effbae465896.csv
1,effbae465896,2025-10-21T15:16:16.685225,grail,the,1600,True,5fb80f9bc0f3,3.730895999979112,latency-effbae465896.csv
1,effbae465896,2025-10-21T15:16:16.792607,shrek3,to,511,True,5fb80f9bc0f3,5.183238000427082,latency-effbae465896.csv
1,effbae465896,2025-10-21T15:16:16.903865,grail,Auuuuuuuugh,2,True,5fb80f9bc0f3,10.679016999347368,latency-effbae465896.csv
1,effbae465896,2025-10-21T15:16:17.022526,shrek3,CHARMING,232,True,5fb80f9bc0f3,5.854930999703356,latency-effbae465896.csv
1,effbae465896,2025-10-21T15:16:17.132324,shrek3,body),0,True,5fb80f9bc0f3,4.57038799959264,latency-effbae465896.csv
1,effbae465896,2025-10-21T15:16:17.242134,grail,from,94,True,5fb80f9bc0f3,12.210255000354664,latency-effbae465896.csv
1,effbae465896,2025-10-21T15:16:17.362621,shrek3,Artie,213,True,5fb80f9bc0f3,11.848645000100078,latency-effbae465896.csv
1,effbae465896,2025-10-21T15:16:17.482039,shrek,And,318,True,5fb80f9bc0f3,5.24233899977844,latency-effbae465896.csv
1,effbae465896,2025-10-21T15:16:17.592204,shrek,FIONA'S,3,True,5fb80f9bc0f3,4.825813999559614,latency-effbae465896.csv
1,effbae465896,2025-10-21T15:16:17.703587,shrek3,supposed,11,True,5fb80f9bc0f3,7.810387999597879,latency-effbae465896.csv
1,effbae465896,2025-10-21T15:16:17.817780,shrek3,still,18,True,5fb80f9bc0f3,5.289251000249351,latency-effbae465896.csv
1,effbae465896,2025-10-21T15:16:17.929305,shrek,help,5,True,5fb80f9bc0f3,3.064937999624817,latency-effbae465896.csv
1,effbae465896,2025-10-21T15:16:18.037724,shrek,CROWD,5,True,5fb80f9bc0f3,3.327173999423394,latency-effbae465896.csv
1,effbae465896,2025-10-21T15:16:18.145760,shrek3,"Suddenly,",0,True,5fb80f9bc0f3,3.199640999810072,latency-effbae465896.csv
1,effbae465896,2025-10-21T15:16:18.252512,grail,a,666,True,5fb80f9bc0f3,3.097189000072831,latency-effbae465896.csv
1,effbae465896,2025-10-21T15:16:18.359066,shrek,on,88,True,5fb80f9bc0f3,2.655139000125928,latency-effbae465896.csv
1,effbae465896,2025-10-21T15:16:18.465132,shrek3,wont,0,True,5fb80f9bc0f3,3.100536999227188,latency-effbae465896.csv
1,effbae465896,2025-10-21T15:16:18.572106,shrek,the,535,True,5fb80f9bc0f3,3.0570219996661763,latency-effbae465896.csv
1,effbae465896,2025-10-21T15:16:18.679584,grail,them,41,True,5fb80f9bc0f3,3.237342999454995,latency-effbae465896.csv
2,effbae465896,2025-10-21T15:16:18.786223,shrek,swamp,18,True,5fb80f9bc0f3,2.6567059994704323,latency-effbae465896.csv
2,effbae465896,2025-10-21T15:16:18.892822,grail,the,1600,True,5fb80f9bc0f3,4.409641999700398,latency-effbae465896.csv
2,effbae465896,2025-10-21T15:16:19.001041,shrek3,to,511,True,5fb80f9bc0f3,6.391750999682699,latency-effbae465896.csv
2,effbae465896,2025-10-21T15:16:19.112671,grail,Auuuuuuuugh,2,True,5fb80f9bc0f3,3.794685999309877,latency-effbae465896.csv
2,effbae465896,2025-10-21T15:16:19.220056,shrek3,CHARMING,232,True,5fb80f9bc0f3,3.8083569997979794,latency-effbae465896.csv
2,effbae465896,2025-10-21T15:16:19.338012,shrek3,body),0,True,5fb80f9bc0f3,37.74917400005506,latency-effbae465896.csv
2,effbae465896,2025-10-21T15:16:19.496844,grail,from,94,True,5fb80f9bc0f3,3.8128659998619696,latency-effbae465896.csv
2,effbae465896,2025-10-21T15:16:19.604208,shrek3,Artie,213,True,5fb80f9bc0f3,4.172036000454682,latency-effbae465896.csv
2,effbae465896,2025-10-21T15:16:19.712572,shrek,And,318,True,5fb80f9bc0f3,4.33546599924739,latency-effbae465896.csv
2,effbae465896,2025-10-21T15:16:19.823483,shrek,FIONA'S,3,True,5fb80f9bc0f3,4.015597999568854,latency-effbae465896.csv
2,effbae465896,2025-10-21T15:16:19.934674,shrek3,supposed,11,True,5fb80f9bc0f3,3.633816999354167,latency-effbae465896.csv
2,effbae465896,2025-10-21T15:16:20.045137,shrek3,still,18,True,5fb80f9bc0f3,3.800300999500905,latency-effbae465896.csv
2,effbae465896,2025-10-21T15:16:20.157464,shrek,help,5,True,5fb80f9bc0f3,3.830520000519755,latency-effbae465896.csv
2,effbae465896,2025-10-21T15:16:20.269558,shrek,CROWD,5,True,5fb80f9bc0f3,3.511163999974088,latency-effbae465896.csv
2,effbae465896,2025-10-21T15:16:20.383339,shrek3,"Suddenly,",0,True,5fb80f9bc0f3,3.354366999701597,latency-effbae465896.csv
2,effbae465896,2025-10-21T15:16:20.495478,grail,a,666,True,5fb80f9bc0f3,2.63661300050444,latency-effbae465896.csv
2,effbae465896,2025-10-21T15:16:20.606778,shrek,on,88,True,5fb80f9bc0f3,3.979167000579764,latency-effbae465896.csv
2,effbae465896,2025-10-21T15:16:20.716013,shrek3,wont,0,True,5fb80f9bc0f3,6.392360999598168,latency-effbae465896.csv
2,effbae465896,2025-10-21T15:16:20.831151,shrek,the,535,True,5fb80f9bc0f3,3.115194999736559,latency-effbae465896.csv
2,effbae465896,2025-10-21T15:16:20.938481,grail,them,41,True,5fb80f9bc0f3,3.318093000416411,latency-effbae465896.csv
1,f145242ec5e9,2025-10-21T15:16:23.843327,shrek,Blah,1,True,5fb80f9bc0f3,3.038683999875502,latency-f145242ec5e9.csv
1,f145242ec5e9,2025-10-21T15:16:23.954125,shrek3,right,36,True,5fb80f9bc0f3,21.07810400048038,latency-f145242ec5e9.csv
1,f145242ec5e9,2025-10-21T15:16:24.091188,shrek3,cues,3,True,5fb80f9bc0f3,7.128936999833968,latency-f145242ec5e9.csv
1,f145242ec5e9,2025-10-21T15:16:24.202240,shrek,tell,25,True,5fb80f9bc0f3,5.480736999743385,latency-f145242ec5e9.csv
1,f145242ec5e9,2025-10-21T15:16:24.313719,shrek,lay,2,True,5fb80f9bc0f3,3.617276000113634,latency-f145242ec5e9.csv
1,f145242ec5e9,2025-10-21T15:16:24.421751,shrek,SHREK,433,True,5fb80f9bc0f3,4.945136999594979,latency-f145242ec5e9.csv
1,f145242ec5e9,2025-10-21T15:16:24.532198,grail,upon,13,True,5fb80f9bc0f3,3.493014000014228,latency-f145242ec5e9.csv
1,f145242ec5e9,2025-10-21T15:16:24.639998,grail,TV,2,True,5fb80f9bc0f3,3.3348820006722235,latency-f145242ec5e9.csv
1,f145242ec5e9,2025-10-21T15:16:24.747200,shrek3,Donkey,243,True,5fb80f9bc0f3,4.156544000579743,latency-f145242ec5e9.csv
1,f145242ec5e9,2025-10-21T15:16:24.857434,shrek,after,10,True,5fb80f9bc0f3,6.336772999929963,latency-f145242ec5e9.csv
1,f145242ec5e9,2025-10-21T15:16:24.969863,grail,the,1600,True,5fb80f9bc0f3,3.43501999941509,latency-f145242ec5e9.csv
1,f145242ec5e9,2025-10-21T15:16:25.079235,grail,at,104,True,5fb80f9bc0f3,3.597618000640068,latency-f145242ec5e9.csv
1,f145242ec5e9,2025-10-21T15:16:25.189174,shrek,way,26,True,5fb80f9bc0f3,4.425584999808052,latency-f145242ec5e9.csv
1,f145242ec5e9,2025-10-21T15:16:25.299438,shrek3,of,275,True,5fb80f9bc0f3,3.5780090001935605,latency-f145242ec5e9.csv
1,f145242ec5e9,2025-10-21T15:16:25.409232,shrek3,PUSS,196,True,5fb80f9bc0f3,6.774716999643715,latency-f145242ec5e9.csv
1,f145242ec5e9,2025-10-21T15:16:25.524767,shrek3,still,18,True,5fb80f9bc0f3,6.733756000357971,latency-f145242ec5e9.csv
1,f145242ec5e9,2025-10-21T15:16:25.646942,shrek,whistles,2,True,5fb80f9bc0f3,10.151382999538328,latency-f145242ec5e9.csv
1,f145242ec5e9,2025-10-21T15:16:25.763110,shrek3,get,39,True,5fb80f9bc0f3,7.178744999691844,latency-f145242ec5e9.csv
1,f145242ec5e9,2025-10-21T15:16:25.876243,shrek,FARQUAAD,84,True,5fb80f9bc0f3,4.23770700035675,latency-f145242ec5e9.csv
1,f145242ec5e9,2025-10-21T15:16:25.985021,grail,Aaaaugh,9,True,5fb80f9bc0f3,9.10405600006925,latency-f145242ec5e9.csv
2,f145242ec5e9,2025-10-21T15:16:26.098775,shrek,Blah,1,True,5fb80f9bc0f3,5.7735840000532335,latency-f145242ec5e9.csv
2,f145242ec5e9,2025-10-21T15:16:26.209030,shrek3,right,36,True,5fb80f9bc0f3,4.805579000276339,latency-f145242ec5e9.csv
2,f145242ec5e9,2025-10-21T15:16:26.319696,shrek3,cues,3,True,5fb80f9bc0f3,5.794523000076879,latency-f145242ec5e9.csv
2,f145242ec5e9,2025-10-21T15:16:26.431450,shrek,tell,25,True,5fb80f9bc0f3,4.360593000455992,latency-f145242ec5e9.csv
2,f145242ec5e9,2025-10-21T15:16:26.542628,shrek,lay,2,True,5fb80f9bc0f3,5.884408000383701,latency-f145242ec5e9.csv
2,f145242ec5e9,2025-10-21T15:16:26.660971,shrek,SHREK,433,True,5fb80f9bc0f3,4.935328000101436,latency-f145242ec5e9.csv
2,f145242ec5e9,2025-10-21T15:16:26.771480,grail,upon,13,True,5fb80f9bc0f3,5.497713999830012,latency-f145242ec5e9.csv
2,f145242ec5e9,2025-10-21T15:16:26.881887,grail,TV,2,True,5fb80f9bc0f3,5.199833999540715,latency-f145242ec5e9.csv
2,f145242ec5e9,2025-10-21T15:16:26.993761,shrek3,Donkey,243,True,5fb80f9bc0f3,3.781729000365885,latency-f145242ec5e9.csv
2,f145242ec5e9,2025-10-21T15:16:27.101476,shrek,after,10,True,5fb80f9bc0f3,3.6082699998587486,latency-f145242ec5e9.csv
2,f145242ec5e9,2025-10-21T15:16:27.208944,grail,the,1600,True,5fb80f9bc0f3,4.373450999992201,latency-f145242ec5e9.csv
2,f145242ec5e9,2025-10-21T15:16:27.316996,grail,at,104,True,5fb80f9bc0f3,3.2507220003026305,latency-f145242ec5e9.csv
2,f145242ec5e9,2025-10-21T15:16:27.423579,shrek,way,26,True,5fb80f9bc0f3,3.568783999980951,latency-f145242ec5e9.csv
2,f145242ec5e9,2025-10-21T15:16:27.531225,shrek3,of,275,True,5fb80f9bc0f3,2.685329000087222,latency-f145242ec5e9.csv
2,f145242ec5e9,2025-10-21T15:16:27.637811,shrek3,PUSS,196,True,5fb80f9bc0f3,3.436785000303644,latency-f145242ec5e9.csv
2,f145242ec5e9,2025-10-21T15:16:27.747291,shrek3,still,18,True,5fb80f9bc0f3,3.1953229999999166,latency-f145242ec5e9.csv
2,f145242ec5e9,2025-10-21T15:16:27.854184,shrek,whistles,2,True,5fb80f9bc0f3,2.9940409995106165,latency-f145242ec5e9.csv
2,f145242ec5e9,2025-10-21T15:16:27.961368,shrek3,get,39,True,5fb80f9bc0f3,3.944787999898836,latency-f145242ec5e9.csv
2,f145242ec5e9,2025-10-21T15:16:28.068674,shrek,FARQUAAD,84,True,5fb80f9bc0f3,4.196455999590398,latency-f145242ec5e9.csv
2,f145242ec5e9,2025-10-21T15:16:28.176915,grail,Aaaaugh,9,True,5fb80f9bc0f3,5.109147999974084,latency-f145242ec5e9.csv
1,f1b7034a9084,2025-10-21T15:15:55.287032,shrek,at,62,True,5fb80f9bc0f3,3.198197000529035,latency-f1b7034a9084.csv
1,f1b7034a9084,2025-10-21T15:15:55.393322,grail,19Prince,0,True,5fb80f9bc0f3,3.4251400002176524,latency-f1b7034a9084.csv
1,f1b7034a9084,2025-10-21T15:15:55.500057,shrek3,DWARF,10,True,5fb80f9bc0f3,5.816373999550706,latency-f1b7034a9084.csv
1,f1b7034a9084,2025-10-21T15:15:55.610043,shrek3,CHARMING,232,True,5fb80f9bc0f3,3.3141730000352254,latency-f1b7034a9084.csv
1,f1b7034a9084,2025-10-21T15:15:55.716965,shrek,MAN,38,False,5fb80f9bc0f3,13.59534800030815,latency-f1b7034a9084.csv
1,f1b7034a9084,2025-10-21T15:15:55.838310,grail,time,33,True,5fb80f9bc0f3,5.530367000574188,latency-f1b7034a9084.csv
1,f1b7034a9084,2025-10-21T15:15:55.950618,shrek,rising,1,True,5fb80f9bc0f3,7.605144000081054,latency-f1b7034a9084.csv
1,f1b7034a9084,2025-10-21T15:15:56.068974,shrek,What,104,True,5fb80f9bc0f3,3.935385000659153,latency-f1b7034a9084.csv
1,f1b7034a9084,2025-10-21T15:15:56.177969,grail,a,666,True,5fb80f9bc0f3,3.2929910003076657,latency-f1b7034a9084.csv
1,f1b7034a9084,2025-10-21T15:15:56.284654,grail,pretty,7,True,5fb80f9bc0f3,14.034253000318133,latency-f1b7034a9084.csv
1,f1b7034a9084,2025-10-21T15:15:56.407277,shrek3,DONKEY,243,True,5fb80f9bc0f3,16.6094369997154,latency-f1b7034a9084.csv
1,f1b7034a9084,2025-10-21T15:15:56.535949,shrek3,cues,3,True,5fb80f9bc0f3,9.913681000398356,latency-f1b7034a9084.csv
1,f1b7034a9084,2025-10-21T15:15:56.652645,shrek,don't,72,True,5fb80f9bc0f3,2.560168999480084,latency-f1b7034a9084.csv
1,f1b7034a9084,2025-10-21T15:15:56.764994,grail,door,14,True,5fb80f9bc0f3,6.000869000672537,latency-f1b7034a9084.csv
1,f1b7034a9084,2025-10-21T15:15:56.884756,grail,the,1600,True,5fb80f9bc0f3,26.27050999944913,latency-f1b7034a9084.csv
1,f1b7034a9084,2025-10-21T15:15:57.016276,shrek,fair,2,True,5fb80f9bc0f3,16.396254999563098,latency-f1b7034a9084.csv
1,f1b7034a9084,2025-10-21T15:15:57.138515,grail,king,136,True,5fb80f9bc0f3,8.165315000042028,latency-f1b7034a9084.csv
1,f1b7034a9084,2025-10-21T15:15:57.255776,grail,Tm,5,True,5fb80f9bc0f3,9.79756099968654,latency-f1b7034a9084.csv
1,f1b7034a9084,2025-10-21T15:15:57.372992,grail,Guard,106,True,5fb80f9bc0f3,3.486345000055735,latency-f1b7034a9084.csv
1,f1b7034a9084,2025-10-21T15:15:57.482137,shrek3,"Bay""",0,True,5fb80f9bc0f3,4.870940000728297,latency-f1b7034a9084.csv
2,f1b7034a9084,2025-10-21T15:15:57.594668,shrek,at,62,True,5fb80f9bc0f3,7.087347999913618,latency-f1b7034a9084.csv
2,f1b7034a9084,2025-10-21T15:15:57.709875,grail,19Prince,0,True,5fb80f9bc0f3,3.649698999652173,latency-f1b7034a9084.csv
2,f1b7034a9084,2025-10-21T15:15:57.819829,shrek3,DWARF,10,True,5fb80f9bc0f3,3.143181999803346,latency-f1b7034a9084.csv
2,f1b7034a9084,2025-10-21T15:15:57.927044,shrek3,CHARMING,232,True,5fb80f9bc0f3,4.946403000758437,latency-f1b7034a9084.csv
2,f1b7034a9084,2025-10-21T15:15:58.036319,shrek,MAN,38,True,5fb80f9bc0f3,8.446097999694757,latency-f1b7034a9084.csv
2,f1b7034a9084,2025-10-21T15:15:58.150376,grail,time,33,True,5fb80f9bc0f3,4.145593999965058,latency-f1b7034a9084.csv
2,f1b7034a9084,2025-10-21T15:15:58.258678,shrek,rising,1,True,5fb80f9bc0f3,4.541299000266008,latency-f1b7034a9084.csv
2,f1b7034a9084,2025-10-21T15:15:58.368233,shrek,What,104,True,5fb80f9bc0f3,4.199198999231157,latency-f1b7034a9084.csv
2,f1b7034a9084,2025-10-21T15:15:58.476733,grail,a,666,True,5fb80f9bc0f3,3.548306999618944,latency-f1b7034a9084.csv
2,f1b7034a9084,2025-10-21T15:15:58.583766,grail,pretty,7,True,5fb80f9bc0f3,4.909506000331021,latency-f1b7034a9084.csv
2,f1b7034a9084,2025-10-21T15:15:58.694012,shrek3,DONKEY,243,True,5fb80f9bc0f3,4.212415000438341,latency-f1b7034a9084.csv
2,f1b7034a9084,2025-10-21T15:15:58.803504,shrek3,cues,3,True,5fb80f9bc0f3,6.369996000103129,latency-f1b7034a9084.csv
2,f1b7034a9084,2025-10-21T15:15:58.915272,shrek,don't,72,True,5fb80f9bc0f3,3.366838000147254,latency-f1b7034a9084.csv
2,f1b7034a9084,2025-10-21T15:15:59.022784,grail,door,14,True,5fb80f9bc0f3,3.8260299998000846,latency-f1b7034a9084.csv
2,f1b7034a9084,2025-10-21T15:15:59.131305,grail,the,1600,True,5fb80f9bc0f3,2.4601140003142064,latency-f1b7034a9084.csv
2,f1b7034a9084,2025-10-21T15:15:59.237492,shrek,fair,2,True,5fb80f9bc0f3,5.50480099991546,latency-f1b7034a9084.csv
2,f1b7034a9084,2025-10-21T15:15:59.351001,grail,king,136,True,5fb80f9bc0f3,6.142526999610709,latency-f1b7034a9084.csv
2,f1b7034a9084,2025-10-21T15:15:59.465787,grail,Tm,5,True,5fb80f9bc0f3,3.671688999929757,latency-f1b7034a9084.csv
2,f1b7034a9084,2025-10-21T15:15:59.573162,grail,Guard,106,True,5fb80f9bc0f3,3.2183630000872654,latency-f1b7034a9084.csv
2,f1b7034a9084,2025-10-21T15:15:59.680037,shrek3,"Bay""",0,True,5fb80f9bc0f3,3.4101179999197484,latency-f1b7034a9084.csv
1,f322ae21ee79,2025-10-21T15:15:59.952467,shrek3,did,14,False,5fb80f9bc0f3,11.766681999688444,latency-f322ae21ee79.csv
1,f322ae21ee79,2025-10-21T15:16:00.073830,shrek3,DONKEY,243,True,5fb80f9bc0f3,6.286498999543255,latency-f322ae21ee79.csv
1,f322ae21ee79,2025-10-21T15:16:00.188632,shrek,lay,2,True,5fb80f9bc0f3,3.239411999857112,latency-f322ae21ee79.csv
1,f322ae21ee79,2025-10-21T15:16:00.301976,grail,elected,2,True,5fb80f9bc0f3,6.429889000173716,latency-f322ae21ee79.csv
1,f322ae21ee79,2025-10-21T15:16:00.420445,shrek3,Uh,18,False,5fb80f9bc0f3,9.40151800023159,latency-f322ae21ee79.csv
1,f322ae21ee79,2025-10-21T15:16:00.538649,shrek,Shrek,433,True,5fb80f9bc0f3,3.656287999547203,latency-f322ae21ee79.csv
1,f322ae21ee79,2025-10-21T15:16:00.646335,shrek3,CAPTAIN,41,True,5fb80f9bc0f3,2.4753289999353,latency-f322ae21ee79.csv
1,f322ae21ee79,2025-10-21T15:16:00.752233,grail,Guard,106,True,5fb80f9bc0f3,2.5092149999181856,latency-f322ae21ee79.csv
1,f322ae21ee79,2025-10-21T15:16:00.857722,grail,at,104,False,5fb80f9bc0f3,7.892537000770972,latency-f322ae21ee79.csv
1,f322ae21ee79,2025-10-21T15:16:00.969417,shrek3,Cinderella,21,True,5fb80f9bc0f3,3.743936999853759,latency-f322ae21ee79.csv
1,f322ae21ee79,2025-10-21T15:16:01.077181,shrek,SHREK,433,True,5fb80f9bc0f3,3.83306299954711,latency-f322ae21ee79.csv
1,f322ae21ee79,2025-10-21T15:16:01.184980,shrek,happily,2,True,5fb80f9bc0f3,2.258784000332525,latency-f322ae21ee79.csv
1,f322ae21ee79,2025-10-21T15:16:01.290478,grail,on,139,True,5fb80f9bc0f3,4.522687999269692,latency-f322ae21ee79.csv
1,f322ae21ee79,2025-10-21T15:16:01.399208,shrek3,still,18,True,5fb80f9bc0f3,2.9066479992252425,latency-f322ae21ee79.csv
1,f322ae21ee79,2025-10-21T15:16:01.505387,shrek3,Hold,8,True,5fb80f9bc0f3,2.7634120006041485,latency-f322ae21ee79.csv
1,f322ae21ee79,2025-10-21T15:16:01.611703,shrek3,its,1,True,5fb80f9bc0f3,4.862314000092738,latency-f322ae21ee79.csv
1,f322ae21ee79,2025-10-21T15:16:01.720069,shrek,What,104,True,5fb80f9bc0f3,13.63095099986822,latency-f322ae21ee79.csv
1,f322ae21ee79,2025-10-21T15:16:01.839955,shrek,placed,1,True,5fb80f9bc0f3,8.160182000210625,latency-f322ae21ee79.csv
1,f322ae21ee79,2025-10-21T15:16:01.953589,shrek3,still,18,True,5fb80f9bc0f3,7.466185999874142,latency-f322ae21ee79.csv
1,f322ae21ee79,2025-10-21T15:16:02.064319,shrek3,PRINCE,207,True,5fb80f9bc0f3,5.533446999834268,latency-f322ae21ee79.csv
2,f322ae21ee79,2025-10-21T15:16:02.175337,shrek3,did,14,True,5fb80f9bc0f3,4.9199960003534216,latency-f322ae21ee79.csv
2,f322ae21ee79,2025-10-21T15:16:02.289165,shrek3,DONKEY,243,True,5fb80f9bc0f3,3.796260999479273,latency-f322ae21ee79.csv
2,f322ae21ee79,2025-10-21T15:16:02.398631,shrek,lay,2,True,5fb80f9bc0f3,20.406134000040765,latency-f322ae21ee79.csv
2,f322ae21ee79,2025-10-21T15:16:02.528516,grail,elected,2,True,5fb80f9bc0f3,11.974185000326544,latency-f322ae21ee79.csv
2,f322ae21ee79,2025-10-21T15:16:02.651966,shrek3,Uh,18,True,5fb80f9bc0f3,8.540408999579086,latency-f322ae21ee79.csv
2,f322ae21ee79,2025-10-21T15:16:02.769461,shrek,Shrek,433,True,5fb80f9bc0f3,10.698944000068876,latency-f322ae21ee79.csv
2,f322ae21ee79,2025-10-21T15:16:02.889935,shrek3,CAPTAIN,41,True,5fb80f9bc0f3,21.47448899995652,latency-f322ae21ee79.csv
2,f322ae21ee79,2025-10-21T15:16:03.026688,grail,Guard,106,True,5fb80f9bc0f3,9.740180999870065,latency-f322ae21ee79.csv
2,f322ae21ee79,2025-10-21T15:16:03.146506,grail,at,104,True,5fb80f9bc0f3,18.55543100009527,latency-f322ae21ee79.csv
2,f322ae21ee79,2025-10-21T15:16:03.290896,shrek3,Cinderella,21,True,5fb80f9bc0f3,2.7581200001804973,latency-f322ae21ee79.csv
2,f322ae21ee79,2025-10-21T15:16:03.397240,shrek,SHREK,433,True,5fb80f9bc0f3,2.469160000146076,latency-f322ae21ee79.csv
2,f322ae21ee79,2025-10-21T15:16:03.502847,shrek,happily,2,True,5fb80f9bc0f3,3.388795999853756,latency-f322ae21ee79.csv
2,f322ae21ee79,2025-10-21T15:16:03.609524,grail,on,139,True,5fb80f9bc0f3,4.010289000689227,latency-f322ae21ee79.csv
2,f322ae21ee79,2025-10-21T15:16:03.719328,shrek3,still,18,True,5fb80f9bc0f3,4.184845000054338,latency-f322ae21ee79.csv
2,f322ae21ee79,2025-10-21T15:16:03.827556,shrek3,Hold,8,True,5fb80f9bc0f3,3.694987999551813,latency-f322ae21ee79.csv
2,f322ae21ee79,2025-10-21T15:16:03.934914,shrek3,its,1,True,5fb80f9bc0f3,10.343779000322684,latency-f322ae21ee79.csv
2,f322ae21ee79,2025-10-21T15:16:04.053455,shrek,What,104,True,5fb80f9bc0f3,7.102453000698006,latency-f322ae21ee79.csv
2,f322ae21ee79,2025-10-21T15:16:04.167535,shrek,placed,1,True,5fb80f9bc0f3,2.86166800015053,latency-f322ae21ee79.csv
2,f322ae21ee79,2025-10-21T15:16:04.276310,shrek3,still,18,True,5fb80f9bc0f3,2.375853000557981,latency-f322ae21ee79.csv
2,f322ae21ee79,2025-10-21T15:16:04.384159,shrek3,PRINCE,207,True,5fb80f9bc0f3,3.041153000594932,latency-f322ae21ee79.csv
1,fa48b5266204,2025-10-21T15:16:18.305589,grail,right,66,True,5fb80f9bc0f3,3.2209410001087235,latency-fa48b5266204.csv
1,fa48b5266204,2025-10-21T15:16:18.412271,shrek3,WHITE,45,True,5fb80f9bc0f3,2.540815999964252,latency-fa48b5266204.csv
1,fa48b5266204,2025-10-21T15:16:18.517826,grail,Tm,5,True,5fb80f9bc0f3,4.161410000051546,latency-fa48b5266204.csv
1,fa48b5266204,2025-10-21T15:16:18.625863,grail,Aaaaugh,9,True,5fb80f9bc0f3,4.078865000337828,latency-fa48b5266204.csv
1,fa48b5266204,2025-10-21T15:16:18.734023,shrek,on,88,True,5fb80f9bc0f3,3.060408999772335,latency-fa48b5266204.csv
1,fa48b5266204,2025-10-21T15:16:18.840385,shrek,baby,3,True,5fb80f9bc0f3,3.0040700003155507,latency-fa48b5266204.csv
1,fa48b5266204,2025-10-21T15:16:18.946971,shrek3,boomerang,1,True,5fb80f9bc0f3,3.902421999555372,latency-fa48b5266204.csv
1,fa48b5266204,2025-10-21T15:16:19.054703,shrek,I,386,True,5fb80f9bc0f3,4.69161000000895,latency-fa48b5266204.csv
1,fa48b5266204,2025-10-21T15:16:19.163729,shrek,rising,1,True,5fb80f9bc0f3,3.490365999823553,latency-fa48b5266204.csv
1,fa48b5266204,2025-10-21T15:16:19.274967,shrek,you,409,True,5fb80f9bc0f3,12.98465599938936,latency-fa48b5266204.csv
1,fa48b5266204,2025-10-21T15:16:19.394138,shrek3,Artie,213,True,5fb80f9bc0f3,16.831746000207204,latency-fa48b5266204.csv
1,fa48b5266204,2025-10-21T15:16:19.515429,grail,rows,1,True,5fb80f9bc0f3,9.071296000001894,latency-fa48b5266204.csv
1,fa48b5266204,2025-10-21T15:16:19.631574,grail,pretty,7,True,5fb80f9bc0f3,9.556577000694231,latency-fa48b5266204.csv
1,fa48b5266204,2025-10-21T15:16:19.748182,grail,BEDEVERE,103,True,5fb80f9bc0f3,6.123231999481504,latency-fa48b5266204.csv
1,fa48b5266204,2025-10-21T15:16:19.860669,shrek3,you,328,True,5fb80f9bc0f3,3.4467129999029567,latency-fa48b5266204.csv
1,fa48b5266204,2025-10-21T15:16:19.970904,shrek,SHREK,433,True,5fb80f9bc0f3,2.459676999933436,latency-fa48b5266204.csv
1,fa48b5266204,2025-10-21T15:16:20.078892,shrek,Is,132,True,5fb80f9bc0f3,3.224214000510983,latency-fa48b5266204.csv
1,fa48b5266204,2025-10-21T15:16:20.185909,shrek3,the,1285,True,5fb80f9bc0f3,3.7464699998963615,latency-fa48b5266204.csv
1,fa48b5266204,2025-10-21T15:16:20.293553,shrek3,Uh,18,True,5fb80f9bc0f3,3.1717169995317818,latency-fa48b5266204.csv
1,fa48b5266204,2025-10-21T15:16:20.400685,shrek3,me,72,True,5fb80f9bc0f3,3.287642000032065,latency-fa48b5266204.csv
2,fa48b5266204,2025-10-21T15:16:20.507749,grail,right,66,True,5fb80f9bc0f3,5.730877999667428,latency-fa48b5266204.csv
2,fa48b5266204,2025-10-21T15:16:20.617790,shrek3,WHITE,45,True,5fb80f9bc0f3,8.84355800008052,latency-fa48b5266204.csv
2,fa48b5266204,2025-10-21T15:16:20.732552,grail,Tm,5,True,5fb80f9bc0f3,10.150436999538217,latency-fa48b5266204.csv
2,fa48b5266204,2025-10-21T15:16:20.848091,grail,Aaaaugh,9,True,5fb80f9bc0f3,3.093364000051224,latency-fa48b5266204.csv
2,fa48b5266204,2025-10-21T15:16:20.955002,shrek,on,88,True,5fb80f9bc0f3,4.6309459994517965,latency-fa48b5266204.csv
2,fa48b5266204,2025-10-21T15:16:21.064092,shrek,baby,3,True,5fb80f9bc0f3,5.26369799990789,latency-fa48b5266204.csv
2,fa48b5266204,2025-10-21T15:16:21.173318,shrek3,boomerang,1,True,5fb80f9bc0f3,5.159916999218694,latency-fa48b5266204.csv
2,fa48b5266204,2025-10-21T15:16:21.283076,shrek,I,386,True,5fb80f9bc0f3,4.462894000425877,latency-fa48b5266204.csv
2,fa48b5266204,2025-10-21T15:16:21.392024,shrek,rising,1,True,5fb80f9bc0f3,5.517159000191896,latency-fa48b5266204.csv
2,fa48b5266204,2025-10-21T15:16:21.501982,shrek,you,409,True,5fb80f9bc0f3,2.8748280001309467,latency-fa48b5266204.csv
2,fa48b5266204,2025-10-21T15:16:21.607940,shrek3,Artie,213,True,5fb80f9bc0f3,3.4981779999725404,latency-fa48b5266204.csv
2,fa48b5266204,2025-10-21T15:16:21.715175,grail,rows,1,True,5fb80f9bc0f3,5.388765000134299,latency-fa48b5266204.csv
2,fa48b5266204,2025-10-21T15:16:21.824953,grail,pretty,7,True,5fb80f9bc0f3,6.551166000463127,latency-fa48b5266204.csv
2,fa48b5266204,2025-10-21T15:16:21.935846,grail,BEDEVERE,103,True,5fb80f9bc0f3,5.008187999919755,latency-fa48b5266204.csv
2,fa48b5266204,2025-10-21T15:16:22.044198,shrek3,you,328,True,5fb80f9bc0f3,5.739033999816456,latency-fa48b5266204.csv
2,fa48b5266204,2025-10-21T15:16:22.155348,shrek,SHREK,433,True,5fb80f9bc0f3,8.734058000300138,latency-fa48b5266204.csv
2,fa48b5266204,2025-10-21T15:16:22.270011,shrek,Is,132,True,5fb80f9bc0f3,4.425852999702329,latency-fa48b5266204.csv
2,fa48b5266204,2025-10-21T15:16:22.381614,shrek3,the,1285,True,5fb80f9bc0f3,3.7494060006793006,latency-fa48b5266204.csv
2,fa48b5266204,2025-10-21T15:16:22.492045,shrek3,Uh,18,True,5fb80f9bc0f3,9.041857999363856,latency-fa48b5266204.csv
2,fa48b5266204,2025-10-21T15:16:22.609947,shrek3,me,72,True,5fb80f9bc0f3,3.326699000353983,latency-fa48b5266204.csv
1,fc5ee2a9d735,2025-10-21T15:15:58.080256,shrek3,an,51,True,5fb80f9bc0f3,8.253533000242896,latency-fc5ee2a9d735.csv
1,fc5ee2a9d735,2025-10-21T15:15:58.193413,shrek,ogre,27,True,5fb80f9bc0f3,5.535500999940268,latency-fc5ee2a9d735.csv
1,fc5ee2a9d735,2025-10-21T15:15:58.308320,grail,going,21,True,5fb80f9bc0f3,4.911560999971698,latency-fc5ee2a9d735.csv
1,fc5ee2a9d735,2025-10-21T15:15:58.417081,shrek,cottage,4,True,5fb80f9bc0f3,5.705140999452851,latency-fc5ee2a9d735.csv
1,fc5ee2a9d735,2025-10-21T15:15:58.526829,shrek3,ho,8,False,5fb80f9bc0f3,9.53207300062786,latency-fc5ee2a9d735.csv
1,fc5ee2a9d735,2025-10-21T15:15:58.640197,shrek3,cues,3,True,5fb80f9bc0f3,4.488258000492351,latency-fc5ee2a9d735.csv
1,fc5ee2a9d735,2025-10-21T15:15:58.750912,shrek,I,386,True,5fb80f9bc0f3,3.161339999678603,latency-fc5ee2a9d735.csv
1,fc5ee2a9d735,2025-10-21T15:15:58.859190,shrek,edge,2,True,5fb80f9bc0f3,2.6230479998048395,latency-fc5ee2a9d735.csv
1,fc5ee2a9d735,2025-10-21T15:15:58.965884,shrek3,and,576,True,5fb80f9bc0f3,4.049226000461204,latency-fc5ee2a9d735.csv
1,fc5ee2a9d735,2025-10-21T15:15:59.073515,grail,LTD,6,True,5fb80f9bc0f3,4.188789000181714,latency-fc5ee2a9d735.csv
1,fc5ee2a9d735,2025-10-21T15:15:59.182168,shrek,rising,1,True,5fb80f9bc0f3,3.723859000274388,latency-fc5ee2a9d735.csv
1,fc5ee2a9d735,2025-10-21T15:15:59.289358,shrek3,CHARMING,232,True,5fb80f9bc0f3,3.3841459999166545,latency-fc5ee2a9d735.csv
1,fc5ee2a9d735,2025-10-21T15:15:59.396379,shrek3,him,87,True,5fb80f9bc0f3,4.664037999646098,latency-fc5ee2a9d735.csv
1,fc5ee2a9d735,2025-10-21T15:15:59.505669,shrek,What,104,True,5fb80f9bc0f3,3.1928220005283947,latency-fc5ee2a9d735.csv
1,fc5ee2a9d735,2025-10-21T15:15:59.612667,shrek,FIONA,211,True,5fb80f9bc0f3,4.456712000319385,latency-fc5ee2a9d735.csv
1,fc5ee2a9d735,2025-10-21T15:15:59.721666,shrek,DONKEY,320,True,5fb80f9bc0f3,3.957255999921472,latency-fc5ee2a9d735.csv
1,fc5ee2a9d735,2025-10-21T15:15:59.830444,shrek,FIONA,211,True,5fb80f9bc0f3,4.371945999992022,latency-fc5ee2a9d735.csv
1,fc5ee2a9d735,2025-10-21T15:15:59.939169,grail,Aaaaugh,9,False,5fb80f9bc0f3,12.636540999665158,latency-fc5ee2a9d735.csv
1,fc5ee2a9d735,2025-10-21T15:16:00.057316,shrek3,TO,511,True,5fb80f9bc0f3,4.086457999619597,latency-fc5ee2a9d735.csv
1,fc5ee2a9d735,2025-10-21T15:16:00.165625,shrek3,fall,6,True,5fb80f9bc0f3,4.258203000063077,latency-fc5ee2a9d735.csv
2,fc5ee2a9d735,2025-10-21T15:16:00.274194,shrek3,an,51,True,5fb80f9bc0f3,3.07802699990134,latency-fc5ee2a9d735.csv
2,fc5ee2a9d735,2025-10-21T15:16:00.380420,shrek,ogre,27,True,5fb80f9bc0f3,3.397039999981644,latency-fc5ee2a9d735.csv
2,fc5ee2a9d735,2025-10-21T15:16:00.487753,grail,going,21,True,5fb80f9bc0f3,5.213401000219164,latency-fc5ee2a9d735.csv
2,fc5ee2a9d735,2025-10-21T15:16:00.597788,shrek,cottage,4,True,5fb80f9bc0f3,4.790725000020757,latency-fc5ee2a9d735.csv
2,fc5ee2a9d735,2025-10-21T15:16:00.707286,shrek3,ho,8,True,5fb80f9bc0f3,16.310343000441208,latency-fc5ee2a9d735.csv
2,fc5ee2a9d735,2025-10-21T15:16:00.828405,shrek3,cues,3,True,5fb80f9bc0f3,10.476870000275085,latency-fc5ee2a9d735.csv
2,fc5ee2a9d735,2025-10-21T15:16:00.945017,shrek,I,386,True,5fb80f9bc0f3,7.35616400015715,latency-fc5ee2a9d735.csv
2,fc5ee2a9d735,2025-10-21T15:16:01.060066,shrek,edge,2,True,5fb80f9bc0f3,3.780990999985079,latency-fc5ee2a9d735.csv
2,fc5ee2a9d735,2025-10-21T15:16:01.168446,shrek3,and,576,True,5fb80f9bc0f3,3.309728999738581,latency-fc5ee2a9d735.csv
2,fc5ee2a9d735,2025-10-21T15:16:01.275511,grail,LTD,6,True,5fb80f9bc0f3,5.877956000404083,latency-fc5ee2a9d735.csv
2,fc5ee2a9d735,2025-10-21T15:16:01.385955,shrek,rising,1,True,5fb80f9bc0f3,3.7445789994308143,latency-fc5ee2a9d735.csv
2,fc5ee2a9d735,2025-10-21T15:16:01.493700,shrek3,CHARMING,232,True,5fb80f9bc0f3,4.124629000216373,latency-fc5ee2a9d735.csv
2,fc5ee2a9d735,2025-10-21T15:16:01.602593,shrek3,him,87,True,5fb80f9bc0f3,4.340944999967178,latency-fc5ee2a9d735.csv
2,fc5ee2a9d735,2025-10-21T15:16:01.713969,shrek,What,104,True,5fb80f9bc0f3,4.45686700004444,latency-fc5ee2a9d735.csv
2,fc5ee2a9d735,2025-10-21T15:16:01.826862,shrek,FIONA,211,True,5fb80f9bc0f3,3.019863000190526,latency-fc5ee2a9d735.csv
2,fc5ee2a9d735,2025-10-21T15:16:01.933868,shrek,DONKEY,320,True,5fb80f9bc0f3,2.4196589993152884,latency-fc5ee2a9d735.csv
2,fc5ee2a9d735,2025-10-21T15:16:02.039920,shrek,FIONA,211,True,5fb80f9bc0f3,2.3216290001073503,latency-fc5ee2a9d735.csv
2,fc5ee2a9d735,2025-10-21T15:16:02.145367,grail,Aaaaugh,9,True,5fb80f9bc0f3,3.2430540004497743,latency-fc5ee2a9d735.csv
2,fc5ee2a9d735,2025-10-21T15:16:02.252157,shrek3,TO,511,True,5fb80f9bc0f3,3.0885380001564045,latency-fc5ee2a9d735.csv
2,fc5ee2a9d735,2025-10-21T15:16:02.358687,shrek3,fall,6,True,5fb80f9bc0f3,4.168458000094688,latency-fc5ee2a9d735.csv
1,fcaf4d1da6b9,2025-10-21T15:16:12.032394,grail,the,1600,True,5fb80f9bc0f3,5.356294999728561,latency-fcaf4d1da6b9.csv
1,fcaf4d1da6b9,2025-10-21T15:16:12.142788,shrek3,116,1,True,5fb80f9bc0f3,4.887491999397753,latency-fcaf4d1da6b9.csv
1,fcaf4d1da6b9,2025-10-21T15:16:12.251452,grail,Bridge,30,True,5fb80f9bc0f3,6.492950999927416,latency-fcaf4d1da6b9.csv
1,fcaf4d1da6b9,2025-10-21T15:16:12.364629,grail,right,66,True,5fb80f9bc0f3,5.247998000413645,latency-fcaf4d1da6b9.csv
1,fcaf4d1da6b9,2025-10-21T15:16:12.476322,shrek,the,535,True,5fb80f9bc0f3,4.309971000111545,latency-fcaf4d1da6b9.csv
1,fcaf4d1da6b9,2025-10-21T15:16:12.585279,grail,to,718,True,5fb80f9bc0f3,3.4346770007687155,latency-fcaf4d1da6b9.csv
1,fcaf4d1da6b9,2025-10-21T15:16:12.692990,grail,"Peng,",0,True,5fb80f9bc0f3,3.9257610005734014,latency-fcaf4d1da6b9.csv
1,fcaf4d1da6b9,2025-10-21T15:16:12.800790,shrek3,his,238,True,5fb80f9bc0f3,8.821141999760584,latency-fcaf4d1da6b9.csv
1,fcaf4d1da6b9,2025-10-21T15:16:12.920731,shrek3,glass,9,True,5fb80f9bc0f3,10.16647100004775,latency-fcaf4d1da6b9.csv
1,fcaf4d1da6b9,2025-10-21T15:16:13.041769,grail,BEDEVERE,103,True,5fb80f9bc0f3,4.682691000198247,latency-fcaf4d1da6b9.csv
1,fcaf4d1da6b9,2025-10-21T15:16:13.155350,shrek3,decree,1,True,5fb80f9bc0f3,3.718341000421788,latency-fcaf4d1da6b9.csv
1,fcaf4d1da6b9,2025-10-21T15:16:13.266938,shrek,he,118,True,5fb80f9bc0f3,9.49845600007393,latency-fcaf4d1da6b9.csv
1,fcaf4d1da6b9,2025-10-21T15:16:13.398148,shrek,our,11,True,5fb80f9bc0f3,5.544913999983692,latency-fcaf4d1da6b9.csv
1,fcaf4d1da6b9,2025-10-21T15:16:13.513501,shrek,minute,3,True,5fb80f9bc0f3,5.194794999624719,latency-fcaf4d1da6b9.csv
1,fcaf4d1da6b9,2025-10-21T15:16:13.632305,shrek3,CAPTAIN,41,True,5fb80f9bc0f3,3.065197999603697,latency-fcaf4d1da6b9.csv
1,fcaf4d1da6b9,2025-10-21T15:16:13.741270,shrek,afraid,8,True,5fb80f9bc0f3,3.049216999897908,latency-fcaf4d1da6b9.csv
1,fcaf4d1da6b9,2025-10-21T15:16:13.848117,shrek,happily,2,True,5fb80f9bc0f3,3.4397979998175288,latency-fcaf4d1da6b9.csv
1,fcaf4d1da6b9,2025-10-21T15:16:13.955745,grail,Cleese,10,True,5fb80f9bc0f3,3.649471999779053,latency-fcaf4d1da6b9.csv
1,fcaf4d1da6b9,2025-10-21T15:16:14.063293,shrek3,DONKEY,243,True,5fb80f9bc0f3,2.86726699960127,latency-fcaf4d1da6b9.csv
1,fcaf4d1da6b9,2025-10-21T15:16:14.170423,shrek3,toward,14,True,5fb80f9bc0f3,3.965062999668589,latency-fcaf4d1da6b9.csv
2,fcaf4d1da6b9,2025-10-21T15:16:14.278926,grail,the,1600,True,5fb80f9bc0f3,3.072090999921784,latency-fcaf4d1da6b9.csv
2,fcaf4d1da6b9,2025-10-21T15:16:14.386524,shrek3,116,1,True,5fb80f9bc0f3,3.780732999985048,latency-fcaf4d1da6b9.csv
2,fcaf4d1da6b9,2025-10-21T15:16:14.494283,grail,Bridge,30,True,5fb80f9bc0f3,3.7499239997487166,latency-fcaf4d1da6b9.csv
2,fcaf4d1da6b9,2025-10-21T15:16:14.602324,grail,right,66,True,5fb80f9bc0f3,12.149301000135893,latency-fcaf4d1da6b9.csv
2,fcaf4d1da6b9,2025-10-21T15:16:14.721561,shrek,the,535,True,5fb80f9bc0f3,10.531829999308684,latency-fcaf4d1da6b9.csv
2,fcaf4d1da6b9,2025-10-21T15:16:14.838429,grail,to,718,True,5fb80f9bc0f3,7.9247150006267475,latency-fcaf4d1da6b9.csv
2,fcaf4d1da6b9,2025-10-21T15:16:14.956448,grail,"Peng,",0,True,5fb80f9bc0f3,4.545064000012644,latency-fcaf4d1da6b9.csv
2,fcaf4d1da6b9,2025-10-21T15:16:15.066866,shrek3,his,238,True,5fb80f9bc0f3,2.817292999679921,latency-fcaf4d1da6b9.csv
2,fcaf4d1da6b9,2025-10-21T15:16:15.173696,shrek3,glass,9,True,5fb80f9bc0f3,4.047183000693622,latency-fcaf4d1da6b9.csv
2,fcaf4d1da6b9,2025-10-21T15:16:15.282794,grail,BEDEVERE,103,True,5fb80f9bc0f3,3.3780089997890173,latency-fcaf4d1da6b9.csv
2,fcaf4d1da6b9,2025-10-21T15:16:15.389955,shrek3,decree,1,True,5fb80f9bc0f3,2.4981039996418986,latency-fcaf4d1da6b9.csv
2,fcaf4d1da6b9,2025-10-21T15:16:15.495604,shrek,he,118,True,5fb80f9bc0f3,2.5201449998348835,latency-fcaf4d1da6b9.csv
2,fcaf4d1da6b9,2025-10-21T15:16:15.601153,shrek,our,11,True,5fb80f9bc0f3,3.706397999849287,latency-fcaf4d1da6b9.csv
2,fcaf4d1da6b9,2025-10-21T15:16:15.708647,shrek,minute,3,True,5fb80f9bc0f3,3.628295000453363,latency-fcaf4d1da6b9.csv
2,fcaf4d1da6b9,2025-10-21T15:16:15.816567,shrek3,CAPTAIN,41,True,5fb80f9bc0f3,2.443065000079514,latency-fcaf4d1da6b9.csv
2,fcaf4d1da6b9,2025-10-21T15:16:15.922103,shrek,afraid,8,True,5fb80f9bc0f3,3.3101769995482755,latency-fcaf4d1da6b9.csv
2,fcaf4d1da6b9,2025-10-21T15:16:16.029499,shrek,happily,2,True,5fb80f9bc0f3,4.951215999426495,latency-fcaf4d1da6b9.csv
2,fcaf4d1da6b9,2025-10-21T15:16:16.139081,grail,Cleese,10,True,5fb80f9bc0f3,3.211598999769194,latency-fcaf4d1da6b9.csv
2,fcaf4d1da6b9,2025-10-21T15:16:16.245919,shrek3,DONKEY,243,True,5fb80f9bc0f3,2.8151599999546306,latency-fcaf4d1da6b9.csv
2,fcaf4d1da6b9,2025-10-21T15:16:16.351969,shrek3,toward,14,True,5fb80f9bc0f3,3.4995009991689585,latency-fcaf4d1da6b9.csv
