pass,client_id,t_start_utc,file,keyword,count,from_cache,server,latency_ms,source_file
1,00b3396642e5,2025-10-15T11:55:33.742074,shrek3,Donkey,243,False,a1e396557c78,16.099380000014207,latency-00b3396642e5.csv
1,00b3396642e5,2025-10-15T11:55:33.866686,shrek3,2,8,True,c6aff4c179ab,12.392759000249498,latency-00b3396642e5.csv
1,00b3396642e5,2025-10-15T11:55:33.994342,shrek3,of,275,True,a1e396557c78,6.852454999716429,latency-00b3396642e5.csv
1,00b3396642e5,2025-10-15T11:55:34.112822,grail,CALLS,3,True,c6aff4c179ab,7.140134000110265,latency-00b3396642e5.csv
1,00b3396642e5,2025-10-15T11:55:34.243187,shrek,looks,37,True,6ec6587f6660,7.898707000094873,latency-00b3396642e5.csv
1,00b3396642e5,2025-10-15T11:55:34.396038,grail,it,279,False,6ec6587f6660,26.466491999599384,latency-00b3396642e5.csv
1,00b3396642e5,2025-10-15T11:55:34.568483,shrek,happily,2,True,6ec6587f6660,9.175732999210595,latency-00b3396642e5.csv
1,00b3396642e5,2025-10-15T11:55:34.685215,shrek3,you,328,True,c6aff4c179ab,8.098444999632193,latency-00b3396642e5.csv
1,00b3396642e5,2025-10-15T11:55:34.801681,shrek,don't,72,True,a1e396557c78,8.73829800002568,latency-00b3396642e5.csv
1,00b3396642e5,2025-10-15T11:55:34.917924,grail,Butts,2,True,6ec6587f6660,9.198161999847798,latency-00b3396642e5.csv
1,00b3396642e5,2025-10-15T11:55:35.038795,shrek,on,88,True,c6aff4c179ab,12.797911999768983,latency-00b3396642e5.csv
1,00b3396642e5,2025-10-15T11:55:35.164456,shrek,DONKEY,320,True,a1e396557c78,8.754059000239067,latency-00b3396642e5.csv
1,00b3396642e5,2025-10-15T11:55:35.280635,shrek3,through,43,True,6ec6587f6660,8.804727999631723,latency-00b3396642e5.csv
1,00b3396642e5,2025-10-15T11:55:35.397950,grail,19Prince,0,True,c6aff4c179ab,9.75980399925902,latency-00b3396642e5.csv
1,00b3396642e5,2025-10-15T11:55:35.515616,shrek,"Ha,",0,True,a1e396557c78,10.335061000660062,latency-00b3396642e5.csv
1,00b3396642e5,2025-10-15T11:55:35.635355,shrek,FIONA,211,True,6ec6587f6660,8.624378000604338,latency-00b3396642e5.csv
1,00b3396642e5,2025-10-15T11:55:35.753711,shrek3,the,1285,True,a1e396557c78,7.296983999367512,latency-00b3396642e5.csv
1,00b3396642e5,2025-10-15T11:55:35.873053,shrek,you,409,True,6ec6587f6660,9.062047000043094,latency-00b3396642e5.csv
1,00b3396642e5,2025-10-15T11:55:35.989774,grail,the,1600,True,a1e396557c78,8.699381999576872,latency-00b3396642e5.csv
1,00b3396642e5,2025-10-15T11:55:36.104938,grail,Get,47,True,c6aff4c179ab,14.734248999957344,latency-00b3396642e5.csv
2,00b3396642e5,2025-10-15T11:55:36.236345,shrek3,Donkey,243,True,6ec6587f6660,5.872992000149679,latency-00b3396642e5.csv
2,00b3396642e5,2025-10-15T11:55:36.348455,shrek3,2,8,True,6ec6587f6660,7.844868000574934,latency-00b3396642e5.csv
2,00b3396642e5,2025-10-15T11:55:36.463398,shrek3,of,275,True,a1e396557c78,8.823303000099258,latency-00b3396642e5.csv
2,00b3396642e5,2025-10-15T11:55:36.580413,grail,CALLS,3,True,6ec6587f6660,13.678827999683564,latency-00b3396642e5.csv
2,00b3396642e5,2025-10-15T11:55:36.706001,shrek,looks,37,True,6ec6587f6660,10.068163000141794,latency-00b3396642e5.csv
2,00b3396642e5,2025-10-15T11:55:36.823814,grail,it,279,True,6ec6587f6660,12.992656000278656,latency-00b3396642e5.csv
2,00b3396642e5,2025-10-15T11:55:36.945485,shrek,happily,2,True,a1e396557c78,9.130299999924318,latency-00b3396642e5.csv
2,00b3396642e5,2025-10-15T11:55:37.062240,shrek3,you,328,True,c6aff4c179ab,6.642095000643167,latency-00b3396642e5.csv
2,00b3396642e5,2025-10-15T11:55:37.174094,shrek,don't,72,True,c6aff4c179ab,5.961474000287126,latency-00b3396642e5.csv
2,00b3396642e5,2025-10-15T11:55:37.285717,grail,Butts,2,True,c6aff4c179ab,7.779836000736395,latency-00b3396642e5.csv
2,00b3396642e5,2025-10-15T11:55:37.400207,shrek,on,88,True,6ec6587f6660,7.484091999685916,latency-00b3396642e5.csv
2,00b3396642e5,2025-10-15T11:55:37.514637,shrek,DONKEY,320,True,6ec6587f6660,6.384535999131913,latency-00b3396642e5.csv
2,00b3396642e5,2025-10-15T11:55:37.626919,shrek3,through,43,True,6ec6587f6660,7.231591000163462,latency-00b3396642e5.csv
2,00b3396642e5,2025-10-15T11:55:37.745338,grail,19Prince,0,True,a1e396557c78,9.107522000704192,latency-00b3396642e5.csv
2,00b3396642e5,2025-10-15T11:55:37.864061,shrek,"Ha,",0,True,c6aff4c179ab,6.285301999923831,latency-00b3396642e5.csv
2,00b3396642e5,2025-10-15T11:55:37.976431,shrek,FIONA,211,True,6ec6587f6660,6.408813000234659,latency-00b3396642e5.csv
2,00b3396642e5,2025-10-15T11:55:38.088840,shrek3,the,1285,True,6ec6587f6660,5.51554799949372,latency-00b3396642e5.csv
2,00b3396642e5,2025-10-15T11:55:38.201688,shrek,you,409,True,c6aff4c179ab,6.836228000793199,latency-00b3396642e5.csv
2,00b3396642e5,2025-10-15T11:55:38.317431,grail,the,1600,True,6ec6587f6660,9.32885600013833,latency-00b3396642e5.csv
2,00b3396642e5,2025-10-15T11:55:38.434124,grail,Get,47,True,a1e396557c78,10.043704000054277,latency-00b3396642e5.csv
1,022595e7e229,2025-10-15T11:55:24.482918,grail,elected,2,True,c6aff4c179ab,4.555776999950467,latency-022595e7e229.csv
1,022595e7e229,2025-10-15T11:55:24.592845,shrek,FIONA,211,True,6ec6587f6660,6.154978999802552,latency-022595e7e229.csv
1,022595e7e229,2025-10-15T11:55:24.706099,shrek,who,29,False,a1e396557c78,11.717786000190245,latency-022595e7e229.csv
1,022595e7e229,2025-10-15T11:55:24.823319,grail,Get,47,False,6ec6587f6660,10.911595000834495,latency-022595e7e229.csv
1,022595e7e229,2025-10-15T11:55:24.939237,shrek,afraid,8,False,6ec6587f6660,13.318815999809884,latency-022595e7e229.csv
1,022595e7e229,2025-10-15T11:55:25.057808,shrek3,them,44,False,6ec6587f6660,12.855517000389227,latency-022595e7e229.csv
1,022595e7e229,2025-10-15T11:55:25.180049,shrek,ogre,27,False,c6aff4c179ab,14.236860999517376,latency-022595e7e229.csv
1,022595e7e229,2025-10-15T11:55:25.301065,shrek3,still,18,True,a1e396557c78,5.395702999521745,latency-022595e7e229.csv
1,022595e7e229,2025-10-15T11:55:25.411402,grail,Gallahad,44,True,c6aff4c179ab,4.890682000223023,latency-022595e7e229.csv
1,022595e7e229,2025-10-15T11:55:25.521608,shrek3,his,238,False,6ec6587f6660,20.920171000398117,latency-022595e7e229.csv
1,022595e7e229,2025-10-15T11:55:25.654352,shrek,"Well,",0,False,a1e396557c78,10.856732999855012,latency-022595e7e229.csv
1,022595e7e229,2025-10-15T11:55:25.770965,shrek,swamp,18,False,a1e396557c78,12.739932999465964,latency-022595e7e229.csv
1,022595e7e229,2025-10-15T11:55:25.891647,grail,since,10,False,a1e396557c78,11.546824000106426,latency-022595e7e229.csv
1,022595e7e229,2025-10-15T11:55:26.010667,shrek3,Im,1,True,a1e396557c78,10.590210999907868,latency-022595e7e229.csv
1,022595e7e229,2025-10-15T11:55:26.135151,shrek,What,104,True,a1e396557c78,10.44589499997528,latency-022595e7e229.csv
1,022595e7e229,2025-10-15T11:55:26.257867,grail,I,298,True,6ec6587f6660,7.49833900044905,latency-022595e7e229.csv
1,022595e7e229,2025-10-15T11:55:26.374590,grail,chops,3,True,a1e396557c78,6.234824000785011,latency-022595e7e229.csv
1,022595e7e229,2025-10-15T11:55:26.490081,shrek3,its,1,False,c6aff4c179ab,26.157968000006804,latency-022595e7e229.csv
1,022595e7e229,2025-10-15T11:55:26.642233,grail,Jones,7,True,c6aff4c179ab,7.6891779999641585,latency-022595e7e229.csv
1,022595e7e229,2025-10-15T11:55:26.758275,grail,To,718,True,6ec6587f6660,12.277704000553058,latency-022595e7e229.csv
2,022595e7e229,2025-10-15T11:55:26.879174,grail,elected,2,True,c6aff4c179ab,8.967728999778046,latency-022595e7e229.csv
2,022595e7e229,2025-10-15T11:55:26.999266,shrek,FIONA,211,True,a1e396557c78,5.2099380000072415,latency-022595e7e229.csv
2,022595e7e229,2025-10-15T11:55:27.111776,shrek,who,29,True,a1e396557c78,8.834034000756219,latency-022595e7e229.csv
2,022595e7e229,2025-10-15T11:55:27.230932,grail,Get,47,True,6ec6587f6660,7.31880000057572,latency-022595e7e229.csv
2,022595e7e229,2025-10-15T11:55:27.346447,shrek,afraid,8,True,c6aff4c179ab,6.837745000666473,latency-022595e7e229.csv
2,022595e7e229,2025-10-15T11:55:27.460112,shrek3,them,44,True,6ec6587f6660,8.247062999544141,latency-022595e7e229.csv
2,022595e7e229,2025-10-15T11:55:27.580158,shrek,ogre,27,True,a1e396557c78,4.52798799960874,latency-022595e7e229.csv
2,022595e7e229,2025-10-15T11:55:27.689802,shrek3,still,18,True,c6aff4c179ab,6.089888000133215,latency-022595e7e229.csv
2,022595e7e229,2025-10-15T11:55:27.805451,grail,Gallahad,44,True,6ec6587f6660,9.861395999905652,latency-022595e7e229.csv
2,022595e7e229,2025-10-15T11:55:27.924696,shrek3,his,238,True,c6aff4c179ab,5.893100000321283,latency-022595e7e229.csv
2,022595e7e229,2025-10-15T11:55:28.035965,shrek,"Well,",0,True,6ec6587f6660,6.427221999729227,latency-022595e7e229.csv
2,022595e7e229,2025-10-15T11:55:28.149164,shrek,swamp,18,True,a1e396557c78,10.107758999765792,latency-022595e7e229.csv
2,022595e7e229,2025-10-15T11:55:28.266593,grail,since,10,True,c6aff4c179ab,5.842923000273004,latency-022595e7e229.csv
2,022595e7e229,2025-10-15T11:55:28.378937,shrek3,Im,1,True,6ec6587f6660,4.988030999811599,latency-022595e7e229.csv
2,022595e7e229,2025-10-15T11:55:28.489764,shrek,What,104,True,a1e396557c78,6.7305570000826265,latency-022595e7e229.csv
2,022595e7e229,2025-10-15T11:55:28.602584,grail,I,298,True,c6aff4c179ab,10.980766000102449,latency-022595e7e229.csv
2,022595e7e229,2025-10-15T11:55:28.721455,grail,chops,3,True,a1e396557c78,8.030930000131775,latency-022595e7e229.csv
2,022595e7e229,2025-10-15T11:55:28.843279,shrek3,its,1,True,6ec6587f6660,74.4849909997356,latency-022595e7e229.csv
2,022595e7e229,2025-10-15T11:55:29.054618,grail,Jones,7,True,a1e396557c78,37.32002200013085,latency-022595e7e229.csv
2,022595e7e229,2025-10-15T11:55:29.221611,grail,To,718,True,c6aff4c179ab,10.64691200008383,latency-022595e7e229.csv
1,0334d6c3efe6,2025-10-15T11:55:26.358244,shrek3,with,112,True,6ec6587f6660,6.56488000004174,latency-0334d6c3efe6.csv
1,0334d6c3efe6,2025-10-15T11:55:26.472238,grail,seek,12,True,c6aff4c179ab,7.801752999512246,latency-0334d6c3efe6.csv
1,0334d6c3efe6,2025-10-15T11:55:26.591570,grail,Aaaaugh,9,False,6ec6587f6660,14.92990299993835,latency-0334d6c3efe6.csv
1,0334d6c3efe6,2025-10-15T11:55:26.714461,grail,grabbing,5,False,6ec6587f6660,19.277876000160177,latency-0334d6c3efe6.csv
1,0334d6c3efe6,2025-10-15T11:55:26.844142,grail,for,118,False,6ec6587f6660,12.632272999326233,latency-0334d6c3efe6.csv
1,0334d6c3efe6,2025-10-15T11:55:26.969351,shrek3,PUSS,196,True,6ec6587f6660,6.611425999835774,latency-0334d6c3efe6.csv
1,0334d6c3efe6,2025-10-15T11:55:27.083751,shrek,tale,7,True,a1e396557c78,4.801754999789409,latency-0334d6c3efe6.csv
1,0334d6c3efe6,2025-10-15T11:55:27.198434,grail,since,10,True,a1e396557c78,5.644185999699403,latency-0334d6c3efe6.csv
1,0334d6c3efe6,2025-10-15T11:55:27.310619,grail,the,1600,True,c6aff4c179ab,6.443915000090783,latency-0334d6c3efe6.csv
1,0334d6c3efe6,2025-10-15T11:55:27.425598,shrek3,its,1,True,6ec6587f6660,5.204943000535423,latency-0334d6c3efe6.csv
1,0334d6c3efe6,2025-10-15T11:55:27.537782,grail,19Prince,0,True,6ec6587f6660,7.059035000565928,latency-0334d6c3efe6.csv
1,0334d6c3efe6,2025-10-15T11:55:27.650417,shrek3,SHREK,678,True,c6aff4c179ab,10.156874999665888,latency-0334d6c3efe6.csv
1,0334d6c3efe6,2025-10-15T11:55:27.768732,shrek3,reason,2,False,6ec6587f6660,23.21368899993104,latency-0334d6c3efe6.csv
1,0334d6c3efe6,2025-10-15T11:55:27.899792,grail,Get,47,True,c6aff4c179ab,5.468284000016865,latency-0334d6c3efe6.csv
1,0334d6c3efe6,2025-10-15T11:55:28.010962,shrek3,They,80,True,6ec6587f6660,5.903279000449402,latency-0334d6c3efe6.csv
1,0334d6c3efe6,2025-10-15T11:55:28.123801,grail,Cleveland,3,True,a1e396557c78,11.897080999915488,latency-0334d6c3efe6.csv
1,0334d6c3efe6,2025-10-15T11:55:28.246620,shrek,swamp,18,True,6ec6587f6660,5.791001000034157,latency-0334d6c3efe6.csv
1,0334d6c3efe6,2025-10-15T11:55:28.358782,grail,the,1600,True,a1e396557c78,4.696614999375015,latency-0334d6c3efe6.csv
1,0334d6c3efe6,2025-10-15T11:55:28.469264,shrek3,with,112,True,c6aff4c179ab,7.020449999799894,latency-0334d6c3efe6.csv
1,0334d6c3efe6,2025-10-15T11:55:28.582621,shrek3,Im,1,True,a1e396557c78,14.315053999780504,latency-0334d6c3efe6.csv
2,0334d6c3efe6,2025-10-15T11:55:28.709932,shrek3,with,112,True,a1e396557c78,7.809574000020802,latency-0334d6c3efe6.csv
2,0334d6c3efe6,2025-10-15T11:55:28.830515,grail,seek,12,True,a1e396557c78,85.98568199977308,latency-0334d6c3efe6.csv
2,0334d6c3efe6,2025-10-15T11:55:29.047299,grail,Aaaaugh,9,True,a1e396557c78,36.94369100048789,latency-0334d6c3efe6.csv
2,0334d6c3efe6,2025-10-15T11:55:29.217476,grail,grabbing,5,True,c6aff4c179ab,12.012354000034977,latency-0334d6c3efe6.csv
2,0334d6c3efe6,2025-10-15T11:55:29.357554,grail,for,118,True,6ec6587f6660,7.076162999510416,latency-0334d6c3efe6.csv
2,0334d6c3efe6,2025-10-15T11:55:29.473528,shrek3,PUSS,196,True,6ec6587f6660,7.006222999734746,latency-0334d6c3efe6.csv
2,0334d6c3efe6,2025-10-15T11:55:29.588961,shrek,tale,7,True,c6aff4c179ab,4.993072000615939,latency-0334d6c3efe6.csv
2,0334d6c3efe6,2025-10-15T11:55:29.700383,grail,since,10,True,6ec6587f6660,8.734756000194466,latency-0334d6c3efe6.csv
2,0334d6c3efe6,2025-10-15T11:55:29.815270,grail,the,1600,True,c6aff4c179ab,6.451193999964744,latency-0334d6c3efe6.csv
2,0334d6c3efe6,2025-10-15T11:55:29.928214,shrek3,its,1,True,c6aff4c179ab,12.173967999842716,latency-0334d6c3efe6.csv
2,0334d6c3efe6,2025-10-15T11:55:30.050066,grail,19Prince,0,True,c6aff4c179ab,12.286141000004136,latency-0334d6c3efe6.csv
2,0334d6c3efe6,2025-10-15T11:55:30.178645,shrek3,SHREK,678,True,a1e396557c78,17.423362999579695,latency-0334d6c3efe6.csv
2,0334d6c3efe6,2025-10-15T11:55:30.306327,shrek3,reason,2,True,c6aff4c179ab,20.378859999254928,latency-0334d6c3efe6.csv
2,0334d6c3efe6,2025-10-15T11:55:30.451207,grail,Get,47,True,c6aff4c179ab,18.340766000619624,latency-0334d6c3efe6.csv
2,0334d6c3efe6,2025-10-15T11:55:30.581758,shrek3,They,80,True,c6aff4c179ab,29.378902000644302,latency-0334d6c3efe6.csv
2,0334d6c3efe6,2025-10-15T11:55:30.728887,grail,Cleveland,3,True,6ec6587f6660,25.71242300018639,latency-0334d6c3efe6.csv
2,0334d6c3efe6,2025-10-15T11:55:30.868624,shrek,swamp,18,True,c6aff4c179ab,4.900762000033865,latency-0334d6c3efe6.csv
2,0334d6c3efe6,2025-10-15T11:55:30.978343,grail,the,1600,True,c6aff4c179ab,4.805241999747523,latency-0334d6c3efe6.csv
2,0334d6c3efe6,2025-10-15T11:55:31.088657,shrek3,with,112,True,6ec6587f6660,6.123486999968009,latency-0334d6c3efe6.csv
2,0334d6c3efe6,2025-10-15T11:55:31.200618,shrek3,Im,1,True,a1e396557c78,10.062701000606468,latency-0334d6c3efe6.csv
1,038bd5b0d81b,2025-10-15T11:55:51.641832,grail,Butts,2,True,6ec6587f6660,12.705853999250394,latency-038bd5b0d81b.csv
1,038bd5b0d81b,2025-10-15T11:55:51.774351,shrek3,Third,121,True,a1e396557c78,7.426342999679036,latency-038bd5b0d81b.csv
1,038bd5b0d81b,2025-10-15T11:55:51.890062,grail,Ecky-Ecky-Ecky,1,True,a1e396557c78,7.264728999871295,latency-038bd5b0d81b.csv
1,038bd5b0d81b,2025-10-15T11:55:52.004359,grail,the,1600,True,6ec6587f6660,7.423121999636351,latency-038bd5b0d81b.csv
1,038bd5b0d81b,2025-10-15T11:55:52.118588,shrek3,and,576,True,a1e396557c78,16.07756200064614,latency-038bd5b0d81b.csv
1,038bd5b0d81b,2025-10-15T11:55:52.243888,shrek3,WHITE,45,True,a1e396557c78,7.997281999450934,latency-038bd5b0d81b.csv
1,038bd5b0d81b,2025-10-15T11:55:52.359773,grail,from,94,True,6ec6587f6660,8.560398000554414,latency-038bd5b0d81b.csv
1,038bd5b0d81b,2025-10-15T11:55:52.476540,grail,CALLS,3,True,a1e396557c78,7.093311000062386,latency-038bd5b0d81b.csv
1,038bd5b0d81b,2025-10-15T11:55:52.591682,shrek,not,50,True,c6aff4c179ab,5.843347000336507,latency-038bd5b0d81b.csv
1,038bd5b0d81b,2025-10-15T11:55:52.703578,shrek3,ARTIE,213,True,c6aff4c179ab,7.37891600056173,latency-038bd5b0d81b.csv
1,038bd5b0d81b,2025-10-15T11:55:52.819783,shrek3,Hold,8,True,6ec6587f6660,6.088574000386871,latency-038bd5b0d81b.csv
1,038bd5b0d81b,2025-10-15T11:55:52.932188,shrek,trip,1,True,6ec6587f6660,7.8328439994947985,latency-038bd5b0d81b.csv
1,038bd5b0d81b,2025-10-15T11:55:53.046470,shrek,"Well,",0,True,a1e396557c78,9.015842999360755,latency-038bd5b0d81b.csv
1,038bd5b0d81b,2025-10-15T11:55:53.162518,shrek3,WOLF,7,True,6ec6587f6660,7.657027000277594,latency-038bd5b0d81b.csv
1,038bd5b0d81b,2025-10-15T11:55:53.276917,grail,LANCELOT,59,True,a1e396557c78,9.104325999942375,latency-038bd5b0d81b.csv
1,038bd5b0d81b,2025-10-15T11:55:53.392596,grail,Cleveland,3,True,a1e396557c78,9.65429200005019,latency-038bd5b0d81b.csv
1,038bd5b0d81b,2025-10-15T11:55:53.510413,grail,THREE-HEADED,8,True,6ec6587f6660,9.092833000067913,latency-038bd5b0d81b.csv
1,038bd5b0d81b,2025-10-15T11:55:53.626962,shrek,I,386,True,c6aff4c179ab,6.034564000401588,latency-038bd5b0d81b.csv
1,038bd5b0d81b,2025-10-15T11:55:53.739247,grail,Launcelot,107,True,6ec6587f6660,7.316074999835109,latency-038bd5b0d81b.csv
1,038bd5b0d81b,2025-10-15T11:55:53.853639,shrek,Blah,1,True,c6aff4c179ab,8.000589999937802,latency-038bd5b0d81b.csv
2,038bd5b0d81b,2025-10-15T11:55:53.968850,grail,Butts,2,True,a1e396557c78,11.091416999988724,latency-038bd5b0d81b.csv
2,038bd5b0d81b,2025-10-15T11:55:54.087548,shrek3,Third,121,True,6ec6587f6660,6.382753999787383,latency-038bd5b0d81b.csv
2,038bd5b0d81b,2025-10-15T11:55:54.199519,grail,Ecky-Ecky-Ecky,1,True,a1e396557c78,7.282669000233,latency-038bd5b0d81b.csv
2,038bd5b0d81b,2025-10-15T11:55:54.313056,grail,the,1600,True,c6aff4c179ab,4.9941910001507495,latency-038bd5b0d81b.csv
2,038bd5b0d81b,2025-10-15T11:55:54.423192,shrek3,and,576,True,c6aff4c179ab,6.623268000112148,latency-038bd5b0d81b.csv
2,038bd5b0d81b,2025-10-15T11:55:54.537989,shrek3,WHITE,45,True,a1e396557c78,7.279907000338426,latency-038bd5b0d81b.csv
2,038bd5b0d81b,2025-10-15T11:55:54.651944,grail,from,94,True,c6aff4c179ab,10.909061999882397,latency-038bd5b0d81b.csv
2,038bd5b0d81b,2025-10-15T11:55:54.772087,grail,CALLS,3,True,6ec6587f6660,4.795019999619399,latency-038bd5b0d81b.csv
2,038bd5b0d81b,2025-10-15T11:55:54.882438,shrek,not,50,True,6ec6587f6660,5.515728999853309,latency-038bd5b0d81b.csv
2,038bd5b0d81b,2025-10-15T11:55:54.994191,shrek3,ARTIE,213,True,6ec6587f6660,10.551696000220543,latency-038bd5b0d81b.csv
2,038bd5b0d81b,2025-10-15T11:55:55.111969,shrek3,Hold,8,True,a1e396557c78,8.349020999958157,latency-038bd5b0d81b.csv
2,038bd5b0d81b,2025-10-15T11:55:55.227081,shrek,trip,1,True,6ec6587f6660,13.15763699949457,latency-038bd5b0d81b.csv
2,038bd5b0d81b,2025-10-15T11:55:55.353694,shrek,"Well,",0,True,6ec6587f6660,9.204564000356186,latency-038bd5b0d81b.csv
2,038bd5b0d81b,2025-10-15T11:55:55.478719,shrek3,WOLF,7,True,c6aff4c179ab,15.345813999374514,latency-038bd5b0d81b.csv
2,038bd5b0d81b,2025-10-15T11:55:55.607136,grail,LANCELOT,59,True,c6aff4c179ab,9.831919000134803,latency-038bd5b0d81b.csv
2,038bd5b0d81b,2025-10-15T11:55:55.725566,grail,Cleveland,3,True,6ec6587f6660,9.963094000340789,latency-038bd5b0d81b.csv
2,038bd5b0d81b,2025-10-15T11:55:55.848486,grail,THREE-HEADED,8,True,a1e396557c78,12.35734700003377,latency-038bd5b0d81b.csv
2,038bd5b0d81b,2025-10-15T11:55:55.969016,shrek,I,386,True,6ec6587f6660,9.694340999885751,latency-038bd5b0d81b.csv
2,038bd5b0d81b,2025-10-15T11:55:56.094724,grail,Launcelot,107,True,6ec6587f6660,7.058428000163985,latency-038bd5b0d81b.csv
2,038bd5b0d81b,2025-10-15T11:55:56.210721,shrek,Blah,1,True,a1e396557c78,7.846127999982855,latency-038bd5b0d81b.csv
1,048885c2e9b5,2025-10-15T11:56:05.047442,grail,rows,1,True,c6aff4c179ab,5.87535900012881,latency-048885c2e9b5.csv
1,048885c2e9b5,2025-10-15T11:56:05.166238,shrek,But,73,True,a1e396557c78,8.774752999670454,latency-048885c2e9b5.csv
1,048885c2e9b5,2025-10-15T11:56:05.284119,grail,Aaaaugh,9,True,6ec6587f6660,4.379261000394763,latency-048885c2e9b5.csv
1,048885c2e9b5,2025-10-15T11:56:05.394410,shrek,What,104,True,c6aff4c179ab,7.101471000169113,latency-048885c2e9b5.csv
1,048885c2e9b5,2025-10-15T11:56:05.508540,shrek3,Arg,1,True,c6aff4c179ab,4.582505999678688,latency-048885c2e9b5.csv
1,048885c2e9b5,2025-10-15T11:56:05.617915,shrek3,Cinderella,21,True,a1e396557c78,6.038320999323332,latency-048885c2e9b5.csv
1,048885c2e9b5,2025-10-15T11:56:05.729464,shrek,INSIDE,16,True,6ec6587f6660,6.47870100056025,latency-048885c2e9b5.csv
1,048885c2e9b5,2025-10-15T11:56:05.840791,shrek,I,386,True,6ec6587f6660,6.15421000020433,latency-048885c2e9b5.csv
1,048885c2e9b5,2025-10-15T11:56:05.953012,grail,elected,2,True,6ec6587f6660,4.123318999518233,latency-048885c2e9b5.csv
1,048885c2e9b5,2025-10-15T11:56:06.061905,shrek,FIONA,211,True,6ec6587f6660,4.757245000291732,latency-048885c2e9b5.csv
1,048885c2e9b5,2025-10-15T11:56:06.171737,shrek3,SHREK,678,True,6ec6587f6660,5.805793000035919,latency-048885c2e9b5.csv
1,048885c2e9b5,2025-10-15T11:56:06.283267,grail,a,666,True,a1e396557c78,7.623937000062142,latency-048885c2e9b5.csv
1,048885c2e9b5,2025-10-15T11:56:06.397838,grail,-,259,True,c6aff4c179ab,7.161468000049354,latency-048885c2e9b5.csv
1,048885c2e9b5,2025-10-15T11:56:06.527393,shrek3,an,51,True,6ec6587f6660,4.626435999853129,latency-048885c2e9b5.csv
1,048885c2e9b5,2025-10-15T11:56:06.636636,grail,for,118,True,a1e396557c78,4.623185999662383,latency-048885c2e9b5.csv
1,048885c2e9b5,2025-10-15T11:56:06.749370,shrek,to,268,True,6ec6587f6660,37.367922000157705,latency-048885c2e9b5.csv
1,048885c2e9b5,2025-10-15T11:56:06.898281,shrek,the,535,True,c6aff4c179ab,5.1369940001677605,latency-048885c2e9b5.csv
1,048885c2e9b5,2025-10-15T11:56:07.009773,shrek,Aah,6,True,a1e396557c78,5.424793000202044,latency-048885c2e9b5.csv
1,048885c2e9b5,2025-10-15T11:56:07.120776,grail,king,136,True,6ec6587f6660,5.353852000553161,latency-048885c2e9b5.csv
1,048885c2e9b5,2025-10-15T11:56:07.231619,grail,of,684,True,c6aff4c179ab,5.226042999311176,latency-048885c2e9b5.csv
2,048885c2e9b5,2025-10-15T11:56:07.342413,grail,rows,1,True,c6aff4c179ab,5.252164000012272,latency-048885c2e9b5.csv
2,048885c2e9b5,2025-10-15T11:56:07.452517,shrek,But,73,True,c6aff4c179ab,4.582487000334368,latency-048885c2e9b5.csv
2,048885c2e9b5,2025-10-15T11:56:07.562814,grail,Aaaaugh,9,True,c6aff4c179ab,9.344848000182536,latency-048885c2e9b5.csv
2,048885c2e9b5,2025-10-15T11:56:07.677486,shrek,What,104,True,c6aff4c179ab,4.606368000168004,latency-048885c2e9b5.csv
2,048885c2e9b5,2025-10-15T11:56:07.786782,shrek3,Arg,1,True,6ec6587f6660,5.483248000018648,latency-048885c2e9b5.csv
2,048885c2e9b5,2025-10-15T11:56:07.896767,shrek3,Cinderella,21,True,a1e396557c78,5.539814000258048,latency-048885c2e9b5.csv
2,048885c2e9b5,2025-10-15T11:56:08.007983,shrek,INSIDE,16,True,c6aff4c179ab,4.424103999554063,latency-048885c2e9b5.csv
2,048885c2e9b5,2025-10-15T11:56:08.117058,shrek,I,386,True,6ec6587f6660,4.366305999610631,latency-048885c2e9b5.csv
2,048885c2e9b5,2025-10-15T11:56:08.226374,grail,elected,2,True,c6aff4c179ab,6.54848599970137,latency-048885c2e9b5.csv
2,048885c2e9b5,2025-10-15T11:56:08.338789,shrek,FIONA,211,True,a1e396557c78,4.722353000033763,latency-048885c2e9b5.csv
2,048885c2e9b5,2025-10-15T11:56:08.448475,shrek3,SHREK,678,True,6ec6587f6660,4.357062000053702,latency-048885c2e9b5.csv
2,048885c2e9b5,2025-10-15T11:56:08.558463,grail,a,666,True,c6aff4c179ab,5.276412000057462,latency-048885c2e9b5.csv
2,048885c2e9b5,2025-10-15T11:56:08.669883,grail,-,259,True,c6aff4c179ab,5.6563609996374,latency-048885c2e9b5.csv
2,048885c2e9b5,2025-10-15T11:56:08.780855,shrek3,an,51,True,c6aff4c179ab,7.480577999558591,latency-048885c2e9b5.csv
2,048885c2e9b5,2025-10-15T11:56:08.895351,grail,for,118,True,c6aff4c179ab,4.13900100011233,latency-048885c2e9b5.csv
2,048885c2e9b5,2025-10-15T11:56:09.004668,shrek,to,268,True,c6aff4c179ab,4.797780000444618,latency-048885c2e9b5.csv
2,048885c2e9b5,2025-10-15T11:56:09.114504,shrek,the,535,True,c6aff4c179ab,4.251131999808422,latency-048885c2e9b5.csv
2,048885c2e9b5,2025-10-15T11:56:09.224109,shrek,Aah,6,True,6ec6587f6660,5.686057999810146,latency-048885c2e9b5.csv
2,048885c2e9b5,2025-10-15T11:56:09.334813,grail,king,136,True,a1e396557c78,4.618756999661855,latency-048885c2e9b5.csv
2,048885c2e9b5,2025-10-15T11:56:09.443989,grail,of,684,True,c6aff4c179ab,4.246783999406034,latency-048885c2e9b5.csv
1,05cef6e4cc79,2025-10-15T11:55:59.061303,shrek,old,10,True,a1e396557c78,6.17987500027084,latency-05cef6e4cc79.csv
1,05cef6e4cc79,2025-10-15T11:55:59.174598,shrek,SHREK,433,True,a1e396557c78,5.229274000157602,latency-05cef6e4cc79.csv
1,05cef6e4cc79,2025-10-15T11:55:59.285861,shrek,true,20,True,a1e396557c78,8.506576999934623,latency-05cef6e4cc79.csv
1,05cef6e4cc79,2025-10-15T11:55:59.400652,shrek3,flaming,2,True,c6aff4c179ab,12.143030000515864,latency-05cef6e4cc79.csv
1,05cef6e4cc79,2025-10-15T11:55:59.525171,grail,19Prince,0,True,a1e396557c78,16.555148999941594,latency-05cef6e4cc79.csv
1,05cef6e4cc79,2025-10-15T11:55:59.655433,shrek,trip,1,True,c6aff4c179ab,24.96572899963212,latency-05cef6e4cc79.csv
1,05cef6e4cc79,2025-10-15T11:55:59.821777,shrek,help,5,True,c6aff4c179ab,9.49752799988346,latency-05cef6e4cc79.csv
1,05cef6e4cc79,2025-10-15T11:55:59.945460,grail,king,136,True,c6aff4c179ab,4.840406999392144,latency-05cef6e4cc79.csv
1,05cef6e4cc79,2025-10-15T11:56:00.056186,shrek3,boomerang,1,True,c6aff4c179ab,7.407606000015221,latency-05cef6e4cc79.csv
1,05cef6e4cc79,2025-10-15T11:56:00.171690,shrek3,toward,14,True,c6aff4c179ab,5.751622999923711,latency-05cef6e4cc79.csv
1,05cef6e4cc79,2025-10-15T11:56:00.283583,grail,Guard,106,True,c6aff4c179ab,20.46952499949839,latency-05cef6e4cc79.csv
1,05cef6e4cc79,2025-10-15T11:56:00.416172,grail,them,41,True,c6aff4c179ab,8.815151999442605,latency-05cef6e4cc79.csv
1,05cef6e4cc79,2025-10-15T11:56:00.531244,shrek,And,318,True,c6aff4c179ab,10.829931999978726,latency-05cef6e4cc79.csv
1,05cef6e4cc79,2025-10-15T11:56:00.649895,grail,with/,0,True,c6aff4c179ab,8.317298999827472,latency-05cef6e4cc79.csv
1,05cef6e4cc79,2025-10-15T11:56:00.768755,shrek,at,62,True,a1e396557c78,9.835966000537155,latency-05cef6e4cc79.csv
1,05cef6e4cc79,2025-10-15T11:56:00.884783,shrek,FIONA,211,True,a1e396557c78,8.516660999703163,latency-05cef6e4cc79.csv
1,05cef6e4cc79,2025-10-15T11:56:01.000394,shrek3,flaming,2,True,a1e396557c78,7.178861999818764,latency-05cef6e4cc79.csv
1,05cef6e4cc79,2025-10-15T11:56:01.118310,grail,THREE-HEADED,8,True,6ec6587f6660,15.120245999241888,latency-05cef6e4cc79.csv
1,05cef6e4cc79,2025-10-15T11:56:01.241321,shrek,Aah,6,True,c6aff4c179ab,8.169015999555995,latency-05cef6e4cc79.csv
1,05cef6e4cc79,2025-10-15T11:56:01.357173,shrek,DONKEY,320,True,c6aff4c179ab,8.415991000219947,latency-05cef6e4cc79.csv
2,05cef6e4cc79,2025-10-15T11:56:01.472961,shrek,old,10,True,c6aff4c179ab,4.634165999959805,latency-05cef6e4cc79.csv
2,05cef6e4cc79,2025-10-15T11:56:01.586919,shrek,SHREK,433,True,a1e396557c78,12.987029000214534,latency-05cef6e4cc79.csv
2,05cef6e4cc79,2025-10-15T11:56:01.714673,shrek,true,20,True,6ec6587f6660,7.621877000019595,latency-05cef6e4cc79.csv
2,05cef6e4cc79,2025-10-15T11:56:01.832665,shrek3,flaming,2,True,c6aff4c179ab,8.005904000128794,latency-05cef6e4cc79.csv
2,05cef6e4cc79,2025-10-15T11:56:01.949055,grail,19Prince,0,True,c6aff4c179ab,7.545784999820171,latency-05cef6e4cc79.csv
2,05cef6e4cc79,2025-10-15T11:56:02.065154,shrek,trip,1,True,6ec6587f6660,5.185799000173574,latency-05cef6e4cc79.csv
2,05cef6e4cc79,2025-10-15T11:56:02.186731,shrek,help,5,True,c6aff4c179ab,6.627169999774196,latency-05cef6e4cc79.csv
2,05cef6e4cc79,2025-10-15T11:56:02.300212,grail,king,136,True,c6aff4c179ab,9.563972000250942,latency-05cef6e4cc79.csv
2,05cef6e4cc79,2025-10-15T11:56:02.416974,shrek3,boomerang,1,True,a1e396557c78,5.473401999552152,latency-05cef6e4cc79.csv
2,05cef6e4cc79,2025-10-15T11:56:02.528139,shrek3,toward,14,True,c6aff4c179ab,4.875956999967457,latency-05cef6e4cc79.csv
2,05cef6e4cc79,2025-10-15T11:56:02.638167,grail,Guard,106,True,a1e396557c78,5.515318000107072,latency-05cef6e4cc79.csv
2,05cef6e4cc79,2025-10-15T11:56:02.749781,grail,them,41,True,6ec6587f6660,7.267539999702421,latency-05cef6e4cc79.csv
2,05cef6e4cc79,2025-10-15T11:56:02.863865,shrek,And,318,True,6ec6587f6660,6.3507920003758045,latency-05cef6e4cc79.csv
2,05cef6e4cc79,2025-10-15T11:56:02.975739,grail,with/,0,True,6ec6587f6660,5.49774399951275,latency-05cef6e4cc79.csv
2,05cef6e4cc79,2025-10-15T11:56:03.086016,shrek,at,62,True,c6aff4c179ab,4.803055000593304,latency-05cef6e4cc79.csv
2,05cef6e4cc79,2025-10-15T11:56:03.196815,shrek,FIONA,211,True,a1e396557c78,8.077147999756562,latency-05cef6e4cc79.csv
2,05cef6e4cc79,2025-10-15T11:56:03.314244,shrek3,flaming,2,True,a1e396557c78,6.064612000045599,latency-05cef6e4cc79.csv
2,05cef6e4cc79,2025-10-15T11:56:03.427590,grail,THREE-HEADED,8,True,a1e396557c78,7.104737000190653,latency-05cef6e4cc79.csv
2,05cef6e4cc79,2025-10-15T11:56:03.540606,shrek,Aah,6,True,6ec6587f6660,9.746280999934244,latency-05cef6e4cc79.csv
2,05cef6e4cc79,2025-10-15T11:56:03.659420,shrek,DONKEY,320,True,c6aff4c179ab,5.425239000032889,latency-05cef6e4cc79.csv
1,05d3c659a3d7,2025-10-15T11:56:03.005326,grail,Rostmm,1,True,c6aff4c179ab,8.563833000152954,latency-05d3c659a3d7.csv
1,05d3c659a3d7,2025-10-15T11:56:03.122140,grail,Aaaaugh,9,True,a1e396557c78,9.27992400011135,latency-05d3c659a3d7.csv
1,05d3c659a3d7,2025-10-15T11:56:03.247346,shrek,SHREK,433,True,6ec6587f6660,10.84555800025555,latency-05d3c659a3d7.csv
1,05d3c659a3d7,2025-10-15T11:56:03.370301,shrek3,them,44,True,6ec6587f6660,7.583096999951522,latency-05d3c659a3d7.csv
1,05d3c659a3d7,2025-10-15T11:56:03.485598,shrek3,an,51,True,c6aff4c179ab,5.751779000092938,latency-05d3c659a3d7.csv
1,05d3c659a3d7,2025-10-15T11:56:03.598144,shrek3,at,134,True,a1e396557c78,5.800292999992962,latency-05d3c659a3d7.csv
1,05d3c659a3d7,2025-10-15T11:56:03.710002,shrek3,CAPTAIN,41,True,6ec6587f6660,14.135334999991755,latency-05d3c659a3d7.csv
1,05d3c659a3d7,2025-10-15T11:56:03.838206,shrek3,him,87,True,6ec6587f6660,7.792665000124543,latency-05d3c659a3d7.csv
1,05d3c659a3d7,2025-10-15T11:56:03.953298,shrek,gone,3,True,6ec6587f6660,7.912917999419733,latency-05d3c659a3d7.csv
1,05d3c659a3d7,2025-10-15T11:56:04.068593,shrek,edge,2,True,c6aff4c179ab,7.789799000420317,latency-05d3c659a3d7.csv
1,05d3c659a3d7,2025-10-15T11:56:04.184531,grail,lost,6,True,a1e396557c78,7.393199000034656,latency-05d3c659a3d7.csv
1,05d3c659a3d7,2025-10-15T11:56:04.298473,grail,GALAHAD,87,True,c6aff4c179ab,8.031219000258716,latency-05d3c659a3d7.csv
1,05d3c659a3d7,2025-10-15T11:56:04.414507,grail,singing,33,True,c6aff4c179ab,6.699921000290487,latency-05d3c659a3d7.csv
1,05d3c659a3d7,2025-10-15T11:56:04.530508,shrek,FIONA,211,True,6ec6587f6660,44.72525100027269,latency-05d3c659a3d7.csv
1,05d3c659a3d7,2025-10-15T11:56:04.682434,shrek3,dat,1,True,a1e396557c78,13.47864500075957,latency-05d3c659a3d7.csv
1,05d3c659a3d7,2025-10-15T11:56:04.810408,grail,"Oh,",2,True,6ec6587f6660,11.977567000030833,latency-05d3c659a3d7.csv
1,05d3c659a3d7,2025-10-15T11:56:04.939371,shrek,And,318,True,6ec6587f6660,7.872549000239815,latency-05d3c659a3d7.csv
1,05d3c659a3d7,2025-10-15T11:56:05.054842,shrek,tell,25,True,a1e396557c78,12.90238500041596,latency-05d3c659a3d7.csv
1,05d3c659a3d7,2025-10-15T11:56:05.185307,shrek3,Whoa,7,True,6ec6587f6660,9.08932000038476,latency-05d3c659a3d7.csv
1,05d3c659a3d7,2025-10-15T11:56:05.301410,shrek3,MERLIN,73,True,c6aff4c179ab,8.167277999746148,latency-05d3c659a3d7.csv
2,05d3c659a3d7,2025-10-15T11:56:05.419535,grail,Rostmm,1,True,c6aff4c179ab,9.829472999626889,latency-05d3c659a3d7.csv
2,05d3c659a3d7,2025-10-15T11:56:05.539464,grail,Aaaaugh,9,True,c6aff4c179ab,11.050461000195355,latency-05d3c659a3d7.csv
2,05d3c659a3d7,2025-10-15T11:56:05.660161,shrek,SHREK,433,True,a1e396557c78,5.420043999947666,latency-05d3c659a3d7.csv
2,05d3c659a3d7,2025-10-15T11:56:05.770719,shrek3,them,44,True,6ec6587f6660,5.2905809998264886,latency-05d3c659a3d7.csv
2,05d3c659a3d7,2025-10-15T11:56:05.881841,shrek3,an,51,True,6ec6587f6660,5.630372000268835,latency-05d3c659a3d7.csv
2,05d3c659a3d7,2025-10-15T11:56:05.993110,shrek3,at,134,True,6ec6587f6660,6.978307000281347,latency-05d3c659a3d7.csv
2,05d3c659a3d7,2025-10-15T11:56:06.106541,shrek3,CAPTAIN,41,True,6ec6587f6660,5.929513999944902,latency-05d3c659a3d7.csv
2,05d3c659a3d7,2025-10-15T11:56:06.217553,shrek3,him,87,True,a1e396557c78,4.97667099989485,latency-05d3c659a3d7.csv
2,05d3c659a3d7,2025-10-15T11:56:06.327953,shrek,gone,3,True,c6aff4c179ab,6.175435999466572,latency-05d3c659a3d7.csv
2,05d3c659a3d7,2025-10-15T11:56:06.440784,shrek,edge,2,True,6ec6587f6660,7.4143789997833665,latency-05d3c659a3d7.csv
2,05d3c659a3d7,2025-10-15T11:56:06.555514,grail,lost,6,True,a1e396557c78,4.716426000413776,latency-05d3c659a3d7.csv
2,05d3c659a3d7,2025-10-15T11:56:06.664718,grail,GALAHAD,87,True,6ec6587f6660,5.002642000363267,latency-05d3c659a3d7.csv
2,05d3c659a3d7,2025-10-15T11:56:06.776101,grail,singing,33,True,c6aff4c179ab,18.636449000041463,latency-05d3c659a3d7.csv
2,05d3c659a3d7,2025-10-15T11:56:06.901065,shrek,FIONA,211,True,6ec6587f6660,5.018608999307617,latency-05d3c659a3d7.csv
2,05d3c659a3d7,2025-10-15T11:56:07.012720,shrek3,dat,1,True,c6aff4c179ab,4.594839999299438,latency-05d3c659a3d7.csv
2,05d3c659a3d7,2025-10-15T11:56:07.122873,grail,"Oh,",2,True,a1e396557c78,4.933513999276329,latency-05d3c659a3d7.csv
2,05d3c659a3d7,2025-10-15T11:56:07.233382,shrek,And,318,True,a1e396557c78,4.598674000590108,latency-05d3c659a3d7.csv
2,05d3c659a3d7,2025-10-15T11:56:07.343379,shrek,tell,25,True,a1e396557c78,5.221860999881756,latency-05d3c659a3d7.csv
2,05d3c659a3d7,2025-10-15T11:56:07.453101,shrek3,Whoa,7,True,a1e396557c78,4.36963799984369,latency-05d3c659a3d7.csv
2,05d3c659a3d7,2025-10-15T11:56:07.562918,shrek3,MERLIN,73,True,a1e396557c78,9.257138000066334,latency-05d3c659a3d7.csv
1,14abad7fd99b,2025-10-15T11:55:40.385141,shrek3,toward,14,True,a1e396557c78,10.783161999825095,latency-14abad7fd99b.csv
1,14abad7fd99b,2025-10-15T11:55:40.511300,shrek,What,104,True,6ec6587f6660,12.714997000330186,latency-14abad7fd99b.csv
1,14abad7fd99b,2025-10-15T11:55:40.635139,shrek,I,386,True,6ec6587f6660,25.14160600003379,latency-14abad7fd99b.csv
1,14abad7fd99b,2025-10-15T11:55:40.800822,shrek3,CAPTAIN,41,True,6ec6587f6660,33.538164999299624,latency-14abad7fd99b.csv
1,14abad7fd99b,2025-10-15T11:55:40.954023,shrek,its,1,True,c6aff4c179ab,17.42781200027821,latency-14abad7fd99b.csv
1,14abad7fd99b,2025-10-15T11:55:41.080302,shrek3,Be,71,True,c6aff4c179ab,19.41306099979556,latency-14abad7fd99b.csv
1,14abad7fd99b,2025-10-15T11:55:41.218436,grail,rows,1,True,6ec6587f6660,8.576453999921796,latency-14abad7fd99b.csv
1,14abad7fd99b,2025-10-15T11:55:41.333779,grail,dancing,10,True,a1e396557c78,6.123699000454508,latency-14abad7fd99b.csv
1,14abad7fd99b,2025-10-15T11:55:41.445821,shrek,minute,3,True,c6aff4c179ab,5.551956000090286,latency-14abad7fd99b.csv
1,14abad7fd99b,2025-10-15T11:55:41.556832,shrek3,2,8,True,6ec6587f6660,6.8554249992303085,latency-14abad7fd99b.csv
1,14abad7fd99b,2025-10-15T11:55:41.668887,shrek,will,16,True,c6aff4c179ab,10.325548000764684,latency-14abad7fd99b.csv
1,14abad7fd99b,2025-10-15T11:55:41.788380,shrek,tell,25,True,a1e396557c78,5.890625000574801,latency-14abad7fd99b.csv
1,14abad7fd99b,2025-10-15T11:55:41.902704,grail,witch,30,True,6ec6587f6660,5.970514999717125,latency-14abad7fd99b.csv
1,14abad7fd99b,2025-10-15T11:55:42.016652,grail,them,41,True,c6aff4c179ab,4.635147999579203,latency-14abad7fd99b.csv
1,14abad7fd99b,2025-10-15T11:55:42.126603,shrek,MAN,38,True,6ec6587f6660,4.765093000060006,latency-14abad7fd99b.csv
1,14abad7fd99b,2025-10-15T11:55:42.236470,shrek3,body),0,True,a1e396557c78,18.843484000171884,latency-14abad7fd99b.csv
1,14abad7fd99b,2025-10-15T11:55:42.372921,shrek,lay,2,True,6ec6587f6660,10.356558000239602,latency-14abad7fd99b.csv
1,14abad7fd99b,2025-10-15T11:55:42.495004,shrek3,the,1285,True,a1e396557c78,21.38752600058069,latency-14abad7fd99b.csv
1,14abad7fd99b,2025-10-15T11:55:42.633599,shrek,you,409,True,a1e396557c78,9.24969800053077,latency-14abad7fd99b.csv
1,14abad7fd99b,2025-10-15T11:55:42.753285,grail,door,14,False,c6aff4c179ab,17.180101999656472,latency-14abad7fd99b.csv
2,14abad7fd99b,2025-10-15T11:55:42.882560,shrek3,toward,14,True,a1e396557c78,8.271712999885494,latency-14abad7fd99b.csv
2,14abad7fd99b,2025-10-15T11:55:43.001695,shrek,What,104,True,c6aff4c179ab,13.546118999329336,latency-14abad7fd99b.csv
2,14abad7fd99b,2025-10-15T11:55:43.132208,shrek,I,386,True,6ec6587f6660,8.664668000164966,latency-14abad7fd99b.csv
2,14abad7fd99b,2025-10-15T11:55:43.255201,shrek3,CAPTAIN,41,True,6ec6587f6660,12.27165199998126,latency-14abad7fd99b.csv
2,14abad7fd99b,2025-10-15T11:55:43.384172,shrek,its,1,True,6ec6587f6660,11.333747999742627,latency-14abad7fd99b.csv
2,14abad7fd99b,2025-10-15T11:55:43.506966,shrek3,Be,71,True,c6aff4c179ab,6.509110000479268,latency-14abad7fd99b.csv
2,14abad7fd99b,2025-10-15T11:55:43.626051,grail,rows,1,True,c6aff4c179ab,4.65507599983539,latency-14abad7fd99b.csv
2,14abad7fd99b,2025-10-15T11:55:43.741866,grail,dancing,10,True,c6aff4c179ab,7.574389999717823,latency-14abad7fd99b.csv
2,14abad7fd99b,2025-10-15T11:55:43.864195,shrek,minute,3,True,6ec6587f6660,5.611024000245379,latency-14abad7fd99b.csv
2,14abad7fd99b,2025-10-15T11:55:43.975306,shrek3,2,8,True,6ec6587f6660,7.647291000466794,latency-14abad7fd99b.csv
2,14abad7fd99b,2025-10-15T11:55:44.089685,shrek,will,16,True,a1e396557c78,4.921359000036318,latency-14abad7fd99b.csv
2,14abad7fd99b,2025-10-15T11:55:44.199670,shrek,tell,25,True,c6aff4c179ab,7.12364399987564,latency-14abad7fd99b.csv
2,14abad7fd99b,2025-10-15T11:55:44.315642,grail,witch,30,True,a1e396557c78,5.432044999906793,latency-14abad7fd99b.csv
2,14abad7fd99b,2025-10-15T11:55:44.428781,grail,them,41,True,6ec6587f6660,4.663157000322826,latency-14abad7fd99b.csv
2,14abad7fd99b,2025-10-15T11:55:44.539325,shrek,MAN,38,True,a1e396557c78,7.214730999294261,latency-14abad7fd99b.csv
2,14abad7fd99b,2025-10-15T11:55:44.655567,shrek3,body),0,True,c6aff4c179ab,7.272562999787624,latency-14abad7fd99b.csv
2,14abad7fd99b,2025-10-15T11:55:44.770395,shrek,lay,2,True,a1e396557c78,6.838029000391543,latency-14abad7fd99b.csv
2,14abad7fd99b,2025-10-15T11:55:44.885587,shrek3,the,1285,True,6ec6587f6660,5.053529999713646,latency-14abad7fd99b.csv
2,14abad7fd99b,2025-10-15T11:55:44.996049,shrek,you,409,True,a1e396557c78,5.408570000327018,latency-14abad7fd99b.csv
2,14abad7fd99b,2025-10-15T11:55:45.107101,grail,door,14,True,c6aff4c179ab,7.76529499944445,latency-14abad7fd99b.csv
1,14cfadb8b01c,2025-10-15T11:55:52.567474,shrek3,Third,121,True,a1e396557c78,4.755793000185804,latency-14cfadb8b01c.csv
1,14cfadb8b01c,2025-10-15T11:55:52.677887,shrek,SHREK,433,True,c6aff4c179ab,6.923791000190249,latency-14cfadb8b01c.csv
1,14cfadb8b01c,2025-10-15T11:55:52.791460,grail,Footnote,4,True,6ec6587f6660,5.990898999698402,latency-14cfadb8b01c.csv
1,14cfadb8b01c,2025-10-15T11:55:52.907257,shrek3,OGRE,39,True,6ec6587f6660,18.656074000318768,latency-14cfadb8b01c.csv
1,14cfadb8b01c,2025-10-15T11:55:53.032767,shrek3,the,1285,True,a1e396557c78,8.547231999727956,latency-14cfadb8b01c.csv
1,14cfadb8b01c,2025-10-15T11:55:53.152841,grail,Cleveland,3,True,c6aff4c179ab,6.972606000090309,latency-14cfadb8b01c.csv
1,14cfadb8b01c,2025-10-15T11:55:53.268281,grail,dancing,10,True,c6aff4c179ab,7.802805999745033,latency-14cfadb8b01c.csv
1,14cfadb8b01c,2025-10-15T11:55:53.386249,grail,toward,10,True,6ec6587f6660,7.453010000062932,latency-14cfadb8b01c.csv
1,14cfadb8b01c,2025-10-15T11:55:53.505402,shrek,don't,72,True,a1e396557c78,12.1173710003859,latency-14cfadb8b01c.csv
1,14cfadb8b01c,2025-10-15T11:55:53.625035,grail,sell,1,True,a1e396557c78,6.952201999411045,latency-14cfadb8b01c.csv
1,14cfadb8b01c,2025-10-15T11:55:53.738428,grail,is,317,True,a1e396557c78,8.380819000194606,latency-14cfadb8b01c.csv
1,14cfadb8b01c,2025-10-15T11:55:53.853729,grail,54,2,True,a1e396557c78,7.218417999865778,latency-14cfadb8b01c.csv
1,14cfadb8b01c,2025-10-15T11:55:53.967908,shrek3,cues,3,True,6ec6587f6660,13.369935000810074,latency-14cfadb8b01c.csv
1,14cfadb8b01c,2025-10-15T11:55:54.089659,grail,the,1600,True,c6aff4c179ab,5.579268000474258,latency-14cfadb8b01c.csv
1,14cfadb8b01c,2025-10-15T11:55:54.201019,grail,few,8,True,6ec6587f6660,6.986909000261221,latency-14cfadb8b01c.csv
1,14cfadb8b01c,2025-10-15T11:55:54.314232,shrek,FIONA,211,True,a1e396557c78,4.95019499976479,latency-14cfadb8b01c.csv
1,14cfadb8b01c,2025-10-15T11:55:54.424857,grail,dancing,10,True,a1e396557c78,6.171619000269857,latency-14cfadb8b01c.csv
1,14cfadb8b01c,2025-10-15T11:55:54.537989,grail,the,1600,True,c6aff4c179ab,7.210382999801368,latency-14cfadb8b01c.csv
1,14cfadb8b01c,2025-10-15T11:55:54.651514,grail,Christ,8,True,6ec6587f6660,10.624694999933126,latency-14cfadb8b01c.csv
1,14cfadb8b01c,2025-10-15T11:55:54.769720,shrek,afraid,8,True,a1e396557c78,5.601457000011578,latency-14cfadb8b01c.csv
2,14cfadb8b01c,2025-10-15T11:55:54.880756,shrek3,Third,121,True,a1e396557c78,6.27609300045151,latency-14cfadb8b01c.csv
2,14cfadb8b01c,2025-10-15T11:55:54.993324,shrek,SHREK,433,True,a1e396557c78,10.84963199991762,latency-14cfadb8b01c.csv
2,14cfadb8b01c,2025-10-15T11:55:55.111674,grail,Footnote,4,True,c6aff4c179ab,8.897151999917696,latency-14cfadb8b01c.csv
2,14cfadb8b01c,2025-10-15T11:55:55.227246,shrek3,OGRE,39,True,c6aff4c179ab,12.05156200012425,latency-14cfadb8b01c.csv
2,14cfadb8b01c,2025-10-15T11:55:55.348420,shrek3,the,1285,True,6ec6587f6660,13.045283999417734,latency-14cfadb8b01c.csv
2,14cfadb8b01c,2025-10-15T11:55:55.477881,grail,Cleveland,3,True,6ec6587f6660,15.33953099988139,latency-14cfadb8b01c.csv
2,14cfadb8b01c,2025-10-15T11:55:55.605708,grail,dancing,10,True,6ec6587f6660,9.539599999698112,latency-14cfadb8b01c.csv
2,14cfadb8b01c,2025-10-15T11:55:55.724076,grail,toward,10,True,c6aff4c179ab,10.564110999439436,latency-14cfadb8b01c.csv
2,14cfadb8b01c,2025-10-15T11:55:55.846285,shrek,don't,72,True,c6aff4c179ab,11.952898999879835,latency-14cfadb8b01c.csv
2,14cfadb8b01c,2025-10-15T11:55:55.968221,grail,sell,1,True,c6aff4c179ab,9.083168999495683,latency-14cfadb8b01c.csv
2,14cfadb8b01c,2025-10-15T11:55:56.103148,grail,is,317,True,c6aff4c179ab,8.242179000262695,latency-14cfadb8b01c.csv
2,14cfadb8b01c,2025-10-15T11:55:56.219069,grail,54,2,True,6ec6587f6660,8.606110999608063,latency-14cfadb8b01c.csv
2,14cfadb8b01c,2025-10-15T11:55:56.335350,shrek3,cues,3,True,c6aff4c179ab,5.927419000727241,latency-14cfadb8b01c.csv
2,14cfadb8b01c,2025-10-15T11:55:56.447490,grail,the,1600,True,a1e396557c78,11.15546999972139,latency-14cfadb8b01c.csv
2,14cfadb8b01c,2025-10-15T11:55:56.572836,grail,few,8,True,a1e396557c78,8.503565999490093,latency-14cfadb8b01c.csv
2,14cfadb8b01c,2025-10-15T11:55:56.692179,shrek,FIONA,211,True,6ec6587f6660,15.221933999782776,latency-14cfadb8b01c.csv
2,14cfadb8b01c,2025-10-15T11:55:56.837318,grail,dancing,10,True,c6aff4c179ab,7.665838000320946,latency-14cfadb8b01c.csv
2,14cfadb8b01c,2025-10-15T11:55:56.954652,grail,the,1600,True,a1e396557c78,6.2193379999371246,latency-14cfadb8b01c.csv
2,14cfadb8b01c,2025-10-15T11:55:57.068083,grail,Christ,8,True,6ec6587f6660,5.560231000345084,latency-14cfadb8b01c.csv
2,14cfadb8b01c,2025-10-15T11:55:57.179734,shrek,afraid,8,True,a1e396557c78,4.780475999723421,latency-14cfadb8b01c.csv
1,156d439f4919,2025-10-15T11:56:05.554251,grail,them,41,True,a1e396557c78,15.669221000280231,latency-156d439f4919.csv
1,156d439f4919,2025-10-15T11:56:05.676260,grail,is,317,True,6ec6587f6660,6.217223000021477,latency-156d439f4919.csv
1,156d439f4919,2025-10-15T11:56:05.788122,shrek3,SHREK,678,True,c6aff4c179ab,8.573481999519572,latency-156d439f4919.csv
1,156d439f4919,2025-10-15T11:56:05.902791,shrek3,what,82,True,c6aff4c179ab,7.330625999202311,latency-156d439f4919.csv
1,156d439f4919,2025-10-15T11:56:06.016369,shrek,HOOD,13,True,c6aff4c179ab,9.89162799942278,latency-156d439f4919.csv
1,156d439f4919,2025-10-15T11:56:06.135914,grail,and,722,True,c6aff4c179ab,8.663116000207083,latency-156d439f4919.csv
1,156d439f4919,2025-10-15T11:56:06.250737,shrek,I,386,True,6ec6587f6660,5.396552000092925,latency-156d439f4919.csv
1,156d439f4919,2025-10-15T11:56:06.361997,shrek3,PUSS,196,True,a1e396557c78,7.354933999522473,latency-156d439f4919.csv
1,156d439f4919,2025-10-15T11:56:06.501557,shrek3,him,87,True,a1e396557c78,4.311990000132937,latency-156d439f4919.csv
1,156d439f4919,2025-10-15T11:56:06.611291,shrek3,and,576,True,c6aff4c179ab,4.150076999394514,latency-156d439f4919.csv
1,156d439f4919,2025-10-15T11:56:06.720315,shrek,GORDO,5,True,a1e396557c78,22.370415000295907,latency-156d439f4919.csv
1,156d439f4919,2025-10-15T11:56:06.857434,shrek,Aah,6,True,6ec6587f6660,7.446160999279527,latency-156d439f4919.csv
1,156d439f4919,2025-10-15T11:56:06.970725,grail,THREE-HEADED,8,True,c6aff4c179ab,6.511454999781563,latency-156d439f4919.csv
1,156d439f4919,2025-10-15T11:56:07.082340,shrek3,an,51,True,a1e396557c78,4.986258000826638,latency-156d439f4919.csv
1,156d439f4919,2025-10-15T11:56:07.192444,shrek,one,44,True,6ec6587f6660,7.041135000690701,latency-156d439f4919.csv
1,156d439f4919,2025-10-15T11:56:07.306292,shrek,DONKEY,320,True,6ec6587f6660,5.758774999776506,latency-156d439f4919.csv
1,156d439f4919,2025-10-15T11:56:07.416599,grail,right,66,True,6ec6587f6660,5.555207999350387,latency-156d439f4919.csv
1,156d439f4919,2025-10-15T11:56:07.528294,shrek3,time,23,True,6ec6587f6660,5.2065059999222285,latency-156d439f4919.csv
1,156d439f4919,2025-10-15T11:56:07.639269,shrek3,the,1285,True,6ec6587f6660,7.152680000217515,latency-156d439f4919.csv
1,156d439f4919,2025-10-15T11:56:07.751476,grail,pretty,7,True,a1e396557c78,4.384736999782035,latency-156d439f4919.csv
2,156d439f4919,2025-10-15T11:56:07.860803,grail,them,41,True,c6aff4c179ab,4.779054000209726,latency-156d439f4919.csv
2,156d439f4919,2025-10-15T11:56:07.972400,grail,is,317,True,6ec6587f6660,4.29290400006721,latency-156d439f4919.csv
2,156d439f4919,2025-10-15T11:56:08.081277,shrek3,SHREK,678,True,a1e396557c78,6.131264999567065,latency-156d439f4919.csv
2,156d439f4919,2025-10-15T11:56:08.192922,shrek3,what,82,True,6ec6587f6660,4.147270999965258,latency-156d439f4919.csv
2,156d439f4919,2025-10-15T11:56:08.301642,shrek,HOOD,13,True,c6aff4c179ab,5.845278000379039,latency-156d439f4919.csv
2,156d439f4919,2025-10-15T11:56:08.413977,grail,and,722,True,a1e396557c78,4.1381080000064685,latency-156d439f4919.csv
2,156d439f4919,2025-10-15T11:56:08.522605,shrek,I,386,True,6ec6587f6660,6.59735599947453,latency-156d439f4919.csv
2,156d439f4919,2025-10-15T11:56:08.634711,shrek3,PUSS,196,True,6ec6587f6660,6.103675000304065,latency-156d439f4919.csv
2,156d439f4919,2025-10-15T11:56:08.746445,shrek3,him,87,True,6ec6587f6660,4.604630000358156,latency-156d439f4919.csv
2,156d439f4919,2025-10-15T11:56:08.855837,shrek3,and,576,True,6ec6587f6660,4.273020000255201,latency-156d439f4919.csv
2,156d439f4919,2025-10-15T11:56:08.964936,shrek,GORDO,5,True,6ec6587f6660,5.0309840007685125,latency-156d439f4919.csv
2,156d439f4919,2025-10-15T11:56:09.075622,shrek,Aah,6,True,6ec6587f6660,4.547444999843719,latency-156d439f4919.csv
2,156d439f4919,2025-10-15T11:56:09.184652,grail,THREE-HEADED,8,True,a1e396557c78,4.652798999813967,latency-156d439f4919.csv
2,156d439f4919,2025-10-15T11:56:09.295041,shrek3,an,51,True,c6aff4c179ab,5.27193800007808,latency-156d439f4919.csv
2,156d439f4919,2025-10-15T11:56:09.406130,shrek,one,44,True,6ec6587f6660,4.368175000308838,latency-156d439f4919.csv
2,156d439f4919,2025-10-15T11:56:09.514958,shrek,DONKEY,320,True,a1e396557c78,4.443390999767871,latency-156d439f4919.csv
2,156d439f4919,2025-10-15T11:56:09.624147,grail,right,66,True,6ec6587f6660,4.680697999901895,latency-156d439f4919.csv
2,156d439f4919,2025-10-15T11:56:09.734316,shrek3,time,23,True,c6aff4c179ab,4.64102699970681,latency-156d439f4919.csv
2,156d439f4919,2025-10-15T11:56:09.844569,shrek3,the,1285,True,a1e396557c78,4.737682999802928,latency-156d439f4919.csv
2,156d439f4919,2025-10-15T11:56:09.954897,grail,pretty,7,True,6ec6587f6660,4.233343000123568,latency-156d439f4919.csv
1,15758ad1025c,2025-10-15T11:55:34.104844,shrek,trip,1,False,6ec6587f6660,15.152219999436056,latency-15758ad1025c.csv
1,15758ad1025c,2025-10-15T11:55:34.243187,grail,Guard,106,True,a1e396557c78,8.001416999832145,latency-15758ad1025c.csv
1,15758ad1025c,2025-10-15T11:55:34.374326,shrek,swamp,18,True,6ec6587f6660,10.101195999595802,latency-15758ad1025c.csv
1,15758ad1025c,2025-10-15T11:55:34.527887,shrek,you,409,True,6ec6587f6660,13.120177000018884,latency-15758ad1025c.csv
1,15758ad1025c,2025-10-15T11:55:34.649932,grail,pause,10,True,6ec6587f6660,7.272931999978027,latency-15758ad1025c.csv
1,15758ad1025c,2025-10-15T11:55:34.765251,grail,since,10,True,a1e396557c78,9.17083999956958,latency-15758ad1025c.csv
1,15758ad1025c,2025-10-15T11:55:34.883564,shrek,HOOD,13,True,6ec6587f6660,10.54633100011415,latency-15758ad1025c.csv
1,15758ad1025c,2025-10-15T11:55:35.002593,shrek3,wont,0,True,c6aff4c179ab,19.21717999994144,latency-15758ad1025c.csv
1,15758ad1025c,2025-10-15T11:55:35.143749,shrek3,Arg,1,True,a1e396557c78,10.133990999747766,latency-15758ad1025c.csv
1,15758ad1025c,2025-10-15T11:55:35.265414,shrek,one,44,True,6ec6587f6660,11.43013900036749,latency-15758ad1025c.csv
1,15758ad1025c,2025-10-15T11:55:35.388053,grail,THREE-HEADED,8,True,c6aff4c179ab,12.099806000151148,latency-15758ad1025c.csv
1,15758ad1025c,2025-10-15T11:55:35.509959,shrek3,body),0,True,a1e396557c78,9.433985000214308,latency-15758ad1025c.csv
1,15758ad1025c,2025-10-15T11:55:35.630303,shrek,don't,72,True,6ec6587f6660,9.167814000647924,latency-15758ad1025c.csv
1,15758ad1025c,2025-10-15T11:55:35.747697,shrek3,PRINCE,207,True,c6aff4c179ab,10.116317000210984,latency-15758ad1025c.csv
1,15758ad1025c,2025-10-15T11:55:35.866941,shrek,at,62,True,a1e396557c78,5.29667699993297,latency-15758ad1025c.csv
1,15758ad1025c,2025-10-15T11:55:35.981526,shrek3,JOCKS,2,True,c6aff4c179ab,4.807491000065056,latency-15758ad1025c.csv
1,15758ad1025c,2025-10-15T11:55:36.094129,shrek3,"Bay""",0,True,6ec6587f6660,5.288174999805051,latency-15758ad1025c.csv
1,15758ad1025c,2025-10-15T11:55:36.204388,grail,witch,30,False,a1e396557c78,10.302157999831252,latency-15758ad1025c.csv
1,15758ad1025c,2025-10-15T11:55:36.319793,grail,the,1600,True,a1e396557c78,6.8679859996336745,latency-15758ad1025c.csv
1,15758ad1025c,2025-10-15T11:55:36.433012,shrek,Aah,6,True,c6aff4c179ab,6.387399999766785,latency-15758ad1025c.csv
2,15758ad1025c,2025-10-15T11:55:36.545780,shrek,trip,1,True,6ec6587f6660,10.182613999859312,latency-15758ad1025c.csv
2,15758ad1025c,2025-10-15T11:55:36.663863,grail,Guard,106,True,6ec6587f6660,8.766081999965536,latency-15758ad1025c.csv
2,15758ad1025c,2025-10-15T11:55:36.778669,shrek,swamp,18,True,6ec6587f6660,10.707073999583372,latency-15758ad1025c.csv
2,15758ad1025c,2025-10-15T11:55:36.896718,shrek,you,409,True,6ec6587f6660,28.44476900008885,latency-15758ad1025c.csv
2,15758ad1025c,2025-10-15T11:55:37.038974,grail,pause,10,True,a1e396557c78,6.716063999192556,latency-15758ad1025c.csv
2,15758ad1025c,2025-10-15T11:55:37.152239,grail,since,10,True,a1e396557c78,5.289206999805174,latency-15758ad1025c.csv
2,15758ad1025c,2025-10-15T11:55:37.262943,shrek,HOOD,13,True,a1e396557c78,10.096633000102884,latency-15758ad1025c.csv
2,15758ad1025c,2025-10-15T11:55:37.381676,shrek3,wont,0,True,c6aff4c179ab,11.940411999603384,latency-15758ad1025c.csv
2,15758ad1025c,2025-10-15T11:55:37.503789,shrek3,Arg,1,True,c6aff4c179ab,7.569192000119074,latency-15758ad1025c.csv
2,15758ad1025c,2025-10-15T11:55:37.619501,shrek,one,44,True,c6aff4c179ab,6.696014999761246,latency-15758ad1025c.csv
2,15758ad1025c,2025-10-15T11:55:37.734884,grail,THREE-HEADED,8,True,c6aff4c179ab,9.2777070003649,latency-15758ad1025c.csv
2,15758ad1025c,2025-10-15T11:55:37.851085,shrek3,body),0,True,a1e396557c78,7.352094999987457,latency-15758ad1025c.csv
2,15758ad1025c,2025-10-15T11:55:37.965170,shrek,don't,72,True,c6aff4c179ab,4.89808800011815,latency-15758ad1025c.csv
2,15758ad1025c,2025-10-15T11:55:38.074977,shrek3,PRINCE,207,True,c6aff4c179ab,5.432285000097181,latency-15758ad1025c.csv
2,15758ad1025c,2025-10-15T11:55:38.186661,shrek,at,62,True,6ec6587f6660,6.0184140002093045,latency-15758ad1025c.csv
2,15758ad1025c,2025-10-15T11:55:38.299872,shrek3,JOCKS,2,True,c6aff4c179ab,12.08572700033983,latency-15758ad1025c.csv
2,15758ad1025c,2025-10-15T11:55:38.423308,shrek3,"Bay""",0,True,c6aff4c179ab,16.557771999941906,latency-15758ad1025c.csv
2,15758ad1025c,2025-10-15T11:55:38.550398,grail,witch,30,True,6ec6587f6660,7.6993500006210525,latency-15758ad1025c.csv
2,15758ad1025c,2025-10-15T11:55:38.666074,grail,the,1600,True,a1e396557c78,9.564844999658815,latency-15758ad1025c.csv
2,15758ad1025c,2025-10-15T11:55:38.785048,shrek,Aah,6,True,c6aff4c179ab,6.8897569999535335,latency-15758ad1025c.csv
1,1649457faa94,2025-10-15T11:56:00.710022,grail,Cleese,10,True,6ec6587f6660,5.1120950001859455,latency-1649457faa94.csv
1,1649457faa94,2025-10-15T11:56:00.820494,grail,right,66,True,c6aff4c179ab,4.607173999829684,latency-1649457faa94.csv
1,1649457faa94,2025-10-15T11:56:00.930533,grail,BEDEVERE,103,True,c6aff4c179ab,6.711984000503435,latency-1649457faa94.csv
1,1649457faa94,2025-10-15T11:56:01.043974,shrek3,RAPUNZEL,30,True,c6aff4c179ab,6.026742999893031,latency-1649457faa94.csv
1,1649457faa94,2025-10-15T11:56:01.156052,shrek3,2,8,True,a1e396557c78,6.940779000615294,latency-1649457faa94.csv
1,1649457faa94,2025-10-15T11:56:01.269702,shrek,"Ha,",0,True,6ec6587f6660,6.268642000577529,latency-1649457faa94.csv
1,1649457faa94,2025-10-15T11:56:01.382531,shrek3,reason,2,True,6ec6587f6660,5.85290500021074,latency-1649457faa94.csv
1,1649457faa94,2025-10-15T11:56:01.494495,shrek,looks,37,True,6ec6587f6660,5.438428999696043,latency-1649457faa94.csv
1,1649457faa94,2025-10-15T11:56:01.604708,shrek,SHREK,433,True,c6aff4c179ab,8.410213999923144,latency-1649457faa94.csv
1,1649457faa94,2025-10-15T11:56:01.721365,shrek3,-,110,True,c6aff4c179ab,9.680268000010985,latency-1649457faa94.csv
1,1649457faa94,2025-10-15T11:56:01.837835,grail,To,718,True,a1e396557c78,8.119423999232822,latency-1649457faa94.csv
1,1649457faa94,2025-10-15T11:56:01.953848,shrek,SHREK,433,True,6ec6587f6660,8.4243070004959,latency-1649457faa94.csv
1,1649457faa94,2025-10-15T11:56:02.070866,grail,dancing,10,True,a1e396557c78,20.31749099933222,latency-1649457faa94.csv
1,1649457faa94,2025-10-15T11:56:02.204882,grail,“I,0,True,a1e396557c78,8.029159000216168,latency-1649457faa94.csv
1,1649457faa94,2025-10-15T11:56:02.319976,shrek3,to,511,True,c6aff4c179ab,8.222790000218083,latency-1649457faa94.csv
1,1649457faa94,2025-10-15T11:56:02.435368,shrek,its,1,True,a1e396557c78,7.202793000033125,latency-1649457faa94.csv
1,1649457faa94,2025-10-15T11:56:02.549768,grail,rows,1,True,6ec6587f6660,9.170291999907931,latency-1649457faa94.csv
1,1649457faa94,2025-10-15T11:56:02.666486,shrek3,me,72,True,6ec6587f6660,10.151624000172887,latency-1649457faa94.csv
1,1649457faa94,2025-10-15T11:56:02.783831,grail,G,6,True,6ec6587f6660,6.596009000531922,latency-1649457faa94.csv
1,1649457faa94,2025-10-15T11:56:02.896981,grail,are,114,True,a1e396557c78,6.111437000072328,latency-1649457faa94.csv
2,1649457faa94,2025-10-15T11:56:03.008814,grail,Cleese,10,True,a1e396557c78,7.744200000161072,latency-1649457faa94.csv
2,1649457faa94,2025-10-15T11:56:03.126482,grail,right,66,True,6ec6587f6660,7.917532000647043,latency-1649457faa94.csv
2,1649457faa94,2025-10-15T11:56:03.261051,grail,BEDEVERE,103,True,c6aff4c179ab,8.736418999433226,latency-1649457faa94.csv
2,1649457faa94,2025-10-15T11:56:03.385431,shrek3,RAPUNZEL,30,True,c6aff4c179ab,8.924129000661196,latency-1649457faa94.csv
2,1649457faa94,2025-10-15T11:56:03.506666,shrek3,2,8,True,a1e396557c78,7.467572999303229,latency-1649457faa94.csv
2,1649457faa94,2025-10-15T11:56:03.624868,shrek,"Ha,",0,True,a1e396557c78,6.581129999176483,latency-1649457faa94.csv
2,1649457faa94,2025-10-15T11:56:03.743857,shrek3,reason,2,True,c6aff4c179ab,19.955818000198636,latency-1649457faa94.csv
2,1649457faa94,2025-10-15T11:56:03.886964,shrek,looks,37,True,c6aff4c179ab,9.38400700033526,latency-1649457faa94.csv
2,1649457faa94,2025-10-15T11:56:04.009865,shrek,SHREK,433,True,6ec6587f6660,7.931097999971826,latency-1649457faa94.csv
2,1649457faa94,2025-10-15T11:56:04.127511,shrek3,-,110,True,a1e396557c78,5.148209000253701,latency-1649457faa94.csv
2,1649457faa94,2025-10-15T11:56:04.238016,grail,To,718,True,a1e396557c78,7.387328000731941,latency-1649457faa94.csv
2,1649457faa94,2025-10-15T11:56:04.352852,shrek,SHREK,433,True,6ec6587f6660,8.853084999827843,latency-1649457faa94.csv
2,1649457faa94,2025-10-15T11:56:04.474465,grail,dancing,10,True,c6aff4c179ab,6.842508999397978,latency-1649457faa94.csv
2,1649457faa94,2025-10-15T11:56:04.588772,grail,“I,0,True,a1e396557c78,19.27693400011776,latency-1649457faa94.csv
2,1649457faa94,2025-10-15T11:56:04.724680,shrek3,to,511,True,6ec6587f6660,6.936200000382087,latency-1649457faa94.csv
2,1649457faa94,2025-10-15T11:56:04.838214,shrek,its,1,True,c6aff4c179ab,10.781627999676855,latency-1649457faa94.csv
2,1649457faa94,2025-10-15T11:56:04.958129,grail,rows,1,True,6ec6587f6660,8.9344030002394,latency-1649457faa94.csv
2,1649457faa94,2025-10-15T11:56:05.073941,shrek3,me,72,True,c6aff4c179ab,13.931690000390518,latency-1649457faa94.csv
2,1649457faa94,2025-10-15T11:56:05.200432,grail,G,6,True,a1e396557c78,5.596156000137853,latency-1649457faa94.csv
2,1649457faa94,2025-10-15T11:56:05.312117,grail,are,114,True,6ec6587f6660,12.1207800002594,latency-1649457faa94.csv
1,1a18e5b17b1f,2025-10-15T11:55:38.868851,shrek,INSIDE,16,True,c6aff4c179ab,6.772559000637557,latency-1a18e5b17b1f.csv
1,1a18e5b17b1f,2025-10-15T11:55:38.983443,shrek3,Guards,23,True,6ec6587f6660,8.218979999583098,latency-1a18e5b17b1f.csv
1,1a18e5b17b1f,2025-10-15T11:55:39.098108,shrek3,Ahh,8,True,a1e396557c78,8.229539999774715,latency-1a18e5b17b1f.csv
1,1a18e5b17b1f,2025-10-15T11:55:39.214184,shrek3,dat,1,True,a1e396557c78,6.99312800043117,latency-1a18e5b17b1f.csv
1,1a18e5b17b1f,2025-10-15T11:55:39.327665,shrek,swamp,18,True,6ec6587f6660,7.282075000148325,latency-1a18e5b17b1f.csv
1,1a18e5b17b1f,2025-10-15T11:55:39.441224,shrek3,decree,1,True,a1e396557c78,7.348398999965866,latency-1a18e5b17b1f.csv
1,1a18e5b17b1f,2025-10-15T11:55:39.558016,shrek,SHREK,433,True,6ec6587f6660,29.890834000070758,latency-1a18e5b17b1f.csv
1,1a18e5b17b1f,2025-10-15T11:55:39.706609,shrek3,you,328,True,6ec6587f6660,14.89996100008284,latency-1a18e5b17b1f.csv
1,1a18e5b17b1f,2025-10-15T11:55:39.841018,grail,are,114,True,6ec6587f6660,11.133056000289798,latency-1a18e5b17b1f.csv
1,1a18e5b17b1f,2025-10-15T11:55:39.963001,shrek,transport,1,True,6ec6587f6660,7.475705000615562,latency-1a18e5b17b1f.csv
1,1a18e5b17b1f,2025-10-15T11:55:40.079039,shrek,GUARD,25,True,6ec6587f6660,7.3181950001526275,latency-1a18e5b17b1f.csv
1,1a18e5b17b1f,2025-10-15T11:55:40.215560,grail,Footnote,4,False,6ec6587f6660,22.81561099971441,latency-1a18e5b17b1f.csv
1,1a18e5b17b1f,2025-10-15T11:55:40.350228,grail,cross,13,True,a1e396557c78,19.34544899995672,latency-1a18e5b17b1f.csv
1,1a18e5b17b1f,2025-10-15T11:55:40.488991,shrek,FIONA,211,True,6ec6587f6660,13.592321000032824,latency-1a18e5b17b1f.csv
1,1a18e5b17b1f,2025-10-15T11:55:40.615467,grail,from,94,True,6ec6587f6660,25.36690299984912,latency-1a18e5b17b1f.csv
1,1a18e5b17b1f,2025-10-15T11:55:40.764112,grail,“I,0,True,a1e396557c78,39.84649399990303,latency-1a18e5b17b1f.csv
1,1a18e5b17b1f,2025-10-15T11:55:40.940361,grail,the,1600,True,6ec6587f6660,8.997633000035421,latency-1a18e5b17b1f.csv
1,1a18e5b17b1f,2025-10-15T11:55:41.067958,grail,19Prince,0,True,6ec6587f6660,13.7724199994409,latency-1a18e5b17b1f.csv
1,1a18e5b17b1f,2025-10-15T11:55:41.200898,shrek3,Gingerbread,37,True,a1e396557c78,6.508286999633128,latency-1a18e5b17b1f.csv
1,1a18e5b17b1f,2025-10-15T11:55:41.314192,shrek3,SHOUTING),0,True,c6aff4c179ab,5.186342000342847,latency-1a18e5b17b1f.csv
2,1a18e5b17b1f,2025-10-15T11:55:41.425258,shrek,INSIDE,16,True,6ec6587f6660,4.806859999916924,latency-1a18e5b17b1f.csv
2,1a18e5b17b1f,2025-10-15T11:55:41.536190,shrek3,Guards,23,True,c6aff4c179ab,6.155600000056438,latency-1a18e5b17b1f.csv
2,1a18e5b17b1f,2025-10-15T11:55:41.648229,shrek3,Ahh,8,True,c6aff4c179ab,5.395543999838992,latency-1a18e5b17b1f.csv
2,1a18e5b17b1f,2025-10-15T11:55:41.770783,shrek3,dat,1,True,6ec6587f6660,7.4602360000426415,latency-1a18e5b17b1f.csv
2,1a18e5b17b1f,2025-10-15T11:55:41.884502,shrek,swamp,18,True,c6aff4c179ab,8.318412000335229,latency-1a18e5b17b1f.csv
2,1a18e5b17b1f,2025-10-15T11:55:41.998879,shrek3,decree,1,True,a1e396557c78,5.171857999812346,latency-1a18e5b17b1f.csv
2,1a18e5b17b1f,2025-10-15T11:55:42.109422,shrek,SHREK,433,True,c6aff4c179ab,5.748683999627247,latency-1a18e5b17b1f.csv
2,1a18e5b17b1f,2025-10-15T11:55:42.224031,shrek3,you,328,True,c6aff4c179ab,19.82037600009789,latency-1a18e5b17b1f.csv
2,1a18e5b17b1f,2025-10-15T11:55:42.371827,grail,are,114,True,a1e396557c78,10.835604000021704,latency-1a18e5b17b1f.csv
2,1a18e5b17b1f,2025-10-15T11:55:42.498072,shrek,transport,1,True,c6aff4c179ab,18.966407000334584,latency-1a18e5b17b1f.csv
2,1a18e5b17b1f,2025-10-15T11:55:42.633309,shrek,GUARD,25,True,6ec6587f6660,9.962332999748469,latency-1a18e5b17b1f.csv
2,1a18e5b17b1f,2025-10-15T11:55:42.755374,grail,Footnote,4,True,6ec6587f6660,9.096273999603,latency-1a18e5b17b1f.csv
2,1a18e5b17b1f,2025-10-15T11:55:42.879075,grail,cross,13,True,c6aff4c179ab,6.855100999928254,latency-1a18e5b17b1f.csv
2,1a18e5b17b1f,2025-10-15T11:55:42.996143,shrek,FIONA,211,True,6ec6587f6660,7.942845999423298,latency-1a18e5b17b1f.csv
2,1a18e5b17b1f,2025-10-15T11:55:43.119803,grail,from,94,True,a1e396557c78,5.239372000687581,latency-1a18e5b17b1f.csv
2,1a18e5b17b1f,2025-10-15T11:55:43.230894,grail,“I,0,True,a1e396557c78,13.172809000025154,latency-1a18e5b17b1f.csv
2,1a18e5b17b1f,2025-10-15T11:55:43.350628,grail,the,1600,True,c6aff4c179ab,5.510248999598844,latency-1a18e5b17b1f.csv
2,1a18e5b17b1f,2025-10-15T11:55:43.462389,grail,19Prince,0,True,6ec6587f6660,4.945650999616191,latency-1a18e5b17b1f.csv
2,1a18e5b17b1f,2025-10-15T11:55:43.572069,shrek3,Gingerbread,37,True,6ec6587f6660,4.879412000263983,latency-1a18e5b17b1f.csv
2,1a18e5b17b1f,2025-10-15T11:55:43.682317,shrek3,SHOUTING),0,True,6ec6587f6660,7.885820000410604,latency-1a18e5b17b1f.csv
1,1b607faa19f9,2025-10-15T11:55:55.430893,grail,the,1600,True,c6aff4c179ab,5.172182000023895,latency-1b607faa19f9.csv
1,1b607faa19f9,2025-10-15T11:55:55.542351,shrek3,me,72,True,6ec6587f6660,7.287092999831657,latency-1b607faa19f9.csv
1,1b607faa19f9,2025-10-15T11:55:55.656640,shrek3,cosmic,1,True,a1e396557c78,6.427801999961957,latency-1b607faa19f9.csv
1,1b607faa19f9,2025-10-15T11:55:55.771674,shrek3,Gingerbread,37,True,c6aff4c179ab,7.355720999839832,latency-1b607faa19f9.csv
1,1b607faa19f9,2025-10-15T11:55:55.892892,grail,the,1600,True,6ec6587f6660,11.212842000531964,latency-1b607faa19f9.csv
1,1b607faa19f9,2025-10-15T11:55:56.012296,grail,are,114,True,a1e396557c78,13.607417000457644,latency-1b607faa19f9.csv
1,1b607faa19f9,2025-10-15T11:55:56.133668,grail,at,104,True,c6aff4c179ab,12.647043000470148,latency-1b607faa19f9.csv
1,1b607faa19f9,2025-10-15T11:55:56.255856,shrek,DONKEY,320,True,6ec6587f6660,11.700443999870911,latency-1b607faa19f9.csv
1,1b607faa19f9,2025-10-15T11:55:56.398229,grail,Footnote,4,True,c6aff4c179ab,9.1315770005167,latency-1b607faa19f9.csv
1,1b607faa19f9,2025-10-15T11:55:56.527807,shrek,FIONA,211,True,c6aff4c179ab,14.10385200051678,latency-1b607faa19f9.csv
1,1b607faa19f9,2025-10-15T11:55:56.655823,shrek3,ARTIE,213,True,6ec6587f6660,35.42585500053974,latency-1b607faa19f9.csv
1,1b607faa19f9,2025-10-15T11:55:56.801953,grail,to,718,True,c6aff4c179ab,5.888493999918865,latency-1b607faa19f9.csv
1,1b607faa19f9,2025-10-15T11:55:56.914081,shrek3,CAPTAIN,41,True,a1e396557c78,5.756427999585867,latency-1b607faa19f9.csv
1,1b607faa19f9,2025-10-15T11:55:57.025577,grail,"collective,",0,True,6ec6587f6660,4.7097229999053525,latency-1b607faa19f9.csv
1,1b607faa19f9,2025-10-15T11:55:57.135383,shrek,ogre,27,True,a1e396557c78,5.5411249995813705,latency-1b607faa19f9.csv
1,1b607faa19f9,2025-10-15T11:55:57.247893,shrek3,"meet""",0,True,c6aff4c179ab,10.405367999737791,latency-1b607faa19f9.csv
1,1b607faa19f9,2025-10-15T11:55:57.387235,grail,Bridge,30,True,a1e396557c78,5.631461000120908,latency-1b607faa19f9.csv
1,1b607faa19f9,2025-10-15T11:55:57.498586,shrek3,right,36,True,c6aff4c179ab,5.754589999924065,latency-1b607faa19f9.csv
1,1b607faa19f9,2025-10-15T11:55:57.610781,shrek3,CAPTAIN,41,True,6ec6587f6660,5.226793000474572,latency-1b607faa19f9.csv
1,1b607faa19f9,2025-10-15T11:55:57.721725,grail,Ecky-Ecky-Ecky,1,True,c6aff4c179ab,6.977004999498604,latency-1b607faa19f9.csv
2,1b607faa19f9,2025-10-15T11:55:57.836740,grail,the,1600,True,c6aff4c179ab,66.13764900066599,latency-1b607faa19f9.csv
2,1b607faa19f9,2025-10-15T11:55:58.023247,shrek3,me,72,True,6ec6587f6660,14.203177000126743,latency-1b607faa19f9.csv
2,1b607faa19f9,2025-10-15T11:55:58.150310,shrek3,cosmic,1,True,a1e396557c78,8.369856999706826,latency-1b607faa19f9.csv
2,1b607faa19f9,2025-10-15T11:55:58.273735,shrek3,Gingerbread,37,True,6ec6587f6660,13.367209000534784,latency-1b607faa19f9.csv
2,1b607faa19f9,2025-10-15T11:55:58.421999,grail,the,1600,True,c6aff4c179ab,26.282480000190844,latency-1b607faa19f9.csv
2,1b607faa19f9,2025-10-15T11:55:58.560215,grail,are,114,True,6ec6587f6660,11.14437399974122,latency-1b607faa19f9.csv
2,1b607faa19f9,2025-10-15T11:55:58.678889,grail,at,104,True,c6aff4c179ab,6.875436999507656,latency-1b607faa19f9.csv
2,1b607faa19f9,2025-10-15T11:55:58.793581,shrek,DONKEY,320,True,c6aff4c179ab,14.472046999799204,latency-1b607faa19f9.csv
2,1b607faa19f9,2025-10-15T11:55:58.917406,grail,Footnote,4,True,a1e396557c78,6.174920000376005,latency-1b607faa19f9.csv
2,1b607faa19f9,2025-10-15T11:55:59.033197,shrek,FIONA,211,True,a1e396557c78,5.157459000656672,latency-1b607faa19f9.csv
2,1b607faa19f9,2025-10-15T11:55:59.147677,shrek3,ARTIE,213,True,6ec6587f6660,5.469658999572857,latency-1b607faa19f9.csv
2,1b607faa19f9,2025-10-15T11:55:59.262369,grail,to,718,True,6ec6587f6660,10.496559999410238,latency-1b607faa19f9.csv
2,1b607faa19f9,2025-10-15T11:55:59.383174,shrek3,CAPTAIN,41,True,6ec6587f6660,8.845926000503823,latency-1b607faa19f9.csv
2,1b607faa19f9,2025-10-15T11:55:59.505767,grail,"collective,",0,True,6ec6587f6660,26.294742999198206,latency-1b607faa19f9.csv
2,1b607faa19f9,2025-10-15T11:55:59.649829,shrek,ogre,27,True,6ec6587f6660,27.853515000060725,latency-1b607faa19f9.csv
2,1b607faa19f9,2025-10-15T11:55:59.805793,shrek3,"meet""",0,True,6ec6587f6660,9.187990999635076,latency-1b607faa19f9.csv
2,1b607faa19f9,2025-10-15T11:55:59.925575,grail,Bridge,30,True,6ec6587f6660,5.521791000319354,latency-1b607faa19f9.csv
2,1b607faa19f9,2025-10-15T11:56:00.036648,shrek3,right,36,True,6ec6587f6660,7.781953000630892,latency-1b607faa19f9.csv
2,1b607faa19f9,2025-10-15T11:56:00.151488,shrek3,CAPTAIN,41,True,6ec6587f6660,7.044230000246898,latency-1b607faa19f9.csv
2,1b607faa19f9,2025-10-15T11:56:00.264880,grail,Ecky-Ecky-Ecky,1,True,6ec6587f6660,38.80820099948323,latency-1b607faa19f9.csv
1,1baec1d0e78c,2025-10-15T11:55:50.431469,shrek,will,16,True,6ec6587f6660,6.811031000324874,latency-1baec1d0e78c.csv
1,1baec1d0e78c,2025-10-15T11:55:50.545584,grail,upon,13,True,c6aff4c179ab,7.364865999988979,latency-1baec1d0e78c.csv
1,1baec1d0e78c,2025-10-15T11:55:50.663164,grail,the,1600,True,a1e396557c78,5.631244000142033,latency-1baec1d0e78c.csv
1,1baec1d0e78c,2025-10-15T11:55:50.774716,shrek3,body),0,True,c6aff4c179ab,6.485924999651616,latency-1baec1d0e78c.csv
1,1baec1d0e78c,2025-10-15T11:55:50.893289,grail,going,21,True,a1e396557c78,7.1462669993707095,latency-1baec1d0e78c.csv
1,1baec1d0e78c,2025-10-15T11:55:51.007256,shrek,Aah,6,True,6ec6587f6660,7.356658000389871,latency-1baec1d0e78c.csv
1,1baec1d0e78c,2025-10-15T11:55:51.122009,grail,BEDEVERE,103,True,c6aff4c179ab,6.580158000360825,latency-1baec1d0e78c.csv
1,1baec1d0e78c,2025-10-15T11:55:51.235794,shrek3,SHREK,678,True,6ec6587f6660,8.54312400042545,latency-1baec1d0e78c.csv
1,1baec1d0e78c,2025-10-15T11:55:51.355929,shrek3,116,1,True,c6aff4c179ab,10.757041999568171,latency-1baec1d0e78c.csv
1,1baec1d0e78c,2025-10-15T11:55:51.480988,grail,Tm,5,True,a1e396557c78,9.584536999682314,latency-1baec1d0e78c.csv
1,1baec1d0e78c,2025-10-15T11:55:51.598067,shrek3,Hold,8,True,6ec6587f6660,12.628081999537244,latency-1baec1d0e78c.csv
1,1baec1d0e78c,2025-10-15T11:55:51.717519,grail,lost,6,True,a1e396557c78,8.131864999995742,latency-1baec1d0e78c.csv
1,1baec1d0e78c,2025-10-15T11:55:51.833777,shrek,after,10,True,6ec6587f6660,6.432631000279798,latency-1baec1d0e78c.csv
1,1baec1d0e78c,2025-10-15T11:55:51.947043,shrek3,"Suddenly,",0,True,c6aff4c179ab,10.805110000546849,latency-1baec1d0e78c.csv
1,1baec1d0e78c,2025-10-15T11:55:52.065662,shrek3,get,39,True,a1e396557c78,7.719061999523546,latency-1baec1d0e78c.csv
1,1baec1d0e78c,2025-10-15T11:55:52.180456,shrek3,boomerang,1,True,6ec6587f6660,7.900495999820123,latency-1baec1d0e78c.csv
1,1baec1d0e78c,2025-10-15T11:55:52.294949,grail,(as,0,True,c6aff4c179ab,9.91582599999674,latency-1baec1d0e78c.csv
1,1baec1d0e78c,2025-10-15T11:55:52.411452,shrek,stairs,7,True,a1e396557c78,14.648077999481757,latency-1baec1d0e78c.csv
1,1baec1d0e78c,2025-10-15T11:55:52.537541,grail,from,94,True,6ec6587f6660,7.292704000064987,latency-1baec1d0e78c.csv
1,1baec1d0e78c,2025-10-15T11:55:52.651575,shrek,this,79,True,a1e396557c78,15.004906999820378,latency-1baec1d0e78c.csv
2,1baec1d0e78c,2025-10-15T11:55:52.775050,shrek,will,16,True,c6aff4c179ab,7.394240999929025,latency-1baec1d0e78c.csv
2,1baec1d0e78c,2025-10-15T11:55:52.890889,grail,upon,13,True,6ec6587f6660,9.167527000499833,latency-1baec1d0e78c.csv
2,1baec1d0e78c,2025-10-15T11:55:53.013515,grail,the,1600,True,c6aff4c179ab,6.662107000011019,latency-1baec1d0e78c.csv
2,1baec1d0e78c,2025-10-15T11:55:53.132875,shrek3,body),0,True,6ec6587f6660,5.062277999968501,latency-1baec1d0e78c.csv
2,1baec1d0e78c,2025-10-15T11:55:53.243458,grail,going,21,True,6ec6587f6660,5.109280000397121,latency-1baec1d0e78c.csv
2,1baec1d0e78c,2025-10-15T11:55:53.354277,shrek,Aah,6,True,6ec6587f6660,5.558097000175621,latency-1baec1d0e78c.csv
2,1baec1d0e78c,2025-10-15T11:55:53.466271,grail,BEDEVERE,103,True,a1e396557c78,5.161566999959177,latency-1baec1d0e78c.csv
2,1baec1d0e78c,2025-10-15T11:55:53.577350,shrek3,SHREK,678,True,a1e396557c78,4.87380199956533,latency-1baec1d0e78c.csv
2,1baec1d0e78c,2025-10-15T11:55:53.687543,shrek3,116,1,True,a1e396557c78,6.011444000250776,latency-1baec1d0e78c.csv
2,1baec1d0e78c,2025-10-15T11:55:53.799510,grail,Tm,5,True,c6aff4c179ab,6.303571999524138,latency-1baec1d0e78c.csv
2,1baec1d0e78c,2025-10-15T11:55:53.911749,shrek3,Hold,8,True,6ec6587f6660,5.455196999719192,latency-1baec1d0e78c.csv
2,1baec1d0e78c,2025-10-15T11:55:54.022683,grail,lost,6,True,6ec6587f6660,21.2377710004148,latency-1baec1d0e78c.csv
2,1baec1d0e78c,2025-10-15T11:55:54.161567,shrek,after,10,True,a1e396557c78,7.075632000123733,latency-1baec1d0e78c.csv
2,1baec1d0e78c,2025-10-15T11:55:54.278065,shrek3,"Suddenly,",0,True,c6aff4c179ab,5.298617999869748,latency-1baec1d0e78c.csv
2,1baec1d0e78c,2025-10-15T11:55:54.392982,shrek3,get,39,True,c6aff4c179ab,5.40630700015754,latency-1baec1d0e78c.csv
2,1baec1d0e78c,2025-10-15T11:55:54.506191,shrek3,boomerang,1,True,c6aff4c179ab,4.960324999956356,latency-1baec1d0e78c.csv
2,1baec1d0e78c,2025-10-15T11:55:54.619439,grail,(as,0,True,c6aff4c179ab,21.423862000119698,latency-1baec1d0e78c.csv
2,1baec1d0e78c,2025-10-15T11:55:54.754254,shrek,stairs,7,True,c6aff4c179ab,7.4823069999183645,latency-1baec1d0e78c.csv
2,1baec1d0e78c,2025-10-15T11:55:54.868060,grail,from,94,True,c6aff4c179ab,9.20078699982696,latency-1baec1d0e78c.csv
2,1baec1d0e78c,2025-10-15T11:55:54.985546,shrek,this,79,True,c6aff4c179ab,8.151983999596268,latency-1baec1d0e78c.csv
1,1c5b3fc3222a,2025-10-15T11:55:29.354061,shrek3,wont,0,True,a1e396557c78,7.25051299923507,latency-1c5b3fc3222a.csv
1,1c5b3fc3222a,2025-10-15T11:55:29.467562,shrek,its,1,True,a1e396557c78,6.305070000053092,latency-1c5b3fc3222a.csv
1,1c5b3fc3222a,2025-10-15T11:55:29.582113,grail,right,66,False,6ec6587f6660,10.891091000303277,latency-1c5b3fc3222a.csv
1,1c5b3fc3222a,2025-10-15T11:55:29.700186,grail,Michael,11,True,a1e396557c78,8.86382200042135,latency-1c5b3fc3222a.csv
1,1c5b3fc3222a,2025-10-15T11:55:29.815258,shrek3,Hold,8,True,6ec6587f6660,6.506200999865541,latency-1c5b3fc3222a.csv
1,1c5b3fc3222a,2025-10-15T11:55:29.927913,grail,Boom,4,True,6ec6587f6660,12.30174100055592,latency-1c5b3fc3222a.csv
1,1c5b3fc3222a,2025-10-15T11:55:30.066235,shrek,his,48,True,a1e396557c78,10.96683900050266,latency-1c5b3fc3222a.csv
1,1c5b3fc3222a,2025-10-15T11:55:30.188692,grail,the,1600,True,6ec6587f6660,13.059844000054,latency-1c5b3fc3222a.csv
1,1c5b3fc3222a,2025-10-15T11:55:30.312144,grail,(as,0,False,c6aff4c179ab,30.503537000186043,latency-1c5b3fc3222a.csv
1,1c5b3fc3222a,2025-10-15T11:55:30.457573,shrek3,Be,71,True,6ec6587f6660,22.59436500025913,latency-1c5b3fc3222a.csv
1,1c5b3fc3222a,2025-10-15T11:55:30.597244,shrek3,SHOUTING),0,True,6ec6587f6660,17.05244299955666,latency-1c5b3fc3222a.csv
1,1c5b3fc3222a,2025-10-15T11:55:30.730614,shrek3,EVIL,59,True,c6aff4c179ab,30.17676799936453,latency-1c5b3fc3222a.csv
1,1c5b3fc3222a,2025-10-15T11:55:30.894160,shrek,after,10,True,c6aff4c179ab,7.540495999819541,latency-1c5b3fc3222a.csv
1,1c5b3fc3222a,2025-10-15T11:55:31.013745,shrek,field,4,True,6ec6587f6660,5.833135000102629,latency-1c5b3fc3222a.csv
1,1c5b3fc3222a,2025-10-15T11:55:31.134166,shrek3,Arg,1,False,a1e396557c78,14.196919000823982,latency-1c5b3fc3222a.csv
1,1c5b3fc3222a,2025-10-15T11:55:31.257249,shrek,"Ha,",0,True,a1e396557c78,9.055043999978809,latency-1c5b3fc3222a.csv
1,1c5b3fc3222a,2025-10-15T11:55:31.378916,shrek3,Shrek,678,True,6ec6587f6660,10.902624000664218,latency-1c5b3fc3222a.csv
1,1c5b3fc3222a,2025-10-15T11:55:31.503364,shrek3,glass,9,True,6ec6587f6660,9.24232299985306,latency-1c5b3fc3222a.csv
1,1c5b3fc3222a,2025-10-15T11:55:31.623616,shrek3,still,18,True,a1e396557c78,10.59744999929535,latency-1c5b3fc3222a.csv
1,1c5b3fc3222a,2025-10-15T11:55:31.749983,shrek3,WHITE,45,True,a1e396557c78,11.91328799995972,latency-1c5b3fc3222a.csv
2,1c5b3fc3222a,2025-10-15T11:55:31.875440,shrek3,wont,0,True,a1e396557c78,11.496420999719705,latency-1c5b3fc3222a.csv
2,1c5b3fc3222a,2025-10-15T11:55:32.003680,shrek,its,1,True,a1e396557c78,15.533666000010273,latency-1c5b3fc3222a.csv
2,1c5b3fc3222a,2025-10-15T11:55:32.132107,grail,right,66,True,c6aff4c179ab,6.145159000880085,latency-1c5b3fc3222a.csv
2,1c5b3fc3222a,2025-10-15T11:55:32.244440,grail,Michael,11,True,6ec6587f6660,12.0828259996415,latency-1c5b3fc3222a.csv
2,1c5b3fc3222a,2025-10-15T11:55:32.366013,shrek3,Hold,8,True,c6aff4c179ab,9.721508000438916,latency-1c5b3fc3222a.csv
2,1c5b3fc3222a,2025-10-15T11:55:32.487860,grail,Boom,4,True,a1e396557c78,11.261930999353352,latency-1c5b3fc3222a.csv
2,1c5b3fc3222a,2025-10-15T11:55:32.618260,shrek,his,48,True,c6aff4c179ab,7.8483890001734835,latency-1c5b3fc3222a.csv
2,1c5b3fc3222a,2025-10-15T11:55:32.736235,grail,the,1600,True,c6aff4c179ab,11.90258599945082,latency-1c5b3fc3222a.csv
2,1c5b3fc3222a,2025-10-15T11:55:32.861733,grail,(as,0,True,a1e396557c78,5.185053999412048,latency-1c5b3fc3222a.csv
2,1c5b3fc3222a,2025-10-15T11:55:32.972314,shrek3,Be,71,True,c6aff4c179ab,7.397752999168006,latency-1c5b3fc3222a.csv
2,1c5b3fc3222a,2025-10-15T11:55:33.087436,shrek3,SHOUTING),0,True,a1e396557c78,8.145229999172443,latency-1c5b3fc3222a.csv
2,1c5b3fc3222a,2025-10-15T11:55:33.204961,shrek3,EVIL,59,True,6ec6587f6660,12.793171999874176,latency-1c5b3fc3222a.csv
2,1c5b3fc3222a,2025-10-15T11:55:33.334036,shrek,after,10,True,c6aff4c179ab,12.169294999694102,latency-1c5b3fc3222a.csv
2,1c5b3fc3222a,2025-10-15T11:55:33.456920,shrek,field,4,True,6ec6587f6660,10.617214000376409,latency-1c5b3fc3222a.csv
2,1c5b3fc3222a,2025-10-15T11:55:33.578389,shrek3,Arg,1,True,6ec6587f6660,21.47879299991473,latency-1c5b3fc3222a.csv
2,1c5b3fc3222a,2025-10-15T11:55:33.709633,shrek,"Ha,",0,True,a1e396557c78,16.835700999763503,latency-1c5b3fc3222a.csv
2,1c5b3fc3222a,2025-10-15T11:55:33.839566,shrek3,Shrek,678,True,c6aff4c179ab,6.445742999858339,latency-1c5b3fc3222a.csv
2,1c5b3fc3222a,2025-10-15T11:55:33.954454,shrek3,glass,9,True,a1e396557c78,7.049316000120598,latency-1c5b3fc3222a.csv
2,1c5b3fc3222a,2025-10-15T11:55:34.072821,shrek3,still,18,True,6ec6587f6660,6.251826999687182,latency-1c5b3fc3222a.csv
2,1c5b3fc3222a,2025-10-15T11:55:34.186205,shrek3,WHITE,45,True,a1e396557c78,15.962013999342162,latency-1c5b3fc3222a.csv
1,21a7dc8c482d,2025-10-15T11:55:36.221087,shrek,field,4,True,6ec6587f6660,5.0466470001993,latency-21a7dc8c482d.csv
1,21a7dc8c482d,2025-10-15T11:55:36.332468,grail,"Peng,",0,False,6ec6587f6660,19.412990000091668,latency-21a7dc8c482d.csv
1,21a7dc8c482d,2025-10-15T11:55:36.460286,grail,us,32,False,c6aff4c179ab,15.970747000210396,latency-21a7dc8c482d.csv
1,21a7dc8c482d,2025-10-15T11:55:36.584418,shrek3,ruby,1,True,c6aff4c179ab,11.031218999960402,latency-21a7dc8c482d.csv
1,21a7dc8c482d,2025-10-15T11:55:36.710358,grail,Yeah,13,True,c6aff4c179ab,7.81700399966212,latency-21a7dc8c482d.csv
1,21a7dc8c482d,2025-10-15T11:55:36.825596,grail,Jones,7,True,c6aff4c179ab,13.60819499950594,latency-21a7dc8c482d.csv
1,21a7dc8c482d,2025-10-15T11:55:36.954306,shrek,What,104,True,6ec6587f6660,12.469989999772224,latency-21a7dc8c482d.csv
1,21a7dc8c482d,2025-10-15T11:55:37.075301,shrek3,Hold,8,True,a1e396557c78,6.099161000747699,latency-21a7dc8c482d.csv
1,21a7dc8c482d,2025-10-15T11:55:37.187904,grail,sell,1,True,a1e396557c78,6.404179000128352,latency-21a7dc8c482d.csv
1,21a7dc8c482d,2025-10-15T11:55:37.301218,shrek,minute,3,True,a1e396557c78,6.506943999738724,latency-21a7dc8c482d.csv
1,21a7dc8c482d,2025-10-15T11:55:37.415467,grail,since,10,True,c6aff4c179ab,5.563349000112794,latency-21a7dc8c482d.csv
1,21a7dc8c482d,2025-10-15T11:55:37.527314,shrek,a,305,True,c6aff4c179ab,5.538337000871252,latency-21a7dc8c482d.csv
1,21a7dc8c482d,2025-10-15T11:55:37.638068,shrek,happily,2,True,c6aff4c179ab,9.411175999957775,latency-21a7dc8c482d.csv
1,21a7dc8c482d,2025-10-15T11:55:37.757241,shrek3,body),0,True,6ec6587f6660,9.24165800006449,latency-21a7dc8c482d.csv
1,21a7dc8c482d,2025-10-15T11:55:37.875520,shrek,"Well,",0,True,a1e396557c78,7.897225000306207,latency-21a7dc8c482d.csv
1,21a7dc8c482d,2025-10-15T11:55:37.990336,shrek,whistles,2,False,c6aff4c179ab,12.405494000631734,latency-21a7dc8c482d.csv
1,21a7dc8c482d,2025-10-15T11:55:38.116750,grail,BEDEVERE,103,True,6ec6587f6660,8.788565999566345,latency-21a7dc8c482d.csv
1,21a7dc8c482d,2025-10-15T11:55:38.234070,shrek3,JOCKS,2,True,a1e396557c78,8.911088999411731,latency-21a7dc8c482d.csv
1,21a7dc8c482d,2025-10-15T11:55:38.351803,shrek,after,10,True,6ec6587f6660,6.820020999839471,latency-21a7dc8c482d.csv
1,21a7dc8c482d,2025-10-15T11:55:38.469740,shrek,(standing,0,True,a1e396557c78,8.579950999774155,latency-21a7dc8c482d.csv
2,21a7dc8c482d,2025-10-15T11:55:38.587151,shrek,field,4,True,c6aff4c179ab,7.273041999724228,latency-21a7dc8c482d.csv
2,21a7dc8c482d,2025-10-15T11:55:38.705290,grail,"Peng,",0,True,6ec6587f6660,5.842647999998007,latency-21a7dc8c482d.csv
2,21a7dc8c482d,2025-10-15T11:55:38.817773,grail,us,32,True,a1e396557c78,12.559580000015558,latency-21a7dc8c482d.csv
2,21a7dc8c482d,2025-10-15T11:55:38.951891,shrek3,ruby,1,True,c6aff4c179ab,8.31099799961521,latency-21a7dc8c482d.csv
2,21a7dc8c482d,2025-10-15T11:55:39.067776,grail,Yeah,13,True,6ec6587f6660,5.628686999443744,latency-21a7dc8c482d.csv
2,21a7dc8c482d,2025-10-15T11:55:39.180335,grail,Jones,7,True,6ec6587f6660,4.651346999708039,latency-21a7dc8c482d.csv
2,21a7dc8c482d,2025-10-15T11:55:39.289972,shrek,What,104,True,6ec6587f6660,6.371082999976352,latency-21a7dc8c482d.csv
2,21a7dc8c482d,2025-10-15T11:55:39.403769,shrek3,Hold,8,True,6ec6587f6660,7.623913999850629,latency-21a7dc8c482d.csv
2,21a7dc8c482d,2025-10-15T11:55:39.519374,grail,sell,1,True,6ec6587f6660,51.502564999282185,latency-21a7dc8c482d.csv
2,21a7dc8c482d,2025-10-15T11:55:39.702713,shrek,minute,3,True,c6aff4c179ab,13.525490000574791,latency-21a7dc8c482d.csv
2,21a7dc8c482d,2025-10-15T11:55:39.836957,grail,since,10,True,c6aff4c179ab,6.444245999773557,latency-21a7dc8c482d.csv
2,21a7dc8c482d,2025-10-15T11:55:39.954636,shrek,a,305,True,c6aff4c179ab,9.524471999611706,latency-21a7dc8c482d.csv
2,21a7dc8c482d,2025-10-15T11:55:40.071630,shrek,happily,2,True,6ec6587f6660,8.93583199922432,latency-21a7dc8c482d.csv
2,21a7dc8c482d,2025-10-15T11:55:40.199229,shrek3,body),0,True,c6aff4c179ab,8.136729999932868,latency-21a7dc8c482d.csv
2,21a7dc8c482d,2025-10-15T11:55:40.315424,shrek,"Well,",0,True,6ec6587f6660,8.602564999819151,latency-21a7dc8c482d.csv
2,21a7dc8c482d,2025-10-15T11:55:40.431461,shrek,whistles,2,True,6ec6587f6660,9.75132100029441,latency-21a7dc8c482d.csv
2,21a7dc8c482d,2025-10-15T11:55:40.549679,grail,BEDEVERE,103,True,6ec6587f6660,8.20120099979249,latency-21a7dc8c482d.csv
2,21a7dc8c482d,2025-10-15T11:55:40.680204,shrek3,JOCKS,2,True,6ec6587f6660,15.137176999814985,latency-21a7dc8c482d.csv
2,21a7dc8c482d,2025-10-15T11:55:40.834868,shrek,after,10,True,a1e396557c78,14.563993000592744,latency-21a7dc8c482d.csv
2,21a7dc8c482d,2025-10-15T11:55:40.964073,shrek,(standing,0,True,c6aff4c179ab,10.426363999613386,latency-21a7dc8c482d.csv
1,21b5bb4adf95,2025-10-15T11:55:23.817195,shrek,SHREK,433,False,c6aff4c179ab,14.394225999240009,latency-21b5bb4adf95.csv
1,21b5bb4adf95,2025-10-15T11:55:23.938519,grail,is,317,False,c6aff4c179ab,17.24699399983365,latency-21b5bb4adf95.csv
1,21b5bb4adf95,2025-10-15T11:55:24.063565,shrek3,Im,1,False,a1e396557c78,30.41443700021773,latency-21b5bb4adf95.csv
1,21b5bb4adf95,2025-10-15T11:55:24.201250,shrek3,an,51,False,6ec6587f6660,12.335276999692724,latency-21b5bb4adf95.csv
1,21b5bb4adf95,2025-10-15T11:55:24.318434,grail,lost,6,False,c6aff4c179ab,13.240074000350432,latency-21b5bb4adf95.csv
1,21b5bb4adf95,2025-10-15T11:55:24.438173,shrek3,body),0,False,a1e396557c78,12.620710999726724,latency-21b5bb4adf95.csv
1,21b5bb4adf95,2025-10-15T11:55:24.556701,shrek3,Gingerbread,37,False,c6aff4c179ab,19.438837000052445,latency-21b5bb4adf95.csv
1,21b5bb4adf95,2025-10-15T11:55:24.682853,grail,LTD,6,False,6ec6587f6660,11.234809000598034,latency-21b5bb4adf95.csv
1,21b5bb4adf95,2025-10-15T11:55:24.799020,shrek3,"meet""",0,False,c6aff4c179ab,11.302734999844688,latency-21b5bb4adf95.csv
1,21b5bb4adf95,2025-10-15T11:55:24.916060,grail,the,1600,False,c6aff4c179ab,13.28042299974186,latency-21b5bb4adf95.csv
1,21b5bb4adf95,2025-10-15T11:55:25.036009,shrek3,OGRE,39,False,c6aff4c179ab,18.215080000118174,latency-21b5bb4adf95.csv
1,21b5bb4adf95,2025-10-15T11:55:25.162066,shrek3,SHREK,678,True,a1e396557c78,7.794449999892095,latency-21b5bb4adf95.csv
1,21b5bb4adf95,2025-10-15T11:55:25.282699,shrek3,They,80,False,c6aff4c179ab,10.821243999998842,latency-21b5bb4adf95.csv
1,21b5bb4adf95,2025-10-15T11:55:25.398125,shrek,fair,2,False,6ec6587f6660,8.833838000100513,latency-21b5bb4adf95.csv
1,21b5bb4adf95,2025-10-15T11:55:25.511728,shrek3,the,1285,False,a1e396557c78,23.11909899981401,latency-21b5bb4adf95.csv
1,21b5bb4adf95,2025-10-15T11:55:25.642193,shrek,DONKEY,320,True,c6aff4c179ab,4.80628799959959,latency-21b5bb4adf95.csv
1,21b5bb4adf95,2025-10-15T11:55:25.751792,grail,G,6,True,c6aff4c179ab,4.376111999590648,latency-21b5bb4adf95.csv
1,21b5bb4adf95,2025-10-15T11:55:25.861025,shrek3,Hold,8,True,c6aff4c179ab,5.883486000129778,latency-21b5bb4adf95.csv
1,21b5bb4adf95,2025-10-15T11:55:25.972587,grail,LTD,6,True,c6aff4c179ab,5.122511999616108,latency-21b5bb4adf95.csv
1,21b5bb4adf95,2025-10-15T11:55:26.083401,grail,Michael,11,False,a1e396557c78,18.44942000025185,latency-21b5bb4adf95.csv
2,21b5bb4adf95,2025-10-15T11:55:26.208859,shrek,SHREK,433,True,6ec6587f6660,9.694686999864643,latency-21b5bb4adf95.csv
2,21b5bb4adf95,2025-10-15T11:55:26.325297,grail,is,317,True,c6aff4c179ab,6.702366999888909,latency-21b5bb4adf95.csv
2,21b5bb4adf95,2025-10-15T11:55:26.438625,shrek3,Im,1,True,6ec6587f6660,6.613503999687964,latency-21b5bb4adf95.csv
2,21b5bb4adf95,2025-10-15T11:55:26.552521,shrek3,an,51,True,a1e396557c78,16.269775000182563,latency-21b5bb4adf95.csv
2,21b5bb4adf95,2025-10-15T11:55:26.677621,grail,lost,6,True,6ec6587f6660,9.387588999743455,latency-21b5bb4adf95.csv
2,21b5bb4adf95,2025-10-15T11:55:26.795400,shrek3,body),0,True,6ec6587f6660,8.648153000649472,latency-21b5bb4adf95.csv
2,21b5bb4adf95,2025-10-15T11:55:26.911442,shrek3,Gingerbread,37,True,c6aff4c179ab,8.125687999381626,latency-21b5bb4adf95.csv
2,21b5bb4adf95,2025-10-15T11:55:27.028715,grail,LTD,6,True,6ec6587f6660,4.963001999385597,latency-21b5bb4adf95.csv
2,21b5bb4adf95,2025-10-15T11:55:27.140378,shrek3,"meet""",0,True,6ec6587f6660,9.935148000295158,latency-21b5bb4adf95.csv
2,21b5bb4adf95,2025-10-15T11:55:27.259747,grail,the,1600,True,a1e396557c78,12.623376000192366,latency-21b5bb4adf95.csv
2,21b5bb4adf95,2025-10-15T11:55:27.389063,shrek3,OGRE,39,True,6ec6587f6660,6.295491999480873,latency-21b5bb4adf95.csv
2,21b5bb4adf95,2025-10-15T11:55:27.516408,shrek3,SHREK,678,True,6ec6587f6660,10.481540000000678,latency-21b5bb4adf95.csv
2,21b5bb4adf95,2025-10-15T11:55:27.635440,shrek3,They,80,True,6ec6587f6660,13.963680999950157,latency-21b5bb4adf95.csv
2,21b5bb4adf95,2025-10-15T11:55:27.761820,shrek,fair,2,True,6ec6587f6660,13.426366999738091,latency-21b5bb4adf95.csv
2,21b5bb4adf95,2025-10-15T11:55:27.895822,shrek3,the,1285,True,6ec6587f6660,4.951891000018804,latency-21b5bb4adf95.csv
2,21b5bb4adf95,2025-10-15T11:55:28.006981,shrek,DONKEY,320,True,a1e396557c78,6.147334000161209,latency-21b5bb4adf95.csv
2,21b5bb4adf95,2025-10-15T11:55:28.119591,grail,G,6,True,6ec6587f6660,11.224799000046914,latency-21b5bb4adf95.csv
2,21b5bb4adf95,2025-10-15T11:55:28.242728,shrek3,Hold,8,True,a1e396557c78,6.549855999764986,latency-21b5bb4adf95.csv
2,21b5bb4adf95,2025-10-15T11:55:28.355409,grail,LTD,6,True,c6aff4c179ab,6.383782999364485,latency-21b5bb4adf95.csv
2,21b5bb4adf95,2025-10-15T11:55:28.467750,grail,Michael,11,True,6ec6587f6660,8.117080999909376,latency-21b5bb4adf95.csv
1,29e38f2c0922,2025-10-15T11:55:57.112403,grail,thus,5,True,a1e396557c78,7.438818000082392,latency-29e38f2c0922.csv
1,29e38f2c0922,2025-10-15T11:55:57.227707,grail,Who’s,3,True,c6aff4c179ab,16.492725000716746,latency-29e38f2c0922.csv
1,29e38f2c0922,2025-10-15T11:55:57.364461,shrek3,time,23,True,a1e396557c78,6.4723289997346,latency-29e38f2c0922.csv
1,29e38f2c0922,2025-10-15T11:55:57.477274,shrek3,CAPTAIN,41,True,6ec6587f6660,4.370754000774468,latency-29e38f2c0922.csv
1,29e38f2c0922,2025-10-15T11:55:57.586460,grail,“I,0,True,a1e396557c78,6.338784999570635,latency-29e38f2c0922.csv
1,29e38f2c0922,2025-10-15T11:55:57.699427,shrek3,them,44,True,6ec6587f6660,8.242650000283902,latency-29e38f2c0922.csv
1,29e38f2c0922,2025-10-15T11:55:57.816059,grail,Michael,11,True,c6aff4c179ab,64.8935609997352,latency-29e38f2c0922.csv
1,29e38f2c0922,2025-10-15T11:55:58.013484,shrek,token,1,True,6ec6587f6660,5.508966999514087,latency-29e38f2c0922.csv
1,29e38f2c0922,2025-10-15T11:55:58.137046,shrek3,wont,0,True,a1e396557c78,4.814212000383122,latency-29e38f2c0922.csv
1,29e38f2c0922,2025-10-15T11:55:58.246334,shrek,placed,1,True,a1e396557c78,6.566426999597752,latency-29e38f2c0922.csv
1,29e38f2c0922,2025-10-15T11:55:58.359429,grail,king,136,True,6ec6587f6660,20.800455000426155,latency-29e38f2c0922.csv
1,29e38f2c0922,2025-10-15T11:55:58.489793,shrek3,SHREK,678,True,c6aff4c179ab,11.164128000018536,latency-29e38f2c0922.csv
1,29e38f2c0922,2025-10-15T11:55:58.610254,shrek3,of,275,True,a1e396557c78,4.8689680006646086,latency-29e38f2c0922.csv
1,29e38f2c0922,2025-10-15T11:55:58.720558,shrek,token,1,True,6ec6587f6660,4.964333999851078,latency-29e38f2c0922.csv
1,29e38f2c0922,2025-10-15T11:55:58.830509,shrek,MAN,38,True,c6aff4c179ab,8.255133999227837,latency-29e38f2c0922.csv
1,29e38f2c0922,2025-10-15T11:55:58.948480,grail,the,1600,True,c6aff4c179ab,6.116157000178646,latency-29e38f2c0922.csv
1,29e38f2c0922,2025-10-15T11:55:59.060083,shrek,I,386,True,c6aff4c179ab,6.228956000086328,latency-29e38f2c0922.csv
1,29e38f2c0922,2025-10-15T11:55:59.173081,shrek,Blah,1,True,c6aff4c179ab,5.86056800057122,latency-29e38f2c0922.csv
1,29e38f2c0922,2025-10-15T11:55:59.284928,shrek3,the,1285,True,c6aff4c179ab,9.198316999572851,latency-29e38f2c0922.csv
1,29e38f2c0922,2025-10-15T11:55:59.400759,shrek,DONKEY,320,True,a1e396557c78,13.146367999979702,latency-29e38f2c0922.csv
2,29e38f2c0922,2025-10-15T11:55:59.525171,grail,thus,5,True,c6aff4c179ab,12.381473000459664,latency-29e38f2c0922.csv
2,29e38f2c0922,2025-10-15T11:55:59.657778,grail,Who’s,3,True,a1e396557c78,28.0569070000638,latency-29e38f2c0922.csv
2,29e38f2c0922,2025-10-15T11:55:59.831876,shrek3,time,23,True,a1e396557c78,13.930508000157715,latency-29e38f2c0922.csv
2,29e38f2c0922,2025-10-15T11:55:59.960266,shrek3,CAPTAIN,41,True,a1e396557c78,5.392846000177087,latency-29e38f2c0922.csv
2,29e38f2c0922,2025-10-15T11:56:00.075846,grail,“I,0,True,a1e396557c78,9.724749000270094,latency-29e38f2c0922.csv
2,29e38f2c0922,2025-10-15T11:56:00.214617,shrek3,them,44,True,6ec6587f6660,18.074342000545585,latency-29e38f2c0922.csv
2,29e38f2c0922,2025-10-15T11:56:00.372518,grail,Michael,11,True,c6aff4c179ab,8.393733000048087,latency-29e38f2c0922.csv
2,29e38f2c0922,2025-10-15T11:56:00.494629,shrek,token,1,True,6ec6587f6660,7.559335999758332,latency-29e38f2c0922.csv
2,29e38f2c0922,2025-10-15T11:56:00.612087,shrek3,wont,0,True,c6aff4c179ab,6.497707000562514,latency-29e38f2c0922.csv
2,29e38f2c0922,2025-10-15T11:56:00.725494,shrek,placed,1,True,a1e396557c78,6.689951999760524,latency-29e38f2c0922.csv
2,29e38f2c0922,2025-10-15T11:56:00.838992,grail,king,136,True,a1e396557c78,5.048973000157275,latency-29e38f2c0922.csv
2,29e38f2c0922,2025-10-15T11:56:00.949400,shrek3,SHREK,678,True,a1e396557c78,6.753736000064237,latency-29e38f2c0922.csv
2,29e38f2c0922,2025-10-15T11:56:01.063187,shrek3,of,275,True,6ec6587f6660,6.046802000128082,latency-29e38f2c0922.csv
2,29e38f2c0922,2025-10-15T11:56:01.175436,shrek,token,1,True,c6aff4c179ab,8.96182599990425,latency-29e38f2c0922.csv
2,29e38f2c0922,2025-10-15T11:56:01.291897,shrek,MAN,38,True,a1e396557c78,10.009231999902113,latency-29e38f2c0922.csv
2,29e38f2c0922,2025-10-15T11:56:01.414556,grail,the,1600,True,a1e396557c78,5.111244000545412,latency-29e38f2c0922.csv
2,29e38f2c0922,2025-10-15T11:56:01.526203,shrek,I,386,True,6ec6587f6660,4.748678999931144,latency-29e38f2c0922.csv
2,29e38f2c0922,2025-10-15T11:56:01.636670,shrek,Blah,1,True,c6aff4c179ab,7.713730999967083,latency-29e38f2c0922.csv
2,29e38f2c0922,2025-10-15T11:56:01.761373,shrek3,the,1285,True,c6aff4c179ab,5.209173999901395,latency-29e38f2c0922.csv
2,29e38f2c0922,2025-10-15T11:56:01.874324,shrek,DONKEY,320,True,a1e396557c78,6.6022109995174105,latency-29e38f2c0922.csv
1,2b67fc6c1a39,2025-10-15T11:55:52.127646,grail,toward,10,True,6ec6587f6660,9.12045999939437,latency-2b67fc6c1a39.csv
1,2b67fc6c1a39,2025-10-15T11:55:52.246003,grail,Gallahad,44,True,c6aff4c179ab,7.065871999657247,latency-2b67fc6c1a39.csv
1,2b67fc6c1a39,2025-10-15T11:55:52.360857,grail,few,8,True,a1e396557c78,7.643294999979844,latency-2b67fc6c1a39.csv
1,2b67fc6c1a39,2025-10-15T11:55:52.476363,grail,Aaaaugh,9,True,c6aff4c179ab,6.946346000404446,latency-2b67fc6c1a39.csv
1,2b67fc6c1a39,2025-10-15T11:55:52.591437,grail,is,317,True,6ec6587f6660,5.450347999612859,latency-2b67fc6c1a39.csv
1,2b67fc6c1a39,2025-10-15T11:55:52.702129,grail,rows,1,True,a1e396557c78,8.773866000410635,latency-2b67fc6c1a39.csv
1,2b67fc6c1a39,2025-10-15T11:55:52.818830,grail,pretty,7,True,a1e396557c78,6.129458000032173,latency-2b67fc6c1a39.csv
1,2b67fc6c1a39,2025-10-15T11:55:52.931518,shrek3,MERLIN,73,True,a1e396557c78,7.941003999803797,latency-2b67fc6c1a39.csv
1,2b67fc6c1a39,2025-10-15T11:55:53.045951,grail,seek,12,True,6ec6587f6660,9.101914999519067,latency-2b67fc6c1a39.csv
1,2b67fc6c1a39,2025-10-15T11:55:53.162709,shrek,CROWD,5,True,c6aff4c179ab,7.436051999320625,latency-2b67fc6c1a39.csv
1,2b67fc6c1a39,2025-10-15T11:55:53.277070,shrek3,TO,511,True,6ec6587f6660,8.894467000573059,latency-2b67fc6c1a39.csv
1,2b67fc6c1a39,2025-10-15T11:55:53.392273,shrek,you,409,True,c6aff4c179ab,10.166924999793991,latency-2b67fc6c1a39.csv
1,2b67fc6c1a39,2025-10-15T11:55:53.510823,grail,the,1600,True,c6aff4c179ab,8.36478699966392,latency-2b67fc6c1a39.csv
1,2b67fc6c1a39,2025-10-15T11:55:53.626405,shrek3,did,14,True,6ec6587f6660,6.661135999820544,latency-2b67fc6c1a39.csv
1,2b67fc6c1a39,2025-10-15T11:55:53.740164,shrek,SHREK,433,True,a1e396557c78,7.433828000102949,latency-2b67fc6c1a39.csv
1,2b67fc6c1a39,2025-10-15T11:55:53.856262,shrek3,Whoa,7,True,c6aff4c179ab,6.360682000376983,latency-2b67fc6c1a39.csv
1,2b67fc6c1a39,2025-10-15T11:55:53.970182,shrek3,did,14,True,6ec6587f6660,12.30709400078922,latency-2b67fc6c1a39.csv
1,2b67fc6c1a39,2025-10-15T11:55:54.104222,shrek3,body),0,True,a1e396557c78,6.136075000540586,latency-2b67fc6c1a39.csv
1,2b67fc6c1a39,2025-10-15T11:55:54.216301,shrek,SHREK,433,True,c6aff4c179ab,5.933016000199132,latency-2b67fc6c1a39.csv
1,2b67fc6c1a39,2025-10-15T11:55:54.329124,grail,To,718,True,6ec6587f6660,5.274576999909186,latency-2b67fc6c1a39.csv
2,2b67fc6c1a39,2025-10-15T11:55:54.440106,grail,toward,10,True,6ec6587f6660,5.373704000703583,latency-2b67fc6c1a39.csv
2,2b67fc6c1a39,2025-10-15T11:55:54.552504,grail,Gallahad,44,True,6ec6587f6660,10.112353000295116,latency-2b67fc6c1a39.csv
2,2b67fc6c1a39,2025-10-15T11:55:54.670039,grail,few,8,True,a1e396557c78,9.60764299998118,latency-2b67fc6c1a39.csv
2,2b67fc6c1a39,2025-10-15T11:55:54.787318,grail,Aaaaugh,9,True,c6aff4c179ab,4.722913000478002,latency-2b67fc6c1a39.csv
2,2b67fc6c1a39,2025-10-15T11:55:54.897372,grail,is,317,True,c6aff4c179ab,6.2935570003901375,latency-2b67fc6c1a39.csv
2,2b67fc6c1a39,2025-10-15T11:55:55.012144,grail,rows,1,True,c6aff4c179ab,10.075873000459978,latency-2b67fc6c1a39.csv
2,2b67fc6c1a39,2025-10-15T11:55:55.134318,grail,pretty,7,True,6ec6587f6660,6.298210999375442,latency-2b67fc6c1a39.csv
2,2b67fc6c1a39,2025-10-15T11:55:55.248888,shrek3,MERLIN,73,True,a1e396557c78,20.31479699962801,latency-2b67fc6c1a39.csv
2,2b67fc6c1a39,2025-10-15T11:55:55.378359,grail,seek,12,True,c6aff4c179ab,8.172092000677367,latency-2b67fc6c1a39.csv
2,2b67fc6c1a39,2025-10-15T11:55:55.494764,shrek,CROWD,5,True,6ec6587f6660,10.624709000694564,latency-2b67fc6c1a39.csv
2,2b67fc6c1a39,2025-10-15T11:55:55.612370,shrek3,TO,511,True,a1e396557c78,9.047212999576004,latency-2b67fc6c1a39.csv
2,2b67fc6c1a39,2025-10-15T11:55:55.730172,shrek,you,409,True,c6aff4c179ab,9.94875200012757,latency-2b67fc6c1a39.csv
2,2b67fc6c1a39,2025-10-15T11:55:55.857222,grail,the,1600,True,6ec6587f6660,25.80305399987992,latency-2b67fc6c1a39.csv
2,2b67fc6c1a39,2025-10-15T11:55:55.994271,shrek3,did,14,True,6ec6587f6660,16.288831999190734,latency-2b67fc6c1a39.csv
2,2b67fc6c1a39,2025-10-15T11:55:56.123915,shrek,SHREK,433,True,c6aff4c179ab,8.624866999525693,latency-2b67fc6c1a39.csv
2,2b67fc6c1a39,2025-10-15T11:55:56.247457,shrek3,Whoa,7,True,6ec6587f6660,11.149930000101447,latency-2b67fc6c1a39.csv
2,2b67fc6c1a39,2025-10-15T11:55:56.380948,shrek3,did,14,True,c6aff4c179ab,6.598770999517001,latency-2b67fc6c1a39.csv
2,2b67fc6c1a39,2025-10-15T11:55:56.493903,shrek3,body),0,True,6ec6587f6660,8.00918500044645,latency-2b67fc6c1a39.csv
2,2b67fc6c1a39,2025-10-15T11:55:56.610110,shrek,SHREK,433,True,a1e396557c78,13.159109999833165,latency-2b67fc6c1a39.csv
2,2b67fc6c1a39,2025-10-15T11:55:56.736608,grail,To,718,True,6ec6587f6660,8.507378999638604,latency-2b67fc6c1a39.csv
1,2d48c5791213,2025-10-15T11:55:32.907069,shrek3,Hold,8,True,c6aff4c179ab,9.577337999871816,latency-2d48c5791213.csv
1,2d48c5791213,2025-10-15T11:55:33.023795,shrek,who,29,True,a1e396557c78,7.736628000202472,latency-2d48c5791213.csv
1,2d48c5791213,2025-10-15T11:55:33.139002,grail,sell,1,True,6ec6587f6660,14.89874700018845,latency-2d48c5791213.csv
1,2d48c5791213,2025-10-15T11:55:33.263906,grail,at,104,False,c6aff4c179ab,29.873663999751443,latency-2d48c5791213.csv
1,2d48c5791213,2025-10-15T11:55:33.414944,shrek3,Artie,213,True,c6aff4c179ab,6.598554999982298,latency-2d48c5791213.csv
1,2d48c5791213,2025-10-15T11:55:33.529197,shrek3,"meet""",0,True,a1e396557c78,9.826543000599486,latency-2d48c5791213.csv
1,2d48c5791213,2025-10-15T11:55:33.651942,shrek3,They,80,True,6ec6587f6660,10.141174000636966,latency-2d48c5791213.csv
1,2d48c5791213,2025-10-15T11:55:33.770195,grail,Cleveland,3,True,a1e396557c78,6.197912000061479,latency-2d48c5791213.csv
1,2d48c5791213,2025-10-15T11:55:33.882850,shrek3,PUSS,196,True,c6aff4c179ab,12.401886999214184,latency-2d48c5791213.csv
1,2d48c5791213,2025-10-15T11:55:34.005405,shrek3,PRINCE,207,True,a1e396557c78,9.495815999798651,latency-2d48c5791213.csv
1,2d48c5791213,2025-10-15T11:55:34.124521,grail,I,298,True,c6aff4c179ab,13.109937000081118,latency-2d48c5791213.csv
1,2d48c5791213,2025-10-15T11:55:34.251325,shrek,But,73,False,6ec6587f6660,42.17173699998966,latency-2d48c5791213.csv
1,2d48c5791213,2025-10-15T11:55:34.407896,shrek3,boomerang,1,True,a1e396557c78,11.549739999281885,latency-2d48c5791213.csv
1,2d48c5791213,2025-10-15T11:55:34.554210,shrek,baby,3,True,a1e396557c78,10.474532000444016,latency-2d48c5791213.csv
1,2d48c5791213,2025-10-15T11:55:34.674332,shrek,after,10,True,6ec6587f6660,5.955766000624863,latency-2d48c5791213.csv
1,2d48c5791213,2025-10-15T11:55:34.787211,shrek3,decree,1,True,c6aff4c179ab,7.519621000028565,latency-2d48c5791213.csv
1,2d48c5791213,2025-10-15T11:55:34.904130,shrek,help,5,True,a1e396557c78,7.627293999576068,latency-2d48c5791213.csv
1,2d48c5791213,2025-10-15T11:55:35.021821,grail,"lute,",0,True,6ec6587f6660,29.838577000191435,latency-2d48c5791213.csv
1,2d48c5791213,2025-10-15T11:55:35.164467,shrek3,MERLIN,73,True,6ec6587f6660,9.9609689996214,latency-2d48c5791213.csv
1,2d48c5791213,2025-10-15T11:55:35.281273,shrek3,WHITE,45,True,c6aff4c179ab,8.94488099947921,latency-2d48c5791213.csv
2,2d48c5791213,2025-10-15T11:55:35.399738,shrek3,Hold,8,True,a1e396557c78,8.51171400063322,latency-2d48c5791213.csv
2,2d48c5791213,2025-10-15T11:55:35.517425,shrek,who,29,True,6ec6587f6660,9.391933999722824,latency-2d48c5791213.csv
2,2d48c5791213,2025-10-15T11:55:35.635599,grail,sell,1,True,c6aff4c179ab,8.412170999690716,latency-2d48c5791213.csv
2,2d48c5791213,2025-10-15T11:55:35.752648,grail,at,104,True,c6aff4c179ab,8.516066999618488,latency-2d48c5791213.csv
2,2d48c5791213,2025-10-15T11:55:35.873043,shrek3,Artie,213,True,a1e396557c78,8.351181999387336,latency-2d48c5791213.csv
2,2d48c5791213,2025-10-15T11:55:35.989133,shrek3,"meet""",0,True,6ec6587f6660,8.080891000645352,latency-2d48c5791213.csv
2,2d48c5791213,2025-10-15T11:55:36.104027,shrek3,They,80,True,c6aff4c179ab,8.487641999636253,latency-2d48c5791213.csv
2,2d48c5791213,2025-10-15T11:55:36.225390,grail,Cleveland,3,True,a1e396557c78,5.2559610003299895,latency-2d48c5791213.csv
2,2d48c5791213,2025-10-15T11:55:36.336646,shrek3,PUSS,196,True,c6aff4c179ab,8.997201999591198,latency-2d48c5791213.csv
2,2d48c5791213,2025-10-15T11:55:36.454074,shrek3,PRINCE,207,True,6ec6587f6660,7.182951000686444,latency-2d48c5791213.csv
2,2d48c5791213,2025-10-15T11:55:36.571717,grail,I,298,True,c6aff4c179ab,8.829415000036533,latency-2d48c5791213.csv
2,2d48c5791213,2025-10-15T11:55:36.696273,shrek,But,73,True,c6aff4c179ab,6.183148999298282,latency-2d48c5791213.csv
2,2d48c5791213,2025-10-15T11:55:36.810484,shrek3,boomerang,1,True,c6aff4c179ab,7.932712999718205,latency-2d48c5791213.csv
2,2d48c5791213,2025-10-15T11:55:36.925358,shrek,baby,3,True,c6aff4c179ab,19.18465200014907,latency-2d48c5791213.csv
2,2d48c5791213,2025-10-15T11:55:37.054246,shrek,after,10,True,6ec6587f6660,5.520851999790466,latency-2d48c5791213.csv
2,2d48c5791213,2025-10-15T11:55:37.166640,shrek3,decree,1,True,6ec6587f6660,5.408363000242389,latency-2d48c5791213.csv
2,2d48c5791213,2025-10-15T11:55:37.278278,shrek,help,5,True,6ec6587f6660,7.409046000248054,latency-2d48c5791213.csv
2,2d48c5791213,2025-10-15T11:55:37.394429,grail,"lute,",0,True,a1e396557c78,9.025646999361925,latency-2d48c5791213.csv
2,2d48c5791213,2025-10-15T11:55:37.514179,shrek3,MERLIN,73,True,a1e396557c78,6.534432000080415,latency-2d48c5791213.csv
2,2d48c5791213,2025-10-15T11:55:37.626908,shrek3,WHITE,45,True,a1e396557c78,7.700723000198195,latency-2d48c5791213.csv
1,34fc9a773073,2025-10-15T11:55:45.268659,shrek,And,318,True,c6aff4c179ab,5.430573000012373,latency-34fc9a773073.csv
1,34fc9a773073,2025-10-15T11:55:45.381029,shrek,looks,37,True,6ec6587f6660,6.045467999683751,latency-34fc9a773073.csv
1,34fc9a773073,2025-10-15T11:55:45.493845,shrek3,time,23,True,c6aff4c179ab,14.097885999944992,latency-34fc9a773073.csv
1,34fc9a773073,2025-10-15T11:55:45.622743,grail,it,279,True,c6aff4c179ab,6.975275000513648,latency-34fc9a773073.csv
1,34fc9a773073,2025-10-15T11:55:45.736667,shrek3,the,1285,True,6ec6587f6660,14.450482000029297,latency-34fc9a773073.csv
1,34fc9a773073,2025-10-15T11:55:45.859992,shrek,fair,2,True,a1e396557c78,6.852782000350999,latency-34fc9a773073.csv
1,34fc9a773073,2025-10-15T11:55:45.974903,grail,G,6,True,c6aff4c179ab,5.669616999512073,latency-34fc9a773073.csv
1,34fc9a773073,2025-10-15T11:55:46.088453,grail,at,104,True,6ec6587f6660,6.910047000019404,latency-34fc9a773073.csv
1,34fc9a773073,2025-10-15T11:55:46.203846,grail,Guard,106,True,6ec6587f6660,4.765740999573609,latency-34fc9a773073.csv
1,34fc9a773073,2025-10-15T11:55:46.314777,grail,Eolio,2,True,6ec6587f6660,7.893738999882771,latency-34fc9a773073.csv
1,34fc9a773073,2025-10-15T11:55:46.450637,grail,CALLS,3,True,c6aff4c179ab,20.4554960000678,latency-34fc9a773073.csv
1,34fc9a773073,2025-10-15T11:55:46.582871,grail,CALLS,3,True,a1e396557c78,4.248983000252338,latency-34fc9a773073.csv
1,34fc9a773073,2025-10-15T11:55:46.698876,shrek,CROWD,5,True,a1e396557c78,4.697172999840404,latency-34fc9a773073.csv
1,34fc9a773073,2025-10-15T11:55:46.808356,shrek3,cosmic,1,True,a1e396557c78,6.370064999828173,latency-34fc9a773073.csv
1,34fc9a773073,2025-10-15T11:55:46.920331,grail,"lute,",0,True,c6aff4c179ab,8.918341000025976,latency-34fc9a773073.csv
1,34fc9a773073,2025-10-15T11:55:47.035872,grail,the,1600,True,6ec6587f6660,4.764553999848431,latency-34fc9a773073.csv
1,34fc9a773073,2025-10-15T11:55:47.145727,shrek,DONKEY,320,True,6ec6587f6660,4.49875200047245,latency-34fc9a773073.csv
1,34fc9a773073,2025-10-15T11:55:47.255496,shrek3,him,87,True,6ec6587f6660,7.79432600029395,latency-34fc9a773073.csv
1,34fc9a773073,2025-10-15T11:55:47.380425,grail,chops,3,True,c6aff4c179ab,6.882915999995021,latency-34fc9a773073.csv
1,34fc9a773073,2025-10-15T11:55:47.493791,shrek,the,535,True,6ec6587f6660,6.210699000803288,latency-34fc9a773073.csv
2,34fc9a773073,2025-10-15T11:55:47.606528,shrek,And,318,True,a1e396557c78,9.946488999958092,latency-34fc9a773073.csv
2,34fc9a773073,2025-10-15T11:55:47.724393,shrek,looks,37,True,a1e396557c78,4.664033000153722,latency-34fc9a773073.csv
2,34fc9a773073,2025-10-15T11:55:47.834210,shrek3,time,23,True,c6aff4c179ab,6.29235799988237,latency-34fc9a773073.csv
2,34fc9a773073,2025-10-15T11:55:47.949075,grail,it,279,True,a1e396557c78,5.808421999972779,latency-34fc9a773073.csv
2,34fc9a773073,2025-10-15T11:55:48.063977,shrek3,the,1285,True,6ec6587f6660,6.669610999779252,latency-34fc9a773073.csv
2,34fc9a773073,2025-10-15T11:55:48.178605,shrek,fair,2,True,c6aff4c179ab,13.390086999606863,latency-34fc9a773073.csv
2,34fc9a773073,2025-10-15T11:55:48.301452,grail,G,6,True,a1e396557c78,5.679748000147811,latency-34fc9a773073.csv
2,34fc9a773073,2025-10-15T11:55:48.415208,grail,at,104,True,6ec6587f6660,14.547401000527316,latency-34fc9a773073.csv
2,34fc9a773073,2025-10-15T11:55:48.537673,grail,Guard,106,True,c6aff4c179ab,14.33229200029018,latency-34fc9a773073.csv
2,34fc9a773073,2025-10-15T11:55:48.663918,grail,Eolio,2,True,c6aff4c179ab,8.29754000005778,latency-34fc9a773073.csv
2,34fc9a773073,2025-10-15T11:55:48.785906,grail,CALLS,3,True,c6aff4c179ab,25.09848399949988,latency-34fc9a773073.csv
2,34fc9a773073,2025-10-15T11:55:48.921444,grail,CALLS,3,True,6ec6587f6660,10.578916999293142,latency-34fc9a773073.csv
2,34fc9a773073,2025-10-15T11:55:49.043761,shrek,CROWD,5,True,6ec6587f6660,7.704141999965941,latency-34fc9a773073.csv
2,34fc9a773073,2025-10-15T11:55:49.158597,shrek3,cosmic,1,True,a1e396557c78,8.989007999844034,latency-34fc9a773073.csv
2,34fc9a773073,2025-10-15T11:55:49.276275,grail,"lute,",0,True,6ec6587f6660,8.08957599929272,latency-34fc9a773073.csv
2,34fc9a773073,2025-10-15T11:55:49.393884,grail,the,1600,True,a1e396557c78,7.458259000486578,latency-34fc9a773073.csv
2,34fc9a773073,2025-10-15T11:55:49.507887,shrek,DONKEY,320,True,6ec6587f6660,9.141113999248772,latency-34fc9a773073.csv
2,34fc9a773073,2025-10-15T11:55:49.623710,shrek3,him,87,True,c6aff4c179ab,11.608730000261858,latency-34fc9a773073.csv
2,34fc9a773073,2025-10-15T11:55:49.744884,grail,chops,3,True,6ec6587f6660,8.732489999601967,latency-34fc9a773073.csv
2,34fc9a773073,2025-10-15T11:55:49.877838,shrek,the,535,True,6ec6587f6660,4.906118999315368,latency-34fc9a773073.csv
1,35719d20bddd,2025-10-15T11:55:58.549995,shrek3,CHARMING,232,True,c6aff4c179ab,5.245874999673106,latency-35719d20bddd.csv
1,35719d20bddd,2025-10-15T11:55:58.669128,grail,Ecky-Ecky-Ecky,1,True,a1e396557c78,4.144806000113022,latency-35719d20bddd.csv
1,35719d20bddd,2025-10-15T11:55:58.777832,shrek,after,10,True,6ec6587f6660,7.6295030003166175,latency-35719d20bddd.csv
1,35719d20bddd,2025-10-15T11:55:58.898211,shrek,rising,1,True,6ec6587f6660,6.829734000348253,latency-35719d20bddd.csv
1,35719d20bddd,2025-10-15T11:55:59.011800,shrek3,of,275,True,6ec6587f6660,6.791609000174503,latency-35719d20bddd.csv
1,35719d20bddd,2025-10-15T11:55:59.123728,shrek3,get,39,True,c6aff4c179ab,6.351803999677941,latency-35719d20bddd.csv
1,35719d20bddd,2025-10-15T11:55:59.236620,shrek3,and,576,True,c6aff4c179ab,6.7067840000163415,latency-35719d20bddd.csv
1,35719d20bddd,2025-10-15T11:55:59.350097,shrek,SHREK,433,True,c6aff4c179ab,7.063317000756797,latency-35719d20bddd.csv
1,35719d20bddd,2025-10-15T11:55:59.466838,shrek3,116,1,True,c6aff4c179ab,18.35434100030397,latency-35719d20bddd.csv
1,35719d20bddd,2025-10-15T11:55:59.609282,shrek,this,79,True,a1e396557c78,14.259521999520077,latency-35719d20bddd.csv
1,35719d20bddd,2025-10-15T11:55:59.738100,shrek,not,50,True,c6aff4c179ab,25.234476999685285,latency-35719d20bddd.csv
1,35719d20bddd,2025-10-15T11:55:59.880890,grail,cross,13,True,a1e396557c78,9.760163000464672,latency-35719d20bddd.csv
1,35719d20bddd,2025-10-15T11:56:00.001559,shrek,whistles,2,True,a1e396557c78,7.642693999514449,latency-35719d20bddd.csv
1,35719d20bddd,2025-10-15T11:56:00.118387,shrek3,EVIL,59,True,a1e396557c78,11.574698999538668,latency-35719d20bddd.csv
1,35719d20bddd,2025-10-15T11:56:00.238193,shrek,SHREK,433,True,c6aff4c179ab,35.554907999539864,latency-35719d20bddd.csv
1,35719d20bddd,2025-10-15T11:56:00.404770,shrek3,at,134,True,a1e396557c78,6.818349999775819,latency-35719d20bddd.csv
1,35719d20bddd,2025-10-15T11:56:00.522831,shrek,way,26,True,a1e396557c78,8.682294000209367,latency-35719d20bddd.csv
1,35719d20bddd,2025-10-15T11:56:00.644208,shrek3,Be,71,True,c6aff4c179ab,6.861163999928976,latency-35719d20bddd.csv
1,35719d20bddd,2025-10-15T11:56:00.759717,grail,the,1600,True,a1e396557c78,7.788361000166333,latency-35719d20bddd.csv
1,35719d20bddd,2025-10-15T11:56:00.877177,shrek,(standing,0,True,a1e396557c78,7.128303000172309,latency-35719d20bddd.csv
2,35719d20bddd,2025-10-15T11:56:00.993708,shrek3,CHARMING,232,True,6ec6587f6660,7.719297000221559,latency-35719d20bddd.csv
2,35719d20bddd,2025-10-15T11:56:01.109458,grail,Ecky-Ecky-Ecky,1,True,6ec6587f6660,10.636201000124856,latency-35719d20bddd.csv
2,35719d20bddd,2025-10-15T11:56:01.234111,shrek,after,10,True,c6aff4c179ab,8.422797999628528,latency-35719d20bddd.csv
2,35719d20bddd,2025-10-15T11:56:01.351305,shrek,rising,1,True,a1e396557c78,9.126396999818098,latency-35719d20bddd.csv
2,35719d20bddd,2025-10-15T11:56:01.469258,shrek3,of,275,True,a1e396557c78,5.186139000215917,latency-35719d20bddd.csv
2,35719d20bddd,2025-10-15T11:56:01.580385,shrek3,get,39,True,6ec6587f6660,6.789333999222436,latency-35719d20bddd.csv
2,35719d20bddd,2025-10-15T11:56:01.702059,shrek3,and,576,True,c6aff4c179ab,8.698925999851781,latency-35719d20bddd.csv
2,35719d20bddd,2025-10-15T11:56:01.820840,shrek,SHREK,433,True,a1e396557c78,6.884479999825999,latency-35719d20bddd.csv
2,35719d20bddd,2025-10-15T11:56:01.935734,shrek3,116,1,True,6ec6587f6660,8.055751000028977,latency-35719d20bddd.csv
2,35719d20bddd,2025-10-15T11:56:02.051446,shrek,this,79,True,c6aff4c179ab,7.470317000297655,latency-35719d20bddd.csv
2,35719d20bddd,2025-10-15T11:56:02.165163,shrek,not,50,True,a1e396557c78,5.969155999991926,latency-35719d20bddd.csv
2,35719d20bddd,2025-10-15T11:56:02.276526,grail,cross,13,True,6ec6587f6660,15.086062999216663,latency-35719d20bddd.csv
2,35719d20bddd,2025-10-15T11:56:02.400380,shrek,whistles,2,True,c6aff4c179ab,4.883902999608836,latency-35719d20bddd.csv
2,35719d20bddd,2025-10-15T11:56:02.509885,shrek3,EVIL,59,True,6ec6587f6660,5.5584330002602655,latency-35719d20bddd.csv
2,35719d20bddd,2025-10-15T11:56:02.621231,shrek,SHREK,433,True,6ec6587f6660,5.882913000277767,latency-35719d20bddd.csv
2,35719d20bddd,2025-10-15T11:56:02.736002,shrek3,at,134,True,c6aff4c179ab,6.915003999893088,latency-35719d20bddd.csv
2,35719d20bddd,2025-10-15T11:56:02.850287,shrek,way,26,True,a1e396557c78,6.242436999855272,latency-35719d20bddd.csv
2,35719d20bddd,2025-10-15T11:56:02.963633,shrek3,Be,71,True,c6aff4c179ab,5.459637000058137,latency-35719d20bddd.csv
2,35719d20bddd,2025-10-15T11:56:03.074041,grail,the,1600,True,6ec6587f6660,6.285937999564339,latency-35719d20bddd.csv
2,35719d20bddd,2025-10-15T11:56:03.185551,shrek,(standing,0,True,c6aff4c179ab,5.50035900050716,latency-35719d20bddd.csv
1,37cfffe370d6,2025-10-15T11:55:42.855441,shrek,SHREK,433,True,a1e396557c78,5.410311000559887,latency-37cfffe370d6.csv
1,37cfffe370d6,2025-10-15T11:55:42.966582,shrek3,They,80,True,c6aff4c179ab,6.985524000810983,latency-37cfffe370d6.csv
1,37cfffe370d6,2025-10-15T11:55:43.080245,shrek3,CAPTAIN,41,True,6ec6587f6660,6.180455000503571,latency-37cfffe370d6.csv
1,37cfffe370d6,2025-10-15T11:55:43.192287,shrek,this,79,True,a1e396557c78,5.197259999476955,latency-37cfffe370d6.csv
1,37cfffe370d6,2025-10-15T11:55:43.309879,shrek,one,44,True,c6aff4c179ab,5.920986999626621,latency-37cfffe370d6.csv
1,37cfffe370d6,2025-10-15T11:55:43.422664,shrek3,Uh,18,True,6ec6587f6660,6.262570000217238,latency-37cfffe370d6.csv
1,37cfffe370d6,2025-10-15T11:55:43.534470,shrek3,PRINCE,207,True,a1e396557c78,6.598115999622678,latency-37cfffe370d6.csv
1,37cfffe370d6,2025-10-15T11:55:43.647675,shrek,DONKEY,320,True,a1e396557c78,8.892511000340164,latency-37cfffe370d6.csv
1,37cfffe370d6,2025-10-15T11:55:43.762916,shrek3,WOLF,7,True,a1e396557c78,16.44978600052127,latency-37cfffe370d6.csv
1,37cfffe370d6,2025-10-15T11:55:43.894198,grail,door,14,True,c6aff4c179ab,11.202368000340355,latency-37cfffe370d6.csv
1,37cfffe370d6,2025-10-15T11:55:44.020581,grail,are,114,True,a1e396557c78,10.230318999674637,latency-37cfffe370d6.csv
1,37cfffe370d6,2025-10-15T11:55:44.141651,shrek,whistles,2,True,c6aff4c179ab,7.415459000185365,latency-37cfffe370d6.csv
1,37cfffe370d6,2025-10-15T11:55:44.259658,grail,Bridge,30,True,6ec6587f6660,8.534675000191783,latency-37cfffe370d6.csv
1,37cfffe370d6,2025-10-15T11:55:44.381001,grail,To,718,True,c6aff4c179ab,4.462677000447002,latency-37cfffe370d6.csv
1,37cfffe370d6,2025-10-15T11:55:44.494892,grail,Cleveland,3,True,6ec6587f6660,4.651780000131112,latency-37cfffe370d6.csv
1,37cfffe370d6,2025-10-15T11:55:44.609974,grail,is,317,True,a1e396557c78,10.556991000157725,latency-37cfffe370d6.csv
1,37cfffe370d6,2025-10-15T11:55:44.732791,shrek,after,10,True,6ec6587f6660,9.748759000103746,latency-37cfffe370d6.csv
1,37cfffe370d6,2025-10-15T11:55:44.852160,shrek3,SHREK,678,True,c6aff4c179ab,5.845389000569412,latency-37cfffe370d6.csv
1,37cfffe370d6,2025-10-15T11:55:44.968575,grail,Gallahad,44,True,a1e396557c78,4.226392999953532,latency-37cfffe370d6.csv
1,37cfffe370d6,2025-10-15T11:55:45.081674,shrek3,its,1,True,c6aff4c179ab,6.263983999815537,latency-37cfffe370d6.csv
2,37cfffe370d6,2025-10-15T11:55:45.197694,shrek,SHREK,433,True,6ec6587f6660,4.821339000045555,latency-37cfffe370d6.csv
2,37cfffe370d6,2025-10-15T11:55:45.310548,shrek3,They,80,True,a1e396557c78,7.577575000141223,latency-37cfffe370d6.csv
2,37cfffe370d6,2025-10-15T11:55:45.424946,shrek3,CAPTAIN,41,True,c6aff4c179ab,6.181202000334451,latency-37cfffe370d6.csv
2,37cfffe370d6,2025-10-15T11:55:45.536933,shrek,this,79,True,6ec6587f6660,7.576879999760422,latency-37cfffe370d6.csv
2,37cfffe370d6,2025-10-15T11:55:45.651298,shrek,one,44,True,a1e396557c78,4.805147999832116,latency-37cfffe370d6.csv
2,37cfffe370d6,2025-10-15T11:55:45.761787,shrek3,Uh,18,True,a1e396557c78,7.9651839996586205,latency-37cfffe370d6.csv
2,37cfffe370d6,2025-10-15T11:55:45.876871,shrek3,PRINCE,207,True,c6aff4c179ab,5.88681000044744,latency-37cfffe370d6.csv
2,37cfffe370d6,2025-10-15T11:55:45.989437,shrek,DONKEY,320,True,6ec6587f6660,6.270154000048933,latency-37cfffe370d6.csv
2,37cfffe370d6,2025-10-15T11:55:46.101528,shrek3,WOLF,7,True,a1e396557c78,7.543985999291181,latency-37cfffe370d6.csv
2,37cfffe370d6,2025-10-15T11:55:46.216721,grail,door,14,True,a1e396557c78,5.010407000554551,latency-37cfffe370d6.csv
2,37cfffe370d6,2025-10-15T11:55:46.327909,grail,are,114,True,a1e396557c78,15.59846700001799,latency-37cfffe370d6.csv
2,37cfffe370d6,2025-10-15T11:55:46.461051,shrek,whistles,2,True,c6aff4c179ab,12.792970999726094,latency-37cfffe370d6.csv
2,37cfffe370d6,2025-10-15T11:55:46.588982,grail,Bridge,30,True,c6aff4c179ab,10.095317999912368,latency-37cfffe370d6.csv
2,37cfffe370d6,2025-10-15T11:55:46.708047,grail,To,718,True,c6aff4c179ab,8.238651000283426,latency-37cfffe370d6.csv
2,37cfffe370d6,2025-10-15T11:55:46.826298,grail,Cleveland,3,True,6ec6587f6660,6.441702999836707,latency-37cfffe370d6.csv
2,37cfffe370d6,2025-10-15T11:55:46.943434,grail,is,317,True,a1e396557c78,12.992949000363296,latency-37cfffe370d6.csv
2,37cfffe370d6,2025-10-15T11:55:47.071839,shrek,after,10,True,6ec6587f6660,5.059522999545152,latency-37cfffe370d6.csv
2,37cfffe370d6,2025-10-15T11:55:47.185161,shrek3,SHREK,678,True,6ec6587f6660,5.886779999855207,latency-37cfffe370d6.csv
2,37cfffe370d6,2025-10-15T11:55:47.299685,grail,Gallahad,44,True,6ec6587f6660,12.212823000481876,latency-37cfffe370d6.csv
2,37cfffe370d6,2025-10-15T11:55:47.429050,shrek3,its,1,True,6ec6587f6660,6.753825000487268,latency-37cfffe370d6.csv
1,386a14683067,2025-10-15T11:55:22.799820,shrek3,Whoa,7,False,6ec6587f6660,29.4519319995743,latency-386a14683067.csv
1,386a14683067,2025-10-15T11:55:22.938394,shrek3,of,275,False,6ec6587f6660,22.69627599980595,latency-386a14683067.csv
1,386a14683067,2025-10-15T11:55:23.072237,shrek,at,62,False,6ec6587f6660,15.679924999858486,latency-386a14683067.csv
1,386a14683067,2025-10-15T11:55:23.196376,shrek,and,318,False,c6aff4c179ab,11.62002199998824,latency-386a14683067.csv
1,386a14683067,2025-10-15T11:55:23.314980,shrek,GUARD,25,True,c6aff4c179ab,8.037235000301735,latency-386a14683067.csv
1,386a14683067,2025-10-15T11:55:23.429413,shrek,FIONA,211,False,a1e396557c78,9.672343000602268,latency-386a14683067.csv
1,386a14683067,2025-10-15T11:55:23.544783,grail,“I,0,False,c6aff4c179ab,8.74046199987788,latency-386a14683067.csv
1,386a14683067,2025-10-15T11:55:23.660058,grail,are,114,False,6ec6587f6660,17.340680999950564,latency-386a14683067.csv
1,386a14683067,2025-10-15T11:55:23.787338,shrek3,Cinderella,21,False,a1e396557c78,14.90119699974457,latency-386a14683067.csv
1,386a14683067,2025-10-15T11:55:23.910043,shrek,CROWD,5,False,a1e396557c78,17.12939099979849,latency-386a14683067.csv
1,386a14683067,2025-10-15T11:55:24.036060,shrek3,what,82,False,a1e396557c78,27.43285999986256,latency-386a14683067.csv
1,386a14683067,2025-10-15T11:55:24.193507,shrek,happily,2,False,c6aff4c179ab,9.37446900024952,latency-386a14683067.csv
1,386a14683067,2025-10-15T11:55:24.308063,shrek3,me,72,False,a1e396557c78,12.742182000692992,latency-386a14683067.csv
1,386a14683067,2025-10-15T11:55:24.427198,shrek,INSIDE,16,False,6ec6587f6660,9.508213999652073,latency-386a14683067.csv
1,386a14683067,2025-10-15T11:55:24.543533,shrek3,field,3,False,a1e396557c78,16.48619099978532,latency-386a14683067.csv
1,386a14683067,2025-10-15T11:55:24.667719,shrek,number,8,False,a1e396557c78,8.832762000565708,latency-386a14683067.csv
1,386a14683067,2025-10-15T11:55:24.781400,grail,pause,10,False,a1e396557c78,9.306592000029925,latency-386a14683067.csv
1,386a14683067,2025-10-15T11:55:24.896507,shrek3,to,511,True,a1e396557c78,6.203232999723696,latency-386a14683067.csv
1,386a14683067,2025-10-15T11:55:25.008801,shrek,No,114,True,c6aff4c179ab,6.525804000375501,latency-386a14683067.csv
1,386a14683067,2025-10-15T11:55:25.121659,shrek3,Be,71,False,a1e396557c78,12.206895999952394,latency-386a14683067.csv
2,386a14683067,2025-10-15T11:55:25.240322,shrek3,Whoa,7,True,c6aff4c179ab,6.507052999950247,latency-386a14683067.csv
2,386a14683067,2025-10-15T11:55:25.352344,shrek3,of,275,True,a1e396557c78,5.9675299999071285,latency-386a14683067.csv
2,386a14683067,2025-10-15T11:55:25.463550,shrek,at,62,True,c6aff4c179ab,6.999219000135781,latency-386a14683067.csv
2,386a14683067,2025-10-15T11:55:25.576707,shrek,and,318,True,6ec6587f6660,6.9857019998380565,latency-386a14683067.csv
2,386a14683067,2025-10-15T11:55:25.689481,shrek,GUARD,25,True,a1e396557c78,6.607217000237142,latency-386a14683067.csv
2,386a14683067,2025-10-15T11:55:25.802023,shrek,FIONA,211,True,a1e396557c78,8.057613999881141,latency-386a14683067.csv
2,386a14683067,2025-10-15T11:55:25.917470,grail,“I,0,True,a1e396557c78,6.411246999959985,latency-386a14683067.csv
2,386a14683067,2025-10-15T11:55:26.031728,grail,are,114,True,a1e396557c78,10.02693200007343,latency-386a14683067.csv
2,386a14683067,2025-10-15T11:55:26.149024,shrek3,Cinderella,21,True,6ec6587f6660,9.233229000528809,latency-386a14683067.csv
2,386a14683067,2025-10-15T11:55:26.267588,shrek,CROWD,5,True,a1e396557c78,7.536578000326699,latency-386a14683067.csv
2,386a14683067,2025-10-15T11:55:26.383042,shrek3,what,82,True,6ec6587f6660,8.462351000162016,latency-386a14683067.csv
2,386a14683067,2025-10-15T11:55:26.497938,shrek,happily,2,True,a1e396557c78,14.626944000156072,latency-386a14683067.csv
2,386a14683067,2025-10-15T11:55:26.624729,shrek3,me,72,True,6ec6587f6660,6.536875999699987,latency-386a14683067.csv
2,386a14683067,2025-10-15T11:55:26.737499,shrek,INSIDE,16,True,a1e396557c78,10.131564999937837,latency-386a14683067.csv
2,386a14683067,2025-10-15T11:55:26.857562,shrek3,field,3,True,a1e396557c78,11.341245000039637,latency-386a14683067.csv
2,386a14683067,2025-10-15T11:55:26.976760,shrek,number,8,True,6ec6587f6660,7.427691999509989,latency-386a14683067.csv
2,386a14683067,2025-10-15T11:55:27.091119,grail,pause,10,True,a1e396557c78,9.213126000759075,latency-386a14683067.csv
2,386a14683067,2025-10-15T11:55:27.207360,shrek3,to,511,True,6ec6587f6660,5.305544000293594,latency-386a14683067.csv
2,386a14683067,2025-10-15T11:55:27.318930,shrek,No,114,True,a1e396557c78,8.223181999710505,latency-386a14683067.csv
2,386a14683067,2025-10-15T11:55:27.433169,shrek3,Be,71,True,c6aff4c179ab,6.806800000049407,latency-386a14683067.csv
1,3ee9046ef8e0,2025-10-15T11:55:57.497348,shrek3,SHOUTING),0,True,6ec6587f6660,6.4523600003667525,latency-3ee9046ef8e0.csv
1,3ee9046ef8e0,2025-10-15T11:55:57.610389,grail,Cleveland,3,True,a1e396557c78,5.555335999815725,latency-3ee9046ef8e0.csv
1,3ee9046ef8e0,2025-10-15T11:55:57.721727,grail,Footnote,4,True,6ec6587f6660,7.008710999798495,latency-3ee9046ef8e0.csv
1,3ee9046ef8e0,2025-10-15T11:55:57.836876,grail,thus,5,True,a1e396557c78,63.942171999769926,latency-3ee9046ef8e0.csv
1,3ee9046ef8e0,2025-10-15T11:55:58.019352,shrek,MAN,38,True,6ec6587f6660,14.232694999918747,latency-3ee9046ef8e0.csv
1,3ee9046ef8e0,2025-10-15T11:55:58.147128,grail,to,718,True,c6aff4c179ab,9.919177000483614,latency-3ee9046ef8e0.csv
1,3ee9046ef8e0,2025-10-15T11:55:58.271431,shrek,one,44,True,c6aff4c179ab,14.214496000022336,latency-3ee9046ef8e0.csv
1,3ee9046ef8e0,2025-10-15T11:55:58.404821,shrek3,Donkey,243,True,a1e396557c78,38.25547999986157,latency-3ee9046ef8e0.csv
1,3ee9046ef8e0,2025-10-15T11:55:58.557154,grail,them,41,True,6ec6587f6660,12.522996999905445,latency-3ee9046ef8e0.csv
1,3ee9046ef8e0,2025-10-15T11:55:58.677295,shrek,tale,7,True,6ec6587f6660,8.267176999652293,latency-3ee9046ef8e0.csv
1,3ee9046ef8e0,2025-10-15T11:55:58.793700,grail,upon,13,True,a1e396557c78,15.798153999639908,latency-3ee9046ef8e0.csv
1,3ee9046ef8e0,2025-10-15T11:55:58.926069,shrek3,bed,10,True,a1e396557c78,7.212868999886268,latency-3ee9046ef8e0.csv
1,3ee9046ef8e0,2025-10-15T11:55:59.040197,shrek,whole,10,True,a1e396557c78,7.158333000006678,latency-3ee9046ef8e0.csv
1,3ee9046ef8e0,2025-10-15T11:55:59.156220,grail,19Prince,0,True,a1e396557c78,8.512559999871883,latency-3ee9046ef8e0.csv
1,3ee9046ef8e0,2025-10-15T11:55:59.272005,grail,the,1600,True,6ec6587f6660,7.8425759993479005,latency-3ee9046ef8e0.csv
1,3ee9046ef8e0,2025-10-15T11:55:59.393426,grail,To,718,True,6ec6587f6660,11.853251000502496,latency-3ee9046ef8e0.csv
1,3ee9046ef8e0,2025-10-15T11:55:59.515227,grail,19Prince,0,True,a1e396557c78,29.02687200003129,latency-3ee9046ef8e0.csv
1,3ee9046ef8e0,2025-10-15T11:55:59.669808,shrek3,DONKEY,243,True,c6aff4c179ab,43.52100500000233,latency-3ee9046ef8e0.csv
1,3ee9046ef8e0,2025-10-15T11:55:59.835413,grail,at,104,True,6ec6587f6660,15.24435600003926,latency-3ee9046ef8e0.csv
1,3ee9046ef8e0,2025-10-15T11:55:59.965627,shrek,will,16,True,6ec6587f6660,9.056566000253952,latency-3ee9046ef8e0.csv
2,3ee9046ef8e0,2025-10-15T11:56:00.084282,shrek3,SHOUTING),0,True,a1e396557c78,22.186569000041345,latency-3ee9046ef8e0.csv
2,3ee9046ef8e0,2025-10-15T11:56:00.228654,grail,Cleveland,3,True,6ec6587f6660,40.00952100068389,latency-3ee9046ef8e0.csv
2,3ee9046ef8e0,2025-10-15T11:56:00.402435,grail,Footnote,4,True,c6aff4c179ab,8.381754000765795,latency-3ee9046ef8e0.csv
2,3ee9046ef8e0,2025-10-15T11:56:00.520696,grail,thus,5,True,c6aff4c179ab,10.168797000005725,latency-3ee9046ef8e0.csv
2,3ee9046ef8e0,2025-10-15T11:56:00.644208,shrek,MAN,38,True,a1e396557c78,8.358624000720738,latency-3ee9046ef8e0.csv
2,3ee9046ef8e0,2025-10-15T11:56:00.762093,grail,to,718,True,c6aff4c179ab,6.967506999899342,latency-3ee9046ef8e0.csv
2,3ee9046ef8e0,2025-10-15T11:56:00.879128,shrek,one,44,True,c6aff4c179ab,6.49158600026567,latency-3ee9046ef8e0.csv
2,3ee9046ef8e0,2025-10-15T11:56:00.995514,shrek3,Donkey,243,True,c6aff4c179ab,7.023033000223222,latency-3ee9046ef8e0.csv
2,3ee9046ef8e0,2025-10-15T11:56:01.110367,grail,them,41,True,a1e396557c78,10.254464000354346,latency-3ee9046ef8e0.csv
2,3ee9046ef8e0,2025-10-15T11:56:01.236178,shrek,tale,7,True,6ec6587f6660,8.302525000544847,latency-3ee9046ef8e0.csv
2,3ee9046ef8e0,2025-10-15T11:56:01.352703,grail,upon,13,True,6ec6587f6660,9.927222999976948,latency-3ee9046ef8e0.csv
2,3ee9046ef8e0,2025-10-15T11:56:01.470787,shrek3,bed,10,True,6ec6587f6660,4.6396769994316855,latency-3ee9046ef8e0.csv
2,3ee9046ef8e0,2025-10-15T11:56:01.581893,shrek,whole,10,True,c6aff4c179ab,11.105827999926989,latency-3ee9046ef8e0.csv
2,3ee9046ef8e0,2025-10-15T11:56:01.712708,grail,19Prince,0,True,a1e396557c78,8.203788999708195,latency-3ee9046ef8e0.csv
2,3ee9046ef8e0,2025-10-15T11:56:01.831867,grail,the,1600,True,6ec6587f6660,9.344976999273058,latency-3ee9046ef8e0.csv
2,3ee9046ef8e0,2025-10-15T11:56:01.949644,grail,To,718,True,a1e396557c78,8.07725200047571,latency-3ee9046ef8e0.csv
2,3ee9046ef8e0,2025-10-15T11:56:02.064737,grail,19Prince,0,True,a1e396557c78,5.378151000513753,latency-3ee9046ef8e0.csv
2,3ee9046ef8e0,2025-10-15T11:56:02.186378,shrek3,DONKEY,243,True,6ec6587f6660,7.048507999570575,latency-3ee9046ef8e0.csv
2,3ee9046ef8e0,2025-10-15T11:56:02.300579,grail,at,104,True,a1e396557c78,9.233108999978867,latency-3ee9046ef8e0.csv
2,3ee9046ef8e0,2025-10-15T11:56:02.418414,shrek,will,16,True,6ec6587f6660,4.777563999596168,latency-3ee9046ef8e0.csv
1,40ffa1e5c086,2025-10-15T11:55:55.968519,grail,Cleese,10,True,a1e396557c78,13.419251999948756,latency-40ffa1e5c086.csv
1,40ffa1e5c086,2025-10-15T11:55:56.108534,shrek3,JOCKS,2,True,a1e396557c78,7.772867999847222,latency-40ffa1e5c086.csv
1,40ffa1e5c086,2025-10-15T11:55:56.223275,shrek,I,386,True,c6aff4c179ab,8.108402999823738,latency-40ffa1e5c086.csv
1,40ffa1e5c086,2025-10-15T11:55:56.339185,shrek3,WHITE,45,True,a1e396557c78,5.395471999690926,latency-40ffa1e5c086.csv
1,40ffa1e5c086,2025-10-15T11:55:56.451499,grail,rows,1,True,c6aff4c179ab,16.401271000177076,latency-40ffa1e5c086.csv
1,40ffa1e5c086,2025-10-15T11:55:56.581673,grail,of,684,True,6ec6587f6660,8.773008999924059,latency-40ffa1e5c086.csv
1,40ffa1e5c086,2025-10-15T11:55:56.705506,shrek,on,88,True,a1e396557c78,14.94341300076485,latency-40ffa1e5c086.csv
1,40ffa1e5c086,2025-10-15T11:55:56.836065,grail,for,118,True,6ec6587f6660,7.874423999965074,latency-40ffa1e5c086.csv
1,40ffa1e5c086,2025-10-15T11:55:56.953371,grail,chops,3,True,c6aff4c179ab,6.938654999430582,latency-40ffa1e5c086.csv
1,40ffa1e5c086,2025-10-15T11:55:57.067451,shrek3,youre,0,True,a1e396557c78,5.863465999937034,latency-40ffa1e5c086.csv
1,40ffa1e5c086,2025-10-15T11:55:57.179308,grail,pseudonym,1,True,c6aff4c179ab,4.922095999972953,latency-40ffa1e5c086.csv
1,40ffa1e5c086,2025-10-15T11:55:57.290814,grail,"lute,",0,True,6ec6587f6660,13.193100000535196,latency-40ffa1e5c086.csv
1,40ffa1e5c086,2025-10-15T11:55:57.412144,shrek3,Uh,18,True,c6aff4c179ab,5.346169999938866,latency-40ffa1e5c086.csv
1,40ffa1e5c086,2025-10-15T11:55:57.523210,shrek3,its,1,True,6ec6587f6660,8.180654000170762,latency-40ffa1e5c086.csv
1,40ffa1e5c086,2025-10-15T11:55:57.637813,shrek3,Be,71,True,c6aff4c179ab,5.186133999814047,latency-40ffa1e5c086.csv
1,40ffa1e5c086,2025-10-15T11:55:57.748657,shrek3,the,1285,True,c6aff4c179ab,10.427144999994198,latency-40ffa1e5c086.csv
1,40ffa1e5c086,2025-10-15T11:55:57.869077,grail,singing,33,True,6ec6587f6660,38.40541099998518,latency-40ffa1e5c086.csv
1,40ffa1e5c086,2025-10-15T11:55:58.023965,shrek,INSIDE,16,True,c6aff4c179ab,13.577457999417677,latency-40ffa1e5c086.csv
1,40ffa1e5c086,2025-10-15T11:55:58.149265,shrek3,of,275,True,6ec6587f6660,9.171704999971553,latency-40ffa1e5c086.csv
1,40ffa1e5c086,2025-10-15T11:55:58.273488,shrek,not,50,True,a1e396557c78,13.306911999279691,latency-40ffa1e5c086.csv
2,40ffa1e5c086,2025-10-15T11:55:58.398621,grail,Cleese,10,True,a1e396557c78,25.97518200036575,latency-40ffa1e5c086.csv
2,40ffa1e5c086,2025-10-15T11:55:58.545915,shrek3,JOCKS,2,True,a1e396557c78,6.810537000092154,latency-40ffa1e5c086.csv
2,40ffa1e5c086,2025-10-15T11:55:58.659291,shrek,I,386,True,6ec6587f6660,4.269391999514482,latency-40ffa1e5c086.csv
2,40ffa1e5c086,2025-10-15T11:55:58.768987,shrek3,WHITE,45,True,c6aff4c179ab,5.718317999708233,latency-40ffa1e5c086.csv
2,40ffa1e5c086,2025-10-15T11:55:58.882085,grail,rows,1,True,a1e396557c78,7.994613000846584,latency-40ffa1e5c086.csv
2,40ffa1e5c086,2025-10-15T11:55:58.996201,grail,of,684,True,a1e396557c78,5.651026999657915,latency-40ffa1e5c086.csv
2,40ffa1e5c086,2025-10-15T11:55:59.106769,shrek,on,88,True,6ec6587f6660,5.699227000150131,latency-40ffa1e5c086.csv
2,40ffa1e5c086,2025-10-15T11:55:59.218060,grail,for,118,True,6ec6587f6660,5.881666000277619,latency-40ffa1e5c086.csv
2,40ffa1e5c086,2025-10-15T11:55:59.329645,grail,chops,3,True,6ec6587f6660,7.977794999533216,latency-40ffa1e5c086.csv
2,40ffa1e5c086,2025-10-15T11:55:59.444509,shrek3,youre,0,True,6ec6587f6660,9.246354999959294,latency-40ffa1e5c086.csv
2,40ffa1e5c086,2025-10-15T11:55:59.561431,grail,pseudonym,1,True,6ec6587f6660,24.94134600055986,latency-40ffa1e5c086.csv
2,40ffa1e5c086,2025-10-15T11:55:59.703349,grail,"lute,",0,True,6ec6587f6660,27.82743599982496,latency-40ffa1e5c086.csv
2,40ffa1e5c086,2025-10-15T11:55:59.846613,shrek3,Uh,18,True,6ec6587f6660,10.843033000128344,latency-40ffa1e5c086.csv
2,40ffa1e5c086,2025-10-15T11:55:59.970273,shrek3,its,1,True,6ec6587f6660,7.582616000036069,latency-40ffa1e5c086.csv
2,40ffa1e5c086,2025-10-15T11:56:00.085823,shrek3,Be,71,True,6ec6587f6660,10.564586999862511,latency-40ffa1e5c086.csv
2,40ffa1e5c086,2025-10-15T11:56:00.217241,shrek3,the,1285,True,c6aff4c179ab,19.232767000175954,latency-40ffa1e5c086.csv
2,40ffa1e5c086,2025-10-15T11:56:00.374121,grail,singing,33,True,a1e396557c78,11.56389300012961,latency-40ffa1e5c086.csv
2,40ffa1e5c086,2025-10-15T11:56:00.497383,shrek,INSIDE,16,True,a1e396557c78,6.2041179999141605,latency-40ffa1e5c086.csv
2,40ffa1e5c086,2025-10-15T11:56:00.614966,shrek3,of,275,True,a1e396557c78,6.018948000019009,latency-40ffa1e5c086.csv
2,40ffa1e5c086,2025-10-15T11:56:00.728997,shrek,not,50,True,6ec6587f6660,7.462141999894811,latency-40ffa1e5c086.csv
1,426e04acf32c,2025-10-15T11:55:22.466769,shrek3,CHARMING,232,False,6ec6587f6660,20.65030499943532,latency-426e04acf32c.csv
1,426e04acf32c,2025-10-15T11:55:22.594184,shrek3,SHREK,678,False,a1e396557c78,16.782317000433977,latency-426e04acf32c.csv
1,426e04acf32c,2025-10-15T11:55:22.719291,shrek3,Ahh,8,False,c6aff4c179ab,25.78531800008932,latency-426e04acf32c.csv
1,426e04acf32c,2025-10-15T11:55:22.852774,shrek,help,5,True,c6aff4c179ab,7.969483999659133,latency-426e04acf32c.csv
1,426e04acf32c,2025-10-15T11:55:22.968900,shrek,GORDO,5,False,c6aff4c179ab,14.432410999688727,latency-426e04acf32c.csv
1,426e04acf32c,2025-10-15T11:55:23.090226,shrek,minute,3,False,c6aff4c179ab,17.85300699975778,latency-426e04acf32c.csv
1,426e04acf32c,2025-10-15T11:55:23.219110,grail,a,666,False,a1e396557c78,11.88130500031548,latency-426e04acf32c.csv
1,426e04acf32c,2025-10-15T11:55:23.337130,shrek,HOOD,13,False,6ec6587f6660,15.652972999305348,latency-426e04acf32c.csv
1,426e04acf32c,2025-10-15T11:55:23.464886,shrek,one,44,False,c6aff4c179ab,9.644458000366283,latency-426e04acf32c.csv
1,426e04acf32c,2025-10-15T11:55:23.581204,grail,BEDEVERE,103,False,6ec6587f6660,14.930027999980666,latency-426e04acf32c.csv
1,426e04acf32c,2025-10-15T11:55:23.703321,shrek,Is,132,False,a1e396557c78,14.858788999845274,latency-426e04acf32c.csv
1,426e04acf32c,2025-10-15T11:55:23.825639,grail,Gallahad,44,False,a1e396557c78,13.55592300024,latency-426e04acf32c.csv
1,426e04acf32c,2025-10-15T11:55:23.946487,shrek,he,118,True,a1e396557c78,8.090884999546688,latency-426e04acf32c.csv
1,426e04acf32c,2025-10-15T11:55:24.062147,shrek,baby,3,False,c6aff4c179ab,27.68161299991334,latency-426e04acf32c.csv
1,426e04acf32c,2025-10-15T11:55:24.197420,shrek,its,1,False,a1e396557c78,10.91665500007366,latency-426e04acf32c.csv
1,426e04acf32c,2025-10-15T11:55:24.313326,shrek3,true,1,False,6ec6587f6660,16.228434999902674,latency-426e04acf32c.csv
1,426e04acf32c,2025-10-15T11:55:24.435694,grail,To,718,True,c6aff4c179ab,6.038151000211656,latency-426e04acf32c.csv
1,426e04acf32c,2025-10-15T11:55:24.547498,shrek,you,409,True,6ec6587f6660,7.416500000545056,latency-426e04acf32c.csv
1,426e04acf32c,2025-10-15T11:55:24.663281,shrek3,"Suddenly,",0,False,c6aff4c179ab,11.981470000137053,latency-426e04acf32c.csv
1,426e04acf32c,2025-10-15T11:55:24.780239,grail,feel,11,False,c6aff4c179ab,9.871593999378092,latency-426e04acf32c.csv
2,426e04acf32c,2025-10-15T11:55:24.896215,shrek3,CHARMING,232,True,c6aff4c179ab,6.368893999933789,latency-426e04acf32c.csv
2,426e04acf32c,2025-10-15T11:55:25.008875,shrek3,SHREK,678,True,a1e396557c78,6.501881999611214,latency-426e04acf32c.csv
2,426e04acf32c,2025-10-15T11:55:25.121774,shrek3,Ahh,8,True,6ec6587f6660,5.859619000148086,latency-426e04acf32c.csv
2,426e04acf32c,2025-10-15T11:55:25.232769,shrek,help,5,True,6ec6587f6660,5.520906999663566,latency-426e04acf32c.csv
2,426e04acf32c,2025-10-15T11:55:25.345371,shrek,GORDO,5,True,c6aff4c179ab,4.974415000106092,latency-426e04acf32c.csv
2,426e04acf32c,2025-10-15T11:55:25.455908,shrek,minute,3,True,6ec6587f6660,5.789277000076254,latency-426e04acf32c.csv
2,426e04acf32c,2025-10-15T11:55:25.569585,grail,a,666,True,a1e396557c78,9.677879000264513,latency-426e04acf32c.csv
2,426e04acf32c,2025-10-15T11:55:25.685589,shrek,HOOD,13,True,c6aff4c179ab,5.896251000194752,latency-426e04acf32c.csv
2,426e04acf32c,2025-10-15T11:55:25.798280,shrek,one,44,True,c6aff4c179ab,9.709415000543231,latency-426e04acf32c.csv
2,426e04acf32c,2025-10-15T11:55:25.915625,grail,BEDEVERE,103,True,c6aff4c179ab,5.635579999761831,latency-426e04acf32c.csv
2,426e04acf32c,2025-10-15T11:55:26.028666,shrek,Is,132,True,c6aff4c179ab,10.494799999833049,latency-426e04acf32c.csv
2,426e04acf32c,2025-10-15T11:55:26.146916,grail,Gallahad,44,True,a1e396557c78,10.296663999724842,latency-426e04acf32c.csv
2,426e04acf32c,2025-10-15T11:55:26.267946,shrek,he,118,True,6ec6587f6660,7.575266999992891,latency-426e04acf32c.csv
2,426e04acf32c,2025-10-15T11:55:26.383846,shrek,baby,3,True,c6aff4c179ab,7.729307999397861,latency-426e04acf32c.csv
2,426e04acf32c,2025-10-15T11:55:26.498856,shrek,its,1,True,6ec6587f6660,13.68423699932464,latency-426e04acf32c.csv
2,426e04acf32c,2025-10-15T11:55:26.624729,shrek3,true,1,True,c6aff4c179ab,6.5737370005081175,latency-426e04acf32c.csv
2,426e04acf32c,2025-10-15T11:55:26.737578,grail,To,718,True,6ec6587f6660,10.410210999907576,latency-426e04acf32c.csv
2,426e04acf32c,2025-10-15T11:55:26.859163,shrek,you,409,True,c6aff4c179ab,9.975887999644328,latency-426e04acf32c.csv
2,426e04acf32c,2025-10-15T11:55:26.976539,shrek3,"Suddenly,",0,True,a1e396557c78,7.216100999357877,latency-426e04acf32c.csv
2,426e04acf32c,2025-10-15T11:55:27.090898,grail,feel,11,True,c6aff4c179ab,9.925324000505498,latency-426e04acf32c.csv
1,464a4ba10800,2025-10-15T11:55:30.150243,shrek,DONKEY,320,True,6ec6587f6660,31.640757000786834,latency-464a4ba10800.csv
1,464a4ba10800,2025-10-15T11:55:30.306373,shrek3,bed,10,True,a1e396557c78,19.901222000044072,latency-464a4ba10800.csv
1,464a4ba10800,2025-10-15T11:55:30.440864,shrek,the,535,True,c6aff4c179ab,17.536237000058463,latency-464a4ba10800.csv
1,464a4ba10800,2025-10-15T11:55:30.579479,shrek3,boomerang,1,True,6ec6587f6660,30.993193000540487,latency-464a4ba10800.csv
1,464a4ba10800,2025-10-15T11:55:30.728278,grail,about,49,False,c6aff4c179ab,52.20332299995789,latency-464a4ba10800.csv
1,464a4ba10800,2025-10-15T11:55:30.897378,shrek3,boomerang,1,True,6ec6587f6660,9.103086999857624,latency-464a4ba10800.csv
1,464a4ba10800,2025-10-15T11:55:31.017290,shrek,(standing,0,True,a1e396557c78,12.81704700068076,latency-464a4ba10800.csv
1,464a4ba10800,2025-10-15T11:55:31.140151,grail,elected,2,True,a1e396557c78,12.914988999909838,latency-464a4ba10800.csv
1,464a4ba10800,2025-10-15T11:55:31.261357,shrek,SHREK,433,True,c6aff4c179ab,8.356430999810982,latency-464a4ba10800.csv
1,464a4ba10800,2025-10-15T11:55:31.381825,shrek,Shrek,433,True,a1e396557c78,9.557219000271289,latency-464a4ba10800.csv
1,464a4ba10800,2025-10-15T11:55:31.502290,shrek3,an,51,True,a1e396557c78,9.449854999729723,latency-464a4ba10800.csv
1,464a4ba10800,2025-10-15T11:55:31.623427,grail,“I,0,True,c6aff4c179ab,10.618461000376556,latency-464a4ba10800.csv
1,464a4ba10800,2025-10-15T11:55:31.749676,shrek3,TO,511,True,6ec6587f6660,12.410092999743938,latency-464a4ba10800.csv
1,464a4ba10800,2025-10-15T11:55:31.876765,shrek,don't,72,True,c6aff4c179ab,18.076658000609317,latency-464a4ba10800.csv
1,464a4ba10800,2025-10-15T11:55:32.004817,grail,them,41,True,c6aff4c179ab,15.04518299952906,latency-464a4ba10800.csv
1,464a4ba10800,2025-10-15T11:55:32.128509,shrek,MAN,38,True,a1e396557c78,4.2859369996222085,latency-464a4ba10800.csv
1,464a4ba10800,2025-10-15T11:55:32.239789,shrek,What,104,True,6ec6587f6660,9.4189709998318,latency-464a4ba10800.csv
1,464a4ba10800,2025-10-15T11:55:32.363696,grail,and,722,True,a1e396557c78,9.184245000142257,latency-464a4ba10800.csv
1,464a4ba10800,2025-10-15T11:55:32.485173,shrek,He,118,True,6ec6587f6660,8.728279000024486,latency-464a4ba10800.csv
1,464a4ba10800,2025-10-15T11:55:32.612324,shrek3,supposed,11,False,a1e396557c78,15.017798999906518,latency-464a4ba10800.csv
2,464a4ba10800,2025-10-15T11:55:32.738662,shrek,DONKEY,320,True,a1e396557c78,9.849105999819583,latency-464a4ba10800.csv
2,464a4ba10800,2025-10-15T11:55:32.862946,shrek3,bed,10,True,6ec6587f6660,5.12060900018696,latency-464a4ba10800.csv
2,464a4ba10800,2025-10-15T11:55:32.974369,shrek,the,535,True,a1e396557c78,6.19242100037809,latency-464a4ba10800.csv
2,464a4ba10800,2025-10-15T11:55:33.088847,shrek3,boomerang,1,True,6ec6587f6660,7.481153999833623,latency-464a4ba10800.csv
2,464a4ba10800,2025-10-15T11:55:33.207423,grail,about,49,True,c6aff4c179ab,11.663106000014524,latency-464a4ba10800.csv
2,464a4ba10800,2025-10-15T11:55:33.334765,shrek3,boomerang,1,True,a1e396557c78,12.92553500024951,latency-464a4ba10800.csv
2,464a4ba10800,2025-10-15T11:55:33.456927,shrek,(standing,0,True,a1e396557c78,9.44688999970822,latency-464a4ba10800.csv
2,464a4ba10800,2025-10-15T11:55:33.579032,grail,elected,2,True,c6aff4c179ab,15.80968800044502,latency-464a4ba10800.csv
2,464a4ba10800,2025-10-15T11:55:33.709482,shrek,SHREK,433,True,c6aff4c179ab,10.01990900022065,latency-464a4ba10800.csv
2,464a4ba10800,2025-10-15T11:55:33.832905,shrek,Shrek,433,True,6ec6587f6660,6.283679000262055,latency-464a4ba10800.csv
2,464a4ba10800,2025-10-15T11:55:33.946378,shrek3,an,51,True,c6aff4c179ab,6.607639000321797,latency-464a4ba10800.csv
2,464a4ba10800,2025-10-15T11:55:34.060188,grail,“I,0,True,a1e396557c78,6.909765000273183,latency-464a4ba10800.csv
2,464a4ba10800,2025-10-15T11:55:34.174629,shrek3,TO,511,True,c6aff4c179ab,18.414328999824647,latency-464a4ba10800.csv
2,464a4ba10800,2025-10-15T11:55:34.313304,shrek,don't,72,True,6ec6587f6660,10.240161000183434,latency-464a4ba10800.csv
2,464a4ba10800,2025-10-15T11:55:34.437676,grail,them,41,True,c6aff4c179ab,24.78062299996964,latency-464a4ba10800.csv
2,464a4ba10800,2025-10-15T11:55:34.585885,shrek,MAN,38,True,a1e396557c78,12.279058999411063,latency-464a4ba10800.csv
2,464a4ba10800,2025-10-15T11:55:34.713311,shrek,What,104,True,a1e396557c78,15.256121999300376,latency-464a4ba10800.csv
2,464a4ba10800,2025-10-15T11:55:34.844657,grail,and,722,True,c6aff4c179ab,9.815591000005952,latency-464a4ba10800.csv
2,464a4ba10800,2025-10-15T11:55:34.968538,shrek,He,118,True,a1e396557c78,7.688879999477649,latency-464a4ba10800.csv
2,464a4ba10800,2025-10-15T11:55:35.093671,shrek3,supposed,11,True,a1e396557c78,8.75896500019735,latency-464a4ba10800.csv
1,4c00f1af7cf2,2025-10-15T11:55:46.112945,shrek3,Arg,1,True,6ec6587f6660,7.151867000175116,latency-4c00f1af7cf2.csv
1,4c00f1af7cf2,2025-10-15T11:55:46.227566,shrek3,glass,9,True,6ec6587f6660,7.574879999992845,latency-4c00f1af7cf2.csv
1,4c00f1af7cf2,2025-10-15T11:55:46.341559,grail,Butts,2,True,6ec6587f6660,12.659727000027488,latency-4c00f1af7cf2.csv
1,4c00f1af7cf2,2025-10-15T11:55:46.461600,shrek,FIONA'S,3,True,a1e396557c78,14.084636000006869,latency-4c00f1af7cf2.csv
1,4c00f1af7cf2,2025-10-15T11:55:46.590619,grail,Gallahad,44,True,6ec6587f6660,9.662761999607028,latency-4c00f1af7cf2.csv
1,4c00f1af7cf2,2025-10-15T11:55:46.709086,grail,Launcelot,107,True,a1e396557c78,8.462014000542695,latency-4c00f1af7cf2.csv
1,4c00f1af7cf2,2025-10-15T11:55:46.828869,shrek3,did,14,True,6ec6587f6660,6.75415499972587,latency-4c00f1af7cf2.csv
1,4c00f1af7cf2,2025-10-15T11:55:46.945058,grail,54,2,True,a1e396557c78,11.22201300040615,latency-4c00f1af7cf2.csv
1,4c00f1af7cf2,2025-10-15T11:55:47.070520,shrek3,SNOW,49,True,a1e396557c78,5.662733999997727,latency-4c00f1af7cf2.csv
1,4c00f1af7cf2,2025-10-15T11:55:47.184177,shrek,your,49,True,a1e396557c78,5.9182009999858565,latency-4c00f1af7cf2.csv
1,4c00f1af7cf2,2025-10-15T11:55:47.298308,shrek3,SHREK,678,True,c6aff4c179ab,12.024425999697996,latency-4c00f1af7cf2.csv
1,4c00f1af7cf2,2025-10-15T11:55:47.423271,grail,the,1600,True,6ec6587f6660,7.185579000179132,latency-4c00f1af7cf2.csv
1,4c00f1af7cf2,2025-10-15T11:55:47.538579,shrek,transport,1,True,6ec6587f6660,6.853918999695452,latency-4c00f1af7cf2.csv
1,4c00f1af7cf2,2025-10-15T11:55:47.654156,shrek3,ARTIE,213,True,a1e396557c78,10.060083999633209,latency-4c00f1af7cf2.csv
1,4c00f1af7cf2,2025-10-15T11:55:47.771751,grail,a,666,True,c6aff4c179ab,8.233548999669438,latency-4c00f1af7cf2.csv
1,4c00f1af7cf2,2025-10-15T11:55:47.889015,grail,few,8,True,a1e396557c78,7.669174000511703,latency-4c00f1af7cf2.csv
1,4c00f1af7cf2,2025-10-15T11:55:48.006477,grail,Launcelot,107,True,6ec6587f6660,8.90215899926261,latency-4c00f1af7cf2.csv
1,4c00f1af7cf2,2025-10-15T11:55:48.123499,shrek3,to,511,True,6ec6587f6660,10.15163699958066,latency-4c00f1af7cf2.csv
1,4c00f1af7cf2,2025-10-15T11:55:48.257922,grail,Bridge,30,True,c6aff4c179ab,9.460640000725109,latency-4c00f1af7cf2.csv
1,4c00f1af7cf2,2025-10-15T11:55:48.385046,shrek3,Im,1,True,a1e396557c78,9.5279400002255,latency-4c00f1af7cf2.csv
2,4c00f1af7cf2,2025-10-15T11:55:48.515589,shrek3,Arg,1,True,a1e396557c78,8.881945000212,latency-4c00f1af7cf2.csv
2,4c00f1af7cf2,2025-10-15T11:55:48.632615,shrek3,glass,9,True,a1e396557c78,7.996174000254541,latency-4c00f1af7cf2.csv
2,4c00f1af7cf2,2025-10-15T11:55:48.749612,grail,Butts,2,True,a1e396557c78,16.649571000016294,latency-4c00f1af7cf2.csv
2,4c00f1af7cf2,2025-10-15T11:55:48.884766,shrek,FIONA'S,3,True,6ec6587f6660,6.958787999792548,latency-4c00f1af7cf2.csv
2,4c00f1af7cf2,2025-10-15T11:55:48.997916,grail,Gallahad,44,True,c6aff4c179ab,4.568438000205788,latency-4c00f1af7cf2.csv
2,4c00f1af7cf2,2025-10-15T11:55:49.108203,grail,Launcelot,107,True,6ec6587f6660,6.09411299956264,latency-4c00f1af7cf2.csv
2,4c00f1af7cf2,2025-10-15T11:55:49.220164,shrek3,did,14,True,a1e396557c78,10.269727999911993,latency-4c00f1af7cf2.csv
2,4c00f1af7cf2,2025-10-15T11:55:49.337485,grail,54,2,True,6ec6587f6660,5.269369999950868,latency-4c00f1af7cf2.csv
2,4c00f1af7cf2,2025-10-15T11:55:49.448146,shrek3,SNOW,49,True,a1e396557c78,5.210806000832235,latency-4c00f1af7cf2.csv
2,4c00f1af7cf2,2025-10-15T11:55:49.558286,shrek,your,49,True,c6aff4c179ab,4.546019999907003,latency-4c00f1af7cf2.csv
2,4c00f1af7cf2,2025-10-15T11:55:49.667681,shrek3,SHREK,678,True,6ec6587f6660,24.627787999634165,latency-4c00f1af7cf2.csv
2,4c00f1af7cf2,2025-10-15T11:55:49.815329,grail,the,1600,True,a1e396557c78,5.9139770000911085,latency-4c00f1af7cf2.csv
2,4c00f1af7cf2,2025-10-15T11:55:49.927462,shrek,transport,1,True,c6aff4c179ab,7.013684999947145,latency-4c00f1af7cf2.csv
2,4c00f1af7cf2,2025-10-15T11:55:50.041045,shrek3,ARTIE,213,True,a1e396557c78,6.991727000240644,latency-4c00f1af7cf2.csv
2,4c00f1af7cf2,2025-10-15T11:55:50.154163,grail,a,666,True,6ec6587f6660,5.925725999986753,latency-4c00f1af7cf2.csv
2,4c00f1af7cf2,2025-10-15T11:55:50.267004,grail,few,8,True,c6aff4c179ab,13.12639899970236,latency-4c00f1af7cf2.csv
2,4c00f1af7cf2,2025-10-15T11:55:50.394892,grail,Launcelot,107,True,a1e396557c78,7.969196999511041,latency-4c00f1af7cf2.csv
2,4c00f1af7cf2,2025-10-15T11:55:50.510073,shrek3,to,511,True,6ec6587f6660,10.5281689993717,latency-4c00f1af7cf2.csv
2,4c00f1af7cf2,2025-10-15T11:55:50.629387,grail,Bridge,30,True,c6aff4c179ab,6.078438000258757,latency-4c00f1af7cf2.csv
2,4c00f1af7cf2,2025-10-15T11:55:50.741668,shrek3,Im,1,True,6ec6587f6660,6.487291999292211,latency-4c00f1af7cf2.csv
1,4cfb5da1a636,2025-10-15T11:55:34.730712,shrek,He,118,True,6ec6587f6660,12.922277999678045,latency-4cfb5da1a636.csv
1,4cfb5da1a636,2025-10-15T11:55:34.855470,shrek3,boomerang,1,True,c6aff4c179ab,11.835276000056185,latency-4cfb5da1a636.csv
1,4cfb5da1a636,2025-10-15T11:55:34.978469,shrek3,right,36,True,a1e396557c78,16.58047599994461,latency-4cfb5da1a636.csv
1,4cfb5da1a636,2025-10-15T11:55:35.132568,shrek,you,409,True,c6aff4c179ab,13.142456999958084,latency-4cfb5da1a636.csv
1,4cfb5da1a636,2025-10-15T11:55:35.259509,shrek,I,386,True,a1e396557c78,10.523909000767162,latency-4cfb5da1a636.csv
1,4cfb5da1a636,2025-10-15T11:55:35.380934,shrek3,Whoa,7,True,6ec6587f6660,6.55424500018853,latency-4cfb5da1a636.csv
1,4cfb5da1a636,2025-10-15T11:55:35.500443,shrek3,youre,0,True,c6aff4c179ab,5.315653000252496,latency-4cfb5da1a636.csv
1,4cfb5da1a636,2025-10-15T11:55:35.611936,shrek3,true,1,True,a1e396557c78,5.2901939998264425,latency-4cfb5da1a636.csv
1,4cfb5da1a636,2025-10-15T11:55:35.722669,grail,sell,1,True,6ec6587f6660,7.505353999476938,latency-4cfb5da1a636.csv
1,4cfb5da1a636,2025-10-15T11:55:35.842621,shrek3,EVIL,59,True,c6aff4c179ab,6.154223000521597,latency-4cfb5da1a636.csv
1,4cfb5da1a636,2025-10-15T11:55:35.954268,grail,Guard,106,True,6ec6587f6660,4.845886000111932,latency-4cfb5da1a636.csv
1,4cfb5da1a636,2025-10-15T11:55:36.064179,shrek3,and,576,True,c6aff4c179ab,7.359439000538259,latency-4cfb5da1a636.csv
1,4cfb5da1a636,2025-10-15T11:55:36.179036,grail,Cleveland,3,True,c6aff4c179ab,6.478407999566116,latency-4cfb5da1a636.csv
1,4cfb5da1a636,2025-10-15T11:55:36.291061,shrek,CROWD,5,True,c6aff4c179ab,6.957593000151974,latency-4cfb5da1a636.csv
1,4cfb5da1a636,2025-10-15T11:55:36.405386,grail,them,41,True,a1e396557c78,7.987503999174805,latency-4cfb5da1a636.csv
1,4cfb5da1a636,2025-10-15T11:55:36.520386,grail,the,1600,True,c6aff4c179ab,10.463881999385194,latency-4cfb5da1a636.csv
1,4cfb5da1a636,2025-10-15T11:55:36.639286,grail,Get,47,True,c6aff4c179ab,10.079760000735403,latency-4cfb5da1a636.csv
1,4cfb5da1a636,2025-10-15T11:55:36.757609,shrek3,"Suddenly,",0,True,c6aff4c179ab,8.779734000199824,latency-4cfb5da1a636.csv
1,4cfb5da1a636,2025-10-15T11:55:36.877039,grail,king,136,True,c6aff4c179ab,10.32686999951693,latency-4cfb5da1a636.csv
1,4cfb5da1a636,2025-10-15T11:55:37.019314,grail,(as,0,True,a1e396557c78,8.117932999994082,latency-4cfb5da1a636.csv
2,4cfb5da1a636,2025-10-15T11:55:37.137470,shrek,He,118,True,a1e396557c78,4.9584240005060565,latency-4cfb5da1a636.csv
2,4cfb5da1a636,2025-10-15T11:55:37.249742,shrek3,boomerang,1,True,a1e396557c78,7.828761999917333,latency-4cfb5da1a636.csv
2,4cfb5da1a636,2025-10-15T11:55:37.371439,shrek3,right,36,True,c6aff4c179ab,8.633781000753515,latency-4cfb5da1a636.csv
2,4cfb5da1a636,2025-10-15T11:55:37.493169,shrek,you,409,True,c6aff4c179ab,6.348960999275732,latency-4cfb5da1a636.csv
2,4cfb5da1a636,2025-10-15T11:55:37.608624,shrek,I,386,True,c6aff4c179ab,5.857572000422806,latency-4cfb5da1a636.csv
2,4cfb5da1a636,2025-10-15T11:55:37.722382,shrek3,Whoa,7,True,c6aff4c179ab,4.974188999767648,latency-4cfb5da1a636.csv
2,4cfb5da1a636,2025-10-15T11:55:37.834230,shrek3,youre,0,True,6ec6587f6660,6.35170100031246,latency-4cfb5da1a636.csv
2,4cfb5da1a636,2025-10-15T11:55:37.946399,shrek3,true,1,True,a1e396557c78,5.725996999899508,latency-4cfb5da1a636.csv
2,4cfb5da1a636,2025-10-15T11:55:38.057018,grail,sell,1,True,a1e396557c78,4.913064999527705,latency-4cfb5da1a636.csv
2,4cfb5da1a636,2025-10-15T11:55:38.168094,shrek3,EVIL,59,True,c6aff4c179ab,6.820508000600967,latency-4cfb5da1a636.csv
2,4cfb5da1a636,2025-10-15T11:55:38.289019,grail,Guard,106,True,6ec6587f6660,18.42677399963577,latency-4cfb5da1a636.csv
2,4cfb5da1a636,2025-10-15T11:55:38.416831,shrek3,and,576,True,a1e396557c78,14.322248999633302,latency-4cfb5da1a636.csv
2,4cfb5da1a636,2025-10-15T11:55:38.544528,grail,Cleveland,3,True,a1e396557c78,5.7219079999413225,latency-4cfb5da1a636.csv
2,4cfb5da1a636,2025-10-15T11:55:38.658912,shrek,CROWD,5,True,c6aff4c179ab,8.419709999543556,latency-4cfb5da1a636.csv
2,4cfb5da1a636,2025-10-15T11:55:38.779674,grail,them,41,True,6ec6587f6660,5.338562999895657,latency-4cfb5da1a636.csv
2,4cfb5da1a636,2025-10-15T11:55:38.893242,grail,the,1600,True,6ec6587f6660,5.76111500049592,latency-4cfb5da1a636.csv
2,4cfb5da1a636,2025-10-15T11:55:39.004482,grail,Get,47,True,a1e396557c78,5.828355000630836,latency-4cfb5da1a636.csv
2,4cfb5da1a636,2025-10-15T11:55:39.116285,shrek3,"Suddenly,",0,True,c6aff4c179ab,8.021186000405578,latency-4cfb5da1a636.csv
2,4cfb5da1a636,2025-10-15T11:55:39.230519,grail,king,136,True,c6aff4c179ab,10.013512000114131,latency-4cfb5da1a636.csv
2,4cfb5da1a636,2025-10-15T11:55:39.347204,grail,(as,0,True,c6aff4c179ab,5.214626999986649,latency-4cfb5da1a636.csv
1,4e2afa8a0423,2025-10-15T11:56:00.327879,grail,Bum,13,True,a1e396557c78,15.57468400005746,latency-4e2afa8a0423.csv
1,4e2afa8a0423,2025-10-15T11:56:00.451125,shrek3,glass,9,True,a1e396557c78,4.926528999931179,latency-4e2afa8a0423.csv
1,4e2afa8a0423,2025-10-15T11:56:00.561883,shrek3,toward,14,True,a1e396557c78,6.963833000554587,latency-4e2afa8a0423.csv
1,4e2afa8a0423,2025-10-15T11:56:00.675288,shrek3,cosmic,1,True,a1e396557c78,5.506251000042539,latency-4e2afa8a0423.csv
1,4e2afa8a0423,2025-10-15T11:56:00.786255,grail,upon,13,True,6ec6587f6660,6.804458999795315,latency-4e2afa8a0423.csv
1,4e2afa8a0423,2025-10-15T11:56:00.898836,shrek,tell,25,True,6ec6587f6660,6.845965000138676,latency-4e2afa8a0423.csv
1,4e2afa8a0423,2025-10-15T11:56:01.013156,shrek3,Artie,213,True,6ec6587f6660,7.54343000062363,latency-4e2afa8a0423.csv
1,4e2afa8a0423,2025-10-15T11:56:01.127517,grail,right,66,True,c6aff4c179ab,8.85061000008136,latency-4e2afa8a0423.csv
1,4e2afa8a0423,2025-10-15T11:56:01.243171,grail,chops,3,True,a1e396557c78,7.211652000478352,latency-4e2afa8a0423.csv
1,4e2afa8a0423,2025-10-15T11:56:01.358410,grail,Michael,11,True,a1e396557c78,13.02996900085418,latency-4e2afa8a0423.csv
1,4e2afa8a0423,2025-10-15T11:56:01.478645,grail,a,666,True,a1e396557c78,6.276868999520957,latency-4e2afa8a0423.csv
1,4e2afa8a0423,2025-10-15T11:56:01.590312,grail,Ecky-Ecky-Ecky,1,True,6ec6587f6660,14.709948000017905,latency-4e2afa8a0423.csv
1,4e2afa8a0423,2025-10-15T11:56:01.721760,shrek3,true,1,True,a1e396557c78,9.549909000270418,latency-4e2afa8a0423.csv
1,4e2afa8a0423,2025-10-15T11:56:01.837985,grail,to,718,True,6ec6587f6660,7.887248000770342,latency-4e2afa8a0423.csv
1,4e2afa8a0423,2025-10-15T11:56:01.953898,shrek3,us,12,True,c6aff4c179ab,8.375342000363162,latency-4e2afa8a0423.csv
1,4e2afa8a0423,2025-10-15T11:56:02.070831,grail,THREE-HEADED,8,True,c6aff4c179ab,20.99552500021673,latency-4e2afa8a0423.csv
1,4e2afa8a0423,2025-10-15T11:56:02.205616,grail,are,114,True,6ec6587f6660,7.186414999523549,latency-4e2afa8a0423.csv
1,4e2afa8a0423,2025-10-15T11:56:02.319908,shrek3,JOCKS,2,True,6ec6587f6660,8.19984600002499,latency-4e2afa8a0423.csv
1,4e2afa8a0423,2025-10-15T11:56:02.435129,shrek,HOOD,13,True,c6aff4c179ab,7.20260199977929,latency-4e2afa8a0423.csv
1,4e2afa8a0423,2025-10-15T11:56:02.549606,shrek,I,386,True,a1e396557c78,9.15604900001199,latency-4e2afa8a0423.csv
2,4e2afa8a0423,2025-10-15T11:56:02.667497,grail,Bum,13,True,c6aff4c179ab,8.146001000568504,latency-4e2afa8a0423.csv
2,4e2afa8a0423,2025-10-15T11:56:02.782904,shrek3,glass,9,True,c6aff4c179ab,7.339359000070544,latency-4e2afa8a0423.csv
2,4e2afa8a0423,2025-10-15T11:56:02.896896,shrek3,toward,14,True,c6aff4c179ab,6.268471000112186,latency-4e2afa8a0423.csv
2,4e2afa8a0423,2025-10-15T11:56:03.009120,shrek3,cosmic,1,True,6ec6587f6660,7.472997999684594,latency-4e2afa8a0423.csv
2,4e2afa8a0423,2025-10-15T11:56:03.126679,grail,upon,13,True,c6aff4c179ab,7.919401000435755,latency-4e2afa8a0423.csv
2,4e2afa8a0423,2025-10-15T11:56:03.257003,shrek,tell,25,True,a1e396557c78,12.316260999796214,latency-4e2afa8a0423.csv
2,4e2afa8a0423,2025-10-15T11:56:03.385366,shrek3,Artie,213,True,6ec6587f6660,8.906559000024572,latency-4e2afa8a0423.csv
2,4e2afa8a0423,2025-10-15T11:56:03.506316,grail,right,66,True,c6aff4c179ab,9.035504999701516,latency-4e2afa8a0423.csv
2,4e2afa8a0423,2025-10-15T11:56:03.626403,grail,chops,3,True,6ec6587f6660,6.3402119994862005,latency-4e2afa8a0423.csv
2,4e2afa8a0423,2025-10-15T11:56:03.741267,grail,Michael,11,True,a1e396557c78,21.42820500012021,latency-4e2afa8a0423.csv
2,4e2afa8a0423,2025-10-15T11:56:03.886711,grail,a,666,True,6ec6587f6660,9.45044199943368,latency-4e2afa8a0423.csv
2,4e2afa8a0423,2025-10-15T11:56:04.010371,grail,Ecky-Ecky-Ecky,1,True,c6aff4c179ab,7.5233309999021,latency-4e2afa8a0423.csv
2,4e2afa8a0423,2025-10-15T11:56:04.127504,shrek3,true,1,True,c6aff4c179ab,5.382951999308716,latency-4e2afa8a0423.csv
2,4e2afa8a0423,2025-10-15T11:56:04.238260,grail,to,718,True,6ec6587f6660,7.416132999424008,latency-4e2afa8a0423.csv
2,4e2afa8a0423,2025-10-15T11:56:04.356627,shrek3,us,12,True,c6aff4c179ab,11.543212999640671,latency-4e2afa8a0423.csv
2,4e2afa8a0423,2025-10-15T11:56:04.477242,grail,THREE-HEADED,8,True,a1e396557c78,6.452901000557176,latency-4e2afa8a0423.csv
2,4e2afa8a0423,2025-10-15T11:56:04.604023,grail,are,114,True,6ec6587f6660,16.143419000400172,latency-4e2afa8a0423.csv
2,4e2afa8a0423,2025-10-15T11:56:04.727251,shrek3,JOCKS,2,True,c6aff4c179ab,6.839786999989883,latency-4e2afa8a0423.csv
2,4e2afa8a0423,2025-10-15T11:56:04.840332,shrek,HOOD,13,True,a1e396557c78,8.958560000792204,latency-4e2afa8a0423.csv
2,4e2afa8a0423,2025-10-15T11:56:04.956297,shrek,I,386,True,a1e396557c78,7.911035000688571,latency-4e2afa8a0423.csv
1,507bcad8f969,2025-10-15T11:55:27.102624,shrek,edge,2,True,6ec6587f6660,13.430415000584617,latency-507bcad8f969.csv
1,507bcad8f969,2025-10-15T11:55:27.230321,shrek,SHREK,433,True,a1e396557c78,8.020037999813212,latency-507bcad8f969.csv
1,507bcad8f969,2025-10-15T11:55:27.347764,shrek,DONKEY,320,True,a1e396557c78,6.129979999968782,latency-507bcad8f969.csv
1,507bcad8f969,2025-10-15T11:55:27.460602,shrek3,wont,0,False,c6aff4c179ab,22.848262000479732,latency-507bcad8f969.csv
1,507bcad8f969,2025-10-15T11:55:27.594614,shrek3,him,87,True,6ec6587f6660,4.619619999175484,latency-507bcad8f969.csv
1,507bcad8f969,2025-10-15T11:55:27.704079,shrek,SHREK,433,True,a1e396557c78,6.359095000334492,latency-507bcad8f969.csv
1,507bcad8f969,2025-10-15T11:55:27.816550,shrek,He,118,True,c6aff4c179ab,8.924654999646009,latency-507bcad8f969.csv
1,507bcad8f969,2025-10-15T11:55:27.939952,shrek3,SNOW,49,False,6ec6587f6660,16.487980999954743,latency-507bcad8f969.csv
1,507bcad8f969,2025-10-15T11:55:28.064250,shrek,CROWD,5,True,c6aff4c179ab,11.467741000160458,latency-507bcad8f969.csv
1,507bcad8f969,2025-10-15T11:55:28.191025,shrek,And,318,True,6ec6587f6660,7.044934000077774,latency-507bcad8f969.csv
1,507bcad8f969,2025-10-15T11:55:28.318432,grail,Gallahad,44,True,6ec6587f6660,7.355586999437946,latency-507bcad8f969.csv
1,507bcad8f969,2025-10-15T11:55:28.440085,shrek3,of,275,True,a1e396557c78,4.938825999488472,latency-507bcad8f969.csv
1,507bcad8f969,2025-10-15T11:55:28.556349,shrek3,dat,1,False,6ec6587f6660,15.01592500062543,latency-507bcad8f969.csv
1,507bcad8f969,2025-10-15T11:55:28.688085,grail,king,136,True,c6aff4c179ab,7.373035999989952,latency-507bcad8f969.csv
1,507bcad8f969,2025-10-15T11:55:28.807494,shrek3,WHITE,45,False,c6aff4c179ab,91.79641699938657,latency-507bcad8f969.csv
1,507bcad8f969,2025-10-15T11:55:29.053740,grail,54,2,False,c6aff4c179ab,49.43027199988137,latency-507bcad8f969.csv
1,507bcad8f969,2025-10-15T11:55:29.236418,shrek,way,26,False,c6aff4c179ab,39.28974900009053,latency-507bcad8f969.csv
1,507bcad8f969,2025-10-15T11:55:29.392378,shrek,SHREK,433,True,a1e396557c78,9.26999000057549,latency-507bcad8f969.csv
1,507bcad8f969,2025-10-15T11:55:29.511948,shrek3,CAPTAIN,41,True,6ec6587f6660,11.414718999731122,latency-507bcad8f969.csv
1,507bcad8f969,2025-10-15T11:55:29.632968,grail,them,41,True,c6aff4c179ab,11.46325399986381,latency-507bcad8f969.csv
2,507bcad8f969,2025-10-15T11:55:29.751943,shrek,edge,2,True,c6aff4c179ab,9.957516999747895,latency-507bcad8f969.csv
2,507bcad8f969,2025-10-15T11:55:29.872446,shrek,SHREK,433,True,a1e396557c78,14.450381000642665,latency-507bcad8f969.csv
2,507bcad8f969,2025-10-15T11:55:30.001730,shrek,DONKEY,320,True,6ec6587f6660,17.383575000167184,latency-507bcad8f969.csv
2,507bcad8f969,2025-10-15T11:55:30.136393,shrek3,wont,0,True,6ec6587f6660,45.16720700030419,latency-507bcad8f969.csv
2,507bcad8f969,2025-10-15T11:55:30.301893,shrek3,him,87,True,6ec6587f6660,23.48513000015373,latency-507bcad8f969.csv
2,507bcad8f969,2025-10-15T11:55:30.442828,shrek,SHREK,433,True,a1e396557c78,18.457121000210464,latency-507bcad8f969.csv
2,507bcad8f969,2025-10-15T11:55:30.583578,shrek,He,118,True,6ec6587f6660,29.96545200039691,latency-507bcad8f969.csv
2,507bcad8f969,2025-10-15T11:55:30.728278,shrek3,SNOW,49,True,a1e396557c78,25.85980500043661,latency-507bcad8f969.csv
2,507bcad8f969,2025-10-15T11:55:30.885338,shrek,CROWD,5,True,a1e396557c78,4.688594000072044,latency-507bcad8f969.csv
2,507bcad8f969,2025-10-15T11:55:30.995022,shrek,And,318,True,a1e396557c78,4.779782999321469,latency-507bcad8f969.csv
2,507bcad8f969,2025-10-15T11:55:31.104720,grail,Gallahad,44,True,c6aff4c179ab,5.091893000098935,latency-507bcad8f969.csv
2,507bcad8f969,2025-10-15T11:55:31.216312,shrek3,of,275,True,6ec6587f6660,11.12940399980289,latency-507bcad8f969.csv
2,507bcad8f969,2025-10-15T11:55:31.334562,shrek3,dat,1,True,c6aff4c179ab,8.748047000153747,latency-507bcad8f969.csv
2,507bcad8f969,2025-10-15T11:55:31.451261,grail,king,136,True,6ec6587f6660,8.59846099956485,latency-507bcad8f969.csv
2,507bcad8f969,2025-10-15T11:55:31.569693,shrek3,WHITE,45,True,a1e396557c78,7.171743999606406,latency-507bcad8f969.csv
2,507bcad8f969,2025-10-15T11:55:31.684699,grail,54,2,True,c6aff4c179ab,13.155962000382717,latency-507bcad8f969.csv
2,507bcad8f969,2025-10-15T11:55:31.807941,shrek,way,26,True,6ec6587f6660,11.374526000508922,latency-507bcad8f969.csv
2,507bcad8f969,2025-10-15T11:55:31.938524,shrek,SHREK,433,True,6ec6587f6660,11.793404000854936,latency-507bcad8f969.csv
2,507bcad8f969,2025-10-15T11:55:32.062531,shrek3,CAPTAIN,41,True,c6aff4c179ab,4.930335000608466,latency-507bcad8f969.csv
2,507bcad8f969,2025-10-15T11:55:32.172772,grail,them,41,True,6ec6587f6660,4.525371999989147,latency-507bcad8f969.csv
1,53cfd331284c,2025-10-15T11:55:57.978788,grail,Cleveland,3,True,a1e396557c78,6.727936000061163,latency-53cfd331284c.csv
1,53cfd331284c,2025-10-15T11:55:58.090963,grail,king,136,True,6ec6587f6660,4.506749000029231,latency-53cfd331284c.csv
1,53cfd331284c,2025-10-15T11:55:58.200650,shrek,DONKEY,320,True,c6aff4c179ab,6.012707000081718,latency-53cfd331284c.csv
1,53cfd331284c,2025-10-15T11:55:58.312286,shrek,you,409,True,a1e396557c78,7.580616999803169,latency-53cfd331284c.csv
1,53cfd331284c,2025-10-15T11:55:58.426947,grail,pause,10,True,a1e396557c78,16.31972399991355,latency-53cfd331284c.csv
1,53cfd331284c,2025-10-15T11:55:58.557962,grail,Cleveland,3,True,c6aff4c179ab,13.0456229999254,latency-53cfd331284c.csv
1,53cfd331284c,2025-10-15T11:55:58.678716,shrek,he,118,True,6ec6587f6660,6.606174000808096,latency-53cfd331284c.csv
1,53cfd331284c,2025-10-15T11:55:58.792590,shrek3,They,80,True,c6aff4c179ab,17.69863300069119,latency-53cfd331284c.csv
1,53cfd331284c,2025-10-15T11:55:58.924649,shrek,And,318,True,c6aff4c179ab,8.11105899992981,latency-53cfd331284c.csv
1,53cfd331284c,2025-10-15T11:55:59.039464,shrek,"Well,",0,True,c6aff4c179ab,8.012016000066069,latency-53cfd331284c.csv
1,53cfd331284c,2025-10-15T11:55:59.156902,shrek3,boomerang,1,True,6ec6587f6660,7.593672999973933,latency-53cfd331284c.csv
1,53cfd331284c,2025-10-15T11:55:59.271642,shrek3,his,238,True,a1e396557c78,7.521056000769022,latency-53cfd331284c.csv
1,53cfd331284c,2025-10-15T11:55:59.392670,shrek,you,409,True,a1e396557c78,10.122030999809796,latency-53cfd331284c.csv
1,53cfd331284c,2025-10-15T11:55:59.515999,shrek,you,409,True,6ec6587f6660,21.433494000120845,latency-53cfd331284c.csv
1,53cfd331284c,2025-10-15T11:55:59.675927,grail,GALAHAD,87,True,a1e396557c78,23.19496800009801,latency-53cfd331284c.csv
1,53cfd331284c,2025-10-15T11:55:59.840641,grail,the,1600,True,a1e396557c78,13.36274000004778,latency-53cfd331284c.csv
1,53cfd331284c,2025-10-15T11:55:59.967929,shrek,and,318,True,a1e396557c78,8.576248000281339,latency-53cfd331284c.csv
1,53cfd331284c,2025-10-15T11:56:00.084269,grail,elected,2,True,c6aff4c179ab,11.869288000525556,latency-53cfd331284c.csv
1,53cfd331284c,2025-10-15T11:56:00.218326,shrek,rising,1,True,a1e396557c78,30.20680000008724,latency-53cfd331284c.csv
1,53cfd331284c,2025-10-15T11:56:00.387472,grail,since,10,True,6ec6587f6660,10.59220000024652,latency-53cfd331284c.csv
2,53cfd331284c,2025-10-15T11:56:00.505233,grail,Cleveland,3,True,6ec6587f6660,9.06407099955686,latency-53cfd331284c.csv
2,53cfd331284c,2025-10-15T11:56:00.622500,grail,king,136,True,6ec6587f6660,7.33722399945691,latency-53cfd331284c.csv
2,53cfd331284c,2025-10-15T11:56:00.737696,shrek,DONKEY,320,True,c6aff4c179ab,8.572996000111743,latency-53cfd331284c.csv
2,53cfd331284c,2025-10-15T11:56:00.854217,shrek,you,409,True,c6aff4c179ab,4.946017000293068,latency-53cfd331284c.csv
2,53cfd331284c,2025-10-15T11:56:00.965637,grail,pause,10,True,c6aff4c179ab,5.854158000147436,latency-53cfd331284c.csv
2,53cfd331284c,2025-10-15T11:56:01.077053,grail,Cleveland,3,True,c6aff4c179ab,6.829351999840583,latency-53cfd331284c.csv
2,53cfd331284c,2025-10-15T11:56:01.189480,shrek,he,118,True,a1e396557c78,7.910694000202056,latency-53cfd331284c.csv
2,53cfd331284c,2025-10-15T11:56:01.304268,shrek3,They,80,True,6ec6587f6660,13.17969899992022,latency-53cfd331284c.csv
2,53cfd331284c,2025-10-15T11:56:01.424658,shrek,And,318,True,6ec6587f6660,5.4286200002025,latency-53cfd331284c.csv
2,53cfd331284c,2025-10-15T11:56:01.534933,shrek,"Well,",0,True,c6aff4c179ab,4.736806000437355,latency-53cfd331284c.csv
2,53cfd331284c,2025-10-15T11:56:01.645295,shrek3,boomerang,1,True,a1e396557c78,16.14155000061146,latency-53cfd331284c.csv
2,53cfd331284c,2025-10-15T11:56:01.770929,shrek3,his,238,True,6ec6587f6660,7.061594000333571,latency-53cfd331284c.csv
2,53cfd331284c,2025-10-15T11:56:01.883957,shrek,you,409,True,c6aff4c179ab,6.23380500019266,latency-53cfd331284c.csv
2,53cfd331284c,2025-10-15T11:56:01.996645,shrek,you,409,True,6ec6587f6660,5.864092000592791,latency-53cfd331284c.csv
2,53cfd331284c,2025-10-15T11:56:02.109893,grail,GALAHAD,87,True,c6aff4c179ab,8.802368000033312,latency-53cfd331284c.csv
2,53cfd331284c,2025-10-15T11:56:02.230548,grail,the,1600,True,6ec6587f6660,7.616432000759232,latency-53cfd331284c.csv
2,53cfd331284c,2025-10-15T11:56:02.345020,shrek,and,318,True,6ec6587f6660,6.405758999790123,latency-53cfd331284c.csv
2,53cfd331284c,2025-10-15T11:56:02.458023,grail,elected,2,True,c6aff4c179ab,7.791683000505145,latency-53cfd331284c.csv
2,53cfd331284c,2025-10-15T11:56:02.575023,shrek,rising,1,True,a1e396557c78,6.102445999204065,latency-53cfd331284c.csv
2,53cfd331284c,2025-10-15T11:56:02.686395,grail,since,10,True,6ec6587f6660,7.26565000059054,latency-53cfd331284c.csv
1,54b9523231e2,2025-10-15T11:55:49.907695,shrek,this,79,True,a1e396557c78,6.7285450004419545,latency-54b9523231e2.csv
1,54b9523231e2,2025-10-15T11:55:50.022198,shrek3,an,51,True,6ec6587f6660,5.627059999824269,latency-54b9523231e2.csv
1,54b9523231e2,2025-10-15T11:55:50.133898,grail,for,118,True,c6aff4c179ab,7.086346000505728,latency-54b9523231e2.csv
1,54b9523231e2,2025-10-15T11:55:50.249553,shrek3,him,87,True,a1e396557c78,21.86555100070109,latency-54b9523231e2.csv
1,54b9523231e2,2025-10-15T11:55:50.384163,shrek3,Ahh,8,True,a1e396557c78,6.082003999836161,latency-54b9523231e2.csv
1,54b9523231e2,2025-10-15T11:55:50.499819,shrek3,SNOW,49,True,c6aff4c179ab,6.4528090006206185,latency-54b9523231e2.csv
1,54b9523231e2,2025-10-15T11:55:50.617869,grail,pretty,7,True,a1e396557c78,5.210876000091957,latency-54b9523231e2.csv
1,54b9523231e2,2025-10-15T11:55:50.728016,shrek,SHREK,433,True,6ec6587f6660,4.605474000527465,latency-54b9523231e2.csv
1,54b9523231e2,2025-10-15T11:55:50.838366,shrek3,Whoa,7,True,a1e396557c78,9.127125999839336,latency-54b9523231e2.csv
1,54b9523231e2,2025-10-15T11:55:50.956669,shrek,What,104,True,6ec6587f6660,5.406766999840329,latency-54b9523231e2.csv
1,54b9523231e2,2025-10-15T11:55:51.066968,shrek3,at,134,True,c6aff4c179ab,4.9329269995723735,latency-54b9523231e2.csv
1,54b9523231e2,2025-10-15T11:55:51.177170,shrek3,CHARMING,232,True,a1e396557c78,4.7305230000347365,latency-54b9523231e2.csv
1,54b9523231e2,2025-10-15T11:55:51.287419,shrek3,youre,0,True,c6aff4c179ab,10.301426999831165,latency-54b9523231e2.csv
1,54b9523231e2,2025-10-15T11:55:51.414158,grail,king,136,True,6ec6587f6660,18.06194900018454,latency-54b9523231e2.csv
1,54b9523231e2,2025-10-15T11:55:51.544658,shrek,He,118,True,6ec6587f6660,10.01279499996599,latency-54b9523231e2.csv
1,54b9523231e2,2025-10-15T11:55:51.662985,shrek,after,10,True,a1e396557c78,17.189182000038272,latency-54b9523231e2.csv
1,54b9523231e2,2025-10-15T11:55:51.792442,shrek3,glass,9,True,c6aff4c179ab,13.753285000348114,latency-54b9523231e2.csv
1,54b9523231e2,2025-10-15T11:55:51.915296,grail,are,114,True,a1e396557c78,14.3120259999705,latency-54b9523231e2.csv
1,54b9523231e2,2025-10-15T11:55:52.042411,grail,Ecky-Ecky-Ecky,1,True,6ec6587f6660,8.859156999278639,latency-54b9523231e2.csv
1,54b9523231e2,2025-10-15T11:55:52.164894,grail,the,1600,True,c6aff4c179ab,10.282113999892315,latency-54b9523231e2.csv
2,54b9523231e2,2025-10-15T11:55:52.286514,shrek,this,79,True,a1e396557c78,6.2574209996455465,latency-54b9523231e2.csv
2,54b9523231e2,2025-10-15T11:55:52.404952,shrek3,an,51,True,a1e396557c78,8.814490999611735,latency-54b9523231e2.csv
2,54b9523231e2,2025-10-15T11:55:52.527752,grail,for,118,True,c6aff4c179ab,6.02617700042174,latency-54b9523231e2.csv
2,54b9523231e2,2025-10-15T11:55:52.641811,shrek3,him,87,True,6ec6587f6660,7.663338999918778,latency-54b9523231e2.csv
2,54b9523231e2,2025-10-15T11:55:52.766689,shrek3,Ahh,8,True,a1e396557c78,5.901279999307008,latency-54b9523231e2.csv
2,54b9523231e2,2025-10-15T11:55:52.880608,shrek3,SNOW,49,True,a1e396557c78,17.12155499990331,latency-54b9523231e2.csv
2,54b9523231e2,2025-10-15T11:55:53.024012,grail,pretty,7,True,6ec6587f6660,13.779732000330114,latency-54b9523231e2.csv
2,54b9523231e2,2025-10-15T11:55:53.145328,shrek,SHREK,433,True,a1e396557c78,5.397318999712297,latency-54b9523231e2.csv
2,54b9523231e2,2025-10-15T11:55:53.257882,shrek3,Whoa,7,True,a1e396557c78,6.480539999756729,latency-54b9523231e2.csv
2,54b9523231e2,2025-10-15T11:55:53.370596,shrek,What,104,True,c6aff4c179ab,8.077167000010377,latency-54b9523231e2.csv
2,54b9523231e2,2025-10-15T11:55:53.486206,shrek3,at,134,True,c6aff4c179ab,5.881564999981492,latency-54b9523231e2.csv
2,54b9523231e2,2025-10-15T11:55:53.598015,shrek3,CHARMING,232,True,6ec6587f6660,6.223225999747228,latency-54b9523231e2.csv
2,54b9523231e2,2025-10-15T11:55:53.710714,shrek3,youre,0,True,c6aff4c179ab,5.270647000543249,latency-54b9523231e2.csv
2,54b9523231e2,2025-10-15T11:55:53.821820,grail,king,136,True,6ec6587f6660,6.070548000025156,latency-54b9523231e2.csv
2,54b9523231e2,2025-10-15T11:55:53.936549,shrek,He,118,True,a1e396557c78,5.144237000422436,latency-54b9523231e2.csv
2,54b9523231e2,2025-10-15T11:55:54.048309,shrek,after,10,True,a1e396557c78,10.93657000001258,latency-54b9523231e2.csv
2,54b9523231e2,2025-10-15T11:55:54.172753,shrek3,glass,9,True,c6aff4c179ab,7.518948000324599,latency-54b9523231e2.csv
2,54b9523231e2,2025-10-15T11:55:54.287999,grail,are,114,True,6ec6587f6660,8.412639000198396,latency-54b9523231e2.csv
2,54b9523231e2,2025-10-15T11:55:54.403393,grail,Ecky-Ecky-Ecky,1,True,6ec6587f6660,6.963818999793148,latency-54b9523231e2.csv
2,54b9523231e2,2025-10-15T11:55:54.516425,grail,the,1600,True,6ec6587f6660,5.727009999645816,latency-54b9523231e2.csv
1,56d82191c14e,2025-10-15T11:55:32.037493,shrek,CROWD,5,True,a1e396557c78,6.582755000636098,latency-56d82191c14e.csv
1,56d82191c14e,2025-10-15T11:55:32.150531,shrek3,cues,3,False,c6aff4c179ab,11.54856799985282,latency-56d82191c14e.csv
1,56d82191c14e,2025-10-15T11:55:32.267169,shrek,DONKEY,320,True,6ec6587f6660,7.964374000039243,latency-56d82191c14e.csv
1,56d82191c14e,2025-10-15T11:55:32.381342,shrek3,ARTIE,213,True,c6aff4c179ab,9.084139999686158,latency-56d82191c14e.csv
1,56d82191c14e,2025-10-15T11:55:32.496313,grail,"collective,",0,True,a1e396557c78,15.567035000458418,latency-56d82191c14e.csv
1,56d82191c14e,2025-10-15T11:55:32.623308,shrek3,through,43,False,6ec6587f6660,20.40516699980799,latency-56d82191c14e.csv
1,56d82191c14e,2025-10-15T11:55:32.750449,shrek3,get,39,True,6ec6587f6660,12.826045000110753,latency-56d82191c14e.csv
1,56d82191c14e,2025-10-15T11:55:32.875719,shrek3,Ahh,8,True,c6aff4c179ab,15.255049000188592,latency-56d82191c14e.csv
1,56d82191c14e,2025-10-15T11:55:33.000276,shrek3,us,12,True,6ec6587f6660,11.334001000250282,latency-56d82191c14e.csv
1,56d82191c14e,2025-10-15T11:55:33.123550,shrek3,SHOUTING),0,True,c6aff4c179ab,15.268266000020958,latency-56d82191c14e.csv
1,56d82191c14e,2025-10-15T11:55:33.255263,shrek3,did,14,False,a1e396557c78,39.40410100040026,latency-56d82191c14e.csv
1,56d82191c14e,2025-10-15T11:55:33.425718,shrek,number,8,True,a1e396557c78,7.799328999681165,latency-56d82191c14e.csv
1,56d82191c14e,2025-10-15T11:55:33.540594,shrek3,youre,0,True,6ec6587f6660,12.86005599922646,latency-56d82191c14e.csv
1,56d82191c14e,2025-10-15T11:55:33.661008,shrek,looks,37,True,c6aff4c179ab,7.634702999894216,latency-56d82191c14e.csv
1,56d82191c14e,2025-10-15T11:55:33.775068,shrek3,Ahh,8,True,6ec6587f6660,5.822958999488037,latency-56d82191c14e.csv
1,56d82191c14e,2025-10-15T11:55:33.887263,grail,GALAHAD,87,True,a1e396557c78,12.888641000245116,latency-56d82191c14e.csv
1,56d82191c14e,2025-10-15T11:55:34.007488,grail,the,1600,True,6ec6587f6660,9.96623399987584,latency-56d82191c14e.csv
1,56d82191c14e,2025-10-15T11:55:34.125210,shrek3,did,14,True,a1e396557c78,17.902664000757795,latency-56d82191c14e.csv
1,56d82191c14e,2025-10-15T11:55:34.252512,shrek,SHREK,433,True,c6aff4c179ab,26.79136999995535,latency-56d82191c14e.csv
1,56d82191c14e,2025-10-15T11:55:34.388366,shrek,cottage,4,True,c6aff4c179ab,11.340217999531887,latency-56d82191c14e.csv
2,56d82191c14e,2025-10-15T11:55:34.518853,shrek,CROWD,5,True,c6aff4c179ab,8.93101800011209,latency-56d82191c14e.csv
2,56d82191c14e,2025-10-15T11:55:34.644189,shrek3,cues,3,True,a1e396557c78,4.998561999855156,latency-56d82191c14e.csv
2,56d82191c14e,2025-10-15T11:55:34.757319,shrek,DONKEY,320,True,c6aff4c179ab,8.022613999855821,latency-56d82191c14e.csv
2,56d82191c14e,2025-10-15T11:55:34.874952,shrek3,ARTIE,213,True,a1e396557c78,7.927067000309762,latency-56d82191c14e.csv
2,56d82191c14e,2025-10-15T11:55:34.997592,grail,"collective,",0,True,6ec6587f6660,35.89041700070084,latency-56d82191c14e.csv
2,56d82191c14e,2025-10-15T11:55:35.154636,shrek3,through,43,True,6ec6587f6660,8.746415000132401,latency-56d82191c14e.csv
2,56d82191c14e,2025-10-15T11:55:35.273923,shrek3,get,39,True,a1e396557c78,10.131365999768605,latency-56d82191c14e.csv
2,56d82191c14e,2025-10-15T11:55:35.394082,shrek3,Ahh,8,True,6ec6587f6660,11.565652000172122,latency-56d82191c14e.csv
2,56d82191c14e,2025-10-15T11:55:35.513617,shrek3,us,12,True,6ec6587f6660,10.505637000278512,latency-56d82191c14e.csv
2,56d82191c14e,2025-10-15T11:55:35.632715,shrek3,SHOUTING),0,True,c6aff4c179ab,9.88186999984464,latency-56d82191c14e.csv
2,56d82191c14e,2025-10-15T11:55:35.751464,shrek3,did,14,True,a1e396557c78,9.516562000499109,latency-56d82191c14e.csv
2,56d82191c14e,2025-10-15T11:55:35.872916,shrek,number,8,True,c6aff4c179ab,8.455277999928512,latency-56d82191c14e.csv
2,56d82191c14e,2025-10-15T11:55:35.988470,shrek3,youre,0,True,a1e396557c78,9.00815299974056,latency-56d82191c14e.csv
2,56d82191c14e,2025-10-15T11:55:36.104518,shrek,looks,37,True,6ec6587f6660,7.814804999725311,latency-56d82191c14e.csv
2,56d82191c14e,2025-10-15T11:55:36.225079,shrek3,Ahh,8,True,c6aff4c179ab,5.602295999779017,latency-56d82191c14e.csv
2,56d82191c14e,2025-10-15T11:55:36.336777,grail,GALAHAD,87,True,a1e396557c78,8.921354999984032,latency-56d82191c14e.csv
2,56d82191c14e,2025-10-15T11:55:36.454075,grail,the,1600,True,a1e396557c78,6.7088599998896825,latency-56d82191c14e.csv
2,56d82191c14e,2025-10-15T11:55:36.572010,shrek3,did,14,True,a1e396557c78,8.643494000352803,latency-56d82191c14e.csv
2,56d82191c14e,2025-10-15T11:55:36.696746,shrek,SHREK,433,True,a1e396557c78,5.78223499996966,latency-56d82191c14e.csv
2,56d82191c14e,2025-10-15T11:55:36.810979,shrek,cottage,4,True,a1e396557c78,8.2232489994567,latency-56d82191c14e.csv
1,577ad13c6db4,2025-10-15T11:55:47.123104,shrek,trip,1,True,c6aff4c179ab,7.2946310001498205,latency-577ad13c6db4.csv
1,577ad13c6db4,2025-10-15T11:55:47.236130,shrek3,boomerang,1,True,c6aff4c179ab,6.469628000559169,latency-577ad13c6db4.csv
1,577ad13c6db4,2025-10-15T11:55:47.348588,shrek,baby,3,True,6ec6587f6660,13.327300000128162,latency-577ad13c6db4.csv
1,577ad13c6db4,2025-10-15T11:55:47.469369,shrek3,Donkey,243,True,a1e396557c78,6.294626999988395,latency-577ad13c6db4.csv
1,577ad13c6db4,2025-10-15T11:55:47.581919,shrek,(standing,0,True,c6aff4c179ab,7.708538999395387,latency-577ad13c6db4.csv
1,577ad13c6db4,2025-10-15T11:55:47.696936,shrek,a,305,True,6ec6587f6660,5.971274000330595,latency-577ad13c6db4.csv
1,577ad13c6db4,2025-10-15T11:55:47.808731,grail,3,18,True,a1e396557c78,6.888384999911068,latency-577ad13c6db4.csv
1,577ad13c6db4,2025-10-15T11:55:47.922170,grail,cross,13,True,6ec6587f6660,6.595064999601163,latency-577ad13c6db4.csv
1,577ad13c6db4,2025-10-15T11:55:48.034707,shrek,I,386,True,c6aff4c179ab,7.562701999631827,latency-577ad13c6db4.csv
1,577ad13c6db4,2025-10-15T11:55:48.149355,shrek3,Shrek,678,True,c6aff4c179ab,12.55671600029018,latency-577ad13c6db4.csv
1,577ad13c6db4,2025-10-15T11:55:48.272831,shrek3,-,110,True,6ec6587f6660,13.143592000233184,latency-577ad13c6db4.csv
1,577ad13c6db4,2025-10-15T11:55:48.395396,grail,for,118,True,c6aff4c179ab,23.21972800018557,latency-577ad13c6db4.csv
1,577ad13c6db4,2025-10-15T11:55:48.534342,shrek,you,409,True,a1e396557c78,17.09704399945622,latency-577ad13c6db4.csv
1,577ad13c6db4,2025-10-15T11:55:48.661836,shrek,fair,2,True,6ec6587f6660,9.19044100010069,latency-577ad13c6db4.csv
1,577ad13c6db4,2025-10-15T11:55:48.789512,grail,LTD,6,True,a1e396557c78,20.90810999925452,latency-577ad13c6db4.csv
1,577ad13c6db4,2025-10-15T11:55:48.919968,shrek3,"Suddenly,",0,True,a1e396557c78,13.770593999652192,latency-577ad13c6db4.csv
1,577ad13c6db4,2025-10-15T11:55:49.044858,grail,rows,1,True,c6aff4c179ab,7.057402999635087,latency-577ad13c6db4.csv
1,577ad13c6db4,2025-10-15T11:55:49.159243,shrek3,CHARMING,232,True,6ec6587f6660,8.373436000510992,latency-577ad13c6db4.csv
1,577ad13c6db4,2025-10-15T11:55:49.275356,grail,To,718,True,a1e396557c78,9.522355000626703,latency-577ad13c6db4.csv
1,577ad13c6db4,2025-10-15T11:55:49.393885,shrek3,toward,14,True,6ec6587f6660,7.888273999924422,latency-577ad13c6db4.csv
2,577ad13c6db4,2025-10-15T11:55:49.508933,shrek,trip,1,True,c6aff4c179ab,8.224963000429852,latency-577ad13c6db4.csv
2,577ad13c6db4,2025-10-15T11:55:49.623820,shrek3,boomerang,1,True,a1e396557c78,10.630368000420276,latency-577ad13c6db4.csv
2,577ad13c6db4,2025-10-15T11:55:49.745001,shrek,baby,3,True,c6aff4c179ab,8.03932700000587,latency-577ad13c6db4.csv
2,577ad13c6db4,2025-10-15T11:55:49.870581,shrek3,Donkey,243,True,c6aff4c179ab,5.279103999782819,latency-577ad13c6db4.csv
2,577ad13c6db4,2025-10-15T11:55:49.981436,shrek,(standing,0,True,c6aff4c179ab,5.29729000027146,latency-577ad13c6db4.csv
2,577ad13c6db4,2025-10-15T11:55:50.091489,shrek,a,305,True,a1e396557c78,4.87461800003075,latency-577ad13c6db4.csv
2,577ad13c6db4,2025-10-15T11:55:50.201251,grail,3,18,True,a1e396557c78,6.985830999838072,latency-577ad13c6db4.csv
2,577ad13c6db4,2025-10-15T11:55:50.314112,grail,cross,13,True,6ec6587f6660,6.345451000015601,latency-577ad13c6db4.csv
2,577ad13c6db4,2025-10-15T11:55:50.427428,shrek,I,386,True,a1e396557c78,8.152919000167458,latency-577ad13c6db4.csv
2,577ad13c6db4,2025-10-15T11:55:50.542034,shrek3,Shrek,678,True,a1e396557c78,8.20323600055417,latency-577ad13c6db4.csv
2,577ad13c6db4,2025-10-15T11:55:50.658276,shrek3,-,110,True,c6aff4c179ab,5.734514000323543,latency-577ad13c6db4.csv
2,577ad13c6db4,2025-10-15T11:55:50.770047,grail,for,118,True,6ec6587f6660,7.822966999810887,latency-577ad13c6db4.csv
2,577ad13c6db4,2025-10-15T11:55:50.884894,shrek,you,409,True,6ec6587f6660,5.568019999373064,latency-577ad13c6db4.csv
2,577ad13c6db4,2025-10-15T11:55:50.997328,shrek,fair,2,True,a1e396557c78,7.328637000682647,latency-577ad13c6db4.csv
2,577ad13c6db4,2025-10-15T11:55:51.113405,grail,LTD,6,True,6ec6587f6660,7.313592999707907,latency-577ad13c6db4.csv
2,577ad13c6db4,2025-10-15T11:55:51.228593,shrek3,"Suddenly,",0,True,a1e396557c78,7.438315999934275,latency-577ad13c6db4.csv
2,577ad13c6db4,2025-10-15T11:55:51.347381,grail,rows,1,True,a1e396557c78,8.14196300052572,latency-577ad13c6db4.csv
2,577ad13c6db4,2025-10-15T11:55:51.466332,shrek3,CHARMING,232,True,c6aff4c179ab,9.141196999735255,latency-577ad13c6db4.csv
2,577ad13c6db4,2025-10-15T11:55:51.586562,grail,To,718,True,a1e396557c78,7.216203999632853,latency-577ad13c6db4.csv
2,577ad13c6db4,2025-10-15T11:55:51.708391,shrek3,toward,14,True,c6aff4c179ab,7.199833000413491,latency-577ad13c6db4.csv
1,58c9dc9655e9,2025-10-15T11:55:28.302233,grail,Ecky-Ecky-Ecky,1,False,c6aff4c179ab,15.115617999981623,latency-58c9dc9655e9.csv
1,58c9dc9655e9,2025-10-15T11:55:28.428142,shrek3,EVIL,59,True,6ec6587f6660,4.2987130000256,latency-58c9dc9655e9.csv
1,58c9dc9655e9,2025-10-15T11:55:28.536748,shrek,SHREK,433,True,a1e396557c78,6.614611999793851,latency-58c9dc9655e9.csv
1,58c9dc9655e9,2025-10-15T11:55:28.650105,shrek,will,16,False,6ec6587f6660,10.0738770006501,latency-58c9dc9655e9.csv
1,58c9dc9655e9,2025-10-15T11:55:28.766482,grail,Butts,2,False,c6aff4c179ab,14.41339400025754,latency-58c9dc9655e9.csv
1,58c9dc9655e9,2025-10-15T11:55:28.892717,shrek,whole,10,True,6ec6587f6660,41.091418999712914,latency-58c9dc9655e9.csv
1,58c9dc9655e9,2025-10-15T11:55:29.056978,shrek3,him,87,True,c6aff4c179ab,43.31970300063404,latency-58c9dc9655e9.csv
1,58c9dc9655e9,2025-10-15T11:55:29.234376,shrek,after,10,True,6ec6587f6660,26.023702999737,latency-58c9dc9655e9.csv
1,58c9dc9655e9,2025-10-15T11:55:29.373076,grail,pretty,7,True,c6aff4c179ab,9.750666000400088,latency-58c9dc9655e9.csv
1,58c9dc9655e9,2025-10-15T11:55:29.491426,grail,Get,47,True,a1e396557c78,9.185727999465598,latency-58c9dc9655e9.csv
1,58c9dc9655e9,2025-10-15T11:55:29.614567,shrek3,the,1285,True,6ec6587f6660,8.111935999295383,latency-58c9dc9655e9.csv
1,58c9dc9655e9,2025-10-15T11:55:29.731500,shrek3,SHREK,678,True,a1e396557c78,13.995627999975111,latency-58c9dc9655e9.csv
1,58c9dc9655e9,2025-10-15T11:55:29.853308,shrek,baby,3,True,a1e396557c78,22.86456499950873,latency-58c9dc9655e9.csv
1,58c9dc9655e9,2025-10-15T11:55:29.994926,shrek3,RAPUNZEL,30,True,c6aff4c179ab,16.214754999964498,latency-58c9dc9655e9.csv
1,58c9dc9655e9,2025-10-15T11:55:30.131521,shrek3,Ahh,8,True,c6aff4c179ab,18.23332599997229,latency-58c9dc9655e9.csv
1,58c9dc9655e9,2025-10-15T11:55:30.273121,grail,to,718,True,a1e396557c78,6.0346460004439,latency-58c9dc9655e9.csv
1,58c9dc9655e9,2025-10-15T11:55:30.386649,shrek,"Ha,",0,False,6ec6587f6660,22.044336999897496,latency-58c9dc9655e9.csv
1,58c9dc9655e9,2025-10-15T11:55:30.520460,grail,-,259,True,6ec6587f6660,11.844892999761214,latency-58c9dc9655e9.csv
1,58c9dc9655e9,2025-10-15T11:55:30.639877,shrek,SHREK,433,True,6ec6587f6660,10.539226999753735,latency-58c9dc9655e9.csv
1,58c9dc9655e9,2025-10-15T11:55:30.762176,grail,GALAHAD,87,True,6ec6587f6660,26.08070899987069,latency-58c9dc9655e9.csv
2,58c9dc9655e9,2025-10-15T11:55:30.901784,grail,Ecky-Ecky-Ecky,1,True,6ec6587f6660,9.067211000001407,latency-58c9dc9655e9.csv
2,58c9dc9655e9,2025-10-15T11:55:31.019636,shrek3,EVIL,59,True,a1e396557c78,12.063412999850698,latency-58c9dc9655e9.csv
2,58c9dc9655e9,2025-10-15T11:55:31.141417,shrek,SHREK,433,True,6ec6587f6660,7.508327000323334,latency-58c9dc9655e9.csv
2,58c9dc9655e9,2025-10-15T11:55:31.260271,shrek,will,16,True,6ec6587f6660,9.080523000193352,latency-58c9dc9655e9.csv
2,58c9dc9655e9,2025-10-15T11:55:31.381796,grail,Butts,2,True,c6aff4c179ab,10.923955000180284,latency-58c9dc9655e9.csv
2,58c9dc9655e9,2025-10-15T11:55:31.503609,shrek,whole,10,True,c6aff4c179ab,9.108011999160226,latency-58c9dc9655e9.csv
2,58c9dc9655e9,2025-10-15T11:55:31.623866,shrek3,him,87,True,6ec6587f6660,11.921970000003055,latency-58c9dc9655e9.csv
2,58c9dc9655e9,2025-10-15T11:55:31.749722,shrek,after,10,True,c6aff4c179ab,12.19662700077606,latency-58c9dc9655e9.csv
2,58c9dc9655e9,2025-10-15T11:55:31.876670,grail,pretty,7,True,6ec6587f6660,16.25759700073104,latency-58c9dc9655e9.csv
2,58c9dc9655e9,2025-10-15T11:55:32.006208,grail,Get,47,True,a1e396557c78,14.046317000065756,latency-58c9dc9655e9.csv
2,58c9dc9655e9,2025-10-15T11:55:32.129218,shrek3,the,1285,True,6ec6587f6660,4.591469999468245,latency-58c9dc9655e9.csv
2,58c9dc9655e9,2025-10-15T11:55:32.241256,shrek3,SHREK,678,True,a1e396557c78,8.559910000258242,latency-58c9dc9655e9.csv
2,58c9dc9655e9,2025-10-15T11:55:32.364144,shrek,baby,3,True,6ec6587f6660,8.700563999809674,latency-58c9dc9655e9.csv
2,58c9dc9655e9,2025-10-15T11:55:32.484739,shrek3,RAPUNZEL,30,True,a1e396557c78,8.982879000541288,latency-58c9dc9655e9.csv
2,58c9dc9655e9,2025-10-15T11:55:32.611515,shrek3,Ahh,8,True,c6aff4c179ab,5.749079999986861,latency-58c9dc9655e9.csv
2,58c9dc9655e9,2025-10-15T11:55:32.725639,grail,to,718,True,a1e396557c78,6.319262999568309,latency-58c9dc9655e9.csv
2,58c9dc9655e9,2025-10-15T11:55:32.840092,shrek,"Ha,",0,True,6ec6587f6660,5.161238000255253,latency-58c9dc9655e9.csv
2,58c9dc9655e9,2025-10-15T11:55:32.950522,grail,-,259,True,a1e396557c78,8.198970999728772,latency-58c9dc9655e9.csv
2,58c9dc9655e9,2025-10-15T11:55:33.065980,shrek,SHREK,433,True,6ec6587f6660,7.945873999233299,latency-58c9dc9655e9.csv
2,58c9dc9655e9,2025-10-15T11:55:33.180698,grail,GALAHAD,87,True,c6aff4c179ab,9.074461000636802,latency-58c9dc9655e9.csv
1,5b67ef9b751b,2025-10-15T11:55:27.850585,shrek3,flaming,2,True,a1e396557c78,7.525117000113823,latency-5b67ef9b751b.csv
1,5b67ef9b751b,2025-10-15T11:55:27.967027,grail,is,317,True,c6aff4c179ab,5.800319999252679,latency-5b67ef9b751b.csv
1,5b67ef9b751b,2025-10-15T11:55:28.079360,shrek3,wont,0,True,6ec6587f6660,13.331586999811408,latency-5b67ef9b751b.csv
1,5b67ef9b751b,2025-10-15T11:55:28.202319,shrek3,field,3,True,a1e396557c78,18.13032100017153,latency-5b67ef9b751b.csv
1,5b67ef9b751b,2025-10-15T11:55:28.329480,shrek,SHREK,433,True,c6aff4c179ab,10.855692000404815,latency-5b67ef9b751b.csv
1,5b67ef9b751b,2025-10-15T11:55:28.447907,shrek3,with,112,True,6ec6587f6660,9.457090000069002,latency-5b67ef9b751b.csv
1,5b67ef9b751b,2025-10-15T11:55:28.564033,shrek3,Shrek,678,True,6ec6587f6660,16.00852399951691,latency-5b67ef9b751b.csv
1,5b67ef9b751b,2025-10-15T11:55:28.697225,shrek3,MERLIN,73,False,a1e396557c78,17.073027000151342,latency-5b67ef9b751b.csv
1,5b67ef9b751b,2025-10-15T11:55:28.822802,shrek3,CAPTAIN,41,True,6ec6587f6660,72.75684300020657,latency-5b67ef9b751b.csv
1,5b67ef9b751b,2025-10-15T11:55:29.054646,shrek3,OGRE,39,True,6ec6587f6660,37.836344000425015,latency-5b67ef9b751b.csv
1,5b67ef9b751b,2025-10-15T11:55:29.213556,shrek3,Cinderella,21,True,a1e396557c78,12.005495999801497,latency-5b67ef9b751b.csv
1,5b67ef9b751b,2025-10-15T11:55:29.348884,shrek3,"Suddenly,",0,True,6ec6587f6660,6.148088999907486,latency-5b67ef9b751b.csv
1,5b67ef9b751b,2025-10-15T11:55:29.462615,shrek3,CAPTAIN,41,True,c6aff4c179ab,6.364666000081343,latency-5b67ef9b751b.csv
1,5b67ef9b751b,2025-10-15T11:55:29.576388,shrek,don't,72,True,a1e396557c78,7.686172999456176,latency-5b67ef9b751b.csv
1,5b67ef9b751b,2025-10-15T11:55:29.689973,shrek,DONKEY,320,True,6ec6587f6660,6.783339000321575,latency-5b67ef9b751b.csv
1,5b67ef9b751b,2025-10-15T11:55:29.805817,shrek,FARQUAAD,84,True,c6aff4c179ab,6.662615000095684,latency-5b67ef9b751b.csv
1,5b67ef9b751b,2025-10-15T11:55:29.919321,shrek,he,118,True,a1e396557c78,7.457374000296113,latency-5b67ef9b751b.csv
1,5b67ef9b751b,2025-10-15T11:55:30.043244,grail,to,718,True,6ec6587f6660,9.689571000308206,latency-5b67ef9b751b.csv
1,5b67ef9b751b,2025-10-15T11:55:30.167884,shrek3,2,8,True,c6aff4c179ab,28.302050000093004,latency-5b67ef9b751b.csv
1,5b67ef9b751b,2025-10-15T11:55:30.306502,shrek,DONKEY,320,True,6ec6587f6660,20.901619999676768,latency-5b67ef9b751b.csv
2,5b67ef9b751b,2025-10-15T11:55:30.440275,shrek3,flaming,2,True,6ec6587f6660,17.836179999903834,latency-5b67ef9b751b.csv
2,5b67ef9b751b,2025-10-15T11:55:30.583058,grail,is,317,True,a1e396557c78,25.907487999575096,latency-5b67ef9b751b.csv
2,5b67ef9b751b,2025-10-15T11:55:30.738852,shrek3,wont,0,True,c6aff4c179ab,42.52773500047624,latency-5b67ef9b751b.csv
2,5b67ef9b751b,2025-10-15T11:55:30.899497,shrek3,field,3,True,a1e396557c78,9.432677999939187,latency-5b67ef9b751b.csv
2,5b67ef9b751b,2025-10-15T11:55:31.018363,shrek,SHREK,433,True,c6aff4c179ab,12.099409000256856,latency-5b67ef9b751b.csv
2,5b67ef9b751b,2025-10-15T11:55:31.141825,shrek3,with,112,True,c6aff4c179ab,22.278346000348392,latency-5b67ef9b751b.csv
2,5b67ef9b751b,2025-10-15T11:55:31.272898,shrek3,Shrek,678,True,6ec6587f6660,10.427600999719289,latency-5b67ef9b751b.csv
2,5b67ef9b751b,2025-10-15T11:55:31.393951,shrek3,MERLIN,73,True,6ec6587f6660,9.82637299966882,latency-5b67ef9b751b.csv
2,5b67ef9b751b,2025-10-15T11:55:31.512339,shrek3,CAPTAIN,41,True,a1e396557c78,10.81194700054766,latency-5b67ef9b751b.csv
2,5b67ef9b751b,2025-10-15T11:55:31.630799,shrek3,OGRE,39,True,c6aff4c179ab,17.540019000080065,latency-5b67ef9b751b.csv
2,5b67ef9b751b,2025-10-15T11:55:31.761763,shrek3,Cinderella,21,True,6ec6587f6660,11.093604999587114,latency-5b67ef9b751b.csv
2,5b67ef9b751b,2025-10-15T11:55:31.884674,shrek3,"Suddenly,",0,True,a1e396557c78,15.562486999442626,latency-5b67ef9b751b.csv
2,5b67ef9b751b,2025-10-15T11:55:32.011123,shrek3,CAPTAIN,41,True,6ec6587f6660,11.573613000109615,latency-5b67ef9b751b.csv
2,5b67ef9b751b,2025-10-15T11:55:32.137283,shrek,don't,72,True,a1e396557c78,5.625476999739476,latency-5b67ef9b751b.csv
2,5b67ef9b751b,2025-10-15T11:55:32.248785,shrek,DONKEY,320,True,c6aff4c179ab,12.052799000230152,latency-5b67ef9b751b.csv
2,5b67ef9b751b,2025-10-15T11:55:32.370528,shrek,FARQUAAD,84,True,a1e396557c78,8.941422999669157,latency-5b67ef9b751b.csv
2,5b67ef9b751b,2025-10-15T11:55:32.489676,shrek,he,118,True,6ec6587f6660,9.961806000319484,latency-5b67ef9b751b.csv
2,5b67ef9b751b,2025-10-15T11:55:32.618558,grail,to,718,True,a1e396557c78,12.990017999982229,latency-5b67ef9b751b.csv
2,5b67ef9b751b,2025-10-15T11:55:32.744023,shrek3,2,8,True,c6aff4c179ab,11.175219000506331,latency-5b67ef9b751b.csv
2,5b67ef9b751b,2025-10-15T11:55:32.871475,shrek,DONKEY,320,True,a1e396557c78,8.43089099998906,latency-5b67ef9b751b.csv
1,5e2845b2b3dd,2025-10-15T11:55:32.497843,shrek,"Ha,",0,True,6ec6587f6660,16.528033000213327,latency-5e2845b2b3dd.csv
1,5e2845b2b3dd,2025-10-15T11:55:32.625127,grail,Guard,106,True,c6aff4c179ab,9.336936999716272,latency-5e2845b2b3dd.csv
1,5e2845b2b3dd,2025-10-15T11:55:32.742913,shrek,fair,2,True,6ec6587f6660,10.600214999612945,latency-5e2845b2b3dd.csv
1,5e2845b2b3dd,2025-10-15T11:55:32.871272,shrek3,JOCKS,2,False,c6aff4c179ab,19.55080599964276,latency-5e2845b2b3dd.csv
1,5e2845b2b3dd,2025-10-15T11:55:32.999778,shrek,will,16,True,c6aff4c179ab,10.548014000050898,latency-5e2845b2b3dd.csv
1,5e2845b2b3dd,2025-10-15T11:55:33.122372,shrek3,wont,0,True,6ec6587f6660,12.648431000343408,latency-5e2845b2b3dd.csv
1,5e2845b2b3dd,2025-10-15T11:55:33.249688,shrek3,Hold,8,True,6ec6587f6660,13.3565810001528,latency-5e2845b2b3dd.csv
1,5e2845b2b3dd,2025-10-15T11:55:33.381549,grail,Bum,13,True,6ec6587f6660,7.934881999972276,latency-5e2845b2b3dd.csv
1,5e2845b2b3dd,2025-10-15T11:55:33.496037,grail,54,2,True,c6aff4c179ab,9.774868000022252,latency-5e2845b2b3dd.csv
1,5e2845b2b3dd,2025-10-15T11:55:33.613439,grail,right,66,True,6ec6587f6660,6.772017000002961,latency-5e2845b2b3dd.csv
1,5e2845b2b3dd,2025-10-15T11:55:33.727545,shrek3,SHREK,678,True,6ec6587f6660,11.32098599919118,latency-5e2845b2b3dd.csv
1,5e2845b2b3dd,2025-10-15T11:55:33.847417,shrek,MAN,38,True,6ec6587f6660,7.421078999868769,latency-5e2845b2b3dd.csv
1,5e2845b2b3dd,2025-10-15T11:55:33.961056,shrek3,field,3,True,6ec6587f6660,9.014595999360608,latency-5e2845b2b3dd.csv
1,5e2845b2b3dd,2025-10-15T11:55:34.077553,grail,rows,1,True,a1e396557c78,6.928522000634985,latency-5e2845b2b3dd.csv
1,5e2845b2b3dd,2025-10-15T11:55:34.192054,shrek,SHREK,433,True,6ec6587f6660,15.263020000020331,latency-5e2845b2b3dd.csv
1,5e2845b2b3dd,2025-10-15T11:55:34.316108,shrek3,cosmic,1,True,c6aff4c179ab,9.97673400070198,latency-5e2845b2b3dd.csv
1,5e2845b2b3dd,2025-10-15T11:55:34.442657,shrek3,the,1285,True,a1e396557c78,33.27828800047428,latency-5e2845b2b3dd.csv
1,5e2845b2b3dd,2025-10-15T11:55:34.588168,shrek3,WHITE,45,True,c6aff4c179ab,11.47031600066839,latency-5e2845b2b3dd.csv
1,5e2845b2b3dd,2025-10-15T11:55:34.715315,shrek,swamp,18,True,a1e396557c78,14.38065100046515,latency-5e2845b2b3dd.csv
1,5e2845b2b3dd,2025-10-15T11:55:34.847739,grail,are,114,True,a1e396557c78,9.52536200020404,latency-5e2845b2b3dd.csv
2,5e2845b2b3dd,2025-10-15T11:55:34.968588,shrek,"Ha,",0,True,6ec6587f6660,8.015879999220488,latency-5e2845b2b3dd.csv
2,5e2845b2b3dd,2025-10-15T11:55:35.093889,grail,Guard,106,True,6ec6587f6660,8.671028000208025,latency-5e2845b2b3dd.csv
2,5e2845b2b3dd,2025-10-15T11:55:35.218529,shrek,fair,2,True,c6aff4c179ab,4.794000000401866,latency-5e2845b2b3dd.csv
2,5e2845b2b3dd,2025-10-15T11:55:35.328344,shrek3,JOCKS,2,True,a1e396557c78,5.338592000043718,latency-5e2845b2b3dd.csv
2,5e2845b2b3dd,2025-10-15T11:55:35.440104,shrek,will,16,True,6ec6587f6660,7.395139000436757,latency-5e2845b2b3dd.csv
2,5e2845b2b3dd,2025-10-15T11:55:35.553223,shrek3,wont,0,True,a1e396557c78,7.555291000244324,latency-5e2845b2b3dd.csv
2,5e2845b2b3dd,2025-10-15T11:55:35.668828,shrek3,Hold,8,True,6ec6587f6660,6.720327999573783,latency-5e2845b2b3dd.csv
2,5e2845b2b3dd,2025-10-15T11:55:35.782339,grail,Bum,13,True,c6aff4c179ab,5.799970999760262,latency-5e2845b2b3dd.csv
2,5e2845b2b3dd,2025-10-15T11:55:35.894190,grail,54,2,True,6ec6587f6660,7.898417000433255,latency-5e2845b2b3dd.csv
2,5e2845b2b3dd,2025-10-15T11:55:36.008074,grail,right,66,True,a1e396557c78,7.391877000372915,latency-5e2845b2b3dd.csv
2,5e2845b2b3dd,2025-10-15T11:55:36.125875,shrek3,SHREK,678,True,6ec6587f6660,10.715549999986251,latency-5e2845b2b3dd.csv
2,5e2845b2b3dd,2025-10-15T11:55:36.254932,shrek,MAN,38,True,6ec6587f6660,8.765933999711706,latency-5e2845b2b3dd.csv
2,5e2845b2b3dd,2025-10-15T11:55:36.373237,shrek3,field,3,True,a1e396557c78,7.006570000157808,latency-5e2845b2b3dd.csv
2,5e2845b2b3dd,2025-10-15T11:55:36.489172,grail,rows,1,True,c6aff4c179ab,6.937796000784147,latency-5e2845b2b3dd.csv
2,5e2845b2b3dd,2025-10-15T11:55:36.604365,shrek,SHREK,433,True,6ec6587f6660,12.079631000233348,latency-5e2845b2b3dd.csv
2,5e2845b2b3dd,2025-10-15T11:55:36.725930,shrek3,cosmic,1,True,6ec6587f6660,10.198476000368828,latency-5e2845b2b3dd.csv
2,5e2845b2b3dd,2025-10-15T11:55:36.858231,shrek3,the,1285,True,6ec6587f6660,23.85889900051552,latency-5e2845b2b3dd.csv
2,5e2845b2b3dd,2025-10-15T11:55:37.005621,shrek3,WHITE,45,True,6ec6587f6660,6.929956000021775,latency-5e2845b2b3dd.csv
2,5e2845b2b3dd,2025-10-15T11:55:37.120045,shrek,swamp,18,True,6ec6587f6660,5.657452000377816,latency-5e2845b2b3dd.csv
2,5e2845b2b3dd,2025-10-15T11:55:37.231417,grail,are,114,True,6ec6587f6660,7.393510999463615,latency-5e2845b2b3dd.csv
1,6b345f4c29ae,2025-10-15T11:55:49.433872,shrek,SHREK,433,True,c6aff4c179ab,6.068953999601945,latency-6b345f4c29ae.csv
1,6b345f4c29ae,2025-10-15T11:55:49.545511,shrek3,PRINCE,207,True,6ec6587f6660,5.273732999739877,latency-6b345f4c29ae.csv
1,6b345f4c29ae,2025-10-15T11:55:49.656340,shrek,He,118,True,a1e396557c78,17.253378000532393,latency-6b345f4c29ae.csv
1,6b345f4c29ae,2025-10-15T11:55:49.783960,shrek,DONKEY,320,True,a1e396557c78,9.635716000047978,latency-6b345f4c29ae.csv
1,6b345f4c29ae,2025-10-15T11:55:49.902087,shrek,DONKEY,320,True,6ec6587f6660,6.769590999283537,latency-6b345f4c29ae.csv
1,6b345f4c29ae,2025-10-15T11:55:50.016512,grail,a,666,True,c6aff4c179ab,4.858466999394295,latency-6b345f4c29ae.csv
1,6b345f4c29ae,2025-10-15T11:55:50.128901,shrek3,the,1285,True,a1e396557c78,7.313957000405935,latency-6b345f4c29ae.csv
1,6b345f4c29ae,2025-10-15T11:55:50.245073,shrek,Shrek,433,True,6ec6587f6660,8.706249000169919,latency-6b345f4c29ae.csv
1,6b345f4c29ae,2025-10-15T11:55:50.372463,shrek3,reason,2,True,6ec6587f6660,5.070834000434843,latency-6b345f4c29ae.csv
1,6b345f4c29ae,2025-10-15T11:55:50.484220,shrek3,WHITE,45,True,a1e396557c78,5.053810000390513,latency-6b345f4c29ae.csv
1,6b345f4c29ae,2025-10-15T11:55:50.595946,shrek,trip,1,True,6ec6587f6660,5.261746000542189,latency-6b345f4c29ae.csv
1,6b345f4c29ae,2025-10-15T11:55:50.707447,grail,"collective,",0,True,c6aff4c179ab,4.396183000608289,latency-6b345f4c29ae.csv
1,6b345f4c29ae,2025-10-15T11:55:50.816677,grail,54,2,True,6ec6587f6660,7.284440999683284,latency-6b345f4c29ae.csv
1,6b345f4c29ae,2025-10-15T11:55:50.931946,shrek,swamp,18,True,c6aff4c179ab,4.47828300002584,latency-6b345f4c29ae.csv
1,6b345f4c29ae,2025-10-15T11:55:51.041987,shrek,placed,1,False,a1e396557c78,10.482573000444972,latency-6b345f4c29ae.csv
1,6b345f4c29ae,2025-10-15T11:55:51.158427,shrek3,Hold,8,True,6ec6587f6660,5.011981000279775,latency-6b345f4c29ae.csv
1,6b345f4c29ae,2025-10-15T11:55:51.268930,shrek,DONKEY,320,True,a1e396557c78,19.37413399991783,latency-6b345f4c29ae.csv
1,6b345f4c29ae,2025-10-15T11:55:51.398778,shrek3,-,110,True,6ec6587f6660,11.947514999519626,latency-6b345f4c29ae.csv
1,6b345f4c29ae,2025-10-15T11:55:51.524480,grail,"Oh,",2,True,c6aff4c179ab,7.015549999778159,latency-6b345f4c29ae.csv
1,6b345f4c29ae,2025-10-15T11:55:51.643196,shrek3,reason,2,True,c6aff4c179ab,12.010397000267403,latency-6b345f4c29ae.csv
2,6b345f4c29ae,2025-10-15T11:55:51.773888,shrek,SHREK,433,True,c6aff4c179ab,7.8002800000831485,latency-6b345f4c29ae.csv
2,6b345f4c29ae,2025-10-15T11:55:51.890740,shrek3,PRINCE,207,True,6ec6587f6660,6.638992999796756,latency-6b345f4c29ae.csv
2,6b345f4c29ae,2025-10-15T11:55:52.004341,shrek,He,118,True,c6aff4c179ab,7.276121000359126,latency-6b345f4c29ae.csv
2,6b345f4c29ae,2025-10-15T11:55:52.118502,shrek,DONKEY,320,True,c6aff4c179ab,16.19183900038479,latency-6b345f4c29ae.csv
2,6b345f4c29ae,2025-10-15T11:55:52.244165,shrek,DONKEY,320,True,6ec6587f6660,7.671154000490787,latency-6b345f4c29ae.csv
2,6b345f4c29ae,2025-10-15T11:55:52.359792,grail,a,666,True,c6aff4c179ab,8.823519000543456,latency-6b345f4c29ae.csv
2,6b345f4c29ae,2025-10-15T11:55:52.478725,shrek3,the,1285,True,6ec6587f6660,6.251509999856353,latency-6b345f4c29ae.csv
2,6b345f4c29ae,2025-10-15T11:55:52.592250,shrek,Shrek,433,True,a1e396557c78,4.7188720000121975,latency-6b345f4c29ae.csv
2,6b345f4c29ae,2025-10-15T11:55:52.702133,shrek3,reason,2,True,6ec6587f6660,8.581972999309073,latency-6b345f4c29ae.csv
2,6b345f4c29ae,2025-10-15T11:55:52.817837,shrek3,WHITE,45,True,c6aff4c179ab,6.778387999474944,latency-6b345f4c29ae.csv
2,6b345f4c29ae,2025-10-15T11:55:52.931122,shrek,trip,1,True,c6aff4c179ab,8.427022999967448,latency-6b345f4c29ae.csv
2,6b345f4c29ae,2025-10-15T11:55:53.045951,grail,"collective,",0,True,c6aff4c179ab,9.209879999616533,latency-6b345f4c29ae.csv
2,6b345f4c29ae,2025-10-15T11:55:53.162504,grail,54,2,True,a1e396557c78,7.592324999677658,latency-6b345f4c29ae.csv
2,6b345f4c29ae,2025-10-15T11:55:53.277177,shrek,swamp,18,True,c6aff4c179ab,8.989912000288314,latency-6b345f4c29ae.csv
2,6b345f4c29ae,2025-10-15T11:55:53.392680,shrek,placed,1,True,6ec6587f6660,10.071654000057606,latency-6b345f4c29ae.csv
2,6b345f4c29ae,2025-10-15T11:55:53.511032,shrek3,Hold,8,True,a1e396557c78,8.688214999892807,latency-6b345f4c29ae.csv
2,6b345f4c29ae,2025-10-15T11:55:53.627214,shrek,DONKEY,320,True,a1e396557c78,6.077803000152926,latency-6b345f4c29ae.csv
2,6b345f4c29ae,2025-10-15T11:55:53.739907,shrek3,-,110,True,c6aff4c179ab,7.040834000690666,latency-6b345f4c29ae.csv
2,6b345f4c29ae,2025-10-15T11:55:53.854070,grail,"Oh,",2,True,6ec6587f6660,7.304597000256763,latency-6b345f4c29ae.csv
2,6b345f4c29ae,2025-10-15T11:55:53.968456,shrek3,reason,2,True,c6aff4c179ab,12.256231000719708,latency-6b345f4c29ae.csv
1,6c4fe4391f41,2025-10-15T11:55:31.419695,shrek3,body),0,True,c6aff4c179ab,10.96055600010004,latency-6c4fe4391f41.csv
1,6c4fe4391f41,2025-10-15T11:55:31.540087,shrek,tell,25,False,6ec6587f6660,18.26380100010283,latency-6c4fe4391f41.csv
1,6c4fe4391f41,2025-10-15T11:55:31.665348,shrek,He,118,True,a1e396557c78,10.661724999408762,latency-6c4fe4391f41.csv
1,6c4fe4391f41,2025-10-15T11:55:31.793446,shrek,He,118,True,c6aff4c179ab,16.849978000209376,latency-6c4fe4391f41.csv
1,6c4fe4391f41,2025-10-15T11:55:31.932818,shrek,minute,3,True,a1e396557c78,21.199043000706297,latency-6c4fe4391f41.csv
1,6c4fe4391f41,2025-10-15T11:55:32.061222,shrek,transport,1,True,6ec6587f6660,5.770531999587547,latency-6c4fe4391f41.csv
1,6c4fe4391f41,2025-10-15T11:55:32.172557,shrek,its,1,True,a1e396557c78,4.726944000140065,latency-6c4fe4391f41.csv
1,6c4fe4391f41,2025-10-15T11:55:32.282365,shrek,Blah,1,False,c6aff4c179ab,12.19684399984544,latency-6c4fe4391f41.csv
1,6c4fe4391f41,2025-10-15T11:55:32.401967,shrek,token,1,True,a1e396557c78,4.89328799994837,latency-6c4fe4391f41.csv
1,6c4fe4391f41,2025-10-15T11:55:32.511844,shrek3,cosmic,1,True,c6aff4c179ab,9.391558000061195,latency-6c4fe4391f41.csv
1,6c4fe4391f41,2025-10-15T11:55:32.630221,grail,To,718,True,a1e396557c78,9.141061000264015,latency-6c4fe4391f41.csv
1,6c4fe4391f41,2025-10-15T11:55:32.747116,shrek,he,118,True,a1e396557c78,10.985670000081882,latency-6c4fe4391f41.csv
1,6c4fe4391f41,2025-10-15T11:55:32.872988,shrek3,-,110,False,6ec6587f6660,16.25114000034955,latency-6c4fe4391f41.csv
1,6c4fe4391f41,2025-10-15T11:55:32.999821,shrek,DONKEY,320,True,a1e396557c78,10.193385000093258,latency-6c4fe4391f41.csv
1,6c4fe4391f41,2025-10-15T11:55:33.121891,shrek,not,50,True,a1e396557c78,14.709193999806304,latency-6c4fe4391f41.csv
1,6c4fe4391f41,2025-10-15T11:55:33.252821,shrek,FIONA,211,True,c6aff4c179ab,23.13317700009065,latency-6c4fe4391f41.csv
1,6c4fe4391f41,2025-10-15T11:55:33.408698,shrek3,an,51,True,6ec6587f6660,7.3337789999641245,latency-6c4fe4391f41.csv
1,6c4fe4391f41,2025-10-15T11:55:33.523582,shrek3,the,1285,True,c6aff4c179ab,8.66606799991132,latency-6c4fe4391f41.csv
1,6c4fe4391f41,2025-10-15T11:55:33.644706,shrek,Is,132,True,a1e396557c78,8.308878999741864,latency-6c4fe4391f41.csv
1,6c4fe4391f41,2025-10-15T11:55:33.763778,grail,seek,12,True,c6aff4c179ab,7.572438999886799,latency-6c4fe4391f41.csv
2,6c4fe4391f41,2025-10-15T11:55:33.879564,shrek3,body),0,True,6ec6587f6660,11.78933600021992,latency-6c4fe4391f41.csv
2,6c4fe4391f41,2025-10-15T11:55:34.002691,shrek,tell,25,True,c6aff4c179ab,8.767208999415743,latency-6c4fe4391f41.csv
2,6c4fe4391f41,2025-10-15T11:55:34.121798,shrek,He,118,True,6ec6587f6660,15.926078999655148,latency-6c4fe4391f41.csv
2,6c4fe4391f41,2025-10-15T11:55:34.250618,shrek,He,118,True,c6aff4c179ab,23.38944600069226,latency-6c4fe4391f41.csv
2,6c4fe4391f41,2025-10-15T11:55:34.391475,shrek,minute,3,True,a1e396557c78,17.0943229995828,latency-6c4fe4391f41.csv
2,6c4fe4391f41,2025-10-15T11:55:34.527896,shrek,transport,1,True,a1e396557c78,13.03180600007181,latency-6c4fe4391f41.csv
2,6c4fe4391f41,2025-10-15T11:55:34.655914,shrek,its,1,True,c6aff4c179ab,6.744894999428652,latency-6c4fe4391f41.csv
2,6c4fe4391f41,2025-10-15T11:55:34.771047,shrek,Blah,1,True,6ec6587f6660,8.387937999941641,latency-6c4fe4391f41.csv
2,6c4fe4391f41,2025-10-15T11:55:34.887706,shrek,token,1,True,c6aff4c179ab,8.527498999683303,latency-6c4fe4391f41.csv
2,6c4fe4391f41,2025-10-15T11:55:35.007251,shrek3,cosmic,1,True,a1e396557c78,16.379935999793815,latency-6c4fe4391f41.csv
2,6c4fe4391f41,2025-10-15T11:55:35.154737,grail,To,718,True,c6aff4c179ab,8.707413000593078,latency-6c4fe4391f41.csv
2,6c4fe4391f41,2025-10-15T11:55:35.273462,shrek,he,118,True,c6aff4c179ab,10.018790999311022,latency-6c4fe4391f41.csv
2,6c4fe4391f41,2025-10-15T11:55:35.393651,shrek3,-,110,True,a1e396557c78,11.729861000276289,latency-6c4fe4391f41.csv
2,6c4fe4391f41,2025-10-15T11:55:35.515256,shrek,DONKEY,320,True,c6aff4c179ab,10.131995999472563,latency-6c4fe4391f41.csv
2,6c4fe4391f41,2025-10-15T11:55:35.633986,shrek,not,50,True,a1e396557c78,9.501265999460884,latency-6c4fe4391f41.csv
2,6c4fe4391f41,2025-10-15T11:55:35.752143,shrek,FIONA,211,True,6ec6587f6660,8.246102999692084,latency-6c4fe4391f41.csv
2,6c4fe4391f41,2025-10-15T11:55:35.872452,shrek3,an,51,True,6ec6587f6660,9.001264999824343,latency-6c4fe4391f41.csv
2,6c4fe4391f41,2025-10-15T11:55:35.989359,shrek3,the,1285,True,c6aff4c179ab,8.073488000263751,latency-6c4fe4391f41.csv
2,6c4fe4391f41,2025-10-15T11:55:36.104020,shrek,Is,132,True,a1e396557c78,8.411167999838653,latency-6c4fe4391f41.csv
2,6c4fe4391f41,2025-10-15T11:55:36.239256,grail,seek,12,True,c6aff4c179ab,5.250942000202485,latency-6c4fe4391f41.csv
1,6e7d4faeacf6,2025-10-15T11:55:53.201512,shrek3,Third,121,True,a1e396557c78,5.488156000865274,latency-6e7d4faeacf6.csv
1,6e7d4faeacf6,2025-10-15T11:55:53.312812,shrek,DONKEY,320,True,a1e396557c78,6.495112999800767,latency-6e7d4faeacf6.csv
1,6e7d4faeacf6,2025-10-15T11:55:53.425919,shrek3,right,36,True,a1e396557c78,6.310478999694169,latency-6e7d4faeacf6.csv
1,6e7d4faeacf6,2025-10-15T11:55:53.538491,grail,king,136,True,6ec6587f6660,5.27603399950749,latency-6e7d4faeacf6.csv
1,6e7d4faeacf6,2025-10-15T11:55:53.649353,grail,Launcelot,107,True,6ec6587f6660,5.3822190002392745,latency-6e7d4faeacf6.csv
1,6e7d4faeacf6,2025-10-15T11:55:53.759599,shrek3,of,275,True,6ec6587f6660,8.010548000129347,latency-6e7d4faeacf6.csv
1,6e7d4faeacf6,2025-10-15T11:55:53.874395,grail,witch,30,True,a1e396557c78,6.148194000161311,latency-6e7d4faeacf6.csv
1,6e7d4faeacf6,2025-10-15T11:55:53.986852,shrek3,did,14,True,c6aff4c179ab,18.76855600039562,latency-6e7d4faeacf6.csv
1,6e7d4faeacf6,2025-10-15T11:55:54.113258,grail,To,718,True,6ec6587f6660,5.402830000093672,latency-6e7d4faeacf6.csv
1,6e7d4faeacf6,2025-10-15T11:55:54.224124,grail,right,66,True,a1e396557c78,7.273395999618515,latency-6e7d4faeacf6.csv
1,6e7d4faeacf6,2025-10-15T11:55:54.337328,shrek,What,104,True,c6aff4c179ab,5.083946000013384,latency-6e7d4faeacf6.csv
1,6e7d4faeacf6,2025-10-15T11:55:54.447845,shrek,DONKEY,320,True,c6aff4c179ab,6.464815000072122,latency-6e7d4faeacf6.csv
1,6e7d4faeacf6,2025-10-15T11:55:54.560607,grail,"Peng,",0,True,c6aff4c179ab,6.606339999962074,latency-6e7d4faeacf6.csv
1,6e7d4faeacf6,2025-10-15T11:55:54.676249,shrek3,dat,1,True,6ec6587f6660,8.154793999892718,latency-6e7d4faeacf6.csv
1,6e7d4faeacf6,2025-10-15T11:55:54.794872,grail,to,718,True,a1e396557c78,4.93207599993184,latency-6e7d4faeacf6.csv
1,6e7d4faeacf6,2025-10-15T11:55:54.904851,shrek,this,79,True,a1e396557c78,7.784430000356224,latency-6e7d4faeacf6.csv
1,6e7d4faeacf6,2025-10-15T11:55:55.019094,shrek,FARQUAAD,84,True,a1e396557c78,11.722859000656172,latency-6e7d4faeacf6.csv
1,6e7d4faeacf6,2025-10-15T11:55:55.140031,shrek3,cosmic,1,True,c6aff4c179ab,12.921186999847125,latency-6e7d4faeacf6.csv
1,6e7d4faeacf6,2025-10-15T11:55:55.279873,grail,feel,11,True,6ec6587f6660,7.885701000304834,latency-6e7d4faeacf6.csv
1,6e7d4faeacf6,2025-10-15T11:55:55.399345,shrek,your,49,True,a1e396557c78,7.579711000289535,latency-6e7d4faeacf6.csv
2,6e7d4faeacf6,2025-10-15T11:55:55.513970,shrek3,Third,121,True,c6aff4c179ab,5.780931000117562,latency-6e7d4faeacf6.csv
2,6e7d4faeacf6,2025-10-15T11:55:55.625711,shrek,DONKEY,320,True,6ec6587f6660,7.017880000603327,latency-6e7d4faeacf6.csv
2,6e7d4faeacf6,2025-10-15T11:55:55.739523,shrek3,right,36,True,a1e396557c78,13.060102999588707,latency-6e7d4faeacf6.csv
2,6e7d4faeacf6,2025-10-15T11:55:55.866512,grail,king,136,True,c6aff4c179ab,17.12901500013686,latency-6e7d4faeacf6.csv
2,6e7d4faeacf6,2025-10-15T11:55:55.990777,grail,Launcelot,107,True,a1e396557c78,19.17369799957669,latency-6e7d4faeacf6.csv
2,6e7d4faeacf6,2025-10-15T11:55:56.126641,shrek3,of,275,True,a1e396557c78,8.95258400032617,latency-6e7d4faeacf6.csv
2,6e7d4faeacf6,2025-10-15T11:55:56.250233,grail,witch,30,True,c6aff4c179ab,14.08004000040819,latency-6e7d4faeacf6.csv
2,6e7d4faeacf6,2025-10-15T11:55:56.394991,shrek3,did,14,True,a1e396557c78,8.604206999734743,latency-6e7d4faeacf6.csv
2,6e7d4faeacf6,2025-10-15T11:55:56.518536,grail,To,718,True,c6aff4c179ab,8.949211999606632,latency-6e7d4faeacf6.csv
2,6e7d4faeacf6,2025-10-15T11:55:56.643656,grail,right,66,True,6ec6587f6660,10.808225999426211,latency-6e7d4faeacf6.csv
2,6e7d4faeacf6,2025-10-15T11:55:56.781900,shrek,What,104,True,a1e396557c78,8.444402000350237,latency-6e7d4faeacf6.csv
2,6e7d4faeacf6,2025-10-15T11:55:56.897005,shrek,DONKEY,320,True,6ec6587f6660,6.805010999414662,latency-6e7d4faeacf6.csv
2,6e7d4faeacf6,2025-10-15T11:55:57.010018,grail,"Peng,",0,True,c6aff4c179ab,7.98876599947107,latency-6e7d4faeacf6.csv
2,6e7d4faeacf6,2025-10-15T11:55:57.123482,shrek3,dat,1,True,6ec6587f6660,6.5133190000779,latency-6e7d4faeacf6.csv
2,6e7d4faeacf6,2025-10-15T11:55:57.243915,grail,to,718,True,6ec6587f6660,16.099935000056576,latency-6e7d4faeacf6.csv
2,6e7d4faeacf6,2025-10-15T11:55:57.380139,shrek,this,79,True,c6aff4c179ab,5.216443999415787,latency-6e7d4faeacf6.csv
2,6e7d4faeacf6,2025-10-15T11:55:57.491752,shrek,FARQUAAD,84,True,a1e396557c78,3.94269299977168,latency-6e7d4faeacf6.csv
2,6e7d4faeacf6,2025-10-15T11:55:57.602304,shrek3,cosmic,1,True,c6aff4c179ab,5.550938999476784,latency-6e7d4faeacf6.csv
2,6e7d4faeacf6,2025-10-15T11:55:57.714784,grail,feel,11,True,a1e396557c78,5.698038999980781,latency-6e7d4faeacf6.csv
2,6e7d4faeacf6,2025-10-15T11:55:57.828148,shrek,your,49,True,6ec6587f6660,74.80323099935049,latency-6e7d4faeacf6.csv
1,70da633248ce,2025-10-15T11:55:44.443401,shrek,tell,25,True,a1e396557c78,4.781212000125379,latency-70da633248ce.csv
1,70da633248ce,2025-10-15T11:55:44.555934,shrek,Nobody,4,True,c6aff4c179ab,7.495847000427602,latency-70da633248ce.csv
1,70da633248ce,2025-10-15T11:55:44.671750,shrek3,Final,119,True,6ec6587f6660,16.442621999885887,latency-70da633248ce.csv
1,70da633248ce,2025-10-15T11:55:44.798850,shrek3,PRINCE,207,True,c6aff4c179ab,5.048375000114902,latency-70da633248ce.csv
1,70da633248ce,2025-10-15T11:55:44.909676,shrek3,DONKEY,243,True,a1e396557c78,5.804985999930068,latency-70da633248ce.csv
1,70da633248ce,2025-10-15T11:55:45.020624,grail,king,136,True,c6aff4c179ab,4.334273000495159,latency-70da633248ce.csv
1,70da633248ce,2025-10-15T11:55:45.130302,shrek,field,4,True,6ec6587f6660,7.578566999654868,latency-70da633248ce.csv
1,70da633248ce,2025-10-15T11:55:45.244310,shrek,you,409,True,c6aff4c179ab,5.836101000568306,latency-70da633248ce.csv
1,70da633248ce,2025-10-15T11:55:45.356418,grail,(as,0,True,6ec6587f6660,7.611590999658802,latency-70da633248ce.csv
1,70da633248ce,2025-10-15T11:55:45.478717,shrek3,"meet""",0,True,a1e396557c78,7.201635999990685,latency-70da633248ce.csv
1,70da633248ce,2025-10-15T11:55:45.595713,shrek,SHREK,433,True,c6aff4c179ab,7.987511999999697,latency-70da633248ce.csv
1,70da633248ce,2025-10-15T11:55:45.711269,grail,CALLS,3,True,6ec6587f6660,7.024319999800355,latency-70da633248ce.csv
1,70da633248ce,2025-10-15T11:55:45.824739,shrek3,what,82,True,6ec6587f6660,8.50534700020944,latency-70da633248ce.csv
1,70da633248ce,2025-10-15T11:55:45.941793,grail,"Oh,",2,True,a1e396557c78,8.025961999919673,latency-70da633248ce.csv
1,70da633248ce,2025-10-15T11:55:46.056418,shrek3,through,43,True,c6aff4c179ab,7.585897000353725,latency-70da633248ce.csv
1,70da633248ce,2025-10-15T11:55:46.170159,shrek3,2,8,True,6ec6587f6660,8.595334000347066,latency-70da633248ce.csv
1,70da633248ce,2025-10-15T11:55:46.286846,shrek,to,268,False,c6aff4c179ab,34.95335400020849,latency-70da633248ce.csv
1,70da633248ce,2025-10-15T11:55:46.450610,grail,THREE-HEADED,8,True,6ec6587f6660,22.96050900076807,latency-70da633248ce.csv
1,70da633248ce,2025-10-15T11:55:46.590064,grail,and,722,True,a1e396557c78,9.865655999419689,latency-70da633248ce.csv
1,70da633248ce,2025-10-15T11:55:46.709741,shrek,who,29,True,c6aff4c179ab,8.104022999759763,latency-70da633248ce.csv
2,70da633248ce,2025-10-15T11:55:46.827996,shrek,tell,25,True,a1e396557c78,7.0205729998633615,latency-70da633248ce.csv
2,70da633248ce,2025-10-15T11:55:46.944473,shrek,Nobody,4,True,c6aff4c179ab,24.763882999650377,latency-70da633248ce.csv
2,70da633248ce,2025-10-15T11:55:47.078511,shrek3,Final,119,True,c6aff4c179ab,7.376079999630747,latency-70da633248ce.csv
2,70da633248ce,2025-10-15T11:55:47.191805,shrek3,PRINCE,207,True,c6aff4c179ab,7.61552399944776,latency-70da633248ce.csv
2,70da633248ce,2025-10-15T11:55:47.304871,shrek3,DONKEY,243,True,c6aff4c179ab,12.1755199998006,latency-70da633248ce.csv
2,70da633248ce,2025-10-15T11:55:47.429375,grail,king,136,True,c6aff4c179ab,7.262778000040271,latency-70da633248ce.csv
2,70da633248ce,2025-10-15T11:55:47.544536,shrek,field,4,True,6ec6587f6660,6.634487999690464,latency-70da633248ce.csv
2,70da633248ce,2025-10-15T11:55:47.658248,shrek,you,409,True,a1e396557c78,7.901057999333716,latency-70da633248ce.csv
2,70da633248ce,2025-10-15T11:55:47.773712,grail,(as,0,True,c6aff4c179ab,6.859704999442329,latency-70da633248ce.csv
2,70da633248ce,2025-10-15T11:55:47.889862,shrek3,"meet""",0,True,6ec6587f6660,7.046628999887616,latency-70da633248ce.csv
2,70da633248ce,2025-10-15T11:55:48.006593,shrek,SHREK,433,True,c6aff4c179ab,9.875219000605284,latency-70da633248ce.csv
2,70da633248ce,2025-10-15T11:55:48.125534,grail,CALLS,3,True,a1e396557c78,11.644072999843049,latency-70da633248ce.csv
2,70da633248ce,2025-10-15T11:55:48.257134,shrek3,what,82,True,6ec6587f6660,9.48452200009342,latency-70da633248ce.csv
2,70da633248ce,2025-10-15T11:55:48.383846,grail,"Oh,",2,True,c6aff4c179ab,10.249076999571116,latency-70da633248ce.csv
2,70da633248ce,2025-10-15T11:55:48.519381,shrek3,through,43,True,6ec6587f6660,9.095829999751004,latency-70da633248ce.csv
2,70da633248ce,2025-10-15T11:55:48.641366,shrek3,2,8,True,c6aff4c179ab,8.50995799919474,latency-70da633248ce.csv
2,70da633248ce,2025-10-15T11:55:48.759445,shrek,to,268,True,c6aff4c179ab,24.55179099979432,latency-70da633248ce.csv
2,70da633248ce,2025-10-15T11:55:48.910776,grail,THREE-HEADED,8,True,a1e396557c78,7.562426000731648,latency-70da633248ce.csv
2,70da633248ce,2025-10-15T11:55:49.031698,grail,and,722,True,6ec6587f6660,5.105162000290875,latency-70da633248ce.csv
2,70da633248ce,2025-10-15T11:55:49.142925,shrek,who,29,True,a1e396557c78,4.662370000005467,latency-70da633248ce.csv
1,72abafd606ce,2025-10-15T11:55:49.090887,shrek3,Hold,8,True,a1e396557c78,5.532141000003321,latency-72abafd606ce.csv
1,72abafd606ce,2025-10-15T11:55:49.203179,shrek3,JOCKS,2,True,c6aff4c179ab,7.283142999767733,latency-72abafd606ce.csv
1,72abafd606ce,2025-10-15T11:55:49.317472,shrek,MAN,38,True,a1e396557c78,5.943299000136904,latency-72abafd606ce.csv
1,72abafd606ce,2025-10-15T11:55:49.429560,shrek,Is,132,True,6ec6587f6660,4.669387999456376,latency-72abafd606ce.csv
1,72abafd606ce,2025-10-15T11:55:49.541315,grail,time,33,True,a1e396557c78,5.122609999489214,latency-72abafd606ce.csv
1,72abafd606ce,2025-10-15T11:55:49.652394,shrek3,glass,9,True,c6aff4c179ab,26.18777000043337,latency-72abafd606ce.csv
1,72abafd606ce,2025-10-15T11:55:49.787931,grail,To,718,True,6ec6587f6660,8.138659999531228,latency-72abafd606ce.csv
1,72abafd606ce,2025-10-15T11:55:49.904113,shrek3,DWARF,10,True,c6aff4c179ab,7.577024000056554,latency-72abafd606ce.csv
1,72abafd606ce,2025-10-15T11:55:50.019485,shrek3,OGRE,39,True,a1e396557c78,6.612139000026218,latency-72abafd606ce.csv
1,72abafd606ce,2025-10-15T11:55:50.131982,shrek,whistles,2,True,6ec6587f6660,6.687475000035192,latency-72abafd606ce.csv
1,72abafd606ce,2025-10-15T11:55:50.247617,shrek,Is,132,True,c6aff4c179ab,15.967610999723547,latency-72abafd606ce.csv
1,72abafd606ce,2025-10-15T11:55:50.390798,grail,are,114,True,c6aff4c179ab,6.557262000569608,latency-72abafd606ce.csv
1,72abafd606ce,2025-10-15T11:55:50.506710,grail,are,114,True,a1e396557c78,9.247171000424714,latency-72abafd606ce.csv
1,72abafd606ce,2025-10-15T11:55:50.627581,shrek3,116,1,True,6ec6587f6660,6.998644999839598,latency-72abafd606ce.csv
1,72abafd606ce,2025-10-15T11:55:50.740493,shrek,and,318,True,a1e396557c78,6.956117999834532,latency-72abafd606ce.csv
1,72abafd606ce,2025-10-15T11:55:50.853645,shrek,he,118,True,c6aff4c179ab,11.149697999826458,latency-72abafd606ce.csv
1,72abafd606ce,2025-10-15T11:55:50.971646,shrek,old,10,True,a1e396557c78,7.857519999561191,latency-72abafd606ce.csv
1,72abafd606ce,2025-10-15T11:55:51.088287,shrek,"Well,",0,True,c6aff4c179ab,6.988942999669234,latency-72abafd606ce.csv
1,72abafd606ce,2025-10-15T11:55:51.200785,grail,"Oh,",2,True,6ec6587f6660,5.2121889993941295,latency-72abafd606ce.csv
1,72abafd606ce,2025-10-15T11:55:51.312914,grail,witch,30,True,c6aff4c179ab,10.33645300049102,latency-72abafd606ce.csv
2,72abafd606ce,2025-10-15T11:55:51.430608,shrek3,Hold,8,True,a1e396557c78,9.313094999924942,latency-72abafd606ce.csv
2,72abafd606ce,2025-10-15T11:55:51.549532,shrek3,JOCKS,2,True,6ec6587f6660,8.615674999418843,latency-72abafd606ce.csv
2,72abafd606ce,2025-10-15T11:55:51.669625,shrek,MAN,38,True,6ec6587f6660,14.368115000252146,latency-72abafd606ce.csv
2,72abafd606ce,2025-10-15T11:55:51.793661,shrek,Is,132,True,a1e396557c78,12.367591999463912,latency-72abafd606ce.csv
2,72abafd606ce,2025-10-15T11:55:51.915854,grail,time,33,True,6ec6587f6660,12.607366999873191,latency-72abafd606ce.csv
2,72abafd606ce,2025-10-15T11:55:52.043895,shrek3,glass,9,True,c6aff4c179ab,9.391081999638118,latency-72abafd606ce.csv
2,72abafd606ce,2025-10-15T11:55:52.163430,grail,To,718,True,6ec6587f6660,9.929974999977276,latency-72abafd606ce.csv
2,72abafd606ce,2025-10-15T11:55:52.284363,shrek3,DWARF,10,True,6ec6587f6660,6.783843999983219,latency-72abafd606ce.csv
2,72abafd606ce,2025-10-15T11:55:52.402341,shrek3,OGRE,39,True,c6aff4c179ab,7.885476000410563,latency-72abafd606ce.csv
2,72abafd606ce,2025-10-15T11:55:52.523803,shrek,whistles,2,True,a1e396557c78,5.646909000461164,latency-72abafd606ce.csv
2,72abafd606ce,2025-10-15T11:55:52.637208,shrek,Is,132,True,c6aff4c179ab,6.653851000010036,latency-72abafd606ce.csv
2,72abafd606ce,2025-10-15T11:55:52.752538,grail,are,114,True,6ec6587f6660,7.155256000260124,latency-72abafd606ce.csv
2,72abafd606ce,2025-10-15T11:55:52.866338,grail,are,114,True,a1e396557c78,6.003557999974873,latency-72abafd606ce.csv
2,72abafd606ce,2025-10-15T11:55:52.981283,shrek3,116,1,True,c6aff4c179ab,5.725777999941784,latency-72abafd606ce.csv
2,72abafd606ce,2025-10-15T11:55:53.093013,shrek,and,318,True,6ec6587f6660,5.008033999729378,latency-72abafd606ce.csv
2,72abafd606ce,2025-10-15T11:55:53.203373,shrek,he,118,True,6ec6587f6660,4.81149600000208,latency-72abafd606ce.csv
2,72abafd606ce,2025-10-15T11:55:53.313923,shrek,old,10,True,6ec6587f6660,5.395801999839023,latency-72abafd606ce.csv
2,72abafd606ce,2025-10-15T11:55:53.425867,shrek,"Well,",0,True,c6aff4c179ab,6.3791530001253705,latency-72abafd606ce.csv
2,72abafd606ce,2025-10-15T11:55:53.538491,grail,"Oh,",2,True,c6aff4c179ab,5.480680999426113,latency-72abafd606ce.csv
2,72abafd606ce,2025-10-15T11:55:53.649353,grail,witch,30,True,c6aff4c179ab,5.476803999954427,latency-72abafd606ce.csv
1,74de4f440d91,2025-10-15T11:56:02.509869,grail,to,718,True,a1e396557c78,5.757263999839779,latency-74de4f440d91.csv
1,74de4f440d91,2025-10-15T11:56:02.621367,grail,I,298,True,c6aff4c179ab,6.251484000131313,latency-74de4f440d91.csv
1,74de4f440d91,2025-10-15T11:56:02.736255,shrek,whole,10,True,a1e396557c78,6.33071199990809,latency-74de4f440d91.csv
1,74de4f440d91,2025-10-15T11:56:02.849842,shrek,one,44,True,c6aff4c179ab,6.743987999470846,latency-74de4f440d91.csv
1,74de4f440d91,2025-10-15T11:56:02.963635,grail,Yeah,13,True,a1e396557c78,5.120330999488942,latency-74de4f440d91.csv
1,74de4f440d91,2025-10-15T11:56:03.073986,shrek3,Ahh,8,True,a1e396557c78,6.176982999932079,latency-74de4f440d91.csv
1,74de4f440d91,2025-10-15T11:56:03.185545,grail,at,104,True,6ec6587f6660,5.529916000341473,latency-74de4f440d91.csv
1,74de4f440d91,2025-10-15T11:56:03.297411,shrek3,TO,511,True,c6aff4c179ab,9.914393000144628,latency-74de4f440d91.csv
1,74de4f440d91,2025-10-15T11:56:03.414499,shrek3,Uh,18,True,c6aff4c179ab,6.0008469999957015,latency-74de4f440d91.csv
1,74de4f440d91,2025-10-15T11:56:03.526495,shrek3,OGRE,39,True,a1e396557c78,13.01012499970966,latency-74de4f440d91.csv
1,74de4f440d91,2025-10-15T11:56:03.649459,grail,TV,2,True,6ec6587f6660,6.285364999712328,latency-74de4f440d91.csv
1,74de4f440d91,2025-10-15T11:56:03.763109,shrek,But,73,True,c6aff4c179ab,27.21552200000588,latency-74de4f440d91.csv
1,74de4f440d91,2025-10-15T11:56:03.903747,shrek3,the,1285,True,c6aff4c179ab,15.587247999974352,latency-74de4f440d91.csv
1,74de4f440d91,2025-10-15T11:56:04.029973,grail,Rostmm,1,True,a1e396557c78,9.572594000019308,latency-74de4f440d91.csv
1,74de4f440d91,2025-10-15T11:56:04.149997,shrek3,the,1285,True,a1e396557c78,7.500265999624389,latency-74de4f440d91.csv
1,74de4f440d91,2025-10-15T11:56:04.265211,shrek,trip,1,True,a1e396557c78,19.033515000046464,latency-74de4f440d91.csv
1,74de4f440d91,2025-10-15T11:56:04.394314,grail,king,136,True,6ec6587f6660,8.608138999989023,latency-74de4f440d91.csv
1,74de4f440d91,2025-10-15T11:56:04.511434,shrek,help,5,True,c6aff4c179ab,18.547515999671305,latency-74de4f440d91.csv
1,74de4f440d91,2025-10-15T11:56:04.668003,shrek,Nobody,4,True,6ec6587f6660,21.008268000514363,latency-74de4f440d91.csv
1,74de4f440d91,2025-10-15T11:56:04.805054,grail,a,666,True,6ec6587f6660,16.881497999747808,latency-74de4f440d91.csv
2,74de4f440d91,2025-10-15T11:56:04.937493,grail,to,718,True,c6aff4c179ab,9.167846999844189,latency-74de4f440d91.csv
2,74de4f440d91,2025-10-15T11:56:05.053686,grail,I,298,True,6ec6587f6660,10.014483000304608,latency-74de4f440d91.csv
2,74de4f440d91,2025-10-15T11:56:05.175152,shrek,whole,10,True,6ec6587f6660,8.45276699965325,latency-74de4f440d91.csv
2,74de4f440d91,2025-10-15T11:56:05.294888,shrek,one,44,True,a1e396557c78,6.350648000079673,latency-74de4f440d91.csv
2,74de4f440d91,2025-10-15T11:56:05.414285,grail,Yeah,13,True,6ec6587f6660,6.780032000278879,latency-74de4f440d91.csv
2,74de4f440d91,2025-10-15T11:56:05.531652,shrek3,Ahh,8,True,6ec6587f6660,5.784631999631529,latency-74de4f440d91.csv
2,74de4f440d91,2025-10-15T11:56:05.649602,grail,at,104,True,c6aff4c179ab,5.731256999752077,latency-74de4f440d91.csv
2,74de4f440d91,2025-10-15T11:56:05.762349,shrek3,TO,511,True,a1e396557c78,5.66488499953266,latency-74de4f440d91.csv
2,74de4f440d91,2025-10-15T11:56:05.873720,shrek3,Uh,18,True,a1e396557c78,7.024621999335068,latency-74de4f440d91.csv
2,74de4f440d91,2025-10-15T11:56:05.987441,shrek3,OGRE,39,True,a1e396557c78,6.940849999409693,latency-74de4f440d91.csv
2,74de4f440d91,2025-10-15T11:56:06.101515,grail,TV,2,True,a1e396557c78,4.944968999552657,latency-74de4f440d91.csv
2,74de4f440d91,2025-10-15T11:56:06.212833,shrek,But,73,True,c6aff4c179ab,4.402303999995638,latency-74de4f440d91.csv
2,74de4f440d91,2025-10-15T11:56:06.322880,shrek3,the,1285,True,6ec6587f6660,7.518366999647696,latency-74de4f440d91.csv
2,74de4f440d91,2025-10-15T11:56:06.437409,grail,Rostmm,1,True,a1e396557c78,9.154821000265656,latency-74de4f440d91.csv
2,74de4f440d91,2025-10-15T11:56:06.554841,shrek3,the,1285,True,c6aff4c179ab,5.315084999892861,latency-74de4f440d91.csv
2,74de4f440d91,2025-10-15T11:56:06.664723,shrek,trip,1,True,c6aff4c179ab,5.016529999920749,latency-74de4f440d91.csv
2,74de4f440d91,2025-10-15T11:56:06.779114,grail,king,136,True,a1e396557c78,12.365932999273356,latency-74de4f440d91.csv
2,74de4f440d91,2025-10-15T11:56:06.899265,shrek,help,5,True,a1e396557c78,5.347737999727542,latency-74de4f440d91.csv
2,74de4f440d91,2025-10-15T11:56:07.011305,shrek,Nobody,4,True,6ec6587f6660,5.155984999873908,latency-74de4f440d91.csv
2,74de4f440d91,2025-10-15T11:56:07.121802,grail,a,666,True,c6aff4c179ab,4.747912999846449,latency-74de4f440d91.csv
1,791327d86086,2025-10-15T11:55:53.564401,grail,54,2,True,c6aff4c179ab,7.259172999511065,latency-791327d86086.csv
1,791327d86086,2025-10-15T11:55:53.677473,shrek3,me,72,True,c6aff4c179ab,7.264453999596299,latency-791327d86086.csv
1,791327d86086,2025-10-15T11:55:53.791296,shrek,lay,2,True,6ec6587f6660,6.40264399953594,latency-791327d86086.csv
1,791327d86086,2025-10-15T11:55:53.905148,shrek3,DONKEY,243,True,a1e396557c78,5.873631000213209,latency-791327d86086.csv
1,791327d86086,2025-10-15T11:55:54.017407,shrek3,Gingerbread,37,True,a1e396557c78,13.216932999966955,latency-791327d86086.csv
1,791327d86086,2025-10-15T11:55:54.158105,shrek,FIONA,211,True,c6aff4c179ab,7.977825000125449,latency-791327d86086.csv
1,791327d86086,2025-10-15T11:55:54.276188,shrek,SHREK,433,True,6ec6587f6660,5.922391000240168,latency-791327d86086.csv
1,791327d86086,2025-10-15T11:55:54.391386,shrek,DONKEY,320,True,6ec6587f6660,5.42032500015921,latency-791327d86086.csv
1,791327d86086,2025-10-15T11:55:54.503497,shrek,FIONA,211,True,6ec6587f6660,5.547941999793693,latency-791327d86086.csv
1,791327d86086,2025-10-15T11:55:54.619870,shrek,And,318,True,6ec6587f6660,12.86119599990343,latency-791327d86086.csv
1,791327d86086,2025-10-15T11:55:54.748287,grail,Launcelot,107,True,c6aff4c179ab,8.222899999964284,latency-791327d86086.csv
1,791327d86086,2025-10-15T11:55:54.864389,shrek,GORDO,5,True,c6aff4c179ab,10.22346900026605,latency-791327d86086.csv
1,791327d86086,2025-10-15T11:55:54.982158,shrek,cottage,4,True,6ec6587f6660,9.422627000276409,latency-791327d86086.csv
1,791327d86086,2025-10-15T11:55:55.103575,shrek,its,1,True,6ec6587f6660,7.693462000133877,latency-791327d86086.csv
1,791327d86086,2025-10-15T11:55:55.220923,shrek,DONKEY,320,True,c6aff4c179ab,14.23266199981299,latency-791327d86086.csv
1,791327d86086,2025-10-15T11:55:55.344872,grail,the,1600,True,a1e396557c78,10.910665000665176,latency-791327d86086.csv
1,791327d86086,2025-10-15T11:55:55.468193,shrek,his,48,True,c6aff4c179ab,7.114261999959126,latency-791327d86086.csv
1,791327d86086,2025-10-15T11:55:55.591506,grail,Cleese,10,True,6ec6587f6660,5.914934999964316,latency-791327d86086.csv
1,791327d86086,2025-10-15T11:55:55.703608,shrek,DONKEY,320,True,a1e396557c78,7.336988999668392,latency-791327d86086.csv
1,791327d86086,2025-10-15T11:55:55.818201,grail,Cleese,10,True,c6aff4c179ab,6.805355999858875,latency-791327d86086.csv
2,791327d86086,2025-10-15T11:55:55.932422,grail,54,2,True,6ec6587f6660,11.80118100000982,latency-791327d86086.csv
2,791327d86086,2025-10-15T11:55:56.058030,shrek3,me,72,True,a1e396557c78,6.003561999932572,latency-791327d86086.csv
2,791327d86086,2025-10-15T11:55:56.170106,shrek,lay,2,True,c6aff4c179ab,5.448369000077946,latency-791327d86086.csv
2,791327d86086,2025-10-15T11:55:56.285031,shrek3,DONKEY,243,True,6ec6587f6660,14.995593999628907,latency-791327d86086.csv
2,791327d86086,2025-10-15T11:55:56.408978,shrek3,Gingerbread,37,True,c6aff4c179ab,13.868117000129132,latency-791327d86086.csv
2,791327d86086,2025-10-15T11:55:56.532310,shrek,FIONA,211,True,6ec6587f6660,12.032415999783552,latency-791327d86086.csv
2,791327d86086,2025-10-15T11:55:56.657857,shrek,SHREK,433,True,c6aff4c179ab,34.86120799971104,latency-791327d86086.csv
2,791327d86086,2025-10-15T11:55:56.811683,shrek,DONKEY,320,True,a1e396557c78,8.337027999914426,latency-791327d86086.csv
2,791327d86086,2025-10-15T11:55:56.928016,shrek,FIONA,211,True,6ec6587f6660,6.477167999946687,latency-791327d86086.csv
2,791327d86086,2025-10-15T11:55:57.043471,shrek,And,318,True,c6aff4c179ab,4.170606000116095,latency-791327d86086.csv
2,791327d86086,2025-10-15T11:55:57.154565,grail,Launcelot,107,True,6ec6587f6660,4.635463999875356,latency-791327d86086.csv
2,791327d86086,2025-10-15T11:55:57.265565,shrek,GORDO,5,True,a1e396557c78,20.85965199967177,latency-791327d86086.csv
2,791327d86086,2025-10-15T11:55:57.394310,shrek,cottage,4,True,6ec6587f6660,5.554158999984793,latency-791327d86086.csv
2,791327d86086,2025-10-15T11:55:57.506530,shrek,its,1,True,a1e396557c78,6.3927949995559175,latency-791327d86086.csv
2,791327d86086,2025-10-15T11:55:57.621062,shrek,DONKEY,320,True,c6aff4c179ab,5.115732999911415,latency-791327d86086.csv
2,791327d86086,2025-10-15T11:55:57.731579,grail,the,1600,True,a1e396557c78,7.133554000574804,latency-791327d86086.csv
2,791327d86086,2025-10-15T11:55:57.846566,shrek,his,48,True,6ec6587f6660,55.20185099976516,latency-791327d86086.csv
2,791327d86086,2025-10-15T11:55:58.019296,grail,Cleese,10,True,a1e396557c78,14.683698999760963,latency-791327d86086.csv
2,791327d86086,2025-10-15T11:55:58.146976,shrek,DONKEY,320,True,6ec6587f6660,10.289372999977786,latency-791327d86086.csv
2,791327d86086,2025-10-15T11:55:58.272524,grail,Cleese,10,True,a1e396557c78,13.899087000027066,latency-791327d86086.csv
1,7ac9694c4cce,2025-10-15T11:55:35.544972,grail,pseudonym,1,True,c6aff4c179ab,5.864529999598744,latency-7ac9694c4cce.csv
1,7ac9694c4cce,2025-10-15T11:55:35.658449,shrek3,what,82,True,a1e396557c78,8.964378000200668,latency-7ac9694c4cce.csv
1,7ac9694c4cce,2025-10-15T11:55:35.774858,shrek,its,1,True,6ec6587f6660,6.300723000094877,latency-7ac9694c4cce.csv
1,7ac9694c4cce,2025-10-15T11:55:35.887738,shrek3,right,36,True,c6aff4c179ab,11.507179000545875,latency-7ac9694c4cce.csv
1,7ac9694c4cce,2025-10-15T11:55:36.005999,shrek3,cosmic,1,True,6ec6587f6660,7.618352999998024,latency-7ac9694c4cce.csv
1,7ac9694c4cce,2025-10-15T11:55:36.130167,grail,dancing,10,True,c6aff4c179ab,12.942007000674494,latency-7ac9694c4cce.csv
1,7ac9694c4cce,2025-10-15T11:55:36.255266,shrek,not,50,True,c6aff4c179ab,8.637357999759843,latency-7ac9694c4cce.csv
1,7ac9694c4cce,2025-10-15T11:55:36.373403,grail,from,94,True,6ec6587f6660,6.870660999993561,latency-7ac9694c4cce.csv
1,7ac9694c4cce,2025-10-15T11:55:36.489634,shrek3,WHITE,45,True,a1e396557c78,7.040249000056065,latency-7ac9694c4cce.csv
1,7ac9694c4cce,2025-10-15T11:55:36.606664,shrek,old,10,False,c6aff4c179ab,18.234524999570567,latency-7ac9694c4cce.csv
1,7ac9694c4cce,2025-10-15T11:55:36.734623,grail,G,6,True,c6aff4c179ab,8.07615700068709,latency-7ac9694c4cce.csv
1,7ac9694c4cce,2025-10-15T11:55:36.858245,grail,them,41,True,c6aff4c179ab,22.416279999561084,latency-7ac9694c4cce.csv
1,7ac9694c4cce,2025-10-15T11:55:36.994410,shrek3,WOLF,7,False,a1e396557c78,16.159823000634788,latency-7ac9694c4cce.csv
1,7ac9694c4cce,2025-10-15T11:55:37.117627,grail,witch,30,True,a1e396557c78,5.913619000239123,latency-7ac9694c4cce.csv
1,7ac9694c4cce,2025-10-15T11:55:37.229933,shrek,INSIDE,16,True,a1e396557c78,7.688810000217927,latency-7ac9694c4cce.csv
1,7ac9694c4cce,2025-10-15T11:55:37.343954,grail,I,298,True,a1e396557c78,8.280598999590438,latency-7ac9694c4cce.csv
1,7ac9694c4cce,2025-10-15T11:55:37.465648,shrek3,SHREK,678,True,c6aff4c179ab,5.534022999199806,latency-7ac9694c4cce.csv
1,7ac9694c4cce,2025-10-15T11:55:37.577633,shrek,its,1,True,c6aff4c179ab,5.104683999888948,latency-7ac9694c4cce.csv
1,7ac9694c4cce,2025-10-15T11:55:37.688122,shrek,who,29,True,a1e396557c78,6.20307299959677,latency-7ac9694c4cce.csv
1,7ac9694c4cce,2025-10-15T11:55:37.801312,shrek3,toward,14,True,6ec6587f6660,8.098725999843737,latency-7ac9694c4cce.csv
2,7ac9694c4cce,2025-10-15T11:55:37.915847,grail,pseudonym,1,True,a1e396557c78,5.533321999791951,latency-7ac9694c4cce.csv
2,7ac9694c4cce,2025-10-15T11:55:38.025971,shrek3,what,82,True,a1e396557c78,5.575537999902736,latency-7ac9694c4cce.csv
2,7ac9694c4cce,2025-10-15T11:55:38.137947,shrek,its,1,True,a1e396557c78,8.238878000156546,latency-7ac9694c4cce.csv
2,7ac9694c4cce,2025-10-15T11:55:38.257336,shrek3,right,36,True,a1e396557c78,10.890610000387824,latency-7ac9694c4cce.csv
2,7ac9694c4cce,2025-10-15T11:55:38.407642,shrek3,cosmic,1,True,c6aff4c179ab,10.35627300007036,latency-7ac9694c4cce.csv
2,7ac9694c4cce,2025-10-15T11:55:38.534241,grail,dancing,10,True,c6aff4c179ab,5.694886000128463,latency-7ac9694c4cce.csv
2,7ac9694c4cce,2025-10-15T11:55:38.647288,shrek,not,50,True,6ec6587f6660,8.626560999800859,latency-7ac9694c4cce.csv
2,7ac9694c4cce,2025-10-15T11:55:38.763581,grail,from,94,True,a1e396557c78,5.749185999775364,latency-7ac9694c4cce.csv
2,7ac9694c4cce,2025-10-15T11:55:38.875636,shrek3,WHITE,45,True,a1e396557c78,6.953150000299502,latency-7ac9694c4cce.csv
2,7ac9694c4cce,2025-10-15T11:55:38.988377,shrek,old,10,True,c6aff4c179ab,5.8701360003396985,latency-7ac9694c4cce.csv
2,7ac9694c4cce,2025-10-15T11:55:39.100798,grail,G,6,True,6ec6587f6660,7.403735000480083,latency-7ac9694c4cce.csv
2,7ac9694c4cce,2025-10-15T11:55:39.215183,grail,them,41,True,6ec6587f6660,6.08554400059802,latency-7ac9694c4cce.csv
2,7ac9694c4cce,2025-10-15T11:55:39.327728,shrek3,WOLF,7,True,a1e396557c78,7.376517000011518,latency-7ac9694c4cce.csv
2,7ac9694c4cce,2025-10-15T11:55:39.441429,grail,witch,30,True,6ec6587f6660,7.267961999787076,latency-7ac9694c4cce.csv
2,7ac9694c4cce,2025-10-15T11:55:39.555493,shrek,INSIDE,16,True,a1e396557c78,28.023625999594515,latency-7ac9694c4cce.csv
2,7ac9694c4cce,2025-10-15T11:55:39.705528,grail,I,298,True,a1e396557c78,13.199080999584112,latency-7ac9694c4cce.csv
2,7ac9694c4cce,2025-10-15T11:55:39.838570,shrek3,SHREK,678,True,a1e396557c78,6.888624000566779,latency-7ac9694c4cce.csv
2,7ac9694c4cce,2025-10-15T11:55:39.956413,shrek,its,1,True,a1e396557c78,8.17143699987355,latency-7ac9694c4cce.csv
2,7ac9694c4cce,2025-10-15T11:55:40.072250,shrek,who,29,True,a1e396557c78,10.282934999850111,latency-7ac9694c4cce.csv
2,7ac9694c4cce,2025-10-15T11:55:40.192843,shrek3,toward,14,True,6ec6587f6660,6.466279000051145,latency-7ac9694c4cce.csv
1,7ccab0feeb0b,2025-10-15T11:55:23.499993,shrek,don't,72,True,a1e396557c78,4.362696000498545,latency-7ccab0feeb0b.csv
1,7ccab0feeb0b,2025-10-15T11:55:23.610180,shrek,on,88,False,c6aff4c179ab,18.043446999399748,latency-7ccab0feeb0b.csv
1,7ccab0feeb0b,2025-10-15T11:55:23.736329,shrek3,PUSS,196,False,6ec6587f6660,16.67056899987074,latency-7ccab0feeb0b.csv
1,7ccab0feeb0b,2025-10-15T11:55:23.859418,shrek3,"Bay""",0,False,6ec6587f6660,16.828106000502885,latency-7ccab0feeb0b.csv
1,7ccab0feeb0b,2025-10-15T11:55:23.982836,shrek3,ARTIE,213,False,6ec6587f6660,16.77694599948154,latency-7ccab0feeb0b.csv
1,7ccab0feeb0b,2025-10-15T11:55:24.106726,shrek,SHREK,433,True,6ec6587f6660,7.615747000272677,latency-7ccab0feeb0b.csv
1,7ccab0feeb0b,2025-10-15T11:55:24.220035,shrek3,fall,6,False,c6aff4c179ab,11.024949999409728,latency-7ccab0feeb0b.csv
1,7ccab0feeb0b,2025-10-15T11:55:24.335860,shrek3,us,12,False,a1e396557c78,13.004878000174358,latency-7ccab0feeb0b.csv
1,7ccab0feeb0b,2025-10-15T11:55:24.454392,shrek3,us,12,True,6ec6587f6660,5.856548999872757,latency-7ccab0feeb0b.csv
1,7ccab0feeb0b,2025-10-15T11:55:24.565215,shrek,transport,1,False,a1e396557c78,16.30361699972127,latency-7ccab0feeb0b.csv
1,7ccab0feeb0b,2025-10-15T11:55:24.687766,shrek,FIONA,211,True,c6aff4c179ab,5.547396999645571,latency-7ccab0feeb0b.csv
1,7ccab0feeb0b,2025-10-15T11:55:24.798776,shrek,the,535,False,6ec6587f6660,10.26687800003856,latency-7ccab0feeb0b.csv
1,7ccab0feeb0b,2025-10-15T11:55:24.915157,grail,lost,6,True,6ec6587f6660,6.069471999580856,latency-7ccab0feeb0b.csv
1,7ccab0feeb0b,2025-10-15T11:55:25.027881,shrek3,CAPTAIN,41,False,6ec6587f6660,23.258708999492228,latency-7ccab0feeb0b.csv
1,7ccab0feeb0b,2025-10-15T11:55:25.157522,grail,Eolio,2,True,c6aff4c179ab,7.880181000473385,latency-7ccab0feeb0b.csv
1,7ccab0feeb0b,2025-10-15T11:55:25.274345,grail,the,1600,True,a1e396557c78,4.764942000292649,latency-7ccab0feeb0b.csv
1,7ccab0feeb0b,2025-10-15T11:55:25.384803,shrek3,Guards,23,True,c6aff4c179ab,5.330046999915794,latency-7ccab0feeb0b.csv
1,7ccab0feeb0b,2025-10-15T11:55:25.495361,shrek,Aah,6,False,6ec6587f6660,17.917692000082752,latency-7ccab0feeb0b.csv
1,7ccab0feeb0b,2025-10-15T11:55:25.621312,grail,is,317,True,6ec6587f6660,5.763148000369256,latency-7ccab0feeb0b.csv
1,7ccab0feeb0b,2025-10-15T11:55:25.731921,grail,king,136,True,6ec6587f6660,4.91166199935833,latency-7ccab0feeb0b.csv
2,7ccab0feeb0b,2025-10-15T11:55:25.842446,shrek,don't,72,True,6ec6587f6660,6.7948020005133,latency-7ccab0feeb0b.csv
2,7ccab0feeb0b,2025-10-15T11:55:25.955912,shrek,on,88,True,6ec6587f6660,5.95458400039206,latency-7ccab0feeb0b.csv
2,7ccab0feeb0b,2025-10-15T11:55:26.068020,shrek3,PUSS,196,True,c6aff4c179ab,7.572483000330976,latency-7ccab0feeb0b.csv
2,7ccab0feeb0b,2025-10-15T11:55:26.186512,shrek3,"Bay""",0,True,a1e396557c78,12.784655000359637,latency-7ccab0feeb0b.csv
2,7ccab0feeb0b,2025-10-15T11:55:26.306550,shrek3,ARTIE,213,True,c6aff4c179ab,9.688663999440903,latency-7ccab0feeb0b.csv
2,7ccab0feeb0b,2025-10-15T11:55:26.424361,shrek,SHREK,433,True,6ec6587f6660,7.007299000179046,latency-7ccab0feeb0b.csv
2,7ccab0feeb0b,2025-10-15T11:55:26.539624,shrek3,fall,6,True,a1e396557c78,9.346934999484802,latency-7ccab0feeb0b.csv
2,7ccab0feeb0b,2025-10-15T11:55:26.668902,shrek3,us,12,True,c6aff4c179ab,7.8464910002367105,latency-7ccab0feeb0b.csv
2,7ccab0feeb0b,2025-10-15T11:55:26.786233,shrek3,us,12,True,c6aff4c179ab,5.929982000452583,latency-7ccab0feeb0b.csv
2,7ccab0feeb0b,2025-10-15T11:55:26.901388,shrek,transport,1,True,6ec6587f6660,8.246753000094031,latency-7ccab0feeb0b.csv
2,7ccab0feeb0b,2025-10-15T11:55:27.017748,shrek,FIONA,211,True,a1e396557c78,5.913380000492907,latency-7ccab0feeb0b.csv
2,7ccab0feeb0b,2025-10-15T11:55:27.132089,shrek,the,535,True,a1e396557c78,11.96444600009272,latency-7ccab0feeb0b.csv
2,7ccab0feeb0b,2025-10-15T11:55:27.254417,grail,lost,6,True,c6aff4c179ab,18.33854100004828,latency-7ccab0feeb0b.csv
2,7ccab0feeb0b,2025-10-15T11:55:27.391664,shrek3,CAPTAIN,41,True,c6aff4c179ab,6.539169999996375,latency-7ccab0feeb0b.csv
2,7ccab0feeb0b,2025-10-15T11:55:27.508705,grail,Eolio,2,True,6ec6587f6660,8.451720999801182,latency-7ccab0feeb0b.csv
2,7ccab0feeb0b,2025-10-15T11:55:27.629398,grail,the,1600,True,a1e396557c78,6.500700999822584,latency-7ccab0feeb0b.csv
2,7ccab0feeb0b,2025-10-15T11:55:27.750959,shrek3,Guards,23,True,c6aff4c179ab,10.602796000057424,latency-7ccab0feeb0b.csv
2,7ccab0feeb0b,2025-10-15T11:55:27.885465,shrek,Aah,6,True,c6aff4c179ab,5.8941580000464455,latency-7ccab0feeb0b.csv
2,7ccab0feeb0b,2025-10-15T11:55:27.997727,grail,is,317,True,6ec6587f6660,4.744238000057521,latency-7ccab0feeb0b.csv
2,7ccab0feeb0b,2025-10-15T11:55:28.108506,grail,king,136,True,a1e396557c78,9.199023000292073,latency-7ccab0feeb0b.csv
1,7f0d99c89b71,2025-10-15T11:55:24.145707,grail,Cleese,10,False,a1e396557c78,10.792770000080054,latency-7f0d99c89b71.csv
1,7f0d99c89b71,2025-10-15T11:55:24.261835,grail,are,114,True,6ec6587f6660,7.055097999909776,latency-7f0d99c89b71.csv
1,7f0d99c89b71,2025-10-15T11:55:24.375362,grail,king,136,False,c6aff4c179ab,10.193034999247176,latency-7f0d99c89b71.csv
1,7f0d99c89b71,2025-10-15T11:55:24.490977,shrek3,PRINCE,207,False,6ec6587f6660,14.577052000277035,latency-7f0d99c89b71.csv
1,7f0d99c89b71,2025-10-15T11:55:24.612216,grail,Rostmm,1,False,a1e396557c78,10.66829699993832,latency-7f0d99c89b71.csv
1,7f0d99c89b71,2025-10-15T11:55:24.729345,shrek3,2,8,False,c6aff4c179ab,10.769794999760052,latency-7f0d99c89b71.csv
1,7f0d99c89b71,2025-10-15T11:55:24.846499,shrek,edge,2,True,c6aff4c179ab,5.425089999334887,latency-7f0d99c89b71.csv
1,7f0d99c89b71,2025-10-15T11:55:24.958673,grail,"collective,",0,False,c6aff4c179ab,9.689213999990898,latency-7f0d99c89b71.csv
1,7f0d99c89b71,2025-10-15T11:55:25.073619,grail,Jones,7,True,a1e396557c78,6.252883999877668,latency-7f0d99c89b71.csv
1,7f0d99c89b71,2025-10-15T11:55:25.185263,shrek3,Guards,23,False,a1e396557c78,18.568622000202595,latency-7f0d99c89b71.csv
1,7f0d99c89b71,2025-10-15T11:55:25.311409,grail,I,298,False,c6aff4c179ab,10.664184999768622,latency-7f0d99c89b71.csv
1,7f0d99c89b71,2025-10-15T11:55:25.428309,shrek3,him,87,False,6ec6587f6660,10.26588599961542,latency-7f0d99c89b71.csv
1,7f0d99c89b71,2025-10-15T11:55:25.544915,grail,Bridge,30,False,a1e396557c78,22.640892999334028,latency-7f0d99c89b71.csv
1,7f0d99c89b71,2025-10-15T11:55:25.676747,shrek,FIONA'S,3,False,6ec6587f6660,12.220404000800045,latency-7f0d99c89b71.csv
1,7f0d99c89b71,2025-10-15T11:55:25.795988,grail,-,259,True,6ec6587f6660,9.632064000470564,latency-7f0d99c89b71.csv
1,7f0d99c89b71,2025-10-15T11:55:25.913548,shrek,after,10,False,6ec6587f6660,11.609285999838905,latency-7f0d99c89b71.csv
1,7f0d99c89b71,2025-10-15T11:55:26.033326,grail,sell,1,True,6ec6587f6660,10.044267000012042,latency-7f0d99c89b71.csv
1,7f0d99c89b71,2025-10-15T11:55:26.150324,grail,the,1600,True,c6aff4c179ab,22.61084099973232,latency-7f0d99c89b71.csv
1,7f0d99c89b71,2025-10-15T11:55:26.290981,grail,the,1600,True,a1e396557c78,5.818124000143143,latency-7f0d99c89b71.csv
1,7f0d99c89b71,2025-10-15T11:55:26.403707,shrek3,TO,511,True,c6aff4c179ab,6.845009000244318,latency-7f0d99c89b71.csv
2,7f0d99c89b71,2025-10-15T11:55:26.517111,grail,Cleese,10,True,6ec6587f6660,7.471756999620993,latency-7f0d99c89b71.csv
2,7f0d99c89b71,2025-10-15T11:55:26.638822,grail,are,114,True,a1e396557c78,9.892779999972843,latency-7f0d99c89b71.csv
2,7f0d99c89b71,2025-10-15T11:55:26.756820,grail,king,136,True,a1e396557c78,11.490926000078616,latency-7f0d99c89b71.csv
2,7f0d99c89b71,2025-10-15T11:55:26.878969,shrek3,PRINCE,207,True,6ec6587f6660,9.805030000279658,latency-7f0d99c89b71.csv
2,7f0d99c89b71,2025-10-15T11:55:26.997101,grail,Rostmm,1,True,c6aff4c179ab,5.98614099999395,latency-7f0d99c89b71.csv
2,7f0d99c89b71,2025-10-15T11:55:27.110449,shrek3,2,8,True,c6aff4c179ab,9.972816000299645,latency-7f0d99c89b71.csv
2,7f0d99c89b71,2025-10-15T11:55:27.243627,shrek,edge,2,True,a1e396557c78,12.14175599943701,latency-7f0d99c89b71.csv
2,7f0d99c89b71,2025-10-15T11:55:27.373589,grail,"collective,",0,True,6ec6587f6660,5.676409999978205,latency-7f0d99c89b71.csv
2,7f0d99c89b71,2025-10-15T11:55:27.484906,grail,Jones,7,True,a1e396557c78,11.54954999947222,latency-7f0d99c89b71.csv
2,7f0d99c89b71,2025-10-15T11:55:27.603090,shrek3,Guards,23,True,c6aff4c179ab,6.172567999783496,latency-7f0d99c89b71.csv
2,7f0d99c89b71,2025-10-15T11:55:27.715552,grail,I,298,True,6ec6587f6660,7.160331999330083,latency-7f0d99c89b71.csv
2,7f0d99c89b71,2025-10-15T11:55:27.829724,shrek3,him,87,True,a1e396557c78,12.878463000561169,latency-7f0d99c89b71.csv
2,7f0d99c89b71,2025-10-15T11:55:27.950450,grail,Bridge,30,True,6ec6587f6660,9.369143999720109,latency-7f0d99c89b71.csv
2,7f0d99c89b71,2025-10-15T11:55:28.067898,shrek,FIONA'S,3,True,c6aff4c179ab,10.27790899934189,latency-7f0d99c89b71.csv
2,7f0d99c89b71,2025-10-15T11:55:28.194752,grail,-,259,True,6ec6587f6660,7.011474000137241,latency-7f0d99c89b71.csv
2,7f0d99c89b71,2025-10-15T11:55:28.325519,shrek,after,10,True,a1e396557c78,10.31006300036097,latency-7f0d99c89b71.csv
2,7f0d99c89b71,2025-10-15T11:55:28.446564,grail,sell,1,True,a1e396557c78,9.461915000429144,latency-7f0d99c89b71.csv
2,7f0d99c89b71,2025-10-15T11:55:28.562323,grail,the,1600,True,a1e396557c78,6.034138999893912,latency-7f0d99c89b71.csv
2,7f0d99c89b71,2025-10-15T11:55:28.680092,grail,the,1600,True,a1e396557c78,5.414143999587395,latency-7f0d99c89b71.csv
2,7f0d99c89b71,2025-10-15T11:55:28.808182,shrek3,TO,511,True,a1e396557c78,104.37791200001811,latency-7f0d99c89b71.csv
1,7f2354a4ef03,2025-10-15T11:55:50.733309,grail,the,1600,True,c6aff4c179ab,4.928899000333331,latency-7f2354a4ef03.csv
1,7f2354a4ef03,2025-10-15T11:55:50.844828,grail,the,1600,True,6ec6587f6660,11.741227000129584,latency-7f2354a4ef03.csv
1,7f2354a4ef03,2025-10-15T11:55:50.966046,shrek3,WHITE,45,True,c6aff4c179ab,5.248178000329062,latency-7f2354a4ef03.csv
1,7f2354a4ef03,2025-10-15T11:55:51.079134,grail,LANCELOT,59,True,a1e396557c78,4.3261929995424,latency-7f2354a4ef03.csv
1,7f2354a4ef03,2025-10-15T11:55:51.188744,grail,the,1600,True,c6aff4c179ab,5.002117000003636,latency-7f2354a4ef03.csv
1,7f2354a4ef03,2025-10-15T11:55:51.298778,shrek3,Gingerbread,37,True,6ec6587f6660,19.881711000380164,latency-7f2354a4ef03.csv
1,7f2354a4ef03,2025-10-15T11:55:51.427675,grail,is,317,True,c6aff4c179ab,10.486970999409095,latency-7f2354a4ef03.csv
1,7f2354a4ef03,2025-10-15T11:55:51.548639,shrek3,cosmic,1,True,a1e396557c78,8.627402000456641,latency-7f2354a4ef03.csv
1,7f2354a4ef03,2025-10-15T11:55:51.676138,shrek3,Arg,1,True,a1e396557c78,11.85343199995259,latency-7f2354a4ef03.csv
1,7f2354a4ef03,2025-10-15T11:55:51.797405,shrek,its,1,True,c6aff4c179ab,11.00434099953418,latency-7f2354a4ef03.csv
1,7f2354a4ef03,2025-10-15T11:55:51.916678,shrek,But,73,True,c6aff4c179ab,16.45607199952792,latency-7f2354a4ef03.csv
1,7f2354a4ef03,2025-10-15T11:55:52.044248,grail,"lute,",0,True,a1e396557c78,9.266725999623304,latency-7f2354a4ef03.csv
1,7f2354a4ef03,2025-10-15T11:55:52.162807,shrek3,true,1,True,a1e396557c78,10.38717900064512,latency-7f2354a4ef03.csv
1,7f2354a4ef03,2025-10-15T11:55:52.286077,grail,and,722,True,c6aff4c179ab,7.204507000096783,latency-7f2354a4ef03.csv
1,7f2354a4ef03,2025-10-15T11:55:52.405167,grail,of,684,True,6ec6587f6660,8.156967999639164,latency-7f2354a4ef03.csv
1,7f2354a4ef03,2025-10-15T11:55:52.525828,shrek,not,50,True,6ec6587f6660,5.322994999914954,latency-7f2354a4ef03.csv
1,7f2354a4ef03,2025-10-15T11:55:52.638210,shrek3,Shrek,678,True,a1e396557c78,7.129891000658972,latency-7f2354a4ef03.csv
1,7f2354a4ef03,2025-10-15T11:55:52.758629,grail,19Prince,0,True,c6aff4c179ab,5.712914000469027,latency-7f2354a4ef03.csv
1,7f2354a4ef03,2025-10-15T11:55:52.870948,shrek,who,29,True,6ec6587f6660,7.521378000092227,latency-7f2354a4ef03.csv
1,7f2354a4ef03,2025-10-15T11:55:52.992237,grail,from,94,True,a1e396557c78,6.385140000020328,latency-7f2354a4ef03.csv
2,7f2354a4ef03,2025-10-15T11:55:53.105646,grail,the,1600,True,c6aff4c179ab,4.613000999597716,latency-7f2354a4ef03.csv
2,7f2354a4ef03,2025-10-15T11:55:53.215475,grail,the,1600,True,c6aff4c179ab,6.156876000204647,latency-7f2354a4ef03.csv
2,7f2354a4ef03,2025-10-15T11:55:53.327619,shrek3,WHITE,45,True,c6aff4c179ab,6.349690000206465,latency-7f2354a4ef03.csv
2,7f2354a4ef03,2025-10-15T11:55:53.441210,grail,LANCELOT,59,True,6ec6587f6660,6.173301999297109,latency-7f2354a4ef03.csv
2,7f2354a4ef03,2025-10-15T11:55:53.553955,grail,the,1600,True,a1e396557c78,5.545738999899186,latency-7f2354a4ef03.csv
2,7f2354a4ef03,2025-10-15T11:55:53.667548,shrek3,Gingerbread,37,True,a1e396557c78,6.136576000244531,latency-7f2354a4ef03.csv
2,7f2354a4ef03,2025-10-15T11:55:53.781947,grail,is,317,True,c6aff4c179ab,6.359209000038391,latency-7f2354a4ef03.csv
2,7f2354a4ef03,2025-10-15T11:55:53.895388,shrek3,cosmic,1,True,6ec6587f6660,4.800378999789245,latency-7f2354a4ef03.csv
2,7f2354a4ef03,2025-10-15T11:55:54.006858,shrek3,Arg,1,True,a1e396557c78,16.205054000238306,latency-7f2354a4ef03.csv
2,7f2354a4ef03,2025-10-15T11:55:54.145830,shrek,its,1,True,c6aff4c179ab,7.223048000014387,latency-7f2354a4ef03.csv
2,7f2354a4ef03,2025-10-15T11:55:54.262244,shrek,But,73,True,c6aff4c179ab,4.391438999846287,latency-7f2354a4ef03.csv
2,7f2354a4ef03,2025-10-15T11:55:54.371760,grail,"lute,",0,True,c6aff4c179ab,5.118682999636803,latency-7f2354a4ef03.csv
2,7f2354a4ef03,2025-10-15T11:55:54.482993,shrek3,true,1,True,6ec6587f6660,6.622851999964041,latency-7f2354a4ef03.csv
2,7f2354a4ef03,2025-10-15T11:55:54.595322,grail,and,722,True,6ec6587f6660,14.172309000059611,latency-7f2354a4ef03.csv
2,7f2354a4ef03,2025-10-15T11:55:54.725629,grail,of,684,True,a1e396557c78,5.687658000169904,latency-7f2354a4ef03.csv
2,7f2354a4ef03,2025-10-15T11:55:54.836920,shrek,not,50,True,c6aff4c179ab,4.342850999819348,latency-7f2354a4ef03.csv
2,7f2354a4ef03,2025-10-15T11:55:54.945945,shrek3,Shrek,678,True,c6aff4c179ab,4.385612999612931,latency-7f2354a4ef03.csv
2,7f2354a4ef03,2025-10-15T11:55:55.055215,grail,19Prince,0,True,c6aff4c179ab,6.13730300028692,latency-7f2354a4ef03.csv
2,7f2354a4ef03,2025-10-15T11:55:55.174310,shrek,who,29,True,6ec6587f6660,11.552736999874467,latency-7f2354a4ef03.csv
2,7f2354a4ef03,2025-10-15T11:55:55.306821,grail,from,94,True,a1e396557c78,8.839389000058873,latency-7f2354a4ef03.csv
1,80526d82de72,2025-10-15T11:56:04.016524,shrek3,field,3,True,a1e396557c78,8.624721999694884,latency-80526d82de72.csv
1,80526d82de72,2025-10-15T11:56:04.139929,grail,the,1600,True,6ec6587f6660,5.811288000586501,latency-80526d82de72.csv
1,80526d82de72,2025-10-15T11:56:04.252668,shrek,Nobody,4,True,c6aff4c179ab,11.359807000189903,latency-80526d82de72.csv
1,80526d82de72,2025-10-15T11:56:04.376230,grail,on,139,True,a1e396557c78,6.63698399966961,latency-80526d82de72.csv
1,80526d82de72,2025-10-15T11:56:04.489396,shrek3,its,1,True,6ec6587f6660,13.01849600076821,latency-80526d82de72.csv
1,80526d82de72,2025-10-15T11:56:04.612542,shrek,his,48,True,c6aff4c179ab,12.566982999487664,latency-80526d82de72.csv
1,80526d82de72,2025-10-15T11:56:04.741279,grail,music,21,True,a1e396557c78,7.943958999931056,latency-80526d82de72.csv
1,80526d82de72,2025-10-15T11:56:04.861074,shrek,He,118,True,6ec6587f6660,9.91695799984882,latency-80526d82de72.csv
1,80526d82de72,2025-10-15T11:56:04.984642,shrek,its,1,True,c6aff4c179ab,5.75047500024084,latency-80526d82de72.csv
1,80526d82de72,2025-10-15T11:56:05.096005,grail,"Peng,",0,True,a1e396557c78,7.017728000391799,latency-80526d82de72.csv
1,80526d82de72,2025-10-15T11:56:05.209516,shrek,I,386,True,6ec6587f6660,5.537240999728965,latency-80526d82de72.csv
1,80526d82de72,2025-10-15T11:56:05.320188,shrek,FARQUAAD,84,True,c6aff4c179ab,7.941704000586469,latency-80526d82de72.csv
1,80526d82de72,2025-10-15T11:56:05.435187,shrek,this,79,True,c6aff4c179ab,9.727159999783908,latency-80526d82de72.csv
1,80526d82de72,2025-10-15T11:56:05.551166,shrek,a,305,True,c6aff4c179ab,16.037598000366415,latency-80526d82de72.csv
1,80526d82de72,2025-10-15T11:56:05.673610,grail,G,6,True,a1e396557c78,6.095206000281905,latency-80526d82de72.csv
1,80526d82de72,2025-10-15T11:56:05.786154,grail,the,1600,True,6ec6587f6660,8.853405000081693,latency-80526d82de72.csv
1,80526d82de72,2025-10-15T11:56:05.901459,shrek3,PRINCE,207,True,6ec6587f6660,5.708134000087739,latency-80526d82de72.csv
1,80526d82de72,2025-10-15T11:56:06.014187,shrek,I,386,True,6ec6587f6660,8.91896299981454,latency-80526d82de72.csv
1,80526d82de72,2025-10-15T11:56:06.131817,grail,ANOTHER,25,True,6ec6587f6660,7.920842000203265,latency-80526d82de72.csv
1,80526d82de72,2025-10-15T11:56:06.247515,grail,upon,13,True,a1e396557c78,5.689917999916361,latency-80526d82de72.csv
2,80526d82de72,2025-10-15T11:56:06.359586,shrek3,field,3,True,c6aff4c179ab,8.541588999833039,latency-80526d82de72.csv
2,80526d82de72,2025-10-15T11:56:06.483040,grail,the,1600,True,6ec6587f6660,5.0407460003043525,latency-80526d82de72.csv
2,80526d82de72,2025-10-15T11:56:06.593505,shrek,Nobody,4,True,a1e396557c78,5.011383999772079,latency-80526d82de72.csv
2,80526d82de72,2025-10-15T11:56:06.703202,grail,on,139,True,c6aff4c179ab,7.320075000279758,latency-80526d82de72.csv
2,80526d82de72,2025-10-15T11:56:06.836476,shrek3,its,1,True,c6aff4c179ab,6.033356000443746,latency-80526d82de72.csv
2,80526d82de72,2025-10-15T11:56:06.948401,shrek,his,48,True,6ec6587f6660,4.791031000422663,latency-80526d82de72.csv
2,80526d82de72,2025-10-15T11:56:07.059403,grail,music,21,True,c6aff4c179ab,4.651535999983025,latency-80526d82de72.csv
2,80526d82de72,2025-10-15T11:56:07.169096,shrek,He,118,True,a1e396557c78,7.455764000042109,latency-80526d82de72.csv
2,80526d82de72,2025-10-15T11:56:07.282955,shrek,its,1,True,a1e396557c78,4.471500999898126,latency-80526d82de72.csv
2,80526d82de72,2025-10-15T11:56:07.392446,grail,"Peng,",0,True,a1e396557c78,4.831096000089019,latency-80526d82de72.csv
2,80526d82de72,2025-10-15T11:56:07.502006,shrek,I,386,True,a1e396557c78,5.799634000140941,latency-80526d82de72.csv
2,80526d82de72,2025-10-15T11:56:07.613141,shrek,FARQUAAD,84,True,a1e396557c78,5.4651139998895815,latency-80526d82de72.csv
2,80526d82de72,2025-10-15T11:56:07.724319,shrek,this,79,True,c6aff4c179ab,4.852227000810672,latency-80526d82de72.csv
2,80526d82de72,2025-10-15T11:56:07.834086,shrek,a,305,True,6ec6587f6660,4.599459999553801,latency-80526d82de72.csv
2,80526d82de72,2025-10-15T11:56:07.944485,grail,G,6,True,a1e396557c78,4.814654000256269,latency-80526d82de72.csv
2,80526d82de72,2025-10-15T11:56:08.054707,grail,the,1600,True,c6aff4c179ab,5.177414000172576,latency-80526d82de72.csv
2,80526d82de72,2025-10-15T11:56:08.164632,shrek3,PRINCE,207,True,a1e396557c78,4.418407999764895,latency-80526d82de72.csv
2,80526d82de72,2025-10-15T11:56:08.274755,shrek,I,386,True,6ec6587f6660,5.4365429996323655,latency-80526d82de72.csv
2,80526d82de72,2025-10-15T11:56:08.385100,grail,ANOTHER,25,True,c6aff4c179ab,4.733165000288864,latency-80526d82de72.csv
2,80526d82de72,2025-10-15T11:56:08.494547,grail,upon,13,True,a1e396557c78,4.323899000155507,latency-80526d82de72.csv
1,808892cf047d,2025-10-15T11:56:01.104222,grail,Launcelot,107,True,a1e396557c78,6.578309999895282,latency-808892cf047d.csv
1,808892cf047d,2025-10-15T11:56:01.228797,grail,a,666,True,6ec6587f6660,4.9441840001236415,latency-808892cf047d.csv
1,808892cf047d,2025-10-15T11:56:01.343310,shrek,whistles,2,True,c6aff4c179ab,6.466556999839668,latency-808892cf047d.csv
1,808892cf047d,2025-10-15T11:56:01.458458,shrek3,and,576,True,c6aff4c179ab,4.636912000023585,latency-808892cf047d.csv
1,808892cf047d,2025-10-15T11:56:01.568391,shrek3,"meet""",0,True,a1e396557c78,6.0998400003882125,latency-808892cf047d.csv
1,808892cf047d,2025-10-15T11:56:01.680867,grail,are,114,True,6ec6587f6660,7.313164000152028,latency-808892cf047d.csv
1,808892cf047d,2025-10-15T11:56:01.796060,grail,of,684,True,c6aff4c179ab,7.4874809997709235,latency-808892cf047d.csv
1,808892cf047d,2025-10-15T11:56:01.910343,shrek3,SHREK,678,True,a1e396557c78,6.173789000058605,latency-808892cf047d.csv
1,808892cf047d,2025-10-15T11:56:02.022473,shrek,ogre,27,True,a1e396557c78,8.646883999972488,latency-808892cf047d.csv
1,808892cf047d,2025-10-15T11:56:02.138235,shrek,Nobody,4,True,6ec6587f6660,6.6496640001787455,latency-808892cf047d.csv
1,808892cf047d,2025-10-15T11:56:02.252541,shrek3,CHARMING,232,True,c6aff4c179ab,6.336829999781912,latency-808892cf047d.csv
1,808892cf047d,2025-10-15T11:56:02.365860,grail,LANCELOT,59,True,a1e396557c78,6.048960000043735,latency-808892cf047d.csv
1,808892cf047d,2025-10-15T11:56:02.479597,shrek,a,305,True,6ec6587f6660,6.255381999835663,latency-808892cf047d.csv
1,808892cf047d,2025-10-15T11:56:02.592316,grail,with/,0,True,c6aff4c179ab,5.710929000088072,latency-808892cf047d.csv
1,808892cf047d,2025-10-15T11:56:02.703922,grail,cross,13,True,a1e396557c78,6.449344000429846,latency-808892cf047d.csv
1,808892cf047d,2025-10-15T11:56:02.817122,grail,Launcelot,107,True,a1e396557c78,6.600101000003633,latency-808892cf047d.csv
1,808892cf047d,2025-10-15T11:56:02.931187,shrek,SHREK,433,True,a1e396557c78,6.053398000403831,latency-808892cf047d.csv
1,808892cf047d,2025-10-15T11:56:03.043853,shrek3,WHITE,45,True,6ec6587f6660,6.992800000261923,latency-808892cf047d.csv
1,808892cf047d,2025-10-15T11:56:03.158092,grail,dancing,10,True,c6aff4c179ab,8.850729999721807,latency-808892cf047d.csv
1,808892cf047d,2025-10-15T11:56:03.274769,shrek3,its,1,True,a1e396557c78,13.791037000373764,latency-808892cf047d.csv
2,808892cf047d,2025-10-15T11:56:03.396761,grail,Launcelot,107,True,a1e396557c78,11.33732800008147,latency-808892cf047d.csv
2,808892cf047d,2025-10-15T11:56:03.515405,grail,a,666,True,6ec6587f6660,10.46480300010444,latency-808892cf047d.csv
2,808892cf047d,2025-10-15T11:56:03.643297,shrek,whistles,2,True,a1e396557c78,7.365514999946754,latency-808892cf047d.csv
2,808892cf047d,2025-10-15T11:56:03.760426,shrek3,and,576,True,a1e396557c78,27.929930000027525,latency-808892cf047d.csv
2,808892cf047d,2025-10-15T11:56:03.902622,shrek3,"meet""",0,True,6ec6587f6660,14.236388000426814,latency-808892cf047d.csv
2,808892cf047d,2025-10-15T11:56:04.026922,grail,are,114,True,c6aff4c179ab,10.933487999864155,latency-808892cf047d.csv
2,808892cf047d,2025-10-15T11:56:04.149226,grail,of,684,True,c6aff4c179ab,9.208279999256774,latency-808892cf047d.csv
2,808892cf047d,2025-10-15T11:56:04.265865,shrek3,SHREK,678,True,6ec6587f6660,9.936430000379914,latency-808892cf047d.csv
2,808892cf047d,2025-10-15T11:56:04.388029,shrek,ogre,27,True,6ec6587f6660,9.529013999781457,latency-808892cf047d.csv
2,808892cf047d,2025-10-15T11:56:04.506438,shrek,Nobody,4,True,a1e396557c78,28.778500000044005,latency-808892cf047d.csv
2,808892cf047d,2025-10-15T11:56:04.645265,shrek3,CHARMING,232,True,a1e396557c78,32.73124099996494,latency-808892cf047d.csv
2,808892cf047d,2025-10-15T11:56:04.794040,grail,LANCELOT,59,True,c6aff4c179ab,7.642192000275827,latency-808892cf047d.csv
2,808892cf047d,2025-10-15T11:56:04.919454,shrek,a,305,True,c6aff4c179ab,8.201012999961677,latency-808892cf047d.csv
2,808892cf047d,2025-10-15T11:56:05.033388,grail,with/,0,True,a1e396557c78,6.661757000074431,latency-808892cf047d.csv
2,808892cf047d,2025-10-15T11:56:05.146693,grail,cross,13,True,6ec6587f6660,6.544963999658648,latency-808892cf047d.csv
2,808892cf047d,2025-10-15T11:56:05.260585,grail,Launcelot,107,True,c6aff4c179ab,5.1181959997848026,latency-808892cf047d.csv
2,808892cf047d,2025-10-15T11:56:05.370678,shrek,SHREK,433,True,a1e396557c78,7.9812869998932,latency-808892cf047d.csv
2,808892cf047d,2025-10-15T11:56:05.486886,shrek3,WHITE,45,True,a1e396557c78,4.969809000613168,latency-808892cf047d.csv
2,808892cf047d,2025-10-15T11:56:05.597014,grail,dancing,10,True,6ec6587f6660,4.871643000115,latency-808892cf047d.csv
2,808892cf047d,2025-10-15T11:56:05.708444,shrek3,its,1,True,a1e396557c78,5.865565000021888,latency-808892cf047d.csv
1,834acad01919,2025-10-15T11:55:25.708996,shrek,a,305,False,6ec6587f6660,8.655606000502303,latency-834acad01919.csv
1,834acad01919,2025-10-15T11:55:25.823566,shrek,SHREK,433,True,6ec6587f6660,5.352137999580009,latency-834acad01919.csv
1,834acad01919,2025-10-15T11:55:25.935823,grail,ANOTHER,25,False,6ec6587f6660,11.088560000644064,latency-834acad01919.csv
1,834acad01919,2025-10-15T11:55:26.054069,grail,few,8,False,c6aff4c179ab,11.873057999764567,latency-834acad01919.csv
1,834acad01919,2025-10-15T11:55:26.174660,shrek3,cosmic,1,False,6ec6587f6660,27.187632999812195,latency-834acad01919.csv
1,834acad01919,2025-10-15T11:55:26.310111,shrek,"Well,",0,True,6ec6587f6660,8.95368200053781,latency-834acad01919.csv
1,834acad01919,2025-10-15T11:55:26.425802,grail,toward,10,False,c6aff4c179ab,15.040161999422708,latency-834acad01919.csv
1,834acad01919,2025-10-15T11:55:26.548440,shrek,FARQUAAD,84,False,6ec6587f6660,24.91712200026086,latency-834acad01919.csv
1,834acad01919,2025-10-15T11:55:26.683394,shrek3,CAPTAIN,41,True,c6aff4c179ab,9.637765999286785,latency-834acad01919.csv
1,834acad01919,2025-10-15T11:55:26.799759,shrek3,him,87,True,c6aff4c179ab,7.439018000695796,latency-834acad01919.csv
1,834acad01919,2025-10-15T11:55:26.914812,shrek,FIONA,211,True,a1e396557c78,8.652116000121168,latency-834acad01919.csv
1,834acad01919,2025-10-15T11:55:27.032075,shrek3,toward,14,True,c6aff4c179ab,5.253401999652851,latency-834acad01919.csv
1,834acad01919,2025-10-15T11:55:27.143131,grail,the,1600,True,c6aff4c179ab,8.43129199984105,latency-834acad01919.csv
1,834acad01919,2025-10-15T11:55:27.265317,shrek,don't,72,True,c6aff4c179ab,13.16458800010878,latency-834acad01919.csv
1,834acad01919,2025-10-15T11:55:27.393495,grail,seek,12,True,a1e396557c78,7.744566999463132,latency-834acad01919.csv
1,834acad01919,2025-10-15T11:55:27.510304,grail,and,722,False,c6aff4c179ab,16.859988000760495,latency-834acad01919.csv
1,834acad01919,2025-10-15T11:55:27.636909,shrek3,"Suddenly,",0,True,a1e396557c78,12.714007999420572,latency-834acad01919.csv
1,834acad01919,2025-10-15T11:55:27.762412,shrek,lay,2,False,c6aff4c179ab,22.924511000383063,latency-834acad01919.csv
1,834acad01919,2025-10-15T11:55:27.918153,grail,ANOTHER,25,True,a1e396557c78,5.301913000039349,latency-834acad01919.csv
1,834acad01919,2025-10-15T11:55:28.030824,grail,pretty,7,False,c6aff4c179ab,11.015011999916169,latency-834acad01919.csv
2,834acad01919,2025-10-15T11:55:28.148785,shrek,a,305,True,c6aff4c179ab,10.19225300024118,latency-834acad01919.csv
2,834acad01919,2025-10-15T11:55:28.268021,shrek,SHREK,433,True,a1e396557c78,5.426554000223405,latency-834acad01919.csv
2,834acad01919,2025-10-15T11:55:28.380016,grail,ANOTHER,25,True,c6aff4c179ab,4.757493999932194,latency-834acad01919.csv
2,834acad01919,2025-10-15T11:55:28.490401,grail,few,8,True,6ec6587f6660,6.050347000382317,latency-834acad01919.csv
2,834acad01919,2025-10-15T11:55:28.601919,shrek3,cosmic,1,True,6ec6587f6660,11.44502300030581,latency-834acad01919.csv
2,834acad01919,2025-10-15T11:55:28.721024,shrek,"Well,",0,True,c6aff4c179ab,8.409719999690424,latency-834acad01919.csv
2,834acad01919,2025-10-15T11:55:28.854211,grail,toward,10,True,a1e396557c78,79.27771300001041,latency-834acad01919.csv
2,834acad01919,2025-10-15T11:55:29.054736,shrek,FARQUAAD,84,True,6ec6587f6660,45.70208799941611,latency-834acad01919.csv
2,834acad01919,2025-10-15T11:55:29.232996,shrek3,CAPTAIN,41,True,6ec6587f6660,27.47823399931804,latency-834acad01919.csv
2,834acad01919,2025-10-15T11:55:29.373048,shrek3,him,87,True,6ec6587f6660,9.305500000664324,latency-834acad01919.csv
2,834acad01919,2025-10-15T11:55:29.491307,shrek,FIONA,211,True,c6aff4c179ab,8.836278000671882,latency-834acad01919.csv
2,834acad01919,2025-10-15T11:55:29.612594,shrek3,toward,14,True,a1e396557c78,9.690988999864205,latency-834acad01919.csv
2,834acad01919,2025-10-15T11:55:29.729823,grail,the,1600,True,c6aff4c179ab,15.65879000008863,latency-834acad01919.csv
2,834acad01919,2025-10-15T11:55:29.856456,shrek,don't,72,True,6ec6587f6660,19.18595299957815,latency-834acad01919.csv
2,834acad01919,2025-10-15T11:55:29.990075,grail,seek,12,True,6ec6587f6660,12.153814999692258,latency-834acad01919.csv
2,834acad01919,2025-10-15T11:55:30.126479,grail,and,722,True,6ec6587f6660,12.51731499996822,latency-834acad01919.csv
2,834acad01919,2025-10-15T11:55:30.273131,shrek3,"Suddenly,",0,True,c6aff4c179ab,5.983054999887827,latency-834acad01919.csv
2,834acad01919,2025-10-15T11:55:30.386143,shrek,lay,2,True,a1e396557c78,11.63288299994747,latency-834acad01919.csv
2,834acad01919,2025-10-15T11:55:30.510798,grail,ANOTHER,25,True,a1e396557c78,8.305569000185642,latency-834acad01919.csv
2,834acad01919,2025-10-15T11:55:30.631306,grail,pretty,7,True,a1e396557c78,18.86584000021685,latency-834acad01919.csv
1,835f39ced45b,2025-10-15T11:55:26.738280,shrek,SHREK,433,True,c6aff4c179ab,9.789460000320105,latency-835f39ced45b.csv
1,835f39ced45b,2025-10-15T11:55:26.857725,grail,Bridge,30,True,6ec6587f6660,10.125641999366051,latency-835f39ced45b.csv
1,835f39ced45b,2025-10-15T11:55:26.976009,shrek3,cosmic,1,True,c6aff4c179ab,7.212593999611272,latency-835f39ced45b.csv
1,835f39ced45b,2025-10-15T11:55:27.089863,shrek3,showing,1,False,6ec6587f6660,20.14736100045411,latency-835f39ced45b.csv
1,835f39ced45b,2025-10-15T11:55:27.224103,grail,the,1600,True,c6aff4c179ab,5.755954000051133,latency-835f39ced45b.csv
1,835f39ced45b,2025-10-15T11:55:27.338475,shrek,FARQUAAD,84,True,6ec6587f6660,6.16789899959258,latency-835f39ced45b.csv
1,835f39ced45b,2025-10-15T11:55:27.452212,grail,19Prince,0,False,a1e396557c78,13.146483000127771,latency-835f39ced45b.csv
1,835f39ced45b,2025-10-15T11:55:27.576902,shrek,Aah,6,True,c6aff4c179ab,4.7370399997817,latency-835f39ced45b.csv
1,835f39ced45b,2025-10-15T11:55:27.686664,shrek3,Be,71,True,6ec6587f6660,7.003798000368988,latency-835f39ced45b.csv
1,835f39ced45b,2025-10-15T11:55:27.800229,grail,pseudonym,1,False,a1e396557c78,22.680949000459805,latency-835f39ced45b.csv
1,835f39ced45b,2025-10-15T11:55:27.939876,shrek3,and,576,False,a1e396557c78,17.822417999923346,latency-835f39ced45b.csv
1,835f39ced45b,2025-10-15T11:55:28.065905,grail,I,298,True,6ec6587f6660,10.999656999956642,latency-835f39ced45b.csv
1,835f39ced45b,2025-10-15T11:55:28.192652,shrek3,SHOUTING),0,True,c6aff4c179ab,6.781656999919505,latency-835f39ced45b.csv
1,835f39ced45b,2025-10-15T11:55:28.317026,shrek,its,1,True,a1e396557c78,7.367774999693211,latency-835f39ced45b.csv
1,835f39ced45b,2025-10-15T11:55:28.439199,shrek,I,386,False,c6aff4c179ab,11.730040000657027,latency-835f39ced45b.csv
1,835f39ced45b,2025-10-15T11:55:28.565388,grail,the,1600,True,c6aff4c179ab,6.42070599951694,latency-835f39ced45b.csv
1,835f39ced45b,2025-10-15T11:55:28.686348,grail,from,94,True,6ec6587f6660,7.601358999636432,latency-835f39ced45b.csv
1,835f39ced45b,2025-10-15T11:55:28.804887,shrek3,to,511,True,a1e396557c78,103.61614100020232,latency-835f39ced45b.csv
1,835f39ced45b,2025-10-15T11:55:29.065207,shrek3,of,275,True,a1e396557c78,43.64449000058812,latency-835f39ced45b.csv
1,835f39ced45b,2025-10-15T11:55:29.233573,shrek3,what,82,True,a1e396557c78,24.241318999884243,latency-835f39ced45b.csv
2,835f39ced45b,2025-10-15T11:55:29.390163,shrek,SHREK,433,True,c6aff4c179ab,8.366574999854492,latency-835f39ced45b.csv
2,835f39ced45b,2025-10-15T11:55:29.507364,grail,Bridge,30,True,a1e396557c78,8.822300999781874,latency-835f39ced45b.csv
2,835f39ced45b,2025-10-15T11:55:29.629751,shrek3,cosmic,1,True,6ec6587f6660,11.594957999477629,latency-835f39ced45b.csv
2,835f39ced45b,2025-10-15T11:55:29.750047,shrek3,showing,1,True,6ec6587f6660,11.119139000584257,latency-835f39ced45b.csv
2,835f39ced45b,2025-10-15T11:55:29.869963,grail,the,1600,True,c6aff4c179ab,15.302576999602024,latency-835f39ced45b.csv
2,835f39ced45b,2025-10-15T11:55:30.000552,shrek,FARQUAAD,84,True,a1e396557c78,17.571921000126167,latency-835f39ced45b.csv
2,835f39ced45b,2025-10-15T11:55:30.134710,grail,19Prince,0,True,a1e396557c78,33.1657599999744,latency-835f39ced45b.csv
2,835f39ced45b,2025-10-15T11:55:30.292604,shrek,Aah,6,True,c6aff4c179ab,8.320175999870116,latency-835f39ced45b.csv
2,835f39ced45b,2025-10-15T11:55:30.425966,shrek3,Be,71,True,c6aff4c179ab,11.586020999857285,latency-835f39ced45b.csv
2,835f39ced45b,2025-10-15T11:55:30.561325,grail,pseudonym,1,True,a1e396557c78,12.69584700003179,latency-835f39ced45b.csv
2,835f39ced45b,2025-10-15T11:55:30.709444,shrek3,and,576,True,c6aff4c179ab,8.761973999753536,latency-835f39ced45b.csv
2,835f39ced45b,2025-10-15T11:55:30.835316,grail,I,298,True,c6aff4c179ab,5.046395000135817,latency-835f39ced45b.csv
2,835f39ced45b,2025-10-15T11:55:30.945406,shrek3,SHOUTING),0,True,c6aff4c179ab,5.235622999862244,latency-835f39ced45b.csv
2,835f39ced45b,2025-10-15T11:55:31.057527,shrek,its,1,True,6ec6587f6660,8.605709999756073,latency-835f39ced45b.csv
2,835f39ced45b,2025-10-15T11:55:31.175886,shrek,I,386,True,a1e396557c78,7.267379999575496,latency-835f39ced45b.csv
2,835f39ced45b,2025-10-15T11:55:31.290906,grail,the,1600,True,a1e396557c78,17.977884000174527,latency-835f39ced45b.csv
2,835f39ced45b,2025-10-15T11:55:31.417286,grail,from,94,True,6ec6587f6660,11.170925000442368,latency-835f39ced45b.csv
2,835f39ced45b,2025-10-15T11:55:31.537658,shrek3,to,511,True,a1e396557c78,10.53031099945656,latency-835f39ced45b.csv
2,835f39ced45b,2025-10-15T11:55:31.657595,shrek3,of,275,True,6ec6587f6660,11.60724300007132,latency-835f39ced45b.csv
2,835f39ced45b,2025-10-15T11:55:31.778261,shrek3,what,82,True,c6aff4c179ab,12.912334000247938,latency-835f39ced45b.csv
1,848323aec9c4,2025-10-15T11:55:48.247032,shrek3,Arg,1,True,6ec6587f6660,9.6655829993324,latency-848323aec9c4.csv
1,848323aec9c4,2025-10-15T11:55:48.368521,grail,to,718,True,c6aff4c179ab,8.040580999477243,latency-848323aec9c4.csv
1,848323aec9c4,2025-10-15T11:55:48.483609,shrek,SHREK,433,True,a1e396557c78,6.41496600019309,latency-848323aec9c4.csv
1,848323aec9c4,2025-10-15T11:55:48.602619,shrek3,dat,1,True,6ec6587f6660,7.859534000090207,latency-848323aec9c4.csv
1,848323aec9c4,2025-10-15T11:55:48.721113,grail,few,8,True,c6aff4c179ab,16.890803999558557,latency-848323aec9c4.csv
1,848323aec9c4,2025-10-15T11:55:48.861372,shrek,MAN,38,True,a1e396557c78,7.3677230002431315,latency-848323aec9c4.csv
1,848323aec9c4,2025-10-15T11:55:48.975994,grail,the,1600,True,6ec6587f6660,5.429770999398897,latency-848323aec9c4.csv
1,848323aec9c4,2025-10-15T11:55:49.086411,grail,"Peng,",0,True,c6aff4c179ab,5.055179000009957,latency-848323aec9c4.csv
1,848323aec9c4,2025-10-15T11:55:49.197395,shrek3,the,1285,True,6ec6587f6660,6.47211200066522,latency-848323aec9c4.csv
1,848323aec9c4,2025-10-15T11:55:49.312482,shrek,the,535,True,c6aff4c179ab,7.515944999795465,latency-848323aec9c4.csv
1,848323aec9c4,2025-10-15T11:55:49.426507,shrek,and,318,True,a1e396557c78,5.11606700001721,latency-848323aec9c4.csv
1,848323aec9c4,2025-10-15T11:55:49.538415,shrek,the,535,True,c6aff4c179ab,5.293768000228738,latency-848323aec9c4.csv
1,848323aec9c4,2025-10-15T11:55:49.649872,shrek,after,10,True,6ec6587f6660,18.72606999950221,latency-848323aec9c4.csv
1,848323aec9c4,2025-10-15T11:55:49.779274,grail,pause,10,True,c6aff4c179ab,10.32976799979224,latency-848323aec9c4.csv
1,848323aec9c4,2025-10-15T11:55:49.899031,shrek,edge,2,True,a1e396557c78,7.702257999881112,latency-848323aec9c4.csv
1,848323aec9c4,2025-10-15T11:55:50.015158,shrek3,right,36,True,6ec6587f6660,4.755646999910823,latency-848323aec9c4.csv
1,848323aec9c4,2025-10-15T11:55:50.127257,shrek3,They,80,True,c6aff4c179ab,6.924366000021109,latency-848323aec9c4.csv
1,848323aec9c4,2025-10-15T11:55:50.243103,shrek3,him,87,True,a1e396557c78,24.06737000001158,latency-848323aec9c4.csv
1,848323aec9c4,2025-10-15T11:55:50.379691,grail,the,1600,True,c6aff4c179ab,5.336911999620497,latency-848323aec9c4.csv
1,848323aec9c4,2025-10-15T11:55:50.492185,shrek,a,305,True,6ec6587f6660,5.755885999860766,latency-848323aec9c4.csv
2,848323aec9c4,2025-10-15T11:55:50.604552,shrek3,Arg,1,True,c6aff4c179ab,6.5110030000141705,latency-848323aec9c4.csv
2,848323aec9c4,2025-10-15T11:55:50.716035,grail,to,718,True,a1e396557c78,4.191535999780172,latency-848323aec9c4.csv
2,848323aec9c4,2025-10-15T11:55:50.825123,shrek,SHREK,433,True,c6aff4c179ab,7.434912999997323,latency-848323aec9c4.csv
2,848323aec9c4,2025-10-15T11:55:50.939646,shrek3,dat,1,True,a1e396557c78,5.2662349999081925,latency-848323aec9c4.csv
2,848323aec9c4,2025-10-15T11:55:51.049979,grail,few,8,True,6ec6587f6660,6.188196999573847,latency-848323aec9c4.csv
2,848323aec9c4,2025-10-15T11:55:51.162009,shrek,MAN,38,True,c6aff4c179ab,4.719372999716143,latency-848323aec9c4.csv
2,848323aec9c4,2025-10-15T11:55:51.272119,grail,the,1600,True,6ec6587f6660,19.48451699990983,latency-848323aec9c4.csv
2,848323aec9c4,2025-10-15T11:55:51.402230,grail,"Peng,",0,True,c6aff4c179ab,9.894319999148138,latency-848323aec9c4.csv
2,848323aec9c4,2025-10-15T11:55:51.527872,shrek3,the,1285,True,a1e396557c78,6.366442999933497,latency-848323aec9c4.csv
2,848323aec9c4,2025-10-15T11:55:51.641620,shrek,the,535,True,a1e396557c78,25.64470600009372,latency-848323aec9c4.csv
2,848323aec9c4,2025-10-15T11:55:51.784808,shrek,and,318,True,6ec6587f6660,10.375644999840006,latency-848323aec9c4.csv
2,848323aec9c4,2025-10-15T11:55:51.908785,shrek,the,535,True,c6aff4c179ab,7.377728000392381,latency-848323aec9c4.csv
2,848323aec9c4,2025-10-15T11:55:52.036206,shrek,after,10,True,a1e396557c78,5.7337539992659,latency-848323aec9c4.csv
2,848323aec9c4,2025-10-15T11:55:52.151591,grail,pause,10,True,c6aff4c179ab,9.459643999434777,latency-848323aec9c4.csv
2,848323aec9c4,2025-10-15T11:55:52.271192,shrek,edge,2,True,a1e396557c78,5.926025999542617,latency-848323aec9c4.csv
2,848323aec9c4,2025-10-15T11:55:52.383006,shrek3,right,36,True,6ec6587f6660,7.215724000161572,latency-848323aec9c4.csv
2,848323aec9c4,2025-10-15T11:55:52.496125,shrek3,They,80,True,c6aff4c179ab,5.523695000192674,latency-848323aec9c4.csv
2,848323aec9c4,2025-10-15T11:55:52.608120,shrek3,him,87,True,6ec6587f6660,4.8905049998211325,latency-848323aec9c4.csv
2,848323aec9c4,2025-10-15T11:55:52.719396,grail,the,1600,True,a1e396557c78,7.525035999606189,latency-848323aec9c4.csv
2,848323aec9c4,2025-10-15T11:55:52.833586,shrek,a,305,True,c6aff4c179ab,5.484649000209174,latency-848323aec9c4.csv
1,859a2c4132fd,2025-10-15T11:55:33.286371,grail,pathetic,4,True,a1e396557c78,38.822274999802175,latency-859a2c4132fd.csv
1,859a2c4132fd,2025-10-15T11:55:33.444942,shrek3,OGRE,39,True,c6aff4c179ab,9.202889999869512,latency-859a2c4132fd.csv
1,859a2c4132fd,2025-10-15T11:55:33.564593,shrek,will,16,True,c6aff4c179ab,8.847649000017554,latency-859a2c4132fd.csv
1,859a2c4132fd,2025-10-15T11:55:33.692240,shrek,Is,132,True,a1e396557c78,7.074014000863826,latency-859a2c4132fd.csv
1,859a2c4132fd,2025-10-15T11:55:33.808977,shrek,DONKEY,320,True,c6aff4c179ab,4.836166999666602,latency-859a2c4132fd.csv
1,859a2c4132fd,2025-10-15T11:55:33.918837,shrek3,SHOUTING),0,True,6ec6587f6660,7.984543000020494,latency-859a2c4132fd.csv
1,859a2c4132fd,2025-10-15T11:55:34.033733,shrek3,"Bay""",0,True,c6aff4c179ab,5.881938999664271,latency-859a2c4132fd.csv
1,859a2c4132fd,2025-10-15T11:55:34.148626,grail,right,66,True,6ec6587f6660,11.029784999664116,latency-859a2c4132fd.csv
1,859a2c4132fd,2025-10-15T11:55:34.290332,shrek3,at,134,False,a1e396557c78,31.657323999752407,latency-859a2c4132fd.csv
1,859a2c4132fd,2025-10-15T11:55:34.437377,shrek,Nobody,4,True,6ec6587f6660,35.87821899964183,latency-859a2c4132fd.csv
1,859a2c4132fd,2025-10-15T11:55:34.585878,grail,pretty,7,True,c6aff4c179ab,12.773176999871794,latency-859a2c4132fd.csv
1,859a2c4132fd,2025-10-15T11:55:34.713256,grail,thus,5,True,6ec6587f6660,14.104052999755368,latency-859a2c4132fd.csv
1,859a2c4132fd,2025-10-15T11:55:34.843933,grail,for,118,True,6ec6587f6660,10.19263400030468,latency-859a2c4132fd.csv
1,859a2c4132fd,2025-10-15T11:55:34.966207,shrek3,of,275,True,c6aff4c179ab,9.224211999935504,latency-859a2c4132fd.csv
1,859a2c4132fd,2025-10-15T11:55:35.101545,shrek3,CAPTAIN,41,True,c6aff4c179ab,10.954825999760942,latency-859a2c4132fd.csv
1,859a2c4132fd,2025-10-15T11:55:35.219796,grail,Who’s,3,False,a1e396557c78,12.118606999138136,latency-859a2c4132fd.csv
1,859a2c4132fd,2025-10-15T11:55:35.338893,shrek,at,62,True,6ec6587f6660,6.5914280003198655,latency-859a2c4132fd.csv
1,859a2c4132fd,2025-10-15T11:55:35.452140,shrek3,SHREK,678,True,c6aff4c179ab,4.720611999800894,latency-859a2c4132fd.csv
1,859a2c4132fd,2025-10-15T11:55:35.562002,shrek3,116,1,False,6ec6587f6660,17.64591599931009,latency-859a2c4132fd.csv
1,859a2c4132fd,2025-10-15T11:55:35.687934,grail,Auuuuuuuugh,2,False,c6aff4c179ab,22.70493699961662,latency-859a2c4132fd.csv
2,859a2c4132fd,2025-10-15T11:55:35.820135,grail,pathetic,4,True,a1e396557c78,4.723062999801186,latency-859a2c4132fd.csv
2,859a2c4132fd,2025-10-15T11:55:35.930310,shrek3,OGRE,39,True,c6aff4c179ab,4.637570999875607,latency-859a2c4132fd.csv
2,859a2c4132fd,2025-10-15T11:55:36.039367,shrek,will,16,True,6ec6587f6660,5.307182999786164,latency-859a2c4132fd.csv
2,859a2c4132fd,2025-10-15T11:55:36.150875,shrek,Is,132,True,a1e396557c78,9.60145599947282,latency-859a2c4132fd.csv
2,859a2c4132fd,2025-10-15T11:55:36.267172,shrek,DONKEY,320,True,a1e396557c78,8.173901999725786,latency-859a2c4132fd.csv
2,859a2c4132fd,2025-10-15T11:55:36.381457,shrek3,SHOUTING),0,True,c6aff4c179ab,8.600921999459388,latency-859a2c4132fd.csv
2,859a2c4132fd,2025-10-15T11:55:36.499925,shrek3,"Bay""",0,True,6ec6587f6660,11.643472999821824,latency-859a2c4132fd.csv
2,859a2c4132fd,2025-10-15T11:55:36.620053,grail,right,66,True,a1e396557c78,9.872067000287643,latency-859a2c4132fd.csv
2,859a2c4132fd,2025-10-15T11:55:36.739005,shrek3,at,134,True,a1e396557c78,8.156799000062165,latency-859a2c4132fd.csv
2,859a2c4132fd,2025-10-15T11:55:36.867542,shrek,Nobody,4,True,6ec6587f6660,19.484779000777053,latency-859a2c4132fd.csv
2,859a2c4132fd,2025-10-15T11:55:37.023102,grail,pretty,7,True,6ec6587f6660,7.631392999428499,latency-859a2c4132fd.csv
2,859a2c4132fd,2025-10-15T11:55:37.138752,grail,thus,5,True,6ec6587f6660,4.7202469995681895,latency-859a2c4132fd.csv
2,859a2c4132fd,2025-10-15T11:55:37.251066,grail,for,118,True,6ec6587f6660,7.010741999692982,latency-859a2c4132fd.csv
2,859a2c4132fd,2025-10-15T11:55:37.371979,shrek3,of,275,True,a1e396557c78,9.443845000532749,latency-859a2c4132fd.csv
2,859a2c4132fd,2025-10-15T11:55:37.490375,shrek3,CAPTAIN,41,True,6ec6587f6660,5.029707000176131,latency-859a2c4132fd.csv
2,859a2c4132fd,2025-10-15T11:55:37.604079,grail,Who’s,3,True,6ec6587f6660,4.887797000264982,latency-859a2c4132fd.csv
2,859a2c4132fd,2025-10-15T11:55:37.714896,shrek,at,62,True,6ec6587f6660,4.98200999936671,latency-859a2c4132fd.csv
2,859a2c4132fd,2025-10-15T11:55:37.825593,shrek3,SHREK,678,True,a1e396557c78,6.738236999808578,latency-859a2c4132fd.csv
2,859a2c4132fd,2025-10-15T11:55:37.939594,shrek3,116,1,True,c6aff4c179ab,4.6702650006409385,latency-859a2c4132fd.csv
2,859a2c4132fd,2025-10-15T11:55:38.050472,grail,Auuuuuuuugh,2,True,c6aff4c179ab,4.475124999771651,latency-859a2c4132fd.csv
1,905eb3dae053,2025-10-15T11:55:43.914138,shrek3,ruby,1,True,a1e396557c78,11.126196999612148,latency-905eb3dae053.csv
1,905eb3dae053,2025-10-15T11:55:44.033229,shrek,its,1,True,c6aff4c179ab,8.726808000574238,latency-905eb3dae053.csv
1,905eb3dae053,2025-10-15T11:55:44.150469,grail,Get,47,True,6ec6587f6660,8.20557600036409,latency-905eb3dae053.csv
1,905eb3dae053,2025-10-15T11:55:44.267851,shrek,ogre,27,True,c6aff4c179ab,11.256263999712246,latency-905eb3dae053.csv
1,905eb3dae053,2025-10-15T11:55:44.387084,shrek3,Artie,213,True,a1e396557c78,7.604606999848329,latency-905eb3dae053.csv
1,905eb3dae053,2025-10-15T11:55:44.500677,shrek3,SHREK,678,True,c6aff4c179ab,8.197098999517038,latency-905eb3dae053.csv
1,905eb3dae053,2025-10-15T11:55:44.615455,shrek3,his,238,True,6ec6587f6660,11.060363000069628,latency-905eb3dae053.csv
1,905eb3dae053,2025-10-15T11:55:44.735910,grail,going,21,True,a1e396557c78,10.155515000406012,latency-905eb3dae053.csv
1,905eb3dae053,2025-10-15T11:55:44.857662,shrek,happily,2,True,a1e396557c78,8.782247000453935,latency-905eb3dae053.csv
1,905eb3dae053,2025-10-15T11:55:44.974398,shrek,old,10,True,6ec6587f6660,7.806501000231947,latency-905eb3dae053.csv
1,905eb3dae053,2025-10-15T11:55:45.089764,grail,-,259,True,c6aff4c179ab,8.99957900037407,latency-905eb3dae053.csv
1,905eb3dae053,2025-10-15T11:55:45.208297,shrek,FARQUAAD,84,True,c6aff4c179ab,10.998810000273808,latency-905eb3dae053.csv
1,905eb3dae053,2025-10-15T11:55:45.333699,grail,door,14,True,6ec6587f6660,5.419226000412891,latency-905eb3dae053.csv
1,905eb3dae053,2025-10-15T11:55:45.448284,shrek3,still,18,True,a1e396557c78,7.774196999889682,latency-905eb3dae053.csv
1,905eb3dae053,2025-10-15T11:55:45.563890,shrek,I,386,True,c6aff4c179ab,9.088841000448156,latency-905eb3dae053.csv
1,905eb3dae053,2025-10-15T11:55:45.684780,shrek3,did,14,True,c6aff4c179ab,8.083878999968874,latency-905eb3dae053.csv
1,905eb3dae053,2025-10-15T11:55:45.801916,shrek,What,104,True,a1e396557c78,9.060335999492963,latency-905eb3dae053.csv
1,905eb3dae053,2025-10-15T11:55:45.924716,grail,toward,10,True,a1e396557c78,9.288119000302686,latency-905eb3dae053.csv
1,905eb3dae053,2025-10-15T11:55:46.043282,grail,to,718,True,6ec6587f6660,5.535647999749926,latency-905eb3dae053.csv
1,905eb3dae053,2025-10-15T11:55:46.155617,shrek3,decree,1,True,a1e396557c78,6.458029999521386,latency-905eb3dae053.csv
2,905eb3dae053,2025-10-15T11:55:46.269882,shrek3,ruby,1,True,c6aff4c179ab,10.59921599971858,latency-905eb3dae053.csv
2,905eb3dae053,2025-10-15T11:55:46.405221,shrek,its,1,True,6ec6587f6660,11.63851799992699,latency-905eb3dae053.csv
2,905eb3dae053,2025-10-15T11:55:46.543564,grail,Get,47,True,a1e396557c78,4.748618000121496,latency-905eb3dae053.csv
2,905eb3dae053,2025-10-15T11:55:46.653812,shrek,ogre,27,True,a1e396557c78,5.760794999332575,latency-905eb3dae053.csv
2,905eb3dae053,2025-10-15T11:55:46.765971,shrek3,Artie,213,True,a1e396557c78,7.989536000422959,latency-905eb3dae053.csv
2,905eb3dae053,2025-10-15T11:55:46.882221,shrek3,SHREK,678,True,c6aff4c179ab,6.680747000245901,latency-905eb3dae053.csv
2,905eb3dae053,2025-10-15T11:55:46.996525,shrek3,his,238,True,6ec6587f6660,7.001371000114887,latency-905eb3dae053.csv
2,905eb3dae053,2025-10-15T11:55:47.110735,grail,going,21,True,a1e396557c78,5.024294000577356,latency-905eb3dae053.csv
2,905eb3dae053,2025-10-15T11:55:47.223490,shrek,happily,2,True,a1e396557c78,5.082351000055496,latency-905eb3dae053.csv
2,905eb3dae053,2025-10-15T11:55:47.335360,shrek,old,10,True,a1e396557c78,8.833952000713907,latency-905eb3dae053.csv
2,905eb3dae053,2025-10-15T11:55:47.459647,grail,-,259,True,c6aff4c179ab,5.742147999626468,latency-905eb3dae053.csv
2,905eb3dae053,2025-10-15T11:55:47.572659,shrek,FARQUAAD,84,True,6ec6587f6660,6.027141999766172,latency-905eb3dae053.csv
2,905eb3dae053,2025-10-15T11:55:47.685018,grail,door,14,True,a1e396557c78,9.066779999557184,latency-905eb3dae053.csv
2,905eb3dae053,2025-10-15T11:55:47.800913,shrek3,still,18,True,c6aff4c179ab,6.443431000661803,latency-905eb3dae053.csv
2,905eb3dae053,2025-10-15T11:55:47.914712,shrek,I,386,True,a1e396557c78,6.948758999897109,latency-905eb3dae053.csv
2,905eb3dae053,2025-10-15T11:55:48.029829,shrek3,did,14,True,6ec6587f6660,7.61526899987075,latency-905eb3dae053.csv
2,905eb3dae053,2025-10-15T11:55:48.151447,shrek,What,104,True,a1e396557c78,10.361345000092117,latency-905eb3dae053.csv
2,905eb3dae053,2025-10-15T11:55:48.270873,grail,toward,10,True,a1e396557c78,15.053424000143425,latency-905eb3dae053.csv
2,905eb3dae053,2025-10-15T11:55:48.393086,grail,to,718,True,6ec6587f6660,20.453696999538806,latency-905eb3dae053.csv
2,905eb3dae053,2025-10-15T11:55:48.531950,shrek3,decree,1,True,c6aff4c179ab,15.163111000219942,latency-905eb3dae053.csv
1,90761ab99b45,2025-10-15T11:56:03.466465,shrek,GUARD,25,True,6ec6587f6660,5.017761999624781,latency-90761ab99b45.csv
1,90761ab99b45,2025-10-15T11:56:03.576867,shrek,you,409,True,c6aff4c179ab,5.727390999709314,latency-90761ab99b45.csv
1,90761ab99b45,2025-10-15T11:56:03.688402,shrek,GORDO,5,True,a1e396557c78,7.430261000081373,latency-90761ab99b45.csv
1,90761ab99b45,2025-10-15T11:56:03.802178,grail,about,49,True,a1e396557c78,7.382151999991038,latency-90761ab99b45.csv
1,90761ab99b45,2025-10-15T11:56:03.918273,shrek,And,318,True,a1e396557c78,9.59642499947222,latency-90761ab99b45.csv
1,90761ab99b45,2025-10-15T11:56:04.034214,shrek,SHREK,433,True,6ec6587f6660,7.911905999208102,latency-90761ab99b45.csv
1,90761ab99b45,2025-10-15T11:56:04.153208,grail,the,1600,True,c6aff4c179ab,7.511026999964088,latency-90761ab99b45.csv
1,90761ab99b45,2025-10-15T11:56:04.269010,shrek,transport,1,True,a1e396557c78,8.517377999851306,latency-90761ab99b45.csv
1,90761ab99b45,2025-10-15T11:56:04.390494,grail,“I,0,True,a1e396557c78,8.136954000292462,latency-90761ab99b45.csv
1,90761ab99b45,2025-10-15T11:56:04.513835,grail,the,1600,True,a1e396557c78,21.88330999979371,latency-90761ab99b45.csv
1,90761ab99b45,2025-10-15T11:56:04.659799,shrek,its,1,True,c6aff4c179ab,30.86386199993285,latency-90761ab99b45.csv
1,90761ab99b45,2025-10-15T11:56:04.806565,grail,Butts,2,True,c6aff4c179ab,15.921062000415986,latency-90761ab99b45.csv
1,90761ab99b45,2025-10-15T11:56:04.937400,grail,and,722,True,6ec6587f6660,9.00289800028986,latency-90761ab99b45.csv
1,90761ab99b45,2025-10-15T11:56:05.053684,grail,few,8,True,a1e396557c78,12.76552899980743,latency-90761ab99b45.csv
1,90761ab99b45,2025-10-15T11:56:05.184001,shrek,Is,132,True,a1e396557c78,8.838067000397132,latency-90761ab99b45.csv
1,90761ab99b45,2025-10-15T11:56:05.300537,grail,dancing,10,True,6ec6587f6660,9.417852000296987,latency-90761ab99b45.csv
1,90761ab99b45,2025-10-15T11:56:05.422992,grail,ANOTHER,25,True,a1e396557c78,9.117164000599589,latency-90761ab99b45.csv
1,90761ab99b45,2025-10-15T11:56:05.543604,shrek,GORDO,5,True,a1e396557c78,10.388835000412657,latency-90761ab99b45.csv
1,90761ab99b45,2025-10-15T11:56:05.670454,shrek,after,10,True,c6aff4c179ab,5.472435999763547,latency-90761ab99b45.csv
1,90761ab99b45,2025-10-15T11:56:05.782778,shrek3,body),0,True,a1e396557c78,6.626258000324015,latency-90761ab99b45.csv
2,90761ab99b45,2025-10-15T11:56:05.896353,shrek,GUARD,25,True,c6aff4c179ab,5.255500000203028,latency-90761ab99b45.csv
2,90761ab99b45,2025-10-15T11:56:06.010355,shrek,you,409,True,c6aff4c179ab,11.107997999715735,latency-90761ab99b45.csv
2,90761ab99b45,2025-10-15T11:56:06.129305,shrek,GORDO,5,True,c6aff4c179ab,6.630810999922687,latency-90761ab99b45.csv
2,90761ab99b45,2025-10-15T11:56:06.245255,grail,about,49,True,6ec6587f6660,5.516270000043733,latency-90761ab99b45.csv
2,90761ab99b45,2025-10-15T11:56:06.357987,shrek,And,318,True,a1e396557c78,9.983787999772176,latency-90761ab99b45.csv
2,90761ab99b45,2025-10-15T11:56:06.482338,shrek,SHREK,433,True,a1e396557c78,5.417854999905103,latency-90761ab99b45.csv
2,90761ab99b45,2025-10-15T11:56:06.593132,grail,the,1600,True,c6aff4c179ab,5.214514000726922,latency-90761ab99b45.csv
2,90761ab99b45,2025-10-15T11:56:06.703192,shrek,transport,1,True,6ec6587f6660,7.724336999672232,latency-90761ab99b45.csv
2,90761ab99b45,2025-10-15T11:56:06.836540,grail,“I,0,True,a1e396557c78,6.038920999344555,latency-90761ab99b45.csv
2,90761ab99b45,2025-10-15T11:56:06.948399,grail,the,1600,True,a1e396557c78,4.73632400007773,latency-90761ab99b45.csv
2,90761ab99b45,2025-10-15T11:56:07.059380,shrek,its,1,True,6ec6587f6660,4.709914999693865,latency-90761ab99b45.csv
2,90761ab99b45,2025-10-15T11:56:07.169095,grail,Butts,2,True,c6aff4c179ab,7.347433999711939,latency-90761ab99b45.csv
2,90761ab99b45,2025-10-15T11:56:07.282956,grail,and,722,True,c6aff4c179ab,4.45629700061545,latency-90761ab99b45.csv
2,90761ab99b45,2025-10-15T11:56:07.392445,grail,few,8,True,c6aff4c179ab,4.519931000686484,latency-90761ab99b45.csv
2,90761ab99b45,2025-10-15T11:56:07.502015,shrek,Is,132,True,c6aff4c179ab,5.156842000360484,latency-90761ab99b45.csv
2,90761ab99b45,2025-10-15T11:56:07.612716,grail,dancing,10,True,c6aff4c179ab,5.695004999324738,latency-90761ab99b45.csv
2,90761ab99b45,2025-10-15T11:56:07.724297,grail,ANOTHER,25,True,6ec6587f6660,4.959832000167808,latency-90761ab99b45.csv
2,90761ab99b45,2025-10-15T11:56:07.834094,shrek,GORDO,5,True,a1e396557c78,4.557673999443068,latency-90761ab99b45.csv
2,90761ab99b45,2025-10-15T11:56:07.944497,shrek,after,10,True,c6aff4c179ab,4.845493999710016,latency-90761ab99b45.csv
2,90761ab99b45,2025-10-15T11:56:08.054653,shrek3,body),0,True,6ec6587f6660,5.180704999474983,latency-90761ab99b45.csv
1,9b0b4aa9be60,2025-10-15T11:55:54.354518,grail,the,1600,True,a1e396557c78,4.606913000316126,latency-9b0b4aa9be60.csv
1,9b0b4aa9be60,2025-10-15T11:55:54.464189,shrek3,ARTIE,213,True,a1e396557c78,4.750371999762137,latency-9b0b4aa9be60.csv
1,9b0b4aa9be60,2025-10-15T11:55:54.576087,shrek3,WHITE,45,True,a1e396557c78,8.4456249996947,latency-9b0b4aa9be60.csv
1,9b0b4aa9be60,2025-10-15T11:55:54.694328,shrek3,an,51,True,c6aff4c179ab,7.996811999873898,latency-9b0b4aa9be60.csv
1,9b0b4aa9be60,2025-10-15T11:55:54.809169,shrek3,PUSS,196,True,6ec6587f6660,4.135026000767539,latency-9b0b4aa9be60.csv
1,9b0b4aa9be60,2025-10-15T11:55:54.918145,shrek3,PUSS,196,True,6ec6587f6660,7.615190000251459,latency-9b0b4aa9be60.csv
1,9b0b4aa9be60,2025-10-15T11:55:55.031689,shrek3,ARTIE,213,True,6ec6587f6660,8.274716999949305,latency-9b0b4aa9be60.csv
1,9b0b4aa9be60,2025-10-15T11:55:55.147505,grail,“I,0,True,a1e396557c78,19.34299300046405,latency-9b0b4aa9be60.csv
1,9b0b4aa9be60,2025-10-15T11:55:55.294413,shrek,SHREK,433,True,c6aff4c179ab,8.90011199953733,latency-9b0b4aa9be60.csv
1,9b0b4aa9be60,2025-10-15T11:55:55.412828,shrek3,with,112,True,6ec6587f6660,6.200931999956083,latency-9b0b4aa9be60.csv
1,9b0b4aa9be60,2025-10-15T11:55:55.524933,shrek,whistles,2,True,a1e396557c78,5.66119199993409,latency-9b0b4aa9be60.csv
1,9b0b4aa9be60,2025-10-15T11:55:55.637256,shrek3,did,14,True,c6aff4c179ab,5.793229999653704,latency-9b0b4aa9be60.csv
1,9b0b4aa9be60,2025-10-15T11:55:55.748992,shrek,gone,3,True,6ec6587f6660,14.44261800043023,latency-9b0b4aa9be60.csv
1,9b0b4aa9be60,2025-10-15T11:55:55.874768,shrek,whole,10,True,a1e396557c78,13.582378000137396,latency-9b0b4aa9be60.csv
1,9b0b4aa9be60,2025-10-15T11:55:56.000106,shrek,tell,25,True,c6aff4c179ab,16.229021000071953,latency-9b0b4aa9be60.csv
1,9b0b4aa9be60,2025-10-15T11:55:56.129394,shrek,to,268,True,6ec6587f6660,9.88142899950617,latency-9b0b4aa9be60.csv
1,9b0b4aa9be60,2025-10-15T11:55:56.252155,shrek,minute,3,True,a1e396557c78,12.09646999996039,latency-9b0b4aa9be60.csv
1,9b0b4aa9be60,2025-10-15T11:55:56.396434,grail,pathetic,4,True,6ec6587f6660,9.343629999420957,latency-9b0b4aa9be60.csv
1,9b0b4aa9be60,2025-10-15T11:55:56.522133,shrek3,"meet""",0,True,a1e396557c78,9.94059999993624,latency-9b0b4aa9be60.csv
1,9b0b4aa9be60,2025-10-15T11:55:56.645734,shrek,No,114,True,c6aff4c179ab,9.02751099965826,latency-9b0b4aa9be60.csv
2,9b0b4aa9be60,2025-10-15T11:55:56.781891,grail,the,1600,True,6ec6587f6660,8.463830000437156,latency-9b0b4aa9be60.csv
2,9b0b4aa9be60,2025-10-15T11:55:56.897360,shrek3,ARTIE,213,True,c6aff4c179ab,6.601670999771159,latency-9b0b4aa9be60.csv
2,9b0b4aa9be60,2025-10-15T11:55:57.010091,shrek3,WHITE,45,True,a1e396557c78,7.977704000040831,latency-9b0b4aa9be60.csv
2,9b0b4aa9be60,2025-10-15T11:55:57.123598,shrek3,an,51,True,c6aff4c179ab,6.318929999906686,latency-9b0b4aa9be60.csv
2,9b0b4aa9be60,2025-10-15T11:55:57.238188,shrek3,PUSS,196,True,a1e396557c78,18.036364000181493,latency-9b0b4aa9be60.csv
2,9b0b4aa9be60,2025-10-15T11:55:57.366353,shrek3,PUSS,196,True,6ec6587f6660,6.15845900028944,latency-9b0b4aa9be60.csv
2,9b0b4aa9be60,2025-10-15T11:55:57.478295,shrek3,ARTIE,213,True,c6aff4c179ab,4.272929000762815,latency-9b0b4aa9be60.csv
2,9b0b4aa9be60,2025-10-15T11:55:57.587379,grail,“I,0,True,6ec6587f6660,5.8532359998935135,latency-9b0b4aa9be60.csv
2,9b0b4aa9be60,2025-10-15T11:55:57.699427,shrek,SHREK,433,True,c6aff4c179ab,8.237969999754569,latency-9b0b4aa9be60.csv
2,9b0b4aa9be60,2025-10-15T11:55:57.817141,shrek3,with,112,True,a1e396557c78,80.69345300009445,latency-9b0b4aa9be60.csv
2,9b0b4aa9be60,2025-10-15T11:55:58.013486,shrek,whistles,2,True,c6aff4c179ab,6.077963000279851,latency-9b0b4aa9be60.csv
2,9b0b4aa9be60,2025-10-15T11:55:58.137049,shrek3,did,14,True,c6aff4c179ab,4.760972999974911,latency-9b0b4aa9be60.csv
2,9b0b4aa9be60,2025-10-15T11:55:58.246334,shrek,gone,3,True,6ec6587f6660,6.652144999861775,latency-9b0b4aa9be60.csv
2,9b0b4aa9be60,2025-10-15T11:55:58.359446,shrek,whole,10,True,c6aff4c179ab,16.05460199971276,latency-9b0b4aa9be60.csv
2,9b0b4aa9be60,2025-10-15T11:55:58.484307,shrek,tell,25,True,6ec6587f6660,6.857753000076627,latency-9b0b4aa9be60.csv
2,9b0b4aa9be60,2025-10-15T11:55:58.599302,shrek,to,268,True,c6aff4c179ab,4.921554999782529,latency-9b0b4aa9be60.csv
2,9b0b4aa9be60,2025-10-15T11:55:58.709173,shrek,minute,3,True,a1e396557c78,4.235963000610354,latency-9b0b4aa9be60.csv
2,9b0b4aa9be60,2025-10-15T11:55:58.818261,grail,pathetic,4,True,6ec6587f6660,11.209005000637262,latency-9b0b4aa9be60.csv
2,9b0b4aa9be60,2025-10-15T11:55:58.938453,shrek3,"meet""",0,True,6ec6587f6660,6.106803999500698,latency-9b0b4aa9be60.csv
2,9b0b4aa9be60,2025-10-15T11:55:59.051340,shrek,No,114,True,6ec6587f6660,7.403509000141639,latency-9b0b4aa9be60.csv
1,9d314e716cb2,2025-10-15T11:55:35.129857,shrek,DONKEY,320,True,6ec6587f6660,14.500234000479397,latency-9d314e716cb2.csv
1,9d314e716cb2,2025-10-15T11:55:35.257542,shrek,GUARD,25,True,c6aff4c179ab,8.530625000275904,latency-9d314e716cb2.csv
1,9d314e716cb2,2025-10-15T11:55:35.379899,grail,I,298,True,a1e396557c78,6.997752000643231,latency-9d314e716cb2.csv
1,9d314e716cb2,2025-10-15T11:55:35.496360,shrek3,did,14,True,a1e396557c78,6.564535000507021,latency-9d314e716cb2.csv
1,9d314e716cb2,2025-10-15T11:55:35.608782,shrek,whole,10,True,c6aff4c179ab,5.333752999831631,latency-9d314e716cb2.csv
1,9d314e716cb2,2025-10-15T11:55:35.720224,grail,going,21,True,a1e396557c78,8.046980000472104,latency-9d314e716cb2.csv
1,9d314e716cb2,2025-10-15T11:55:35.842477,shrek3,wont,0,True,6ec6587f6660,5.96594200032996,latency-9d314e716cb2.csv
1,9d314e716cb2,2025-10-15T11:55:35.954214,shrek,DONKEY,320,True,a1e396557c78,4.868770000030054,latency-9d314e716cb2.csv
1,9d314e716cb2,2025-10-15T11:55:36.064181,shrek,SHREK,433,True,a1e396557c78,7.417388000249048,latency-9d314e716cb2.csv
1,9d314e716cb2,2025-10-15T11:55:36.179029,shrek,whole,10,True,6ec6587f6660,6.435674999920593,latency-9d314e716cb2.csv
1,9d314e716cb2,2025-10-15T11:55:36.290925,grail,pathetic,4,True,6ec6587f6660,7.16854899928876,latency-9d314e716cb2.csv
1,9d314e716cb2,2025-10-15T11:55:36.405414,grail,Christ,8,False,6ec6587f6660,14.144759000373597,latency-9d314e716cb2.csv
1,9d314e716cb2,2025-10-15T11:55:36.526234,grail,thus,5,True,a1e396557c78,8.220964999964053,latency-9d314e716cb2.csv
1,9d314e716cb2,2025-10-15T11:55:36.642829,grail,seek,12,True,a1e396557c78,8.464277000712173,latency-9d314e716cb2.csv
1,9d314e716cb2,2025-10-15T11:55:36.759726,grail,from,94,True,a1e396557c78,16.159478999725252,latency-9d314e716cb2.csv
1,9d314e716cb2,2025-10-15T11:55:36.885867,shrek,field,4,True,a1e396557c78,21.149825000065903,latency-9d314e716cb2.csv
1,9d314e716cb2,2025-10-15T11:55:37.027465,shrek,INSIDE,16,True,c6aff4c179ab,10.702776000471204,latency-9d314e716cb2.csv
1,9d314e716cb2,2025-10-15T11:55:37.145330,grail,Boom,4,True,c6aff4c179ab,6.885813999360835,latency-9d314e716cb2.csv
1,9d314e716cb2,2025-10-15T11:55:37.258568,grail,is,317,True,c6aff4c179ab,9.52429700009816,latency-9d314e716cb2.csv
1,9d314e716cb2,2025-10-15T11:55:37.377319,shrek3,Arg,1,True,6ec6587f6660,9.090833999835011,latency-9d314e716cb2.csv
2,9d314e716cb2,2025-10-15T11:55:37.497866,shrek,DONKEY,320,True,6ec6587f6660,8.677730999806954,latency-9d314e716cb2.csv
2,9d314e716cb2,2025-10-15T11:55:37.614254,shrek,GUARD,25,True,a1e396557c78,7.979203000104462,latency-9d314e716cb2.csv
2,9d314e716cb2,2025-10-15T11:55:37.729543,grail,I,298,True,6ec6587f6660,6.676048999906925,latency-9d314e716cb2.csv
2,9d314e716cb2,2025-10-15T11:55:37.845521,shrek3,did,14,True,c6aff4c179ab,6.585545999769238,latency-9d314e716cb2.csv
2,9d314e716cb2,2025-10-15T11:55:37.959528,shrek,whole,10,True,6ec6587f6660,4.685113000050478,latency-9d314e716cb2.csv
2,9d314e716cb2,2025-10-15T11:55:38.069602,grail,going,21,True,6ec6587f6660,5.062938000264694,latency-9d314e716cb2.csv
2,9d314e716cb2,2025-10-15T11:55:38.180937,shrek3,wont,0,True,a1e396557c78,7.809825000549608,latency-9d314e716cb2.csv
2,9d314e716cb2,2025-10-15T11:55:38.299989,shrek,DONKEY,320,True,a1e396557c78,12.038361000122675,latency-9d314e716cb2.csv
2,9d314e716cb2,2025-10-15T11:55:38.423297,shrek,SHREK,433,True,6ec6587f6660,16.632548999950814,latency-9d314e716cb2.csv
2,9d314e716cb2,2025-10-15T11:55:38.550534,shrek,whole,10,True,c6aff4c179ab,8.024537999517634,latency-9d314e716cb2.csv
2,9d314e716cb2,2025-10-15T11:55:38.668887,grail,pathetic,4,True,6ec6587f6660,10.10339699951146,latency-9d314e716cb2.csv
2,9d314e716cb2,2025-10-15T11:55:38.787483,grail,Christ,8,True,a1e396557c78,7.504566999159579,latency-9d314e716cb2.csv
2,9d314e716cb2,2025-10-15T11:55:38.917024,grail,thus,5,True,c6aff4c179ab,4.661427999963053,latency-9d314e716cb2.csv
2,9d314e716cb2,2025-10-15T11:55:39.026936,grail,seek,12,True,6ec6587f6660,6.279411000832624,latency-9d314e716cb2.csv
2,9d314e716cb2,2025-10-15T11:55:39.138078,grail,from,94,True,a1e396557c78,4.984635999790044,latency-9d314e716cb2.csv
2,9d314e716cb2,2025-10-15T11:55:39.248695,shrek,field,4,True,a1e396557c78,5.682906999936677,latency-9d314e716cb2.csv
2,9d314e716cb2,2025-10-15T11:55:39.359960,shrek,INSIDE,16,True,a1e396557c78,7.034668000414968,latency-9d314e716cb2.csv
2,9d314e716cb2,2025-10-15T11:55:39.473060,grail,Boom,4,True,c6aff4c179ab,4.921869000099832,latency-9d314e716cb2.csv
2,9d314e716cb2,2025-10-15T11:55:39.585025,grail,is,317,True,c6aff4c179ab,18.988529999660383,latency-9d314e716cb2.csv
2,9d314e716cb2,2025-10-15T11:55:39.711204,shrek3,Arg,1,True,c6aff4c179ab,14.235820999601856,latency-9d314e716cb2.csv
1,a02d443c7fa3,2025-10-15T11:56:02.032255,shrek3,ARTIE,213,True,6ec6587f6660,6.868049000331666,latency-a02d443c7fa3.csv
1,a02d443c7fa3,2025-10-15T11:56:02.145465,shrek3,-,110,True,c6aff4c179ab,7.021395999800006,latency-a02d443c7fa3.csv
1,a02d443c7fa3,2025-10-15T11:56:02.258357,shrek3,CHARMING,232,True,a1e396557c78,6.610508000449045,latency-a02d443c7fa3.csv
1,a02d443c7fa3,2025-10-15T11:56:02.372150,shrek,FARQUAAD,84,True,6ec6587f6660,6.785431999560387,latency-a02d443c7fa3.csv
1,a02d443c7fa3,2025-10-15T11:56:02.485248,shrek3,Third,121,True,c6aff4c179ab,6.820835999860719,latency-a02d443c7fa3.csv
1,a02d443c7fa3,2025-10-15T11:56:02.598054,grail,sell,1,True,a1e396557c78,4.981054999916523,latency-a02d443c7fa3.csv
1,a02d443c7fa3,2025-10-15T11:56:02.707839,shrek,GORDO,5,True,6ec6587f6660,6.792180000047665,latency-a02d443c7fa3.csv
1,a02d443c7fa3,2025-10-15T11:56:02.821238,grail,chops,3,True,6ec6587f6660,6.961533999856329,latency-a02d443c7fa3.csv
1,a02d443c7fa3,2025-10-15T11:56:02.939476,shrek3,SCHOOL,14,True,6ec6587f6660,5.730791999667417,latency-a02d443c7fa3.csv
1,a02d443c7fa3,2025-10-15T11:56:03.049999,shrek,FARQUAAD,84,True,c6aff4c179ab,6.490593999842531,latency-a02d443c7fa3.csv
1,a02d443c7fa3,2025-10-15T11:56:03.162896,shrek3,ARTIE,213,True,a1e396557c78,7.528236000325705,latency-a02d443c7fa3.csv
1,a02d443c7fa3,2025-10-15T11:56:03.278786,shrek,and,318,True,6ec6587f6660,10.469120999914594,latency-a02d443c7fa3.csv
1,a02d443c7fa3,2025-10-15T11:56:03.398637,shrek,He,118,True,6ec6587f6660,10.293764999914856,latency-a02d443c7fa3.csv
1,a02d443c7fa3,2025-10-15T11:56:03.516391,grail,Yeah,13,True,c6aff4c179ab,13.124876999427215,latency-a02d443c7fa3.csv
1,a02d443c7fa3,2025-10-15T11:56:03.642026,shrek3,CAPTAIN,41,True,c6aff4c179ab,9.207174000039233,latency-a02d443c7fa3.csv
1,a02d443c7fa3,2025-10-15T11:56:03.761039,shrek3,me,72,True,6ec6587f6660,24.41427699977794,latency-a02d443c7fa3.csv
1,a02d443c7fa3,2025-10-15T11:56:03.898345,shrek,this,79,True,a1e396557c78,14.16878199961502,latency-a02d443c7fa3.csv
1,a02d443c7fa3,2025-10-15T11:56:04.026494,grail,upon,13,True,6ec6587f6660,11.110822999398806,latency-a02d443c7fa3.csv
1,a02d443c7fa3,2025-10-15T11:56:04.151012,grail,BEDEVERE,103,True,6ec6587f6660,7.716952000009769,latency-a02d443c7fa3.csv
1,a02d443c7fa3,2025-10-15T11:56:04.266668,shrek3,its,1,True,c6aff4c179ab,9.367284000290963,latency-a02d443c7fa3.csv
2,a02d443c7fa3,2025-10-15T11:56:04.389858,shrek3,ARTIE,213,True,c6aff4c179ab,8.643868000035582,latency-a02d443c7fa3.csv
2,a02d443c7fa3,2025-10-15T11:56:04.507621,shrek3,-,110,True,6ec6587f6660,26.46906100017077,latency-a02d443c7fa3.csv
2,a02d443c7fa3,2025-10-15T11:56:04.645456,shrek3,CHARMING,232,True,6ec6587f6660,32.64947800016671,latency-a02d443c7fa3.csv
2,a02d443c7fa3,2025-10-15T11:56:04.793425,shrek,FARQUAAD,84,True,6ec6587f6660,7.95470400043996,latency-a02d443c7fa3.csv
2,a02d443c7fa3,2025-10-15T11:56:04.919645,shrek3,Third,121,True,a1e396557c78,7.895725000707898,latency-a02d443c7fa3.csv
2,a02d443c7fa3,2025-10-15T11:56:05.033389,grail,sell,1,True,6ec6587f6660,6.609304000448901,latency-a02d443c7fa3.csv
2,a02d443c7fa3,2025-10-15T11:56:05.147551,shrek,GORDO,5,True,c6aff4c179ab,6.055517999811855,latency-a02d443c7fa3.csv
2,a02d443c7fa3,2025-10-15T11:56:05.261086,grail,chops,3,True,a1e396557c78,4.623224999704689,latency-a02d443c7fa3.csv
2,a02d443c7fa3,2025-10-15T11:56:05.370677,shrek3,SCHOOL,14,True,6ec6587f6660,7.901455000137503,latency-a02d443c7fa3.csv
2,a02d443c7fa3,2025-10-15T11:56:05.488009,shrek,FARQUAAD,84,True,6ec6587f6660,4.446667000593152,latency-a02d443c7fa3.csv
2,a02d443c7fa3,2025-10-15T11:56:05.597568,shrek3,ARTIE,213,True,c6aff4c179ab,4.3182619992876425,latency-a02d443c7fa3.csv
2,a02d443c7fa3,2025-10-15T11:56:05.708415,shrek,and,318,True,c6aff4c179ab,5.8202309992339,latency-a02d443c7fa3.csv
2,a02d443c7fa3,2025-10-15T11:56:05.819685,shrek,He,118,True,a1e396557c78,5.098117000670754,latency-a02d443c7fa3.csv
2,a02d443c7fa3,2025-10-15T11:56:05.930115,grail,Yeah,13,True,a1e396557c78,4.885274000116624,latency-a02d443c7fa3.csv
2,a02d443c7fa3,2025-10-15T11:56:06.039808,shrek3,CAPTAIN,41,True,a1e396557c78,6.993300999965868,latency-a02d443c7fa3.csv
2,a02d443c7fa3,2025-10-15T11:56:06.152718,shrek3,me,72,True,a1e396557c78,7.769931000439101,latency-a02d443c7fa3.csv
2,a02d443c7fa3,2025-10-15T11:56:06.266068,shrek,this,79,True,c6aff4c179ab,5.309748999934527,latency-a02d443c7fa3.csv
2,a02d443c7fa3,2025-10-15T11:56:06.376708,grail,upon,13,True,6ec6587f6660,10.792925999339786,latency-a02d443c7fa3.csv
2,a02d443c7fa3,2025-10-15T11:56:06.500628,grail,BEDEVERE,103,True,c6aff4c179ab,4.942880999806221,latency-a02d443c7fa3.csv
2,a02d443c7fa3,2025-10-15T11:56:06.610894,shrek3,its,1,True,6ec6587f6660,4.464026000277954,latency-a02d443c7fa3.csv
1,a22fe5c8df3c,2025-10-15T11:55:22.117163,shrek,help,5,False,6ec6587f6660,43.06645999986358,latency-a22fe5c8df3c.csv
1,a22fe5c8df3c,2025-10-15T11:55:22.269792,shrek,whole,10,False,c6aff4c179ab,22.72305300084554,latency-a22fe5c8df3c.csv
1,a22fe5c8df3c,2025-10-15T11:55:22.399362,shrek3,to,511,False,a1e396557c78,26.685537000048495,latency-a22fe5c8df3c.csv
1,a22fe5c8df3c,2025-10-15T11:55:22.532932,shrek,GUARD,25,False,c6aff4c179ab,14.058806000321056,latency-a22fe5c8df3c.csv
1,a22fe5c8df3c,2025-10-15T11:55:22.654952,grail,Eolio,2,False,6ec6587f6660,14.834743000392336,latency-a22fe5c8df3c.csv
1,a22fe5c8df3c,2025-10-15T11:55:22.777167,grail,elected,2,False,a1e396557c78,18.684773000131827,latency-a22fe5c8df3c.csv
1,a22fe5c8df3c,2025-10-15T11:55:22.911171,shrek,stairs,7,False,a1e396557c78,20.34314600041398,latency-a22fe5c8df3c.csv
1,a22fe5c8df3c,2025-10-15T11:55:23.040285,shrek,don't,72,False,a1e396557c78,17.825543999606452,latency-a22fe5c8df3c.csv
1,a22fe5c8df3c,2025-10-15T11:55:23.165852,shrek3,SHOUTING),0,False,a1e396557c78,15.851868999561702,latency-a22fe5c8df3c.csv
1,a22fe5c8df3c,2025-10-15T11:55:23.288502,shrek3,ruby,1,False,6ec6587f6660,16.943268999966676,latency-a22fe5c8df3c.csv
1,a22fe5c8df3c,2025-10-15T11:55:23.412755,shrek,he,118,False,c6aff4c179ab,10.735011999713606,latency-a22fe5c8df3c.csv
1,a22fe5c8df3c,2025-10-15T11:55:23.529886,shrek,FIONA,211,True,6ec6587f6660,4.814819999410247,latency-a22fe5c8df3c.csv
1,a22fe5c8df3c,2025-10-15T11:55:23.640011,grail,-,259,False,a1e396557c78,17.932560999724956,latency-a22fe5c8df3c.csv
1,a22fe5c8df3c,2025-10-15T11:55:23.766382,shrek,token,1,False,c6aff4c179ab,14.164950999656869,latency-a22fe5c8df3c.csv
1,a22fe5c8df3c,2025-10-15T11:55:23.886910,grail,LANCELOT,59,False,c6aff4c179ab,14.916055999492528,latency-a22fe5c8df3c.csv
1,a22fe5c8df3c,2025-10-15T11:55:24.010096,shrek,DONKEY,320,False,c6aff4c179ab,14.473417000772317,latency-a22fe5c8df3c.csv
1,a22fe5c8df3c,2025-10-15T11:55:24.135292,grail,GALAHAD,87,False,c6aff4c179ab,10.26624600035575,latency-a22fe5c8df3c.csv
1,a22fe5c8df3c,2025-10-15T11:55:24.251740,grail,To,718,False,a1e396557c78,9.000497000670293,latency-a22fe5c8df3c.csv
1,a22fe5c8df3c,2025-10-15T11:55:24.367596,shrek3,youre,0,False,6ec6587f6660,11.239487000239023,latency-a22fe5c8df3c.csv
1,a22fe5c8df3c,2025-10-15T11:55:24.483858,grail,them,41,False,a1e396557c78,9.571536000294143,latency-a22fe5c8df3c.csv
2,a22fe5c8df3c,2025-10-15T11:55:24.599555,shrek,help,5,True,c6aff4c179ab,6.534305000059248,latency-a22fe5c8df3c.csv
2,a22fe5c8df3c,2025-10-15T11:55:24.712541,shrek,whole,10,True,6ec6587f6660,5.023594999329362,latency-a22fe5c8df3c.csv
2,a22fe5c8df3c,2025-10-15T11:55:24.823127,shrek3,to,511,True,a1e396557c78,5.720799999835435,latency-a22fe5c8df3c.csv
2,a22fe5c8df3c,2025-10-15T11:55:24.933619,shrek,GUARD,25,True,a1e396557c78,6.0631609994743485,latency-a22fe5c8df3c.csv
2,a22fe5c8df3c,2025-10-15T11:55:25.048024,grail,Eolio,2,True,a1e396557c78,6.821092999416578,latency-a22fe5c8df3c.csv
2,a22fe5c8df3c,2025-10-15T11:55:25.162433,grail,elected,2,True,6ec6587f6660,7.471250999515178,latency-a22fe5c8df3c.csv
2,a22fe5c8df3c,2025-10-15T11:55:25.277385,shrek,stairs,7,True,6ec6587f6660,4.482610000195564,latency-a22fe5c8df3c.csv
2,a22fe5c8df3c,2025-10-15T11:55:25.387825,shrek,don't,72,True,a1e396557c78,4.660088999116852,latency-a22fe5c8df3c.csv
2,a22fe5c8df3c,2025-10-15T11:55:25.497341,shrek3,SHOUTING),0,True,c6aff4c179ab,6.58272000055149,latency-a22fe5c8df3c.csv
2,a22fe5c8df3c,2025-10-15T11:55:25.612026,shrek3,ruby,1,True,a1e396557c78,4.808371999388328,latency-a22fe5c8df3c.csv
2,a22fe5c8df3c,2025-10-15T11:55:25.722387,shrek,he,118,True,a1e396557c78,5.059860999608645,latency-a22fe5c8df3c.csv
2,a22fe5c8df3c,2025-10-15T11:55:25.832271,shrek,FIONA,211,True,c6aff4c179ab,6.505108999590448,latency-a22fe5c8df3c.csv
2,a22fe5c8df3c,2025-10-15T11:55:25.946920,grail,-,259,True,c6aff4c179ab,5.835427999954845,latency-a22fe5c8df3c.csv
2,a22fe5c8df3c,2025-10-15T11:55:26.059760,shrek,token,1,True,a1e396557c78,6.020626999998058,latency-a22fe5c8df3c.csv
2,a22fe5c8df3c,2025-10-15T11:55:26.173769,grail,LANCELOT,59,True,a1e396557c78,12.906947000374204,latency-a22fe5c8df3c.csv
2,a22fe5c8df3c,2025-10-15T11:55:26.301174,shrek,DONKEY,320,True,6ec6587f6660,8.275858999695629,latency-a22fe5c8df3c.csv
2,a22fe5c8df3c,2025-10-15T11:55:26.419807,grail,GALAHAD,87,True,a1e396557c78,5.778151000413345,latency-a22fe5c8df3c.csv
2,a22fe5c8df3c,2025-10-15T11:55:26.533644,grail,To,718,True,c6aff4c179ab,12.085891000424454,latency-a22fe5c8df3c.csv
2,a22fe5c8df3c,2025-10-15T11:55:26.659915,shrek3,youre,0,True,6ec6587f6660,8.112231999803043,latency-a22fe5c8df3c.csv
2,a22fe5c8df3c,2025-10-15T11:55:26.777383,grail,them,41,True,6ec6587f6660,6.650635999903898,latency-a22fe5c8df3c.csv
1,a3056d19cd93,2025-10-15T11:55:39.496654,grail,"lute,",0,True,a1e396557c78,6.594302999474166,latency-a3056d19cd93.csv
1,a3056d19cd93,2025-10-15T11:55:39.611226,shrek3,SCHOOL,14,True,c6aff4c179ab,8.19204700019327,latency-a3056d19cd93.csv
1,a3056d19cd93,2025-10-15T11:55:39.725893,shrek3,the,1285,True,6ec6587f6660,16.07434800007468,latency-a3056d19cd93.csv
1,a3056d19cd93,2025-10-15T11:55:39.856855,shrek3,PRINCE,207,True,a1e396557c78,8.76360799975373,latency-a3056d19cd93.csv
1,a3056d19cd93,2025-10-15T11:55:39.973073,shrek3,boomerang,1,True,a1e396557c78,7.019439999567112,latency-a3056d19cd93.csv
1,a3056d19cd93,2025-10-15T11:55:40.086768,shrek,swamp,18,True,c6aff4c179ab,19.96276799945917,latency-a3056d19cd93.csv
1,a3056d19cd93,2025-10-15T11:55:40.219405,shrek,SHREK,433,True,c6aff4c179ab,15.693622999606305,latency-a3056d19cd93.csv
1,a3056d19cd93,2025-10-15T11:55:40.344676,grail,of,684,True,a1e396557c78,13.046218999988923,latency-a3056d19cd93.csv
1,a3056d19cd93,2025-10-15T11:55:40.478492,shrek,FIONA,211,True,6ec6587f6660,9.170737999738776,latency-a3056d19cd93.csv
1,a3056d19cd93,2025-10-15T11:55:40.603611,shrek,DONKEY,320,True,6ec6587f6660,27.905416999601584,latency-a3056d19cd93.csv
1,a3056d19cd93,2025-10-15T11:55:40.758740,shrek,minute,3,True,6ec6587f6660,10.030911000285414,latency-a3056d19cd93.csv
1,a3056d19cd93,2025-10-15T11:55:40.902401,grail,seek,12,True,c6aff4c179ab,7.12513999951625,latency-a3056d19cd93.csv
1,a3056d19cd93,2025-10-15T11:55:41.017694,grail,the,1600,True,6ec6587f6660,7.307618999220722,latency-a3056d19cd93.csv
1,a3056d19cd93,2025-10-15T11:55:41.133283,shrek3,"meet""",0,True,a1e396557c78,8.221248999689124,latency-a3056d19cd93.csv
1,a3056d19cd93,2025-10-15T11:55:41.250107,grail,witch,30,True,c6aff4c179ab,5.764491000263661,latency-a3056d19cd93.csv
1,a3056d19cd93,2025-10-15T11:55:41.361987,shrek3,glass,9,True,6ec6587f6660,5.937592000009317,latency-a3056d19cd93.csv
1,a3056d19cd93,2025-10-15T11:55:41.473437,shrek3,ho,8,True,c6aff4c179ab,6.324889999632433,latency-a3056d19cd93.csv
1,a3056d19cd93,2025-10-15T11:55:41.588630,shrek3,them,44,True,a1e396557c78,6.108283999310515,latency-a3056d19cd93.csv
1,a3056d19cd93,2025-10-15T11:55:41.701261,shrek,the,535,True,c6aff4c179ab,8.75257600000623,latency-a3056d19cd93.csv
1,a3056d19cd93,2025-10-15T11:55:41.819589,grail,is,317,True,6ec6587f6660,5.846314999871538,latency-a3056d19cd93.csv
2,a3056d19cd93,2025-10-15T11:55:41.931174,grail,"lute,",0,True,c6aff4c179ab,5.666265000400017,latency-a3056d19cd93.csv
2,a3056d19cd93,2025-10-15T11:55:42.041958,shrek3,SCHOOL,14,True,a1e396557c78,6.84090200047649,latency-a3056d19cd93.csv
2,a3056d19cd93,2025-10-15T11:55:42.154798,shrek3,the,1285,True,c6aff4c179ab,5.760668000220903,latency-a3056d19cd93.csv
2,a3056d19cd93,2025-10-15T11:55:42.267205,shrek3,PRINCE,207,True,a1e396557c78,9.790353000425966,latency-a3056d19cd93.csv
2,a3056d19cd93,2025-10-15T11:55:42.385264,shrek3,boomerang,1,True,6ec6587f6660,11.937258999751066,latency-a3056d19cd93.csv
2,a3056d19cd93,2025-10-15T11:55:42.509133,shrek,swamp,18,True,c6aff4c179ab,8.686578000379086,latency-a3056d19cd93.csv
2,a3056d19cd93,2025-10-15T11:55:42.634966,shrek,SHREK,433,True,6ec6587f6660,8.054175000324904,latency-a3056d19cd93.csv
2,a3056d19cd93,2025-10-15T11:55:42.754150,grail,of,684,True,a1e396557c78,7.843945999411517,latency-a3056d19cd93.csv
2,a3056d19cd93,2025-10-15T11:55:42.874129,shrek,FIONA,211,True,6ec6587f6660,5.274940000163042,latency-a3056d19cd93.csv
2,a3056d19cd93,2025-10-15T11:55:42.986044,shrek,DONKEY,320,True,a1e396557c78,6.100109000726661,latency-a3056d19cd93.csv
2,a3056d19cd93,2025-10-15T11:55:43.099902,shrek,minute,3,True,c6aff4c179ab,5.69599400023435,latency-a3056d19cd93.csv
2,a3056d19cd93,2025-10-15T11:55:43.211817,grail,seek,12,True,c6aff4c179ab,6.649070999628748,latency-a3056d19cd93.csv
2,a3056d19cd93,2025-10-15T11:55:43.325150,grail,the,1600,True,6ec6587f6660,8.864176000315638,latency-a3056d19cd93.csv
2,a3056d19cd93,2025-10-15T11:55:43.444331,shrek3,"meet""",0,True,a1e396557c78,5.554454999582958,latency-a3056d19cd93.csv
2,a3056d19cd93,2025-10-15T11:55:43.555508,grail,witch,30,True,c6aff4c179ab,6.037828000444279,latency-a3056d19cd93.csv
2,a3056d19cd93,2025-10-15T11:55:43.667414,shrek3,glass,9,True,c6aff4c179ab,6.074498999623756,latency-a3056d19cd93.csv
2,a3056d19cd93,2025-10-15T11:55:43.779858,shrek3,ho,8,True,c6aff4c179ab,12.681397999585895,latency-a3056d19cd93.csv
2,a3056d19cd93,2025-10-15T11:55:43.900604,shrek3,them,44,True,6ec6587f6660,17.834928999945987,latency-a3056d19cd93.csv
2,a3056d19cd93,2025-10-15T11:55:44.028304,shrek,the,535,True,a1e396557c78,10.014240000600694,latency-a3056d19cd93.csv
2,a3056d19cd93,2025-10-15T11:55:44.148497,grail,is,317,True,c6aff4c179ab,8.450592000372126,latency-a3056d19cd93.csv
1,a5039e978ee0,2025-10-15T11:55:29.691761,shrek3,WHITE,45,True,c6aff4c179ab,6.2512160002370365,latency-a5039e978ee0.csv
1,a5039e978ee0,2025-10-15T11:55:29.807716,shrek3,ho,8,False,a1e396557c78,14.519780999762588,latency-a5039e978ee0.csv
1,a5039e978ee0,2025-10-15T11:55:29.928419,shrek3,bed,10,False,a1e396557c78,36.29950800041115,latency-a5039e978ee0.csv
1,a5039e978ee0,2025-10-15T11:55:30.080471,grail,"lute,",0,False,6ec6587f6660,20.34607200039318,latency-a5039e978ee0.csv
1,a5039e978ee0,2025-10-15T11:55:30.209022,grail,THREE-HEADED,8,True,c6aff4c179ab,8.605750999777229,latency-a5039e978ee0.csv
1,a5039e978ee0,2025-10-15T11:55:30.325529,grail,on,139,True,a1e396557c78,12.46462299968698,latency-a5039e978ee0.csv
1,a5039e978ee0,2025-10-15T11:55:30.450883,grail,the,1600,True,6ec6587f6660,19.17245599997841,latency-a5039e978ee0.csv
1,a5039e978ee0,2025-10-15T11:55:30.593062,shrek,field,4,False,a1e396557c78,34.573775000353635,latency-a5039e978ee0.csv
1,a5039e978ee0,2025-10-15T11:55:30.746293,shrek3,of,275,True,a1e396557c78,26.35684999950172,latency-a5039e978ee0.csv
1,a5039e978ee0,2025-10-15T11:55:30.898294,shrek,ogre,27,True,c6aff4c179ab,9.888747000331932,latency-a5039e978ee0.csv
1,a5039e978ee0,2025-10-15T11:55:31.018135,shrek3,field,3,True,6ec6587f6660,12.368781000077432,latency-a5039e978ee0.csv
1,a5039e978ee0,2025-10-15T11:55:31.139279,shrek3,glass,9,False,c6aff4c179ab,22.58792300017376,latency-a5039e978ee0.csv
1,a5039e978ee0,2025-10-15T11:55:31.271129,grail,dancing,10,False,a1e396557c78,20.579565000844013,latency-a5039e978ee0.csv
1,a5039e978ee0,2025-10-15T11:55:31.409700,grail,pseudonym,1,True,c6aff4c179ab,8.692274000168254,latency-a5039e978ee0.csv
1,a5039e978ee0,2025-10-15T11:55:31.532645,shrek,one,44,True,6ec6587f6660,11.726969999472203,latency-a5039e978ee0.csv
1,a5039e978ee0,2025-10-15T11:55:31.659465,shrek3,MERLIN,73,True,c6aff4c179ab,12.327061999712896,latency-a5039e978ee0.csv
1,a5039e978ee0,2025-10-15T11:55:31.789564,grail,them,41,True,6ec6587f6660,10.633069999130385,latency-a5039e978ee0.csv
1,a5039e978ee0,2025-10-15T11:55:31.932794,grail,of,684,False,c6aff4c179ab,30.22680499998387,latency-a5039e978ee0.csv
1,a5039e978ee0,2025-10-15T11:55:32.074075,grail,dancing,10,True,a1e396557c78,5.269890000818123,latency-a5039e978ee0.csv
1,a5039e978ee0,2025-10-15T11:55:32.184538,shrek,number,8,True,c6aff4c179ab,5.990418999317626,latency-a5039e978ee0.csv
2,a5039e978ee0,2025-10-15T11:55:32.295914,shrek3,WHITE,45,True,a1e396557c78,6.991272999584908,latency-a5039e978ee0.csv
2,a5039e978ee0,2025-10-15T11:55:32.410828,shrek3,ho,8,True,6ec6587f6660,5.401815000368515,latency-a5039e978ee0.csv
2,a5039e978ee0,2025-10-15T11:55:32.522100,shrek3,bed,10,True,a1e396557c78,8.455929999399814,latency-a5039e978ee0.csv
2,a5039e978ee0,2025-10-15T11:55:32.637640,grail,"lute,",0,True,6ec6587f6660,9.051866999470803,latency-a5039e978ee0.csv
2,a5039e978ee0,2025-10-15T11:55:32.753223,grail,THREE-HEADED,8,True,c6aff4c179ab,13.955149999674177,latency-a5039e978ee0.csv
2,a5039e978ee0,2025-10-15T11:55:32.878813,grail,on,139,True,a1e396557c78,6.063065000489587,latency-a5039e978ee0.csv
2,a5039e978ee0,2025-10-15T11:55:32.994577,grail,the,1600,True,6ec6587f6660,8.651113999803783,latency-a5039e978ee0.csv
2,a5039e978ee0,2025-10-15T11:55:33.114700,shrek,field,4,True,c6aff4c179ab,7.830974999706086,latency-a5039e978ee0.csv
2,a5039e978ee0,2025-10-15T11:55:33.239688,shrek3,of,275,True,a1e396557c78,10.3068570006144,latency-a5039e978ee0.csv
2,a5039e978ee0,2025-10-15T11:55:33.403721,shrek,ogre,27,True,a1e396557c78,5.8900889998767525,latency-a5039e978ee0.csv
2,a5039e978ee0,2025-10-15T11:55:33.517840,shrek3,field,3,True,6ec6587f6660,8.87794899972505,latency-a5039e978ee0.csv
2,a5039e978ee0,2025-10-15T11:55:33.638857,shrek3,glass,9,True,c6aff4c179ab,6.488416000138386,latency-a5039e978ee0.csv
2,a5039e978ee0,2025-10-15T11:55:33.755948,grail,dancing,10,True,6ec6587f6660,8.226173000366543,latency-a5039e978ee0.csv
2,a5039e978ee0,2025-10-15T11:55:33.873509,grail,pseudonym,1,True,a1e396557c78,12.782816999788338,latency-a5039e978ee0.csv
2,a5039e978ee0,2025-10-15T11:55:33.999913,shrek,one,44,True,6ec6587f6660,8.28311199984455,latency-a5039e978ee0.csv
2,a5039e978ee0,2025-10-15T11:55:34.120481,shrek3,MERLIN,73,True,a1e396557c78,20.43519400012883,latency-a5039e978ee0.csv
2,a5039e978ee0,2025-10-15T11:55:34.250799,grail,them,41,True,a1e396557c78,23.1892660003723,latency-a5039e978ee0.csv
2,a5039e978ee0,2025-10-15T11:55:34.399173,grail,of,684,True,c6aff4c179ab,18.66579199941043,latency-a5039e978ee0.csv
2,a5039e978ee0,2025-10-15T11:55:34.533421,grail,dancing,10,True,c6aff4c179ab,13.140948000000208,latency-a5039e978ee0.csv
2,a5039e978ee0,2025-10-15T11:55:34.662409,shrek,number,8,True,a1e396557c78,7.748990999971284,latency-a5039e978ee0.csv
1,a7bb6bca670f,2025-10-15T11:55:27.486735,shrek,he,118,True,c6aff4c179ab,10.368826000558329,latency-a7bb6bca670f.csv
1,a7bb6bca670f,2025-10-15T11:55:27.603924,shrek,and,318,True,a1e396557c78,5.703237000489025,latency-a7bb6bca670f.csv
1,a7bb6bca670f,2025-10-15T11:55:27.716239,shrek,our,11,True,a1e396557c78,7.096933999491739,latency-a7bb6bca670f.csv
1,a7bb6bca670f,2025-10-15T11:55:27.830660,shrek,CROWD,5,True,c6aff4c179ab,12.057918000209613,latency-a7bb6bca670f.csv
1,a7bb6bca670f,2025-10-15T11:55:27.950086,shrek3,its,1,True,a1e396557c78,10.886857999139464,latency-a7bb6bca670f.csv
1,a7bb6bca670f,2025-10-15T11:55:28.069416,grail,king,136,True,a1e396557c78,11.188528999809932,latency-a7bb6bca670f.csv
1,a7bb6bca670f,2025-10-15T11:55:28.197554,shrek,and,318,True,c6aff4c179ab,15.544232000138436,latency-a7bb6bca670f.csv
1,a7bb6bca670f,2025-10-15T11:55:28.325941,shrek,on,88,True,6ec6587f6660,10.388188000433727,latency-a7bb6bca670f.csv
1,a7bb6bca670f,2025-10-15T11:55:28.446159,shrek,this,79,False,c6aff4c179ab,15.652541000235942,latency-a7bb6bca670f.csv
1,a7bb6bca670f,2025-10-15T11:55:28.569879,grail,Cleveland,3,True,a1e396557c78,13.403623000158404,latency-a7bb6bca670f.csv
1,a7bb6bca670f,2025-10-15T11:55:28.699268,shrek3,reason,2,True,6ec6587f6660,7.159948000662553,latency-a7bb6bca670f.csv
1,a7bb6bca670f,2025-10-15T11:55:28.815224,shrek,your,49,False,6ec6587f6660,133.27749200016115,latency-a7bb6bca670f.csv
1,a7bb6bca670f,2025-10-15T11:55:29.102450,shrek,No,114,True,c6aff4c179ab,28.174332000162394,latency-a7bb6bca670f.csv
1,a7bb6bca670f,2025-10-15T11:55:29.251265,grail,Yeah,13,False,a1e396557c78,36.25459099930595,latency-a7bb6bca670f.csv
1,a7bb6bca670f,2025-10-15T11:55:29.396319,shrek3,me,72,True,6ec6587f6660,7.376741999905789,latency-a7bb6bca670f.csv
1,a7bb6bca670f,2025-10-15T11:55:29.515988,grail,from,94,True,c6aff4c179ab,13.838713000041023,latency-a7bb6bca670f.csv
1,a7bb6bca670f,2025-10-15T11:55:29.636771,shrek,Nobody,4,False,a1e396557c78,17.253277000236267,latency-a7bb6bca670f.csv
1,a7bb6bca670f,2025-10-15T11:55:29.763016,shrek3,RAPUNZEL,30,False,6ec6587f6660,18.655933000445657,latency-a7bb6bca670f.csv
1,a7bb6bca670f,2025-10-15T11:55:29.888646,shrek,tale,7,True,c6aff4c179ab,12.822272999983396,latency-a7bb6bca670f.csv
1,a7bb6bca670f,2025-10-15T11:55:30.010590,shrek3,TO,511,True,a1e396557c78,15.98818399997981,latency-a7bb6bca670f.csv
2,a7bb6bca670f,2025-10-15T11:55:30.141166,shrek,he,118,True,a1e396557c78,29.851460999452684,latency-a7bb6bca670f.csv
2,a7bb6bca670f,2025-10-15T11:55:30.295088,shrek,and,318,True,a1e396557c78,8.061602999987372,latency-a7bb6bca670f.csv
2,a7bb6bca670f,2025-10-15T11:55:30.429510,shrek,our,11,True,a1e396557c78,9.26841799991962,latency-a7bb6bca670f.csv
2,a7bb6bca670f,2025-10-15T11:55:30.559032,shrek,CROWD,5,True,c6aff4c179ab,19.737169000109134,latency-a7bb6bca670f.csv
2,a7bb6bca670f,2025-10-15T11:55:30.709442,shrek3,its,1,True,a1e396557c78,8.759288999499404,latency-a7bb6bca670f.csv
2,a7bb6bca670f,2025-10-15T11:55:30.839021,grail,king,136,True,a1e396557c78,4.333814999881724,latency-a7bb6bca670f.csv
2,a7bb6bca670f,2025-10-15T11:55:30.948206,shrek,and,318,True,a1e396557c78,5.434052999589767,latency-a7bb6bca670f.csv
2,a7bb6bca670f,2025-10-15T11:55:31.059969,shrek,on,88,True,c6aff4c179ab,7.407111000247823,latency-a7bb6bca670f.csv
2,a7bb6bca670f,2025-10-15T11:55:31.176189,shrek,this,79,True,6ec6587f6660,6.835675999354862,latency-a7bb6bca670f.csv
2,a7bb6bca670f,2025-10-15T11:55:31.290413,grail,Cleveland,3,True,c6aff4c179ab,16.268799999124894,latency-a7bb6bca670f.csv
2,a7bb6bca670f,2025-10-15T11:55:31.417153,shrek3,reason,2,True,a1e396557c78,11.466269999800716,latency-a7bb6bca670f.csv
2,a7bb6bca670f,2025-10-15T11:55:31.537676,shrek,your,49,True,c6aff4c179ab,10.516522999751032,latency-a7bb6bca670f.csv
2,a7bb6bca670f,2025-10-15T11:55:31.655988,shrek,No,114,True,a1e396557c78,11.259281000093324,latency-a7bb6bca670f.csv
2,a7bb6bca670f,2025-10-15T11:55:31.778576,grail,Yeah,13,True,a1e396557c78,11.219934999644464,latency-a7bb6bca670f.csv
2,a7bb6bca670f,2025-10-15T11:55:31.905182,shrek3,me,72,True,6ec6587f6660,10.559995999756213,latency-a7bb6bca670f.csv
2,a7bb6bca670f,2025-10-15T11:55:32.025555,grail,from,94,True,c6aff4c179ab,11.681160999614804,latency-a7bb6bca670f.csv
2,a7bb6bca670f,2025-10-15T11:55:32.144784,shrek,Nobody,4,True,6ec6587f6660,5.0169220003226656,latency-a7bb6bca670f.csv
2,a7bb6bca670f,2025-10-15T11:55:32.256006,shrek3,RAPUNZEL,30,True,a1e396557c78,9.336641000118108,latency-a7bb6bca670f.csv
2,a7bb6bca670f,2025-10-15T11:55:32.374199,shrek,tale,7,True,6ec6587f6660,8.744736000153353,latency-a7bb6bca670f.csv
2,a7bb6bca670f,2025-10-15T11:55:32.491936,shrek3,TO,511,True,c6aff4c179ab,13.978349000353774,latency-a7bb6bca670f.csv
1,a816bcb8a0a4,2025-10-15T11:55:30.718581,shrek,What,104,True,6ec6587f6660,19.821447000140324,latency-a816bcb8a0a4.csv
1,a816bcb8a0a4,2025-10-15T11:55:30.867071,shrek3,what,82,True,6ec6587f6660,5.484375999913027,latency-a816bcb8a0a4.csv
1,a816bcb8a0a4,2025-10-15T11:55:30.977642,shrek,and,318,True,6ec6587f6660,5.431313999906706,latency-a816bcb8a0a4.csv
1,a816bcb8a0a4,2025-10-15T11:55:31.088647,shrek,Is,132,True,a1e396557c78,6.15555999956996,latency-a816bcb8a0a4.csv
1,a816bcb8a0a4,2025-10-15T11:55:31.200619,shrek3,and,576,True,c6aff4c179ab,9.943930999725126,latency-a816bcb8a0a4.csv
1,a816bcb8a0a4,2025-10-15T11:55:31.324631,grail,is,317,True,6ec6587f6660,9.367861000100676,latency-a816bcb8a0a4.csv
1,a816bcb8a0a4,2025-10-15T11:55:31.444329,shrek,looks,37,True,a1e396557c78,10.116258999914862,latency-a816bcb8a0a4.csv
1,a816bcb8a0a4,2025-10-15T11:55:31.564616,shrek,minute,3,True,c6aff4c179ab,7.938202999866917,latency-a816bcb8a0a4.csv
1,a816bcb8a0a4,2025-10-15T11:55:31.680226,shrek,GUARD,25,True,6ec6587f6660,15.760977999889292,latency-a816bcb8a0a4.csv
1,a816bcb8a0a4,2025-10-15T11:55:31.806067,shrek3,get,39,False,a1e396557c78,54.41968600007385,latency-a816bcb8a0a4.csv
1,a816bcb8a0a4,2025-10-15T11:55:31.967976,shrek,FARQUAAD,84,True,c6aff4c179ab,9.262717000638077,latency-a816bcb8a0a4.csv
1,a816bcb8a0a4,2025-10-15T11:55:32.084467,grail,seek,12,True,6ec6587f6660,4.868859999987762,latency-a816bcb8a0a4.csv
1,a816bcb8a0a4,2025-10-15T11:55:32.194364,shrek3,them,44,True,a1e396557c78,5.778076999376935,latency-a816bcb8a0a4.csv
1,a816bcb8a0a4,2025-10-15T11:55:32.306496,grail,"lute,",0,True,6ec6587f6660,7.492593000279157,latency-a816bcb8a0a4.csv
1,a816bcb8a0a4,2025-10-15T11:55:32.420591,shrek,not,50,False,c6aff4c179ab,12.027067999952124,latency-a816bcb8a0a4.csv
1,a816bcb8a0a4,2025-10-15T11:55:32.538831,shrek,gone,3,False,6ec6587f6660,16.49617700059025,latency-a816bcb8a0a4.csv
1,a816bcb8a0a4,2025-10-15T11:55:32.662410,grail,Ecky-Ecky-Ecky,1,True,c6aff4c179ab,4.745680999803881,latency-a816bcb8a0a4.csv
1,a816bcb8a0a4,2025-10-15T11:55:32.772803,grail,cross,13,True,a1e396557c78,8.571809999921243,latency-a816bcb8a0a4.csv
1,a816bcb8a0a4,2025-10-15T11:55:32.888032,shrek3,the,1285,True,6ec6587f6660,9.403556000506796,latency-a816bcb8a0a4.csv
1,a816bcb8a0a4,2025-10-15T11:55:33.005079,shrek3,the,1285,True,c6aff4c179ab,9.45889300055569,latency-a816bcb8a0a4.csv
2,a816bcb8a0a4,2025-10-15T11:55:33.126097,shrek,What,104,True,a1e396557c78,14.50981700054399,latency-a816bcb8a0a4.csv
2,a816bcb8a0a4,2025-10-15T11:55:33.256292,shrek3,what,82,True,6ec6587f6660,15.808130000550593,latency-a816bcb8a0a4.csv
2,a816bcb8a0a4,2025-10-15T11:55:33.383368,shrek,and,318,True,c6aff4c179ab,7.123064000552404,latency-a816bcb8a0a4.csv
2,a816bcb8a0a4,2025-10-15T11:55:33.497381,shrek,Is,132,True,a1e396557c78,8.279532000415202,latency-a816bcb8a0a4.csv
2,a816bcb8a0a4,2025-10-15T11:55:33.613159,shrek3,and,576,True,a1e396557c78,7.156686000598711,latency-a816bcb8a0a4.csv
2,a816bcb8a0a4,2025-10-15T11:55:33.727545,grail,is,317,True,c6aff4c179ab,11.44318399929034,latency-a816bcb8a0a4.csv
2,a816bcb8a0a4,2025-10-15T11:55:33.847368,shrek,looks,37,True,a1e396557c78,7.705437000367965,latency-a816bcb8a0a4.csv
2,a816bcb8a0a4,2025-10-15T11:55:33.961152,shrek,minute,3,True,c6aff4c179ab,8.166607999555708,latency-a816bcb8a0a4.csv
2,a816bcb8a0a4,2025-10-15T11:55:34.077172,shrek,GUARD,25,True,c6aff4c179ab,7.201281000561721,latency-a816bcb8a0a4.csv
2,a816bcb8a0a4,2025-10-15T11:55:34.193445,shrek3,get,39,True,c6aff4c179ab,15.411785999276615,latency-a816bcb8a0a4.csv
2,a816bcb8a0a4,2025-10-15T11:55:34.318425,shrek,FARQUAAD,84,True,a1e396557c78,11.18798900006368,latency-a816bcb8a0a4.csv
2,a816bcb8a0a4,2025-10-15T11:55:34.442914,grail,seek,12,True,6ec6587f6660,34.57992200037552,latency-a816bcb8a0a4.csv
2,a816bcb8a0a4,2025-10-15T11:55:34.588198,shrek3,them,44,True,6ec6587f6660,10.976047000440303,latency-a816bcb8a0a4.csv
2,a816bcb8a0a4,2025-10-15T11:55:34.713837,grail,"lute,",0,True,c6aff4c179ab,18.51423199968849,latency-a816bcb8a0a4.csv
2,a816bcb8a0a4,2025-10-15T11:55:34.847944,shrek,not,50,True,6ec6587f6660,9.98663399968791,latency-a816bcb8a0a4.csv
2,a816bcb8a0a4,2025-10-15T11:55:34.969497,shrek,gone,3,True,c6aff4c179ab,7.61184100065293,latency-a816bcb8a0a4.csv
2,a816bcb8a0a4,2025-10-15T11:55:35.122596,grail,Ecky-Ecky-Ecky,1,True,a1e396557c78,20.06275199983065,latency-a816bcb8a0a4.csv
2,a816bcb8a0a4,2025-10-15T11:55:35.256598,grail,cross,13,True,6ec6587f6660,8.634496999547991,latency-a816bcb8a0a4.csv
2,a816bcb8a0a4,2025-10-15T11:55:35.379007,shrek3,the,1285,True,c6aff4c179ab,7.377193999673182,latency-a816bcb8a0a4.csv
2,a816bcb8a0a4,2025-10-15T11:55:35.496854,shrek3,the,1285,True,6ec6587f6660,6.168550999973377,latency-a816bcb8a0a4.csv
1,b79bea8c2de8,2025-10-15T11:55:24.769337,shrek,you,409,True,6ec6587f6660,5.004970000300091,latency-b79bea8c2de8.csv
1,b79bea8c2de8,2025-10-15T11:55:24.879440,shrek,he,118,True,6ec6587f6660,6.515218999993522,latency-b79bea8c2de8.csv
1,b79bea8c2de8,2025-10-15T11:55:24.991870,grail,-,259,True,6ec6587f6660,4.53942000058305,latency-b79bea8c2de8.csv
1,b79bea8c2de8,2025-10-15T11:55:25.101646,shrek,baby,3,True,c6aff4c179ab,4.834997999751067,latency-b79bea8c2de8.csv
1,b79bea8c2de8,2025-10-15T11:55:25.211622,shrek,baby,3,True,c6aff4c179ab,6.9270290005079005,latency-b79bea8c2de8.csv
1,b79bea8c2de8,2025-10-15T11:55:25.325280,shrek3,ARTIE,213,True,a1e396557c78,5.765758000052301,latency-b79bea8c2de8.csv
1,b79bea8c2de8,2025-10-15T11:55:25.435941,shrek,SHREK,433,True,c6aff4c179ab,4.391009999380913,latency-b79bea8c2de8.csv
1,b79bea8c2de8,2025-10-15T11:55:25.547187,shrek,our,11,False,6ec6587f6660,19.248147000325844,latency-b79bea8c2de8.csv
1,b79bea8c2de8,2025-10-15T11:55:25.674511,shrek,the,535,True,a1e396557c78,6.321716999991622,latency-b79bea8c2de8.csv
1,b79bea8c2de8,2025-10-15T11:55:25.786519,grail,To,718,True,a1e396557c78,7.958207000228867,latency-b79bea8c2de8.csv
1,b79bea8c2de8,2025-10-15T11:55:25.903938,grail,chops,3,False,a1e396557c78,12.42713499959791,latency-b79bea8c2de8.csv
1,b79bea8c2de8,2025-10-15T11:55:26.025056,shrek,swamp,18,True,6ec6587f6660,10.798951999277053,latency-b79bea8c2de8.csv
1,b79bea8c2de8,2025-10-15T11:55:26.145497,shrek3,EVIL,59,False,c6aff4c179ab,26.862630999858084,latency-b79bea8c2de8.csv
1,b79bea8c2de8,2025-10-15T11:55:26.286265,grail,the,1600,True,c6aff4c179ab,6.981479999922158,latency-b79bea8c2de8.csv
1,b79bea8c2de8,2025-10-15T11:55:26.399244,shrek,MAN,38,True,6ec6587f6660,6.568891999449988,latency-b79bea8c2de8.csv
1,b79bea8c2de8,2025-10-15T11:55:26.512877,grail,from,94,True,a1e396557c78,10.448739999446843,latency-b79bea8c2de8.csv
1,b79bea8c2de8,2025-10-15T11:55:26.640918,grail,Bum,13,False,6ec6587f6660,18.981684000209498,latency-b79bea8c2de8.csv
1,b79bea8c2de8,2025-10-15T11:55:26.769280,shrek,the,535,True,a1e396557c78,8.186179999938759,latency-b79bea8c2de8.csv
1,b79bea8c2de8,2025-10-15T11:55:26.885020,shrek,FARQUAAD,84,True,a1e396557c78,8.168571000169322,latency-b79bea8c2de8.csv
1,b79bea8c2de8,2025-10-15T11:55:27.006405,shrek3,PRINCE,207,True,c6aff4c179ab,6.0580210001717205,latency-b79bea8c2de8.csv
2,b79bea8c2de8,2025-10-15T11:55:27.118561,shrek,you,409,True,6ec6587f6660,9.2799809999633,latency-b79bea8c2de8.csv
2,b79bea8c2de8,2025-10-15T11:55:27.248386,shrek,he,118,True,6ec6587f6660,14.089526000134356,latency-b79bea8c2de8.csv
2,b79bea8c2de8,2025-10-15T11:55:27.387699,grail,-,259,True,a1e396557c78,7.002389999797742,latency-b79bea8c2de8.csv
2,b79bea8c2de8,2025-10-15T11:55:27.505342,shrek,baby,3,True,a1e396557c78,8.21626400011155,latency-b79bea8c2de8.csv
2,b79bea8c2de8,2025-10-15T11:55:27.625491,shrek,baby,3,True,c6aff4c179ab,6.416526999601047,latency-b79bea8c2de8.csv
2,b79bea8c2de8,2025-10-15T11:55:27.744667,shrek3,ARTIE,213,True,6ec6587f6660,6.263880000005884,latency-b79bea8c2de8.csv
2,b79bea8c2de8,2025-10-15T11:55:27.863710,shrek,SHREK,433,True,6ec6587f6660,6.886835999466712,latency-b79bea8c2de8.csv
2,b79bea8c2de8,2025-10-15T11:55:27.976783,shrek,our,11,True,a1e396557c78,5.270457000733586,latency-b79bea8c2de8.csv
2,b79bea8c2de8,2025-10-15T11:55:28.087155,shrek,the,535,True,c6aff4c179ab,11.109754999779398,latency-b79bea8c2de8.csv
2,b79bea8c2de8,2025-10-15T11:55:28.207254,grail,To,718,True,6ec6587f6660,15.71443100056058,latency-b79bea8c2de8.csv
2,b79bea8c2de8,2025-10-15T11:55:28.330260,grail,chops,3,True,a1e396557c78,11.26773200030584,latency-b79bea8c2de8.csv
2,b79bea8c2de8,2025-10-15T11:55:28.449056,shrek,swamp,18,True,c6aff4c179ab,14.326496000649058,latency-b79bea8c2de8.csv
2,b79bea8c2de8,2025-10-15T11:55:28.572211,shrek3,EVIL,59,True,6ec6587f6660,12.526282999715477,latency-b79bea8c2de8.csv
2,b79bea8c2de8,2025-10-15T11:55:28.700196,grail,the,1600,True,c6aff4c179ab,6.577521000508568,latency-b79bea8c2de8.csv
2,b79bea8c2de8,2025-10-15T11:55:28.822103,shrek,MAN,38,True,a1e396557c78,86.23367299969686,latency-b79bea8c2de8.csv
2,b79bea8c2de8,2025-10-15T11:55:29.065601,grail,from,94,True,6ec6587f6660,35.97435699975904,latency-b79bea8c2de8.csv
2,b79bea8c2de8,2025-10-15T11:55:29.233196,grail,Bum,13,True,c6aff4c179ab,25.95831600046949,latency-b79bea8c2de8.csv
2,b79bea8c2de8,2025-10-15T11:55:29.383920,shrek,the,535,True,a1e396557c78,9.595462999641311,latency-b79bea8c2de8.csv
2,b79bea8c2de8,2025-10-15T11:55:29.503244,shrek,FARQUAAD,84,True,c6aff4c179ab,10.053940000034345,latency-b79bea8c2de8.csv
2,b79bea8c2de8,2025-10-15T11:55:29.627470,shrek3,PRINCE,207,True,c6aff4c179ab,13.502794000487484,latency-b79bea8c2de8.csv
1,b96d2265d21a,2025-10-15T11:55:26.000844,shrek3,DWARF,10,False,a1e396557c78,14.962681000724842,latency-b96d2265d21a.csv
1,b96d2265d21a,2025-10-15T11:55:26.127377,grail,Get,47,True,6ec6587f6660,7.652797999980976,latency-b96d2265d21a.csv
1,b96d2265d21a,2025-10-15T11:55:26.244597,shrek,true,20,False,c6aff4c179ab,13.884314999813796,latency-b96d2265d21a.csv
1,b96d2265d21a,2025-10-15T11:55:26.367063,grail,Guard,106,True,c6aff4c179ab,6.929594000212092,latency-b96d2265d21a.csv
1,b96d2265d21a,2025-10-15T11:55:26.481319,shrek,fair,2,True,6ec6587f6660,12.456066000595456,latency-b96d2265d21a.csv
1,b96d2265d21a,2025-10-15T11:55:26.601949,shrek,DONKEY,320,True,a1e396557c78,7.016807999207231,latency-b96d2265d21a.csv
1,b96d2265d21a,2025-10-15T11:55:26.717731,grail,Cleveland,3,False,c6aff4c179ab,16.69602299989492,latency-b96d2265d21a.csv
1,b96d2265d21a,2025-10-15T11:55:26.844852,shrek3,the,1285,True,c6aff4c179ab,4.879000000073575,latency-b96d2265d21a.csv
1,b96d2265d21a,2025-10-15T11:55:26.955961,shrek3,decree,1,False,a1e396557c78,13.12666400008311,latency-b96d2265d21a.csv
1,b96d2265d21a,2025-10-15T11:55:27.075957,shrek,ogre,27,True,c6aff4c179ab,5.171057000552537,latency-b96d2265d21a.csv
1,b96d2265d21a,2025-10-15T11:55:27.186516,grail,music,21,False,c6aff4c179ab,13.29478699972242,latency-b96d2265d21a.csv
1,b96d2265d21a,2025-10-15T11:55:27.306180,shrek3,cosmic,1,True,6ec6587f6660,8.691026000633428,latency-b96d2265d21a.csv
1,b96d2265d21a,2025-10-15T11:55:27.423140,grail,Jones,7,True,a1e396557c78,6.443129000217596,latency-b96d2265d21a.csv
1,b96d2265d21a,2025-10-15T11:55:27.535556,grail,going,21,False,a1e396557c78,13.172844000109762,latency-b96d2265d21a.csv
1,b96d2265d21a,2025-10-15T11:55:27.654926,shrek3,Final,119,True,a1e396557c78,9.386237999933655,latency-b96d2265d21a.csv
1,b96d2265d21a,2025-10-15T11:55:27.771209,shrek3,Uh,18,False,c6aff4c179ab,42.48145499968814,latency-b96d2265d21a.csv
1,b96d2265d21a,2025-10-15T11:55:27.923294,grail,the,1600,True,6ec6587f6660,6.655926999883377,latency-b96d2265d21a.csv
1,b96d2265d21a,2025-10-15T11:55:28.035766,shrek,DONKEY,320,True,a1e396557c78,6.464390000473941,latency-b96d2265d21a.csv
1,b96d2265d21a,2025-10-15T11:55:28.148937,shrek3,boomerang,1,False,6ec6587f6660,22.30568899994978,latency-b96d2265d21a.csv
1,b96d2265d21a,2025-10-15T11:55:28.278300,shrek3,TO,511,True,6ec6587f6660,10.293570000612815,latency-b96d2265d21a.csv
2,b96d2265d21a,2025-10-15T11:55:28.396553,shrek3,DWARF,10,True,a1e396557c78,4.623728999831656,latency-b96d2265d21a.csv
2,b96d2265d21a,2025-10-15T11:55:28.506137,grail,Get,47,True,c6aff4c179ab,5.347829000129423,latency-b96d2265d21a.csv
2,b96d2265d21a,2025-10-15T11:55:28.617748,shrek,true,20,True,a1e396557c78,7.909979000032763,latency-b96d2265d21a.csv
2,b96d2265d21a,2025-10-15T11:55:28.732302,grail,Guard,106,True,6ec6587f6660,6.86366599984467,latency-b96d2265d21a.csv
2,b96d2265d21a,2025-10-15T11:55:28.853437,shrek,fair,2,True,c6aff4c179ab,63.49755800056301,latency-b96d2265d21a.csv
2,b96d2265d21a,2025-10-15T11:55:29.049893,shrek,DONKEY,320,True,6ec6587f6660,41.2601670004733,latency-b96d2265d21a.csv
2,b96d2265d21a,2025-10-15T11:55:29.219036,grail,Cleveland,3,True,6ec6587f6660,13.082364000183588,latency-b96d2265d21a.csv
2,b96d2265d21a,2025-10-15T11:55:29.367175,shrek3,the,1285,True,a1e396557c78,10.31541200063657,latency-b96d2265d21a.csv
2,b96d2265d21a,2025-10-15T11:55:29.484241,shrek3,decree,1,True,6ec6587f6660,8.692408999195322,latency-b96d2265d21a.csv
2,b96d2265d21a,2025-10-15T11:55:29.602296,shrek,ogre,27,True,c6aff4c179ab,6.510946000162221,latency-b96d2265d21a.csv
2,b96d2265d21a,2025-10-15T11:55:29.718351,grail,music,21,True,a1e396557c78,8.289665999654972,latency-b96d2265d21a.csv
2,b96d2265d21a,2025-10-15T11:55:29.843125,shrek3,cosmic,1,True,6ec6587f6660,7.910936000371294,latency-b96d2265d21a.csv
2,b96d2265d21a,2025-10-15T11:55:29.967623,grail,Jones,7,True,c6aff4c179ab,13.43490900035249,latency-b96d2265d21a.csv
2,b96d2265d21a,2025-10-15T11:55:30.095335,grail,going,21,True,c6aff4c179ab,9.89577900054428,latency-b96d2265d21a.csv
2,b96d2265d21a,2025-10-15T11:55:30.213024,shrek3,Final,119,True,a1e396557c78,8.806141000604839,latency-b96d2265d21a.csv
2,b96d2265d21a,2025-10-15T11:55:30.329120,shrek3,Uh,18,True,6ec6587f6660,12.989513000320583,latency-b96d2265d21a.csv
2,b96d2265d21a,2025-10-15T11:55:30.451235,grail,the,1600,True,a1e396557c78,16.856547000315913,latency-b96d2265d21a.csv
2,b96d2265d21a,2025-10-15T11:55:30.590877,shrek,DONKEY,320,True,c6aff4c179ab,23.322523000388173,latency-b96d2265d21a.csv
2,b96d2265d21a,2025-10-15T11:55:30.733501,shrek3,boomerang,1,True,6ec6587f6660,30.12518200011982,latency-b96d2265d21a.csv
2,b96d2265d21a,2025-10-15T11:55:30.889384,shrek3,TO,511,True,6ec6587f6660,4.563452000184043,latency-b96d2265d21a.csv
1,baa75a5160a8,2025-10-15T11:55:54.012946,grail,pathetic,4,True,c6aff4c179ab,15.4503180001484,latency-baa75a5160a8.csv
1,baa75a5160a8,2025-10-15T11:55:54.155268,shrek,DONKEY,320,True,6ec6587f6660,8.577771000091161,latency-baa75a5160a8.csv
1,baa75a5160a8,2025-10-15T11:55:54.273780,shrek3,CAPTAIN,41,True,a1e396557c78,5.850839999766322,latency-baa75a5160a8.csv
1,baa75a5160a8,2025-10-15T11:55:54.388187,shrek3,WOLF,7,True,a1e396557c78,5.759814999692026,latency-baa75a5160a8.csv
1,baa75a5160a8,2025-10-15T11:55:54.499906,shrek3,CAPTAIN,41,True,a1e396557c78,6.230858999515476,latency-baa75a5160a8.csv
1,baa75a5160a8,2025-10-15T11:55:54.612332,shrek,cottage,4,True,a1e396557c78,18.537212000410364,latency-baa75a5160a8.csv
1,baa75a5160a8,2025-10-15T11:55:54.749195,grail,the,1600,True,a1e396557c78,8.726149000722216,latency-baa75a5160a8.csv
1,baa75a5160a8,2025-10-15T11:55:54.865171,shrek3,Third,121,True,a1e396557c78,8.79133099988394,latency-baa75a5160a8.csv
1,baa75a5160a8,2025-10-15T11:55:54.980935,shrek,SHREK,433,True,c6aff4c179ab,9.296222000557464,latency-baa75a5160a8.csv
1,baa75a5160a8,2025-10-15T11:55:55.099925,shrek,happily,2,True,c6aff4c179ab,8.379795999644557,latency-baa75a5160a8.csv
1,baa75a5160a8,2025-10-15T11:55:55.218876,grail,Cleese,10,True,6ec6587f6660,17.29442700070649,latency-baa75a5160a8.csv
1,baa75a5160a8,2025-10-15T11:55:55.348872,shrek3,116,1,True,c6aff4c179ab,12.294268000005104,latency-baa75a5160a8.csv
1,baa75a5160a8,2025-10-15T11:55:55.478917,shrek,one,44,True,a1e396557c78,15.497890999540688,latency-baa75a5160a8.csv
1,baa75a5160a8,2025-10-15T11:55:55.605706,shrek,don't,72,True,a1e396557c78,9.521941999992125,latency-baa75a5160a8.csv
1,baa75a5160a8,2025-10-15T11:55:55.725328,grail,time,33,True,a1e396557c78,9.358161999443835,latency-baa75a5160a8.csv
1,baa75a5160a8,2025-10-15T11:55:55.845939,shrek,the,535,True,6ec6587f6660,8.323176000885724,latency-baa75a5160a8.csv
1,baa75a5160a8,2025-10-15T11:55:55.984498,shrek3,WHITE,45,True,c6aff4c179ab,24.571910000304342,latency-baa75a5160a8.csv
1,baa75a5160a8,2025-10-15T11:55:56.123455,shrek,Blah,1,True,6ec6587f6660,8.516587000485742,latency-baa75a5160a8.csv
1,baa75a5160a8,2025-10-15T11:55:56.246032,shrek,Aah,6,True,a1e396557c78,10.95061399973929,latency-baa75a5160a8.csv
1,baa75a5160a8,2025-10-15T11:55:56.376515,shrek3,JOCKS,2,True,6ec6587f6660,7.041620000563853,latency-baa75a5160a8.csv
2,baa75a5160a8,2025-10-15T11:55:56.490348,grail,pathetic,4,True,a1e396557c78,7.945221999761998,latency-baa75a5160a8.csv
2,baa75a5160a8,2025-10-15T11:55:56.607485,shrek,DONKEY,320,True,c6aff4c179ab,10.916305000137072,latency-baa75a5160a8.csv
2,baa75a5160a8,2025-10-15T11:55:56.746720,shrek3,CAPTAIN,41,True,c6aff4c179ab,15.211758999612355,latency-baa75a5160a8.csv
2,baa75a5160a8,2025-10-15T11:55:56.868555,shrek3,WOLF,7,True,a1e396557c78,7.046865999654983,latency-baa75a5160a8.csv
2,baa75a5160a8,2025-10-15T11:55:56.981518,shrek3,CAPTAIN,41,True,6ec6587f6660,5.256835999716714,latency-baa75a5160a8.csv
2,baa75a5160a8,2025-10-15T11:55:57.092460,shrek,cottage,4,True,c6aff4c179ab,6.233344000065699,latency-baa75a5160a8.csv
2,baa75a5160a8,2025-10-15T11:55:57.205190,grail,the,1600,True,6ec6587f6660,5.31492000027356,latency-baa75a5160a8.csv
2,baa75a5160a8,2025-10-15T11:55:57.315885,shrek3,Third,121,True,c6aff4c179ab,7.078417999764497,latency-baa75a5160a8.csv
2,baa75a5160a8,2025-10-15T11:55:57.428818,shrek,SHREK,433,True,a1e396557c78,5.906804999540327,latency-baa75a5160a8.csv
2,baa75a5160a8,2025-10-15T11:55:57.540941,shrek,happily,2,True,c6aff4c179ab,7.508282000344479,latency-baa75a5160a8.csv
2,baa75a5160a8,2025-10-15T11:55:57.656454,grail,Cleese,10,True,a1e396557c78,4.969809000613168,latency-baa75a5160a8.csv
2,baa75a5160a8,2025-10-15T11:55:57.767209,shrek3,116,1,True,6ec6587f6660,6.297930000073393,latency-baa75a5160a8.csv
2,baa75a5160a8,2025-10-15T11:55:57.881797,shrek,one,44,True,c6aff4c179ab,25.88864900008048,latency-baa75a5160a8.csv
2,baa75a5160a8,2025-10-15T11:55:58.024407,shrek,don't,72,True,a1e396557c78,13.661926000168023,latency-baa75a5160a8.csv
2,baa75a5160a8,2025-10-15T11:55:58.150431,grail,time,33,True,6ec6587f6660,8.735533000617579,latency-baa75a5160a8.csv
2,baa75a5160a8,2025-10-15T11:55:58.275001,shrek,the,535,True,c6aff4c179ab,13.01223900009063,latency-baa75a5160a8.csv
2,baa75a5160a8,2025-10-15T11:55:58.418814,shrek3,WHITE,45,True,6ec6587f6660,22.639144000095257,latency-baa75a5160a8.csv
2,baa75a5160a8,2025-10-15T11:55:58.556986,shrek,Blah,1,True,a1e396557c78,13.434119000521603,latency-baa75a5160a8.csv
2,baa75a5160a8,2025-10-15T11:55:58.678030,shrek,Aah,6,True,c6aff4c179ab,7.584449999740173,latency-baa75a5160a8.csv
2,baa75a5160a8,2025-10-15T11:55:58.793061,shrek3,JOCKS,2,True,6ec6587f6660,13.084379000247282,latency-baa75a5160a8.csv
1,babecf2f2c99,2025-10-15T11:55:36.623845,shrek,way,26,True,6ec6587f6660,7.987148999745841,latency-babecf2f2c99.csv
1,babecf2f2c99,2025-10-15T11:55:36.741379,grail,is,317,True,6ec6587f6660,12.54303699988668,latency-babecf2f2c99.csv
1,babecf2f2c99,2025-10-15T11:55:36.865059,shrek3,Be,71,True,a1e396557c78,18.78433800084167,latency-babecf2f2c99.csv
1,babecf2f2c99,2025-10-15T11:55:37.007785,shrek,No,114,True,c6aff4c179ab,5.877360999875236,latency-babecf2f2c99.csv
1,babecf2f2c99,2025-10-15T11:55:37.123110,grail,for,118,True,c6aff4c179ab,5.443581000690756,latency-babecf2f2c99.csv
1,babecf2f2c99,2025-10-15T11:55:37.234907,shrek3,Arg,1,True,c6aff4c179ab,5.232565999904182,latency-babecf2f2c99.csv
1,babecf2f2c99,2025-10-15T11:55:37.346421,shrek3,Shrek,678,True,6ec6587f6660,6.310331000349834,latency-babecf2f2c99.csv
1,babecf2f2c99,2025-10-15T11:55:37.466134,shrek,DONKEY,320,True,a1e396557c78,5.688372999429703,latency-babecf2f2c99.csv
1,babecf2f2c99,2025-10-15T11:55:37.577911,shrek3,"meet""",0,True,a1e396557c78,4.790654000316863,latency-babecf2f2c99.csv
1,babecf2f2c99,2025-10-15T11:55:37.688100,grail,the,1600,True,c6aff4c179ab,6.161131000226305,latency-babecf2f2c99.csv
1,babecf2f2c99,2025-10-15T11:55:37.801305,shrek3,Arg,1,True,c6aff4c179ab,8.081338000010874,latency-babecf2f2c99.csv
1,babecf2f2c99,2025-10-15T11:55:37.915843,grail,"Oh,",2,False,6ec6587f6660,10.087811999255791,latency-babecf2f2c99.csv
1,babecf2f2c99,2025-10-15T11:55:38.030407,grail,pathetic,4,True,6ec6587f6660,5.878292000488727,latency-babecf2f2c99.csv
1,babecf2f2c99,2025-10-15T11:55:38.142096,shrek3,still,18,True,6ec6587f6660,7.474153000657679,latency-babecf2f2c99.csv
1,babecf2f2c99,2025-10-15T11:55:38.257285,shrek3,us,12,True,6ec6587f6660,10.97246900008031,latency-babecf2f2c99.csv
1,babecf2f2c99,2025-10-15T11:55:38.393866,grail,Cleese,10,True,6ec6587f6660,10.01888699920528,latency-babecf2f2c99.csv
1,babecf2f2c99,2025-10-15T11:55:38.514638,grail,"collective,",0,True,6ec6587f6660,8.125289000417979,latency-babecf2f2c99.csv
1,babecf2f2c99,2025-10-15T11:55:38.629536,grail,pseudonym,1,True,c6aff4c179ab,7.334871999773895,latency-babecf2f2c99.csv
1,babecf2f2c99,2025-10-15T11:55:38.743363,shrek3,WHITE,45,True,6ec6587f6660,6.137655999737035,latency-babecf2f2c99.csv
1,babecf2f2c99,2025-10-15T11:55:38.856517,grail,Boom,4,True,6ec6587f6660,7.206752999991295,latency-babecf2f2c99.csv
2,babecf2f2c99,2025-10-15T11:55:38.970630,shrek,way,26,True,a1e396557c78,7.246180000038294,latency-babecf2f2c99.csv
2,babecf2f2c99,2025-10-15T11:55:39.085466,grail,is,317,True,c6aff4c179ab,5.642979000185733,latency-babecf2f2c99.csv
2,babecf2f2c99,2025-10-15T11:55:39.197310,shrek3,Be,71,True,c6aff4c179ab,5.551016000026721,latency-babecf2f2c99.csv
2,babecf2f2c99,2025-10-15T11:55:39.311158,shrek,No,114,True,c6aff4c179ab,7.682772999942244,latency-babecf2f2c99.csv
2,babecf2f2c99,2025-10-15T11:55:39.425481,grail,for,118,True,c6aff4c179ab,7.021428000371088,latency-babecf2f2c99.csv
2,babecf2f2c99,2025-10-15T11:55:39.541585,shrek3,Arg,1,True,c6aff4c179ab,26.86519000053522,latency-babecf2f2c99.csv
2,babecf2f2c99,2025-10-15T11:55:39.700257,shrek3,Shrek,678,True,c6aff4c179ab,9.213340999849606,latency-babecf2f2c99.csv
2,babecf2f2c99,2025-10-15T11:55:39.825070,shrek,DONKEY,320,True,c6aff4c179ab,5.736115999752656,latency-babecf2f2c99.csv
2,babecf2f2c99,2025-10-15T11:55:39.936692,shrek3,"meet""",0,True,c6aff4c179ab,4.48201900053391,latency-babecf2f2c99.csv
2,babecf2f2c99,2025-10-15T11:55:40.045871,grail,the,1600,True,6ec6587f6660,4.360662999715714,latency-babecf2f2c99.csv
2,babecf2f2c99,2025-10-15T11:55:40.155308,shrek3,Arg,1,True,6ec6587f6660,6.7733009991570725,latency-babecf2f2c99.csv
2,babecf2f2c99,2025-10-15T11:55:40.269203,grail,"Oh,",2,True,6ec6587f6660,8.287212000141153,latency-babecf2f2c99.csv
2,babecf2f2c99,2025-10-15T11:55:40.386215,grail,pathetic,4,True,6ec6587f6660,10.218729999905918,latency-babecf2f2c99.csv
2,babecf2f2c99,2025-10-15T11:55:40.510161,shrek3,still,18,True,a1e396557c78,12.734623999676842,latency-babecf2f2c99.csv
2,babecf2f2c99,2025-10-15T11:55:40.631865,shrek3,us,12,True,c6aff4c179ab,24.09073400031048,latency-babecf2f2c99.csv
2,babecf2f2c99,2025-10-15T11:55:40.779045,grail,Cleese,10,True,c6aff4c179ab,55.008894999446056,latency-babecf2f2c99.csv
2,babecf2f2c99,2025-10-15T11:55:40.954713,grail,"collective,",0,True,a1e396557c78,16.441716000372253,latency-babecf2f2c99.csv
2,babecf2f2c99,2025-10-15T11:55:41.082767,grail,pseudonym,1,True,a1e396557c78,18.373189000158163,latency-babecf2f2c99.csv
2,babecf2f2c99,2025-10-15T11:55:41.218532,shrek3,WHITE,45,True,c6aff4c179ab,8.52687299993704,latency-babecf2f2c99.csv
2,babecf2f2c99,2025-10-15T11:55:41.333937,grail,Boom,4,True,6ec6587f6660,5.954705000476679,latency-babecf2f2c99.csv
1,be02170208b9,2025-10-15T11:55:41.065471,shrek,I,386,True,a1e396557c78,12.825700000576036,latency-be02170208b9.csv
1,be02170208b9,2025-10-15T11:55:41.199491,grail,with/,0,True,c6aff4c179ab,6.969521999963035,latency-be02170208b9.csv
1,be02170208b9,2025-10-15T11:55:41.313223,grail,cross,13,True,6ec6587f6660,5.26655799967557,latency-be02170208b9.csv
1,be02170208b9,2025-10-15T11:55:41.424498,shrek,HOOD,13,True,a1e396557c78,5.522039999959816,latency-be02170208b9.csv
1,be02170208b9,2025-10-15T11:55:41.535520,shrek3,time,23,False,6ec6587f6660,16.398523999669123,latency-be02170208b9.csv
1,be02170208b9,2025-10-15T11:55:41.657793,grail,toward,10,True,a1e396557c78,7.026703000519774,latency-be02170208b9.csv
1,be02170208b9,2025-10-15T11:55:41.774392,shrek,whistles,2,True,c6aff4c179ab,5.767366000327456,latency-be02170208b9.csv
1,be02170208b9,2025-10-15T11:55:41.886112,shrek3,EVIL,59,True,a1e396557c78,8.828162999634515,latency-be02170208b9.csv
1,be02170208b9,2025-10-15T11:55:42.001470,shrek3,SCHOOL,14,True,6ec6587f6660,4.295555000680906,latency-be02170208b9.csv
1,be02170208b9,2025-10-15T11:55:42.111183,shrek,CROWD,5,True,a1e396557c78,4.825144999813347,latency-be02170208b9.csv
1,be02170208b9,2025-10-15T11:55:42.223302,shrek,I,386,True,6ec6587f6660,20.00230100020417,latency-be02170208b9.csv
1,be02170208b9,2025-10-15T11:55:42.369589,shrek,swamp,18,True,c6aff4c179ab,10.097539000526012,latency-be02170208b9.csv
1,be02170208b9,2025-10-15T11:55:42.497850,shrek,No,114,True,6ec6587f6660,19.01647900012904,latency-be02170208b9.csv
1,be02170208b9,2025-10-15T11:55:42.632148,shrek,old,10,True,c6aff4c179ab,8.805218999441422,latency-be02170208b9.csv
1,be02170208b9,2025-10-15T11:55:42.758830,shrek3,Arg,1,True,c6aff4c179ab,15.01319599992712,latency-be02170208b9.csv
1,be02170208b9,2025-10-15T11:55:42.884926,shrek3,him,87,True,6ec6587f6660,8.899700999791094,latency-be02170208b9.csv
1,be02170208b9,2025-10-15T11:55:43.004120,grail,pseudonym,1,True,a1e396557c78,15.24013099970034,latency-be02170208b9.csv
1,be02170208b9,2025-10-15T11:55:43.136212,grail,the,1600,True,c6aff4c179ab,9.517503999632028,latency-be02170208b9.csv
1,be02170208b9,2025-10-15T11:55:43.260336,shrek3,Im,1,True,c6aff4c179ab,11.609536000833032,latency-be02170208b9.csv
1,be02170208b9,2025-10-15T11:55:43.388118,shrek,Is,132,True,6ec6587f6660,12.31335800002853,latency-be02170208b9.csv
2,be02170208b9,2025-10-15T11:55:43.512634,shrek,I,386,True,6ec6587f6660,9.902402999614424,latency-be02170208b9.csv
2,be02170208b9,2025-10-15T11:55:43.635011,grail,with/,0,True,6ec6587f6660,8.769035000113945,latency-be02170208b9.csv
2,be02170208b9,2025-10-15T11:55:43.755389,grail,cross,13,True,c6aff4c179ab,17.267295000237937,latency-be02170208b9.csv
2,be02170208b9,2025-10-15T11:55:43.889627,shrek,HOOD,13,True,6ec6587f6660,6.915528999343223,latency-be02170208b9.csv
2,be02170208b9,2025-10-15T11:55:44.013717,shrek3,time,23,True,c6aff4c179ab,5.728877999899851,latency-be02170208b9.csv
2,be02170208b9,2025-10-15T11:55:44.129213,grail,toward,10,True,6ec6587f6660,5.567901000176789,latency-be02170208b9.csv
2,be02170208b9,2025-10-15T11:55:44.241617,shrek,whistles,2,True,a1e396557c78,7.455217999449815,latency-be02170208b9.csv
2,be02170208b9,2025-10-15T11:55:44.356387,shrek3,EVIL,59,True,6ec6587f6660,5.387199999859149,latency-be02170208b9.csv
2,be02170208b9,2025-10-15T11:55:44.466861,shrek3,SCHOOL,14,True,a1e396557c78,5.114092999974673,latency-be02170208b9.csv
2,be02170208b9,2025-10-15T11:55:44.578459,shrek,CROWD,5,True,c6aff4c179ab,10.099627000272449,latency-be02170208b9.csv
2,be02170208b9,2025-10-15T11:55:44.695332,shrek,I,386,True,a1e396557c78,8.0003859993667,latency-be02170208b9.csv
2,be02170208b9,2025-10-15T11:55:44.814783,shrek,swamp,18,True,a1e396557c78,5.491005999829213,latency-be02170208b9.csv
2,be02170208b9,2025-10-15T11:55:44.926403,shrek,No,114,True,6ec6587f6660,7.0580269994025,latency-be02170208b9.csv
2,be02170208b9,2025-10-15T11:55:45.039486,shrek,old,10,True,a1e396557c78,6.377792999956,latency-be02170208b9.csv
2,be02170208b9,2025-10-15T11:55:45.152266,shrek3,Arg,1,True,c6aff4c179ab,5.988437999803864,latency-be02170208b9.csv
2,be02170208b9,2025-10-15T11:55:45.264118,shrek3,him,87,True,a1e396557c78,7.165008999436395,latency-be02170208b9.csv
2,be02170208b9,2025-10-15T11:55:45.378187,grail,pseudonym,1,True,c6aff4c179ab,7.529044999500911,latency-be02170208b9.csv
2,be02170208b9,2025-10-15T11:55:45.491922,grail,the,1600,True,6ec6587f6660,9.565807999933895,latency-be02170208b9.csv
2,be02170208b9,2025-10-15T11:55:45.608785,shrek3,Im,1,True,a1e396557c78,8.024228000067524,latency-be02170208b9.csv
2,be02170208b9,2025-10-15T11:55:45.726250,shrek,Is,132,True,c6aff4c179ab,7.9367279995494755,latency-be02170208b9.csv
1,c128601dbd10,2025-10-15T11:55:37.084262,shrek,on,88,True,6ec6587f6660,5.968174999907205,latency-c128601dbd10.csv
1,c128601dbd10,2025-10-15T11:55:37.197409,shrek,DONKEY,320,True,6ec6587f6660,5.93495700013591,latency-c128601dbd10.csv
1,c128601dbd10,2025-10-15T11:55:37.309041,grail,at,104,True,6ec6587f6660,8.472747999803687,latency-c128601dbd10.csv
1,c128601dbd10,2025-10-15T11:55:37.424072,shrek3,Im,1,True,a1e396557c78,6.845410999630985,latency-c128601dbd10.csv
1,c128601dbd10,2025-10-15T11:55:37.537333,shrek3,Final,119,True,a1e396557c78,5.119157000081032,latency-c128601dbd10.csv
1,c128601dbd10,2025-10-15T11:55:37.647715,shrek3,ARTIE,213,True,a1e396557c78,8.217656999477185,latency-c128601dbd10.csv
1,c128601dbd10,2025-10-15T11:55:37.762590,grail,it,279,True,c6aff4c179ab,8.053958999880706,latency-c128601dbd10.csv
1,c128601dbd10,2025-10-15T11:55:37.878459,grail,Guard,106,True,6ec6587f6660,7.136129999707919,latency-c128601dbd10.csv
1,c128601dbd10,2025-10-15T11:55:37.992485,grail,pathetic,4,True,a1e396557c78,5.86700900021242,latency-c128601dbd10.csv
1,c128601dbd10,2025-10-15T11:55:38.105341,shrek,MAN,38,True,c6aff4c179ab,6.594606999897223,latency-c128601dbd10.csv
1,c128601dbd10,2025-10-15T11:55:38.222800,shrek,SHREK,433,True,6ec6587f6660,18.729520999841043,latency-c128601dbd10.csv
1,c128601dbd10,2025-10-15T11:55:38.365183,shrek,gone,3,True,c6aff4c179ab,8.79572099984216,latency-c128601dbd10.csv
1,c128601dbd10,2025-10-15T11:55:38.481001,shrek3,did,14,True,6ec6587f6660,8.515565999914543,latency-c128601dbd10.csv
1,c128601dbd10,2025-10-15T11:55:38.597288,shrek,the,535,True,a1e396557c78,8.822216999760712,latency-c128601dbd10.csv
1,c128601dbd10,2025-10-15T11:55:38.711939,grail,pseudonym,1,True,c6aff4c179ab,5.984788999739976,latency-c128601dbd10.csv
1,c128601dbd10,2025-10-15T11:55:38.823162,grail,upon,13,False,6ec6587f6660,23.64650599974993,latency-c128601dbd10.csv
1,c128601dbd10,2025-10-15T11:55:38.954633,grail,Auuuuuuuugh,2,True,a1e396557c78,7.771370000227762,latency-c128601dbd10.csv
1,c128601dbd10,2025-10-15T11:55:39.070103,grail,us,32,True,c6aff4c179ab,5.573981000452477,latency-c128601dbd10.csv
1,c128601dbd10,2025-10-15T11:55:39.182071,shrek,and,318,True,c6aff4c179ab,3.8943420004216014,latency-c128601dbd10.csv
1,c128601dbd10,2025-10-15T11:55:39.291885,shrek,DONKEY,320,True,c6aff4c179ab,6.555005999871355,latency-c128601dbd10.csv
2,c128601dbd10,2025-10-15T11:55:39.405398,shrek,on,88,True,c6aff4c179ab,6.549290000293695,latency-c128601dbd10.csv
2,c128601dbd10,2025-10-15T11:55:39.519922,shrek,DONKEY,320,True,c6aff4c179ab,39.76522500033752,latency-c128601dbd10.csv
2,c128601dbd10,2025-10-15T11:55:39.681902,grail,at,104,True,6ec6587f6660,8.39454100059811,latency-c128601dbd10.csv
2,c128601dbd10,2025-10-15T11:55:39.796564,shrek3,Im,1,True,6ec6587f6660,6.555156999638712,latency-c128601dbd10.csv
2,c128601dbd10,2025-10-15T11:55:39.908742,shrek3,Final,119,True,a1e396557c78,5.236214000433392,latency-c128601dbd10.csv
2,c128601dbd10,2025-10-15T11:55:40.019072,shrek3,ARTIE,213,True,a1e396557c78,4.133641999942483,latency-c128601dbd10.csv
2,c128601dbd10,2025-10-15T11:55:40.128248,grail,it,279,True,a1e396557c78,5.77061199965101,latency-c128601dbd10.csv
2,c128601dbd10,2025-10-15T11:55:40.239509,grail,Guard,106,True,a1e396557c78,9.526328999527324,latency-c128601dbd10.csv
2,c128601dbd10,2025-10-15T11:55:40.355771,grail,pathetic,4,True,c6aff4c179ab,14.53038399995421,latency-c128601dbd10.csv
2,c128601dbd10,2025-10-15T11:55:40.487341,shrek,MAN,38,True,a1e396557c78,12.93654199980665,latency-c128601dbd10.csv
2,c128601dbd10,2025-10-15T11:55:40.609465,shrek,SHREK,433,True,c6aff4c179ab,24.097016000268923,latency-c128601dbd10.csv
2,c128601dbd10,2025-10-15T11:55:40.758740,shrek,gone,3,True,a1e396557c78,20.37224400010018,latency-c128601dbd10.csv
2,c128601dbd10,2025-10-15T11:55:40.911999,shrek3,did,14,True,a1e396557c78,7.451012999808881,latency-c128601dbd10.csv
2,c128601dbd10,2025-10-15T11:55:41.027820,shrek,the,535,True,c6aff4c179ab,8.344943999873067,latency-c128601dbd10.csv
2,c128601dbd10,2025-10-15T11:55:41.146117,grail,pseudonym,1,True,6ec6587f6660,8.365755000340869,latency-c128601dbd10.csv
2,c128601dbd10,2025-10-15T11:55:41.262621,grail,upon,13,True,a1e396557c78,5.457042999296391,latency-c128601dbd10.csv
2,c128601dbd10,2025-10-15T11:55:41.373453,grail,Auuuuuuuugh,2,True,c6aff4c179ab,4.728577000605583,latency-c128601dbd10.csv
2,c128601dbd10,2025-10-15T11:55:41.483836,grail,us,32,True,a1e396557c78,7.452354999259114,latency-c128601dbd10.csv
2,c128601dbd10,2025-10-15T11:55:41.597243,shrek,and,318,True,6ec6587f6660,5.179389000659285,latency-c128601dbd10.csv
2,c128601dbd10,2025-10-15T11:55:41.709761,shrek,DONKEY,320,True,a1e396557c78,8.649200999570894,latency-c128601dbd10.csv
1,c3fbc44a7c00,2025-10-15T11:55:41.685787,grail,TV,2,True,6ec6587f6660,14.36642499993468,latency-c3fbc44a7c00.csv
1,c3fbc44a7c00,2025-10-15T11:55:41.810226,shrek,I,386,True,a1e396557c78,5.7147139996232,latency-c3fbc44a7c00.csv
1,c3fbc44a7c00,2025-10-15T11:55:41.922099,grail,the,1600,True,6ec6587f6660,6.8347850001373445,latency-c3fbc44a7c00.csv
1,c3fbc44a7c00,2025-10-15T11:55:42.035699,shrek3,DONKEY,243,True,c6aff4c179ab,4.935109000143712,latency-c3fbc44a7c00.csv
1,c3fbc44a7c00,2025-10-15T11:55:42.147624,grail,THREE-HEADED,8,True,6ec6587f6660,6.206969999766443,latency-c3fbc44a7c00.csv
1,c3fbc44a7c00,2025-10-15T11:55:42.261038,shrek3,CHARMING,232,True,c6aff4c179ab,12.927988999763327,latency-c3fbc44a7c00.csv
1,c3fbc44a7c00,2025-10-15T11:55:42.381818,shrek3,Guards,23,True,a1e396557c78,10.174013999858287,latency-c3fbc44a7c00.csv
1,c3fbc44a7c00,2025-10-15T11:55:42.503026,grail,Bum,13,True,a1e396557c78,13.582279999354796,latency-c3fbc44a7c00.csv
1,c3fbc44a7c00,2025-10-15T11:55:42.633361,grail,Tm,5,False,c6aff4c179ab,20.20186299978377,latency-c3fbc44a7c00.csv
1,c3fbc44a7c00,2025-10-15T11:55:42.762968,shrek,field,4,True,a1e396557c78,11.99110500056122,latency-c3fbc44a7c00.csv
1,c3fbc44a7c00,2025-10-15T11:55:42.885642,grail,pathetic,4,True,c6aff4c179ab,8.621644000413653,latency-c3fbc44a7c00.csv
1,c3fbc44a7c00,2025-10-15T11:55:43.004218,shrek3,SHREK,678,True,6ec6587f6660,13.6433229999966,latency-c3fbc44a7c00.csv
1,c3fbc44a7c00,2025-10-15T11:55:43.132215,grail,Auuuuuuuugh,2,True,c6aff4c179ab,9.003455999845755,latency-c3fbc44a7c00.csv
1,c3fbc44a7c00,2025-10-15T11:55:43.257746,shrek3,time,23,True,6ec6587f6660,10.824496000168438,latency-c3fbc44a7c00.csv
1,c3fbc44a7c00,2025-10-15T11:55:43.383980,shrek,FIONA,211,True,a1e396557c78,11.77531400026055,latency-c3fbc44a7c00.csv
1,c3fbc44a7c00,2025-10-15T11:55:43.509147,shrek,SHREK,433,True,a1e396557c78,8.627224000520073,latency-c3fbc44a7c00.csv
1,c3fbc44a7c00,2025-10-15T11:55:43.630900,grail,54,2,True,a1e396557c78,8.296092000819044,latency-c3fbc44a7c00.csv
1,c3fbc44a7c00,2025-10-15T11:55:43.748475,shrek3,DWARF,10,True,a1e396557c78,8.010396999452496,latency-c3fbc44a7c00.csv
1,c3fbc44a7c00,2025-10-15T11:55:43.875947,grail,Butts,2,True,c6aff4c179ab,4.170494000391045,latency-c3fbc44a7c00.csv
1,c3fbc44a7c00,2025-10-15T11:55:43.984472,shrek,its,1,True,c6aff4c179ab,7.963383999594953,latency-c3fbc44a7c00.csv
2,c3fbc44a7c00,2025-10-15T11:55:44.098366,grail,TV,2,True,6ec6587f6660,4.240319999553321,latency-c3fbc44a7c00.csv
2,c3fbc44a7c00,2025-10-15T11:55:44.207296,shrek,I,386,True,a1e396557c78,7.9885089999152115,latency-c3fbc44a7c00.csv
2,c3fbc44a7c00,2025-10-15T11:55:44.321774,grail,the,1600,True,6ec6587f6660,6.706954000037513,latency-c3fbc44a7c00.csv
2,c3fbc44a7c00,2025-10-15T11:55:44.434435,shrek3,DONKEY,243,True,c6aff4c179ab,5.116210999403847,latency-c3fbc44a7c00.csv
2,c3fbc44a7c00,2025-10-15T11:55:44.545294,grail,THREE-HEADED,8,True,6ec6587f6660,8.55826099996193,latency-c3fbc44a7c00.csv
2,c3fbc44a7c00,2025-10-15T11:55:44.663275,shrek3,CHARMING,232,True,a1e396557c78,6.952300000193645,latency-c3fbc44a7c00.csv
2,c3fbc44a7c00,2025-10-15T11:55:44.779520,shrek3,Guards,23,True,6ec6587f6660,8.214493000195944,latency-c3fbc44a7c00.csv
2,c3fbc44a7c00,2025-10-15T11:55:44.894525,grail,Bum,13,True,c6aff4c179ab,5.505720000655856,latency-c3fbc44a7c00.csv
2,c3fbc44a7c00,2025-10-15T11:55:45.004911,grail,Tm,5,True,6ec6587f6660,5.729284000153712,latency-c3fbc44a7c00.csv
2,c3fbc44a7c00,2025-10-15T11:55:45.116006,shrek,field,4,True,a1e396557c78,7.78854100008175,latency-c3fbc44a7c00.csv
2,c3fbc44a7c00,2025-10-15T11:55:45.231309,grail,pathetic,4,True,6ec6587f6660,7.075655999869923,latency-c3fbc44a7c00.csv
2,c3fbc44a7c00,2025-10-15T11:55:45.345167,shrek3,SHREK,678,True,a1e396557c78,9.90825499957282,latency-c3fbc44a7c00.csv
2,c3fbc44a7c00,2025-10-15T11:55:45.463563,grail,Auuuuuuuugh,2,True,c6aff4c179ab,9.414323999408223,latency-c3fbc44a7c00.csv
2,c3fbc44a7c00,2025-10-15T11:55:45.586291,shrek3,time,23,True,6ec6587f6660,7.9073460001382045,latency-c3fbc44a7c00.csv
2,c3fbc44a7c00,2025-10-15T11:55:45.703424,shrek,FIONA,211,True,a1e396557c78,7.022445999609772,latency-c3fbc44a7c00.csv
2,c3fbc44a7c00,2025-10-15T11:55:45.819013,shrek,SHREK,433,True,a1e396557c78,11.471707999589851,latency-c3fbc44a7c00.csv
2,c3fbc44a7c00,2025-10-15T11:55:45.939004,grail,54,2,True,6ec6587f6660,10.480666999683308,latency-c3fbc44a7c00.csv
2,c3fbc44a7c00,2025-10-15T11:55:46.056304,shrek3,DWARF,10,True,6ec6587f6660,7.64935500046704,latency-c3fbc44a7c00.csv
2,c3fbc44a7c00,2025-10-15T11:55:46.170153,grail,Butts,2,True,a1e396557c78,8.100822999949742,latency-c3fbc44a7c00.csv
2,c3fbc44a7c00,2025-10-15T11:55:46.285551,shrek,its,1,True,a1e396557c78,25.327858999844462,latency-c3fbc44a7c00.csv
1,c52604309d68,2025-10-15T11:55:44.990981,shrek3,me,72,True,c6aff4c179ab,5.644408000080148,latency-c52604309d68.csv
1,c52604309d68,2025-10-15T11:55:45.102580,shrek,No,114,True,6ec6587f6660,9.289661999901,latency-c52604309d68.csv
1,c52604309d68,2025-10-15T11:55:45.221396,shrek,DONKEY,320,True,a1e396557c78,11.57012899966503,latency-c52604309d68.csv
1,c52604309d68,2025-10-15T11:55:45.340714,shrek,fair,2,True,c6aff4c179ab,8.488204999594018,latency-c52604309d68.csv
1,c52604309d68,2025-10-15T11:55:45.461568,shrek,you,409,True,6ec6587f6660,10.024691000580788,latency-c52604309d68.csv
1,c52604309d68,2025-10-15T11:55:45.581771,shrek3,116,1,True,a1e396557c78,10.923341999841796,latency-c52604309d68.csv
1,c52604309d68,2025-10-15T11:55:45.701483,shrek,FIONA,211,True,c6aff4c179ab,6.764861000192468,latency-c52604309d68.csv
1,c52604309d68,2025-10-15T11:55:45.816551,shrek3,SNOW,49,True,c6aff4c179ab,14.099429999987478,latency-c52604309d68.csv
1,c52604309d68,2025-10-15T11:55:45.939511,shrek3,CAPTAIN,41,True,c6aff4c179ab,9.778618000382266,latency-c52604309d68.csv
1,c52604309d68,2025-10-15T11:55:46.056075,shrek3,of,275,True,a1e396557c78,7.968861000335892,latency-c52604309d68.csv
1,c52604309d68,2025-10-15T11:55:46.170216,shrek,true,20,True,c6aff4c179ab,8.38672800000495,latency-c52604309d68.csv
1,c52604309d68,2025-10-15T11:55:46.285899,grail,to,718,True,6ec6587f6660,24.22195599956467,latency-c52604309d68.csv
1,c52604309d68,2025-10-15T11:55:46.435177,shrek,Is,132,True,a1e396557c78,21.424574999400647,latency-c52604309d68.csv
1,c52604309d68,2025-10-15T11:55:46.581070,shrek3,Gingerbread,37,True,c6aff4c179ab,4.658533000110765,latency-c52604309d68.csv
1,c52604309d68,2025-10-15T11:55:46.695627,shrek3,body),0,True,c6aff4c179ab,4.856096999901638,latency-c52604309d68.csv
1,c52604309d68,2025-10-15T11:55:46.805263,grail,pathetic,4,True,c6aff4c179ab,6.232190999980958,latency-c52604309d68.csv
1,c52604309d68,2025-10-15T11:55:46.917207,grail,ANOTHER,25,True,6ec6587f6660,7.340312999986054,latency-c52604309d68.csv
1,c52604309d68,2025-10-15T11:55:47.034428,shrek,SHREK,433,True,a1e396557c78,4.824059999918973,latency-c52604309d68.csv
1,c52604309d68,2025-10-15T11:55:47.144496,shrek,its,1,True,a1e396557c78,4.830416999539011,latency-c52604309d68.csv
1,c52604309d68,2025-10-15T11:55:47.254917,shrek3,DWARF,10,True,a1e396557c78,8.811233000415086,latency-c52604309d68.csv
2,c52604309d68,2025-10-15T11:55:47.381582,shrek3,me,72,True,a1e396557c78,6.746740999915346,latency-c52604309d68.csv
2,c52604309d68,2025-10-15T11:55:47.494896,shrek,No,114,True,c6aff4c179ab,5.476661000102467,latency-c52604309d68.csv
2,c52604309d68,2025-10-15T11:55:47.608088,shrek,DONKEY,320,True,6ec6587f6660,7.643674000064493,latency-c52604309d68.csv
2,c52604309d68,2025-10-15T11:55:47.724206,shrek,fair,2,True,c6aff4c179ab,4.874683000707591,latency-c52604309d68.csv
2,c52604309d68,2025-10-15T11:55:47.834229,shrek,you,409,True,6ec6587f6660,6.18515399946773,latency-c52604309d68.csv
2,c52604309d68,2025-10-15T11:55:47.949055,shrek3,116,1,True,c6aff4c179ab,5.802165000204695,latency-c52604309d68.csv
2,c52604309d68,2025-10-15T11:55:48.062623,shrek,FIONA,211,True,a1e396557c78,6.663484000455355,latency-c52604309d68.csv
2,c52604309d68,2025-10-15T11:55:48.176765,shrek3,SNOW,49,True,6ec6587f6660,9.29842500045197,latency-c52604309d68.csv
2,c52604309d68,2025-10-15T11:55:48.296354,shrek3,CAPTAIN,41,True,c6aff4c179ab,6.840617999841925,latency-c52604309d68.csv
2,c52604309d68,2025-10-15T11:55:48.411054,shrek3,of,275,True,a1e396557c78,16.672940000717063,latency-c52604309d68.csv
2,c52604309d68,2025-10-15T11:55:48.536244,shrek,true,20,True,6ec6587f6660,15.423017000102844,latency-c52604309d68.csv
2,c52604309d68,2025-10-15T11:55:48.661824,grail,to,718,True,a1e396557c78,9.282188000725,latency-c52604309d68.csv
2,c52604309d68,2025-10-15T11:55:48.785858,shrek,Is,132,True,6ec6587f6660,18.384437000349863,latency-c52604309d68.csv
2,c52604309d68,2025-10-15T11:55:48.917993,shrek3,Gingerbread,37,True,c6aff4c179ab,11.449480000010226,latency-c52604309d68.csv
2,c52604309d68,2025-10-15T11:55:49.041672,shrek3,body),0,True,a1e396557c78,8.10754000031011,latency-c52604309d68.csv
2,c52604309d68,2025-10-15T11:55:49.158038,grail,pathetic,4,True,c6aff4c179ab,10.165695000068808,latency-c52604309d68.csv
2,c52604309d68,2025-10-15T11:55:49.276509,grail,ANOTHER,25,True,c6aff4c179ab,8.670928999890748,latency-c52604309d68.csv
2,c52604309d68,2025-10-15T11:55:49.393884,shrek,SHREK,433,True,c6aff4c179ab,7.320099000025948,latency-c52604309d68.csv
2,c52604309d68,2025-10-15T11:55:49.507603,shrek,its,1,True,a1e396557c78,9.713325000120676,latency-c52604309d68.csv
2,c52604309d68,2025-10-15T11:55:49.624114,shrek3,DWARF,10,True,6ec6587f6660,10.508540999580871,latency-c52604309d68.csv
1,c5f85ed4fb04,2025-10-15T11:55:37.496453,shrek3,PUSS,196,True,a1e396557c78,8.46602899946447,latency-c5f85ed4fb04.csv
1,c5f85ed4fb04,2025-10-15T11:55:37.614605,shrek,SHREK,433,True,6ec6587f6660,7.092531000125746,latency-c5f85ed4fb04.csv
1,c5f85ed4fb04,2025-10-15T11:55:37.729384,shrek,FIONA'S,3,True,a1e396557c78,7.0587410000371165,latency-c5f85ed4fb04.csv
1,c5f85ed4fb04,2025-10-15T11:55:37.854109,shrek3,BOAT,32,False,6ec6587f6660,16.01804900019488,latency-c5f85ed4fb04.csv
1,c5f85ed4fb04,2025-10-15T11:55:37.976352,grail,Get,47,True,a1e396557c78,6.370549000166648,latency-c5f85ed4fb04.csv
1,c5f85ed4fb04,2025-10-15T11:55:38.088447,shrek,he,118,True,a1e396557c78,6.451470999309095,latency-c5f85ed4fb04.csv
1,c5f85ed4fb04,2025-10-15T11:55:38.201805,grail,"Peng,",0,True,a1e396557c78,7.121651999113965,latency-c5f85ed4fb04.csv
1,c5f85ed4fb04,2025-10-15T11:55:38.317412,grail,Christ,8,True,c6aff4c179ab,9.380546999636865,latency-c5f85ed4fb04.csv
1,c5f85ed4fb04,2025-10-15T11:55:38.434330,grail,“I,0,True,6ec6587f6660,10.589034999611613,latency-c5f85ed4fb04.csv
1,c5f85ed4fb04,2025-10-15T11:55:38.555353,shrek3,body),0,True,a1e396557c78,7.484211999326362,latency-c5f85ed4fb04.csv
1,c5f85ed4fb04,2025-10-15T11:55:38.671322,shrek3,the,1285,True,c6aff4c179ab,10.0727460003327,latency-c5f85ed4fb04.csv
1,c5f85ed4fb04,2025-10-15T11:55:38.791779,shrek3,flaming,2,True,6ec6587f6660,14.149868999993489,latency-c5f85ed4fb04.csv
1,c5f85ed4fb04,2025-10-15T11:55:38.932298,grail,pause,10,True,a1e396557c78,5.422455999905651,latency-c5f85ed4fb04.csv
1,c5f85ed4fb04,2025-10-15T11:55:39.043983,shrek3,SHREK,678,True,c6aff4c179ab,6.119781000052171,latency-c5f85ed4fb04.csv
1,c5f85ed4fb04,2025-10-15T11:55:39.155681,shrek3,his,238,True,c6aff4c179ab,4.385610999634082,latency-c5f85ed4fb04.csv
1,c5f85ed4fb04,2025-10-15T11:55:39.267003,shrek3,They,80,True,6ec6587f6660,6.655958000010287,latency-c5f85ed4fb04.csv
1,c5f85ed4fb04,2025-10-15T11:55:39.381373,shrek,SHREK,433,True,6ec6587f6660,7.235052000396536,latency-c5f85ed4fb04.csv
1,c5f85ed4fb04,2025-10-15T11:55:39.496962,shrek,FIONA,211,True,6ec6587f6660,6.32325199967454,latency-c5f85ed4fb04.csv
1,c5f85ed4fb04,2025-10-15T11:55:39.611205,grail,“I,0,True,6ec6587f6660,7.856240999899455,latency-c5f85ed4fb04.csv
1,c5f85ed4fb04,2025-10-15T11:55:39.725509,shrek,your,49,True,a1e396557c78,16.393238000091515,latency-c5f85ed4fb04.csv
2,c5f85ed4fb04,2025-10-15T11:55:39.858822,shrek3,PUSS,196,True,6ec6587f6660,7.852126999750908,latency-c5f85ed4fb04.csv
2,c5f85ed4fb04,2025-10-15T11:55:39.974891,shrek,SHREK,433,True,6ec6587f6660,6.760385999768914,latency-c5f85ed4fb04.csv
2,c5f85ed4fb04,2025-10-15T11:55:40.089344,shrek,FIONA'S,3,True,6ec6587f6660,21.078255000247736,latency-c5f85ed4fb04.csv
2,c5f85ed4fb04,2025-10-15T11:55:40.219622,shrek3,BOAT,32,True,a1e396557c78,15.839486999539076,latency-c5f85ed4fb04.csv
2,c5f85ed4fb04,2025-10-15T11:55:40.346564,grail,Get,47,True,6ec6587f6660,14.346210999974572,latency-c5f85ed4fb04.csv
2,c5f85ed4fb04,2025-10-15T11:55:40.476905,shrek,he,118,True,a1e396557c78,9.63140400017437,latency-c5f85ed4fb04.csv
2,c5f85ed4fb04,2025-10-15T11:55:40.601365,grail,"Peng,",0,True,a1e396557c78,12.036287999762862,latency-c5f85ed4fb04.csv
2,c5f85ed4fb04,2025-10-15T11:55:40.740833,grail,Christ,8,True,c6aff4c179ab,6.45028300004924,latency-c5f85ed4fb04.csv
2,c5f85ed4fb04,2025-10-15T11:55:40.856302,grail,“I,0,True,6ec6587f6660,20.388644999911776,latency-c5f85ed4fb04.csv
2,c5f85ed4fb04,2025-10-15T11:55:40.983604,shrek3,body),0,True,a1e396557c78,8.136219000334677,latency-c5f85ed4fb04.csv
2,c5f85ed4fb04,2025-10-15T11:55:41.100523,shrek3,the,1285,True,c6aff4c179ab,19.054784999752883,latency-c5f85ed4fb04.csv
2,c5f85ed4fb04,2025-10-15T11:55:41.234898,shrek3,flaming,2,True,6ec6587f6660,6.22938400010753,latency-c5f85ed4fb04.csv
2,c5f85ed4fb04,2025-10-15T11:55:41.347193,grail,pause,10,True,a1e396557c78,7.71041099960712,latency-c5f85ed4fb04.csv
2,c5f85ed4fb04,2025-10-15T11:55:41.460479,shrek3,SHREK,678,True,6ec6587f6660,6.989690999944287,latency-c5f85ed4fb04.csv
2,c5f85ed4fb04,2025-10-15T11:55:41.574075,shrek3,his,238,True,c6aff4c179ab,4.746913999952085,latency-c5f85ed4fb04.csv
2,c5f85ed4fb04,2025-10-15T11:55:41.683778,shrek3,They,80,True,a1e396557c78,8.908669999982521,latency-c5f85ed4fb04.csv
2,c5f85ed4fb04,2025-10-15T11:55:41.799446,shrek,SHREK,433,True,c6aff4c179ab,5.9666839997589705,latency-c5f85ed4fb04.csv
2,c5f85ed4fb04,2025-10-15T11:55:41.911382,shrek,FIONA,211,True,a1e396557c78,6.695439000395709,latency-c5f85ed4fb04.csv
2,c5f85ed4fb04,2025-10-15T11:55:42.025772,grail,“I,0,True,6ec6587f6660,5.080230999737978,latency-c5f85ed4fb04.csv
2,c5f85ed4fb04,2025-10-15T11:55:42.136468,shrek,your,49,True,a1e396557c78,5.054011000538594,latency-c5f85ed4fb04.csv
1,c66bc05c3537,2025-10-15T11:55:54.855858,shrek,one,44,True,a1e396557c78,4.9570139999559615,latency-c66bc05c3537.csv
1,c66bc05c3537,2025-10-15T11:55:54.969395,shrek,baby,3,True,a1e396557c78,5.72529700002633,latency-c66bc05c3537.csv
1,c66bc05c3537,2025-10-15T11:55:55.080765,grail,are,114,True,a1e396557c78,5.731028999434784,latency-c66bc05c3537.csv
1,c66bc05c3537,2025-10-15T11:55:55.194188,shrek3,youre,0,True,c6aff4c179ab,10.434308999720088,latency-c66bc05c3537.csv
1,c66bc05c3537,2025-10-15T11:55:55.320433,shrek,SHREK,433,True,6ec6587f6660,7.911487999990641,latency-c66bc05c3537.csv
1,c66bc05c3537,2025-10-15T11:55:55.435467,grail,LTD,6,True,a1e396557c78,5.386828999689897,latency-c66bc05c3537.csv
1,c66bc05c3537,2025-10-15T11:55:55.546424,shrek,SHREK,433,True,c6aff4c179ab,7.061538999550976,latency-c66bc05c3537.csv
1,c66bc05c3537,2025-10-15T11:55:55.660261,shrek3,"Suddenly,",0,True,6ec6587f6660,7.121680999262026,latency-c66bc05c3537.csv
1,c66bc05c3537,2025-10-15T11:55:55.781405,shrek,our,11,True,a1e396557c78,14.304411999546572,latency-c66bc05c3537.csv
1,c66bc05c3537,2025-10-15T11:55:55.905041,shrek,"Ha,",0,True,c6aff4c179ab,18.72811300017929,latency-c66bc05c3537.csv
1,c66bc05c3537,2025-10-15T11:55:56.031132,shrek3,its,1,True,6ec6587f6660,7.571590000225115,latency-c66bc05c3537.csv
1,c66bc05c3537,2025-10-15T11:55:56.145908,shrek3,They,80,True,a1e396557c78,8.792898999672616,latency-c66bc05c3537.csv
1,c66bc05c3537,2025-10-15T11:55:56.268645,shrek3,SHREK,678,True,c6aff4c179ab,25.08238300015364,latency-c66bc05c3537.csv
1,c66bc05c3537,2025-10-15T11:55:56.403370,shrek3,wont,0,True,a1e396557c78,10.187002999373362,latency-c66bc05c3537.csv
1,c66bc05c3537,2025-10-15T11:55:56.527456,shrek,the,535,True,6ec6587f6660,13.94089499990514,latency-c66bc05c3537.csv
1,c66bc05c3537,2025-10-15T11:55:56.655774,shrek,SHREK,433,True,a1e396557c78,35.4755380003553,latency-c66bc05c3537.csv
1,c66bc05c3537,2025-10-15T11:55:56.817726,grail,cross,13,True,c6aff4c179ab,7.152741000027163,latency-c66bc05c3537.csv
1,c66bc05c3537,2025-10-15T11:55:56.933372,shrek,swamp,18,True,a1e396557c78,8.296959999825049,latency-c66bc05c3537.csv
1,c66bc05c3537,2025-10-15T11:55:57.048261,shrek,FIONA,211,True,6ec6587f6660,5.649910000101954,latency-c66bc05c3537.csv
1,c66bc05c3537,2025-10-15T11:55:57.158608,shrek3,SHREK,678,True,a1e396557c78,5.778509999800008,latency-c66bc05c3537.csv
2,c66bc05c3537,2025-10-15T11:55:57.270431,shrek,one,44,True,6ec6587f6660,20.26525099972787,latency-c66bc05c3537.csv
2,c66bc05c3537,2025-10-15T11:55:57.402634,shrek,baby,3,True,a1e396557c78,5.0189949997729855,latency-c66bc05c3537.csv
2,c66bc05c3537,2025-10-15T11:55:57.514139,grail,are,114,True,c6aff4c179ab,6.426700000702112,latency-c66bc05c3537.csv
2,c66bc05c3537,2025-10-15T11:55:57.629428,shrek3,youre,0,True,a1e396557c78,5.656913999700919,latency-c66bc05c3537.csv
2,c66bc05c3537,2025-10-15T11:55:57.741439,shrek,SHREK,433,True,6ec6587f6660,7.039441000415536,latency-c66bc05c3537.csv
2,c66bc05c3537,2025-10-15T11:55:57.859605,grail,LTD,6,True,c6aff4c179ab,42.47698399922229,latency-c66bc05c3537.csv
2,c66bc05c3537,2025-10-15T11:55:58.022361,shrek,SHREK,433,True,a1e396557c78,14.996050000263494,latency-c66bc05c3537.csv
2,c66bc05c3537,2025-10-15T11:55:58.149750,shrek3,"Suddenly,",0,True,c6aff4c179ab,7.819491999725869,latency-c66bc05c3537.csv
2,c66bc05c3537,2025-10-15T11:55:58.273384,shrek,our,11,True,6ec6587f6660,13.39663599992491,latency-c66bc05c3537.csv
2,c66bc05c3537,2025-10-15T11:55:58.404704,shrek,"Ha,",0,True,c6aff4c179ab,39.829669000027934,latency-c66bc05c3537.csv
2,c66bc05c3537,2025-10-15T11:55:58.558667,shrek3,its,1,True,a1e396557c78,12.00728200001322,latency-c66bc05c3537.csv
2,c66bc05c3537,2025-10-15T11:55:58.678262,shrek3,They,80,True,a1e396557c78,7.2751349998725345,latency-c66bc05c3537.csv
2,c66bc05c3537,2025-10-15T11:55:58.792793,shrek3,SHREK,678,True,a1e396557c78,13.596876000519842,latency-c66bc05c3537.csv
2,c66bc05c3537,2025-10-15T11:55:58.921676,shrek3,wont,0,True,6ec6587f6660,8.310732000609278,latency-c66bc05c3537.csv
2,c66bc05c3537,2025-10-15T11:55:59.037022,shrek,the,535,True,6ec6587f6660,7.646109000233991,latency-c66bc05c3537.csv
2,c66bc05c3537,2025-10-15T11:55:59.152290,shrek,SHREK,433,True,c6aff4c179ab,7.476067999959923,latency-c66bc05c3537.csv
2,c66bc05c3537,2025-10-15T11:55:59.268122,grail,cross,13,True,c6aff4c179ab,9.353051999823949,latency-c66bc05c3537.csv
2,c66bc05c3537,2025-10-15T11:55:59.389986,shrek,swamp,18,True,c6aff4c179ab,9.050850999301474,latency-c66bc05c3537.csv
2,c66bc05c3537,2025-10-15T11:55:59.510742,shrek,FIONA,211,True,c6aff4c179ab,27.09408999999141,latency-c66bc05c3537.csv
2,c66bc05c3537,2025-10-15T11:55:59.665883,shrek3,SHREK,678,True,6ec6587f6660,22.116011999969487,latency-c66bc05c3537.csv
1,c88c42898df4,2025-10-15T11:55:35.889270,shrek3,Whoa,7,True,a1e396557c78,10.470468999301374,latency-c88c42898df4.csv
1,c88c42898df4,2025-10-15T11:55:36.006427,shrek3,Donkey,243,True,c6aff4c179ab,7.272130999808724,latency-c88c42898df4.csv
1,c88c42898df4,2025-10-15T11:55:36.125633,shrek,and,318,True,a1e396557c78,11.267793999650166,latency-c88c42898df4.csv
1,c88c42898df4,2025-10-15T11:55:36.245548,shrek3,"meet""",0,True,a1e396557c78,7.831437999811897,latency-c88c42898df4.csv
1,c88c42898df4,2025-10-15T11:55:36.362384,shrek,FIONA,211,True,c6aff4c179ab,6.525214000248525,latency-c88c42898df4.csv
1,c88c42898df4,2025-10-15T11:55:36.476117,shrek,on,88,True,6ec6587f6660,7.108998000148858,latency-c88c42898df4.csv
1,c88c42898df4,2025-10-15T11:55:36.589246,grail,THREE-HEADED,8,True,a1e396557c78,12.889063999864447,latency-c88c42898df4.csv
1,c88c42898df4,2025-10-15T11:55:36.714866,shrek,he,118,True,a1e396557c78,8.562337000512343,latency-c88c42898df4.csv
1,c88c42898df4,2025-10-15T11:55:36.833229,shrek3,of,275,True,a1e396557c78,9.6066760006579,latency-c88c42898df4.csv
1,c88c42898df4,2025-10-15T11:55:36.967681,grail,time,33,False,c6aff4c179ab,15.764431000206969,latency-c88c42898df4.csv
1,c88c42898df4,2025-10-15T11:55:37.089216,shrek3,the,1285,True,c6aff4c179ab,5.4691919995093485,latency-c88c42898df4.csv
1,c88c42898df4,2025-10-15T11:55:37.200995,grail,rows,1,True,c6aff4c179ab,5.735173000175564,latency-c88c42898df4.csv
1,c88c42898df4,2025-10-15T11:55:37.312771,shrek,DONKEY,320,True,c6aff4c179ab,7.78213100056746,latency-c88c42898df4.csv
1,c88c42898df4,2025-10-15T11:55:37.427047,shrek3,at,134,True,6ec6587f6660,6.354256000122405,latency-c88c42898df4.csv
1,c88c42898df4,2025-10-15T11:55:37.539776,shrek3,him,87,True,6ec6587f6660,4.534331000286329,latency-c88c42898df4.csv
1,c88c42898df4,2025-10-15T11:55:37.650053,shrek3,PRINCE,207,True,6ec6587f6660,6.917940999301209,latency-c88c42898df4.csv
1,c88c42898df4,2025-10-15T11:55:37.763175,grail,Christ,8,True,a1e396557c78,9.339447000456856,latency-c88c42898df4.csv
1,c88c42898df4,2025-10-15T11:55:37.879091,shrek,SHREK,433,True,c6aff4c179ab,6.834780000644969,latency-c88c42898df4.csv
1,c88c42898df4,2025-10-15T11:55:37.993392,grail,TV,2,True,6ec6587f6660,5.682085999978881,latency-c88c42898df4.csv
1,c88c42898df4,2025-10-15T11:55:38.106108,grail,Christ,8,True,a1e396557c78,6.177256999762903,latency-c88c42898df4.csv
2,c88c42898df4,2025-10-15T11:55:38.222822,shrek3,Whoa,7,True,c6aff4c179ab,15.523647999543757,latency-c88c42898df4.csv
2,c88c42898df4,2025-10-15T11:55:38.346593,shrek3,Donkey,243,True,a1e396557c78,8.932286000344902,latency-c88c42898df4.csv
2,c88c42898df4,2025-10-15T11:55:38.463461,shrek,and,318,True,c6aff4c179ab,9.783039000467395,latency-c88c42898df4.csv
2,c88c42898df4,2025-10-15T11:55:38.580869,shrek3,"meet""",0,True,6ec6587f6660,5.589074000454275,latency-c88c42898df4.csv
2,c88c42898df4,2025-10-15T11:55:38.694756,shrek,FIONA,211,True,a1e396557c78,6.200557999363809,latency-c88c42898df4.csv
2,c88c42898df4,2025-10-15T11:55:38.812399,shrek,on,88,True,c6aff4c179ab,17.81236999977409,latency-c88c42898df4.csv
2,c88c42898df4,2025-10-15T11:55:38.940713,grail,THREE-HEADED,8,True,6ec6587f6660,5.560793999393354,latency-c88c42898df4.csv
2,c88c42898df4,2025-10-15T11:55:39.051920,shrek,he,118,True,a1e396557c78,5.219131000558264,latency-c88c42898df4.csv
2,c88c42898df4,2025-10-15T11:55:39.162106,shrek3,of,275,True,a1e396557c78,6.14021099954698,latency-c88c42898df4.csv
2,c88c42898df4,2025-10-15T11:55:39.273166,grail,time,33,True,a1e396557c78,6.563418000041565,latency-c88c42898df4.csv
2,c88c42898df4,2025-10-15T11:55:39.387912,shrek3,the,1285,True,a1e396557c78,8.66195999969932,latency-c88c42898df4.csv
2,c88c42898df4,2025-10-15T11:55:39.504817,grail,rows,1,True,a1e396557c78,12.46544600053312,latency-c88c42898df4.csv
2,c88c42898df4,2025-10-15T11:55:39.641172,shrek,DONKEY,320,True,a1e396557c78,6.407730999853811,latency-c88c42898df4.csv
2,c88c42898df4,2025-10-15T11:55:39.754504,shrek3,at,134,True,a1e396557c78,9.661021999818333,latency-c88c42898df4.csv
2,c88c42898df4,2025-10-15T11:55:39.870892,shrek3,him,87,True,c6aff4c179ab,7.63327599997865,latency-c88c42898df4.csv
2,c88c42898df4,2025-10-15T11:55:39.985446,shrek3,PRINCE,207,True,c6aff4c179ab,5.900805999772274,latency-c88c42898df4.csv
2,c88c42898df4,2025-10-15T11:55:40.097073,grail,Christ,8,True,c6aff4c179ab,21.48838799985242,latency-c88c42898df4.csv
2,c88c42898df4,2025-10-15T11:55:40.224637,shrek,SHREK,433,True,c6aff4c179ab,12.604315999851678,latency-c88c42898df4.csv
2,c88c42898df4,2025-10-15T11:55:40.348199,grail,TV,2,True,c6aff4c179ab,16.001140999833297,latency-c88c42898df4.csv
2,c88c42898df4,2025-10-15T11:55:40.482674,grail,Christ,8,True,c6aff4c179ab,14.219718999811448,latency-c88c42898df4.csv
1,cb2d16cc4510,2025-10-15T11:55:52.870960,shrek,his,48,True,c6aff4c179ab,8.089175999884901,latency-cb2d16cc4510.csv
1,cb2d16cc4510,2025-10-15T11:55:53.000618,shrek,after,10,True,6ec6587f6660,6.602526999813563,latency-cb2d16cc4510.csv
1,cb2d16cc4510,2025-10-15T11:55:53.113477,shrek3,BOAT,32,True,a1e396557c78,5.060931000116398,latency-cb2d16cc4510.csv
1,cb2d16cc4510,2025-10-15T11:55:53.223139,grail,the,1600,True,a1e396557c78,5.25804400058405,latency-cb2d16cc4510.csv
1,cb2d16cc4510,2025-10-15T11:55:53.333543,grail,are,114,True,a1e396557c78,6.549448999976448,latency-cb2d16cc4510.csv
1,cb2d16cc4510,2025-10-15T11:55:53.445907,shrek3,Shrek,678,True,c6aff4c179ab,6.637260000388778,latency-cb2d16cc4510.csv
1,cb2d16cc4510,2025-10-15T11:55:53.558442,shrek,tell,25,True,6ec6587f6660,7.069871000567218,latency-cb2d16cc4510.csv
1,cb2d16cc4510,2025-10-15T11:55:53.672931,shrek3,TO,511,True,6ec6587f6660,7.355335000283958,latency-cb2d16cc4510.csv
1,cb2d16cc4510,2025-10-15T11:55:53.787437,shrek3,to,511,True,a1e396557c78,6.39033900006325,latency-cb2d16cc4510.csv
1,cb2d16cc4510,2025-10-15T11:55:53.900421,shrek,whole,10,True,c6aff4c179ab,5.7902540002032765,latency-cb2d16cc4510.csv
1,cb2d16cc4510,2025-10-15T11:55:54.012311,shrek3,me,72,True,6ec6587f6660,10.401446000287253,latency-cb2d16cc4510.csv
1,cb2d16cc4510,2025-10-15T11:55:54.146230,grail,Tm,5,True,a1e396557c78,6.81140799952118,latency-cb2d16cc4510.csv
1,cb2d16cc4510,2025-10-15T11:55:54.261982,shrek3,its,1,True,6ec6587f6660,4.612599999745726,latency-cb2d16cc4510.csv
1,cb2d16cc4510,2025-10-15T11:55:54.371753,shrek,swamp,18,True,6ec6587f6660,5.089701000542846,latency-cb2d16cc4510.csv
1,cb2d16cc4510,2025-10-15T11:55:54.482992,shrek,swamp,18,True,c6aff4c179ab,6.613174000449362,latency-cb2d16cc4510.csv
1,cb2d16cc4510,2025-10-15T11:55:54.601590,shrek,trip,1,True,c6aff4c179ab,20.782008999958634,latency-cb2d16cc4510.csv
1,cb2d16cc4510,2025-10-15T11:55:54.744456,shrek,Shrek,433,True,6ec6587f6660,5.891228999644227,latency-cb2d16cc4510.csv
1,cb2d16cc4510,2025-10-15T11:55:54.859938,shrek3,ho,8,True,6ec6587f6660,5.502976000570925,latency-cb2d16cc4510.csv
1,cb2d16cc4510,2025-10-15T11:55:54.975740,grail,CALLS,3,True,6ec6587f6660,4.918739999993704,latency-cb2d16cc4510.csv
1,cb2d16cc4510,2025-10-15T11:55:55.091693,grail,CALLS,3,True,6ec6587f6660,7.619393999448221,latency-cb2d16cc4510.csv
2,cb2d16cc4510,2025-10-15T11:55:55.212416,shrek,his,48,True,a1e396557c78,11.744426000404928,latency-cb2d16cc4510.csv
2,cb2d16cc4510,2025-10-15T11:55:55.338796,shrek,after,10,True,c6aff4c179ab,6.032700000105251,latency-cb2d16cc4510.csv
2,cb2d16cc4510,2025-10-15T11:55:55.456142,shrek3,BOAT,32,True,6ec6587f6660,4.81410100019275,latency-cb2d16cc4510.csv
2,cb2d16cc4510,2025-10-15T11:55:55.565964,grail,the,1600,True,a1e396557c78,6.019944000399846,latency-cb2d16cc4510.csv
2,cb2d16cc4510,2025-10-15T11:55:55.677784,grail,are,114,True,c6aff4c179ab,7.987865999893984,latency-cb2d16cc4510.csv
2,cb2d16cc4510,2025-10-15T11:55:55.795396,shrek3,Shrek,678,True,6ec6587f6660,12.401552000483209,latency-cb2d16cc4510.csv
2,cb2d16cc4510,2025-10-15T11:55:55.922027,shrek,tell,25,True,a1e396557c78,7.791517999976349,latency-cb2d16cc4510.csv
2,cb2d16cc4510,2025-10-15T11:55:56.045163,shrek3,TO,511,True,c6aff4c179ab,6.742001999555214,latency-cb2d16cc4510.csv
2,cb2d16cc4510,2025-10-15T11:55:56.158061,shrek3,to,511,True,6ec6587f6660,7.899362999523873,latency-cb2d16cc4510.csv
2,cb2d16cc4510,2025-10-15T11:55:56.273664,shrek,whole,10,True,a1e396557c78,22.28186399952392,latency-cb2d16cc4510.csv
2,cb2d16cc4510,2025-10-15T11:55:56.406764,shrek3,me,72,True,6ec6587f6660,12.436248999620148,latency-cb2d16cc4510.csv
2,cb2d16cc4510,2025-10-15T11:55:56.529939,grail,Tm,5,True,a1e396557c78,13.55621600032464,latency-cb2d16cc4510.csv
2,cb2d16cc4510,2025-10-15T11:55:56.658003,shrek3,its,1,True,a1e396557c78,37.73641000043426,latency-cb2d16cc4510.csv
2,cb2d16cc4510,2025-10-15T11:55:56.816736,shrek,swamp,18,True,6ec6587f6660,7.933699000204797,latency-cb2d16cc4510.csv
2,cb2d16cc4510,2025-10-15T11:55:56.933259,shrek,swamp,18,True,c6aff4c179ab,8.399428999837255,latency-cb2d16cc4510.csv
2,cb2d16cc4510,2025-10-15T11:55:57.047971,shrek,trip,1,True,a1e396557c78,5.778120000286435,latency-cb2d16cc4510.csv
2,cb2d16cc4510,2025-10-15T11:55:57.158477,shrek,Shrek,433,True,c6aff4c179ab,5.945218999841018,latency-cb2d16cc4510.csv
2,cb2d16cc4510,2025-10-15T11:55:57.270661,shrek3,ho,8,True,c6aff4c179ab,18.53199300057895,latency-cb2d16cc4510.csv
2,cb2d16cc4510,2025-10-15T11:55:57.399156,grail,CALLS,3,True,c6aff4c179ab,6.329561000711692,latency-cb2d16cc4510.csv
2,cb2d16cc4510,2025-10-15T11:55:57.510810,grail,CALLS,3,True,6ec6587f6660,7.2978329999386915,latency-cb2d16cc4510.csv
1,cbecac2611ee,2025-10-15T11:55:42.552167,shrek3,Cinderella,21,True,c6aff4c179ab,6.807746999584197,latency-cbecac2611ee.csv
1,cbecac2611ee,2025-10-15T11:55:42.665199,shrek3,Third,121,False,6ec6587f6660,16.62944100007735,latency-cbecac2611ee.csv
1,cbecac2611ee,2025-10-15T11:55:42.789917,grail,Auuuuuuuugh,2,True,6ec6587f6660,10.71115699960501,latency-cbecac2611ee.csv
1,cbecac2611ee,2025-10-15T11:55:42.908191,grail,about,49,True,a1e396557c78,5.81287400018482,latency-cbecac2611ee.csv
1,cbecac2611ee,2025-10-15T11:55:43.020018,grail,from,94,True,c6aff4c179ab,14.717479999490024,latency-cbecac2611ee.csv
1,cbecac2611ee,2025-10-15T11:55:43.144271,shrek,Shrek,433,True,6ec6587f6660,11.212518999855092,latency-cbecac2611ee.csv
1,cbecac2611ee,2025-10-15T11:55:43.263932,grail,To,718,True,a1e396557c78,10.366479999902367,latency-cbecac2611ee.csv
1,cbecac2611ee,2025-10-15T11:55:43.389055,grail,the,1600,True,c6aff4c179ab,11.589376999836531,latency-cbecac2611ee.csv
1,cbecac2611ee,2025-10-15T11:55:43.512332,grail,right,66,True,a1e396557c78,9.30957699983992,latency-cbecac2611ee.csv
1,cbecac2611ee,2025-10-15T11:55:43.634332,shrek3,PRINCE,207,True,c6aff4c179ab,9.90116599950852,latency-cbecac2611ee.csv
1,cbecac2611ee,2025-10-15T11:55:43.755708,shrek,after,10,True,a1e396557c78,18.91136100039148,latency-cbecac2611ee.csv
1,cbecac2611ee,2025-10-15T11:55:43.892245,grail,the,1600,True,6ec6587f6660,8.806068000012601,latency-cbecac2611ee.csv
1,cbecac2611ee,2025-10-15T11:55:44.024458,grail,(as,0,True,6ec6587f6660,11.131742000543454,latency-cbecac2611ee.csv
1,cbecac2611ee,2025-10-15T11:55:44.146061,shrek,FIONA,211,True,a1e396557c78,9.29695200011338,latency-cbecac2611ee.csv
1,cbecac2611ee,2025-10-15T11:55:44.264772,shrek3,Arg,1,True,c6aff4c179ab,11.004921000676404,latency-cbecac2611ee.csv
1,cbecac2611ee,2025-10-15T11:55:44.386445,shrek3,PUSS,196,True,6ec6587f6660,7.599207000566821,latency-cbecac2611ee.csv
1,cbecac2611ee,2025-10-15T11:55:44.499863,grail,seek,12,True,c6aff4c179ab,9.10268499956146,latency-cbecac2611ee.csv
1,cbecac2611ee,2025-10-15T11:55:44.614982,shrek3,us,12,True,a1e396557c78,9.92119999955321,latency-cbecac2611ee.csv
1,cbecac2611ee,2025-10-15T11:55:44.735826,grail,are,114,True,c6aff4c179ab,9.94394299959822,latency-cbecac2611ee.csv
1,cbecac2611ee,2025-10-15T11:55:44.856815,shrek,not,50,True,a1e396557c78,8.98003600013908,latency-cbecac2611ee.csv
2,cbecac2611ee,2025-10-15T11:55:44.974045,shrek3,Cinderella,21,True,a1e396557c78,8.198943000024883,latency-cbecac2611ee.csv
2,cbecac2611ee,2025-10-15T11:55:45.089763,shrek3,Third,121,True,a1e396557c78,9.14289699994697,latency-cbecac2611ee.csv
2,cbecac2611ee,2025-10-15T11:55:45.208165,grail,Auuuuuuuugh,2,True,6ec6587f6660,10.797443000228668,latency-cbecac2611ee.csv
2,cbecac2611ee,2025-10-15T11:55:45.330465,grail,about,49,True,6ec6587f6660,7.50364199939213,latency-cbecac2611ee.csv
2,cbecac2611ee,2025-10-15T11:55:45.446745,grail,from,94,True,c6aff4c179ab,8.017103999918618,latency-cbecac2611ee.csv
2,cbecac2611ee,2025-10-15T11:55:45.562273,shrek,Shrek,433,True,6ec6587f6660,9.557397999742534,latency-cbecac2611ee.csv
2,cbecac2611ee,2025-10-15T11:55:45.684503,grail,To,718,True,6ec6587f6660,8.38100700002542,latency-cbecac2611ee.csv
2,cbecac2611ee,2025-10-15T11:55:45.801224,grail,the,1600,True,6ec6587f6660,10.115166000105091,latency-cbecac2611ee.csv
2,cbecac2611ee,2025-10-15T11:55:45.925605,grail,right,66,True,a1e396557c78,8.502702999976464,latency-cbecac2611ee.csv
2,cbecac2611ee,2025-10-15T11:55:46.045131,shrek3,PRINCE,207,True,c6aff4c179ab,5.191919000026246,latency-cbecac2611ee.csv
2,cbecac2611ee,2025-10-15T11:55:46.159024,shrek,after,10,True,c6aff4c179ab,6.526137000037124,latency-cbecac2611ee.csv
2,cbecac2611ee,2025-10-15T11:55:46.276012,grail,the,1600,True,c6aff4c179ab,11.229612000533962,latency-cbecac2611ee.csv
2,cbecac2611ee,2025-10-15T11:55:46.423707,grail,(as,0,True,c6aff4c179ab,7.54650499948184,latency-cbecac2611ee.csv
2,cbecac2611ee,2025-10-15T11:55:46.552304,shrek,FIONA,211,True,6ec6587f6660,5.356510000638082,latency-cbecac2611ee.csv
2,cbecac2611ee,2025-10-15T11:55:46.662401,shrek3,Arg,1,True,6ec6587f6660,5.143203999978141,latency-cbecac2611ee.csv
2,cbecac2611ee,2025-10-15T11:55:46.773508,shrek3,PUSS,196,True,6ec6587f6660,8.14553899999737,latency-cbecac2611ee.csv
2,cbecac2611ee,2025-10-15T11:55:46.887740,grail,seek,12,True,a1e396557c78,6.591258999833372,latency-cbecac2611ee.csv
2,cbecac2611ee,2025-10-15T11:55:47.000453,shrek3,us,12,True,c6aff4c179ab,7.72505200075102,latency-cbecac2611ee.csv
2,cbecac2611ee,2025-10-15T11:55:47.115005,grail,are,114,True,6ec6587f6660,6.679790999442048,latency-cbecac2611ee.csv
2,cbecac2611ee,2025-10-15T11:55:47.229880,shrek,not,50,True,6ec6587f6660,5.379905000154395,latency-cbecac2611ee.csv
1,ccb917901619,2025-10-15T11:55:38.495249,shrek3,did,14,True,c6aff4c179ab,8.390603000407282,latency-ccb917901619.csv
1,ccb917901619,2025-10-15T11:55:38.610806,shrek,(standing,0,True,6ec6587f6660,6.572975999915798,latency-ccb917901619.csv
1,ccb917901619,2025-10-15T11:55:38.723082,grail,BEDEVERE,103,True,a1e396557c78,4.468091000489949,latency-ccb917901619.csv
1,ccb917901619,2025-10-15T11:55:38.835203,grail,“I,0,True,c6aff4c179ab,15.39208200028952,latency-ccb917901619.csv
1,ccb917901619,2025-10-15T11:55:38.958238,grail,"Peng,",0,True,6ec6587f6660,7.455290000507375,latency-ccb917901619.csv
1,ccb917901619,2025-10-15T11:55:39.075694,shrek,whistles,2,True,a1e396557c78,6.930300000021816,latency-ccb917901619.csv
1,ccb917901619,2025-10-15T11:55:39.189539,grail,Launcelot,107,True,a1e396557c78,6.509963999633328,latency-ccb917901619.csv
1,ccb917901619,2025-10-15T11:55:39.305227,grail,with/,0,True,a1e396557c78,6.363394999425509,latency-ccb917901619.csv
1,ccb917901619,2025-10-15T11:55:39.419526,shrek,FIONA'S,3,True,a1e396557c78,7.1242779995372985,latency-ccb917901619.csv
1,ccb917901619,2025-10-15T11:55:39.533958,shrek3,SCHOOL,14,False,a1e396557c78,35.573029999795835,latency-ccb917901619.csv
1,ccb917901619,2025-10-15T11:55:39.702088,shrek,transport,1,True,6ec6587f6660,12.714559999949415,latency-ccb917901619.csv
1,ccb917901619,2025-10-15T11:55:39.834435,grail,"Oh,",2,True,a1e396557c78,7.927222999569494,latency-ccb917901619.csv
1,ccb917901619,2025-10-15T11:55:39.953142,grail,ANOTHER,25,True,a1e396557c78,8.97873099984281,latency-ccb917901619.csv
1,ccb917901619,2025-10-15T11:55:40.069892,shrek,But,73,True,a1e396557c78,11.39824599977146,latency-ccb917901619.csv
1,ccb917901619,2025-10-15T11:55:40.190257,shrek,What,104,True,a1e396557c78,6.467467000220495,latency-ccb917901619.csv
1,ccb917901619,2025-10-15T11:55:40.304562,shrek3,toward,14,True,a1e396557c78,6.9259719994079205,latency-ccb917901619.csv
1,ccb917901619,2025-10-15T11:55:40.422075,grail,seek,12,True,a1e396557c78,8.863706999363785,latency-ccb917901619.csv
1,ccb917901619,2025-10-15T11:55:40.543082,shrek3,right,36,True,a1e396557c78,8.201620999898296,latency-ccb917901619.csv
1,ccb917901619,2025-10-15T11:55:40.660546,shrek,What,104,True,c6aff4c179ab,25.29869600039092,latency-ccb917901619.csv
1,ccb917901619,2025-10-15T11:55:40.794748,shrek,FIONA,211,True,a1e396557c78,31.569935999868903,latency-ccb917901619.csv
2,ccb917901619,2025-10-15T11:55:40.938283,shrek3,did,14,True,a1e396557c78,7.479193000108353,latency-ccb917901619.csv
2,ccb917901619,2025-10-15T11:55:41.060690,shrek,(standing,0,True,6ec6587f6660,10.55556000028446,latency-ccb917901619.csv
2,ccb917901619,2025-10-15T11:55:41.196064,grail,BEDEVERE,103,True,6ec6587f6660,8.198049999919022,latency-ccb917901619.csv
2,ccb917901619,2025-10-15T11:55:41.310245,grail,“I,0,True,a1e396557c78,6.160930000078224,latency-ccb917901619.csv
2,ccb917901619,2025-10-15T11:55:41.422211,grail,"Peng,",0,True,c6aff4c179ab,5.852281999978004,latency-ccb917901619.csv
2,ccb917901619,2025-10-15T11:55:41.534222,shrek,whistles,2,True,a1e396557c78,6.801140999414201,latency-ccb917901619.csv
2,ccb917901619,2025-10-15T11:55:41.647282,grail,Launcelot,107,True,6ec6587f6660,5.10101100007887,latency-ccb917901619.csv
2,ccb917901619,2025-10-15T11:55:41.760671,grail,with/,0,True,a1e396557c78,7.097265000084008,latency-ccb917901619.csv
2,ccb917901619,2025-10-15T11:55:41.875223,shrek,FIONA'S,3,True,6ec6587f6660,7.399967999845103,latency-ccb917901619.csv
2,ccb917901619,2025-10-15T11:55:41.992749,shrek3,SCHOOL,14,True,c6aff4c179ab,4.729279999992286,latency-ccb917901619.csv
2,ccb917901619,2025-10-15T11:55:42.103112,shrek,transport,1,True,6ec6587f6660,4.376269000204047,latency-ccb917901619.csv
2,ccb917901619,2025-10-15T11:55:42.222189,grail,"Oh,",2,True,a1e396557c78,21.082915000079083,latency-ccb917901619.csv
2,ccb917901619,2025-10-15T11:55:42.368191,grail,ANOTHER,25,True,6ec6587f6660,9.298572000261627,latency-ccb917901619.csv
2,ccb917901619,2025-10-15T11:55:42.490521,shrek,But,73,True,c6aff4c179ab,9.965603000637202,latency-ccb917901619.csv
2,ccb917901619,2025-10-15T11:55:42.625382,shrek,What,104,True,6ec6587f6660,4.698398999607889,latency-ccb917901619.csv
2,ccb917901619,2025-10-15T11:55:42.738092,shrek3,toward,14,True,a1e396557c78,4.730038999696262,latency-ccb917901619.csv
2,ccb917901619,2025-10-15T11:55:42.847624,grail,seek,12,True,c6aff4c179ab,5.140186000062386,latency-ccb917901619.csv
2,ccb917901619,2025-10-15T11:55:42.958544,shrek3,right,36,True,6ec6587f6660,5.333789999895089,latency-ccb917901619.csv
2,ccb917901619,2025-10-15T11:55:43.070700,shrek,What,104,True,a1e396557c78,6.941829999959737,latency-ccb917901619.csv
2,ccb917901619,2025-10-15T11:55:43.183906,shrek,FIONA,211,True,c6aff4c179ab,4.921798999930616,latency-ccb917901619.csv
1,cd8c8293d5b1,2025-10-15T11:55:56.447525,shrek,one,44,True,6ec6587f6660,11.7604469996877,latency-cd8c8293d5b1.csv
1,cd8c8293d5b1,2025-10-15T11:55:56.572608,shrek,rising,1,False,c6aff4c179ab,22.613569999521133,latency-cd8c8293d5b1.csv
1,cd8c8293d5b1,2025-10-15T11:55:56.704600,shrek,the,535,True,c6aff4c179ab,15.685676000430249,latency-cd8c8293d5b1.csv
1,cd8c8293d5b1,2025-10-15T11:55:56.835168,shrek3,CHARMING,232,True,a1e396557c78,8.055895999859786,latency-cd8c8293d5b1.csv
1,cd8c8293d5b1,2025-10-15T11:55:56.951843,shrek3,decree,1,True,6ec6587f6660,7.249363000482845,latency-cd8c8293d5b1.csv
1,cd8c8293d5b1,2025-10-15T11:55:57.066327,shrek3,Guards,23,True,c6aff4c179ab,6.227312000191887,latency-cd8c8293d5b1.csv
1,cd8c8293d5b1,2025-10-15T11:55:57.178613,grail,at,104,True,6ec6587f6660,5.554200000005949,latency-cd8c8293d5b1.csv
1,cd8c8293d5b1,2025-10-15T11:55:57.290750,shrek3,OGRE,39,True,a1e396557c78,11.499389000164228,latency-cd8c8293d5b1.csv
1,cd8c8293d5b1,2025-10-15T11:55:57.411102,shrek,trip,1,True,6ec6587f6660,5.892178000067361,latency-cd8c8293d5b1.csv
1,cd8c8293d5b1,2025-10-15T11:55:57.522585,grail,the,1600,True,a1e396557c78,8.33235899972351,latency-cd8c8293d5b1.csv
1,cd8c8293d5b1,2025-10-15T11:55:57.637568,shrek,INSIDE,16,True,6ec6587f6660,5.366991000300914,latency-cd8c8293d5b1.csv
1,cd8c8293d5b1,2025-10-15T11:55:57.748702,shrek3,2,8,True,a1e396557c78,10.393309999926714,latency-cd8c8293d5b1.csv
1,cd8c8293d5b1,2025-10-15T11:55:57.868654,shrek,lay,2,True,a1e396557c78,34.245926999574294,latency-cd8c8293d5b1.csv
1,cd8c8293d5b1,2025-10-15T11:55:58.022310,shrek,true,20,True,c6aff4c179ab,14.443891000155418,latency-cd8c8293d5b1.csv
1,cd8c8293d5b1,2025-10-15T11:55:58.149210,shrek3,me,72,True,a1e396557c78,8.691081000506529,latency-cd8c8293d5b1.csv
1,cd8c8293d5b1,2025-10-15T11:55:58.272753,shrek3,boomerang,1,True,c6aff4c179ab,13.917598000261933,latency-cd8c8293d5b1.csv
1,cd8c8293d5b1,2025-10-15T11:55:58.399219,shrek,after,10,True,6ec6587f6660,25.106209000114177,latency-cd8c8293d5b1.csv
1,cd8c8293d5b1,2025-10-15T11:55:58.547326,grail,“I,0,True,6ec6587f6660,6.502668000393896,latency-cd8c8293d5b1.csv
1,cd8c8293d5b1,2025-10-15T11:55:58.665389,shrek3,the,1285,True,c6aff4c179ab,5.155900999852747,latency-cd8c8293d5b1.csv
1,cd8c8293d5b1,2025-10-15T11:55:58.775321,shrek,rising,1,True,a1e396557c78,10.784308999973293,latency-cd8c8293d5b1.csv
2,cd8c8293d5b1,2025-10-15T11:55:58.900620,shrek,one,44,True,c6aff4c179ab,6.195089999891934,latency-cd8c8293d5b1.csv
2,cd8c8293d5b1,2025-10-15T11:55:59.013018,shrek,rising,1,True,c6aff4c179ab,6.471837999924901,latency-cd8c8293d5b1.csv
2,cd8c8293d5b1,2025-10-15T11:55:59.124621,shrek,the,535,True,a1e396557c78,5.661627999870689,latency-cd8c8293d5b1.csv
2,cd8c8293d5b1,2025-10-15T11:55:59.236620,shrek3,CHARMING,232,True,a1e396557c78,6.83802499952435,latency-cd8c8293d5b1.csv
2,cd8c8293d5b1,2025-10-15T11:55:59.349967,shrek3,decree,1,True,a1e396557c78,7.426903000123275,latency-cd8c8293d5b1.csv
2,cd8c8293d5b1,2025-10-15T11:55:59.466970,shrek3,Guards,23,True,a1e396557c78,17.419112999959907,latency-cd8c8293d5b1.csv
2,cd8c8293d5b1,2025-10-15T11:55:59.598260,grail,at,104,True,c6aff4c179ab,32.28030500031309,latency-cd8c8293d5b1.csv
2,cd8c8293d5b1,2025-10-15T11:55:59.743038,shrek3,OGRE,39,True,a1e396557c78,22.970140999859723,latency-cd8c8293d5b1.csv
2,cd8c8293d5b1,2025-10-15T11:55:59.878565,shrek,trip,1,True,c6aff4c179ab,12.271808999685163,latency-cd8c8293d5b1.csv
2,cd8c8293d5b1,2025-10-15T11:56:00.001457,grail,the,1600,True,c6aff4c179ab,7.657721999748901,latency-cd8c8293d5b1.csv
2,cd8c8293d5b1,2025-10-15T11:56:00.117546,shrek,INSIDE,16,True,c6aff4c179ab,12.310174999583978,latency-cd8c8293d5b1.csv
2,cd8c8293d5b1,2025-10-15T11:56:00.238600,shrek3,2,8,True,a1e396557c78,35.354849999748694,latency-cd8c8293d5b1.csv
2,cd8c8293d5b1,2025-10-15T11:56:00.405847,shrek,lay,2,True,6ec6587f6660,7.114736999938032,latency-cd8c8293d5b1.csv
2,cd8c8293d5b1,2025-10-15T11:56:00.523713,shrek,true,20,True,6ec6587f6660,7.9217210004571825,latency-cd8c8293d5b1.csv
2,cd8c8293d5b1,2025-10-15T11:56:00.644618,shrek3,me,72,True,6ec6587f6660,7.015534999482043,latency-cd8c8293d5b1.csv
2,cd8c8293d5b1,2025-10-15T11:56:00.760052,shrek3,boomerang,1,True,6ec6587f6660,8.012923000023875,latency-cd8c8293d5b1.csv
2,cd8c8293d5b1,2025-10-15T11:56:00.878004,shrek,after,10,True,6ec6587f6660,6.485449000138033,latency-cd8c8293d5b1.csv
2,cd8c8293d5b1,2025-10-15T11:56:00.993712,grail,“I,0,True,a1e396557c78,7.5113889997737715,latency-cd8c8293d5b1.csv
2,cd8c8293d5b1,2025-10-15T11:56:01.109717,shrek3,the,1285,True,c6aff4c179ab,8.572415000344336,latency-cd8c8293d5b1.csv
2,cd8c8293d5b1,2025-10-15T11:56:01.234489,shrek,rising,1,True,a1e396557c78,9.62235899987718,latency-cd8c8293d5b1.csv
1,cec03fabe365,2025-10-15T11:55:43.204265,grail,LTD,6,True,6ec6587f6660,8.372164000320481,latency-cec03fabe365.csv
1,cec03fabe365,2025-10-15T11:55:43.320011,shrek,this,79,True,a1e396557c78,7.151841999984754,latency-cec03fabe365.csv
1,cec03fabe365,2025-10-15T11:55:43.437002,grail,LANCELOT,59,True,c6aff4c179ab,6.720198999573768,latency-cec03fabe365.csv
1,cec03fabe365,2025-10-15T11:55:43.551035,shrek,SHREK,433,True,6ec6587f6660,7.204540000202542,latency-cec03fabe365.csv
1,cec03fabe365,2025-10-15T11:55:43.664121,shrek3,what,82,True,6ec6587f6660,6.268581000767881,latency-cec03fabe365.csv
1,cec03fabe365,2025-10-15T11:55:43.776926,shrek3,time,23,True,6ec6587f6660,14.440838000155054,latency-cec03fabe365.csv
1,cec03fabe365,2025-10-15T11:55:43.898851,shrek3,Gingerbread,37,True,a1e396557c78,12.600576000295405,latency-cec03fabe365.csv
1,cec03fabe365,2025-10-15T11:55:44.026415,shrek3,BOAT,32,True,c6aff4c179ab,11.032798999622171,latency-cec03fabe365.csv
1,cec03fabe365,2025-10-15T11:55:44.147676,grail,going,21,True,6ec6587f6660,9.089833999496475,latency-cec03fabe365.csv
1,cec03fabe365,2025-10-15T11:55:44.266071,shrek3,get,39,True,a1e396557c78,11.175055999956385,latency-cec03fabe365.csv
1,cec03fabe365,2025-10-15T11:55:44.386069,shrek,not,50,True,a1e396557c78,8.04514400078915,latency-cec03fabe365.csv
1,cec03fabe365,2025-10-15T11:55:44.500438,shrek,But,73,True,6ec6587f6660,7.984494999618619,latency-cec03fabe365.csv
1,cec03fabe365,2025-10-15T11:55:44.614786,shrek3,him,87,True,c6aff4c179ab,11.074771000494366,latency-cec03fabe365.csv
1,cec03fabe365,2025-10-15T11:55:44.736933,shrek,FARQUAAD,84,True,c6aff4c179ab,10.245638999549556,latency-cec03fabe365.csv
1,cec03fabe365,2025-10-15T11:55:44.857646,shrek3,the,1285,True,c6aff4c179ab,8.083939000243845,latency-cec03fabe365.csv
1,cec03fabe365,2025-10-15T11:55:44.973640,grail,are,114,True,c6aff4c179ab,7.540814000094542,latency-cec03fabe365.csv
1,cec03fabe365,2025-10-15T11:55:45.088375,grail,king,136,True,a1e396557c78,9.877239000161351,latency-cec03fabe365.csv
1,cec03fabe365,2025-10-15T11:55:45.207691,shrek,afraid,8,True,a1e396557c78,11.23555899994244,latency-cec03fabe365.csv
1,cec03fabe365,2025-10-15T11:55:45.330664,shrek,SHREK,433,True,a1e396557c78,6.553944999723171,latency-cec03fabe365.csv
1,cec03fabe365,2025-10-15T11:55:45.445456,shrek,and,318,True,a1e396557c78,8.933711000281619,latency-cec03fabe365.csv
2,cec03fabe365,2025-10-15T11:55:45.561763,grail,LTD,6,True,a1e396557c78,9.30053800038877,latency-cec03fabe365.csv
2,cec03fabe365,2025-10-15T11:55:45.686938,shrek,this,79,True,6ec6587f6660,7.01815800039185,latency-cec03fabe365.csv
2,cec03fabe365,2025-10-15T11:55:45.802402,grail,LANCELOT,59,True,6ec6587f6660,9.255425999981526,latency-cec03fabe365.csv
2,cec03fabe365,2025-10-15T11:55:45.925588,shrek,SHREK,433,True,c6aff4c179ab,8.1949599998552,latency-cec03fabe365.csv
2,cec03fabe365,2025-10-15T11:55:46.042426,shrek3,what,82,True,a1e396557c78,5.712346000109392,latency-cec03fabe365.csv
2,cec03fabe365,2025-10-15T11:55:46.154877,shrek3,time,23,True,c6aff4c179ab,7.663452999622677,latency-cec03fabe365.csv
2,cec03fabe365,2025-10-15T11:55:46.270372,shrek3,Gingerbread,37,True,6ec6587f6660,9.817957999985085,latency-cec03fabe365.csv
2,cec03fabe365,2025-10-15T11:55:46.397243,shrek3,BOAT,32,True,c6aff4c179ab,9.51542500024516,latency-cec03fabe365.csv
2,cec03fabe365,2025-10-15T11:55:46.527881,grail,going,21,True,c6aff4c179ab,6.794813999476901,latency-cec03fabe365.csv
2,cec03fabe365,2025-10-15T11:55:46.640999,shrek3,get,39,True,c6aff4c179ab,5.804499000078067,latency-cec03fabe365.csv
2,cec03fabe365,2025-10-15T11:55:46.753065,shrek,not,50,True,c6aff4c179ab,7.818317999408464,latency-cec03fabe365.csv
2,cec03fabe365,2025-10-15T11:55:46.868639,shrek,But,73,True,6ec6587f6660,7.279385999936494,latency-cec03fabe365.csv
2,cec03fabe365,2025-10-15T11:55:46.982843,shrek3,him,87,True,a1e396557c78,5.842333999680704,latency-cec03fabe365.csv
2,cec03fabe365,2025-10-15T11:55:47.095633,shrek,FARQUAAD,84,True,c6aff4c179ab,7.029741000224021,latency-cec03fabe365.csv
2,cec03fabe365,2025-10-15T11:55:47.209234,shrek3,the,1285,True,c6aff4c179ab,5.165648000001966,latency-cec03fabe365.csv
2,cec03fabe365,2025-10-15T11:55:47.319949,grail,are,114,True,c6aff4c179ab,12.846298999647844,latency-cec03fabe365.csv
2,cec03fabe365,2025-10-15T11:55:47.443622,grail,king,136,True,a1e396557c78,8.824550000099407,latency-cec03fabe365.csv
2,cec03fabe365,2025-10-15T11:55:47.559028,shrek,afraid,8,True,c6aff4c179ab,6.730834999871149,latency-cec03fabe365.csv
2,cec03fabe365,2025-10-15T11:55:47.672662,shrek,SHREK,433,True,6ec6587f6660,9.059194000656134,latency-cec03fabe365.csv
2,cec03fabe365,2025-10-15T11:55:47.790786,shrek,and,318,True,6ec6587f6660,5.52095399962127,latency-cec03fabe365.csv
1,cf69c56db37a,2025-10-15T11:55:42.057457,shrek3,its,1,True,6ec6587f6660,5.905424000047788,latency-cf69c56db37a.csv
1,cf69c56db37a,2025-10-15T11:55:42.171009,grail,the,1600,True,a1e396557c78,7.644012000127986,latency-cf69c56db37a.csv
1,cf69c56db37a,2025-10-15T11:55:42.286948,shrek3,116,1,True,6ec6587f6660,7.336644999668351,latency-cf69c56db37a.csv
1,cf69c56db37a,2025-10-15T11:55:42.403388,grail,upon,13,True,c6aff4c179ab,9.369029000481532,latency-cf69c56db37a.csv
1,cf69c56db37a,2025-10-15T11:55:42.524234,shrek3,CHARMING,232,True,a1e396557c78,12.237146999723336,latency-cf69c56db37a.csv
1,cf69c56db37a,2025-10-15T11:55:42.645314,grail,Rostmm,1,True,c6aff4c179ab,12.1881620007116,latency-cf69c56db37a.csv
1,cf69c56db37a,2025-10-15T11:55:42.764428,grail,going,21,True,c6aff4c179ab,13.080876999993052,latency-cf69c56db37a.csv
1,cf69c56db37a,2025-10-15T11:55:42.886571,grail,to,718,True,a1e396557c78,8.947625000473636,latency-cf69c56db37a.csv
1,cf69c56db37a,2025-10-15T11:55:43.005409,grail,GALAHAD,87,True,a1e396557c78,14.97214599930885,latency-cf69c56db37a.csv
1,cf69c56db37a,2025-10-15T11:55:43.134336,grail,upon,13,True,6ec6587f6660,9.145698999418528,latency-cf69c56db37a.csv
1,cf69c56db37a,2025-10-15T11:55:43.257364,shrek,the,535,True,a1e396557c78,13.588872999207524,latency-cf69c56db37a.csv
1,cf69c56db37a,2025-10-15T11:55:43.387035,shrek3,me,72,True,a1e396557c78,12.484586000027775,latency-cf69c56db37a.csv
1,cf69c56db37a,2025-10-15T11:55:43.511596,grail,LANCELOT,59,True,c6aff4c179ab,9.906565999699524,latency-cf69c56db37a.csv
1,cf69c56db37a,2025-10-15T11:55:43.636320,shrek,transport,1,True,c6aff4c179ab,8.644929000183765,latency-cf69c56db37a.csv
1,cf69c56db37a,2025-10-15T11:55:43.756170,shrek3,SNOW,49,True,c6aff4c179ab,17.24285799991776,latency-cf69c56db37a.csv
1,cf69c56db37a,2025-10-15T11:55:43.890579,shrek3,116,1,True,c6aff4c179ab,8.138559999679273,latency-cf69c56db37a.csv
1,cf69c56db37a,2025-10-15T11:55:44.012070,shrek3,bed,10,True,a1e396557c78,5.768369000179519,latency-cf69c56db37a.csv
1,cf69c56db37a,2025-10-15T11:55:44.125446,grail,Yeah,13,True,c6aff4c179ab,7.317939999666123,latency-cf69c56db37a.csv
1,cf69c56db37a,2025-10-15T11:55:44.239564,grail,upon,13,True,6ec6587f6660,8.2228050005142,latency-cf69c56db37a.csv
1,cf69c56db37a,2025-10-15T11:55:44.354628,grail,Gallahad,44,True,c6aff4c179ab,5.693924999832234,latency-cf69c56db37a.csv
2,cf69c56db37a,2025-10-15T11:55:44.466187,shrek3,its,1,True,6ec6587f6660,5.743421000261151,latency-cf69c56db37a.csv
2,cf69c56db37a,2025-10-15T11:55:44.578458,grail,the,1600,True,6ec6587f6660,9.597399999620391,latency-cf69c56db37a.csv
2,cf69c56db37a,2025-10-15T11:55:44.694835,shrek3,116,1,True,c6aff4c179ab,8.543263000319712,latency-cf69c56db37a.csv
2,cf69c56db37a,2025-10-15T11:55:44.815787,grail,upon,13,True,6ec6587f6660,5.103908999444684,latency-cf69c56db37a.csv
2,cf69c56db37a,2025-10-15T11:55:44.927023,shrek3,CHARMING,232,True,c6aff4c179ab,6.915337999998883,latency-cf69c56db37a.csv
2,cf69c56db37a,2025-10-15T11:55:45.040122,grail,Rostmm,1,True,6ec6587f6660,5.90711399945576,latency-cf69c56db37a.csv
2,cf69c56db37a,2025-10-15T11:55:45.152791,grail,going,21,True,a1e396557c78,5.795408000267344,latency-cf69c56db37a.csv
2,cf69c56db37a,2025-10-15T11:55:45.264727,grail,to,718,True,6ec6587f6660,7.664133000616857,latency-cf69c56db37a.csv
2,cf69c56db37a,2025-10-15T11:55:45.379375,grail,GALAHAD,87,True,a1e396557c78,7.642758000656613,latency-cf69c56db37a.csv
2,cf69c56db37a,2025-10-15T11:55:45.494423,grail,upon,13,True,a1e396557c78,9.352985999612429,latency-cf69c56db37a.csv
2,cf69c56db37a,2025-10-15T11:55:45.610602,shrek,the,535,True,6ec6587f6660,7.383554000625736,latency-cf69c56db37a.csv
2,cf69c56db37a,2025-10-15T11:55:45.727336,shrek3,me,72,True,a1e396557c78,6.635544999880949,latency-cf69c56db37a.csv
2,cf69c56db37a,2025-10-15T11:55:45.844601,grail,LANCELOT,59,True,c6aff4c179ab,9.3508820000352,latency-cf69c56db37a.csv
2,cf69c56db37a,2025-10-15T11:55:45.962310,shrek,transport,1,True,6ec6587f6660,6.408823999663582,latency-cf69c56db37a.csv
2,cf69c56db37a,2025-10-15T11:55:46.074755,shrek3,SNOW,49,True,a1e396557c78,5.567430000155582,latency-cf69c56db37a.csv
2,cf69c56db37a,2025-10-15T11:55:46.186256,shrek3,116,1,True,a1e396557c78,6.435084999793617,latency-cf69c56db37a.csv
2,cf69c56db37a,2025-10-15T11:55:46.300160,shrek3,bed,10,True,a1e396557c78,18.441702999552945,latency-cf69c56db37a.csv
2,cf69c56db37a,2025-10-15T11:55:46.451157,grail,Yeah,13,True,a1e396557c78,25.36598300048354,latency-cf69c56db37a.csv
2,cf69c56db37a,2025-10-15T11:55:46.591074,grail,upon,13,True,c6aff4c179ab,9.669951000432777,latency-cf69c56db37a.csv
2,cf69c56db37a,2025-10-15T11:55:46.709606,grail,Gallahad,44,True,6ec6587f6660,8.546287999706692,latency-cf69c56db37a.csv
1,d5aee39c448e,2025-10-15T11:55:28.820018,shrek3,of,275,True,c6aff4c179ab,78.52044499941258,latency-d5aee39c448e.csv
1,d5aee39c448e,2025-10-15T11:55:29.043808,shrek3,SHREK,678,True,c6aff4c179ab,29.11297999980889,latency-d5aee39c448e.csv
1,d5aee39c448e,2025-10-15T11:55:29.215612,shrek3,cosmic,1,True,6ec6587f6660,12.169954999990296,latency-d5aee39c448e.csv
1,d5aee39c448e,2025-10-15T11:55:29.353626,shrek,(standing,0,False,c6aff4c179ab,12.992683999982546,latency-d5aee39c448e.csv
1,d5aee39c448e,2025-10-15T11:55:29.478071,grail,Michael,11,True,c6aff4c179ab,7.338459000493458,latency-d5aee39c448e.csv
1,d5aee39c448e,2025-10-15T11:55:29.595545,grail,THREE-HEADED,8,False,a1e396557c78,13.859919999958947,latency-d5aee39c448e.csv
1,d5aee39c448e,2025-10-15T11:55:29.720889,shrek,GUARD,25,True,6ec6587f6660,7.797520000167424,latency-d5aee39c448e.csv
1,d5aee39c448e,2025-10-15T11:55:29.845231,grail,the,1600,True,c6aff4c179ab,9.049598000274273,latency-d5aee39c448e.csv
1,d5aee39c448e,2025-10-15T11:55:29.969696,shrek,cottage,4,False,a1e396557c78,24.86824800053,latency-d5aee39c448e.csv
1,d5aee39c448e,2025-10-15T11:55:30.116085,shrek,at,62,True,a1e396557c78,11.017316000106804,latency-d5aee39c448e.csv
1,d5aee39c448e,2025-10-15T11:55:30.240607,grail,king,136,True,6ec6587f6660,6.1225969993756735,latency-d5aee39c448e.csv
1,d5aee39c448e,2025-10-15T11:55:30.353755,grail,going,21,True,c6aff4c179ab,11.215492000701488,latency-d5aee39c448e.csv
1,d5aee39c448e,2025-10-15T11:55:30.477080,shrek,and,318,True,c6aff4c179ab,16.219074000218825,latency-d5aee39c448e.csv
1,d5aee39c448e,2025-10-15T11:55:30.601187,shrek3,PRINCE,207,True,c6aff4c179ab,19.49500699993223,latency-d5aee39c448e.csv
1,d5aee39c448e,2025-10-15T11:55:30.733442,shrek3,right,36,False,a1e396557c78,43.57076099950064,latency-d5aee39c448e.csv
1,d5aee39c448e,2025-10-15T11:55:30.895381,shrek,FIONA,211,True,a1e396557c78,8.452714000668493,latency-d5aee39c448e.csv
1,d5aee39c448e,2025-10-15T11:55:31.014657,shrek3,cosmic,1,True,c6aff4c179ab,7.8587239995613345,latency-d5aee39c448e.csv
1,d5aee39c448e,2025-10-15T11:55:31.135436,shrek3,true,1,True,6ec6587f6660,6.347288000142726,latency-d5aee39c448e.csv
1,d5aee39c448e,2025-10-15T11:55:31.252213,grail,Bum,13,True,c6aff4c179ab,9.545767000417982,latency-d5aee39c448e.csv
1,d5aee39c448e,2025-10-15T11:55:31.373705,shrek3,PRINCE,207,True,a1e396557c78,9.71983499948692,latency-d5aee39c448e.csv
2,d5aee39c448e,2025-10-15T11:55:31.497281,shrek3,of,275,True,c6aff4c179ab,10.089784999763651,latency-d5aee39c448e.csv
2,d5aee39c448e,2025-10-15T11:55:31.617970,shrek3,SHREK,678,True,6ec6587f6660,12.104123000426624,latency-d5aee39c448e.csv
2,d5aee39c448e,2025-10-15T11:55:31.742381,shrek3,cosmic,1,True,a1e396557c78,8.579499000006763,latency-d5aee39c448e.csv
2,d5aee39c448e,2025-10-15T11:55:31.866898,shrek,(standing,0,True,c6aff4c179ab,14.84573499965336,latency-d5aee39c448e.csv
2,d5aee39c448e,2025-10-15T11:55:32.003775,grail,Michael,11,True,6ec6587f6660,14.29905199984205,latency-d5aee39c448e.csv
2,d5aee39c448e,2025-10-15T11:55:32.127134,grail,THREE-HEADED,8,True,c6aff4c179ab,4.851816999689618,latency-d5aee39c448e.csv
2,d5aee39c448e,2025-10-15T11:55:32.239841,shrek,GUARD,25,True,c6aff4c179ab,9.189184999740974,latency-d5aee39c448e.csv
2,d5aee39c448e,2025-10-15T11:55:32.363684,grail,the,1600,True,c6aff4c179ab,9.979028999623551,latency-d5aee39c448e.csv
2,d5aee39c448e,2025-10-15T11:55:32.486126,shrek,cottage,4,True,c6aff4c179ab,9.116739000091911,latency-d5aee39c448e.csv
2,d5aee39c448e,2025-10-15T11:55:32.614293,shrek,at,62,True,6ec6587f6660,5.313669000315713,latency-d5aee39c448e.csv
2,d5aee39c448e,2025-10-15T11:55:32.727967,grail,king,136,True,6ec6587f6660,6.615209000301547,latency-d5aee39c448e.csv
2,d5aee39c448e,2025-10-15T11:55:32.843410,grail,going,21,True,c6aff4c179ab,4.481804000533884,latency-d5aee39c448e.csv
2,d5aee39c448e,2025-10-15T11:55:32.953447,shrek,and,318,True,6ec6587f6660,7.305564999114722,latency-d5aee39c448e.csv
2,d5aee39c448e,2025-10-15T11:55:33.068868,shrek3,PRINCE,207,True,c6aff4c179ab,6.775664999622677,latency-d5aee39c448e.csv
2,d5aee39c448e,2025-10-15T11:55:33.182681,shrek3,right,36,True,a1e396557c78,9.122243999627244,latency-d5aee39c448e.csv
2,d5aee39c448e,2025-10-15T11:55:33.302139,shrek,FIONA,211,True,6ec6587f6660,21.301698000570468,latency-d5aee39c448e.csv
2,d5aee39c448e,2025-10-15T11:55:33.444518,shrek3,cosmic,1,True,6ec6587f6660,9.625722000237149,latency-d5aee39c448e.csv
2,d5aee39c448e,2025-10-15T11:55:33.566343,shrek3,true,1,True,a1e396557c78,10.107533000336844,latency-d5aee39c448e.csv
2,d5aee39c448e,2025-10-15T11:55:33.703305,grail,Bum,13,True,6ec6587f6660,10.321965999537497,latency-d5aee39c448e.csv
2,d5aee39c448e,2025-10-15T11:55:33.822617,shrek3,PRINCE,207,True,a1e396557c78,4.324509000070975,latency-d5aee39c448e.csv
1,d697c696d0fd,2025-10-15T11:55:59.837532,shrek,FIONA,211,True,c6aff4c179ab,14.182738999807045,latency-d697c696d0fd.csv
1,d697c696d0fd,2025-10-15T11:55:59.966691,shrek,FIONA,211,True,c6aff4c179ab,8.286223000141035,latency-d697c696d0fd.csv
1,d697c696d0fd,2025-10-15T11:56:00.082771,shrek3,youre,0,True,6ec6587f6660,11.778636000599365,latency-d697c696d0fd.csv
1,d697c696d0fd,2025-10-15T11:56:00.211953,grail,chops,3,True,a1e396557c78,10.219044999757898,latency-d697c696d0fd.csv
1,d697c696d0fd,2025-10-15T11:56:00.371499,shrek3,Arg,1,True,6ec6587f6660,9.206521999658436,latency-d697c696d0fd.csv
1,d697c696d0fd,2025-10-15T11:56:00.495588,shrek3,WHITE,45,True,c6aff4c179ab,7.051208000120823,latency-d697c696d0fd.csv
1,d697c696d0fd,2025-10-15T11:56:00.611976,grail,LTD,6,True,6ec6587f6660,6.365260000166018,latency-d697c696d0fd.csv
1,d697c696d0fd,2025-10-15T11:56:00.725067,shrek,at,62,True,c6aff4c179ab,7.347404000029201,latency-d697c696d0fd.csv
1,d697c696d0fd,2025-10-15T11:56:00.839248,grail,Christ,8,True,6ec6587f6660,4.8734410001998185,latency-d697c696d0fd.csv
1,d697c696d0fd,2025-10-15T11:56:00.949590,shrek,to,268,True,6ec6587f6660,6.393855999704101,latency-d697c696d0fd.csv
1,d697c696d0fd,2025-10-15T11:56:01.063035,shrek3,what,82,True,a1e396557c78,6.186792999869795,latency-d697c696d0fd.csv
1,d697c696d0fd,2025-10-15T11:56:01.175434,grail,pathetic,4,True,6ec6587f6660,8.930791999773646,latency-d697c696d0fd.csv
1,d697c696d0fd,2025-10-15T11:56:01.291704,grail,54,2,True,c6aff4c179ab,9.82346199998574,latency-d697c696d0fd.csv
1,d697c696d0fd,2025-10-15T11:56:01.411465,grail,(as,0,True,c6aff4c179ab,6.3866719992802246,latency-d697c696d0fd.csv
1,d697c696d0fd,2025-10-15T11:56:01.523603,shrek,after,10,True,a1e396557c78,5.768541000179539,latency-d697c696d0fd.csv
1,d697c696d0fd,2025-10-15T11:56:01.634826,grail,G,6,True,6ec6587f6660,8.492675000525196,latency-d697c696d0fd.csv
1,d697c696d0fd,2025-10-15T11:56:01.769674,grail,Yeah,13,True,a1e396557c78,7.7595859993380145,latency-d697c696d0fd.csv
1,d697c696d0fd,2025-10-15T11:56:01.883067,shrek3,EVIL,59,True,6ec6587f6660,6.850658000075782,latency-d697c696d0fd.csv
1,d697c696d0fd,2025-10-15T11:56:01.996826,shrek3,CAPTAIN,41,True,c6aff4c179ab,5.749934000050416,latency-d697c696d0fd.csv
1,d697c696d0fd,2025-10-15T11:56:02.109928,shrek3,RAPUNZEL,30,True,a1e396557c78,8.866908000527474,latency-d697c696d0fd.csv
2,d697c696d0fd,2025-10-15T11:56:02.229663,shrek,FIONA,211,True,a1e396557c78,8.923276999666996,latency-d697c696d0fd.csv
2,d697c696d0fd,2025-10-15T11:56:02.350525,shrek,FIONA,211,True,c6aff4c179ab,6.2263910003821366,latency-d697c696d0fd.csv
2,d697c696d0fd,2025-10-15T11:56:02.462889,shrek3,youre,0,True,a1e396557c78,6.588623999959964,latency-d697c696d0fd.csv
2,d697c696d0fd,2025-10-15T11:56:02.576503,grail,chops,3,True,6ec6587f6660,5.22685900068609,latency-d697c696d0fd.csv
2,d697c696d0fd,2025-10-15T11:56:02.687010,shrek3,Arg,1,True,c6aff4c179ab,7.084216999828641,latency-d697c696d0fd.csv
2,d697c696d0fd,2025-10-15T11:56:02.799567,shrek3,WHITE,45,True,c6aff4c179ab,6.590037000023585,latency-d697c696d0fd.csv
2,d697c696d0fd,2025-10-15T11:56:02.912623,grail,LTD,6,True,c6aff4c179ab,4.804627000339679,latency-d697c696d0fd.csv
2,d697c696d0fd,2025-10-15T11:56:03.022338,shrek,at,62,True,a1e396557c78,7.953616999657243,latency-d697c696d0fd.csv
2,d697c696d0fd,2025-10-15T11:56:03.136137,grail,Christ,8,True,6ec6587f6660,13.894202999836123,latency-d697c696d0fd.csv
2,d697c696d0fd,2025-10-15T11:56:03.257977,shrek,to,268,True,6ec6587f6660,11.783766000007745,latency-d697c696d0fd.csv
2,d697c696d0fd,2025-10-15T11:56:03.385301,shrek3,what,82,True,a1e396557c78,8.905432000574365,latency-d697c696d0fd.csv
2,d697c696d0fd,2025-10-15T11:56:03.505962,grail,pathetic,4,True,6ec6587f6660,8.174928000698856,latency-d697c696d0fd.csv
2,d697c696d0fd,2025-10-15T11:56:03.624111,grail,54,2,True,c6aff4c179ab,6.520762000036484,latency-d697c696d0fd.csv
2,d697c696d0fd,2025-10-15T11:56:03.741325,grail,(as,0,True,6ec6587f6660,20.77282999925956,latency-d697c696d0fd.csv
2,d697c696d0fd,2025-10-15T11:56:03.885368,shrek,after,10,True,a1e396557c78,9.781409999959578,latency-d697c696d0fd.csv
2,d697c696d0fd,2025-10-15T11:56:04.004874,grail,G,6,True,a1e396557c78,9.174716000416083,latency-d697c696d0fd.csv
2,d697c696d0fd,2025-10-15T11:56:04.123015,grail,Yeah,13,True,6ec6587f6660,5.432699000266439,latency-d697c696d0fd.csv
2,d697c696d0fd,2025-10-15T11:56:04.234386,shrek3,EVIL,59,True,c6aff4c179ab,7.891405999544077,latency-d697c696d0fd.csv
2,d697c696d0fd,2025-10-15T11:56:04.349848,shrek3,CAPTAIN,41,True,a1e396557c78,8.7695120000717,latency-d697c696d0fd.csv
2,d697c696d0fd,2025-10-15T11:56:04.471887,shrek3,RAPUNZEL,30,True,6ec6587f6660,6.391627000084554,latency-d697c696d0fd.csv
1,d790b4421567,2025-10-15T11:55:39.936701,grail,3,18,False,6ec6587f6660,8.699244000126782,latency-d790b4421567.csv
1,d790b4421567,2025-10-15T11:55:40.050136,shrek3,Final,119,True,c6aff4c179ab,4.358954000053927,latency-d790b4421567.csv
1,d790b4421567,2025-10-15T11:55:40.159939,shrek3,Be,71,True,c6aff4c179ab,6.945105000340845,latency-d790b4421567.csv
1,d790b4421567,2025-10-15T11:55:40.273216,grail,are,114,True,c6aff4c179ab,7.354350000241538,latency-d790b4421567.csv
1,d790b4421567,2025-10-15T11:55:40.388394,grail,right,66,True,c6aff4c179ab,13.508252000065111,latency-d790b4421567.csv
1,d790b4421567,2025-10-15T11:55:40.514282,shrek,whistles,2,True,c6aff4c179ab,9.79421500051103,latency-d790b4421567.csv
1,d790b4421567,2025-10-15T11:55:40.632377,shrek3,PRINCE,207,True,a1e396557c78,22.25418499983789,latency-d790b4421567.csv
1,d790b4421567,2025-10-15T11:55:40.771930,shrek3,Im,1,True,6ec6587f6660,29.84161899985338,latency-d790b4421567.csv
1,d790b4421567,2025-10-15T11:55:40.937190,shrek,its,1,True,c6aff4c179ab,11.495161000311782,latency-d790b4421567.csv
1,d790b4421567,2025-10-15T11:55:41.062330,grail,"lute,",0,True,c6aff4c179ab,11.147278999487751,latency-d790b4421567.csv
1,d790b4421567,2025-10-15T11:55:41.185353,grail,"collective,",0,True,a1e396557c78,5.780378000054043,latency-d790b4421567.csv
1,d790b4421567,2025-10-15T11:55:41.297890,shrek3,PRINCE,207,True,c6aff4c179ab,4.734695000479405,latency-d790b4421567.csv
1,d790b4421567,2025-10-15T11:55:41.407883,grail,and,722,True,6ec6587f6660,7.2250040002472815,latency-d790b4421567.csv
1,d790b4421567,2025-10-15T11:55:41.520431,grail,Launcelot,107,True,c6aff4c179ab,6.139568999969924,latency-d790b4421567.csv
1,d790b4421567,2025-10-15T11:55:41.632932,grail,Guard,106,True,a1e396557c78,4.35464200018032,latency-d790b4421567.csv
1,d790b4421567,2025-10-15T11:55:41.742887,shrek3,dat,1,True,c6aff4c179ab,6.749473999661859,latency-d790b4421567.csv
1,d790b4421567,2025-10-15T11:55:41.855832,shrek3,fall,6,True,a1e396557c78,6.165750000036496,latency-d790b4421567.csv
1,d790b4421567,2025-10-15T11:55:41.968348,shrek,Aah,6,True,6ec6587f6660,4.994053999325843,latency-d790b4421567.csv
1,d790b4421567,2025-10-15T11:55:42.078256,shrek,He,118,True,a1e396557c78,5.918275000112772,latency-d790b4421567.csv
1,d790b4421567,2025-10-15T11:55:42.194332,grail,Christ,8,True,c6aff4c179ab,9.053355000105512,latency-d790b4421567.csv
2,d790b4421567,2025-10-15T11:55:42.339969,grail,3,18,True,a1e396557c78,7.387579999885929,latency-d790b4421567.csv
2,d790b4421567,2025-10-15T11:55:42.454063,shrek3,Final,119,True,6ec6587f6660,4.417723000187834,latency-d790b4421567.csv
2,d790b4421567,2025-10-15T11:55:42.563411,shrek3,Be,71,True,a1e396557c78,5.202938999900653,latency-d790b4421567.csv
2,d790b4421567,2025-10-15T11:55:42.673733,grail,are,114,True,c6aff4c179ab,7.870555999943463,latency-d790b4421567.csv
2,d790b4421567,2025-10-15T11:55:42.789544,grail,right,66,True,a1e396557c78,10.543737999796576,latency-d790b4421567.csv
2,d790b4421567,2025-10-15T11:55:42.907330,shrek,whistles,2,True,c6aff4c179ab,6.496426999547111,latency-d790b4421567.csv
2,d790b4421567,2025-10-15T11:55:43.019843,shrek3,PRINCE,207,True,6ec6587f6660,11.382439000044542,latency-d790b4421567.csv
2,d790b4421567,2025-10-15T11:55:43.142042,shrek3,Im,1,True,a1e396557c78,12.515692000306444,latency-d790b4421567.csv
2,d790b4421567,2025-10-15T11:55:43.267160,shrek,its,1,True,6ec6587f6660,12.714086000414682,latency-d790b4421567.csv
2,d790b4421567,2025-10-15T11:55:43.390367,grail,"lute,",0,True,a1e396557c78,11.834728999929212,latency-d790b4421567.csv
2,d790b4421567,2025-10-15T11:55:43.513406,grail,"collective,",0,True,c6aff4c179ab,8.837192000100913,latency-d790b4421567.csv
2,d790b4421567,2025-10-15T11:55:43.634804,shrek3,PRINCE,207,True,a1e396557c78,9.534409000480082,latency-d790b4421567.csv
2,d790b4421567,2025-10-15T11:55:43.756134,grail,and,722,True,6ec6587f6660,17.768731000614935,latency-d790b4421567.csv
2,d790b4421567,2025-10-15T11:55:43.891064,grail,Launcelot,107,True,a1e396557c78,7.350930000029621,latency-d790b4421567.csv
2,d790b4421567,2025-10-15T11:55:44.013626,grail,Guard,106,True,6ec6587f6660,5.7531620004738215,latency-d790b4421567.csv
2,d790b4421567,2025-10-15T11:55:44.128540,shrek3,dat,1,True,a1e396557c78,6.132968000201799,latency-d790b4421567.csv
2,d790b4421567,2025-10-15T11:55:44.241556,shrek3,fall,6,True,c6aff4c179ab,7.447878999300883,latency-d790b4421567.csv
2,d790b4421567,2025-10-15T11:55:44.356391,shrek,Aah,6,True,a1e396557c78,5.125624999891443,latency-d790b4421567.csv
2,d790b4421567,2025-10-15T11:55:44.466774,shrek,He,118,True,c6aff4c179ab,5.342161000044143,latency-d790b4421567.csv
2,d790b4421567,2025-10-15T11:55:44.578458,grail,Christ,8,True,a1e396557c78,10.072494000269216,latency-d790b4421567.csv
1,d8c4206ebeb1,2025-10-15T11:55:23.191184,shrek3,still,18,False,6ec6587f6660,16.880502999811142,latency-d8c4206ebeb1.csv
1,d8c4206ebeb1,2025-10-15T11:55:23.315291,shrek,No,114,False,a1e396557c78,14.716532999955234,latency-d8c4206ebeb1.csv
1,d8c4206ebeb1,2025-10-15T11:55:23.436064,grail,CALLS,3,False,6ec6587f6660,12.9110749994652,latency-d8c4206ebeb1.csv
1,d8c4206ebeb1,2025-10-15T11:55:23.554493,shrek3,Hold,8,False,a1e396557c78,14.5935130003636,latency-d8c4206ebeb1.csv
1,d8c4206ebeb1,2025-10-15T11:55:23.675660,shrek3,with,112,False,c6aff4c179ab,20.46412399977271,latency-d8c4206ebeb1.csv
1,d8c4206ebeb1,2025-10-15T11:55:23.802989,shrek,you,409,False,6ec6587f6660,14.17940500050463,latency-d8c4206ebeb1.csv
1,d8c4206ebeb1,2025-10-15T11:55:23.925331,grail,sell,1,False,6ec6587f6660,18.439294999552654,latency-d8c4206ebeb1.csv
1,d8c4206ebeb1,2025-10-15T11:55:24.052701,grail,“I,0,True,6ec6587f6660,8.887607999895408,latency-d8c4206ebeb1.csv
1,d8c4206ebeb1,2025-10-15T11:55:24.179645,shrek,looks,37,False,6ec6587f6660,8.102994000182662,latency-d8c4206ebeb1.csv
1,d8c4206ebeb1,2025-10-15T11:55:24.292747,shrek,edge,2,False,c6aff4c179ab,12.068257999999332,latency-d8c4206ebeb1.csv
1,d8c4206ebeb1,2025-10-15T11:55:24.411415,shrek,FIONA,211,True,a1e396557c78,5.671443999744952,latency-d8c4206ebeb1.csv
1,d8c4206ebeb1,2025-10-15T11:55:24.522497,grail,-,259,True,c6aff4c179ab,7.97244099976524,latency-d8c4206ebeb1.csv
1,d8c4206ebeb1,2025-10-15T11:55:24.636508,grail,Jones,7,False,6ec6587f6660,10.79829999980575,latency-d8c4206ebeb1.csv
1,d8c4206ebeb1,2025-10-15T11:55:24.752765,shrek3,toward,14,False,a1e396557c78,10.515900999962469,latency-d8c4206ebeb1.csv
1,d8c4206ebeb1,2025-10-15T11:55:24.868659,grail,Boom,4,False,a1e396557c78,13.12260599934234,latency-d8c4206ebeb1.csv
1,d8c4206ebeb1,2025-10-15T11:55:24.988426,grail,LANCELOT,59,True,a1e396557c78,5.91861999964749,latency-d8c4206ebeb1.csv
1,d8c4206ebeb1,2025-10-15T11:55:25.099362,shrek,What,104,False,6ec6587f6660,9.862141999292362,latency-d8c4206ebeb1.csv
1,d8c4206ebeb1,2025-10-15T11:55:25.214610,grail,Gallahad,44,True,a1e396557c78,5.984467000416771,latency-d8c4206ebeb1.csv
1,d8c4206ebeb1,2025-10-15T11:55:25.327514,grail,G,6,False,6ec6587f6660,9.27623300049163,latency-d8c4206ebeb1.csv
1,d8c4206ebeb1,2025-10-15T11:55:25.442033,grail,to,718,True,a1e396557c78,5.893358999855991,latency-d8c4206ebeb1.csv
2,d8c4206ebeb1,2025-10-15T11:55:25.553414,shrek3,still,18,True,c6aff4c179ab,9.546066999973846,latency-d8c4206ebeb1.csv
2,d8c4206ebeb1,2025-10-15T11:55:25.669246,shrek,No,114,True,c6aff4c179ab,6.105311999817786,latency-d8c4206ebeb1.csv
2,d8c4206ebeb1,2025-10-15T11:55:25.782660,grail,CALLS,3,True,c6aff4c179ab,6.213231999936397,latency-d8c4206ebeb1.csv
2,d8c4206ebeb1,2025-10-15T11:55:25.897281,shrek3,Hold,8,True,c6aff4c179ab,5.468581000059203,latency-d8c4206ebeb1.csv
2,d8c4206ebeb1,2025-10-15T11:55:26.009661,shrek3,with,112,True,c6aff4c179ab,7.302082000023802,latency-d8c4206ebeb1.csv
2,d8c4206ebeb1,2025-10-15T11:55:26.129103,shrek,you,409,True,c6aff4c179ab,7.407300999147992,latency-d8c4206ebeb1.csv
2,d8c4206ebeb1,2025-10-15T11:55:26.245440,grail,sell,1,True,a1e396557c78,6.198873999892385,latency-d8c4206ebeb1.csv
2,d8c4206ebeb1,2025-10-15T11:55:26.358158,grail,“I,0,True,a1e396557c78,6.645731999924465,latency-d8c4206ebeb1.csv
2,d8c4206ebeb1,2025-10-15T11:55:26.472379,shrek,looks,37,True,a1e396557c78,7.276738000655314,latency-d8c4206ebeb1.csv
2,d8c4206ebeb1,2025-10-15T11:55:26.596537,shrek,edge,2,True,c6aff4c179ab,6.454936999944039,latency-d8c4206ebeb1.csv
2,d8c4206ebeb1,2025-10-15T11:55:26.710767,shrek,FIONA,211,True,a1e396557c78,5.766407999544754,latency-d8c4206ebeb1.csv
2,d8c4206ebeb1,2025-10-15T11:55:26.826478,grail,-,259,True,a1e396557c78,5.930787999204767,latency-d8c4206ebeb1.csv
2,d8c4206ebeb1,2025-10-15T11:55:26.938513,grail,Jones,7,True,c6aff4c179ab,7.103480999830936,latency-d8c4206ebeb1.csv
2,d8c4206ebeb1,2025-10-15T11:55:27.051337,shrek3,toward,14,True,6ec6587f6660,5.086637999738741,latency-d8c4206ebeb1.csv
2,d8c4206ebeb1,2025-10-15T11:55:27.161368,grail,Boom,4,True,6ec6587f6660,7.487087000299653,latency-d8c4206ebeb1.csv
2,d8c4206ebeb1,2025-10-15T11:55:27.275470,grail,LANCELOT,59,True,a1e396557c78,15.7438189999084,latency-d8c4206ebeb1.csv
2,d8c4206ebeb1,2025-10-15T11:55:27.398223,shrek,What,104,True,c6aff4c179ab,8.87914200029627,latency-d8c4206ebeb1.csv
2,d8c4206ebeb1,2025-10-15T11:55:27.514478,grail,Gallahad,44,True,a1e396557c78,12.822484000025725,latency-d8c4206ebeb1.csv
2,d8c4206ebeb1,2025-10-15T11:55:27.635984,grail,G,6,True,c6aff4c179ab,13.303126999744563,latency-d8c4206ebeb1.csv
2,d8c4206ebeb1,2025-10-15T11:55:27.761793,grail,to,718,True,a1e396557c78,14.383521000127075,latency-d8c4206ebeb1.csv
1,d925340f54f3,2025-10-15T11:55:47.505761,shrek3,and,576,True,a1e396557c78,6.714348000059545,latency-d925340f54f3.csv
1,d925340f54f3,2025-10-15T11:55:47.619396,grail,Ecky-Ecky-Ecky,1,True,c6aff4c179ab,8.400245000302675,latency-d925340f54f3.csv
1,d925340f54f3,2025-10-15T11:55:47.734005,shrek,our,11,True,6ec6587f6660,4.881496000052721,latency-d925340f54f3.csv
1,d925340f54f3,2025-10-15T11:55:47.843636,shrek3,his,238,True,a1e396557c78,6.9628910005121725,latency-d925340f54f3.csv
1,d925340f54f3,2025-10-15T11:55:47.957717,shrek,after,10,True,6ec6587f6660,8.75277900013316,latency-d925340f54f3.csv
1,d925340f54f3,2025-10-15T11:55:48.072196,shrek3,ARTIE,213,True,c6aff4c179ab,9.996635999414138,latency-d925340f54f3.csv
1,d925340f54f3,2025-10-15T11:55:48.190702,shrek,SHREK,433,True,a1e396557c78,8.258108000518405,latency-d925340f54f3.csv
1,d925340f54f3,2025-10-15T11:55:48.306374,shrek,not,50,True,6ec6587f6660,7.278619999851799,latency-d925340f54f3.csv
1,d925340f54f3,2025-10-15T11:55:48.419573,shrek,DONKEY,320,True,c6aff4c179ab,14.285620999544337,latency-d925340f54f3.csv
1,d925340f54f3,2025-10-15T11:55:48.541522,shrek,its,1,True,a1e396557c78,13.661797999702683,latency-d925340f54f3.csv
1,d925340f54f3,2025-10-15T11:55:48.669767,shrek,And,318,True,a1e396557c78,9.249486000044271,latency-d925340f54f3.csv
1,d925340f54f3,2025-10-15T11:55:48.813017,shrek,after,10,True,6ec6587f6660,8.334807000210276,latency-d925340f54f3.csv
1,d925340f54f3,2025-10-15T11:55:48.929958,grail,Yeah,13,True,c6aff4c179ab,10.33684199956042,latency-d925340f54f3.csv
1,d925340f54f3,2025-10-15T11:55:49.049034,shrek,GORDO,5,True,a1e396557c78,7.398757000373735,latency-d925340f54f3.csv
1,d925340f54f3,2025-10-15T11:55:49.163103,shrek,tale,7,True,c6aff4c179ab,7.74810199982312,latency-d925340f54f3.csv
1,d925340f54f3,2025-10-15T11:55:49.278765,shrek,DONKEY,320,True,a1e396557c78,8.024192999982915,latency-d925340f54f3.csv
1,d925340f54f3,2025-10-15T11:55:49.395121,shrek,FIONA'S,3,True,6ec6587f6660,7.198242999947979,latency-d925340f54f3.csv
1,d925340f54f3,2025-10-15T11:55:49.509280,shrek,INSIDE,16,True,a1e396557c78,8.531067999683728,latency-d925340f54f3.csv
1,d925340f54f3,2025-10-15T11:55:49.624531,grail,sell,1,True,c6aff4c179ab,10.86503399983485,latency-d925340f54f3.csv
1,d925340f54f3,2025-10-15T11:55:49.747386,shrek3,BOAT,32,True,a1e396557c78,7.109356000000844,latency-d925340f54f3.csv
2,d925340f54f3,2025-10-15T11:55:49.870601,shrek3,and,576,True,a1e396557c78,5.146812000020873,latency-d925340f54f3.csv
2,d925340f54f3,2025-10-15T11:55:49.981461,grail,Ecky-Ecky-Ecky,1,True,6ec6587f6660,4.80978799987497,latency-d925340f54f3.csv
2,d925340f54f3,2025-10-15T11:55:50.091378,shrek,our,11,True,c6aff4c179ab,5.272415999570512,latency-d925340f54f3.csv
2,d925340f54f3,2025-10-15T11:55:50.201473,shrek3,his,238,True,6ec6587f6660,6.951669000045513,latency-d925340f54f3.csv
2,d925340f54f3,2025-10-15T11:55:50.314347,shrek,after,10,True,c6aff4c179ab,6.438352000259329,latency-d925340f54f3.csv
2,d925340f54f3,2025-10-15T11:55:50.427407,shrek3,ARTIE,213,True,c6aff4c179ab,8.41644100000849,latency-d925340f54f3.csv
2,d925340f54f3,2025-10-15T11:55:50.542375,shrek,SHREK,433,True,6ec6587f6660,7.4515149999569985,latency-d925340f54f3.csv
2,d925340f54f3,2025-10-15T11:55:50.658048,shrek,not,50,True,6ec6587f6660,5.580660999839893,latency-d925340f54f3.csv
2,d925340f54f3,2025-10-15T11:55:50.769843,shrek,DONKEY,320,True,a1e396557c78,8.05816899992351,latency-d925340f54f3.csv
2,d925340f54f3,2025-10-15T11:55:50.884901,shrek,its,1,True,c6aff4c179ab,5.457874999592605,latency-d925340f54f3.csv
2,d925340f54f3,2025-10-15T11:55:50.997336,shrek,And,318,True,c6aff4c179ab,7.463433999873814,latency-d925340f54f3.csv
2,d925340f54f3,2025-10-15T11:55:51.112851,shrek,after,10,True,a1e396557c78,7.484546000341652,latency-d925340f54f3.csv
2,d925340f54f3,2025-10-15T11:55:51.228133,grail,Yeah,13,True,c6aff4c179ab,7.25746500029345,latency-d925340f54f3.csv
2,d925340f54f3,2025-10-15T11:55:51.347384,shrek,GORDO,5,True,6ec6587f6660,7.884313999966253,latency-d925340f54f3.csv
2,d925340f54f3,2025-10-15T11:55:51.464292,shrek,tale,7,True,6ec6587f6660,8.63303400001314,latency-d925340f54f3.csv
2,d925340f54f3,2025-10-15T11:55:51.584242,shrek,DONKEY,320,True,c6aff4c179ab,8.165219000147772,latency-d925340f54f3.csv
2,d925340f54f3,2025-10-15T11:55:51.706858,shrek,FIONA'S,3,True,6ec6587f6660,7.813590000296244,latency-d925340f54f3.csv
2,d925340f54f3,2025-10-15T11:55:51.822490,shrek,INSIDE,16,True,a1e396557c78,7.003300999713247,latency-d925340f54f3.csv
2,d925340f54f3,2025-10-15T11:55:51.936261,grail,sell,1,True,6ec6587f6660,18.67592600046919,latency-d925340f54f3.csv
2,d925340f54f3,2025-10-15T11:55:52.062731,shrek3,BOAT,32,True,c6aff4c179ab,7.847694999327359,latency-d925340f54f3.csv
1,e0bb21a371ee,2025-10-15T11:55:43.570273,shrek,Blah,1,True,a1e396557c78,6.2619190002806135,latency-e0bb21a371ee.csv
1,e0bb21a371ee,2025-10-15T11:55:43.682323,shrek3,ruby,1,True,a1e396557c78,7.460501999958069,latency-e0bb21a371ee.csv
1,e0bb21a371ee,2025-10-15T11:55:43.798657,grail,are,114,True,a1e396557c78,6.326293000711303,latency-e0bb21a371ee.csv
1,e0bb21a371ee,2025-10-15T11:55:43.911335,shrek,your,49,True,c6aff4c179ab,10.998933999871952,latency-e0bb21a371ee.csv
1,e0bb21a371ee,2025-10-15T11:55:44.030907,shrek,What,104,True,6ec6587f6660,8.509868000146525,latency-e0bb21a371ee.csv
1,e0bb21a371ee,2025-10-15T11:55:44.149065,shrek,FARQUAAD,84,True,a1e396557c78,8.68826900023123,latency-e0bb21a371ee.csv
1,e0bb21a371ee,2025-10-15T11:55:44.266928,shrek3,Whoa,7,True,6ec6587f6660,10.805568000250789,latency-e0bb21a371ee.csv
1,e0bb21a371ee,2025-10-15T11:55:44.386445,shrek3,TO,511,True,c6aff4c179ab,7.899375999841141,latency-e0bb21a371ee.csv
1,e0bb21a371ee,2025-10-15T11:55:44.500144,shrek3,its,1,True,a1e396557c78,7.660536000003049,latency-e0bb21a371ee.csv
1,e0bb21a371ee,2025-10-15T11:55:44.614455,grail,us,32,True,6ec6587f6660,12.546662000204378,latency-e0bb21a371ee.csv
1,e0bb21a371ee,2025-10-15T11:55:44.736352,shrek3,boomerang,1,True,6ec6587f6660,10.050646000308916,latency-e0bb21a371ee.csv
1,e0bb21a371ee,2025-10-15T11:55:44.856835,shrek,DONKEY,320,True,6ec6587f6660,8.240774999649148,latency-e0bb21a371ee.csv
1,e0bb21a371ee,2025-10-15T11:55:44.973022,shrek,not,50,True,6ec6587f6660,9.04705099947023,latency-e0bb21a371ee.csv
1,e0bb21a371ee,2025-10-15T11:55:45.089249,shrek,SHREK,433,True,6ec6587f6660,8.948849999796948,latency-e0bb21a371ee.csv
1,e0bb21a371ee,2025-10-15T11:55:45.207304,shrek3,PUSS,196,True,c6aff4c179ab,11.951726000006602,latency-e0bb21a371ee.csv
1,e0bb21a371ee,2025-10-15T11:55:45.330578,grail,with/,0,True,c6aff4c179ab,6.686763999823597,latency-e0bb21a371ee.csv
1,e0bb21a371ee,2025-10-15T11:55:45.445530,shrek3,reason,2,True,6ec6587f6660,8.402286999626085,latency-e0bb21a371ee.csv
1,e0bb21a371ee,2025-10-15T11:55:45.561423,shrek3,ho,8,True,c6aff4c179ab,10.444310999446316,latency-e0bb21a371ee.csv
1,e0bb21a371ee,2025-10-15T11:55:45.685408,shrek3,WHITE,45,True,a1e396557c78,7.894822999332973,latency-e0bb21a371ee.csv
1,e0bb21a371ee,2025-10-15T11:55:45.801232,shrek3,him,87,True,c6aff4c179ab,9.585532000528474,latency-e0bb21a371ee.csv
2,e0bb21a371ee,2025-10-15T11:55:45.925166,shrek,Blah,1,True,6ec6587f6660,8.20287999977154,latency-e0bb21a371ee.csv
2,e0bb21a371ee,2025-10-15T11:55:46.042065,shrek3,ruby,1,True,c6aff4c179ab,6.42189900008816,latency-e0bb21a371ee.csv
2,e0bb21a371ee,2025-10-15T11:55:46.155598,grail,are,114,True,6ec6587f6660,7.008233999840741,latency-e0bb21a371ee.csv
2,e0bb21a371ee,2025-10-15T11:55:46.270317,shrek,your,49,True,a1e396557c78,10.36620899958507,latency-e0bb21a371ee.csv
2,e0bb21a371ee,2025-10-15T11:55:46.399230,shrek,What,104,True,a1e396557c78,10.1300660007837,latency-e0bb21a371ee.csv
2,e0bb21a371ee,2025-10-15T11:55:46.524745,shrek,FARQUAAD,84,True,6ec6587f6660,5.90951399954065,latency-e0bb21a371ee.csv
2,e0bb21a371ee,2025-10-15T11:55:46.636405,shrek3,Whoa,7,True,6ec6587f6660,5.675538999639684,latency-e0bb21a371ee.csv
2,e0bb21a371ee,2025-10-15T11:55:46.747876,shrek3,TO,511,True,6ec6587f6660,9.11012300002767,latency-e0bb21a371ee.csv
2,e0bb21a371ee,2025-10-15T11:55:46.863960,shrek3,its,1,True,a1e396557c78,7.101193999915267,latency-e0bb21a371ee.csv
2,e0bb21a371ee,2025-10-15T11:55:46.978656,grail,us,32,True,c6aff4c179ab,6.306971999947564,latency-e0bb21a371ee.csv
2,e0bb21a371ee,2025-10-15T11:55:47.091273,shrek3,boomerang,1,True,6ec6587f6660,6.6208309999638,latency-e0bb21a371ee.csv
2,e0bb21a371ee,2025-10-15T11:55:47.204919,shrek,DONKEY,320,True,6ec6587f6660,5.113015999995696,latency-e0bb21a371ee.csv
2,e0bb21a371ee,2025-10-15T11:55:47.315872,shrek,not,50,True,6ec6587f6660,17.26080699972954,latency-e0bb21a371ee.csv
2,e0bb21a371ee,2025-10-15T11:55:47.445319,shrek,SHREK,433,True,6ec6587f6660,8.20444500004669,latency-e0bb21a371ee.csv
2,e0bb21a371ee,2025-10-15T11:55:47.560245,shrek3,PUSS,196,True,a1e396557c78,6.301986999460496,latency-e0bb21a371ee.csv
2,e0bb21a371ee,2025-10-15T11:55:47.673906,grail,with/,0,True,c6aff4c179ab,7.363974999861966,latency-e0bb21a371ee.csv
2,e0bb21a371ee,2025-10-15T11:55:47.790116,shrek3,reason,2,True,a1e396557c78,6.054004000361601,latency-e0bb21a371ee.csv
2,e0bb21a371ee,2025-10-15T11:55:47.903039,shrek3,ho,8,True,c6aff4c179ab,10.00860499971168,latency-e0bb21a371ee.csv
2,e0bb21a371ee,2025-10-15T11:55:48.020660,shrek3,WHITE,45,True,a1e396557c78,8.80009100001189,latency-e0bb21a371ee.csv
2,e0bb21a371ee,2025-10-15T11:55:48.137627,shrek3,him,87,True,6ec6587f6660,22.57612599987624,latency-e0bb21a371ee.csv
1,e2370d8d027a,2025-10-15T11:55:45.753078,shrek3,what,82,True,c6aff4c179ab,8.027740999750677,latency-e2370d8d027a.csv
1,e2370d8d027a,2025-10-15T11:55:45.870160,shrek3,you,328,True,6ec6587f6660,7.546945999820309,latency-e2370d8d027a.csv
1,e2370d8d027a,2025-10-15T11:55:45.983584,shrek3,right,36,True,a1e396557c78,6.688657000267995,latency-e2370d8d027a.csv
1,e2370d8d027a,2025-10-15T11:55:46.096918,shrek3,reason,2,True,c6aff4c179ab,8.468932999676326,latency-e2370d8d027a.csv
1,e2370d8d027a,2025-10-15T11:55:46.212585,grail,Get,47,True,c6aff4c179ab,5.094539999845438,latency-e2370d8d027a.csv
1,e2370d8d027a,2025-10-15T11:55:46.324447,grail,going,21,True,c6aff4c179ab,16.08086899977934,latency-e2370d8d027a.csv
1,e2370d8d027a,2025-10-15T11:55:46.455281,shrek3,ho,8,True,6ec6587f6660,18.46409100016899,latency-e2370d8d027a.csv
1,e2370d8d027a,2025-10-15T11:55:46.588042,shrek3,SHREK,678,True,6ec6587f6660,10.3853419996085,latency-e2370d8d027a.csv
1,e2370d8d027a,2025-10-15T11:55:46.707536,grail,"lute,",0,True,6ec6587f6660,7.517753999309207,latency-e2370d8d027a.csv
1,e2370d8d027a,2025-10-15T11:55:46.826300,shrek3,ruby,1,True,c6aff4c179ab,7.674327999666275,latency-e2370d8d027a.csv
1,e2370d8d027a,2025-10-15T11:55:46.943429,shrek,its,1,True,6ec6587f6660,11.977815999671291,latency-e2370d8d027a.csv
1,e2370d8d027a,2025-10-15T11:55:47.069985,grail,TV,2,True,c6aff4c179ab,5.994613999973808,latency-e2370d8d027a.csv
1,e2370d8d027a,2025-10-15T11:55:47.183966,shrek3,2,8,True,c6aff4c179ab,6.127477000518411,latency-e2370d8d027a.csv
1,e2370d8d027a,2025-10-15T11:55:47.299371,shrek3,PRINCE,207,True,a1e396557c78,12.202842999613496,latency-e2370d8d027a.csv
1,e2370d8d027a,2025-10-15T11:55:47.424924,shrek3,get,39,True,c6aff4c179ab,8.044298000640993,latency-e2370d8d027a.csv
1,e2370d8d027a,2025-10-15T11:55:47.540785,shrek,your,49,True,c6aff4c179ab,7.5290059994586045,latency-e2370d8d027a.csv
1,e2370d8d027a,2025-10-15T11:55:47.655018,shrek,who,29,True,6ec6587f6660,9.574445999533054,latency-e2370d8d027a.csv
1,e2370d8d027a,2025-10-15T11:55:47.772523,shrek3,field,3,True,a1e396557c78,6.46301999950083,latency-e2370d8d027a.csv
1,e2370d8d027a,2025-10-15T11:55:47.887645,shrek3,SHREK,678,True,6ec6587f6660,8.042344000386947,latency-e2370d8d027a.csv
1,e2370d8d027a,2025-10-15T11:55:48.005023,grail,the,1600,True,c6aff4c179ab,10.506556000109413,latency-e2370d8d027a.csv
2,e2370d8d027a,2025-10-15T11:55:48.124240,shrek3,what,82,True,c6aff4c179ab,9.852034999312307,latency-e2370d8d027a.csv
2,e2370d8d027a,2025-10-15T11:55:48.255071,shrek3,you,328,True,a1e396557c78,9.859299999334326,latency-e2370d8d027a.csv
2,e2370d8d027a,2025-10-15T11:55:48.381778,shrek3,right,36,True,a1e396557c78,10.899802000494674,latency-e2370d8d027a.csv
2,e2370d8d027a,2025-10-15T11:55:48.514386,shrek3,reason,2,True,c6aff4c179ab,9.121690000029048,latency-e2370d8d027a.csv
2,e2370d8d027a,2025-10-15T11:55:48.631639,grail,Get,47,True,c6aff4c179ab,8.972096000434249,latency-e2370d8d027a.csv
2,e2370d8d027a,2025-10-15T11:55:48.750090,grail,going,21,True,6ec6587f6660,19.44512800037046,latency-e2370d8d027a.csv
2,e2370d8d027a,2025-10-15T11:55:48.904011,shrek3,ho,8,True,c6aff4c179ab,5.798768000204291,latency-e2370d8d027a.csv
2,e2370d8d027a,2025-10-15T11:55:49.018111,shrek3,SHREK,678,True,a1e396557c78,4.971330000444141,latency-e2370d8d027a.csv
2,e2370d8d027a,2025-10-15T11:55:49.128287,grail,"lute,",0,True,c6aff4c179ab,8.199343000342196,latency-e2370d8d027a.csv
2,e2370d8d027a,2025-10-15T11:55:49.242367,shrek3,ruby,1,True,6ec6587f6660,5.802024999866262,latency-e2370d8d027a.csv
2,e2370d8d027a,2025-10-15T11:55:49.353883,shrek,its,1,True,c6aff4c179ab,4.778386999532813,latency-e2370d8d027a.csv
2,e2370d8d027a,2025-10-15T11:55:49.463527,grail,TV,2,True,6ec6587f6660,4.639467000743025,latency-e2370d8d027a.csv
2,e2370d8d027a,2025-10-15T11:55:49.573443,shrek3,2,8,True,a1e396557c78,4.761431999213528,latency-e2370d8d027a.csv
2,e2370d8d027a,2025-10-15T11:55:49.683440,shrek3,PRINCE,207,True,c6aff4c179ab,13.40696300030686,latency-e2370d8d027a.csv
2,e2370d8d027a,2025-10-15T11:55:49.803736,shrek3,get,39,True,c6aff4c179ab,6.041501000254357,latency-e2370d8d027a.csv
2,e2370d8d027a,2025-10-15T11:55:49.915479,shrek,your,49,True,6ec6587f6660,7.743988000584068,latency-e2370d8d027a.csv
2,e2370d8d027a,2025-10-15T11:55:50.030247,shrek,who,29,True,c6aff4c179ab,5.909294000048249,latency-e2370d8d027a.csv
2,e2370d8d027a,2025-10-15T11:55:50.145357,shrek3,field,3,True,a1e396557c78,5.926071000430966,latency-e2370d8d027a.csv
2,e2370d8d027a,2025-10-15T11:55:50.258091,shrek3,SHREK,678,True,6ec6587f6660,14.17489600044064,latency-e2370d8d027a.csv
2,e2370d8d027a,2025-10-15T11:55:50.389983,grail,the,1600,True,6ec6587f6660,7.30595299955894,latency-e2370d8d027a.csv
1,e96574db7848,2025-10-15T11:56:01.513967,shrek,afraid,8,True,c6aff4c179ab,4.989767000552092,latency-e96574db7848.csv
1,e96574db7848,2025-10-15T11:56:01.624241,shrek,gone,3,True,a1e396557c78,11.64828800028772,latency-e96574db7848.csv
1,e96574db7848,2025-10-15T11:56:01.745299,grail,"lute,",0,True,6ec6587f6660,5.84047099982854,latency-e96574db7848.csv
1,e96574db7848,2025-10-15T11:56:01.856917,shrek,lay,2,True,c6aff4c179ab,7.168226999965555,latency-e96574db7848.csv
1,e96574db7848,2025-10-15T11:56:01.970380,shrek3,us,12,True,a1e396557c78,6.78846800019528,latency-e96574db7848.csv
1,e96574db7848,2025-10-15T11:56:02.086975,shrek3,right,36,True,6ec6587f6660,14.252253999984532,latency-e96574db7848.csv
1,e96574db7848,2025-10-15T11:56:02.208641,shrek,fair,2,True,c6aff4c179ab,7.034967999970831,latency-e96574db7848.csv
1,e96574db7848,2025-10-15T11:56:02.323056,shrek,will,16,True,a1e396557c78,6.529909999699157,latency-e96574db7848.csv
1,e96574db7848,2025-10-15T11:56:02.436658,shrek,on,88,True,6ec6587f6660,7.330882000132988,latency-e96574db7848.csv
1,e96574db7848,2025-10-15T11:56:02.551439,shrek3,TO,511,True,c6aff4c179ab,8.549636000680039,latency-e96574db7848.csv
1,e96574db7848,2025-10-15T11:56:02.667499,grail,Rostmm,1,True,a1e396557c78,8.223010999245162,latency-e96574db7848.csv
1,e96574db7848,2025-10-15T11:56:02.783264,grail,Eolio,2,True,a1e396557c78,7.194712000455183,latency-e96574db7848.csv
1,e96574db7848,2025-10-15T11:56:02.897105,grail,LANCELOT,59,True,6ec6587f6660,6.043389999831561,latency-e96574db7848.csv
1,e96574db7848,2025-10-15T11:56:03.009221,grail,3,18,True,c6aff4c179ab,8.475942000586656,latency-e96574db7848.csv
1,e96574db7848,2025-10-15T11:56:03.127731,shrek,DONKEY,320,True,a1e396557c78,6.793859999561391,latency-e96574db7848.csv
1,e96574db7848,2025-10-15T11:56:03.250989,shrek,at,62,True,c6aff4c179ab,9.104559000661538,latency-e96574db7848.csv
1,e96574db7848,2025-10-15T11:56:03.371695,shrek,you,409,True,c6aff4c179ab,7.537319000221032,latency-e96574db7848.csv
1,e96574db7848,2025-10-15T11:56:03.487443,shrek,FIONA,211,True,a1e396557c78,5.703464999896823,latency-e96574db7848.csv
1,e96574db7848,2025-10-15T11:56:03.599507,shrek,and,318,True,6ec6587f6660,5.651548000059847,latency-e96574db7848.csv
1,e96574db7848,2025-10-15T11:56:03.716603,shrek,FIONA,211,True,c6aff4c179ab,18.611990999488626,latency-e96574db7848.csv
2,e96574db7848,2025-10-15T11:56:03.841663,shrek,afraid,8,True,c6aff4c179ab,7.120918000509846,latency-e96574db7848.csv
2,e96574db7848,2025-10-15T11:56:03.956133,shrek,gone,3,True,c6aff4c179ab,7.0204290004767245,latency-e96574db7848.csv
2,e96574db7848,2025-10-15T11:56:04.070455,grail,"lute,",0,True,a1e396557c78,7.831234000150289,latency-e96574db7848.csv
2,e96574db7848,2025-10-15T11:56:04.184947,shrek,lay,2,True,6ec6587f6660,6.928348999281297,latency-e96574db7848.csv
2,e96574db7848,2025-10-15T11:56:04.298473,shrek3,us,12,True,6ec6587f6660,8.122535000438802,latency-e96574db7848.csv
2,e96574db7848,2025-10-15T11:56:04.421592,shrek3,right,36,True,a1e396557c78,6.969093999941833,latency-e96574db7848.csv
2,e96574db7848,2025-10-15T11:56:04.534666,shrek,fair,2,True,c6aff4c179ab,27.050872000472737,latency-e96574db7848.csv
2,e96574db7848,2025-10-15T11:56:04.668402,shrek,will,16,True,c6aff4c179ab,22.038479000002557,latency-e96574db7848.csv
2,e96574db7848,2025-10-15T11:56:04.806772,shrek,on,88,True,a1e396557c78,14.697317999889492,latency-e96574db7848.csv
2,e96574db7848,2025-10-15T11:56:04.937960,shrek3,TO,511,True,a1e396557c78,8.870027999364538,latency-e96574db7848.csv
2,e96574db7848,2025-10-15T11:56:05.054662,grail,Rostmm,1,True,c6aff4c179ab,9.492989000136731,latency-e96574db7848.csv
2,e96574db7848,2025-10-15T11:56:05.175449,grail,Eolio,2,True,c6aff4c179ab,8.021415000257548,latency-e96574db7848.csv
2,e96574db7848,2025-10-15T11:56:05.294591,grail,LANCELOT,59,True,c6aff4c179ab,6.209832000422466,latency-e96574db7848.csv
2,e96574db7848,2025-10-15T11:56:05.412297,grail,3,18,True,a1e396557c78,6.75263300036022,latency-e96574db7848.csv
2,e96574db7848,2025-10-15T11:56:05.530503,shrek,DONKEY,320,True,a1e396557c78,5.801876000077755,latency-e96574db7848.csv
2,e96574db7848,2025-10-15T11:56:05.642928,shrek,at,62,True,6ec6587f6660,4.704463000052783,latency-e96574db7848.csv
2,e96574db7848,2025-10-15T11:56:05.754123,shrek,you,409,True,c6aff4c179ab,5.608359999314416,latency-e96574db7848.csv
2,e96574db7848,2025-10-15T11:56:05.866400,shrek,FIONA,211,True,c6aff4c179ab,5.1061830008620746,latency-e96574db7848.csv
2,e96574db7848,2025-10-15T11:56:05.979003,shrek,and,318,True,c6aff4c179ab,6.727840000166907,latency-e96574db7848.csv
2,e96574db7848,2025-10-15T11:56:06.092679,shrek,FIONA,211,True,c6aff4c179ab,4.915252000500914,latency-e96574db7848.csv
1,ee921a15e578,2025-10-15T11:55:39.155263,grail,Christ,8,True,6ec6587f6660,4.7960189995137625,latency-ee921a15e578.csv
1,ee921a15e578,2025-10-15T11:55:39.267037,shrek3,of,275,True,c6aff4c179ab,6.5718800005925,latency-ee921a15e578.csv
1,ee921a15e578,2025-10-15T11:55:39.381378,grail,king,136,True,c6aff4c179ab,7.386817999758932,latency-ee921a15e578.csv
1,ee921a15e578,2025-10-15T11:55:39.497596,shrek3,of,275,True,c6aff4c179ab,5.55512400023872,latency-ee921a15e578.csv
1,ee921a15e578,2025-10-15T11:55:39.611218,shrek3,PUSS,196,True,a1e396557c78,7.921186000203306,latency-ee921a15e578.csv
1,ee921a15e578,2025-10-15T11:55:39.725947,grail,king,136,True,c6aff4c179ab,15.125042999898142,latency-ee921a15e578.csv
1,ee921a15e578,2025-10-15T11:55:39.854934,shrek,will,16,True,c6aff4c179ab,9.999308999795176,latency-ee921a15e578.csv
1,ee921a15e578,2025-10-15T11:55:39.972359,shrek3,fall,6,True,c6aff4c179ab,7.582539000395627,latency-ee921a15e578.csv
1,ee921a15e578,2025-10-15T11:55:40.086775,grail,Get,47,True,a1e396557c78,21.60911600003601,latency-ee921a15e578.csv
1,ee921a15e578,2025-10-15T11:55:40.219697,shrek3,ARTIE,213,True,6ec6587f6660,23.201386999971877,latency-ee921a15e578.csv
1,ee921a15e578,2025-10-15T11:55:40.352413,shrek,lay,2,True,6ec6587f6660,15.775963999658416,latency-ee921a15e578.csv
1,ee921a15e578,2025-10-15T11:55:40.490114,shrek,field,4,True,c6aff4c179ab,11.962532999859832,latency-ee921a15e578.csv
1,ee921a15e578,2025-10-15T11:55:40.611614,grail,LANCELOT,59,True,a1e396557c78,24.088012999527564,latency-ee921a15e578.csv
1,ee921a15e578,2025-10-15T11:55:40.758818,shrek,FARQUAAD,84,True,c6aff4c179ab,10.050799000055122,latency-ee921a15e578.csv
1,ee921a15e578,2025-10-15T11:55:40.931699,shrek,And,318,True,6ec6587f6660,8.62941699961084,latency-ee921a15e578.csv
1,ee921a15e578,2025-10-15T11:55:41.051519,grail,Guard,106,True,a1e396557c78,6.045815999641491,latency-ee921a15e578.csv
1,ee921a15e578,2025-10-15T11:55:41.165471,shrek,after,10,True,c6aff4c179ab,8.032497000385774,latency-ee921a15e578.csv
1,ee921a15e578,2025-10-15T11:55:41.280239,shrek3,Arg,1,True,6ec6587f6660,5.706938000002992,latency-ee921a15e578.csv
1,ee921a15e578,2025-10-15T11:55:41.392572,shrek,"Ha,",0,True,a1e396557c78,5.271912999887718,latency-ee921a15e578.csv
1,ee921a15e578,2025-10-15T11:55:41.503076,grail,Gallahad,44,True,6ec6587f6660,6.1270199994396535,latency-ee921a15e578.csv
2,ee921a15e578,2025-10-15T11:55:41.615287,grail,Christ,8,True,c6aff4c179ab,4.892320999715594,latency-ee921a15e578.csv
2,ee921a15e578,2025-10-15T11:55:41.725529,shrek3,of,275,True,6ec6587f6660,7.423830000334419,latency-ee921a15e578.csv
2,ee921a15e578,2025-10-15T11:55:41.838850,grail,king,136,True,c6aff4c179ab,7.61812699965958,latency-ee921a15e578.csv
2,ee921a15e578,2025-10-15T11:55:41.952866,shrek3,of,275,True,a1e396557c78,4.876725999565679,latency-ee921a15e578.csv
2,ee921a15e578,2025-10-15T11:55:42.063500,shrek3,PUSS,196,True,c6aff4c179ab,6.195563000801485,latency-ee921a15e578.csv
2,ee921a15e578,2025-10-15T11:55:42.175981,grail,king,136,True,6ec6587f6660,8.00026499928208,latency-ee921a15e578.csv
2,ee921a15e578,2025-10-15T11:55:42.295926,shrek,will,16,True,c6aff4c179ab,9.22759999957634,latency-ee921a15e578.csv
2,ee921a15e578,2025-10-15T11:55:42.412315,shrek3,fall,6,True,a1e396557c78,10.46670699997776,latency-ee921a15e578.csv
2,ee921a15e578,2025-10-15T11:55:42.530364,grail,Get,47,True,6ec6587f6660,8.879983999577234,latency-ee921a15e578.csv
2,ee921a15e578,2025-10-15T11:55:42.646328,shrek3,ARTIE,213,True,a1e396557c78,10.448777999954473,latency-ee921a15e578.csv
2,ee921a15e578,2025-10-15T11:55:42.763923,shrek,lay,2,True,6ec6587f6660,11.690544999510166,latency-ee921a15e578.csv
2,ee921a15e578,2025-10-15T11:55:42.887396,shrek,field,4,True,6ec6587f6660,7.0494769997822,latency-ee921a15e578.csv
2,ee921a15e578,2025-10-15T11:55:43.004693,grail,LANCELOT,59,True,c6aff4c179ab,14.527371000440326,latency-ee921a15e578.csv
2,ee921a15e578,2025-10-15T11:55:43.132495,shrek,FARQUAAD,84,True,a1e396557c78,8.316832000673458,latency-ee921a15e578.csv
2,ee921a15e578,2025-10-15T11:55:43.255196,shrek,And,318,True,c6aff4c179ab,15.031730999908175,latency-ee921a15e578.csv
2,ee921a15e578,2025-10-15T11:55:43.386069,grail,Guard,106,True,c6aff4c179ab,12.08902200050943,latency-ee921a15e578.csv
2,ee921a15e578,2025-10-15T11:55:43.510191,shrek,after,10,True,6ec6587f6660,9.071046999451935,latency-ee921a15e578.csv
2,ee921a15e578,2025-10-15T11:55:43.633212,shrek3,Arg,1,True,6ec6587f6660,9.174429000267992,latency-ee921a15e578.csv
2,ee921a15e578,2025-10-15T11:55:43.753443,shrek,"Ha,",0,True,6ec6587f6660,17.652889000601135,latency-ee921a15e578.csv
2,ee921a15e578,2025-10-15T11:55:43.887351,grail,Gallahad,44,True,a1e396557c78,6.896546000461967,latency-ee921a15e578.csv
1,f36415f7bcc6,2025-10-15T11:55:25.070288,grail,thus,5,False,c6aff4c179ab,12.464407999686957,latency-f36415f7bcc6.csv
1,f36415f7bcc6,2025-10-15T11:55:25.188151,shrek,GUARD,25,True,6ec6587f6660,6.816672999775619,latency-f36415f7bcc6.csv
1,f36415f7bcc6,2025-10-15T11:55:25.301876,shrek,his,48,False,6ec6587f6660,10.188907000156178,latency-f36415f7bcc6.csv
1,f36415f7bcc6,2025-10-15T11:55:25.417092,grail,rows,1,False,a1e396557c78,9.904247999656944,latency-f36415f7bcc6.csv
1,f36415f7bcc6,2025-10-15T11:55:25.534569,grail,pathetic,4,False,c6aff4c179ab,20.88755700060574,latency-f36415f7bcc6.csv
1,f36415f7bcc6,2025-10-15T11:55:25.663217,shrek,afraid,8,True,6ec6587f6660,5.510397000762168,latency-f36415f7bcc6.csv
1,f36415f7bcc6,2025-10-15T11:55:25.775048,grail,from,94,False,6ec6587f6660,12.60017099957622,latency-f36415f7bcc6.csv
1,f36415f7bcc6,2025-10-15T11:55:25.896254,shrek,minute,3,True,6ec6587f6660,5.421854000815074,latency-f36415f7bcc6.csv
1,f36415f7bcc6,2025-10-15T11:55:26.008665,grail,Launcelot,107,False,6ec6587f6660,18.02617300018028,latency-f36415f7bcc6.csv
1,f36415f7bcc6,2025-10-15T11:55:26.141330,shrek,you,409,True,6ec6587f6660,10.747551999884308,latency-f36415f7bcc6.csv
1,f36415f7bcc6,2025-10-15T11:55:26.261395,grail,on,139,False,c6aff4c179ab,15.125136999813549,latency-f36415f7bcc6.csv
1,f36415f7bcc6,2025-10-15T11:55:26.384945,shrek,a,305,True,a1e396557c78,7.831314999748429,latency-f36415f7bcc6.csv
1,f36415f7bcc6,2025-10-15T11:55:26.499464,grail,with/,0,False,c6aff4c179ab,29.0682660006496,latency-f36415f7bcc6.csv
1,f36415f7bcc6,2025-10-15T11:55:26.644313,grail,Boom,4,True,a1e396557c78,7.288601000254857,latency-f36415f7bcc6.csv
1,f36415f7bcc6,2025-10-15T11:55:26.758692,shrek,our,11,True,c6aff4c179ab,11.08555299924774,latency-f36415f7bcc6.csv
1,f36415f7bcc6,2025-10-15T11:55:26.878363,shrek,ogre,27,True,a1e396557c78,10.90702599958604,latency-f36415f7bcc6.csv
1,f36415f7bcc6,2025-10-15T11:55:27.001406,grail,TV,2,False,6ec6587f6660,11.275292000391346,latency-f36415f7bcc6.csv
1,f36415f7bcc6,2025-10-15T11:55:27.118612,shrek,DONKEY,320,True,c6aff4c179ab,8.89205099974788,latency-f36415f7bcc6.csv
1,f36415f7bcc6,2025-10-15T11:55:27.242408,shrek3,SHREK,678,True,c6aff4c179ab,18.933166999886453,latency-f36415f7bcc6.csv
1,f36415f7bcc6,2025-10-15T11:55:27.375955,shrek3,showing,1,True,c6aff4c179ab,4.60413999917364,latency-f36415f7bcc6.csv
2,f36415f7bcc6,2025-10-15T11:55:27.486474,grail,thus,5,True,6ec6587f6660,10.93385500007571,latency-f36415f7bcc6.csv
2,f36415f7bcc6,2025-10-15T11:55:27.604024,shrek,GUARD,25,True,6ec6587f6660,5.500556000697543,latency-f36415f7bcc6.csv
2,f36415f7bcc6,2025-10-15T11:55:27.715614,shrek,his,48,True,c6aff4c179ab,7.357985999988159,latency-f36415f7bcc6.csv
2,f36415f7bcc6,2025-10-15T11:55:27.830268,grail,rows,1,True,6ec6587f6660,12.35006600018096,latency-f36415f7bcc6.csv
2,f36415f7bcc6,2025-10-15T11:55:27.950078,grail,pathetic,4,True,c6aff4c179ab,6.456789999901957,latency-f36415f7bcc6.csv
2,f36415f7bcc6,2025-10-15T11:55:28.065450,shrek,afraid,8,True,a1e396557c78,13.03252199977578,latency-f36415f7bcc6.csv
2,f36415f7bcc6,2025-10-15T11:55:28.194235,grail,from,94,True,a1e396557c78,6.9174310001471895,latency-f36415f7bcc6.csv
2,f36415f7bcc6,2025-10-15T11:55:28.322847,shrek,minute,3,True,c6aff4c179ab,10.955196000395516,latency-f36415f7bcc6.csv
2,f36415f7bcc6,2025-10-15T11:55:28.444420,grail,Launcelot,107,True,6ec6587f6660,9.285676999752468,latency-f36415f7bcc6.csv
2,f36415f7bcc6,2025-10-15T11:55:28.560516,shrek,you,409,True,c6aff4c179ab,6.320039000456745,latency-f36415f7bcc6.csv
2,f36415f7bcc6,2025-10-15T11:55:28.679295,grail,on,139,True,c6aff4c179ab,6.237069000235351,latency-f36415f7bcc6.csv
2,f36415f7bcc6,2025-10-15T11:55:28.807311,shrek,a,305,True,6ec6587f6660,87.26647500043327,latency-f36415f7bcc6.csv
2,f36415f7bcc6,2025-10-15T11:55:29.051066,grail,with/,0,True,a1e396557c78,34.37565100011852,latency-f36415f7bcc6.csv
2,f36415f7bcc6,2025-10-15T11:55:29.218329,grail,Boom,4,True,a1e396557c78,11.035040999558989,latency-f36415f7bcc6.csv
2,f36415f7bcc6,2025-10-15T11:55:29.363527,shrek,our,11,True,c6aff4c179ab,9.27885300006892,latency-f36415f7bcc6.csv
2,f36415f7bcc6,2025-10-15T11:55:29.482614,shrek,ogre,27,True,a1e396557c78,8.439365999947768,latency-f36415f7bcc6.csv
2,f36415f7bcc6,2025-10-15T11:55:29.601605,grail,TV,2,True,6ec6587f6660,7.114263000403298,latency-f36415f7bcc6.csv
2,f36415f7bcc6,2025-10-15T11:55:29.716706,shrek,DONKEY,320,True,c6aff4c179ab,8.595230000537413,latency-f36415f7bcc6.csv
2,f36415f7bcc6,2025-10-15T11:55:29.839437,shrek3,SHREK,678,True,a1e396557c78,5.836154999997234,latency-f36415f7bcc6.csv
2,f36415f7bcc6,2025-10-15T11:55:29.958639,shrek3,showing,1,True,6ec6587f6660,13.15466899995954,latency-f36415f7bcc6.csv
1,f63a3f41781d,2025-10-15T11:55:48.696114,shrek3,They,80,True,6ec6587f6660,32.671594999555964,latency-f63a3f41781d.csv
1,f63a3f41781d,2025-10-15T11:55:48.845749,shrek3,WOLF,7,True,c6aff4c179ab,5.6086989998220815,latency-f63a3f41781d.csv
1,f63a3f41781d,2025-10-15T11:55:48.959974,shrek,tell,25,True,a1e396557c78,7.977007000590675,latency-f63a3f41781d.csv
1,f63a3f41781d,2025-10-15T11:55:49.073375,grail,sell,1,True,6ec6587f6660,5.6311779999305145,latency-f63a3f41781d.csv
1,f63a3f41781d,2025-10-15T11:55:49.184045,shrek3,us,12,True,a1e396557c78,6.873676999930467,latency-f63a3f41781d.csv
1,f63a3f41781d,2025-10-15T11:55:49.298009,shrek3,with,112,True,6ec6587f6660,8.015776999855007,latency-f63a3f41781d.csv
1,f63a3f41781d,2025-10-15T11:55:49.413196,shrek3,glass,9,True,c6aff4c179ab,5.499391999364889,latency-f63a3f41781d.csv
1,f63a3f41781d,2025-10-15T11:55:49.524258,shrek3,them,44,True,6ec6587f6660,5.913060999773734,latency-f63a3f41781d.csv
1,f63a3f41781d,2025-10-15T11:55:49.635281,grail,Bridge,30,True,a1e396557c78,8.15019800029404,latency-f63a3f41781d.csv
1,f63a3f41781d,2025-10-15T11:55:49.769372,shrek3,decree,1,True,6ec6587f6660,10.227294999822334,latency-f63a3f41781d.csv
1,f63a3f41781d,2025-10-15T11:55:49.890296,shrek3,of,275,True,c6aff4c179ab,5.910025000048336,latency-f63a3f41781d.csv
1,f63a3f41781d,2025-10-15T11:55:50.002593,grail,Yeah,13,True,a1e396557c78,4.614302000845783,latency-f63a3f41781d.csv
1,f63a3f41781d,2025-10-15T11:55:50.111824,grail,Boom,4,True,6ec6587f6660,5.736626999350847,latency-f63a3f41781d.csv
1,f63a3f41781d,2025-10-15T11:55:50.223526,shrek3,RAPUNZEL,30,True,c6aff4c179ab,6.787555999835604,latency-f63a3f41781d.csv
1,f63a3f41781d,2025-10-15T11:55:50.335961,shrek,field,4,True,a1e396557c78,5.395154999860097,latency-f63a3f41781d.csv
1,f63a3f41781d,2025-10-15T11:55:50.446732,shrek,its,1,True,c6aff4c179ab,6.248001000130898,latency-f63a3f41781d.csv
1,f63a3f41781d,2025-10-15T11:55:50.559458,shrek3,Final,119,True,a1e396557c78,8.287145000394958,latency-f63a3f41781d.csv
1,f63a3f41781d,2025-10-15T11:55:50.676703,shrek,Blah,1,True,6ec6587f6660,5.3630470001735375,latency-f63a3f41781d.csv
1,f63a3f41781d,2025-10-15T11:55:50.787010,grail,pretty,7,True,a1e396557c78,9.285203999752412,latency-f63a3f41781d.csv
1,f63a3f41781d,2025-10-15T11:55:50.904573,shrek3,Uh,18,True,6ec6587f6660,5.959305000033055,latency-f63a3f41781d.csv
2,f63a3f41781d,2025-10-15T11:55:51.016061,shrek3,They,80,True,c6aff4c179ab,6.910490999871399,latency-f63a3f41781d.csv
2,f63a3f41781d,2025-10-15T11:55:51.129145,shrek3,WOLF,7,True,a1e396557c78,6.330918999992719,latency-f63a3f41781d.csv
2,f63a3f41781d,2025-10-15T11:55:51.253239,shrek,tell,25,True,c6aff4c179ab,8.167869000317296,latency-f63a3f41781d.csv
2,f63a3f41781d,2025-10-15T11:55:51.368093,grail,sell,1,True,a1e396557c78,20.896789000289573,latency-f63a3f41781d.csv
2,f63a3f41781d,2025-10-15T11:55:51.502093,shrek3,us,12,True,6ec6587f6660,8.577200000218,latency-f63a3f41781d.csv
2,f63a3f41781d,2025-10-15T11:55:51.616920,shrek3,with,112,True,c6aff4c179ab,12.37672899969766,latency-f63a3f41781d.csv
2,f63a3f41781d,2025-10-15T11:55:51.736772,shrek3,glass,9,True,6ec6587f6660,7.553100000222912,latency-f63a3f41781d.csv
2,f63a3f41781d,2025-10-15T11:55:51.850759,shrek3,them,44,True,c6aff4c179ab,6.908716999532771,latency-f63a3f41781d.csv
2,f63a3f41781d,2025-10-15T11:55:51.964157,grail,Bridge,30,True,a1e396557c78,7.757346999824222,latency-f63a3f41781d.csv
2,f63a3f41781d,2025-10-15T11:55:52.079079,shrek3,decree,1,True,6ec6587f6660,11.356465999597276,latency-f63a3f41781d.csv
2,f63a3f41781d,2025-10-15T11:55:52.197872,shrek3,of,275,True,c6aff4c179ab,6.45043100030307,latency-f63a3f41781d.csv
2,f63a3f41781d,2025-10-15T11:55:52.312161,grail,Yeah,13,True,a1e396557c78,6.170822000058251,latency-f63a3f41781d.csv
2,f63a3f41781d,2025-10-15T11:55:52.427006,grail,Boom,4,True,6ec6587f6660,8.17918099983217,latency-f63a3f41781d.csv
2,f63a3f41781d,2025-10-15T11:55:52.542575,shrek3,RAPUNZEL,30,True,c6aff4c179ab,6.425067000236595,latency-f63a3f41781d.csv
2,f63a3f41781d,2025-10-15T11:55:52.654333,shrek,field,4,True,6ec6587f6660,13.588848999461334,latency-f63a3f41781d.csv
2,f63a3f41781d,2025-10-15T11:55:52.775622,shrek,its,1,True,a1e396557c78,7.00578600026347,latency-f63a3f41781d.csv
2,f63a3f41781d,2025-10-15T11:55:52.890899,shrek3,Final,119,True,a1e396557c78,9.686104999673262,latency-f63a3f41781d.csv
2,f63a3f41781d,2025-10-15T11:55:53.014531,shrek,Blah,1,True,a1e396557c78,6.059833000108483,latency-f63a3f41781d.csv
2,f63a3f41781d,2025-10-15T11:55:53.134272,grail,pretty,7,True,c6aff4c179ab,4.69557500036899,latency-f63a3f41781d.csv
2,f63a3f41781d,2025-10-15T11:55:53.244437,shrek3,Uh,18,True,c6aff4c179ab,4.432362999978068,latency-f63a3f41781d.csv
1,f764b80df85a,2025-10-15T11:55:51.177836,shrek3,time,23,True,6ec6587f6660,4.316620000281546,latency-f764b80df85a.csv
1,f764b80df85a,2025-10-15T11:55:51.287607,shrek3,BOAT,32,True,a1e396557c78,9.709414999633736,latency-f764b80df85a.csv
1,f764b80df85a,2025-10-15T11:55:51.414043,shrek3,toward,14,True,a1e396557c78,19.14011999997456,latency-f764b80df85a.csv
1,f764b80df85a,2025-10-15T11:55:51.548206,grail,is,317,True,c6aff4c179ab,9.136767000200052,latency-f764b80df85a.csv
1,f764b80df85a,2025-10-15T11:55:51.676000,shrek3,SHOUTING),0,True,c6aff4c179ab,10.9780659995522,latency-f764b80df85a.csv
1,f764b80df85a,2025-10-15T11:55:51.796771,grail,it,279,True,6ec6587f6660,12.511476000327091,latency-f764b80df85a.csv
1,f764b80df85a,2025-10-15T11:55:51.919202,shrek,and,318,True,a1e396557c78,14.25914300034492,latency-f764b80df85a.csv
1,f764b80df85a,2025-10-15T11:55:52.050494,grail,Footnote,4,True,6ec6587f6660,9.843275000093854,latency-f764b80df85a.csv
1,f764b80df85a,2025-10-15T11:55:52.172876,shrek,who,29,True,a1e396557c78,12.234412999532651,latency-f764b80df85a.csv
1,f764b80df85a,2025-10-15T11:55:52.292160,shrek3,PUSS,196,True,6ec6587f6660,10.30151100076182,latency-f764b80df85a.csv
1,f764b80df85a,2025-10-15T11:55:52.410521,grail,is,317,True,c6aff4c179ab,10.739833999650727,latency-f764b80df85a.csv
1,f764b80df85a,2025-10-15T11:55:52.530731,grail,"lute,",0,True,a1e396557c78,7.919560999653186,latency-f764b80df85a.csv
1,f764b80df85a,2025-10-15T11:55:52.646631,shrek3,get,39,True,c6aff4c179ab,12.712748000012652,latency-f764b80df85a.csv
1,f764b80df85a,2025-10-15T11:55:52.773444,shrek,SHREK,433,True,6ec6587f6660,7.549717999609129,latency-f764b80df85a.csv
1,f764b80df85a,2025-10-15T11:55:52.890891,grail,Jones,7,True,c6aff4c179ab,21.34825900066062,latency-f764b80df85a.csv
1,f764b80df85a,2025-10-15T11:55:53.025233,shrek3,get,39,True,c6aff4c179ab,12.62933499947394,latency-f764b80df85a.csv
1,f764b80df85a,2025-10-15T11:55:53.146138,shrek,No,114,True,6ec6587f6660,4.811967000023287,latency-f764b80df85a.csv
1,f764b80df85a,2025-10-15T11:55:53.257969,shrek3,Im,1,True,6ec6587f6660,6.329946999358072,latency-f764b80df85a.csv
1,f764b80df85a,2025-10-15T11:55:53.371653,shrek3,SHREK,678,True,a1e396557c78,7.430360999933327,latency-f764b80df85a.csv
1,f764b80df85a,2025-10-15T11:55:53.486203,shrek3,reason,2,True,6ec6587f6660,5.868445000487554,latency-f764b80df85a.csv
2,f764b80df85a,2025-10-15T11:55:53.598060,shrek3,time,23,True,c6aff4c179ab,6.178667999847676,latency-f764b80df85a.csv
2,f764b80df85a,2025-10-15T11:55:53.710714,shrek3,BOAT,32,True,6ec6587f6660,5.191580000428075,latency-f764b80df85a.csv
2,f764b80df85a,2025-10-15T11:55:53.821647,shrek3,toward,14,True,a1e396557c78,6.811707999986538,latency-f764b80df85a.csv
2,f764b80df85a,2025-10-15T11:55:53.936551,grail,is,317,True,c6aff4c179ab,4.9803390002125525,latency-f764b80df85a.csv
2,f764b80df85a,2025-10-15T11:55:54.047205,shrek3,SHOUTING),0,True,c6aff4c179ab,12.41167799980758,latency-f764b80df85a.csv
2,f764b80df85a,2025-10-15T11:55:54.167215,grail,it,279,True,6ec6587f6660,8.71335900046688,latency-f764b80df85a.csv
2,f764b80df85a,2025-10-15T11:55:54.283089,shrek,and,318,True,a1e396557c78,8.845807000398054,latency-f764b80df85a.csv
2,f764b80df85a,2025-10-15T11:55:54.398846,grail,Footnote,4,True,a1e396557c78,6.999602999712806,latency-f764b80df85a.csv
2,f764b80df85a,2025-10-15T11:55:54.512220,shrek,who,29,True,a1e396557c78,6.660625000222353,latency-f764b80df85a.csv
2,f764b80df85a,2025-10-15T11:55:54.624655,shrek3,PUSS,196,True,a1e396557c78,12.217715000588214,latency-f764b80df85a.csv
2,f764b80df85a,2025-10-15T11:55:54.751826,grail,is,317,True,6ec6587f6660,7.258542000272428,latency-f764b80df85a.csv
2,f764b80df85a,2025-10-15T11:55:54.866429,grail,"lute,",0,True,6ec6587f6660,8.577790999879653,latency-f764b80df85a.csv
2,f764b80df85a,2025-10-15T11:55:54.981761,shrek3,get,39,True,a1e396557c78,9.259004999876195,latency-f764b80df85a.csv
2,f764b80df85a,2025-10-15T11:55:55.102760,shrek,SHREK,433,True,a1e396557c78,8.43522800005303,latency-f764b80df85a.csv
2,f764b80df85a,2025-10-15T11:55:55.222098,grail,Jones,7,True,a1e396557c78,14.890829999785636,latency-f764b80df85a.csv
2,f764b80df85a,2025-10-15T11:55:55.349749,shrek3,get,39,True,a1e396557c78,10.437965999699372,latency-f764b80df85a.csv
2,f764b80df85a,2025-10-15T11:55:55.476132,shrek,No,114,True,a1e396557c78,14.472116000433743,latency-f764b80df85a.csv
2,f764b80df85a,2025-10-15T11:55:55.601040,shrek3,Im,1,True,c6aff4c179ab,5.982968000353139,latency-f764b80df85a.csv
2,f764b80df85a,2025-10-15T11:55:55.719189,shrek3,SHREK,678,True,6ec6587f6660,8.829240000522987,latency-f764b80df85a.csv
2,f764b80df85a,2025-10-15T11:55:55.839172,shrek3,reason,2,True,a1e396557c78,10.891602999436143,latency-f764b80df85a.csv
1,f849a1200d11,2025-10-15T11:56:04.505952,shrek,GORDO,5,True,c6aff4c179ab,12.74364599976252,latency-f849a1200d11.csv
1,f849a1200d11,2025-10-15T11:56:04.662105,grail,Yeah,13,True,a1e396557c78,25.780728999961863,latency-f849a1200d11.csv
1,f849a1200d11,2025-10-15T11:56:04.804731,shrek3,Shrek,678,True,a1e396557c78,20.01476700024796,latency-f849a1200d11.csv
1,f849a1200d11,2025-10-15T11:56:04.950979,shrek,SHREK,433,True,c6aff4c179ab,7.280945000275096,latency-f849a1200d11.csv
1,f849a1200d11,2025-10-15T11:56:05.067570,shrek,his,48,True,6ec6587f6660,15.076560000125028,latency-f849a1200d11.csv
1,f849a1200d11,2025-10-15T11:56:05.190037,grail,dancing,10,True,c6aff4c179ab,7.352048000029754,latency-f849a1200d11.csv
1,f849a1200d11,2025-10-15T11:56:05.304046,grail,since,10,True,a1e396557c78,10.005164000176592,latency-f849a1200d11.csv
1,f849a1200d11,2025-10-15T11:56:05.423031,grail,Butts,2,True,6ec6587f6660,9.487598000305296,latency-f849a1200d11.csv
1,f849a1200d11,2025-10-15T11:56:05.543934,grail,and,722,True,6ec6587f6660,10.046764999970035,latency-f849a1200d11.csv
1,f849a1200d11,2025-10-15T11:56:05.669586,grail,and,722,True,6ec6587f6660,6.338799999866751,latency-f849a1200d11.csv
1,f849a1200d11,2025-10-15T11:56:05.782777,grail,Auuuuuuuugh,2,True,c6aff4c179ab,7.460848999471636,latency-f849a1200d11.csv
1,f849a1200d11,2025-10-15T11:56:05.898835,shrek,SHREK,433,True,a1e396557c78,4.831715999898734,latency-f849a1200d11.csv
1,f849a1200d11,2025-10-15T11:56:06.012630,grail,seek,12,True,a1e396557c78,9.474082000451745,latency-f849a1200d11.csv
1,f849a1200d11,2025-10-15T11:56:06.130318,shrek,who,29,True,a1e396557c78,9.16627799961134,latency-f849a1200d11.csv
1,f849a1200d11,2025-10-15T11:56:06.246940,grail,king,136,True,c6aff4c179ab,5.480476000229828,latency-f849a1200d11.csv
1,f849a1200d11,2025-10-15T11:56:06.358187,shrek3,DWARF,10,True,6ec6587f6660,9.157712000160243,latency-f849a1200d11.csv
1,f849a1200d11,2025-10-15T11:56:06.475363,shrek3,ARTIE,213,True,c6aff4c179ab,5.574703000092995,latency-f849a1200d11.csv
1,f849a1200d11,2025-10-15T11:56:06.587525,grail,Ecky-Ecky-Ecky,1,True,6ec6587f6660,4.26928599972598,latency-f849a1200d11.csv
1,f849a1200d11,2025-10-15T11:56:06.697609,shrek,I,386,True,a1e396557c78,5.879976999494829,latency-f849a1200d11.csv
1,f849a1200d11,2025-10-15T11:56:06.811320,shrek,edge,2,True,6ec6587f6660,5.026138000175706,latency-f849a1200d11.csv
2,f849a1200d11,2025-10-15T11:56:06.921163,shrek,GORDO,5,True,c6aff4c179ab,5.331141000169737,latency-f849a1200d11.csv
2,f849a1200d11,2025-10-15T11:56:07.031349,grail,Yeah,13,True,a1e396557c78,4.128714999751537,latency-f849a1200d11.csv
2,f849a1200d11,2025-10-15T11:56:07.140847,shrek3,Shrek,678,True,6ec6587f6660,5.282733000058215,latency-f849a1200d11.csv
2,f849a1200d11,2025-10-15T11:56:07.251355,shrek,SHREK,433,True,6ec6587f6660,5.77627799975744,latency-f849a1200d11.csv
2,f849a1200d11,2025-10-15T11:56:07.362247,shrek,his,48,True,6ec6587f6660,4.276536999896052,latency-f849a1200d11.csv
2,f849a1200d11,2025-10-15T11:56:07.471095,grail,dancing,10,True,6ec6587f6660,4.838500000005297,latency-f849a1200d11.csv
2,f849a1200d11,2025-10-15T11:56:07.580816,grail,since,10,True,6ec6587f6660,5.3127230003156,latency-f849a1200d11.csv
2,f849a1200d11,2025-10-15T11:56:07.691299,grail,Butts,2,True,a1e396557c78,4.579736000778212,latency-f849a1200d11.csv
2,f849a1200d11,2025-10-15T11:56:07.800572,grail,and,722,True,c6aff4c179ab,4.288489999453304,latency-f849a1200d11.csv
2,f849a1200d11,2025-10-15T11:56:07.909861,grail,and,722,True,6ec6587f6660,5.23138399967138,latency-f849a1200d11.csv
2,f849a1200d11,2025-10-15T11:56:08.020370,grail,Auuuuuuuugh,2,True,a1e396557c78,4.370409000330255,latency-f849a1200d11.csv
2,f849a1200d11,2025-10-15T11:56:08.129093,shrek,SHREK,433,True,c6aff4c179ab,4.149209999923187,latency-f849a1200d11.csv
2,f849a1200d11,2025-10-15T11:56:08.237575,grail,seek,12,True,a1e396557c78,6.0027539993825485,latency-f849a1200d11.csv
2,f849a1200d11,2025-10-15T11:56:08.349303,shrek,who,29,True,6ec6587f6660,3.984779999882449,latency-f849a1200d11.csv
2,f849a1200d11,2025-10-15T11:56:08.457907,grail,king,136,True,c6aff4c179ab,5.454844000269077,latency-f849a1200d11.csv
2,f849a1200d11,2025-10-15T11:56:08.567984,shrek3,DWARF,10,True,a1e396557c78,5.934667000474292,latency-f849a1200d11.csv
2,f849a1200d11,2025-10-15T11:56:08.678940,shrek3,ARTIE,213,True,a1e396557c78,5.172825000045123,latency-f849a1200d11.csv
2,f849a1200d11,2025-10-15T11:56:08.789630,grail,Ecky-Ecky-Ecky,1,True,a1e396557c78,6.287232000431686,latency-f849a1200d11.csv
2,f849a1200d11,2025-10-15T11:56:08.900953,shrek,I,386,True,a1e396557c78,4.960357000527438,latency-f849a1200d11.csv
2,f849a1200d11,2025-10-15T11:56:09.010300,shrek,edge,2,True,a1e396557c78,4.343716999755998,latency-f849a1200d11.csv
1,fb70aa3c94da,2025-10-15T11:55:25.368983,grail,Guard,106,False,6ec6587f6660,10.416416999760258,latency-fb70aa3c94da.csv
1,fb70aa3c94da,2025-10-15T11:55:25.484474,shrek,MAN,38,False,a1e396557c78,12.23411000046326,latency-fb70aa3c94da.csv
1,fb70aa3c94da,2025-10-15T11:55:25.603588,shrek3,you,328,False,c6aff4c179ab,11.014930999408534,latency-fb70aa3c94da.csv
1,fb70aa3c94da,2025-10-15T11:55:25.719562,shrek3,flaming,2,False,c6aff4c179ab,12.445299999853887,latency-fb70aa3c94da.csv
1,fb70aa3c94da,2025-10-15T11:55:25.837699,shrek3,him,87,True,a1e396557c78,7.055326999761746,latency-fb70aa3c94da.csv
1,fb70aa3c94da,2025-10-15T11:55:25.951656,grail,are,114,True,a1e396557c78,6.457821000367403,latency-fb70aa3c94da.csv
1,fb70aa3c94da,2025-10-15T11:55:26.063700,shrek3,TO,511,True,6ec6587f6660,7.1977490006247535,latency-fb70aa3c94da.csv
1,fb70aa3c94da,2025-10-15T11:55:26.177651,grail,seek,12,False,c6aff4c179ab,23.585018000630956,latency-fb70aa3c94da.csv
1,fb70aa3c94da,2025-10-15T11:55:26.309776,shrek,tale,7,False,a1e396557c78,18.17197199943621,latency-fb70aa3c94da.csv
1,fb70aa3c94da,2025-10-15T11:55:26.435280,grail,Eolio,2,True,a1e396557c78,7.215088000521064,latency-fb70aa3c94da.csv
1,fb70aa3c94da,2025-10-15T11:55:26.549599,shrek3,TO,511,True,c6aff4c179ab,18.14562500021566,latency-fb70aa3c94da.csv
1,fb70aa3c94da,2025-10-15T11:55:26.676442,shrek3,Im,1,True,a1e396557c78,8.43009899926983,latency-fb70aa3c94da.csv
1,fb70aa3c94da,2025-10-15T11:55:26.794538,grail,singing,33,False,a1e396557c78,17.573854999682226,latency-fb70aa3c94da.csv
1,fb70aa3c94da,2025-10-15T11:55:26.918806,grail,few,8,True,6ec6587f6660,8.399198999541113,latency-fb70aa3c94da.csv
1,fb70aa3c94da,2025-10-15T11:55:27.035002,shrek3,DWARF,10,True,a1e396557c78,5.478729000060412,latency-fb70aa3c94da.csv
1,fb70aa3c94da,2025-10-15T11:55:27.146245,shrek3,ARTIE,213,True,a1e396557c78,8.100875000309316,latency-fb70aa3c94da.csv
1,fb70aa3c94da,2025-10-15T11:55:27.264698,grail,cross,13,False,6ec6587f6660,20.704718000160938,latency-fb70aa3c94da.csv
1,fb70aa3c94da,2025-10-15T11:55:27.395060,shrek3,Final,119,False,6ec6587f6660,19.77510199958488,latency-fb70aa3c94da.csv
1,fb70aa3c94da,2025-10-15T11:55:27.521299,shrek3,wont,0,True,c6aff4c179ab,10.472345999914978,latency-fb70aa3c94da.csv
1,fb70aa3c94da,2025-10-15T11:55:27.640959,shrek,GUARD,25,True,6ec6587f6660,10.893630000282428,latency-fb70aa3c94da.csv
2,fb70aa3c94da,2025-10-15T11:55:27.763699,grail,Guard,106,True,a1e396557c78,14.543987999786625,latency-fb70aa3c94da.csv
2,fb70aa3c94da,2025-10-15T11:55:27.893212,shrek,MAN,38,True,a1e396557c78,6.363053999848489,latency-fb70aa3c94da.csv
2,fb70aa3c94da,2025-10-15T11:55:28.006300,shrek3,you,328,True,c6aff4c179ab,5.710534999707306,latency-fb70aa3c94da.csv
2,fb70aa3c94da,2025-10-15T11:55:28.119881,shrek3,flaming,2,True,c6aff4c179ab,11.0192799993456,latency-fb70aa3c94da.csv
2,fb70aa3c94da,2025-10-15T11:55:28.241448,shrek3,him,87,True,c6aff4c179ab,6.219700000656303,latency-fb70aa3c94da.csv
2,fb70aa3c94da,2025-10-15T11:55:28.354350,grail,are,114,True,6ec6587f6660,6.676281999716593,latency-fb70aa3c94da.csv
2,fb70aa3c94da,2025-10-15T11:55:28.466781,shrek3,TO,511,True,a1e396557c78,8.408040000176698,latency-fb70aa3c94da.csv
2,fb70aa3c94da,2025-10-15T11:55:28.581640,grail,seek,12,True,c6aff4c179ab,16.074737000053574,latency-fb70aa3c94da.csv
2,fb70aa3c94da,2025-10-15T11:55:28.710423,shrek,tale,7,True,6ec6587f6660,6.9241589999364805,latency-fb70aa3c94da.csv
2,fb70aa3c94da,2025-10-15T11:55:28.826401,grail,Eolio,2,True,c6aff4c179ab,98.88287000012495,latency-fb70aa3c94da.csv
2,fb70aa3c94da,2025-10-15T11:55:29.050254,shrek3,TO,511,True,c6aff4c179ab,39.1212459999224,latency-fb70aa3c94da.csv
2,fb70aa3c94da,2025-10-15T11:55:29.229752,shrek3,Im,1,True,a1e396557c78,26.405866000459355,latency-fb70aa3c94da.csv
2,fb70aa3c94da,2025-10-15T11:55:29.384265,grail,singing,33,True,6ec6587f6660,9.092415999475634,latency-fb70aa3c94da.csv
2,fb70aa3c94da,2025-10-15T11:55:29.502016,grail,few,8,True,6ec6587f6660,11.741508000341128,latency-fb70aa3c94da.csv
2,fb70aa3c94da,2025-10-15T11:55:29.628005,shrek3,DWARF,10,True,a1e396557c78,11.149302999911017,latency-fb70aa3c94da.csv
2,fb70aa3c94da,2025-10-15T11:55:29.755141,shrek3,ARTIE,213,True,a1e396557c78,7.9362200003743055,latency-fb70aa3c94da.csv
2,fb70aa3c94da,2025-10-15T11:55:29.873014,grail,cross,13,True,6ec6587f6660,19.30258500033233,latency-fb70aa3c94da.csv
2,fb70aa3c94da,2025-10-15T11:55:30.005497,shrek3,Final,119,True,c6aff4c179ab,19.18737100004364,latency-fb70aa3c94da.csv
2,fb70aa3c94da,2025-10-15T11:55:30.138013,shrek3,wont,0,True,c6aff4c179ab,32.68280700012838,latency-fb70aa3c94da.csv
2,fb70aa3c94da,2025-10-15T11:55:30.292365,shrek,GUARD,25,True,6ec6587f6660,8.493016000102216,latency-fb70aa3c94da.csv
1,fd6f022f7871,2025-10-15T11:55:46.598501,shrek,Aah,6,True,a1e396557c78,8.341525000105321,latency-fd6f022f7871.csv
1,fd6f022f7871,2025-10-15T11:55:46.713944,shrek3,bed,10,True,a1e396557c78,8.807068999885814,latency-fd6f022f7871.csv
1,fd6f022f7871,2025-10-15T11:55:46.832580,shrek3,us,12,True,c6aff4c179ab,8.202670000173384,latency-fd6f022f7871.csv
1,fd6f022f7871,2025-10-15T11:55:46.948746,shrek3,2,8,True,6ec6587f6660,20.23545900010504,latency-fd6f022f7871.csv
1,fd6f022f7871,2025-10-15T11:55:47.079226,shrek,MAN,38,True,a1e396557c78,6.671539999842935,latency-fd6f022f7871.csv
1,fd6f022f7871,2025-10-15T11:55:47.191832,shrek,gone,3,True,a1e396557c78,7.643975000064529,latency-fd6f022f7871.csv
1,fd6f022f7871,2025-10-15T11:55:47.305028,shrek,HOOD,13,True,a1e396557c78,11.47072100047808,latency-fd6f022f7871.csv
1,fd6f022f7871,2025-10-15T11:55:47.428147,shrek,SHREK,433,True,a1e396557c78,7.690102999731607,latency-fd6f022f7871.csv
1,fd6f022f7871,2025-10-15T11:55:47.543497,shrek,Aah,6,True,a1e396557c78,6.366556999637396,latency-fd6f022f7871.csv
1,fd6f022f7871,2025-10-15T11:55:47.656986,shrek,FIONA,211,True,c6aff4c179ab,8.653926000079082,latency-fd6f022f7871.csv
1,fd6f022f7871,2025-10-15T11:55:47.773257,grail,music,21,True,6ec6587f6660,6.918464999216667,latency-fd6f022f7871.csv
1,fd6f022f7871,2025-10-15T11:55:47.888699,shrek3,did,14,True,c6aff4c179ab,7.455337999999756,latency-fd6f022f7871.csv
1,fd6f022f7871,2025-10-15T11:55:48.005011,shrek3,"Bay""",0,True,a1e396557c78,9.931388999575574,latency-fd6f022f7871.csv
1,fd6f022f7871,2025-10-15T11:55:48.122267,shrek,SHREK,433,True,a1e396557c78,11.0261370000444,latency-fd6f022f7871.csv
1,fd6f022f7871,2025-10-15T11:55:48.252836,shrek,don't,72,True,c6aff4c179ab,11.305920999802764,latency-fd6f022f7871.csv
1,fd6f022f7871,2025-10-15T11:55:48.382357,shrek,FIONA,211,True,6ec6587f6660,10.423636000268743,latency-fd6f022f7871.csv
1,fd6f022f7871,2025-10-15T11:55:48.514303,shrek,And,318,True,6ec6587f6660,10.35881099960534,latency-fd6f022f7871.csv
1,fd6f022f7871,2025-10-15T11:55:48.637569,grail,Who’s,3,True,6ec6587f6660,8.27343800028757,latency-fd6f022f7871.csv
1,fd6f022f7871,2025-10-15T11:55:48.761608,shrek3,SHREK,678,True,a1e396557c78,30.0820170004954,latency-fd6f022f7871.csv
1,fd6f022f7871,2025-10-15T11:55:48.913168,shrek3,cosmic,1,True,6ec6587f6660,10.431731999233309,latency-fd6f022f7871.csv
2,fd6f022f7871,2025-10-15T11:55:49.033845,shrek,Aah,6,True,c6aff4c179ab,5.063564000010956,latency-fd6f022f7871.csv
2,fd6f022f7871,2025-10-15T11:55:49.147940,shrek3,bed,10,True,6ec6587f6660,4.849589000514243,latency-fd6f022f7871.csv
2,fd6f022f7871,2025-10-15T11:55:49.258922,shrek3,us,12,True,c6aff4c179ab,6.643310000072233,latency-fd6f022f7871.csv
2,fd6f022f7871,2025-10-15T11:55:49.371377,shrek3,2,8,True,a1e396557c78,4.445990000021993,latency-fd6f022f7871.csv
2,fd6f022f7871,2025-10-15T11:55:49.480917,shrek,MAN,38,True,c6aff4c179ab,5.248077999567613,latency-fd6f022f7871.csv
2,fd6f022f7871,2025-10-15T11:55:49.592056,shrek,gone,3,True,6ec6587f6660,4.489518999434949,latency-fd6f022f7871.csv
2,fd6f022f7871,2025-10-15T11:55:49.704712,shrek,HOOD,13,True,a1e396557c78,10.8059289996163,latency-fd6f022f7871.csv
2,fd6f022f7871,2025-10-15T11:55:49.829803,shrek,SHREK,433,True,6ec6587f6660,5.343288000403845,latency-fd6f022f7871.csv
2,fd6f022f7871,2025-10-15T11:55:49.940801,shrek,Aah,6,True,a1e396557c78,5.755278999458824,latency-fd6f022f7871.csv
2,fd6f022f7871,2025-10-15T11:55:50.051847,shrek,FIONA,211,True,6ec6587f6660,7.202992000202357,latency-fd6f022f7871.csv
2,fd6f022f7871,2025-10-15T11:55:50.165506,grail,music,21,True,c6aff4c179ab,5.55664799958322,latency-fd6f022f7871.csv
2,fd6f022f7871,2025-10-15T11:55:50.276844,shrek3,did,14,True,a1e396557c78,15.34152800013544,latency-fd6f022f7871.csv
2,fd6f022f7871,2025-10-15T11:55:50.399243,shrek3,"Bay""",0,True,6ec6587f6660,7.48955500057491,latency-fd6f022f7871.csv
2,fd6f022f7871,2025-10-15T11:55:50.513764,shrek,SHREK,433,True,c6aff4c179ab,11.611443999754556,latency-fd6f022f7871.csv
2,fd6f022f7871,2025-10-15T11:55:50.632189,shrek,don't,72,True,a1e396557c78,6.322329999420617,latency-fd6f022f7871.csv
2,fd6f022f7871,2025-10-15T11:55:50.743983,shrek,FIONA,211,True,c6aff4c179ab,5.3393349999169,latency-fd6f022f7871.csv
2,fd6f022f7871,2025-10-15T11:55:50.856746,shrek,And,318,True,a1e396557c78,9.938537999914844,latency-fd6f022f7871.csv
2,fd6f022f7871,2025-10-15T11:55:50.973674,grail,Who’s,3,True,6ec6587f6660,6.761389000530471,latency-fd6f022f7871.csv
2,fd6f022f7871,2025-10-15T11:55:51.088260,shrek3,SHREK,678,True,6ec6587f6660,6.955752999601828,latency-fd6f022f7871.csv
2,fd6f022f7871,2025-10-15T11:55:51.200789,shrek3,cosmic,1,True,a1e396557c78,4.904181000711105,latency-fd6f022f7871.csv
1,ffa98f89c2ce,2025-10-15T11:55:38.010436,grail,Get,47,True,c6aff4c179ab,9.644474999731756,latency-ffa98f89c2ce.csv
1,ffa98f89c2ce,2025-10-15T11:55:38.125756,grail,CALLS,3,True,c6aff4c179ab,8.121619999656104,latency-ffa98f89c2ce.csv
1,ffa98f89c2ce,2025-10-15T11:55:38.257286,grail,Cleese,10,True,c6aff4c179ab,11.26232299975527,latency-ffa98f89c2ce.csv
1,ffa98f89c2ce,2025-10-15T11:55:38.393863,shrek3,get,39,True,a1e396557c78,9.748952999871108,latency-ffa98f89c2ce.csv
1,ffa98f89c2ce,2025-10-15T11:55:38.514532,shrek,What,104,True,a1e396557c78,8.209873000851076,latency-ffa98f89c2ce.csv
1,ffa98f89c2ce,2025-10-15T11:55:38.630202,shrek,swamp,18,True,a1e396557c78,6.733694000104151,latency-ffa98f89c2ce.csv
1,ffa98f89c2ce,2025-10-15T11:55:38.743408,grail,since,10,True,c6aff4c179ab,6.089180999879318,latency-ffa98f89c2ce.csv
1,ffa98f89c2ce,2025-10-15T11:55:38.855998,shrek,stairs,7,True,a1e396557c78,7.446164000612043,latency-ffa98f89c2ce.csv
1,ffa98f89c2ce,2025-10-15T11:55:38.969855,grail,toward,10,True,c6aff4c179ab,7.622035000167671,latency-ffa98f89c2ce.csv
1,ffa98f89c2ce,2025-10-15T11:55:39.084209,grail,and,722,True,6ec6587f6660,6.153506000373454,latency-ffa98f89c2ce.csv
1,ffa98f89c2ce,2025-10-15T11:55:39.196365,grail,dancing,10,True,6ec6587f6660,6.062749999728112,latency-ffa98f89c2ce.csv
1,ffa98f89c2ce,2025-10-15T11:55:39.311398,shrek,FIONA,211,True,6ec6587f6660,7.315905999348615,latency-ffa98f89c2ce.csv
1,ffa98f89c2ce,2025-10-15T11:55:39.425481,shrek,But,73,True,6ec6587f6660,6.77082599941059,latency-ffa98f89c2ce.csv
1,ffa98f89c2ce,2025-10-15T11:55:39.539410,shrek3,us,12,True,6ec6587f6660,29.30416900017008,latency-ffa98f89c2ce.csv
1,ffa98f89c2ce,2025-10-15T11:55:39.701642,shrek,"Well,",0,True,a1e396557c78,13.733207999393926,latency-ffa98f89c2ce.csv
1,ffa98f89c2ce,2025-10-15T11:55:39.835833,grail,G,6,True,6ec6587f6660,6.945058999917819,latency-ffa98f89c2ce.csv
1,ffa98f89c2ce,2025-10-15T11:55:39.953662,shrek3,SCHOOL,14,True,6ec6587f6660,10.242612000183726,latency-ffa98f89c2ce.csv
1,ffa98f89c2ce,2025-10-15T11:55:40.071668,shrek,ogre,27,True,c6aff4c179ab,8.865114999935031,latency-ffa98f89c2ce.csv
1,ffa98f89c2ce,2025-10-15T11:55:40.201497,grail,Yeah,13,True,a1e396557c78,7.752127999992808,latency-ffa98f89c2ce.csv
1,ffa98f89c2ce,2025-10-15T11:55:40.318020,grail,pathetic,4,True,c6aff4c179ab,8.801651999419846,latency-ffa98f89c2ce.csv
2,ffa98f89c2ce,2025-10-15T11:55:40.435041,grail,Get,47,True,c6aff4c179ab,8.979361999990942,latency-ffa98f89c2ce.csv
2,ffa98f89c2ce,2025-10-15T11:55:40.551908,grail,CALLS,3,True,c6aff4c179ab,8.219890999498602,latency-ffa98f89c2ce.csv
2,ffa98f89c2ce,2025-10-15T11:55:40.674747,grail,Cleese,10,True,a1e396557c78,21.01298900015536,latency-ffa98f89c2ce.csv
2,ffa98f89c2ce,2025-10-15T11:55:40.817082,shrek3,get,39,True,c6aff4c179ab,19.93703799962532,latency-ffa98f89c2ce.csv
2,ffa98f89c2ce,2025-10-15T11:55:40.955171,shrek,What,104,True,6ec6587f6660,16.890208000404527,latency-ffa98f89c2ce.csv
2,ffa98f89c2ce,2025-10-15T11:55:41.083748,shrek,swamp,18,True,6ec6587f6660,20.14380499986146,latency-ffa98f89c2ce.csv
2,ffa98f89c2ce,2025-10-15T11:55:41.221261,grail,since,10,True,a1e396557c78,7.47313200008648,latency-ffa98f89c2ce.csv
2,ffa98f89c2ce,2025-10-15T11:55:41.335336,shrek,stairs,7,True,c6aff4c179ab,5.614344000605342,latency-ffa98f89c2ce.csv
2,ffa98f89c2ce,2025-10-15T11:55:41.446611,grail,toward,10,True,a1e396557c78,4.469253999559442,latency-ffa98f89c2ce.csv
2,ffa98f89c2ce,2025-10-15T11:55:41.556780,grail,and,722,True,a1e396557c78,6.604864000109956,latency-ffa98f89c2ce.csv
2,ffa98f89c2ce,2025-10-15T11:55:41.668899,grail,dancing,10,True,6ec6587f6660,10.05130100020324,latency-ffa98f89c2ce.csv
2,ffa98f89c2ce,2025-10-15T11:55:41.797273,shrek,FIONA,211,True,6ec6587f6660,7.073334999404324,latency-ffa98f89c2ce.csv
2,ffa98f89c2ce,2025-10-15T11:55:41.910030,shrek,But,73,True,c6aff4c179ab,7.308240000384103,latency-ffa98f89c2ce.csv
2,ffa98f89c2ce,2025-10-15T11:55:42.024505,shrek3,us,12,True,a1e396557c78,5.143014000168478,latency-ffa98f89c2ce.csv
2,ffa98f89c2ce,2025-10-15T11:55:42.135325,shrek,"Well,",0,True,c6aff4c179ab,5.13286400018842,latency-ffa98f89c2ce.csv
2,ffa98f89c2ce,2025-10-15T11:55:42.251049,grail,G,6,True,6ec6587f6660,18.964055999276752,latency-ffa98f89c2ce.csv
2,ffa98f89c2ce,2025-10-15T11:55:42.378483,shrek3,SCHOOL,14,True,c6aff4c179ab,16.162915000677458,latency-ffa98f89c2ce.csv
2,ffa98f89c2ce,2025-10-15T11:55:42.504660,shrek,ogre,27,True,6ec6587f6660,12.538671999209328,latency-ffa98f89c2ce.csv
2,ffa98f89c2ce,2025-10-15T11:55:42.633247,grail,Yeah,13,True,a1e396557c78,9.24506899991684,latency-ffa98f89c2ce.csv
2,ffa98f89c2ce,2025-10-15T11:55:42.752881,grail,pathetic,4,True,6ec6587f6660,9.22401899970282,latency-ffa98f89c2ce.csv
