t_start_utc,file,keyword,count,from_cache,server,latency_ms,source_file
2025-10-22T00:49:55.515647,shrek,minute,3,False,cce8498ef544,10.47130400002061,latency-4268402daa7d.csv
2025-10-22T00:49:56.034260,grail,king,136,False,cce8498ef544,8.425348000059785,latency-4268402daa7d.csv
2025-10-22T00:49:56.548180,shrek3,CAPTAIN,41,False,cce8498ef544,9.44308999999066,latency-4268402daa7d.csv
2025-10-22T00:49:57.062907,shrek,after,10,False,cce8498ef544,8.046845999956531,latency-4268402daa7d.csv
2025-10-22T00:49:57.576426,shrek,FIONA,211,False,cce8498ef544,8.37133899995024,latency-4268402daa7d.csv
2025-10-22T00:49:58.091107,shrek3,them,44,False,cce8498ef544,16.07437600000594,latency-4268402daa7d.csv
2025-10-22T00:49:58.616687,shrek3,did,14,False,cce8498ef544,10.12457000001632,latency-4268402daa7d.csv
2025-10-22T00:49:59.132992,shrek,a,305,False,cce8498ef544,8.74404700005016,latency-4268402daa7d.csv
2025-10-22T00:49:59.647660,shrek3,2,8,False,cce8498ef544,10.637981000058971,latency-4268402daa7d.csv
2025-10-22T00:50:00.164367,grail,Christ,8,False,cce8498ef544,9.017678999953205,latency-4268402daa7d.csv
2025-10-22T00:50:00.678733,shrek,tell,25,False,cce8498ef544,8.693182000001798,latency-4268402daa7d.csv
2025-10-22T00:50:01.193293,grail,Tm,5,False,cce8498ef544,9.35200599997188,latency-4268402daa7d.csv
2025-10-22T00:50:01.708611,grail,Guard,106,False,cce8498ef544,9.117736000007426,latency-4268402daa7d.csv
2025-10-22T00:50:02.223069,shrek,GUARD,25,False,cce8498ef544,8.901494000042476,latency-4268402daa7d.csv
2025-10-22T00:50:02.738814,grail,witch,30,False,cce8498ef544,9.563053999954718,latency-4268402daa7d.csv
2025-10-22T00:50:03.254738,shrek,SHREK,433,True,cce8498ef544,4.646765000074993,latency-4268402daa7d.csv
2025-10-22T00:50:03.765786,shrek3,at,134,True,cce8498ef544,5.166032000033738,latency-4268402daa7d.csv
2025-10-22T00:50:04.281924,shrek3,me,72,False,cce8498ef544,17.19171299998834,latency-4268402daa7d.csv
2025-10-22T00:50:04.804102,grail,Bridge,30,False,cce8498ef544,9.892680999996628,latency-4268402daa7d.csv
2025-10-22T00:50:05.319978,shrek3,Im,1,True,cce8498ef544,8.861413999966317,latency-4268402daa7d.csv
2025-10-22T00:50:05.838677,shrek3,Im,1,True,cce8498ef544,5.859883999960402,latency-4268402daa7d.csv
2025-10-22T00:50:06.350190,shrek3,Whoa,7,False,cce8498ef544,12.445464999927935,latency-4268402daa7d.csv
2025-10-22T00:50:06.868799,grail,with/,0,True,cce8498ef544,11.271686999975827,latency-4268402daa7d.csv
2025-10-22T00:50:07.386295,shrek3,Final,119,True,cce8498ef544,5.889673000069706,latency-4268402daa7d.csv
2025-10-22T00:50:07.897986,shrek,whole,10,False,cce8498ef544,9.25926200000049,latency-4268402daa7d.csv
2025-10-22T00:50:08.412714,shrek3,field,3,True,cce8498ef544,5.5187090000572425,latency-4268402daa7d.csv
2025-10-22T00:50:08.924336,shrek,you,409,True,cce8498ef544,12.136060999978326,latency-4268402daa7d.csv
2025-10-22T00:50:09.443250,shrek3,Gingerbread,37,True,cce8498ef544,5.770904999963022,latency-4268402daa7d.csv
2025-10-22T00:50:09.959255,shrek3,SHREK,678,True,cce8498ef544,5.56353600006787,latency-4268402daa7d.csv
2025-10-22T00:50:10.471434,grail,rows,1,True,cce8498ef544,5.407342999887987,latency-4268402daa7d.csv
2025-10-22T00:50:10.986882,grail,going,21,True,cce8498ef544,5.300247999912244,latency-4268402daa7d.csv
2025-10-22T00:50:11.498467,grail,witch,30,True,cce8498ef544,5.772625999952652,latency-4268402daa7d.csv
2025-10-22T00:50:12.010631,grail,pathetic,4,True,cce8498ef544,6.207242999948903,latency-4268402daa7d.csv
2025-10-22T00:50:12.522437,shrek3,his,238,True,cce8498ef544,4.983587999959127,latency-4268402daa7d.csv
2025-10-22T00:50:13.034506,shrek3,PRINCE,207,True,cce8498ef544,5.938839999998891,latency-4268402daa7d.csv
2025-10-22T00:50:13.545997,grail,-,259,False,cce8498ef544,8.596795000016755,latency-4268402daa7d.csv
2025-10-22T00:50:14.060661,shrek,No,114,True,cce8498ef544,4.953720999992584,latency-4268402daa7d.csv
2025-10-22T00:50:14.572984,grail,BEDEVERE,103,True,cce8498ef544,5.319317999919804,latency-4268402daa7d.csv
2025-10-22T00:50:15.084806,shrek,a,305,True,cce8498ef544,10.00581699997838,latency-4268402daa7d.csv
2025-10-22T00:50:15.615265,grail,on,139,True,cce8498ef544,5.912710000075094,latency-4268402daa7d.csv
2025-10-22T00:50:16.127116,shrek3,field,3,True,cce8498ef544,6.211387999996987,latency-4268402daa7d.csv
2025-10-22T00:50:16.639137,grail,Who’s,3,True,cce8498ef544,5.435245999933613,latency-4268402daa7d.csv
2025-10-22T00:50:17.150075,grail,LANCELOT,59,False,cce8498ef544,10.248223999951731,latency-4268402daa7d.csv
2025-10-22T00:50:17.665711,grail,the,1600,True,cce8498ef544,5.736156000011761,latency-4268402daa7d.csv
2025-10-22T00:50:18.181400,shrek3,-,110,False,cce8498ef544,11.27337399998396,latency-4268402daa7d.csv
2025-10-22T00:50:18.698194,shrek3,the,1285,True,cce8498ef544,5.101264000018091,latency-4268402daa7d.csv
2025-10-22T00:50:19.209212,grail,the,1600,True,cce8498ef544,5.905294000058348,latency-4268402daa7d.csv
2025-10-22T00:50:19.721135,shrek,No,114,True,cce8498ef544,4.882647000044926,latency-4268402daa7d.csv
2025-10-22T00:50:20.231425,shrek,this,79,True,cce8498ef544,4.931160000069212,latency-4268402daa7d.csv
2025-10-22T00:50:20.741449,shrek,our,11,True,cce8498ef544,5.268415999921672,latency-4268402daa7d.csv
2025-10-22T00:50:21.252395,shrek3,SCHOOL,14,True,cce8498ef544,4.883413000015935,latency-4268402daa7d.csv
2025-10-22T00:50:21.762529,shrek,not,50,False,cce8498ef544,9.347870999931729,latency-4268402daa7d.csv
2025-10-22T00:50:22.276868,shrek3,the,1285,True,cce8498ef544,4.94718099992042,latency-4268402daa7d.csv
2025-10-22T00:50:22.786817,shrek3,Third,121,False,cce8498ef544,10.425944000076017,latency-4268402daa7d.csv
2025-10-22T00:50:23.302086,shrek3,and,576,True,cce8498ef544,3.979908999895088,latency-4268402daa7d.csv
2025-10-22T00:50:23.811117,shrek,FIONA,211,True,cce8498ef544,4.792531000020972,latency-4268402daa7d.csv
2025-10-22T00:50:24.324978,grail,on,139,True,3235342dfdf1,7.792448999907719,latency-4268402daa7d.csv
2025-10-22T00:50:24.838307,shrek3,still,18,True,1ae65fa4046a,7.13601400002517,latency-4268402daa7d.csv
2025-10-22T00:50:25.352375,grail,the,1600,True,1ae65fa4046a,12.618558999974994,latency-4268402daa7d.csv
2025-10-22T00:50:25.874837,shrek,SHREK,433,True,1ae65fa4046a,7.154110999977092,latency-4268402daa7d.csv
2025-10-22T00:50:26.389697,grail,is,317,True,3235342dfdf1,7.016973999952825,latency-4268402daa7d.csv
2025-10-22T00:50:26.903736,shrek,afraid,8,True,cce8498ef544,5.152943999974013,latency-4268402daa7d.csv
2025-10-22T00:50:27.420270,shrek,SHREK,433,True,cce8498ef544,8.332950999943023,latency-4268402daa7d.csv
2025-10-22T00:50:27.936885,shrek3,PRINCE,207,True,3235342dfdf1,2559.060355999918,latency-4268402daa7d.csv
2025-10-22T00:50:31.000737,grail,LANCELOT,59,True,3235342dfdf1,4.42446200008817,latency-4268402daa7d.csv
2025-10-22T00:50:31.509917,shrek,DONKEY,320,True,3235342dfdf1,3.484229000036976,latency-4268402daa7d.csv
2025-10-22T00:50:32.017990,grail,I,298,True,3235342dfdf1,3.732176999960757,latency-4268402daa7d.csv
2025-10-22T00:50:32.526436,grail,Rostmm,1,True,3235342dfdf1,3.6134790000232897,latency-4268402daa7d.csv
2025-10-22T00:50:33.034816,shrek3,PUSS,196,True,3235342dfdf1,3.7488789999997607,latency-4268402daa7d.csv
2025-10-22T00:50:33.543308,shrek3,youre,0,True,3235342dfdf1,4.276855999933105,latency-4268402daa7d.csv
2025-10-22T00:50:34.053013,shrek3,WOLF,7,True,1ae65fa4046a,4.862785000000258,latency-4268402daa7d.csv
2025-10-22T00:50:34.563410,shrek3,SHREK,678,True,1ae65fa4046a,4.204817999948318,latency-4268402daa7d.csv
2025-10-22T00:50:35.072850,grail,witch,30,True,1ae65fa4046a,8.247694000033334,latency-4268402daa7d.csv
2025-10-22T00:50:35.596120,shrek,FIONA,211,True,1ae65fa4046a,7.49490999999125,latency-4268402daa7d.csv
2025-10-22T00:50:36.109575,grail,19Prince,0,True,3235342dfdf1,9.456728000031944,latency-4268402daa7d.csv
2025-10-22T00:50:36.626306,shrek3,Cinderella,21,True,3235342dfdf1,9.65980299997682,latency-4268402daa7d.csv
2025-10-22T00:50:37.143679,grail,Jones,7,False,1ae65fa4046a,12.092855999981111,latency-4268402daa7d.csv
2025-10-22T00:50:37.661879,shrek3,at,134,True,1ae65fa4046a,5.542128999991292,latency-4268402daa7d.csv
2025-10-22T00:50:38.173325,grail,elected,2,True,1ae65fa4046a,5.028100999993512,latency-4268402daa7d.csv
2025-10-22T00:50:38.683239,shrek,don't,72,True,1ae65fa4046a,9.22093400004087,latency-4268402daa7d.csv
2025-10-22T00:50:39.198409,grail,toward,10,True,1ae65fa4046a,6.855479000023479,latency-4268402daa7d.csv
2025-10-22T00:50:39.710637,shrek3,right,36,True,1ae65fa4046a,9.29445199994916,latency-4268402daa7d.csv
2025-10-22T00:50:40.225734,shrek3,body),0,True,1ae65fa4046a,7.770969999910449,latency-4268402daa7d.csv
2025-10-22T00:50:40.741281,grail,the,1600,True,1ae65fa4046a,8.09896199996274,latency-4268402daa7d.csv
2025-10-22T00:50:41.254997,shrek,help,5,False,1ae65fa4046a,12.833367000098406,latency-4268402daa7d.csv
2025-10-22T00:50:41.772775,shrek3,CHARMING,232,True,1ae65fa4046a,8.594915000003311,latency-4268402daa7d.csv
2025-10-22T00:50:42.286616,shrek3,Donkey,243,True,1ae65fa4046a,7.144598999957452,latency-4268402daa7d.csv
2025-10-22T00:50:42.800361,shrek,FARQUAAD,84,True,1ae65fa4046a,7.513849000019945,latency-4268402daa7d.csv
2025-10-22T00:50:43.315316,shrek3,Hold,8,True,1ae65fa4046a,9.14539200005038,latency-4268402daa7d.csv
2025-10-22T00:50:43.829948,shrek,I,386,True,1ae65fa4046a,6.6221829999904,latency-4268402daa7d.csv
2025-10-22T00:50:44.343417,grail,feel,11,True,1ae65fa4046a,7.6302350000787555,latency-4268402daa7d.csv
2025-10-22T00:50:44.858269,shrek,edge,2,True,1ae65fa4046a,9.52069400000255,latency-4268402daa7d.csv
2025-10-22T00:50:45.397562,shrek3,They,80,True,1ae65fa4046a,5.726288999994722,latency-4268402daa7d.csv
2025-10-22T00:50:45.910953,shrek3,EVIL,59,True,1ae65fa4046a,4.7382029999880615,latency-4268402daa7d.csv
2025-10-22T00:50:46.421117,shrek3,them,44,True,1ae65fa4046a,7.936991999940801,latency-4268402daa7d.csv
2025-10-22T00:50:46.934443,shrek3,Shrek,678,True,1ae65fa4046a,5.484475999992355,latency-4268402daa7d.csv
2025-10-22T00:50:47.445537,shrek3,SHREK,678,True,1ae65fa4046a,4.594630000042344,latency-4268402daa7d.csv
2025-10-22T00:50:47.955355,grail,Auuuuuuuugh,2,True,1ae65fa4046a,6.785842999988745,latency-4268402daa7d.csv
2025-10-22T00:50:48.467723,grail,the,1600,True,1ae65fa4046a,5.194278999965718,latency-4268402daa7d.csv
2025-10-22T00:50:48.978929,grail,Jones,7,True,1ae65fa4046a,5.411395999999513,latency-4268402daa7d.csv
2025-10-22T00:50:49.489587,shrek3,SHREK,678,True,1ae65fa4046a,5.563144999996439,latency-4268402daa7d.csv
2025-10-22T00:50:49.999665,shrek3,him,87,False,1ae65fa4046a,12.228775000039604,latency-4268402daa7d.csv
2025-10-22T00:50:50.516743,shrek,I,386,True,3235342dfdf1,4.532247999918582,latency-4268402daa7d.csv
2025-10-22T00:50:51.027222,shrek,its,1,True,3235342dfdf1,4.478979000055006,latency-4268402daa7d.csv
2025-10-22T00:50:51.538983,shrek3,PRINCE,207,True,3235342dfdf1,8.809405000079096,latency-4268402daa7d.csv
2025-10-22T00:50:52.055924,grail,CALLS,3,True,3235342dfdf1,4.888315000016519,latency-4268402daa7d.csv
2025-10-22T00:50:52.566160,shrek,SHREK,433,True,3235342dfdf1,4.488992999995389,latency-4268402daa7d.csv
2025-10-22T00:50:53.076295,shrek,who,29,True,3235342dfdf1,4.791877000002387,latency-4268402daa7d.csv
2025-10-22T00:50:53.585997,grail,the,1600,True,3235342dfdf1,5.259732000013173,latency-4268402daa7d.csv
2025-10-22T00:50:54.097137,grail,from,94,True,1ae65fa4046a,7.044446000008975,latency-4268402daa7d.csv
2025-10-22T00:50:54.610490,shrek3,JOCKS,2,True,1ae65fa4046a,6.065610999939963,latency-4268402daa7d.csv
2025-10-22T00:50:55.123080,shrek,the,535,True,1ae65fa4046a,8.963615000084246,latency-4268402daa7d.csv
2025-10-22T00:50:55.642187,shrek,lay,2,True,1ae65fa4046a,2587.669458999926,latency-4268402daa7d.csv
2025-10-22T00:50:58.736224,shrek,FIONA,211,True,1ae65fa4046a,4.660996999973577,latency-4268402daa7d.csv
2025-10-22T00:50:59.247105,grail,sell,1,True,1ae65fa4046a,4.875605999927757,latency-4268402daa7d.csv
2025-10-22T00:50:59.757928,shrek3,Final,119,True,1ae65fa4046a,3.984758000001421,latency-4268402daa7d.csv
2025-10-22T00:51:00.267091,grail,Who’s,3,True,1ae65fa4046a,4.947307999941586,latency-4268402daa7d.csv
2025-10-22T00:51:00.779460,grail,Cleese,10,True,1ae65fa4046a,5.348768999965614,latency-4268402daa7d.csv
2025-10-22T00:51:01.291600,grail,pause,10,True,1ae65fa4046a,5.294952999975067,latency-4268402daa7d.csv
2025-10-22T00:51:01.802795,shrek,No,114,True,1ae65fa4046a,5.207294999991063,latency-4268402daa7d.csv
2025-10-22T00:51:02.313759,shrek3,Cinderella,21,True,1ae65fa4046a,4.742094999983237,latency-4268402daa7d.csv
2025-10-22T00:51:02.824217,grail,ANOTHER,25,True,1ae65fa4046a,4.710474000034992,latency-4268402daa7d.csv
2025-10-22T00:51:03.334957,shrek3,wont,0,True,1ae65fa4046a,4.693711000072653,latency-4268402daa7d.csv
2025-10-22T00:51:03.845702,shrek,FIONA,211,True,1ae65fa4046a,4.689810000058969,latency-4268402daa7d.csv
2025-10-22T00:51:04.356461,shrek3,SNOW,49,True,1ae65fa4046a,4.800989999921512,latency-4268402daa7d.csv
2025-10-22T00:51:04.867631,shrek3,showing,1,True,1ae65fa4046a,4.635520999954679,latency-4268402daa7d.csv
2025-10-22T00:51:05.380129,shrek3,Whoa,7,True,1ae65fa4046a,7.049048999988372,latency-4268402daa7d.csv
2025-10-22T00:51:05.899103,shrek3,RAPUNZEL,30,True,1ae65fa4046a,4.765389999988656,latency-4268402daa7d.csv
2025-10-22T00:51:06.410076,shrek,What,104,True,1ae65fa4046a,4.604659999927208,latency-4268402daa7d.csv
2025-10-22T00:51:06.920295,shrek3,wont,0,True,1ae65fa4046a,3.967646999967656,latency-4268402daa7d.csv
2025-10-22T00:51:07.429083,shrek3,PRINCE,207,True,1ae65fa4046a,4.440322000050401,latency-4268402daa7d.csv
2025-10-22T00:51:07.939250,shrek3,Uh,18,True,1ae65fa4046a,4.135209999958533,latency-4268402daa7d.csv
2025-10-22T00:51:08.449304,shrek3,the,1285,True,1ae65fa4046a,5.067404999977043,latency-4268402daa7d.csv
2025-10-22T00:51:08.960625,shrek3,Hold,8,True,1ae65fa4046a,4.872894999948585,latency-4268402daa7d.csv
2025-10-22T00:51:09.472115,grail,to,718,True,1ae65fa4046a,4.47616899998593,latency-4268402daa7d.csv
2025-10-22T00:51:09.982540,shrek3,JOCKS,2,True,1ae65fa4046a,5.096624999964661,latency-4268402daa7d.csv
2025-10-22T00:51:10.493841,shrek3,flaming,2,True,1ae65fa4046a,4.611025000031077,latency-4268402daa7d.csv
2025-10-22T00:51:11.004598,shrek3,with,112,True,1ae65fa4046a,4.987335000009807,latency-4268402daa7d.csv
2025-10-22T00:51:11.515481,shrek3,ARTIE,213,True,1ae65fa4046a,4.547768000065844,latency-4268402daa7d.csv
2025-10-22T00:51:12.026391,grail,are,114,True,1ae65fa4046a,4.559390999929747,latency-4268402daa7d.csv
2025-10-22T00:51:12.535882,grail,Bum,13,True,1ae65fa4046a,3.831181999998989,latency-4268402daa7d.csv
2025-10-22T00:51:13.045284,shrek,you,409,True,1ae65fa4046a,4.75205099996856,latency-4268402daa7d.csv
2025-10-22T00:51:13.554797,grail,Footnote,4,True,1ae65fa4046a,4.735294999932194,latency-4268402daa7d.csv
2025-10-22T00:51:14.065302,shrek3,Artie,213,True,1ae65fa4046a,4.918687999975191,latency-4268402daa7d.csv
2025-10-22T00:51:14.576022,grail,To,718,True,1ae65fa4046a,4.338145000019722,latency-4268402daa7d.csv
2025-10-22T00:51:15.085691,grail,Who’s,3,True,1ae65fa4046a,7.774178999966352,latency-4268402daa7d.csv
2025-10-22T00:51:15.605167,grail,grabbing,5,True,1ae65fa4046a,4.531050999958097,latency-4268402daa7d.csv
2025-10-22T00:51:16.115447,shrek3,with,112,True,1ae65fa4046a,4.38309699995898,latency-4268402daa7d.csv
2025-10-22T00:51:16.625400,grail,door,14,True,1ae65fa4046a,4.659528999923168,latency-4268402daa7d.csv
2025-10-22T00:51:17.136210,shrek3,did,14,True,1ae65fa4046a,4.545634000010068,latency-4268402daa7d.csv
2025-10-22T00:51:17.646343,shrek3,the,1285,True,1ae65fa4046a,4.357841999990342,latency-4268402daa7d.csv
2025-10-22T00:51:18.156095,shrek3,reason,2,True,1ae65fa4046a,3.9299979999896095,latency-4268402daa7d.csv
2025-10-22T00:51:18.665562,shrek3,body),0,True,1ae65fa4046a,4.864750000024287,latency-4268402daa7d.csv
2025-10-22T00:51:19.177035,shrek,at,62,True,cce8498ef544,4.537267000046086,latency-4268402daa7d.csv
2025-10-22T00:51:19.687530,grail,CALLS,3,True,cce8498ef544,4.6405169999843565,latency-4268402daa7d.csv
2025-10-22T00:51:20.197998,grail,door,14,True,cce8498ef544,4.72859100000278,latency-4268402daa7d.csv
2025-10-22T00:51:20.708653,shrek3,get,39,True,cce8498ef544,4.709349999984624,latency-4268402daa7d.csv
2025-10-22T00:51:21.220229,grail,3,18,True,cce8498ef544,5.041218000087611,latency-4268402daa7d.csv
2025-10-22T00:51:21.731037,shrek,its,1,True,cce8498ef544,4.685848000008264,latency-4268402daa7d.csv
2025-10-22T00:51:22.241377,shrek3,dat,1,True,cce8498ef544,4.114918000027501,latency-4268402daa7d.csv
2025-10-22T00:51:22.750694,grail,on,139,True,cce8498ef544,4.37317199998688,latency-4268402daa7d.csv
2025-10-22T00:51:23.260411,shrek,its,1,True,cce8498ef544,4.266816000040308,latency-4268402daa7d.csv
2025-10-22T00:51:23.770220,shrek,SHREK,433,True,cce8498ef544,4.60191100000884,latency-4268402daa7d.csv
2025-10-22T00:51:24.280996,shrek3,them,44,True,cce8498ef544,4.765378000001874,latency-4268402daa7d.csv
2025-10-22T00:51:24.792163,shrek,you,409,True,cce8498ef544,5.264875000079883,latency-4268402daa7d.csv
2025-10-22T00:51:25.303708,shrek,his,48,True,cce8498ef544,8.050529000001916,latency-4268402daa7d.csv
2025-10-22T00:51:25.822341,shrek,FIONA'S,3,True,cce8498ef544,6.221998000000895,latency-4268402daa7d.csv
2025-10-22T00:51:26.334714,shrek,will,16,True,cce8498ef544,5.127184999992096,latency-4268402daa7d.csv
2025-10-22T00:51:26.846171,shrek,And,318,True,cce8498ef544,4.160309999974743,latency-4268402daa7d.csv
2025-10-22T00:51:27.355875,grail,are,114,True,cce8498ef544,5.032371999959651,latency-4268402daa7d.csv
2025-10-22T00:51:27.867145,shrek3,of,275,True,cce8498ef544,4.831601999967461,latency-4268402daa7d.csv
2025-10-22T00:51:28.377538,shrek3,reason,2,True,cce8498ef544,4.536020000045937,latency-4268402daa7d.csv
2025-10-22T00:51:28.887589,grail,witch,30,True,cce8498ef544,4.665544000090449,latency-4268402daa7d.csv
2025-10-22T00:51:29.397425,shrek,(standing,0,True,cce8498ef544,5.0052530000357365,latency-4268402daa7d.csv
2025-10-22T00:51:29.908900,shrek3,Uh,18,True,cce8498ef544,4.338318999998592,latency-4268402daa7d.csv
2025-10-22T00:51:30.418287,shrek3,of,275,True,cce8498ef544,4.861568000023908,latency-4268402daa7d.csv
2025-10-22T00:51:30.928859,shrek,DONKEY,320,True,cce8498ef544,4.229282000096646,latency-4268402daa7d.csv
2025-10-22T00:51:31.438349,shrek,SHREK,433,True,cce8498ef544,4.79075600003398,latency-4268402daa7d.csv
2025-10-22T00:51:31.949191,grail,Aaaaugh,9,True,cce8498ef544,4.3223870000019815,latency-4268402daa7d.csv
2025-10-22T00:51:32.460152,shrek,MAN,38,True,cce8498ef544,4.91521100002501,latency-4268402daa7d.csv
2025-10-22T00:51:32.972286,grail,thus,5,True,cce8498ef544,4.75020700002915,latency-4268402daa7d.csv
2025-10-22T00:51:33.482159,grail,ANOTHER,25,True,cce8498ef544,4.006387000003997,latency-4268402daa7d.csv
2025-10-22T00:51:33.991578,shrek3,of,275,True,cce8498ef544,4.182533000061994,latency-4268402daa7d.csv
2025-10-22T00:51:34.501263,shrek,And,318,True,cce8498ef544,4.024883000056434,latency-4268402daa7d.csv
2025-10-22T00:51:35.011327,grail,19Prince,0,True,cce8498ef544,6.8299650000653855,latency-4268402daa7d.csv
2025-10-22T00:51:35.529449,shrek,true,20,True,cce8498ef544,4.242406999992454,latency-4268402daa7d.csv
2025-10-22T00:51:36.039176,grail,dancing,10,True,cce8498ef544,4.4491400000197245,latency-4268402daa7d.csv
2025-10-22T00:51:36.550147,shrek,whistles,2,True,cce8498ef544,4.83670300002359,latency-4268402daa7d.csv
2025-10-22T00:51:37.061092,shrek,DONKEY,320,True,cce8498ef544,4.4281289999617,latency-4268402daa7d.csv
2025-10-22T00:51:37.571516,shrek,GUARD,25,True,cce8498ef544,4.580232999956024,latency-4268402daa7d.csv
2025-10-22T00:51:38.082087,shrek3,cues,3,True,cce8498ef544,4.459897000060664,latency-4268402daa7d.csv
2025-10-22T00:51:38.591826,shrek3,CHARMING,232,True,cce8498ef544,4.77081700000781,latency-4268402daa7d.csv
2025-10-22T00:51:39.102554,shrek3,RAPUNZEL,30,True,cce8498ef544,4.665993999992679,latency-4268402daa7d.csv
2025-10-22T00:51:39.613650,grail,Guard,106,True,cce8498ef544,4.818794000016169,latency-4268402daa7d.csv
2025-10-22T00:51:40.124449,shrek3,field,3,True,cce8498ef544,4.707725000002938,latency-4268402daa7d.csv
2025-10-22T00:51:40.635000,shrek,don't,72,True,cce8498ef544,4.977324000037697,latency-4268402daa7d.csv
2025-10-22T00:51:41.146048,shrek,INSIDE,16,True,cce8498ef544,4.826170000001184,latency-4268402daa7d.csv
2025-10-22T00:51:41.656708,shrek3,Gingerbread,37,True,cce8498ef544,4.620914000042831,latency-4268402daa7d.csv
2025-10-22T00:51:42.168244,shrek,GUARD,25,True,cce8498ef544,5.1805940000804185,latency-4268402daa7d.csv
2025-10-22T00:51:42.679393,shrek3,supposed,11,True,cce8498ef544,4.7076109999579785,latency-4268402daa7d.csv
2025-10-22T00:51:43.190223,grail,"Oh,",2,True,cce8498ef544,4.709059999981946,latency-4268402daa7d.csv
2025-10-22T00:51:43.699930,shrek3,Guards,23,True,cce8498ef544,4.520656000067902,latency-4268402daa7d.csv
2025-10-22T00:51:44.210247,shrek3,JOCKS,2,True,cce8498ef544,4.66222399995786,latency-4268402daa7d.csv
2025-10-22T00:51:44.720707,grail,seek,12,True,cce8498ef544,4.706214000066211,latency-4268402daa7d.csv
2025-10-22T00:51:45.231306,shrek3,you,328,True,cce8498ef544,7.138564000001679,latency-4268402daa7d.csv
2025-10-22T00:51:45.746159,shrek3,OGRE,39,True,cce8498ef544,4.767465999975684,latency-4268402daa7d.csv
2025-10-22T00:51:46.256952,shrek,number,8,True,cce8498ef544,4.843756000013855,latency-4268402daa7d.csv
2025-10-22T00:51:46.767458,shrek,DONKEY,320,True,cce8498ef544,4.684235000013359,latency-4268402daa7d.csv
2025-10-22T00:51:47.278130,shrek3,the,1285,True,cce8498ef544,4.927654999960396,latency-4268402daa7d.csv
2025-10-22T00:51:47.788843,grail,of,684,True,cce8498ef544,4.814417000034155,latency-4268402daa7d.csv
2025-10-22T00:51:48.299381,shrek3,Final,119,True,cce8498ef544,4.775047000066479,latency-4268402daa7d.csv
2025-10-22T00:51:48.810260,shrek,and,318,True,cce8498ef544,4.613334999930885,latency-4268402daa7d.csv
2025-10-22T00:51:49.320647,shrek,rising,1,True,cce8498ef544,4.904784000018481,latency-4268402daa7d.csv
2025-10-22T00:51:49.831697,shrek3,still,18,True,cce8498ef544,4.725774000007732,latency-4268402daa7d.csv
2025-10-22T00:51:50.342732,grail,Bridge,30,True,cce8498ef544,4.6132150000630645,latency-4268402daa7d.csv
2025-10-22T00:49:56.357084,shrek3,time,23,False,3235342dfdf1,9.739795000086817,latency-5973a9f44056.csv
2025-10-22T00:49:56.872316,grail,is,317,False,cce8498ef544,15.62580099994193,latency-5973a9f44056.csv
2025-10-22T00:49:57.394278,shrek3,ARTIE,213,True,cce8498ef544,9.235815000010916,latency-5973a9f44056.csv
2025-10-22T00:49:57.910049,shrek,FIONA,211,True,cce8498ef544,18.27649699998801,latency-5973a9f44056.csv
2025-10-22T00:49:58.438698,grail,going,21,False,3235342dfdf1,10.402340999917216,latency-5973a9f44056.csv
2025-10-22T00:49:58.956494,shrek3,DONKEY,243,False,cce8498ef544,11.568785999998,latency-5973a9f44056.csv
2025-10-22T00:49:59.474689,grail,"collective,",0,False,cce8498ef544,11.855653999987226,latency-5973a9f44056.csv
2025-10-22T00:49:59.992598,shrek3,its,1,False,3235342dfdf1,10.94625799998994,latency-5973a9f44056.csv
2025-10-22T00:50:00.509644,grail,Who’s,3,True,cce8498ef544,4.739064000091275,latency-5973a9f44056.csv
2025-10-22T00:50:01.021735,shrek,and,318,True,cce8498ef544,4.308835000074396,latency-5973a9f44056.csv
2025-10-22T00:50:01.532066,shrek3,at,134,False,cce8498ef544,11.8572490000588,latency-5973a9f44056.csv
2025-10-22T00:50:02.050347,shrek3,OGRE,39,False,cce8498ef544,17.883193999978175,latency-5973a9f44056.csv
2025-10-22T00:50:02.574242,grail,upon,13,False,cce8498ef544,17.27941000001465,latency-5973a9f44056.csv
2025-10-22T00:50:03.098457,shrek3,the,1285,True,cce8498ef544,7.173899000008532,latency-5973a9f44056.csv
2025-10-22T00:50:03.617286,grail,on,139,True,3235342dfdf1,6.820409000056316,latency-5973a9f44056.csv
2025-10-22T00:50:04.131607,grail,king,136,True,cce8498ef544,10.71730099999968,latency-5973a9f44056.csv
2025-10-22T00:50:04.648676,shrek,placed,1,True,cce8498ef544,13.61146200008534,latency-5973a9f44056.csv
2025-10-22T00:50:05.169824,shrek3,Artie,213,True,cce8498ef544,9.183395000036398,latency-5973a9f44056.csv
2025-10-22T00:50:05.701298,shrek,gone,3,True,cce8498ef544,10.304314999984854,latency-5973a9f44056.csv
2025-10-22T00:50:06.221379,shrek,token,1,True,cce8498ef544,6.337024000004021,latency-5973a9f44056.csv
2025-10-22T00:50:06.740860,shrek3,get,39,True,3235342dfdf1,6.116228999985651,latency-5973a9f44056.csv
2025-10-22T00:50:07.254263,grail,of,684,True,cce8498ef544,11.763693000034436,latency-5973a9f44056.csv
2025-10-22T00:50:07.773463,grail,seek,12,True,cce8498ef544,20.393141999988984,latency-5973a9f44056.csv
2025-10-22T00:50:08.301059,grail,the,1600,True,cce8498ef544,9.932067000022473,latency-5973a9f44056.csv
2025-10-22T00:50:08.818196,shrek,will,16,False,cce8498ef544,15.657342000054086,latency-5973a9f44056.csv
2025-10-22T00:50:09.341182,shrek,FIONA'S,3,True,cce8498ef544,7.119099999954415,latency-5973a9f44056.csv
2025-10-22T00:50:09.857599,grail,"Oh,",2,True,cce8498ef544,9.04284299997471,latency-5973a9f44056.csv
2025-10-22T00:50:10.379897,shrek3,CHARMING,232,True,cce8498ef544,8.975254999995741,latency-5973a9f44056.csv
2025-10-22T00:50:10.905280,shrek,FIONA,211,True,cce8498ef544,7.098760999951992,latency-5973a9f44056.csv
2025-10-22T00:50:11.430897,grail,54,2,True,cce8498ef544,6.8374769999763885,latency-5973a9f44056.csv
2025-10-22T00:50:11.947481,shrek,whistles,2,True,cce8498ef544,7.91525299996465,latency-5973a9f44056.csv
2025-10-22T00:50:12.462977,shrek,afraid,8,False,3235342dfdf1,14.055506999966385,latency-5973a9f44056.csv
2025-10-22T00:50:12.982128,shrek,and,318,True,3235342dfdf1,13.036109999916334,latency-5973a9f44056.csv
2025-10-22T00:50:13.500640,grail,"collective,",0,True,cce8498ef544,5.689174999929492,latency-5973a9f44056.csv
2025-10-22T00:50:14.011451,shrek3,true,1,True,cce8498ef544,6.563796000023103,latency-5973a9f44056.csv
2025-10-22T00:50:14.525649,grail,a,666,True,cce8498ef544,6.348194999986845,latency-5973a9f44056.csv
2025-10-22T00:50:15.039857,shrek,SHREK,433,True,3235342dfdf1,17.03520099999878,latency-5973a9f44056.csv
2025-10-22T00:50:15.571638,shrek,FARQUAAD,84,False,cce8498ef544,12.403580999944095,latency-5973a9f44056.csv
2025-10-22T00:50:16.089057,shrek3,fall,6,True,3235342dfdf1,4.542421999985891,latency-5973a9f44056.csv
2025-10-22T00:50:16.598647,grail,3,18,True,3235342dfdf1,6.003815999974904,latency-5973a9f44056.csv
2025-10-22T00:50:17.110913,shrek,(standing,0,True,3235342dfdf1,5.6497580000041125,latency-5973a9f44056.csv
2025-10-22T00:50:17.622244,shrek,token,1,True,3235342dfdf1,4.730810999944879,latency-5973a9f44056.csv
2025-10-22T00:50:18.132494,shrek3,what,82,True,3235342dfdf1,4.847966000056658,latency-5973a9f44056.csv
2025-10-22T00:50:18.643298,shrek3,of,275,True,3235342dfdf1,5.127834000063558,latency-5973a9f44056.csv
2025-10-22T00:50:19.153863,shrek,looks,37,False,cce8498ef544,11.23091099998419,latency-5973a9f44056.csv
2025-10-22T00:50:19.670818,shrek3,OGRE,39,True,3235342dfdf1,4.494342000043616,latency-5973a9f44056.csv
2025-10-22T00:50:20.180702,shrek,lay,2,False,cce8498ef544,10.387540000010633,latency-5973a9f44056.csv
2025-10-22T00:50:20.697085,shrek,FIONA,211,True,cce8498ef544,6.931037999947876,latency-5973a9f44056.csv
2025-10-22T00:50:21.213274,shrek3,Donkey,243,True,cce8498ef544,5.37915500001418,latency-5973a9f44056.csv
2025-10-22T00:50:21.724307,shrek3,SNOW,49,True,cce8498ef544,6.133066999950643,latency-5973a9f44056.csv
2025-10-22T00:50:22.237220,shrek3,JOCKS,2,False,cce8498ef544,17.422540999973535,latency-5973a9f44056.csv
2025-10-22T00:50:22.765030,shrek,at,62,True,cce8498ef544,7.137787000033313,latency-5973a9f44056.csv
2025-10-22T00:50:23.278715,grail,Launcelot,107,True,cce8498ef544,7.00016999996933,latency-5973a9f44056.csv
2025-10-22T00:50:23.792181,shrek3,WOLF,7,False,cce8498ef544,13.538435999976173,latency-5973a9f44056.csv
2025-10-22T00:50:24.311194,grail,Boom,4,False,cce8498ef544,11.673137999991924,latency-5973a9f44056.csv
2025-10-22T00:50:24.832256,grail,sell,1,False,3235342dfdf1,12.783982000087237,latency-5973a9f44056.csv
2025-10-22T00:50:25.352309,shrek,DONKEY,320,True,1ae65fa4046a,9.453082000050015,latency-5973a9f44056.csv
2025-10-22T00:50:25.872458,grail,TV,2,False,3235342dfdf1,13.25730200005637,latency-5973a9f44056.csv
2025-10-22T00:50:26.394851,shrek,SHREK,433,True,cce8498ef544,6.05986200002917,latency-5973a9f44056.csv
2025-10-22T00:50:26.907822,grail,lost,6,True,3235342dfdf1,5.209812000089187,latency-5973a9f44056.csv
2025-10-22T00:50:27.420800,shrek,at,62,True,cce8498ef544,9.339957999941362,latency-5973a9f44056.csv
2025-10-22T00:50:27.938257,grail,GALAHAD,87,True,3235342dfdf1,2617.877264999948,latency-5973a9f44056.csv
2025-10-22T00:50:31.061423,shrek,GORDO,5,True,3235342dfdf1,5.205729999943287,latency-5973a9f44056.csv
2025-10-22T00:50:31.572590,grail,Rostmm,1,True,3235342dfdf1,5.8068029999276405,latency-5973a9f44056.csv
2025-10-22T00:50:32.083749,shrek,old,10,True,3235342dfdf1,4.723958999989009,latency-5973a9f44056.csv
2025-10-22T00:50:32.593583,grail,from,94,True,3235342dfdf1,4.725277000034112,latency-5973a9f44056.csv
2025-10-22T00:50:33.103495,shrek,fair,2,False,3235342dfdf1,10.53572199998598,latency-5973a9f44056.csv
2025-10-22T00:50:33.619349,shrek3,RAPUNZEL,30,True,3235342dfdf1,5.339471999945999,latency-5973a9f44056.csv
2025-10-22T00:50:34.131075,grail,cross,13,True,3235342dfdf1,5.377135999992788,latency-5973a9f44056.csv
2025-10-22T00:50:34.642752,shrek3,them,44,True,3235342dfdf1,5.571013999997376,latency-5973a9f44056.csv
2025-10-22T00:50:35.154074,shrek3,through,43,False,3235342dfdf1,27.583043000049656,latency-5973a9f44056.csv
2025-10-22T00:50:35.694303,grail,LANCELOT,59,True,1ae65fa4046a,4.426996999995936,latency-5973a9f44056.csv
2025-10-22T00:50:36.204283,grail,for,118,True,3235342dfdf1,4.39901100003226,latency-5973a9f44056.csv
2025-10-22T00:50:36.714383,grail,them,41,True,3235342dfdf1,5.176462999997966,latency-5973a9f44056.csv
2025-10-22T00:50:37.225444,grail,singing,33,True,3235342dfdf1,5.149511000013263,latency-5973a9f44056.csv
2025-10-22T00:50:37.735849,shrek,the,535,True,3235342dfdf1,5.066834999979619,latency-5973a9f44056.csv
2025-10-22T00:50:38.247071,shrek3,Final,119,True,3235342dfdf1,5.970143000013195,latency-5973a9f44056.csv
2025-10-22T00:50:38.759367,shrek3,CAPTAIN,41,True,3235342dfdf1,9.243887000025095,latency-5973a9f44056.csv
2025-10-22T00:50:39.275169,grail,Ecky-Ecky-Ecky,1,False,3235342dfdf1,10.625549999986106,latency-5973a9f44056.csv
2025-10-22T00:50:39.791715,shrek3,to,511,True,3235342dfdf1,5.985693999946307,latency-5973a9f44056.csv
2025-10-22T00:50:40.303759,grail,the,1600,True,3235342dfdf1,5.743028999972921,latency-5973a9f44056.csv
2025-10-22T00:50:40.815956,shrek,you,409,True,3235342dfdf1,5.2552330000708025,latency-5973a9f44056.csv
2025-10-22T00:50:41.328345,grail,the,1600,True,3235342dfdf1,6.142199000009896,latency-5973a9f44056.csv
2025-10-22T00:50:41.840519,shrek3,at,134,True,3235342dfdf1,6.116225000027953,latency-5973a9f44056.csv
2025-10-22T00:50:42.352641,shrek3,WHITE,45,False,3235342dfdf1,12.142195000024005,latency-5973a9f44056.csv
2025-10-22T00:50:42.870463,grail,LTD,6,True,3235342dfdf1,6.541448999996646,latency-5973a9f44056.csv
2025-10-22T00:50:43.386441,grail,is,317,True,3235342dfdf1,7.236435999971036,latency-5973a9f44056.csv
2025-10-22T00:50:43.899064,shrek,Aah,6,False,3235342dfdf1,13.245038000036402,latency-5973a9f44056.csv
2025-10-22T00:50:44.418313,grail,king,136,True,3235342dfdf1,7.446436000009271,latency-5973a9f44056.csv
2025-10-22T00:50:44.932607,grail,I,298,True,3235342dfdf1,8.30693800003246,latency-5973a9f44056.csv
2025-10-22T00:50:45.463154,shrek,our,11,True,3235342dfdf1,6.1608139999407285,latency-5973a9f44056.csv
2025-10-22T00:50:45.975688,shrek3,through,43,True,3235342dfdf1,6.743053000036525,latency-5973a9f44056.csv
2025-10-22T00:50:46.488895,shrek3,SNOW,49,True,3235342dfdf1,6.944094000004952,latency-5973a9f44056.csv
2025-10-22T00:50:47.001783,shrek,our,11,True,3235342dfdf1,7.62773200005995,latency-5973a9f44056.csv
2025-10-22T00:50:47.518078,shrek,CROWD,5,True,3235342dfdf1,8.309703000008994,latency-5973a9f44056.csv
2025-10-22T00:50:48.032186,grail,dancing,10,False,3235342dfdf1,13.45225800002936,latency-5973a9f44056.csv
2025-10-22T00:50:48.551724,grail,pretty,7,True,1ae65fa4046a,6.288157999961186,latency-5973a9f44056.csv
2025-10-22T00:50:49.064802,shrek,way,26,True,1ae65fa4046a,9.00008999997226,latency-5973a9f44056.csv
2025-10-22T00:50:49.579706,shrek,and,318,True,1ae65fa4046a,7.513485000004039,latency-5973a9f44056.csv
2025-10-22T00:50:50.093163,shrek3,CHARMING,232,True,3235342dfdf1,4.343067000036172,latency-5973a9f44056.csv
2025-10-22T00:50:50.602391,grail,"lute,",0,True,1ae65fa4046a,9.560072999988732,latency-5973a9f44056.csv
2025-10-22T00:50:51.118198,shrek3,CAPTAIN,41,True,1ae65fa4046a,9.49296700002833,latency-5973a9f44056.csv
2025-10-22T00:50:51.635371,shrek,fair,2,True,3235342dfdf1,5.206262000001516,latency-5973a9f44056.csv
2025-10-22T00:50:52.146188,grail,and,722,True,3235342dfdf1,6.3554020000538,latency-5973a9f44056.csv
2025-10-22T00:50:52.658684,shrek3,of,275,True,1ae65fa4046a,4.151666999973713,latency-5973a9f44056.csv
2025-10-22T00:50:53.167730,grail,"lute,",0,True,3235342dfdf1,5.962672999999086,latency-5973a9f44056.csv
2025-10-22T00:50:53.679532,shrek,"Well,",0,True,3235342dfdf1,5.396075000021483,latency-5973a9f44056.csv
2025-10-22T00:50:54.195200,shrek3,PUSS,196,True,3235342dfdf1,6.296228999985942,latency-5973a9f44056.csv
2025-10-22T00:50:54.707955,shrek3,Uh,18,True,3235342dfdf1,5.537562000085927,latency-5973a9f44056.csv
2025-10-22T00:50:55.219972,grail,grabbing,5,True,1ae65fa4046a,9.449557000039022,latency-5973a9f44056.csv
2025-10-22T00:50:55.742952,shrek3,Be,71,False,1ae65fa4046a,2589.2665620000344,latency-5973a9f44056.csv
2025-10-22T00:50:58.838150,shrek,DONKEY,320,True,1ae65fa4046a,5.035068999973191,latency-5973a9f44056.csv
2025-10-22T00:50:59.348094,shrek3,cues,3,True,1ae65fa4046a,4.1585630000327,latency-5973a9f44056.csv
2025-10-22T00:50:59.857370,shrek3,CHARMING,232,True,1ae65fa4046a,4.241618000037306,latency-5973a9f44056.csv
2025-10-22T00:51:00.367484,shrek,FIONA,211,True,1ae65fa4046a,4.613409999933538,latency-5973a9f44056.csv
2025-10-22T00:51:00.879732,shrek,old,10,True,1ae65fa4046a,5.21749600000021,latency-5973a9f44056.csv
2025-10-22T00:51:01.391989,shrek3,ho,8,True,1ae65fa4046a,5.980146000069908,latency-5973a9f44056.csv
2025-10-22T00:51:01.904025,shrek,happily,2,True,1ae65fa4046a,5.073866999964594,latency-5973a9f44056.csv
2025-10-22T00:51:02.414728,shrek,Is,132,True,1ae65fa4046a,4.467794999982289,latency-5973a9f44056.csv
2025-10-22T00:51:02.924695,shrek3,SCHOOL,14,True,1ae65fa4046a,4.871862999948462,latency-5973a9f44056.csv
2025-10-22T00:51:03.435109,shrek,a,305,True,1ae65fa4046a,4.447871000024861,latency-5973a9f44056.csv
2025-10-22T00:51:03.945101,grail,of,684,True,1ae65fa4046a,4.501248999986274,latency-5973a9f44056.csv
2025-10-22T00:51:04.454610,shrek,lay,2,True,1ae65fa4046a,3.91538499991384,latency-5973a9f44056.csv
2025-10-22T00:51:04.964221,shrek3,SHREK,678,True,1ae65fa4046a,7.0748489999914455,latency-5973a9f44056.csv
2025-10-22T00:51:05.479898,grail,Footnote,4,True,1ae65fa4046a,4.526136999970731,latency-5973a9f44056.csv
2025-10-22T00:51:05.989433,shrek,DONKEY,320,True,1ae65fa4046a,4.454731000009815,latency-5973a9f44056.csv
2025-10-22T00:51:06.499576,grail,dancing,10,True,1ae65fa4046a,4.103548999978557,latency-5973a9f44056.csv
2025-10-22T00:51:07.008850,shrek3,me,72,True,1ae65fa4046a,4.330697999989752,latency-5973a9f44056.csv
2025-10-22T00:51:07.518134,shrek,DONKEY,320,True,1ae65fa4046a,3.881900999999744,latency-5973a9f44056.csv
2025-10-22T00:51:08.027450,shrek,"Ha,",0,True,1ae65fa4046a,4.996251999955348,latency-5973a9f44056.csv
2025-10-22T00:51:08.538617,shrek3,OGRE,39,True,1ae65fa4046a,4.071919000011803,latency-5973a9f44056.csv
2025-10-22T00:51:09.047428,shrek3,TO,511,True,1ae65fa4046a,3.915058000075078,latency-5973a9f44056.csv
2025-10-22T00:51:09.555923,shrek3,Hold,8,True,1ae65fa4046a,4.517595000038455,latency-5973a9f44056.csv
2025-10-22T00:51:10.065465,grail,TV,2,True,1ae65fa4046a,3.6717190000672417,latency-5973a9f44056.csv
2025-10-22T00:51:10.573726,grail,"lute,",0,True,1ae65fa4046a,3.625609999971857,latency-5973a9f44056.csv
2025-10-22T00:51:11.082188,shrek3,DWARF,10,True,1ae65fa4046a,3.684209000084593,latency-5973a9f44056.csv
2025-10-22T00:51:11.590681,shrek3,did,14,True,1ae65fa4046a,3.8530549999222794,latency-5973a9f44056.csv
2025-10-22T00:51:12.099810,grail,from,94,True,1ae65fa4046a,5.10580899992874,latency-5973a9f44056.csv
2025-10-22T00:51:12.610880,shrek3,ho,8,True,1ae65fa4046a,4.504785999984051,latency-5973a9f44056.csv
2025-10-22T00:51:13.119726,shrek,help,5,True,1ae65fa4046a,4.661372999976265,latency-5973a9f44056.csv
2025-10-22T00:51:13.628070,grail,Get,47,True,1ae65fa4046a,5.253984999967543,latency-5973a9f44056.csv
2025-10-22T00:51:14.140865,grail,Ecky-Ecky-Ecky,1,True,1ae65fa4046a,4.725000999997064,latency-5973a9f44056.csv
2025-10-22T00:51:14.651693,grail,54,2,True,1ae65fa4046a,5.512812999995731,latency-5973a9f44056.csv
2025-10-22T00:51:15.163311,shrek3,PUSS,196,True,1ae65fa4046a,11.45469100003993,latency-5973a9f44056.csv
2025-10-22T00:51:15.684622,grail,BEDEVERE,103,True,1ae65fa4046a,6.316561999938131,latency-5973a9f44056.csv
2025-10-22T00:51:16.196023,grail,a,666,True,1ae65fa4046a,5.9528809999847,latency-5973a9f44056.csv
2025-10-22T00:51:16.707670,shrek,SHREK,433,True,1ae65fa4046a,6.970819000002848,latency-5973a9f44056.csv
2025-10-22T00:51:17.221260,shrek,He,118,True,1ae65fa4046a,5.037849000018468,latency-5973a9f44056.csv
2025-10-22T00:51:17.731855,shrek3,you,328,True,1ae65fa4046a,6.357938999940416,latency-5973a9f44056.csv
2025-10-22T00:51:18.243651,shrek3,TO,511,True,1ae65fa4046a,6.243297999958486,latency-5973a9f44056.csv
2025-10-22T00:51:18.756404,shrek,minute,3,True,cce8498ef544,5.886658999997962,latency-5973a9f44056.csv
2025-10-22T00:51:19.269228,grail,feel,11,True,cce8498ef544,7.092192999948566,latency-5973a9f44056.csv
2025-10-22T00:51:19.783812,shrek3,get,39,True,cce8498ef544,6.385468999951627,latency-5973a9f44056.csv
2025-10-22T00:51:20.296158,grail,us,32,True,cce8498ef544,5.872335000049134,latency-5973a9f44056.csv
2025-10-22T00:51:20.807508,grail,Aaaaugh,9,True,cce8498ef544,5.559238000046207,latency-5973a9f44056.csv
2025-10-22T00:51:21.319780,shrek3,CHARMING,232,True,cce8498ef544,7.061137000050621,latency-5973a9f44056.csv
2025-10-22T00:51:21.832414,shrek3,CHARMING,232,True,cce8498ef544,6.111717999942812,latency-5973a9f44056.csv
2025-10-22T00:51:22.344310,shrek,edge,2,True,cce8498ef544,7.276206999904389,latency-5973a9f44056.csv
2025-10-22T00:51:22.857873,shrek,FIONA,211,True,cce8498ef544,6.44010599989997,latency-5973a9f44056.csv
2025-10-22T00:51:23.371471,grail,the,1600,True,cce8498ef544,6.043632000000798,latency-5973a9f44056.csv
2025-10-22T00:51:23.884076,shrek3,TO,511,True,cce8498ef544,5.61807199994746,latency-5973a9f44056.csv
2025-10-22T00:51:24.396009,grail,king,136,True,cce8498ef544,5.60077700004058,latency-5973a9f44056.csv
2025-10-22T00:51:24.909653,shrek,old,10,True,cce8498ef544,34.528088000001844,latency-5973a9f44056.csv
2025-10-22T00:51:25.461083,shrek3,of,275,True,cce8498ef544,12.780940999959968,latency-5973a9f44056.csv
2025-10-22T00:51:25.983021,shrek3,Im,1,True,3235342dfdf1,7.625435000022662,latency-5973a9f44056.csv
2025-10-22T00:51:26.497629,shrek,MAN,38,True,3235342dfdf1,7.831397000018114,latency-5973a9f44056.csv
2025-10-22T00:51:27.012905,shrek3,Whoa,7,True,3235342dfdf1,6.232987999965189,latency-5973a9f44056.csv
2025-10-22T00:51:27.525471,shrek3,the,1285,True,3235342dfdf1,6.642874000021948,latency-5973a9f44056.csv
2025-10-22T00:51:28.038509,shrek,CROWD,5,True,3235342dfdf1,8.960811999941143,latency-5973a9f44056.csv
2025-10-22T00:51:28.556134,shrek,your,49,True,cce8498ef544,8.022145000040837,latency-5973a9f44056.csv
2025-10-22T00:51:29.070311,shrek,FARQUAAD,84,True,cce8498ef544,6.78022800002509,latency-5973a9f44056.csv
2025-10-22T00:51:29.583560,shrek3,you,328,True,cce8498ef544,5.884235999928933,latency-5973a9f44056.csv
2025-10-22T00:51:30.095690,shrek3,CHARMING,232,True,cce8498ef544,5.794446999971115,latency-5973a9f44056.csv
2025-10-22T00:51:30.606870,grail,"lute,",0,True,cce8498ef544,6.118292999985897,latency-5973a9f44056.csv
2025-10-22T00:51:31.118603,shrek3,CAPTAIN,41,True,cce8498ef544,6.981834000043818,latency-5973a9f44056.csv
2025-10-22T00:51:31.631488,shrek,your,49,True,cce8498ef544,6.055983000010201,latency-5973a9f44056.csv
2025-10-22T00:51:32.143566,shrek,your,49,True,cce8498ef544,6.422079000003578,latency-5973a9f44056.csv
2025-10-22T00:51:32.655561,grail,-,259,True,cce8498ef544,6.444977000001018,latency-5973a9f44056.csv
2025-10-22T00:51:33.167233,shrek3,PRINCE,207,True,cce8498ef544,6.466430000045875,latency-5973a9f44056.csv
2025-10-22T00:51:33.679004,shrek3,ARTIE,213,True,3235342dfdf1,9.05677100001867,latency-5973a9f44056.csv
2025-10-22T00:51:34.196190,grail,Guard,106,True,3235342dfdf1,9.18037999997523,latency-5973a9f44056.csv
2025-10-22T00:51:34.713880,shrek,FIONA'S,3,True,3235342dfdf1,8.427893999964908,latency-5973a9f44056.csv
2025-10-22T00:51:35.231904,shrek3,Cinderella,21,True,cce8498ef544,14.243129999954364,latency-5973a9f44056.csv
2025-10-22T00:51:35.762579,shrek3,SHREK,678,True,cce8498ef544,5.505384999992202,latency-5973a9f44056.csv
2025-10-22T00:51:36.281324,shrek,his,48,True,cce8498ef544,7.391373000018575,latency-5973a9f44056.csv
2025-10-22T00:51:36.806031,shrek,help,5,True,cce8498ef544,5.820025999923928,latency-5973a9f44056.csv
2025-10-22T00:51:37.326731,shrek3,an,51,True,cce8498ef544,6.146325999907276,latency-5973a9f44056.csv
2025-10-22T00:51:37.859039,shrek3,you,328,True,cce8498ef544,5.235388999949464,latency-5973a9f44056.csv
2025-10-22T00:51:38.372803,shrek3,toward,14,True,cce8498ef544,6.421201999955883,latency-5973a9f44056.csv
2025-10-22T00:51:38.887252,grail,witch,30,True,cce8498ef544,4.875518999938322,latency-5973a9f44056.csv
2025-10-22T00:51:39.400592,grail,door,14,True,cce8498ef544,6.585389000065334,latency-5973a9f44056.csv
2025-10-22T00:51:39.914519,shrek,SHREK,433,True,cce8498ef544,6.63637499997094,latency-5973a9f44056.csv
2025-10-22T00:51:40.427992,shrek3,Third,121,True,cce8498ef544,15.758935999997448,latency-5973a9f44056.csv
2025-10-22T00:51:40.954556,shrek,DONKEY,320,True,cce8498ef544,7.156774000009136,latency-5973a9f44056.csv
2025-10-22T00:51:41.469950,shrek,GUARD,25,True,cce8498ef544,8.988082999962899,latency-5973a9f44056.csv
2025-10-22T00:51:41.987416,grail,music,21,True,cce8498ef544,11.619111999948473,latency-5973a9f44056.csv
2025-10-22T00:51:42.510994,grail,it,279,True,3235342dfdf1,7.849199000020235,latency-5973a9f44056.csv
2025-10-22T00:51:43.029072,shrek,FIONA,211,True,cce8498ef544,7.979867000017293,latency-5973a9f44056.csv
2025-10-22T00:51:43.545952,grail,Bridge,30,True,cce8498ef544,6.474127000046792,latency-5973a9f44056.csv
2025-10-22T00:51:44.062368,shrek,DONKEY,320,True,cce8498ef544,5.811156999925515,latency-5973a9f44056.csv
2025-10-22T00:51:44.574411,grail,seek,12,True,cce8498ef544,5.453184999964833,latency-5973a9f44056.csv
2025-10-22T00:51:45.086086,grail,Guard,106,True,cce8498ef544,8.80468400009704,latency-5973a9f44056.csv
2025-10-22T00:51:45.609234,shrek3,its,1,True,3235342dfdf1,4.497565999940889,latency-5973a9f44056.csv
2025-10-22T00:51:46.118921,grail,chops,3,True,3235342dfdf1,3.812282000012601,latency-5973a9f44056.csv
2025-10-22T00:51:46.628325,shrek3,Third,121,True,3235342dfdf1,4.038635999904727,latency-5973a9f44056.csv
2025-10-22T00:51:47.137820,grail,GALAHAD,87,True,cce8498ef544,6.976592000000892,latency-5973a9f44056.csv
2025-10-22T00:51:47.650630,shrek3,what,82,True,cce8498ef544,5.804668999985552,latency-5973a9f44056.csv
2025-10-22T00:51:48.162339,grail,Jones,7,True,cce8498ef544,6.565823000073578,latency-5973a9f44056.csv
2025-10-22T00:51:48.673815,shrek,SHREK,433,True,cce8498ef544,5.3835979999803385,latency-5973a9f44056.csv
2025-10-22T00:51:49.184909,shrek,"Well,",0,True,cce8498ef544,6.158682000091176,latency-5973a9f44056.csv
2025-10-22T00:51:49.697287,shrek3,field,3,True,cce8498ef544,6.005001999938031,latency-5973a9f44056.csv
2025-10-22T00:51:50.209233,shrek,looks,37,True,cce8498ef544,5.963379999911922,latency-5973a9f44056.csv
2025-10-22T00:49:53.963095,grail,“I,0,False,cce8498ef544,16.694752000034896,latency-9b81e9f1f571.csv
2025-10-22T00:49:54.489578,shrek,placed,1,False,cce8498ef544,15.06001199993534,latency-9b81e9f1f571.csv
2025-10-22T00:49:55.011836,grail,(as,0,False,cce8498ef544,12.18305399993369,latency-9b81e9f1f571.csv
2025-10-22T00:49:55.532054,shrek3,field,3,False,3235342dfdf1,21.26476499995533,latency-9b81e9f1f571.csv
2025-10-22T00:49:56.059421,grail,the,1600,False,cce8498ef544,8.581825999954162,latency-9b81e9f1f571.csv
2025-10-22T00:49:56.576111,shrek3,youre,0,False,cce8498ef544,9.81395300004806,latency-9b81e9f1f571.csv
2025-10-22T00:49:57.090967,grail,king,136,True,cce8498ef544,4.2036600000301405,latency-9b81e9f1f571.csv
2025-10-22T00:49:57.600616,grail,pretty,7,False,cce8498ef544,10.227579000002152,latency-9b81e9f1f571.csv
2025-10-22T00:49:58.118313,shrek3,ho,8,False,cce8498ef544,17.194470999925215,latency-9b81e9f1f571.csv
2025-10-22T00:49:58.641893,shrek3,us,12,False,cce8498ef544,9.034942999960547,latency-9b81e9f1f571.csv
2025-10-22T00:49:59.156223,grail,right,66,False,cce8498ef544,8.183894000012515,latency-9b81e9f1f571.csv
2025-10-22T00:49:59.669584,shrek,rising,1,False,cce8498ef544,7.110349999948085,latency-9b81e9f1f571.csv
2025-10-22T00:50:00.181720,shrek3,CHARMING,232,False,cce8498ef544,8.733324999980141,latency-9b81e9f1f571.csv
2025-10-22T00:50:00.695130,shrek3,and,576,False,cce8498ef544,9.010916000079304,latency-9b81e9f1f571.csv
2025-10-22T00:50:01.209396,shrek3,his,238,False,cce8498ef544,9.3313819999139,latency-9b81e9f1f571.csv
2025-10-22T00:50:01.723596,shrek,the,535,True,cce8498ef544,3.8939959999879648,latency-9b81e9f1f571.csv
2025-10-22T00:50:02.232230,grail,I,298,True,3235342dfdf1,4.564985000001798,latency-9b81e9f1f571.csv
2025-10-22T00:50:02.742245,shrek3,"meet""",0,False,3235342dfdf1,10.033794000037233,latency-9b81e9f1f571.csv
2025-10-22T00:50:03.257237,grail,To,718,True,3235342dfdf1,4.060159000005115,latency-9b81e9f1f571.csv
2025-10-22T00:50:03.766841,shrek,he,118,False,cce8498ef544,9.4629929999428,latency-9b81e9f1f571.csv
2025-10-22T00:50:04.282023,shrek3,PRINCE,207,False,cce8498ef544,10.87634500004242,latency-9b81e9f1f571.csv
2025-10-22T00:50:04.803307,shrek3,Artie,213,True,cce8498ef544,5.318371999919691,latency-9b81e9f1f571.csv
2025-10-22T00:50:05.319596,shrek3,BOAT,32,True,cce8498ef544,9.463620000019546,latency-9b81e9f1f571.csv
2025-10-22T00:50:05.838559,shrek3,decree,1,True,cce8498ef544,6.152897999982088,latency-9b81e9f1f571.csv
2025-10-22T00:50:06.350252,shrek3,the,1285,True,cce8498ef544,12.061258000017006,latency-9b81e9f1f571.csv
2025-10-22T00:50:06.868797,grail,BEDEVERE,103,False,cce8498ef544,11.256057999958102,latency-9b81e9f1f571.csv
2025-10-22T00:50:07.386249,grail,“I,0,True,cce8498ef544,6.013229000018328,latency-9b81e9f1f571.csv
2025-10-22T00:50:07.897985,shrek3,ARTIE,213,True,cce8498ef544,4.671868000059476,latency-9b81e9f1f571.csv
2025-10-22T00:50:08.412712,grail,is,317,True,cce8498ef544,5.22112599992397,latency-9b81e9f1f571.csv
2025-10-22T00:50:08.924334,shrek3,still,18,False,cce8498ef544,12.628479999989397,latency-9b81e9f1f571.csv
2025-10-22T00:50:09.443248,shrek,your,49,False,cce8498ef544,10.417417999974532,latency-9b81e9f1f571.csv
2025-10-22T00:50:09.959468,shrek3,field,3,True,cce8498ef544,5.669327999953566,latency-9b81e9f1f571.csv
2025-10-22T00:50:10.471428,shrek,trip,1,False,cce8498ef544,10.767769000040062,latency-9b81e9f1f571.csv
2025-10-22T00:50:10.988000,grail,To,718,True,cce8498ef544,5.410800000049676,latency-9b81e9f1f571.csv
2025-10-22T00:50:11.499107,shrek,his,48,True,cce8498ef544,5.341704999977992,latency-9b81e9f1f571.csv
2025-10-22T00:50:12.010632,shrek,after,10,True,cce8498ef544,5.318211000030715,latency-9b81e9f1f571.csv
2025-10-22T00:50:12.521803,shrek3,get,39,True,cce8498ef544,5.264216999989912,latency-9b81e9f1f571.csv
2025-10-22T00:50:13.034402,shrek3,SHREK,678,True,cce8498ef544,5.990930999928423,latency-9b81e9f1f571.csv
2025-10-22T00:50:13.545231,shrek,DONKEY,320,True,cce8498ef544,4.760187999977461,latency-9b81e9f1f571.csv
2025-10-22T00:50:14.059840,grail,few,8,True,cce8498ef544,5.715915999985555,latency-9b81e9f1f571.csv
2025-10-22T00:50:14.572533,shrek,minute,3,True,cce8498ef544,5.727519999936703,latency-9b81e9f1f571.csv
2025-10-22T00:50:15.084799,shrek3,right,36,False,cce8498ef544,22.1060699999498,latency-9b81e9f1f571.csv
2025-10-22T00:50:15.615267,shrek,the,535,True,cce8498ef544,5.266032000008636,latency-9b81e9f1f571.csv
2025-10-22T00:50:16.126963,shrek3,"meet""",0,True,cce8498ef544,5.444058999955814,latency-9b81e9f1f571.csv
2025-10-22T00:50:16.638189,shrek,trip,1,True,cce8498ef544,5.6565020000789445,latency-9b81e9f1f571.csv
2025-10-22T00:50:17.149842,shrek3,of,275,True,cce8498ef544,10.46031500004574,latency-9b81e9f1f571.csv
2025-10-22T00:50:17.665708,shrek,edge,2,False,cce8498ef544,10.585830000081842,latency-9b81e9f1f571.csv
2025-10-22T00:50:18.181933,grail,Footnote,4,True,cce8498ef544,4.999921000035101,latency-9b81e9f1f571.csv
2025-10-22T00:50:18.697328,shrek,GORDO,5,True,cce8498ef544,5.531734999976834,latency-9b81e9f1f571.csv
2025-10-22T00:50:19.209221,shrek,one,44,True,cce8498ef544,5.991697000013119,latency-9b81e9f1f571.csv
2025-10-22T00:50:19.721130,shrek3,us,12,True,cce8498ef544,4.622060999963651,latency-9b81e9f1f571.csv
2025-10-22T00:50:20.231428,shrek3,youre,0,True,cce8498ef544,4.8124979999784046,latency-9b81e9f1f571.csv
2025-10-22T00:50:20.741449,shrek,HOOD,13,True,cce8498ef544,5.594960000053106,latency-9b81e9f1f571.csv
2025-10-22T00:50:21.252469,shrek3,ho,8,True,cce8498ef544,4.8453969999400215,latency-9b81e9f1f571.csv
2025-10-22T00:50:21.762526,grail,Yeah,13,True,cce8498ef544,4.717989999903693,latency-9b81e9f1f571.csv
2025-10-22T00:50:22.276017,grail,I,298,True,cce8498ef544,5.386390000012398,latency-9b81e9f1f571.csv
2025-10-22T00:50:22.786684,shrek3,They,80,True,cce8498ef544,4.394446000105745,latency-9b81e9f1f571.csv
2025-10-22T00:50:23.300995,grail,LANCELOT,59,True,cce8498ef544,4.860908999944513,latency-9b81e9f1f571.csv
2025-10-22T00:50:23.810654,grail,cross,13,False,cce8498ef544,9.839163000037844,latency-9b81e9f1f571.csv
2025-10-22T00:50:24.325820,shrek3,MERLIN,73,True,3235342dfdf1,6.987332000107926,latency-9b81e9f1f571.csv
2025-10-22T00:50:24.838305,shrek,token,1,True,1ae65fa4046a,6.523526000023594,latency-9b81e9f1f571.csv
2025-10-22T00:50:25.352540,grail,is,317,True,1ae65fa4046a,12.062560999993366,latency-9b81e9f1f571.csv
2025-10-22T00:50:25.874331,shrek,He,118,True,1ae65fa4046a,7.222828999942976,latency-9b81e9f1f571.csv
2025-10-22T00:50:26.388990,grail,LANCELOT,59,True,3235342dfdf1,7.591832999992221,latency-9b81e9f1f571.csv
2025-10-22T00:50:26.904149,shrek,to,268,False,cce8498ef544,9.861096999998152,latency-9b81e9f1f571.csv
2025-10-22T00:50:27.420882,shrek3,TO,511,True,cce8498ef544,7.960969999999179,latency-9b81e9f1f571.csv
2025-10-22T00:50:27.937067,grail,thus,5,False,3235342dfdf1,2593.577650000043,latency-9b81e9f1f571.csv
2025-10-22T00:50:31.035958,shrek3,did,14,True,3235342dfdf1,4.604757000038262,latency-9b81e9f1f571.csv
2025-10-22T00:50:31.546679,shrek,afraid,8,True,3235342dfdf1,4.051040000035755,latency-9b81e9f1f571.csv
2025-10-22T00:50:32.056030,shrek,But,73,True,3235342dfdf1,4.838126999970882,latency-9b81e9f1f571.csv
2025-10-22T00:50:32.566403,shrek3,CHARMING,232,True,3235342dfdf1,4.425372000014249,latency-9b81e9f1f571.csv
2025-10-22T00:50:33.075914,shrek3,youre,0,True,3235342dfdf1,4.429132000041136,latency-9b81e9f1f571.csv
2025-10-22T00:50:33.585653,shrek3,Donkey,243,True,3235342dfdf1,4.606029999990824,latency-9b81e9f1f571.csv
2025-10-22T00:50:34.096587,shrek,will,16,True,3235342dfdf1,4.696604000059779,latency-9b81e9f1f571.csv
2025-10-22T00:50:34.607110,grail,Footnote,4,True,3235342dfdf1,4.464296999913131,latency-9b81e9f1f571.csv
2025-10-22T00:50:35.117528,grail,Aaaaugh,9,True,3235342dfdf1,6.801263000056679,latency-9b81e9f1f571.csv
2025-10-22T00:50:35.634426,shrek,stairs,7,True,3235342dfdf1,4.078187000004618,latency-9b81e9f1f571.csv
2025-10-22T00:50:36.143268,shrek3,Whoa,7,True,3235342dfdf1,4.104052999991836,latency-9b81e9f1f571.csv
2025-10-22T00:50:36.652203,shrek,true,20,True,3235342dfdf1,3.9008879999755663,latency-9b81e9f1f571.csv
2025-10-22T00:50:37.161024,grail,it,279,True,3235342dfdf1,3.8110479999886593,latency-9b81e9f1f571.csv
2025-10-22T00:50:37.669905,shrek3,body),0,False,3235342dfdf1,9.521359000018492,latency-9b81e9f1f571.csv
2025-10-22T00:50:38.184168,shrek3,Im,1,True,3235342dfdf1,3.6088780000227416,latency-9b81e9f1f571.csv
2025-10-22T00:50:38.692478,grail,Launcelot,107,True,3235342dfdf1,4.685647000087556,latency-9b81e9f1f571.csv
2025-10-22T00:50:39.201912,grail,pathetic,4,True,3235342dfdf1,5.230616000062582,latency-9b81e9f1f571.csv
2025-10-22T00:50:39.712325,shrek,I,386,True,1ae65fa4046a,7.857148000084635,latency-9b81e9f1f571.csv
2025-10-22T00:50:40.225639,grail,Jones,7,True,1ae65fa4046a,7.705221000037454,latency-9b81e9f1f571.csv
2025-10-22T00:50:40.741011,shrek,a,305,True,1ae65fa4046a,7.383006000054593,latency-9b81e9f1f571.csv
2025-10-22T00:50:41.253878,grail,chops,3,True,1ae65fa4046a,6.096045000049344,latency-9b81e9f1f571.csv
2025-10-22T00:50:41.770865,grail,to,718,True,1ae65fa4046a,8.44811300009951,latency-9b81e9f1f571.csv
2025-10-22T00:50:42.285457,grail,sell,1,True,1ae65fa4046a,7.957564999969691,latency-9b81e9f1f571.csv
2025-10-22T00:50:42.799696,shrek3,-,110,True,1ae65fa4046a,8.056311000018468,latency-9b81e9f1f571.csv
2025-10-22T00:50:43.315486,grail,cross,13,True,1ae65fa4046a,10.62625500003378,latency-9b81e9f1f571.csv
2025-10-22T00:50:43.831400,grail,witch,30,True,1ae65fa4046a,7.011918999978661,latency-9b81e9f1f571.csv
2025-10-22T00:50:44.344535,shrek3,SNOW,49,True,1ae65fa4046a,7.824808999998822,latency-9b81e9f1f571.csv
2025-10-22T00:50:44.858527,shrek,the,535,True,1ae65fa4046a,24.22901299996738,latency-9b81e9f1f571.csv
2025-10-22T00:50:45.401176,shrek3,Arg,1,True,3235342dfdf1,5.802013999982592,latency-9b81e9f1f571.csv
2025-10-22T00:50:45.914040,shrek,SHREK,433,True,3235342dfdf1,4.469581999956063,latency-9b81e9f1f571.csv
2025-10-22T00:50:46.423272,shrek3,116,1,True,3235342dfdf1,6.008401000030972,latency-9b81e9f1f571.csv
2025-10-22T00:50:46.934533,shrek,fair,2,True,1ae65fa4046a,5.331538999939767,latency-9b81e9f1f571.csv
2025-10-22T00:50:47.445313,shrek3,glass,9,True,1ae65fa4046a,4.52179100000194,latency-9b81e9f1f571.csv
2025-10-22T00:50:47.955301,grail,upon,13,True,1ae65fa4046a,7.089640000003783,latency-9b81e9f1f571.csv
2025-10-22T00:50:48.467992,shrek3,Guards,23,True,1ae65fa4046a,5.221040000037647,latency-9b81e9f1f571.csv
2025-10-22T00:50:48.978991,shrek3,showing,1,True,1ae65fa4046a,5.326097999954982,latency-9b81e9f1f571.csv
2025-10-22T00:50:49.489373,shrek3,supposed,11,True,1ae65fa4046a,5.688954999982343,latency-9b81e9f1f571.csv
2025-10-22T00:50:49.999662,grail,"Oh,",2,True,1ae65fa4046a,5.408942000030947,latency-9b81e9f1f571.csv
2025-10-22T00:50:50.515820,shrek3,through,43,True,3235342dfdf1,4.879619999996976,latency-9b81e9f1f571.csv
2025-10-22T00:50:51.026273,grail,a,666,True,3235342dfdf1,5.416842000045108,latency-9b81e9f1f571.csv
2025-10-22T00:50:51.538511,shrek,HOOD,13,True,3235342dfdf1,8.2641839999269,latency-9b81e9f1f571.csv
2025-10-22T00:50:52.055387,shrek,a,305,True,3235342dfdf1,5.054371000028368,latency-9b81e9f1f571.csv
2025-10-22T00:50:52.565819,shrek3,Arg,1,True,3235342dfdf1,4.836430999944241,latency-9b81e9f1f571.csv
2025-10-22T00:50:53.076371,shrek,token,1,True,3235342dfdf1,4.2240829999400376,latency-9b81e9f1f571.csv
2025-10-22T00:50:53.585823,shrek3,wont,0,True,3235342dfdf1,5.14202799990926,latency-9b81e9f1f571.csv
2025-10-22T00:50:54.097196,shrek,afraid,8,True,1ae65fa4046a,6.713974000035705,latency-9b81e9f1f571.csv
2025-10-22T00:50:54.609983,grail,the,1600,True,1ae65fa4046a,5.85166999997,latency-9b81e9f1f571.csv
2025-10-22T00:50:55.123036,grail,rows,1,True,1ae65fa4046a,9.74303099997087,latency-9b81e9f1f571.csv
2025-10-22T00:50:55.642165,shrek3,DWARF,10,True,1ae65fa4046a,2632.91497299997,latency-9b81e9f1f571.csv
2025-10-22T00:50:58.780249,shrek3,Arg,1,True,1ae65fa4046a,3.77341199998682,latency-9b81e9f1f571.csv
2025-10-22T00:50:59.289447,shrek,gone,3,True,1ae65fa4046a,7.042142000045715,latency-9b81e9f1f571.csv
2025-10-22T00:50:59.801621,shrek3,and,576,True,1ae65fa4046a,4.453192000028139,latency-9b81e9f1f571.csv
2025-10-22T00:51:00.310934,shrek,help,5,True,1ae65fa4046a,4.236464000086926,latency-9b81e9f1f571.csv
2025-10-22T00:51:00.821456,grail,3,18,True,1ae65fa4046a,4.110763999960909,latency-9b81e9f1f571.csv
2025-10-22T00:51:01.331720,grail,G,6,True,1ae65fa4046a,4.665177999982006,latency-9b81e9f1f571.csv
2025-10-22T00:51:01.841583,shrek,afraid,8,True,1ae65fa4046a,3.6215869999978167,latency-9b81e9f1f571.csv
2025-10-22T00:51:02.349933,grail,pause,10,True,1ae65fa4046a,3.473000999974829,latency-9b81e9f1f571.csv
2025-10-22T00:51:02.857745,grail,a,666,True,1ae65fa4046a,3.5673909999331954,latency-9b81e9f1f571.csv
2025-10-22T00:51:03.366008,grail,music,21,True,1ae65fa4046a,3.9540310000347754,latency-9b81e9f1f571.csv
2025-10-22T00:51:03.874770,grail,BEDEVERE,103,True,1ae65fa4046a,3.686842999968576,latency-9b81e9f1f571.csv
2025-10-22T00:51:04.383122,shrek,Nobody,4,True,1ae65fa4046a,4.255231999991338,latency-9b81e9f1f571.csv
2025-10-22T00:51:04.893009,shrek3,of,275,True,1ae65fa4046a,7.783871000015097,latency-9b81e9f1f571.csv
2025-10-22T00:51:05.407907,shrek,"Well,",0,True,1ae65fa4046a,5.364549000091756,latency-9b81e9f1f571.csv
2025-10-22T00:51:05.919196,shrek,GORDO,5,True,1ae65fa4046a,4.0003220000244255,latency-9b81e9f1f571.csv
2025-10-22T00:51:06.428881,grail,grabbing,5,True,1ae65fa4046a,4.76544000002832,latency-9b81e9f1f571.csv
2025-10-22T00:51:06.938103,shrek3,with,112,True,1ae65fa4046a,5.5358560000513535,latency-9b81e9f1f571.csv
2025-10-22T00:51:07.448540,shrek,don't,72,True,1ae65fa4046a,6.022237000024688,latency-9b81e9f1f571.csv
2025-10-22T00:51:07.959954,grail,about,49,True,1ae65fa4046a,5.689501999995628,latency-9b81e9f1f571.csv
2025-10-22T00:51:08.470648,shrek,Shrek,433,True,1ae65fa4046a,5.746283999997104,latency-9b81e9f1f571.csv
2025-10-22T00:51:08.981212,shrek3,Uh,18,True,1ae65fa4046a,5.371465000052922,latency-9b81e9f1f571.csv
2025-10-22T00:51:09.492755,shrek,HOOD,13,True,1ae65fa4046a,5.317285000046468,latency-9b81e9f1f571.csv
2025-10-22T00:51:10.004560,shrek3,SHREK,678,True,1ae65fa4046a,6.270643999982895,latency-9b81e9f1f571.csv
2025-10-22T00:51:10.516719,shrek,field,4,True,1ae65fa4046a,6.673258999967402,latency-9b81e9f1f571.csv
2025-10-22T00:51:11.030380,shrek,Aah,6,True,1ae65fa4046a,7.621771999993143,latency-9b81e9f1f571.csv
2025-10-22T00:51:11.543749,shrek,MAN,38,True,1ae65fa4046a,7.377294999969308,latency-9b81e9f1f571.csv
2025-10-22T00:51:12.056862,shrek3,decree,1,True,1ae65fa4046a,6.076548999999432,latency-9b81e9f1f571.csv
2025-10-22T00:51:12.569128,shrek,this,79,True,1ae65fa4046a,7.010849000039343,latency-9b81e9f1f571.csv
2025-10-22T00:51:13.082559,shrek,DONKEY,320,True,1ae65fa4046a,5.818665999981931,latency-9b81e9f1f571.csv
2025-10-22T00:51:13.593000,shrek3,and,576,True,1ae65fa4046a,7.986428999970485,latency-9b81e9f1f571.csv
2025-10-22T00:51:14.107174,shrek3,and,576,True,1ae65fa4046a,8.200168000030317,latency-9b81e9f1f571.csv
2025-10-22T00:51:14.621756,shrek,you,409,True,1ae65fa4046a,7.3709590000134995,latency-9b81e9f1f571.csv
2025-10-22T00:51:15.136552,shrek3,ho,8,True,1ae65fa4046a,11.910420999925009,latency-9b81e9f1f571.csv
2025-10-22T00:51:15.673137,shrek3,Arg,1,True,1ae65fa4046a,3.9753559999553545,latency-9b81e9f1f571.csv
2025-10-22T00:51:16.181808,grail,"Peng,",0,True,1ae65fa4046a,4.137043000014273,latency-9b81e9f1f571.csv
2025-10-22T00:51:16.690759,shrek3,SHOUTING),0,True,1ae65fa4046a,4.523770999981025,latency-9b81e9f1f571.csv
2025-10-22T00:51:17.200294,shrek3,of,275,True,1ae65fa4046a,4.626727999948344,latency-9b81e9f1f571.csv
2025-10-22T00:51:17.709727,shrek3,ruby,1,True,1ae65fa4046a,6.169889999910083,latency-9b81e9f1f571.csv
2025-10-22T00:51:18.221967,shrek,token,1,True,1ae65fa4046a,4.949421999981496,latency-9b81e9f1f571.csv
2025-10-22T00:51:18.733092,grail,pretty,7,True,cce8498ef544,10.700049999968542,latency-9b81e9f1f571.csv
2025-10-22T00:51:19.249082,shrek3,Donkey,243,True,cce8498ef544,8.298476999925697,latency-9b81e9f1f571.csv
2025-10-22T00:51:19.764318,grail,is,317,True,cce8498ef544,7.340672000054837,latency-9b81e9f1f571.csv
2025-10-22T00:51:20.277231,grail,Footnote,4,True,cce8498ef544,6.453464000060194,latency-9b81e9f1f571.csv
2025-10-22T00:51:20.790185,shrek3,ho,8,True,cce8498ef544,8.128101000011156,latency-9b81e9f1f571.csv
2025-10-22T00:51:21.304626,grail,is,317,True,cce8498ef544,7.3922719999472974,latency-9b81e9f1f571.csv
2025-10-22T00:51:21.818372,shrek,FARQUAAD,84,True,cce8498ef544,6.400986000016928,latency-9b81e9f1f571.csv
2025-10-22T00:51:22.331396,shrek,GUARD,25,True,cce8498ef544,6.961450999938279,latency-9b81e9f1f571.csv
2025-10-22T00:51:22.844284,shrek,SHREK,433,True,cce8498ef544,6.417198000008284,latency-9b81e9f1f571.csv
2025-10-22T00:51:23.356919,grail,Ecky-Ecky-Ecky,1,True,cce8498ef544,5.191513999989184,latency-9b81e9f1f571.csv
2025-10-22T00:51:23.868608,shrek3,DONKEY,243,True,cce8498ef544,7.194012000013572,latency-9b81e9f1f571.csv
2025-10-22T00:51:24.382952,grail,Who’s,3,True,cce8498ef544,7.870535999927597,latency-9b81e9f1f571.csv
2025-10-22T00:51:24.903127,shrek,And,318,True,3235342dfdf1,12.676023000040004,latency-9b81e9f1f571.csv
2025-10-22T00:51:25.450960,shrek,rising,1,True,cce8498ef544,5.958133000035559,latency-9b81e9f1f571.csv
2025-10-22T00:51:25.968235,shrek,swamp,18,True,cce8498ef544,5.518630999972629,latency-9b81e9f1f571.csv
2025-10-22T00:51:26.478663,shrek,DONKEY,320,True,cce8498ef544,4.746104999981071,latency-9b81e9f1f571.csv
2025-10-22T00:51:26.988884,shrek,help,5,True,cce8498ef544,5.846933999919202,latency-9b81e9f1f571.csv
2025-10-22T00:51:27.500086,shrek3,and,576,True,cce8498ef544,6.056233999970573,latency-9b81e9f1f571.csv
2025-10-22T00:51:28.011653,shrek,the,535,True,cce8498ef544,4.784689999951297,latency-9b81e9f1f571.csv
2025-10-22T00:51:28.523149,grail,Aaaaugh,9,True,cce8498ef544,4.885926000042673,latency-9b81e9f1f571.csv
2025-10-22T00:51:29.033949,shrek,the,535,True,cce8498ef544,5.536832000075265,latency-9b81e9f1f571.csv
2025-10-22T00:51:29.546028,shrek,SHREK,433,True,cce8498ef544,6.067643999926986,latency-9b81e9f1f571.csv
2025-10-22T00:51:30.057718,shrek3,Gingerbread,37,True,cce8498ef544,7.521426000039355,latency-9b81e9f1f571.csv
2025-10-22T00:51:30.571553,shrek3,toward,14,True,cce8498ef544,7.60924899998372,latency-9b81e9f1f571.csv
2025-10-22T00:51:31.085881,grail,dancing,10,True,cce8498ef544,7.218145000024378,latency-9b81e9f1f571.csv
2025-10-22T00:51:31.601375,shrek,token,1,True,cce8498ef544,5.5247390000658925,latency-9b81e9f1f571.csv
2025-10-22T00:51:32.114283,shrek3,of,275,True,cce8498ef544,6.11844899992775,latency-9b81e9f1f571.csv
2025-10-22T00:51:32.629715,shrek3,CAPTAIN,41,True,cce8498ef544,8.827970000083951,latency-9b81e9f1f571.csv
2025-10-22T00:51:33.146248,shrek3,WOLF,7,True,cce8498ef544,10.788714000000256,latency-9b81e9f1f571.csv
2025-10-22T00:51:33.667244,shrek,our,11,True,cce8498ef544,9.108212000001004,latency-9b81e9f1f571.csv
2025-10-22T00:51:34.189264,shrek,to,268,True,cce8498ef544,9.61726900004578,latency-9b81e9f1f571.csv
2025-10-22T00:51:34.710655,shrek3,CHARMING,232,True,cce8498ef544,12.86086899995098,latency-9b81e9f1f571.csv
2025-10-22T00:51:35.234692,shrek3,Third,121,True,cce8498ef544,15.749067999990984,latency-9b81e9f1f571.csv
2025-10-22T00:51:35.769105,grail,the,1600,True,3235342dfdf1,11.388285999942129,latency-9b81e9f1f571.csv
2025-10-22T00:51:36.289167,shrek,stairs,7,True,3235342dfdf1,11.189830000034815,latency-9b81e9f1f571.csv
2025-10-22T00:51:36.812739,shrek3,Hold,8,True,3235342dfdf1,11.776206000035929,latency-9b81e9f1f571.csv
2025-10-22T00:51:37.333642,shrek,at,62,True,3235342dfdf1,17.828031000021838,latency-9b81e9f1f571.csv
2025-10-22T00:51:37.871586,grail,them,41,True,cce8498ef544,4.873118999967119,latency-9b81e9f1f571.csv
2025-10-22T00:51:38.393460,shrek,Is,132,True,cce8498ef544,4.033710000044266,latency-9b81e9f1f571.csv
2025-10-22T00:51:38.906491,shrek3,CAPTAIN,41,True,cce8498ef544,3.940784000064923,latency-9b81e9f1f571.csv
2025-10-22T00:51:39.414945,grail,I,298,True,cce8498ef544,4.734156000040457,latency-9b81e9f1f571.csv
2025-10-22T00:51:39.924660,grail,the,1600,True,cce8498ef544,6.2519550000388335,latency-9b81e9f1f571.csv
2025-10-22T00:51:40.436292,grail,Who’s,3,True,3235342dfdf1,9.869627000057337,latency-9b81e9f1f571.csv
2025-10-22T00:51:40.953068,shrek3,BOAT,32,True,cce8498ef544,7.713378999937959,latency-9b81e9f1f571.csv
2025-10-22T00:51:41.469573,shrek,I,386,True,cce8498ef544,10.47669299998688,latency-9b81e9f1f571.csv
2025-10-22T00:51:41.987994,shrek,tale,7,True,cce8498ef544,10.457661000032203,latency-9b81e9f1f571.csv
2025-10-22T00:51:42.510492,grail,time,33,True,3235342dfdf1,8.860783000045558,latency-9b81e9f1f571.csv
2025-10-22T00:51:43.029431,grail,Eolio,2,True,cce8498ef544,7.441143000050943,latency-9b81e9f1f571.csv
2025-10-22T00:51:43.546212,shrek3,true,1,True,cce8498ef544,5.450495999980376,latency-9b81e9f1f571.csv
2025-10-22T00:51:44.061876,shrek3,2,8,True,cce8498ef544,5.648563999898215,latency-9b81e9f1f571.csv
2025-10-22T00:51:44.574165,grail,54,2,True,cce8498ef544,5.988247999994201,latency-9b81e9f1f571.csv
2025-10-22T00:51:45.086231,shrek3,CHARMING,232,True,cce8498ef544,10.7837750000499,latency-9b81e9f1f571.csv
2025-10-22T00:51:45.604885,shrek3,with,112,True,cce8498ef544,5.799498999977004,latency-9b81e9f1f571.csv
2025-10-22T00:51:46.116687,shrek3,his,238,True,cce8498ef544,4.813706000049933,latency-9b81e9f1f571.csv
2025-10-22T00:51:46.626893,grail,Gallahad,44,True,cce8498ef544,4.940826000051857,latency-9b81e9f1f571.csv
2025-10-22T00:51:47.137795,shrek,FARQUAAD,84,True,cce8498ef544,7.252036999943812,latency-9b81e9f1f571.csv
2025-10-22T00:51:47.650838,shrek,DONKEY,320,True,cce8498ef544,5.746842000007746,latency-9b81e9f1f571.csv
2025-10-22T00:51:48.162301,shrek,And,318,True,cce8498ef544,6.707782000034968,latency-9b81e9f1f571.csv
2025-10-22T00:51:48.674762,shrek3,me,72,True,cce8498ef544,4.796223999960603,latency-9b81e9f1f571.csv
2025-10-22T00:51:49.184911,grail,the,1600,True,cce8498ef544,6.237315000021226,latency-9b81e9f1f571.csv
2025-10-22T00:51:49.697277,shrek,"Well,",0,True,cce8498ef544,6.418588999963504,latency-9b81e9f1f571.csv
2025-10-22T00:51:50.209432,shrek3,OGRE,39,True,cce8498ef544,5.394696000053045,latency-9b81e9f1f571.csv
2025-10-22T00:49:54.269248,grail,Eolio,2,False,cce8498ef544,16.245790999960263,latency-b01171c92ba7.csv
2025-10-22T00:49:54.793796,shrek,And,318,False,cce8498ef544,13.507334999985687,latency-b01171c92ba7.csv
2025-10-22T00:49:55.315454,shrek,"Well,",0,False,cce8498ef544,15.17980300002364,latency-b01171c92ba7.csv
2025-10-22T00:49:55.838898,shrek3,Uh,18,False,cce8498ef544,9.764426000060666,latency-b01171c92ba7.csv
2025-10-22T00:49:56.354491,shrek,this,79,False,cce8498ef544,8.424686000012116,latency-b01171c92ba7.csv
2025-10-22T00:49:56.871693,shrek3,to,511,False,cce8498ef544,10.771740999985012,latency-b01171c92ba7.csv
2025-10-22T00:49:57.393746,shrek3,cues,3,False,cce8498ef544,10.104812000008678,latency-b01171c92ba7.csv
2025-10-22T00:49:57.910271,grail,rows,1,False,cce8498ef544,20.166067000104704,latency-b01171c92ba7.csv
2025-10-22T00:49:58.439978,grail,the,1600,True,1ae65fa4046a,10.56069900005241,latency-b01171c92ba7.csv
2025-10-22T00:49:58.957391,grail,a,666,False,3235342dfdf1,9.7691969999687,latency-b01171c92ba7.csv
2025-10-22T00:49:59.474083,grail,king,136,True,cce8498ef544,5.647425999995903,latency-b01171c92ba7.csv
2025-10-22T00:49:59.990367,shrek3,Final,119,False,cce8498ef544,12.23958399998537,latency-b01171c92ba7.csv
2025-10-22T00:50:00.514404,shrek3,the,1285,True,3235342dfdf1,5.59353000005558,latency-b01171c92ba7.csv
2025-10-22T00:50:01.025482,shrek3,ARTIE,213,True,3235342dfdf1,4.061968999963028,latency-b01171c92ba7.csv
2025-10-22T00:50:01.535125,shrek,its,1,False,3235342dfdf1,8.810285999970802,latency-b01171c92ba7.csv
2025-10-22T00:50:02.050440,grail,are,114,False,cce8498ef544,17.055617999972128,latency-b01171c92ba7.csv
2025-10-22T00:50:02.574239,grail,is,317,True,cce8498ef544,12.004100999888578,latency-b01171c92ba7.csv
2025-10-22T00:50:03.098049,grail,singing,33,False,cce8498ef544,15.127886999948714,latency-b01171c92ba7.csv
2025-10-22T00:50:03.618263,shrek,stairs,7,True,3235342dfdf1,7.949711000037496,latency-b01171c92ba7.csv
2025-10-22T00:50:04.132893,shrek,way,26,True,3235342dfdf1,6.166644000018096,latency-b01171c92ba7.csv
2025-10-22T00:50:04.649133,shrek3,ruby,1,True,cce8498ef544,13.433078999923964,latency-b01171c92ba7.csv
2025-10-22T00:50:05.171335,shrek3,boomerang,1,False,cce8498ef544,22.53705499992975,latency-b01171c92ba7.csv
2025-10-22T00:50:05.703714,grail,Gallahad,44,True,cce8498ef544,11.024080999959551,latency-b01171c92ba7.csv
2025-10-22T00:50:06.222895,shrek3,get,39,True,3235342dfdf1,6.20203500000116,latency-b01171c92ba7.csv
2025-10-22T00:50:06.735533,grail,pathetic,4,False,cce8498ef544,11.421265999956631,latency-b01171c92ba7.csv
2025-10-22T00:50:07.254266,grail,Michael,11,True,cce8498ef544,9.268388999998932,latency-b01171c92ba7.csv
2025-10-22T00:50:07.771599,shrek3,MERLIN,73,False,cce8498ef544,22.548624000023665,latency-b01171c92ba7.csv
2025-10-22T00:50:08.302042,shrek,I,386,False,3235342dfdf1,8.679643999926157,latency-b01171c92ba7.csv
2025-10-22T00:50:08.818003,grail,upon,13,True,cce8498ef544,8.25813299991296,latency-b01171c92ba7.csv
2025-10-22T00:50:09.340238,grail,witch,30,True,cce8498ef544,8.346332999963124,latency-b01171c92ba7.csv
2025-10-22T00:50:09.858273,shrek3,SHREK,678,True,cce8498ef544,8.341484999959903,latency-b01171c92ba7.csv
2025-10-22T00:50:10.379897,grail,pause,10,False,cce8498ef544,19.918057999916527,latency-b01171c92ba7.csv
2025-10-22T00:50:10.906781,shrek,CROWD,5,False,cce8498ef544,18.68734599997879,latency-b01171c92ba7.csv
2025-10-22T00:50:11.431857,grail,Gallahad,44,True,cce8498ef544,7.774201999950492,latency-b01171c92ba7.csv
2025-10-22T00:50:11.947503,grail,about,49,True,cce8498ef544,6.808612999975594,latency-b01171c92ba7.csv
2025-10-22T00:50:12.461460,shrek3,2,8,True,cce8498ef544,6.35807499998009,latency-b01171c92ba7.csv
2025-10-22T00:50:12.974944,shrek3,Shrek,678,True,cce8498ef544,4.714950999982648,latency-b01171c92ba7.csv
2025-10-22T00:50:13.487650,shrek3,get,39,True,cce8498ef544,4.221441000026971,latency-b01171c92ba7.csv
2025-10-22T00:50:13.997115,grail,the,1600,True,cce8498ef544,6.30464200003189,latency-b01171c92ba7.csv
2025-10-22T00:50:14.509701,grail,seek,12,True,cce8498ef544,5.19514400002663,latency-b01171c92ba7.csv
2025-10-22T00:50:15.021621,shrek,FIONA,211,True,cce8498ef544,8.707538999942699,latency-b01171c92ba7.csv
2025-10-22T00:50:15.546848,grail,for,118,False,cce8498ef544,9.456053000008067,latency-b01171c92ba7.csv
2025-10-22T00:50:16.060827,shrek3,right,36,True,cce8498ef544,4.181424000080369,latency-b01171c92ba7.csv
2025-10-22T00:50:16.570795,shrek,And,318,True,cce8498ef544,4.175492999934249,latency-b01171c92ba7.csv
2025-10-22T00:50:17.080768,shrek,FIONA,211,True,cce8498ef544,4.182055999990553,latency-b01171c92ba7.csv
2025-10-22T00:50:17.590775,shrek3,DWARF,10,False,cce8498ef544,10.510490999990909,latency-b01171c92ba7.csv
2025-10-22T00:50:18.106437,grail,Michael,11,True,cce8498ef544,5.194052999968335,latency-b01171c92ba7.csv
2025-10-22T00:50:18.618806,shrek3,Im,1,True,cce8498ef544,6.823228000030213,latency-b01171c92ba7.csv
2025-10-22T00:50:19.131064,shrek,a,305,True,cce8498ef544,4.726863999962916,latency-b01171c92ba7.csv
2025-10-22T00:50:19.641355,shrek,way,26,True,cce8498ef544,4.9726910000345015,latency-b01171c92ba7.csv
2025-10-22T00:50:20.152868,grail,Auuuuuuuugh,2,True,cce8498ef544,4.050436000056834,latency-b01171c92ba7.csv
2025-10-22T00:50:20.662441,grail,time,33,False,cce8498ef544,9.503655999992588,latency-b01171c92ba7.csv
2025-10-22T00:50:21.177043,grail,and,722,False,cce8498ef544,8.83365100003175,latency-b01171c92ba7.csv
2025-10-22T00:50:21.691006,grail,Launcelot,107,False,cce8498ef544,9.092734999967432,latency-b01171c92ba7.csv
2025-10-22T00:50:22.205311,grail,of,684,True,cce8498ef544,4.5980070000268825,latency-b01171c92ba7.csv
2025-10-22T00:50:22.716444,shrek,DONKEY,320,True,cce8498ef544,4.960827999980211,latency-b01171c92ba7.csv
2025-10-22T00:50:23.227447,shrek,cottage,4,False,cce8498ef544,9.37474399995608,latency-b01171c92ba7.csv
2025-10-22T00:50:23.742752,grail,the,1600,True,cce8498ef544,5.295936999914375,latency-b01171c92ba7.csv
2025-10-22T00:50:24.253529,shrek3,of,275,True,cce8498ef544,4.664842000011049,latency-b01171c92ba7.csv
2025-10-22T00:50:24.764571,shrek3,-,110,True,cce8498ef544,4.775302999973974,latency-b01171c92ba7.csv
2025-10-22T00:50:25.274979,grail,pathetic,4,True,cce8498ef544,7.923473999994712,latency-b01171c92ba7.csv
2025-10-22T00:50:25.790916,shrek,INSIDE,16,False,cce8498ef544,10.328808000053868,latency-b01171c92ba7.csv
2025-10-22T00:50:26.307520,grail,the,1600,True,cce8498ef544,5.90316900002108,latency-b01171c92ba7.csv
2025-10-22T00:50:26.818512,shrek,What,104,True,cce8498ef544,4.542795999896043,latency-b01171c92ba7.csv
2025-10-22T00:50:27.329302,grail,pretty,7,True,cce8498ef544,5.295627000009517,latency-b01171c92ba7.csv
2025-10-22T00:50:27.841747,grail,it,279,False,3235342dfdf1,2572.1390999999585,latency-b01171c92ba7.csv
2025-10-22T00:50:30.920172,shrek3,supposed,11,True,3235342dfdf1,4.843724000011207,latency-b01171c92ba7.csv
2025-10-22T00:50:31.429914,shrek3,SHREK,678,True,3235342dfdf1,4.176563999976679,latency-b01171c92ba7.csv
2025-10-22T00:50:31.939428,shrek3,SHOUTING),0,False,3235342dfdf1,10.710618000075556,latency-b01171c92ba7.csv
2025-10-22T00:50:32.456500,shrek,edge,2,True,3235342dfdf1,4.730890000018917,latency-b01171c92ba7.csv
2025-10-22T00:50:32.967753,shrek,placed,1,True,3235342dfdf1,4.8060760000225855,latency-b01171c92ba7.csv
2025-10-22T00:50:33.478500,shrek3,Final,119,True,3235342dfdf1,4.665910999960943,latency-b01171c92ba7.csv
2025-10-22T00:50:33.989596,shrek,the,535,True,3235342dfdf1,5.161871000041174,latency-b01171c92ba7.csv
2025-10-22T00:50:34.500799,shrek3,ARTIE,213,True,3235342dfdf1,4.548047999946903,latency-b01171c92ba7.csv
2025-10-22T00:50:35.011338,grail,upon,13,True,3235342dfdf1,7.453891000068324,latency-b01171c92ba7.csv
2025-10-22T00:50:35.527008,grail,pathetic,4,True,3235342dfdf1,4.849728999943181,latency-b01171c92ba7.csv
2025-10-22T00:50:36.037279,shrek,you,409,True,3235342dfdf1,4.060770000023695,latency-b01171c92ba7.csv
2025-10-22T00:50:36.546757,shrek,gone,3,True,3235342dfdf1,4.401756999982354,latency-b01171c92ba7.csv
2025-10-22T00:50:37.056776,grail,-,259,True,3235342dfdf1,4.112213999974301,latency-b01171c92ba7.csv
2025-10-22T00:50:37.566350,shrek3,supposed,11,True,3235342dfdf1,4.55149899994467,latency-b01171c92ba7.csv
2025-10-22T00:50:38.077014,grail,ANOTHER,25,True,3235342dfdf1,4.114189999995688,latency-b01171c92ba7.csv
2025-10-22T00:50:38.586624,grail,about,49,True,3235342dfdf1,4.600473999971655,latency-b01171c92ba7.csv
2025-10-22T00:50:39.097209,shrek,FIONA,211,True,3235342dfdf1,4.795009999952526,latency-b01171c92ba7.csv
2025-10-22T00:50:39.607889,shrek3,WOLF,7,True,3235342dfdf1,4.9282230000926575,latency-b01171c92ba7.csv
2025-10-22T00:50:40.118939,shrek3,field,3,True,3235342dfdf1,4.271479000067302,latency-b01171c92ba7.csv
2025-10-22T00:50:40.629493,grail,going,21,True,3235342dfdf1,4.799087000037616,latency-b01171c92ba7.csv
2025-10-22T00:50:41.140568,shrek3,"meet""",0,True,3235342dfdf1,4.609630000004472,latency-b01171c92ba7.csv
2025-10-22T00:50:41.651394,grail,since,10,True,3235342dfdf1,3.873492000025181,latency-b01171c92ba7.csv
2025-10-22T00:50:42.160505,grail,Footnote,4,True,3235342dfdf1,4.812808999986373,latency-b01171c92ba7.csv
2025-10-22T00:50:42.671650,grail,Who’s,3,True,3235342dfdf1,4.80714800005444,latency-b01171c92ba7.csv
2025-10-22T00:50:43.183066,shrek,field,4,True,3235342dfdf1,5.834505999928297,latency-b01171c92ba7.csv
2025-10-22T00:50:43.694028,shrek3,its,1,True,3235342dfdf1,4.6373399999311005,latency-b01171c92ba7.csv
2025-10-22T00:50:44.204470,shrek,SHREK,433,True,3235342dfdf1,4.320602000007057,latency-b01171c92ba7.csv
2025-10-22T00:50:44.713927,shrek3,CHARMING,232,True,3235342dfdf1,4.574279000053139,latency-b01171c92ba7.csv
2025-10-22T00:50:45.224136,shrek3,Shrek,678,True,3235342dfdf1,9.039486000006036,latency-b01171c92ba7.csv
2025-10-22T00:50:45.740578,grail,with/,0,True,3235342dfdf1,4.937730000051488,latency-b01171c92ba7.csv
2025-10-22T00:50:46.251553,grail,Tm,5,True,3235342dfdf1,4.543783000030999,latency-b01171c92ba7.csv
2025-10-22T00:50:46.762493,shrek3,did,14,True,3235342dfdf1,4.543512000054761,latency-b01171c92ba7.csv
2025-10-22T00:50:47.272983,shrek3,what,82,True,3235342dfdf1,5.045465999955923,latency-b01171c92ba7.csv
2025-10-22T00:50:47.784288,shrek3,SCHOOL,14,True,3235342dfdf1,4.331629000034809,latency-b01171c92ba7.csv
2025-10-22T00:50:48.294816,shrek,But,73,True,3235342dfdf1,4.803801999969437,latency-b01171c92ba7.csv
2025-10-22T00:50:48.805501,shrek,old,10,True,3235342dfdf1,5.060464999928627,latency-b01171c92ba7.csv
2025-10-22T00:50:49.316336,shrek,true,20,True,3235342dfdf1,4.702485000052548,latency-b01171c92ba7.csv
2025-10-22T00:50:49.827336,shrek,happily,2,True,3235342dfdf1,4.76478699999916,latency-b01171c92ba7.csv
2025-10-22T00:50:50.337875,shrek3,Guards,23,True,3235342dfdf1,5.538147999914145,latency-b01171c92ba7.csv
2025-10-22T00:50:50.849856,grail,few,8,True,3235342dfdf1,5.110590999947817,latency-b01171c92ba7.csv
2025-10-22T00:50:51.361453,grail,Gallahad,44,True,3235342dfdf1,5.074705999959406,latency-b01171c92ba7.csv
2025-10-22T00:50:51.872168,shrek,FIONA,211,True,3235342dfdf1,4.752028999973845,latency-b01171c92ba7.csv
2025-10-22T00:50:52.382669,grail,grabbing,5,True,3235342dfdf1,5.280704000028891,latency-b01171c92ba7.csv
2025-10-22T00:50:52.893435,shrek,And,318,True,3235342dfdf1,3.67316100005155,latency-b01171c92ba7.csv
2025-10-22T00:50:53.402320,grail,19Prince,0,True,3235342dfdf1,4.959921000022405,latency-b01171c92ba7.csv
2025-10-22T00:50:53.914367,shrek3,with,112,True,3235342dfdf1,5.06470100003753,latency-b01171c92ba7.csv
2025-10-22T00:50:54.425436,shrek,whole,10,True,3235342dfdf1,4.741431000070406,latency-b01171c92ba7.csv
2025-10-22T00:50:54.936290,shrek3,its,1,True,3235342dfdf1,7.166041000004952,latency-b01171c92ba7.csv
2025-10-22T00:50:55.958081,grail,"collective,",0,True,1ae65fa4046a,2539.2217759999767,latency-b01171c92ba7.csv
2025-10-22T00:50:59.003003,shrek3,PUSS,196,True,1ae65fa4046a,5.130210999936935,latency-b01171c92ba7.csv
2025-10-22T00:50:59.513659,shrek,I,386,True,1ae65fa4046a,4.6559920000390775,latency-b01171c92ba7.csv
2025-10-22T00:51:00.023582,grail,Get,47,True,1ae65fa4046a,4.279811999936101,latency-b01171c92ba7.csv
2025-10-22T00:51:00.533502,shrek,will,16,True,1ae65fa4046a,5.125131999989208,latency-b01171c92ba7.csv
2025-10-22T00:51:01.045358,grail,cross,13,True,1ae65fa4046a,8.033644999954959,latency-b01171c92ba7.csv
2025-10-22T00:51:01.560635,grail,seek,12,True,1ae65fa4046a,4.295947000059641,latency-b01171c92ba7.csv
2025-10-22T00:51:02.071269,shrek,don't,72,True,1ae65fa4046a,4.366893999986132,latency-b01171c92ba7.csv
2025-10-22T00:51:02.581138,grail,To,718,True,1ae65fa4046a,4.476808000049459,latency-b01171c92ba7.csv
2025-10-22T00:51:03.091392,shrek3,and,576,True,1ae65fa4046a,5.041940999944927,latency-b01171c92ba7.csv
2025-10-22T00:51:03.603264,shrek,FARQUAAD,84,True,1ae65fa4046a,4.652112000030684,latency-b01171c92ba7.csv
2025-10-22T00:51:04.113599,shrek,DONKEY,320,True,1ae65fa4046a,4.017256999986785,latency-b01171c92ba7.csv
2025-10-22T00:51:04.623550,grail,Bum,13,True,1ae65fa4046a,4.938724999988153,latency-b01171c92ba7.csv
2025-10-22T00:51:05.134698,shrek3,Artie,213,True,1ae65fa4046a,6.835756999976184,latency-b01171c92ba7.csv
2025-10-22T00:51:05.649937,shrek,But,73,True,1ae65fa4046a,4.832839999949101,latency-b01171c92ba7.csv
2025-10-22T00:51:06.161097,shrek3,Gingerbread,37,True,1ae65fa4046a,4.7449449999703575,latency-b01171c92ba7.csv
2025-10-22T00:51:06.671964,grail,at,104,True,1ae65fa4046a,4.807880999919689,latency-b01171c92ba7.csv
2025-10-22T00:51:07.182488,shrek,I,386,True,1ae65fa4046a,4.409335000104875,latency-b01171c92ba7.csv
2025-10-22T00:51:07.692366,shrek3,them,44,True,1ae65fa4046a,5.071884000017235,latency-b01171c92ba7.csv
2025-10-22T00:51:08.203438,shrek,whistles,2,True,1ae65fa4046a,4.344752000065455,latency-b01171c92ba7.csv
2025-10-22T00:51:08.714136,shrek,tale,7,True,1ae65fa4046a,4.740108999953918,latency-b01171c92ba7.csv
2025-10-22T00:51:09.224814,shrek,FIONA,211,True,1ae65fa4046a,4.941707000057249,latency-b01171c92ba7.csv
2025-10-22T00:51:09.735741,shrek3,PRINCE,207,True,1ae65fa4046a,4.00676099991415,latency-b01171c92ba7.csv
2025-10-22T00:51:10.245054,shrek,What,104,True,1ae65fa4046a,4.606385999977647,latency-b01171c92ba7.csv
2025-10-22T00:51:10.757408,shrek,on,88,True,1ae65fa4046a,4.798675999950319,latency-b01171c92ba7.csv
2025-10-22T00:51:11.268672,shrek,not,50,True,1ae65fa4046a,4.520794999962163,latency-b01171c92ba7.csv
2025-10-22T00:51:11.779090,shrek3,through,43,True,1ae65fa4046a,4.631475999985923,latency-b01171c92ba7.csv
2025-10-22T00:51:12.289643,shrek,MAN,38,True,1ae65fa4046a,4.6210250000058295,latency-b01171c92ba7.csv
2025-10-22T00:51:12.800560,shrek3,Arg,1,True,1ae65fa4046a,4.7093489999952,latency-b01171c92ba7.csv
2025-10-22T00:51:13.310953,shrek,old,10,True,1ae65fa4046a,4.302465000023403,latency-b01171c92ba7.csv
2025-10-22T00:51:13.819333,grail,upon,13,True,1ae65fa4046a,4.940634999911708,latency-b01171c92ba7.csv
2025-10-22T00:51:14.329641,shrek3,SHOUTING),0,True,1ae65fa4046a,4.29635699993014,latency-b01171c92ba7.csv
2025-10-22T00:51:14.839088,shrek,FIONA,211,True,1ae65fa4046a,4.687011999976676,latency-b01171c92ba7.csv
2025-10-22T00:51:15.348750,shrek,I,386,True,1ae65fa4046a,5.816471999992245,latency-b01171c92ba7.csv
2025-10-22T00:51:15.861940,shrek3,SHOUTING),0,True,1ae65fa4046a,5.3789499999084,latency-b01171c92ba7.csv
2025-10-22T00:51:16.372593,grail,Launcelot,107,True,1ae65fa4046a,4.5772810000244135,latency-b01171c92ba7.csv
2025-10-22T00:51:16.882762,grail,dancing,10,True,1ae65fa4046a,4.405552999969586,latency-b01171c92ba7.csv
2025-10-22T00:51:17.392691,shrek3,CHARMING,232,True,1ae65fa4046a,4.794532999994772,latency-b01171c92ba7.csv
2025-10-22T00:51:17.902957,shrek3,ruby,1,True,1ae65fa4046a,4.247247999956016,latency-b01171c92ba7.csv
2025-10-22T00:51:18.413210,shrek,What,104,True,1ae65fa4046a,4.986463000022923,latency-b01171c92ba7.csv
2025-10-22T00:51:18.923754,shrek,DONKEY,320,True,cce8498ef544,5.250959000022704,latency-b01171c92ba7.csv
2025-10-22T00:51:19.435925,shrek3,you,328,True,cce8498ef544,4.921735000039007,latency-b01171c92ba7.csv
2025-10-22T00:51:19.946654,shrek3,EVIL,59,True,cce8498ef544,5.089771000029941,latency-b01171c92ba7.csv
2025-10-22T00:51:20.457687,shrek3,SHOUTING),0,True,cce8498ef544,4.876947000070686,latency-b01171c92ba7.csv
2025-10-22T00:51:20.968314,grail,going,21,True,cce8498ef544,4.536395000059201,latency-b01171c92ba7.csv
2025-10-22T00:51:21.478811,shrek,will,16,True,cce8498ef544,4.7415029999910985,latency-b01171c92ba7.csv
2025-10-22T00:51:21.989233,grail,about,49,True,cce8498ef544,4.069360000016786,latency-b01171c92ba7.csv
2025-10-22T00:51:22.498416,shrek3,PRINCE,207,True,cce8498ef544,4.240480999897045,latency-b01171c92ba7.csv
2025-10-22T00:51:23.007794,grail,on,139,True,cce8498ef544,4.210613000054764,latency-b01171c92ba7.csv
2025-10-22T00:51:23.517323,shrek,FARQUAAD,84,True,cce8498ef544,4.271144999961507,latency-b01171c92ba7.csv
2025-10-22T00:51:24.027083,grail,ANOTHER,25,True,cce8498ef544,4.745363999973051,latency-b01171c92ba7.csv
2025-10-22T00:51:24.537778,shrek3,Artie,213,True,cce8498ef544,4.617087000042375,latency-b01171c92ba7.csv
2025-10-22T00:51:25.049735,shrek3,MERLIN,73,True,cce8498ef544,7.568870999989485,latency-b01171c92ba7.csv
2025-10-22T00:51:25.566646,shrek3,2,8,True,cce8498ef544,4.639108999981545,latency-b01171c92ba7.csv
2025-10-22T00:51:26.077651,grail,from,94,True,cce8498ef544,4.730200000039986,latency-b01171c92ba7.csv
2025-10-22T00:51:26.588331,shrek,afraid,8,True,cce8498ef544,5.350131000000147,latency-b01171c92ba7.csv
2025-10-22T00:51:27.100023,shrek3,of,275,True,cce8498ef544,4.8287850000861,latency-b01171c92ba7.csv
2025-10-22T00:51:27.611285,shrek3,"Suddenly,",0,True,cce8498ef544,4.856878999930814,latency-b01171c92ba7.csv
2025-10-22T00:51:28.121726,shrek3,showing,1,True,cce8498ef544,4.669221999961337,latency-b01171c92ba7.csv
2025-10-22T00:51:28.631860,grail,toward,10,True,cce8498ef544,4.8197230000823765,latency-b01171c92ba7.csv
2025-10-22T00:51:29.142616,shrek,DONKEY,320,True,cce8498ef544,4.5435260000203925,latency-b01171c92ba7.csv
2025-10-22T00:51:29.653611,shrek3,Third,121,True,cce8498ef544,4.955328999926678,latency-b01171c92ba7.csv
2025-10-22T00:51:30.164790,grail,few,8,True,cce8498ef544,4.969596000023557,latency-b01171c92ba7.csv
2025-10-22T00:51:30.675778,grail,Bridge,30,True,cce8498ef544,4.361128000027748,latency-b01171c92ba7.csv
2025-10-22T00:51:31.186360,shrek,What,104,True,cce8498ef544,5.191534000005049,latency-b01171c92ba7.csv
2025-10-22T00:51:31.697500,shrek3,Donkey,243,True,cce8498ef544,4.727859999889006,latency-b01171c92ba7.csv
2025-10-22T00:51:32.208062,shrek3,CAPTAIN,41,True,cce8498ef544,4.630170999917027,latency-b01171c92ba7.csv
2025-10-22T00:51:32.718620,grail,the,1600,True,cce8498ef544,5.209373999946365,latency-b01171c92ba7.csv
2025-10-22T00:51:33.229947,shrek3,EVIL,59,True,cce8498ef544,4.711131000021851,latency-b01171c92ba7.csv
2025-10-22T00:51:33.740715,grail,Who’s,3,True,cce8498ef544,4.129548999912913,latency-b01171c92ba7.csv
2025-10-22T00:51:34.250090,shrek,MAN,38,True,cce8498ef544,5.32009999994898,latency-b01171c92ba7.csv
2025-10-22T00:51:34.760764,shrek3,Donkey,243,True,cce8498ef544,4.208501999983128,latency-b01171c92ba7.csv
2025-10-22T00:51:35.270930,shrek,not,50,True,cce8498ef544,11.533527999972648,latency-b01171c92ba7.csv
2025-10-22T00:51:35.790252,shrek,after,10,True,cce8498ef544,3.808209999988321,latency-b01171c92ba7.csv
2025-10-22T00:51:36.298818,grail,witch,30,True,3235342dfdf1,9.555224999985512,latency-b01171c92ba7.csv
2025-10-22T00:51:36.817584,grail,the,1600,True,cce8498ef544,11.219636000078026,latency-b01171c92ba7.csv
2025-10-22T00:51:37.337343,shrek,transport,1,True,cce8498ef544,21.52086600005987,latency-b01171c92ba7.csv
2025-10-22T00:51:37.877151,shrek,whistles,2,True,cce8498ef544,12.082377000069757,latency-b01171c92ba7.csv
2025-10-22T00:51:38.402892,shrek3,WHITE,45,True,cce8498ef544,6.666535000022122,latency-b01171c92ba7.csv
2025-10-22T00:51:38.916466,shrek,way,26,True,3235342dfdf1,5.786034999914591,latency-b01171c92ba7.csv
2025-10-22T00:51:39.428465,shrek,its,1,True,3235342dfdf1,7.071194999980435,latency-b01171c92ba7.csv
2025-10-22T00:51:39.941730,shrek,edge,2,True,3235342dfdf1,5.55690799990316,latency-b01171c92ba7.csv
2025-10-22T00:51:40.454234,shrek,FIONA,211,True,3235342dfdf1,8.504183000013654,latency-b01171c92ba7.csv
2025-10-22T00:51:40.971666,grail,time,33,True,cce8498ef544,7.732677000035437,latency-b01171c92ba7.csv
2025-10-22T00:51:41.487680,shrek,its,1,True,cce8498ef544,5.883915000026718,latency-b01171c92ba7.csv
2025-10-22T00:51:42.000420,shrek3,field,3,True,3235342dfdf1,10.14401400004772,latency-b01171c92ba7.csv
2025-10-22T00:51:42.518707,shrek3,DONKEY,243,True,cce8498ef544,9.733742999969763,latency-b01171c92ba7.csv
2025-10-22T00:51:43.037719,shrek3,the,1285,True,3235342dfdf1,10.725893999961045,latency-b01171c92ba7.csv
2025-10-22T00:51:43.557644,shrek,token,1,True,3235342dfdf1,9.16342799996528,latency-b01171c92ba7.csv
2025-10-22T00:51:44.074840,shrek3,PRINCE,207,True,cce8498ef544,6.540525999980673,latency-b01171c92ba7.csv
2025-10-22T00:51:44.588119,shrek3,SHOUTING),0,True,cce8498ef544,10.233663999997589,latency-b01171c92ba7.csv
2025-10-22T00:51:45.106063,shrek,minute,3,True,cce8498ef544,11.640854999996009,latency-b01171c92ba7.csv
2025-10-22T00:51:45.639460,shrek,you,409,True,cce8498ef544,5.05749299998115,latency-b01171c92ba7.csv
2025-10-22T00:51:46.149688,shrek3,SHREK,678,True,cce8498ef544,5.3455280000207495,latency-b01171c92ba7.csv
2025-10-22T00:51:46.660349,grail,LTD,6,True,3235342dfdf1,5.414946999962922,latency-b01171c92ba7.csv
2025-10-22T00:51:47.171479,shrek3,body),0,True,3235342dfdf1,4.518863000043893,latency-b01171c92ba7.csv
2025-10-22T00:51:47.682402,shrek,FARQUAAD,84,True,3235342dfdf1,4.492733999995835,latency-b01171c92ba7.csv
2025-10-22T00:51:48.193563,grail,them,41,True,cce8498ef544,6.91727000003084,latency-b01171c92ba7.csv
2025-10-22T00:51:48.709359,shrek,SHREK,433,True,cce8498ef544,8.35390199995345,latency-b01171c92ba7.csv
2025-10-22T00:51:49.225940,shrek,tell,25,True,cce8498ef544,9.024882000062462,latency-b01171c92ba7.csv
2025-10-22T00:51:49.743233,grail,Bum,13,True,3235342dfdf1,5.795753999905173,latency-b01171c92ba7.csv
2025-10-22T00:51:50.255917,grail,sell,1,True,cce8498ef544,8.576200999982575,latency-b01171c92ba7.csv
2025-10-22T00:49:56.114729,shrek3,get,39,False,cce8498ef544,8.906746999969073,latency-b8cc9b864f2d.csv
2025-10-22T00:49:56.630011,shrek3,the,1285,True,cce8498ef544,4.312923000043156,latency-b8cc9b864f2d.csv
2025-10-22T00:49:57.139473,shrek,DONKEY,320,False,cce8498ef544,8.048742000028142,latency-b8cc9b864f2d.csv
2025-10-22T00:49:57.652728,shrek,our,11,False,cce8498ef544,10.977854000088882,latency-b8cc9b864f2d.csv
2025-10-22T00:49:58.169865,shrek3,the,1285,True,cce8498ef544,7.501241999989361,latency-b8cc9b864f2d.csv
2025-10-22T00:49:58.686293,shrek3,us,12,True,cce8498ef544,5.132180000032349,latency-b8cc9b864f2d.csv
2025-10-22T00:49:59.197494,shrek3,Hold,8,False,cce8498ef544,9.107154000048467,latency-b8cc9b864f2d.csv
2025-10-22T00:49:59.712473,shrek3,toward,14,False,cce8498ef544,10.57331599997724,latency-b8cc9b864f2d.csv
2025-10-22T00:50:00.228656,grail,THREE-HEADED,8,False,cce8498ef544,9.63226900000791,latency-b8cc9b864f2d.csv
2025-10-22T00:50:00.744216,grail,GALAHAD,87,False,cce8498ef544,16.428835999931835,latency-b8cc9b864f2d.csv
2025-10-22T00:50:01.266028,grail,3,18,False,cce8498ef544,9.455074000015884,latency-b8cc9b864f2d.csv
2025-10-22T00:50:01.781261,grail,chops,3,False,cce8498ef544,8.68557299997974,latency-b8cc9b864f2d.csv
2025-10-22T00:50:02.295515,shrek,don't,72,False,cce8498ef544,10.2116279999791,latency-b8cc9b864f2d.csv
2025-10-22T00:50:02.811379,grail,from,94,False,cce8498ef544,11.283402999993086,latency-b8cc9b864f2d.csv
2025-10-22T00:50:03.328451,shrek,whistles,2,True,cce8498ef544,5.001577000030011,latency-b8cc9b864f2d.csv
2025-10-22T00:50:03.839982,grail,are,114,True,cce8498ef544,5.470785000056821,latency-b8cc9b864f2d.csv
2025-10-22T00:50:04.356064,grail,Auuuuuuuugh,2,True,cce8498ef544,5.73463700004595,latency-b8cc9b864f2d.csv
2025-10-22T00:50:04.868034,grail,pretty,7,True,cce8498ef544,8.685926999987714,latency-b8cc9b864f2d.csv
2025-10-22T00:50:05.386371,shrek,FIONA,211,True,cce8498ef544,5.970850000039718,latency-b8cc9b864f2d.csv
2025-10-22T00:50:05.899850,grail,from,94,True,cce8498ef544,5.362796999975217,latency-b8cc9b864f2d.csv
2025-10-22T00:50:06.411391,shrek3,get,39,True,cce8498ef544,5.128246000026593,latency-b8cc9b864f2d.csv
2025-10-22T00:50:06.922511,shrek,GORDO,5,False,cce8498ef544,8.700665999981538,latency-b8cc9b864f2d.csv
2025-10-22T00:50:07.436492,grail,3,18,True,cce8498ef544,5.655140000044412,latency-b8cc9b864f2d.csv
2025-10-22T00:50:07.947757,shrek,FIONA'S,3,False,cce8498ef544,9.54701099999511,latency-b8cc9b864f2d.csv
2025-10-22T00:50:08.462759,grail,about,49,True,cce8498ef544,5.024565000098846,latency-b8cc9b864f2d.csv
2025-10-22T00:50:08.979654,shrek,rising,1,True,cce8498ef544,5.467298999974446,latency-b8cc9b864f2d.csv
2025-10-22T00:50:09.491370,grail,from,94,True,cce8498ef544,5.905422999944676,latency-b8cc9b864f2d.csv
2025-10-22T00:50:10.003114,shrek,happily,2,True,cce8498ef544,5.622896999966542,latency-b8cc9b864f2d.csv
2025-10-22T00:50:10.516287,shrek,DONKEY,320,True,cce8498ef544,6.338676000041232,latency-b8cc9b864f2d.csv
2025-10-22T00:50:11.028755,grail,Michael,11,True,cce8498ef544,5.505338000034499,latency-b8cc9b864f2d.csv
2025-10-22T00:50:11.540545,grail,are,114,True,cce8498ef544,5.29426399998556,latency-b8cc9b864f2d.csv
2025-10-22T00:50:12.051647,shrek,SHREK,433,True,cce8498ef544,5.422461999955885,latency-b8cc9b864f2d.csv
2025-10-22T00:50:12.566989,grail,Tm,5,True,cce8498ef544,5.962705999991158,latency-b8cc9b864f2d.csv
2025-10-22T00:50:13.078859,shrek3,an,51,True,cce8498ef544,5.5079629998999735,latency-b8cc9b864f2d.csv
2025-10-22T00:50:13.589685,shrek3,SHREK,678,True,cce8498ef544,5.236747000026298,latency-b8cc9b864f2d.csv
2025-10-22T00:50:14.101619,shrek,ogre,27,False,cce8498ef544,9.653127999968092,latency-b8cc9b864f2d.csv
2025-10-22T00:50:14.617997,shrek3,ruby,1,True,cce8498ef544,5.011459000002105,latency-b8cc9b864f2d.csv
2025-10-22T00:50:15.129602,shrek3,"meet""",0,True,cce8498ef544,9.268189999943388,latency-b8cc9b864f2d.csv
2025-10-22T00:50:15.646685,grail,Bridge,30,True,cce8498ef544,5.3847839999434655,latency-b8cc9b864f2d.csv
2025-10-22T00:50:16.157831,shrek3,an,51,True,cce8498ef544,9.42381100003331,latency-b8cc9b864f2d.csv
2025-10-22T00:50:16.673348,grail,BEDEVERE,103,True,cce8498ef544,5.4815120000739626,latency-b8cc9b864f2d.csv
2025-10-22T00:50:17.185037,grail,on,139,True,cce8498ef544,5.245250000029955,latency-b8cc9b864f2d.csv
2025-10-22T00:50:17.695815,shrek3,true,1,True,cce8498ef544,5.191426000010324,latency-b8cc9b864f2d.csv
2025-10-22T00:50:18.206451,grail,since,10,True,cce8498ef544,4.524590999949396,latency-b8cc9b864f2d.csv
2025-10-22T00:50:18.716579,shrek3,and,576,True,cce8498ef544,4.711145000101169,latency-b8cc9b864f2d.csv
2025-10-22T00:50:19.226346,grail,on,139,True,cce8498ef544,5.376877999992757,latency-b8cc9b864f2d.csv
2025-10-22T00:50:19.736806,shrek,you,409,True,cce8498ef544,4.587003999972694,latency-b8cc9b864f2d.csv
2025-10-22T00:50:20.252228,shrek,DONKEY,320,True,cce8498ef544,4.138376000014432,latency-b8cc9b864f2d.csv
2025-10-22T00:50:20.761557,shrek3,flaming,2,True,cce8498ef544,5.8873880000192,latency-b8cc9b864f2d.csv
2025-10-22T00:50:21.272392,grail,LANCELOT,59,True,cce8498ef544,4.792946999941705,latency-b8cc9b864f2d.csv
2025-10-22T00:50:21.782691,shrek,his,48,True,cce8498ef544,5.084428999907686,latency-b8cc9b864f2d.csv
2025-10-22T00:50:22.292727,shrek3,PUSS,196,True,cce8498ef544,4.986924000036197,latency-b8cc9b864f2d.csv
2025-10-22T00:50:22.802419,grail,G,6,False,cce8498ef544,9.329535000006215,latency-b8cc9b864f2d.csv
2025-10-22T00:50:23.316812,grail,"collective,",0,True,cce8498ef544,4.724021000015455,latency-b8cc9b864f2d.csv
2025-10-22T00:50:23.826451,shrek,I,386,True,cce8498ef544,5.222102999937306,latency-b8cc9b864f2d.csv
2025-10-22T00:50:24.336945,shrek,And,318,True,cce8498ef544,4.990158999930827,latency-b8cc9b864f2d.csv
2025-10-22T00:50:24.847584,shrek3,SHREK,678,True,cce8498ef544,5.748509000000013,latency-b8cc9b864f2d.csv
2025-10-22T00:50:25.362059,shrek3,Shrek,678,True,cce8498ef544,8.033803999978772,latency-b8cc9b864f2d.csv
2025-10-22T00:50:25.879656,grail,time,33,True,cce8498ef544,5.478708999930859,latency-b8cc9b864f2d.csv
2025-10-22T00:50:26.394752,grail,Launcelot,107,True,cce8498ef544,5.710701999987577,latency-b8cc9b864f2d.csv
2025-10-22T00:50:26.907836,grail,singing,33,True,3235342dfdf1,5.536532000064653,latency-b8cc9b864f2d.csv
2025-10-22T00:50:27.420676,shrek,gone,3,True,cce8498ef544,8.807117000060316,latency-b8cc9b864f2d.csv
2025-10-22T00:50:27.937617,grail,are,114,True,3235342dfdf1,2617.9000800000267,latency-b8cc9b864f2d.csv
2025-10-22T00:50:31.061236,shrek3,MERLIN,73,True,3235342dfdf1,5.108276999976624,latency-b8cc9b864f2d.csv
2025-10-22T00:50:31.572664,shrek3,Donkey,243,True,3235342dfdf1,5.931228999997984,latency-b8cc9b864f2d.csv
2025-10-22T00:50:32.083744,shrek3,JOCKS,2,True,3235342dfdf1,4.725370999949519,latency-b8cc9b864f2d.csv
2025-10-22T00:50:32.593583,shrek3,WOLF,7,True,3235342dfdf1,4.477532999999312,latency-b8cc9b864f2d.csv
2025-10-22T00:50:33.103471,shrek3,Hold,8,True,3235342dfdf1,6.134315000053903,latency-b8cc9b864f2d.csv
2025-10-22T00:50:33.619359,shrek3,Shrek,678,True,3235342dfdf1,5.608701999904042,latency-b8cc9b864f2d.csv
2025-10-22T00:50:34.131133,shrek3,SCHOOL,14,True,3235342dfdf1,5.919219000020348,latency-b8cc9b864f2d.csv
2025-10-22T00:50:34.643061,shrek3,ARTIE,213,True,3235342dfdf1,5.301831999986462,latency-b8cc9b864f2d.csv
2025-10-22T00:50:35.154088,shrek,field,4,True,3235342dfdf1,7.888076999961413,latency-b8cc9b864f2d.csv
2025-10-22T00:50:35.691993,shrek3,cues,3,True,3235342dfdf1,5.273125000030632,latency-b8cc9b864f2d.csv
2025-10-22T00:50:36.203306,shrek3,JOCKS,2,True,3235342dfdf1,5.31711999997242,latency-b8cc9b864f2d.csv
2025-10-22T00:50:36.714383,shrek,lay,2,True,3235342dfdf1,5.848362999927304,latency-b8cc9b864f2d.csv
2025-10-22T00:50:37.225745,shrek,Nobody,4,True,3235342dfdf1,4.568181999957233,latency-b8cc9b864f2d.csv
2025-10-22T00:50:37.735749,shrek3,of,275,True,3235342dfdf1,5.763242999933027,latency-b8cc9b864f2d.csv
2025-10-22T00:50:38.247194,shrek,on,88,True,3235342dfdf1,5.950546999997641,latency-b8cc9b864f2d.csv
2025-10-22T00:50:38.759467,shrek,HOOD,13,True,3235342dfdf1,9.79535900000883,latency-b8cc9b864f2d.csv
2025-10-22T00:50:39.275171,shrek,DONKEY,320,True,3235342dfdf1,10.171531000082725,latency-b8cc9b864f2d.csv
2025-10-22T00:50:39.791723,grail,3,18,True,3235342dfdf1,5.386129000044093,latency-b8cc9b864f2d.csv
2025-10-22T00:50:40.303476,grail,the,1600,True,3235342dfdf1,5.70233600001302,latency-b8cc9b864f2d.csv
2025-10-22T00:50:40.815956,shrek,edge,2,True,3235342dfdf1,5.530631000056019,latency-b8cc9b864f2d.csv
2025-10-22T00:50:41.328369,shrek3,"meet""",0,True,3235342dfdf1,5.518479999977899,latency-b8cc9b864f2d.csv
2025-10-22T00:50:41.840521,grail,elected,2,True,3235342dfdf1,6.179519000056644,latency-b8cc9b864f2d.csv
2025-10-22T00:50:42.352622,shrek,FIONA,211,True,3235342dfdf1,12.233579000053396,latency-b8cc9b864f2d.csv
2025-10-22T00:50:42.870315,grail,Launcelot,107,True,3235342dfdf1,6.261968999979217,latency-b8cc9b864f2d.csv
2025-10-22T00:50:43.385950,shrek,to,268,True,3235342dfdf1,6.991489000029105,latency-b8cc9b864f2d.csv
2025-10-22T00:50:43.898355,shrek3,through,43,True,3235342dfdf1,6.817680000040127,latency-b8cc9b864f2d.csv
2025-10-22T00:50:44.416878,shrek,after,10,True,3235342dfdf1,7.909186999995654,latency-b8cc9b864f2d.csv
2025-10-22T00:50:44.931722,grail,To,718,True,3235342dfdf1,11.01318500002435,latency-b8cc9b864f2d.csv
2025-10-22T00:50:45.463157,shrek3,SHOUTING),0,True,3235342dfdf1,6.432420000010097,latency-b8cc9b864f2d.csv
2025-10-22T00:50:45.975672,grail,Bum,13,True,3235342dfdf1,6.261397000002944,latency-b8cc9b864f2d.csv
2025-10-22T00:50:46.488896,shrek3,Cinderella,21,True,3235342dfdf1,7.858986999963236,latency-b8cc9b864f2d.csv
2025-10-22T00:50:47.001819,grail,cross,13,True,3235342dfdf1,10.08756600003835,latency-b8cc9b864f2d.csv
2025-10-22T00:50:47.519798,grail,CALLS,3,True,1ae65fa4046a,6.265402000053655,latency-b8cc9b864f2d.csv
2025-10-22T00:50:48.032284,shrek,No,114,True,3235342dfdf1,6.913448999966931,latency-b8cc9b864f2d.csv
2025-10-22T00:50:48.550451,shrek,MAN,38,True,1ae65fa4046a,8.25495799995224,latency-b8cc9b864f2d.csv
2025-10-22T00:50:49.064884,shrek,trip,1,True,1ae65fa4046a,8.564813000020877,latency-b8cc9b864f2d.csv
2025-10-22T00:50:49.579703,grail,music,21,True,1ae65fa4046a,6.826604000025327,latency-b8cc9b864f2d.csv
2025-10-22T00:50:50.092377,shrek,field,4,True,1ae65fa4046a,5.2796510000234775,latency-b8cc9b864f2d.csv
2025-10-22T00:50:50.602702,shrek,FARQUAAD,84,True,1ae65fa4046a,9.645787000067685,latency-b8cc9b864f2d.csv
2025-10-22T00:50:51.118486,shrek3,Third,121,True,1ae65fa4046a,8.928263999905539,latency-b8cc9b864f2d.csv
2025-10-22T00:50:51.634361,shrek,swamp,18,True,3235342dfdf1,5.636890999994648,latency-b8cc9b864f2d.csv
2025-10-22T00:50:52.145472,shrek3,ho,8,True,3235342dfdf1,6.159034999996038,latency-b8cc9b864f2d.csv
2025-10-22T00:50:52.658063,grail,Aaaaugh,9,True,1ae65fa4046a,4.533393999963664,latency-b8cc9b864f2d.csv
2025-10-22T00:50:53.167732,shrek,you,409,True,3235342dfdf1,6.945588000007774,latency-b8cc9b864f2d.csv
2025-10-22T00:50:53.680067,shrek,its,1,True,3235342dfdf1,10.312047999946117,latency-b8cc9b864f2d.csv
2025-10-22T00:50:54.195675,shrek,you,409,True,3235342dfdf1,6.320125999991433,latency-b8cc9b864f2d.csv
2025-10-22T00:50:54.707952,grail,Launcelot,107,True,3235342dfdf1,5.781259999935173,latency-b8cc9b864f2d.csv
2025-10-22T00:50:55.219971,shrek3,ho,8,True,1ae65fa4046a,11.8860190000305,latency-b8cc9b864f2d.csv
2025-10-22T00:50:55.746267,grail,time,33,True,1ae65fa4046a,2599.510301999999,latency-b8cc9b864f2d.csv
2025-10-22T00:50:58.850871,grail,with/,0,True,1ae65fa4046a,4.743380999912006,latency-b8cc9b864f2d.csv
2025-10-22T00:50:59.360721,shrek3,an,51,True,1ae65fa4046a,5.415595000044959,latency-b8cc9b864f2d.csv
2025-10-22T00:50:59.872021,shrek,FIONA,211,True,1ae65fa4046a,6.103961000007985,latency-b8cc9b864f2d.csv
2025-10-22T00:51:00.384137,shrek,SHREK,433,True,1ae65fa4046a,4.81014099989352,latency-b8cc9b864f2d.csv
2025-10-22T00:51:00.895506,grail,from,94,True,1ae65fa4046a,5.4923889999827225,latency-b8cc9b864f2d.csv
2025-10-22T00:51:01.407504,shrek3,TO,511,True,1ae65fa4046a,6.545500000015636,latency-b8cc9b864f2d.csv
2025-10-22T00:51:01.920436,shrek3,me,72,True,1ae65fa4046a,4.469396999979836,latency-b8cc9b864f2d.csv
2025-10-22T00:51:02.430307,shrek3,ARTIE,213,True,1ae65fa4046a,4.855163000001994,latency-b8cc9b864f2d.csv
2025-10-22T00:51:02.940157,grail,(as,0,True,1ae65fa4046a,4.867509000064274,latency-b8cc9b864f2d.csv
2025-10-22T00:51:03.451185,grail,rows,1,True,1ae65fa4046a,5.082893999997395,latency-b8cc9b864f2d.csv
2025-10-22T00:51:03.961205,shrek,MAN,38,True,1ae65fa4046a,4.186851999975261,latency-b8cc9b864f2d.csv
2025-10-22T00:51:04.470327,shrek3,get,39,True,1ae65fa4046a,4.469177999908425,latency-b8cc9b864f2d.csv
2025-10-22T00:51:04.980102,shrek3,Ahh,8,True,1ae65fa4046a,7.559395999919616,latency-b8cc9b864f2d.csv
2025-10-22T00:51:05.506674,grail,for,118,True,1ae65fa4046a,4.884129999936704,latency-b8cc9b864f2d.csv
2025-10-22T00:51:06.017142,shrek,No,114,True,1ae65fa4046a,4.294679000054202,latency-b8cc9b864f2d.csv
2025-10-22T00:51:06.527174,grail,with/,0,True,1ae65fa4046a,4.691195999953379,latency-b8cc9b864f2d.csv
2025-10-22T00:51:07.037251,shrek,Shrek,433,True,1ae65fa4046a,4.545676000020649,latency-b8cc9b864f2d.csv
2025-10-22T00:51:07.547679,grail,us,32,True,1ae65fa4046a,4.497312000012244,latency-b8cc9b864f2d.csv
2025-10-22T00:51:08.058815,shrek,He,118,True,1ae65fa4046a,5.079703999967933,latency-b8cc9b864f2d.csv
2025-10-22T00:51:08.571069,shrek,transport,1,True,1ae65fa4046a,4.297089000033338,latency-b8cc9b864f2d.csv
2025-10-22T00:51:09.081272,shrek,a,305,True,1ae65fa4046a,5.5779379999876255,latency-b8cc9b864f2d.csv
2025-10-22T00:51:09.592644,grail,to,718,True,1ae65fa4046a,6.107859999929133,latency-b8cc9b864f2d.csv
2025-10-22T00:51:10.104254,shrek3,EVIL,59,True,1ae65fa4046a,5.630157999917174,latency-b8cc9b864f2d.csv
2025-10-22T00:51:10.615799,shrek,you,409,True,1ae65fa4046a,5.561134999993556,latency-b8cc9b864f2d.csv
2025-10-22T00:51:11.126902,shrek3,SCHOOL,14,True,1ae65fa4046a,4.273530000091341,latency-b8cc9b864f2d.csv
2025-10-22T00:51:11.636636,grail,I,298,True,1ae65fa4046a,5.610748000094645,latency-b8cc9b864f2d.csv
2025-10-22T00:51:12.147899,grail,are,114,True,1ae65fa4046a,4.813782000042011,latency-b8cc9b864f2d.csv
2025-10-22T00:51:12.658497,grail,G,6,True,1ae65fa4046a,5.612635000034061,latency-b8cc9b864f2d.csv
2025-10-22T00:51:13.170470,shrek3,them,44,True,1ae65fa4046a,5.569156999968072,latency-b8cc9b864f2d.csv
2025-10-22T00:51:13.680677,shrek,SHREK,433,True,1ae65fa4046a,4.929814999968585,latency-b8cc9b864f2d.csv
2025-10-22T00:51:14.192036,shrek3,its,1,True,1ae65fa4046a,6.643482000072254,latency-b8cc9b864f2d.csv
2025-10-22T00:51:14.705432,shrek,tell,25,True,1ae65fa4046a,4.193826999994599,latency-b8cc9b864f2d.csv
2025-10-22T00:51:15.214831,grail,the,1600,True,1ae65fa4046a,8.494390000009844,latency-b8cc9b864f2d.csv
2025-10-22T00:51:15.730738,shrek,swamp,18,True,1ae65fa4046a,5.904934999989564,latency-b8cc9b864f2d.csv
2025-10-22T00:51:16.242672,shrek3,time,23,True,1ae65fa4046a,7.317545999967479,latency-b8cc9b864f2d.csv
2025-10-22T00:51:16.754711,shrek3,toward,14,True,1ae65fa4046a,4.305349999981445,latency-b8cc9b864f2d.csv
2025-10-22T00:51:17.265127,shrek,"Well,",0,True,1ae65fa4046a,6.260866999923564,latency-b8cc9b864f2d.csv
2025-10-22T00:51:17.777662,shrek3,DWARF,10,True,1ae65fa4046a,5.359832999943137,latency-b8cc9b864f2d.csv
2025-10-22T00:51:18.288728,grail,singing,33,True,1ae65fa4046a,5.007984999906512,latency-b8cc9b864f2d.csv
2025-10-22T00:51:18.799064,shrek,to,268,True,cce8498ef544,5.779001999940192,latency-b8cc9b864f2d.csv
2025-10-22T00:51:19.310894,grail,time,33,True,cce8498ef544,5.446525000024849,latency-b8cc9b864f2d.csv
2025-10-22T00:51:19.821732,shrek,ogre,27,True,cce8498ef544,4.731208999942282,latency-b8cc9b864f2d.csv
2025-10-22T00:51:20.331966,shrek3,you,328,True,cce8498ef544,4.8078990000703925,latency-b8cc9b864f2d.csv
2025-10-22T00:51:20.842572,shrek,SHREK,433,True,cce8498ef544,4.859794000026341,latency-b8cc9b864f2d.csv
2025-10-22T00:51:21.352954,shrek,I,386,True,cce8498ef544,5.046332999995684,latency-b8cc9b864f2d.csv
2025-10-22T00:51:21.862923,shrek3,us,12,True,cce8498ef544,5.121824000070774,latency-b8cc9b864f2d.csv
2025-10-22T00:51:22.373249,grail,since,10,True,cce8498ef544,5.213400999991791,latency-b8cc9b864f2d.csv
2025-10-22T00:51:22.883898,shrek,its,1,True,cce8498ef544,5.030377999901248,latency-b8cc9b864f2d.csv
2025-10-22T00:51:23.394250,shrek,old,10,True,cce8498ef544,5.415295000034348,latency-b8cc9b864f2d.csv
2025-10-22T00:51:23.906402,shrek3,glass,9,True,cce8498ef544,4.907396000021436,latency-b8cc9b864f2d.csv
2025-10-22T00:51:24.416414,shrek,I,386,True,cce8498ef544,4.846468999971876,latency-b8cc9b864f2d.csv
2025-10-22T00:51:24.927990,grail,the,1600,True,cce8498ef544,25.764551999941432,latency-b8cc9b864f2d.csv
2025-10-22T00:51:25.467298,shrek,old,10,True,3235342dfdf1,9.732227999961651,latency-b8cc9b864f2d.csv
2025-10-22T00:51:25.984552,grail,Eolio,2,True,3235342dfdf1,7.626822000020184,latency-b8cc9b864f2d.csv
2025-10-22T00:51:26.498569,shrek3,to,511,True,3235342dfdf1,8.296134000033817,latency-b8cc9b864f2d.csv
2025-10-22T00:51:27.013529,shrek3,Shrek,678,True,3235342dfdf1,7.571655999981885,latency-b8cc9b864f2d.csv
2025-10-22T00:51:27.526564,shrek,Is,132,True,3235342dfdf1,6.824789999996028,latency-b8cc9b864f2d.csv
2025-10-22T00:51:28.039352,shrek3,reason,2,True,3235342dfdf1,10.948119999966366,latency-b8cc9b864f2d.csv
2025-10-22T00:51:28.557431,grail,door,14,True,cce8498ef544,7.490540000048895,latency-b8cc9b864f2d.csv
2025-10-22T00:51:29.070310,shrek3,CHARMING,232,True,cce8498ef544,7.935373999998774,latency-b8cc9b864f2d.csv
2025-10-22T00:51:29.584329,shrek3,Guards,23,True,cce8498ef544,6.141538000065339,latency-b8cc9b864f2d.csv
2025-10-22T00:51:30.096372,shrek3,field,3,True,cce8498ef544,6.313139999974737,latency-b8cc9b864f2d.csv
2025-10-22T00:51:30.608160,shrek,your,49,True,cce8498ef544,5.938254999932724,latency-b8cc9b864f2d.csv
2025-10-22T00:51:31.119578,shrek,SHREK,433,True,cce8498ef544,6.0695040000382505,latency-b8cc9b864f2d.csv
2025-10-22T00:51:31.631699,shrek,DONKEY,320,True,cce8498ef544,5.496362000030786,latency-b8cc9b864f2d.csv
2025-10-22T00:51:32.143327,grail,BEDEVERE,103,True,cce8498ef544,6.278661000010288,latency-b8cc9b864f2d.csv
2025-10-22T00:51:32.655208,grail,them,41,True,cce8498ef544,6.80928099995981,latency-b8cc9b864f2d.csv
2025-10-22T00:51:33.167889,grail,the,1600,True,cce8498ef544,6.608389000007264,latency-b8cc9b864f2d.csv
2025-10-22T00:51:33.680272,shrek,DONKEY,320,True,3235342dfdf1,10.081624999997985,latency-b8cc9b864f2d.csv
2025-10-22T00:51:34.196573,grail,king,136,True,3235342dfdf1,10.844095999914316,latency-b8cc9b864f2d.csv
2025-10-22T00:51:34.714560,shrek3,ruby,1,True,3235342dfdf1,8.926958000074592,latency-b8cc9b864f2d.csv
2025-10-22T00:51:35.233017,shrek3,PUSS,196,True,cce8498ef544,20.128885999952217,latency-b8cc9b864f2d.csv
2025-10-22T00:51:35.770257,grail,Tm,5,True,cce8498ef544,12.68961699997817,latency-b8cc9b864f2d.csv
2025-10-22T00:51:36.290567,shrek3,did,14,True,cce8498ef544,15.236651999998683,latency-b8cc9b864f2d.csv
2025-10-22T00:51:36.816228,shrek3,"Bay""",0,True,cce8498ef544,11.48344000000634,latency-b8cc9b864f2d.csv
2025-10-22T00:51:37.336513,shrek,looks,37,True,cce8498ef544,17.36302799997702,latency-b8cc9b864f2d.csv
2025-10-22T00:51:37.875749,grail,"collective,",0,True,cce8498ef544,12.313323000057608,latency-b8cc9b864f2d.csv
2025-10-22T00:51:38.398542,shrek,DONKEY,320,True,cce8498ef544,9.3834379999862,latency-b8cc9b864f2d.csv
2025-10-22T00:51:38.915163,grail,THREE-HEADED,8,True,cce8498ef544,5.96468100002312,latency-b8cc9b864f2d.csv
2025-10-22T00:51:39.427051,shrek,SHREK,433,True,cce8498ef544,5.837869999936629,latency-b8cc9b864f2d.csv
2025-10-22T00:51:39.939577,shrek3,Be,71,True,cce8498ef544,6.439808999971319,latency-b8cc9b864f2d.csv
2025-10-22T00:51:40.453119,shrek,INSIDE,16,True,3235342dfdf1,10.683696999990389,latency-b8cc9b864f2d.csv
2025-10-22T00:51:40.972599,shrek,FIONA,211,True,cce8498ef544,9.084985999948003,latency-b8cc9b864f2d.csv
2025-10-22T00:51:41.489910,shrek,your,49,True,3235342dfdf1,5.496289000006982,latency-b8cc9b864f2d.csv
2025-10-22T00:51:42.002018,shrek,HOOD,13,True,3235342dfdf1,9.33605600005194,latency-b8cc9b864f2d.csv
2025-10-22T00:51:42.519931,grail,elected,2,True,cce8498ef544,10.995502000014312,latency-b8cc9b864f2d.csv
2025-10-22T00:51:43.039176,grail,-,259,True,3235342dfdf1,9.36312299995734,latency-b8cc9b864f2d.csv
2025-10-22T00:51:43.556426,shrek,FIONA,211,True,3235342dfdf1,12.424456000076134,latency-b8cc9b864f2d.csv
2025-10-22T00:51:44.076509,grail,Boom,4,True,3235342dfdf1,6.057471999952213,latency-b8cc9b864f2d.csv
2025-10-22T00:51:44.588856,shrek,He,118,True,cce8498ef544,8.990694999965854,latency-b8cc9b864f2d.csv
2025-10-22T00:51:45.106913,shrek,SHREK,433,True,3235342dfdf1,8.339877999901546,latency-b8cc9b864f2d.csv
2025-10-22T00:51:45.632259,shrek3,dat,1,True,cce8498ef544,4.395986000076846,latency-b8cc9b864f2d.csv
2025-10-22T00:51:46.143665,shrek,Aah,6,True,cce8498ef544,5.0492469999881,latency-b8cc9b864f2d.csv
2025-10-22T00:51:46.656388,grail,sell,1,True,cce8498ef544,5.424990999927104,latency-b8cc9b864f2d.csv
2025-10-22T00:51:47.167953,shrek3,CHARMING,232,True,cce8498ef544,6.032344999994166,latency-b8cc9b864f2d.csv
2025-10-22T00:51:47.680663,shrek,whole,10,True,cce8498ef544,5.819111999926463,latency-b8cc9b864f2d.csv
2025-10-22T00:51:48.193557,shrek3,them,44,True,cce8498ef544,7.286047999969014,latency-b8cc9b864f2d.csv
2025-10-22T00:51:48.708608,shrek3,ruby,1,True,cce8498ef544,8.32038700002613,latency-b8cc9b864f2d.csv
2025-10-22T00:51:49.225609,grail,Cleveland,3,True,cce8498ef544,8.397082000101364,latency-b8cc9b864f2d.csv
2025-10-22T00:51:49.741569,grail,and,722,True,cce8498ef544,7.731821999982458,latency-b8cc9b864f2d.csv
2025-10-22T00:51:50.256013,grail,with/,0,True,cce8498ef544,10.038430000008702,latency-b8cc9b864f2d.csv
2025-10-22T00:49:54.865689,shrek3,116,1,False,cce8498ef544,19.184228000085568,latency-c5d2f89ee94c.csv
2025-10-22T00:49:55.394437,shrek,stairs,7,False,cce8498ef544,12.538263000010376,latency-c5d2f89ee94c.csv
2025-10-22T00:49:55.913940,grail,door,14,False,cce8498ef544,7.990797999923416,latency-c5d2f89ee94c.csv
2025-10-22T00:49:56.427197,shrek,SHREK,433,False,cce8498ef544,12.36492599991834,latency-c5d2f89ee94c.csv
2025-10-22T00:49:56.947440,shrek3,SHREK,678,False,cce8498ef544,9.199935999959052,latency-c5d2f89ee94c.csv
2025-10-22T00:49:57.464796,shrek,at,62,False,cce8498ef544,8.103586000061114,latency-c5d2f89ee94c.csv
2025-10-22T00:49:57.977908,shrek3,time,23,True,cce8498ef544,9.219784999913829,latency-c5d2f89ee94c.csv
2025-10-22T00:49:58.496237,shrek,No,114,False,cce8498ef544,9.489442000017334,latency-c5d2f89ee94c.csv
2025-10-22T00:49:59.011557,shrek,whistles,2,True,cce8498ef544,4.828288999988217,latency-c5d2f89ee94c.csv
2025-10-22T00:49:59.522370,shrek,and,318,True,cce8498ef544,4.759444999990592,latency-c5d2f89ee94c.csv
2025-10-22T00:50:00.033159,shrek,one,44,False,cce8498ef544,7.769305000010718,latency-c5d2f89ee94c.csv
2025-10-22T00:50:00.545618,grail,Christ,8,True,cce8498ef544,4.1214490000811566,latency-c5d2f89ee94c.csv
2025-10-22T00:50:01.055073,grail,about,49,False,cce8498ef544,8.271735000107583,latency-c5d2f89ee94c.csv
2025-10-22T00:50:01.569055,shrek3,SHREK,678,True,cce8498ef544,3.8987799999858903,latency-c5d2f89ee94c.csv
2025-10-22T00:50:02.077835,grail,on,139,False,cce8498ef544,9.310031000040908,latency-c5d2f89ee94c.csv
2025-10-22T00:50:02.591948,shrek3,the,1285,True,3235342dfdf1,5.417041999976391,latency-c5d2f89ee94c.csv
2025-10-22T00:50:03.102394,grail,the,1600,True,3235342dfdf1,4.410879000033674,latency-c5d2f89ee94c.csv
2025-10-22T00:50:03.613110,shrek3,ruby,1,False,cce8498ef544,10.58901600003992,latency-c5d2f89ee94c.csv
2025-10-22T00:50:04.130503,grail,Auuuuuuuugh,2,False,cce8498ef544,11.733952999975372,latency-c5d2f89ee94c.csv
2025-10-22T00:50:04.648673,grail,feel,11,False,cce8498ef544,15.98154800001339,latency-c5d2f89ee94c.csv
2025-10-22T00:50:05.172506,shrek3,us,12,True,3235342dfdf1,9.174161000032656,latency-c5d2f89ee94c.csv
2025-10-22T00:50:05.702837,shrek3,BOAT,32,True,cce8498ef544,8.654687000102967,latency-c5d2f89ee94c.csv
2025-10-22T00:50:06.220876,shrek3,Gingerbread,37,False,cce8498ef544,14.305296999964412,latency-c5d2f89ee94c.csv
2025-10-22T00:50:06.741445,grail,door,14,True,3235342dfdf1,5.607531000009658,latency-c5d2f89ee94c.csv
2025-10-22T00:50:07.254266,grail,of,684,True,cce8498ef544,9.4780519999631,latency-c5d2f89ee94c.csv
2025-10-22T00:50:07.771863,shrek3,fall,6,False,cce8498ef544,22.49291700002232,latency-c5d2f89ee94c.csv
2025-10-22T00:50:08.301626,grail,54,2,True,cce8498ef544,9.876291000068704,latency-c5d2f89ee94c.csv
2025-10-22T00:50:08.818726,shrek3,"Bay""",0,True,cce8498ef544,14.497312999992571,latency-c5d2f89ee94c.csv
2025-10-22T00:50:09.341102,shrek,the,535,True,cce8498ef544,8.123278999960348,latency-c5d2f89ee94c.csv
2025-10-22T00:50:09.858125,grail,Rostmm,1,False,cce8498ef544,15.684153000051992,latency-c5d2f89ee94c.csv
2025-10-22T00:50:10.381602,shrek,his,48,False,cce8498ef544,16.753622999999607,latency-c5d2f89ee94c.csv
2025-10-22T00:50:10.906041,shrek3,SNOW,49,False,cce8498ef544,19.21668900001805,latency-c5d2f89ee94c.csv
2025-10-22T00:50:11.432158,shrek3,SHREK,678,True,cce8498ef544,6.857014000047457,latency-c5d2f89ee94c.csv
2025-10-22T00:50:11.947615,grail,Bridge,30,True,cce8498ef544,8.304583000040111,latency-c5d2f89ee94c.csv
2025-10-22T00:50:12.463701,grail,witch,30,True,3235342dfdf1,7.352968999953191,latency-c5d2f89ee94c.csv
2025-10-22T00:50:12.981659,shrek3,the,1285,True,3235342dfdf1,12.20501599993895,latency-c5d2f89ee94c.csv
2025-10-22T00:50:13.499698,grail,the,1600,True,cce8498ef544,6.40695999993568,latency-c5d2f89ee94c.csv
2025-10-22T00:50:14.011609,grail,at,104,True,cce8498ef544,7.476011999983712,latency-c5d2f89ee94c.csv
2025-10-22T00:50:14.526638,shrek3,PRINCE,207,True,cce8498ef544,6.5490370000134135,latency-c5d2f89ee94c.csv
2025-10-22T00:50:15.039857,shrek3,what,82,True,3235342dfdf1,21.28199300000233,latency-c5d2f89ee94c.csv
2025-10-22T00:50:15.573087,shrek3,116,1,True,3235342dfdf1,3.967217999957029,latency-c5d2f89ee94c.csv
2025-10-22T00:50:16.082153,shrek3,Cinderella,21,False,cce8498ef544,10.079132999976537,latency-c5d2f89ee94c.csv
2025-10-22T00:50:16.597359,grail,the,1600,True,cce8498ef544,4.876265000007152,latency-c5d2f89ee94c.csv
2025-10-22T00:50:17.108551,shrek3,Artie,213,True,cce8498ef544,5.202829000040765,latency-c5d2f89ee94c.csv
2025-10-22T00:50:17.619806,grail,king,136,True,cce8498ef544,4.9504090000027645,latency-c5d2f89ee94c.csv
2025-10-22T00:50:18.130225,grail,about,49,True,cce8498ef544,5.43757600007666,latency-c5d2f89ee94c.csv
2025-10-22T00:50:18.642019,shrek3,the,1285,True,cce8498ef544,5.090202000019417,latency-c5d2f89ee94c.csv
2025-10-22T00:50:19.153068,shrek3,glass,9,True,cce8498ef544,5.974868999942373,latency-c5d2f89ee94c.csv
2025-10-22T00:50:19.669089,shrek,DONKEY,320,True,cce8498ef544,5.70880300006138,latency-c5d2f89ee94c.csv
2025-10-22T00:50:20.180363,grail,door,14,True,cce8498ef544,10.151175000032708,latency-c5d2f89ee94c.csv
2025-10-22T00:50:20.697336,shrek,old,10,False,cce8498ef544,11.503836999963823,latency-c5d2f89ee94c.csv
2025-10-22T00:50:21.215183,grail,Yeah,13,True,3235342dfdf1,4.068571999937376,latency-c5d2f89ee94c.csv
2025-10-22T00:50:21.724654,shrek3,you,328,True,cce8498ef544,6.731682000008732,latency-c5d2f89ee94c.csv
2025-10-22T00:50:22.237242,shrek3,Guards,23,False,cce8498ef544,21.841355999981715,latency-c5d2f89ee94c.csv
2025-10-22T00:50:22.765199,shrek3,its,1,True,cce8498ef544,7.241908000082731,latency-c5d2f89ee94c.csv
2025-10-22T00:50:23.278476,shrek3,toward,14,True,cce8498ef544,5.987435000065489,latency-c5d2f89ee94c.csv
2025-10-22T00:50:23.791113,shrek3,SHREK,678,True,cce8498ef544,6.874374999938482,latency-c5d2f89ee94c.csv
2025-10-22T00:50:24.309878,grail,LANCELOT,59,True,cce8498ef544,7.193250000000262,latency-c5d2f89ee94c.csv
2025-10-22T00:50:24.831189,shrek3,time,23,True,3235342dfdf1,6.068238000011661,latency-c5d2f89ee94c.csv
2025-10-22T00:50:25.349852,shrek,transport,1,True,3235342dfdf1,10.682651000024634,latency-c5d2f89ee94c.csv
2025-10-22T00:50:25.869409,grail,To,718,True,cce8498ef544,4.396487999997589,latency-c5d2f89ee94c.csv
2025-10-22T00:50:26.382753,shrek3,the,1285,True,cce8498ef544,3.900917999999365,latency-c5d2f89ee94c.csv
2025-10-22T00:50:26.893235,shrek,CROWD,5,True,cce8498ef544,4.564968000067893,latency-c5d2f89ee94c.csv
2025-10-22T00:50:27.402576,shrek3,get,39,True,cce8498ef544,4.533372999958374,latency-c5d2f89ee94c.csv
2025-10-22T00:50:27.912360,shrek,you,409,True,3235342dfdf1,2545.731176000004,latency-c5d2f89ee94c.csv
2025-10-22T00:50:30.963646,grail,grabbing,5,False,3235342dfdf1,9.04558199999883,latency-c5d2f89ee94c.csv
2025-10-22T00:50:31.479464,shrek,gone,3,True,3235342dfdf1,4.647439999985181,latency-c5d2f89ee94c.csv
2025-10-22T00:50:31.990277,shrek,GORDO,5,True,3235342dfdf1,4.555283000058807,latency-c5d2f89ee94c.csv
2025-10-22T00:50:32.501010,grail,a,666,True,3235342dfdf1,4.87241299993002,latency-c5d2f89ee94c.csv
2025-10-22T00:50:33.011797,grail,a,666,True,3235342dfdf1,5.574797000008402,latency-c5d2f89ee94c.csv
2025-10-22T00:50:33.523213,shrek3,get,39,True,3235342dfdf1,4.480826000076377,latency-c5d2f89ee94c.csv
2025-10-22T00:50:34.037191,grail,54,2,True,3235342dfdf1,5.165949999991426,latency-c5d2f89ee94c.csv
2025-10-22T00:50:34.549298,shrek,his,48,True,3235342dfdf1,4.892052000059266,latency-c5d2f89ee94c.csv
2025-10-22T00:50:35.060991,grail,Aaaaugh,9,True,3235342dfdf1,8.202100999938011,latency-c5d2f89ee94c.csv
2025-10-22T00:50:35.592758,shrek,Nobody,4,True,3235342dfdf1,7.834763000005296,latency-c5d2f89ee94c.csv
2025-10-22T00:50:36.108347,grail,at,104,True,3235342dfdf1,9.5768290000251,latency-c5d2f89ee94c.csv
2025-10-22T00:50:36.626216,shrek3,"Bay""",0,True,3235342dfdf1,8.77475900006175,latency-c5d2f89ee94c.csv
2025-10-22T00:50:37.142538,shrek3,get,39,True,1ae65fa4046a,5.615374000058182,latency-c5d2f89ee94c.csv
2025-10-22T00:50:37.659911,grail,music,21,True,1ae65fa4046a,5.634153999949376,latency-c5d2f89ee94c.csv
2025-10-22T00:50:38.171675,shrek3,still,18,True,1ae65fa4046a,4.544375999898875,latency-c5d2f89ee94c.csv
2025-10-22T00:50:38.682099,shrek,Blah,1,False,1ae65fa4046a,9.896164999986468,latency-c5d2f89ee94c.csv
2025-10-22T00:50:39.197786,grail,king,136,True,1ae65fa4046a,7.528891999982079,latency-c5d2f89ee94c.csv
2025-10-22T00:50:39.710948,shrek3,"meet""",0,True,1ae65fa4046a,7.805545999985952,latency-c5d2f89ee94c.csv
2025-10-22T00:50:40.225176,shrek3,me,72,True,1ae65fa4046a,9.21554300009575,latency-c5d2f89ee94c.csv
2025-10-22T00:50:40.742344,shrek3,boomerang,1,True,1ae65fa4046a,7.327543999963382,latency-c5d2f89ee94c.csv
2025-10-22T00:50:41.255048,grail,To,718,True,1ae65fa4046a,6.728553000016291,latency-c5d2f89ee94c.csv
2025-10-22T00:50:41.771853,shrek,"Well,",0,True,1ae65fa4046a,7.837528000095517,latency-c5d2f89ee94c.csv
2025-10-22T00:50:42.285658,shrek3,flaming,2,True,1ae65fa4046a,8.35852700004125,latency-c5d2f89ee94c.csv
2025-10-22T00:50:42.799806,grail,on,139,True,1ae65fa4046a,7.5866910000286225,latency-c5d2f89ee94c.csv
2025-10-22T00:50:43.314945,shrek,And,318,True,1ae65fa4046a,9.908819000088442,latency-c5d2f89ee94c.csv
2025-10-22T00:50:43.830333,grail,is,317,True,1ae65fa4046a,7.765364000078989,latency-c5d2f89ee94c.csv
2025-10-22T00:50:44.343811,grail,of,684,True,1ae65fa4046a,7.798818999958712,latency-c5d2f89ee94c.csv
2025-10-22T00:50:44.858331,shrek,who,29,True,1ae65fa4046a,11.029213000028903,latency-c5d2f89ee94c.csv
2025-10-22T00:50:45.393810,shrek3,decree,1,True,3235342dfdf1,5.227096999988135,latency-c5d2f89ee94c.csv
2025-10-22T00:50:45.906202,shrek3,and,576,True,3235342dfdf1,5.320849999975508,latency-c5d2f89ee94c.csv
2025-10-22T00:50:46.417638,shrek,true,20,True,3235342dfdf1,4.3407880000359,latency-c5d2f89ee94c.csv
2025-10-22T00:50:46.930192,shrek,But,73,True,3235342dfdf1,3.9384529999324513,latency-c5d2f89ee94c.csv
2025-10-22T00:50:47.440514,shrek,not,50,True,3235342dfdf1,4.188769000052162,latency-c5d2f89ee94c.csv
2025-10-22T00:50:47.950920,grail,right,66,True,3235342dfdf1,4.995792000045185,latency-c5d2f89ee94c.csv
2025-10-22T00:50:48.463781,shrek,placed,1,True,3235342dfdf1,4.272522000064782,latency-c5d2f89ee94c.csv
2025-10-22T00:50:48.974199,shrek3,ARTIE,213,True,3235342dfdf1,4.456814000036502,latency-c5d2f89ee94c.csv
2025-10-22T00:50:49.484885,shrek3,DONKEY,243,True,3235342dfdf1,4.190412999946602,latency-c5d2f89ee94c.csv
2025-10-22T00:50:49.995547,grail,to,718,True,3235342dfdf1,3.8678079999954207,latency-c5d2f89ee94c.csv
2025-10-22T00:50:50.505525,grail,"Oh,",2,True,3235342dfdf1,4.145866999920145,latency-c5d2f89ee94c.csv
2025-10-22T00:50:51.015205,grail,Launcelot,107,True,3235342dfdf1,4.737610000006498,latency-c5d2f89ee94c.csv
2025-10-22T00:50:51.526491,shrek,No,114,True,1ae65fa4046a,8.387760000005073,latency-c5d2f89ee94c.csv
2025-10-22T00:50:52.043961,grail,Ecky-Ecky-Ecky,1,True,1ae65fa4046a,4.419328000039968,latency-c5d2f89ee94c.csv
2025-10-22T00:50:52.553624,shrek,you,409,True,1ae65fa4046a,5.709689000013896,latency-c5d2f89ee94c.csv
2025-10-22T00:50:53.064020,grail,(as,0,True,1ae65fa4046a,4.429786000059721,latency-c5d2f89ee94c.csv
2025-10-22T00:50:53.574610,shrek3,the,1285,True,1ae65fa4046a,3.80645400002777,latency-c5d2f89ee94c.csv
2025-10-22T00:50:54.084755,grail,of,684,True,3235342dfdf1,6.59822099999019,latency-c5d2f89ee94c.csv
2025-10-22T00:50:54.605179,grail,CALLS,3,True,3235342dfdf1,6.959254999969744,latency-c5d2f89ee94c.csv
2025-10-22T00:50:55.120008,shrek,old,10,True,3235342dfdf1,11.857162000069366,latency-c5d2f89ee94c.csv
2025-10-22T00:50:55.642677,grail,(as,0,True,1ae65fa4046a,2618.3885479999844,latency-c5d2f89ee94c.csv
2025-10-22T00:50:58.766056,shrek,and,318,True,1ae65fa4046a,4.32609599999978,latency-c5d2f89ee94c.csv
2025-10-22T00:50:59.275782,grail,Butts,2,True,1ae65fa4046a,7.045922999964205,latency-c5d2f89ee94c.csv
2025-10-22T00:50:59.790539,shrek3,SHREK,678,True,1ae65fa4046a,4.243252000037501,latency-c5d2f89ee94c.csv
2025-10-22T00:51:00.300728,shrek3,PUSS,196,True,1ae65fa4046a,3.8280710000435647,latency-c5d2f89ee94c.csv
2025-10-22T00:51:00.811212,shrek,SHREK,433,True,1ae65fa4046a,4.431764999935695,latency-c5d2f89ee94c.csv
2025-10-22T00:51:01.321659,shrek,whole,10,True,1ae65fa4046a,5.62247400000615,latency-c5d2f89ee94c.csv
2025-10-22T00:51:01.832884,shrek3,Arg,1,True,1ae65fa4046a,4.116305000025022,latency-c5d2f89ee94c.csv
2025-10-22T00:51:02.342224,grail,king,136,True,1ae65fa4046a,3.670275999979822,latency-c5d2f89ee94c.csv
2025-10-22T00:51:02.851331,shrek,Is,132,True,1ae65fa4046a,3.5068800000317424,latency-c5d2f89ee94c.csv
2025-10-22T00:51:03.359817,grail,toward,10,True,1ae65fa4046a,3.6353070000814114,latency-c5d2f89ee94c.csv
2025-10-22T00:51:03.868733,shrek,MAN,38,True,1ae65fa4046a,3.4101580000651666,latency-c5d2f89ee94c.csv
2025-10-22T00:51:04.376919,shrek,the,535,True,1ae65fa4046a,3.993984000089768,latency-c5d2f89ee94c.csv
2025-10-22T00:51:04.887303,grail,elected,2,True,1ae65fa4046a,6.695621999938339,latency-c5d2f89ee94c.csv
2025-10-22T00:51:05.403231,grail,from,94,True,1ae65fa4046a,8.331228999963969,latency-c5d2f89ee94c.csv
2025-10-22T00:51:05.917571,shrek3,Shrek,678,True,1ae65fa4046a,4.712588000074902,latency-c5d2f89ee94c.csv
2025-10-22T00:51:06.427845,shrek3,Final,119,True,1ae65fa4046a,5.552629000021625,latency-c5d2f89ee94c.csv
2025-10-22T00:51:06.938042,shrek3,CHARMING,232,True,1ae65fa4046a,5.466231000013977,latency-c5d2f89ee94c.csv
2025-10-22T00:51:07.448370,shrek,you,409,True,1ae65fa4046a,6.0358839999707925,latency-c5d2f89ee94c.csv
2025-10-22T00:51:07.959855,shrek3,still,18,True,1ae65fa4046a,6.364613999949143,latency-c5d2f89ee94c.csv
2025-10-22T00:51:08.471180,shrek3,Shrek,678,True,1ae65fa4046a,6.324477000021034,latency-c5d2f89ee94c.csv
2025-10-22T00:51:08.982149,shrek3,EVIL,59,True,1ae65fa4046a,5.66604899995582,latency-c5d2f89ee94c.csv
2025-10-22T00:51:09.494284,grail,rows,1,True,1ae65fa4046a,4.9672600000576494,latency-c5d2f89ee94c.csv
2025-10-22T00:51:10.004966,shrek3,"Suddenly,",0,True,1ae65fa4046a,6.233426999983749,latency-c5d2f89ee94c.csv
2025-10-22T00:51:10.516775,shrek3,CAPTAIN,41,True,1ae65fa4046a,7.187409000039224,latency-c5d2f89ee94c.csv
2025-10-22T00:51:11.030532,grail,rows,1,True,1ae65fa4046a,6.949378999934197,latency-c5d2f89ee94c.csv
2025-10-22T00:51:11.543765,shrek3,SCHOOL,14,True,1ae65fa4046a,6.647119000035673,latency-c5d2f89ee94c.csv
2025-10-22T00:51:12.056240,grail,at,104,True,1ae65fa4046a,7.050515000059932,latency-c5d2f89ee94c.csv
2025-10-22T00:51:12.569156,shrek3,Be,71,True,1ae65fa4046a,6.6439280000167855,latency-c5d2f89ee94c.csv
2025-10-22T00:51:13.081983,grail,the,1600,True,1ae65fa4046a,6.718281000075876,latency-c5d2f89ee94c.csv
2025-10-22T00:51:13.593240,shrek,DONKEY,320,True,1ae65fa4046a,6.825296999977581,latency-c5d2f89ee94c.csv
2025-10-22T00:51:14.107013,shrek3,DONKEY,243,True,1ae65fa4046a,7.256178000034197,latency-c5d2f89ee94c.csv
2025-10-22T00:51:14.620339,shrek,swamp,18,True,1ae65fa4046a,8.748536999974021,latency-c5d2f89ee94c.csv
2025-10-22T00:51:15.137114,shrek,SHREK,433,True,1ae65fa4046a,11.183310999967944,latency-c5d2f89ee94c.csv
2025-10-22T00:51:15.660045,shrek,the,535,True,1ae65fa4046a,5.269730000009076,latency-c5d2f89ee94c.csv
2025-10-22T00:51:16.170671,grail,for,118,True,1ae65fa4046a,5.064570000058666,latency-c5d2f89ee94c.csv
2025-10-22T00:51:16.680852,shrek,SHREK,433,True,1ae65fa4046a,5.165978000036375,latency-c5d2f89ee94c.csv
2025-10-22T00:51:17.191349,shrek,swamp,18,True,1ae65fa4046a,5.779222999990452,latency-c5d2f89ee94c.csv
2025-10-22T00:51:17.704077,grail,Launcelot,107,True,1ae65fa4046a,5.506918000037331,latency-c5d2f89ee94c.csv
2025-10-22T00:51:18.218300,shrek3,CAPTAIN,41,True,1ae65fa4046a,4.884977000074287,latency-c5d2f89ee94c.csv
2025-10-22T00:51:18.729760,shrek,He,118,True,cce8498ef544,13.549067000099058,latency-c5d2f89ee94c.csv
2025-10-22T00:51:19.249199,grail,time,33,True,cce8498ef544,8.022121000067273,latency-c5d2f89ee94c.csv
2025-10-22T00:51:19.764442,grail,the,1600,True,cce8498ef544,6.556049999971947,latency-c5d2f89ee94c.csv
2025-10-22T00:51:20.276349,grail,pretty,7,True,cce8498ef544,6.7131289999906585,latency-c5d2f89ee94c.csv
2025-10-22T00:51:20.790196,shrek3,Im,1,True,cce8498ef544,7.48561900002187,latency-c5d2f89ee94c.csv
2025-10-22T00:51:21.304483,grail,the,1600,True,cce8498ef544,7.074118000105045,latency-c5d2f89ee94c.csv
2025-10-22T00:51:21.818200,grail,singing,33,True,cce8498ef544,7.843819000072472,latency-c5d2f89ee94c.csv
2025-10-22T00:51:22.332226,grail,king,136,True,cce8498ef544,6.726312999944639,latency-c5d2f89ee94c.csv
2025-10-22T00:51:22.844539,shrek3,and,576,True,cce8498ef544,6.202457999961553,latency-c5d2f89ee94c.csv
2025-10-22T00:51:23.356919,shrek,I,386,True,cce8498ef544,7.139745000017683,latency-c5d2f89ee94c.csv
2025-10-22T00:51:23.870126,grail,thus,5,True,cce8498ef544,6.486801000050946,latency-c5d2f89ee94c.csv
2025-10-22T00:51:24.383372,shrek3,toward,14,True,cce8498ef544,7.773110000016459,latency-c5d2f89ee94c.csv
2025-10-22T00:51:24.898942,shrek3,Cinderella,21,True,cce8498ef544,14.574145999972645,latency-c5d2f89ee94c.csv
2025-10-22T00:51:25.452468,shrek,tale,7,True,3235342dfdf1,5.712434999963989,latency-c5d2f89ee94c.csv
2025-10-22T00:51:25.970365,grail,time,33,True,cce8498ef544,3.90384999991511,latency-c5d2f89ee94c.csv
2025-10-22T00:51:26.480163,shrek3,PUSS,196,True,3235342dfdf1,4.809969000007186,latency-c5d2f89ee94c.csv
2025-10-22T00:51:26.990305,grail,Eolio,2,True,3235342dfdf1,5.422790000011446,latency-c5d2f89ee94c.csv
2025-10-22T00:51:27.500951,shrek3,Gingerbread,37,True,cce8498ef544,5.763838999996551,latency-c5d2f89ee94c.csv
2025-10-22T00:51:28.012017,grail,"Peng,",0,True,cce8498ef544,5.376481999974203,latency-c5d2f89ee94c.csv
2025-10-22T00:51:28.524336,shrek,FIONA,211,True,3235342dfdf1,4.493497999987994,latency-c5d2f89ee94c.csv
2025-10-22T00:51:29.034555,shrek3,JOCKS,2,True,cce8498ef544,6.781782999951247,latency-c5d2f89ee94c.csv
2025-10-22T00:51:29.547908,grail,chops,3,True,3235342dfdf1,4.185789999951339,latency-c5d2f89ee94c.csv
2025-10-22T00:51:30.057716,grail,Cleveland,3,True,cce8498ef544,6.947187000037047,latency-c5d2f89ee94c.csv
2025-10-22T00:51:30.571559,grail,sell,1,True,cce8498ef544,6.591480999986743,latency-c5d2f89ee94c.csv
2025-10-22T00:51:31.085299,shrek,field,4,True,cce8498ef544,6.967572000007749,latency-c5d2f89ee94c.csv
2025-10-22T00:51:31.599371,grail,"Peng,",0,True,cce8498ef544,6.293269999900986,latency-c5d2f89ee94c.csv
2025-10-22T00:51:32.113862,shrek,after,10,True,cce8498ef544,8.333756000070025,latency-c5d2f89ee94c.csv
2025-10-22T00:51:32.630716,shrek3,flaming,2,True,cce8498ef544,7.586274000004778,latency-c5d2f89ee94c.csv
2025-10-22T00:51:33.146192,shrek3,CHARMING,232,True,cce8498ef544,10.20495300008406,latency-c5d2f89ee94c.csv
2025-10-22T00:51:33.668363,shrek,FIONA,211,True,cce8498ef544,10.495448000028771,latency-c5d2f89ee94c.csv
2025-10-22T00:51:34.192076,grail,is,317,True,cce8498ef544,10.618545000056656,latency-c5d2f89ee94c.csv
2025-10-22T00:51:34.711866,shrek3,its,1,True,cce8498ef544,12.304352999990442,latency-c5d2f89ee94c.csv
2025-10-22T00:51:35.236307,shrek,GORDO,5,True,3235342dfdf1,18.67660999994314,latency-c5d2f89ee94c.csv
2025-10-22T00:51:35.770532,shrek3,get,39,True,cce8498ef544,10.746862999894802,latency-c5d2f89ee94c.csv
2025-10-22T00:51:36.290581,shrek,What,104,True,cce8498ef544,14.29486500001076,latency-c5d2f89ee94c.csv
2025-10-22T00:51:36.815203,grail,pseudonym,1,True,cce8498ef544,11.694808000015655,latency-c5d2f89ee94c.csv
2025-10-22T00:51:37.336105,grail,of,684,True,cce8498ef544,23.050788999967157,latency-c5d2f89ee94c.csv
2025-10-22T00:51:37.877469,shrek,(standing,0,True,cce8498ef544,13.818047000086151,latency-c5d2f89ee94c.csv
2025-10-22T00:51:38.401971,shrek,tell,25,True,cce8498ef544,7.103893000021344,latency-c5d2f89ee94c.csv
2025-10-22T00:51:38.916310,shrek3,ruby,1,True,3235342dfdf1,5.608241999993879,latency-c5d2f89ee94c.csv
2025-10-22T00:51:39.428159,shrek3,Arg,1,True,3235342dfdf1,6.651275999956852,latency-c5d2f89ee94c.csv
2025-10-22T00:51:39.941245,shrek,after,10,True,3235342dfdf1,6.891795000001366,latency-c5d2f89ee94c.csv
2025-10-22T00:51:40.454638,grail,(as,0,True,3235342dfdf1,9.525060999976631,latency-c5d2f89ee94c.csv
2025-10-22T00:51:40.972443,grail,lost,6,True,cce8498ef544,10.389213000053132,latency-c5d2f89ee94c.csv
2025-10-22T00:51:41.489998,grail,witch,30,True,3235342dfdf1,5.676371000049585,latency-c5d2f89ee94c.csv
2025-10-22T00:51:42.002456,grail,the,1600,True,3235342dfdf1,10.730670999919312,latency-c5d2f89ee94c.csv
2025-10-22T00:51:42.520681,grail,Rostmm,1,True,cce8498ef544,9.474837999960071,latency-c5d2f89ee94c.csv
2025-10-22T00:51:43.037866,shrek,FARQUAAD,84,True,3235342dfdf1,9.729911000022184,latency-c5d2f89ee94c.csv
2025-10-22T00:51:43.556084,shrek,a,305,True,3235342dfdf1,10.319096999978685,latency-c5d2f89ee94c.csv
2025-10-22T00:51:44.074413,grail,a,666,True,cce8498ef544,7.0706420000306025,latency-c5d2f89ee94c.csv
2025-10-22T00:51:44.588260,grail,I,298,True,cce8498ef544,7.747171999994862,latency-c5d2f89ee94c.csv
2025-10-22T00:51:45.104040,shrek3,"Bay""",0,True,cce8498ef544,11.429526000029,latency-c5d2f89ee94c.csv
2025-10-22T00:51:45.632351,grail,CALLS,3,True,cce8498ef544,4.858622999904583,latency-c5d2f89ee94c.csv
2025-10-22T00:51:46.143907,shrek3,wont,0,True,cce8498ef544,4.647696000006363,latency-c5d2f89ee94c.csv
2025-10-22T00:51:46.656195,shrek,I,386,True,cce8498ef544,6.297556999925291,latency-c5d2f89ee94c.csv
2025-10-22T00:51:47.167951,grail,elected,2,True,cce8498ef544,6.102305000013075,latency-c5d2f89ee94c.csv
2025-10-22T00:51:47.680659,shrek3,DWARF,10,True,cce8498ef544,6.801819000088472,latency-c5d2f89ee94c.csv
2025-10-22T00:51:48.194170,grail,LANCELOT,59,True,cce8498ef544,6.831837000049745,latency-c5d2f89ee94c.csv
2025-10-22T00:51:48.709079,shrek,HOOD,13,True,cce8498ef544,8.836870000095587,latency-c5d2f89ee94c.csv
2025-10-22T00:51:49.225268,shrek,this,79,True,cce8498ef544,8.094339999956901,latency-c5d2f89ee94c.csv
2025-10-22T00:51:49.741184,grail,Michael,11,True,cce8498ef544,8.522240000047532,latency-c5d2f89ee94c.csv
2025-10-22T00:51:50.256582,grail,Tm,5,True,cce8498ef544,10.346797000011064,latency-c5d2f89ee94c.csv
2025-10-22T00:49:55.860017,grail,"Oh,",2,False,cce8498ef544,9.018581999953312,latency-dc717bb725ae.csv
2025-10-22T00:49:56.374333,shrek3,flaming,2,False,cce8498ef544,9.652692000031491,latency-dc717bb725ae.csv
2025-10-22T00:49:56.889023,shrek3,bed,10,False,3235342dfdf1,11.150501000088298,latency-dc717bb725ae.csv
2025-10-22T00:49:57.405362,grail,is,317,True,3235342dfdf1,5.519171999935679,latency-dc717bb725ae.csv
2025-10-22T00:49:57.916754,shrek3,Shrek,678,True,3235342dfdf1,8.751405999987583,latency-dc717bb725ae.csv
2025-10-22T00:49:58.436681,shrek3,wont,0,False,cce8498ef544,11.52584100009335,latency-dc717bb725ae.csv
2025-10-22T00:49:58.955601,shrek,at,62,True,cce8498ef544,5.638225999973656,latency-dc717bb725ae.csv
2025-10-22T00:49:59.473680,grail,to,718,True,cce8498ef544,6.494399000075646,latency-dc717bb725ae.csv
2025-10-22T00:49:59.991433,shrek3,showing,1,False,cce8498ef544,18.666914000050383,latency-dc717bb725ae.csv
2025-10-22T00:50:00.516008,grail,pseudonym,1,False,1ae65fa4046a,10.287436999988133,latency-dc717bb725ae.csv
2025-10-22T00:50:01.031310,grail,the,1600,True,cce8498ef544,4.450931999940622,latency-dc717bb725ae.csv
2025-10-22T00:50:01.540625,grail,Cleveland,3,True,1ae65fa4046a,4.035782000073596,latency-dc717bb725ae.csv
2025-10-22T00:50:02.050518,grail,Guard,106,True,cce8498ef544,18.109155000047394,latency-dc717bb725ae.csv
2025-10-22T00:50:02.574410,grail,Aaaaugh,9,False,cce8498ef544,17.429208000066865,latency-dc717bb725ae.csv
2025-10-22T00:50:03.098620,grail,THREE-HEADED,8,True,cce8498ef544,14.157885000031456,latency-dc717bb725ae.csv
2025-10-22T00:50:03.618346,grail,since,10,True,3235342dfdf1,7.393439999987095,latency-dc717bb725ae.csv
2025-10-22T00:50:04.132623,shrek,token,1,False,3235342dfdf1,11.120882000000163,latency-dc717bb725ae.csv
2025-10-22T00:50:04.649641,shrek,stairs,7,True,cce8498ef544,14.452821999952905,latency-dc717bb725ae.csv
2025-10-22T00:50:05.171836,grail,at,104,False,3235342dfdf1,18.36126900002455,latency-dc717bb725ae.csv
2025-10-22T00:50:05.702803,shrek3,SHREK,678,True,cce8498ef544,8.027595999919868,latency-dc717bb725ae.csv
2025-10-22T00:50:06.221002,grail,the,1600,True,cce8498ef544,15.524497999990672,latency-dc717bb725ae.csv
2025-10-22T00:50:06.742692,grail,Yeah,13,True,1ae65fa4046a,5.033432999994147,latency-dc717bb725ae.csv
2025-10-22T00:50:07.254625,grail,THREE-HEADED,8,True,cce8498ef544,8.835295000039878,latency-dc717bb725ae.csv
2025-10-22T00:50:07.771937,grail,at,104,True,cce8498ef544,8.833091000042259,latency-dc717bb725ae.csv
2025-10-22T00:50:08.300640,grail,Butts,2,False,cce8498ef544,10.793353999929424,latency-dc717bb725ae.csv
2025-10-22T00:50:08.818445,grail,on,139,True,cce8498ef544,15.983720999997786,latency-dc717bb725ae.csv
2025-10-22T00:50:09.341533,grail,lost,6,True,cce8498ef544,8.441127000082815,latency-dc717bb725ae.csv
2025-10-22T00:50:09.858956,grail,door,14,True,cce8498ef544,13.442126999962056,latency-dc717bb725ae.csv
2025-10-22T00:50:10.381603,shrek3,OGRE,39,True,cce8498ef544,16.490164999936496,latency-dc717bb725ae.csv
2025-10-22T00:50:10.905993,shrek3,the,1285,True,cce8498ef544,14.481688999921971,latency-dc717bb725ae.csv
2025-10-22T00:50:11.432022,shrek3,2,8,True,cce8498ef544,6.6672609999614,latency-dc717bb725ae.csv
2025-10-22T00:50:11.947489,grail,LTD,6,True,cce8498ef544,9.30129300002136,latency-dc717bb725ae.csv
2025-10-22T00:50:12.463729,grail,the,1600,True,3235342dfdf1,7.439999000098396,latency-dc717bb725ae.csv
2025-10-22T00:50:12.981316,shrek3,with,112,False,3235342dfdf1,13.13073500000428,latency-dc717bb725ae.csv
2025-10-22T00:50:13.500089,shrek,What,104,True,cce8498ef544,6.48986999999579,latency-dc717bb725ae.csv
2025-10-22T00:50:14.012259,grail,GALAHAD,87,True,cce8498ef544,6.927310000037323,latency-dc717bb725ae.csv
2025-10-22T00:50:14.526833,shrek3,and,576,True,cce8498ef544,6.469049999964227,latency-dc717bb725ae.csv
2025-10-22T00:50:15.039860,grail,the,1600,True,3235342dfdf1,17.191314000001512,latency-dc717bb725ae.csv
2025-10-22T00:50:15.571641,shrek,"Ha,",0,False,cce8498ef544,12.367323000034958,latency-dc717bb725ae.csv
2025-10-22T00:50:16.089047,shrek3,Im,1,True,3235342dfdf1,4.718743000012182,latency-dc717bb725ae.csv
2025-10-22T00:50:16.598804,grail,Guard,106,True,3235342dfdf1,5.831572000033702,latency-dc717bb725ae.csv
2025-10-22T00:50:17.110653,grail,seek,12,True,3235342dfdf1,6.157323000024917,latency-dc717bb725ae.csv
2025-10-22T00:50:17.622382,shrek,GORDO,5,True,3235342dfdf1,4.593004000071232,latency-dc717bb725ae.csv
2025-10-22T00:50:18.132744,grail,are,114,True,3235342dfdf1,4.952614000103495,latency-dc717bb725ae.csv
2025-10-22T00:50:18.643892,grail,Michael,11,True,3235342dfdf1,4.827911000006679,latency-dc717bb725ae.csv
2025-10-22T00:50:19.154096,grail,music,21,True,cce8498ef544,5.809908999935942,latency-dc717bb725ae.csv
2025-10-22T00:50:19.669524,shrek,No,114,True,cce8498ef544,5.096531999924991,latency-dc717bb725ae.csv
2025-10-22T00:50:20.180361,grail,upon,13,True,cce8498ef544,10.864373999993404,latency-dc717bb725ae.csv
2025-10-22T00:50:20.697344,grail,seek,12,True,cce8498ef544,5.766728999901716,latency-dc717bb725ae.csv
2025-10-22T00:50:21.213152,shrek,SHREK,433,True,cce8498ef544,5.760656000006748,latency-dc717bb725ae.csv
2025-10-22T00:50:21.724308,shrek3,PUSS,196,True,cce8498ef544,6.843632000027355,latency-dc717bb725ae.csv
2025-10-22T00:50:22.237678,grail,"lute,",0,False,cce8498ef544,21.66127300006337,latency-dc717bb725ae.csv
2025-10-22T00:50:22.765237,grail,the,1600,True,cce8498ef544,7.869324000012057,latency-dc717bb725ae.csv
2025-10-22T00:50:23.279580,shrek3,glass,9,True,cce8498ef544,7.027987000014946,latency-dc717bb725ae.csv
2025-10-22T00:50:23.792352,shrek3,get,39,True,cce8498ef544,6.683430000066437,latency-dc717bb725ae.csv
2025-10-22T00:50:24.310451,shrek,I,386,True,cce8498ef544,5.81784099995275,latency-dc717bb725ae.csv
2025-10-22T00:50:24.829459,grail,G,6,True,cce8498ef544,5.296932999954152,latency-dc717bb725ae.csv
2025-10-22T00:50:25.340882,grail,for,118,True,cce8498ef544,6.331864999992831,latency-dc717bb725ae.csv
2025-10-22T00:50:25.855914,shrek3,OGRE,39,True,cce8498ef544,5.540929000062533,latency-dc717bb725ae.csv
2025-10-22T00:50:26.368610,shrek,number,8,True,cce8498ef544,4.402741000035348,latency-dc717bb725ae.csv
2025-10-22T00:50:26.879547,shrek,trip,1,True,cce8498ef544,4.571241000007831,latency-dc717bb725ae.csv
2025-10-22T00:50:27.390092,shrek3,and,576,True,cce8498ef544,5.000468999924124,latency-dc717bb725ae.csv
2025-10-22T00:50:27.900684,grail,3,18,True,3235342dfdf1,2566.794296000012,latency-dc717bb725ae.csv
2025-10-22T00:50:30.972763,grail,the,1600,True,1ae65fa4046a,5.557232999990447,latency-dc717bb725ae.csv
2025-10-22T00:50:31.483430,shrek,Shrek,433,True,1ae65fa4046a,4.449027999953614,latency-dc717bb725ae.csv
2025-10-22T00:50:31.992821,shrek3,what,82,True,1ae65fa4046a,4.3918679999706,latency-dc717bb725ae.csv
2025-10-22T00:50:32.502570,grail,To,718,True,1ae65fa4046a,4.526367999915237,latency-dc717bb725ae.csv
2025-10-22T00:50:33.012648,shrek,tell,25,True,3235342dfdf1,4.762232000075528,latency-dc717bb725ae.csv
2025-10-22T00:50:33.523157,grail,CALLS,3,False,3235342dfdf1,9.588678000000073,latency-dc717bb725ae.csv
2025-10-22T00:50:34.038980,shrek3,Shrek,678,True,1ae65fa4046a,4.901309000047149,latency-dc717bb725ae.csv
2025-10-22T00:50:34.550708,shrek3,ARTIE,213,True,1ae65fa4046a,4.467734999934692,latency-dc717bb725ae.csv
2025-10-22T00:50:35.061590,shrek,Nobody,4,False,3235342dfdf1,19.87134900002729,latency-dc717bb725ae.csv
2025-10-22T00:50:35.594923,shrek3,boomerang,1,True,1ae65fa4046a,7.249726999930317,latency-dc717bb725ae.csv
2025-10-22T00:50:36.108824,shrek3,fall,6,True,3235342dfdf1,9.24457300004633,latency-dc717bb725ae.csv
2025-10-22T00:50:36.625808,grail,and,722,True,3235342dfdf1,6.802338000056807,latency-dc717bb725ae.csv
2025-10-22T00:50:37.140498,shrek,GUARD,25,True,3235342dfdf1,6.145316000015555,latency-dc717bb725ae.csv
2025-10-22T00:50:37.655376,shrek3,SHOUTING),0,True,3235342dfdf1,5.911473999958616,latency-dc717bb725ae.csv
2025-10-22T00:50:38.168521,shrek3,to,511,True,3235342dfdf1,5.1850439999725495,latency-dc717bb725ae.csv
2025-10-22T00:50:38.679663,grail,for,118,True,3235342dfdf1,5.467442000053779,latency-dc717bb725ae.csv
2025-10-22T00:50:39.191959,shrek3,Arg,1,True,3235342dfdf1,5.370717999994668,latency-dc717bb725ae.csv
2025-10-22T00:50:39.706656,grail,Who’s,3,True,3235342dfdf1,6.4079320000018924,latency-dc717bb725ae.csv
2025-10-22T00:50:40.221166,shrek3,They,80,True,3235342dfdf1,7.563003999962348,latency-dc717bb725ae.csv
2025-10-22T00:50:40.736462,grail,Tm,5,True,3235342dfdf1,7.321178999973199,latency-dc717bb725ae.csv
2025-10-22T00:50:41.251784,shrek,SHREK,433,True,3235342dfdf1,6.957762999945771,latency-dc717bb725ae.csv
2025-10-22T00:50:41.765811,shrek3,ARTIE,213,True,3235342dfdf1,6.007638000028237,latency-dc717bb725ae.csv
2025-10-22T00:50:42.280554,grail,Tm,5,True,3235342dfdf1,5.092596000054073,latency-dc717bb725ae.csv
2025-10-22T00:50:42.794017,grail,Tm,5,True,3235342dfdf1,6.402139999977408,latency-dc717bb725ae.csv
2025-10-22T00:50:43.310052,shrek3,2,8,True,3235342dfdf1,8.475912999983848,latency-dc717bb725ae.csv
2025-10-22T00:50:43.825234,shrek3,CAPTAIN,41,True,3235342dfdf1,6.3156539999909,latency-dc717bb725ae.csv
2025-10-22T00:50:44.339576,grail,the,1600,True,3235342dfdf1,7.243180999921606,latency-dc717bb725ae.csv
2025-10-22T00:50:44.854513,shrek,old,10,True,3235342dfdf1,9.665476999998646,latency-dc717bb725ae.csv
2025-10-22T00:50:45.373229,shrek,ogre,27,True,3235342dfdf1,5.395722000002934,latency-dc717bb725ae.csv
2025-10-22T00:50:45.885278,grail,of,684,True,3235342dfdf1,5.512834000001021,latency-dc717bb725ae.csv
2025-10-22T00:50:46.396871,shrek3,me,72,True,3235342dfdf1,4.804386999921917,latency-dc717bb725ae.csv
2025-10-22T00:50:46.907839,shrek3,supposed,11,True,3235342dfdf1,6.789080999965336,latency-dc717bb725ae.csv
2025-10-22T00:50:47.420297,shrek,help,5,True,3235342dfdf1,4.981634000046142,latency-dc717bb725ae.csv
2025-10-22T00:50:47.930678,grail,us,32,True,3235342dfdf1,5.15894299996944,latency-dc717bb725ae.csv
2025-10-22T00:50:48.442577,grail,a,666,True,3235342dfdf1,5.2473490000011225,latency-dc717bb725ae.csv
2025-10-22T00:50:48.953438,grail,the,1600,True,3235342dfdf1,5.300742000031278,latency-dc717bb725ae.csv
2025-10-22T00:50:49.464578,shrek,lay,2,True,3235342dfdf1,5.125388000010389,latency-dc717bb725ae.csv
2025-10-22T00:50:49.975923,grail,TV,2,True,3235342dfdf1,5.4970339999727,latency-dc717bb725ae.csv
2025-10-22T00:50:50.487254,shrek,What,104,True,3235342dfdf1,5.813637999949606,latency-dc717bb725ae.csv
2025-10-22T00:50:50.999525,grail,since,10,True,3235342dfdf1,6.370277999963037,latency-dc717bb725ae.csv
2025-10-22T00:50:51.512603,grail,Get,47,False,3235342dfdf1,14.689518000068349,latency-dc717bb725ae.csv
2025-10-22T00:50:52.035618,grail,Aaaaugh,9,True,3235342dfdf1,5.015425000010509,latency-dc717bb725ae.csv
2025-10-22T00:50:52.546897,grail,king,136,True,3235342dfdf1,6.431808000002093,latency-dc717bb725ae.csv
2025-10-22T00:50:53.060464,grail,it,279,True,3235342dfdf1,6.062636000024213,latency-dc717bb725ae.csv
2025-10-22T00:50:53.572572,shrek,lay,2,True,3235342dfdf1,5.443936000006033,latency-dc717bb725ae.csv
2025-10-22T00:50:54.084727,grail,3,18,True,3235342dfdf1,6.822920999979942,latency-dc717bb725ae.csv
2025-10-22T00:50:54.605199,grail,Get,47,True,3235342dfdf1,6.604210999967108,latency-dc717bb725ae.csv
2025-10-22T00:50:55.120008,grail,witch,30,True,3235342dfdf1,11.172135999913737,latency-dc717bb725ae.csv
2025-10-22T00:50:55.642180,shrek,ogre,27,True,1ae65fa4046a,2608.390190000023,latency-dc717bb725ae.csv
2025-10-22T00:50:58.756063,grail,Auuuuuuuugh,2,True,1ae65fa4046a,4.108175999931518,latency-dc717bb725ae.csv
2025-10-22T00:50:59.265626,shrek3,of,275,True,1ae65fa4046a,4.418355999973755,latency-dc717bb725ae.csv
2025-10-22T00:50:59.775626,shrek,Is,132,True,1ae65fa4046a,3.821945000026972,latency-dc717bb725ae.csv
2025-10-22T00:51:00.285162,shrek3,flaming,2,True,1ae65fa4046a,4.05652300003112,latency-dc717bb725ae.csv
2025-10-22T00:51:00.795590,shrek3,right,36,True,1ae65fa4046a,4.706376999934037,latency-dc717bb725ae.csv
2025-10-22T00:51:01.306502,shrek,But,73,True,1ae65fa4046a,4.831437999996524,latency-dc717bb725ae.csv
2025-10-22T00:51:01.817617,grail,upon,13,True,1ae65fa4046a,4.049906999966879,latency-dc717bb725ae.csv
2025-10-22T00:51:02.326886,grail,54,2,True,1ae65fa4046a,4.430452999940826,latency-dc717bb725ae.csv
2025-10-22T00:51:02.836390,grail,Get,47,True,1ae65fa4046a,4.242357999942215,latency-dc717bb725ae.csv
2025-10-22T00:51:03.345846,shrek3,its,1,True,1ae65fa4046a,4.1896159999623706,latency-dc717bb725ae.csv
2025-10-22T00:51:03.855435,grail,grabbing,5,True,1ae65fa4046a,4.165058000012323,latency-dc717bb725ae.csv
2025-10-22T00:51:04.364823,shrek,fair,2,True,1ae65fa4046a,4.439739999952508,latency-dc717bb725ae.csv
2025-10-22T00:51:04.874070,grail,Tm,5,True,1ae65fa4046a,6.896033000089119,latency-dc717bb725ae.csv
2025-10-22T00:51:05.389511,shrek3,its,1,True,1ae65fa4046a,10.990645999982007,latency-dc717bb725ae.csv
2025-10-22T00:51:05.911139,shrek3,still,18,True,1ae65fa4046a,4.113528999937444,latency-dc717bb725ae.csv
2025-10-22T00:51:06.421467,shrek3,JOCKS,2,True,1ae65fa4046a,4.143717000033576,latency-dc717bb725ae.csv
2025-10-22T00:51:06.931910,grail,and,722,True,1ae65fa4046a,4.097643000022799,latency-dc717bb725ae.csv
2025-10-22T00:51:07.441589,shrek3,field,3,True,1ae65fa4046a,4.8374499999681575,latency-dc717bb725ae.csv
2025-10-22T00:51:07.953636,shrek3,EVIL,59,True,1ae65fa4046a,4.51835299998038,latency-dc717bb725ae.csv
2025-10-22T00:51:08.466070,shrek,way,26,True,1ae65fa4046a,3.999319000058677,latency-dc717bb725ae.csv
2025-10-22T00:51:08.978361,shrek3,Guards,23,True,1ae65fa4046a,5.89709700000185,latency-dc717bb725ae.csv
2025-10-22T00:51:09.492005,shrek3,ARTIE,213,True,1ae65fa4046a,5.55615099995066,latency-dc717bb725ae.csv
2025-10-22T00:51:10.004071,shrek3,"Bay""",0,True,1ae65fa4046a,6.618704999937108,latency-dc717bb725ae.csv
2025-10-22T00:51:10.516723,shrek,And,318,True,1ae65fa4046a,7.078351000018301,latency-dc717bb725ae.csv
2025-10-22T00:51:11.030427,grail,Christ,8,True,1ae65fa4046a,7.25699400004487,latency-dc717bb725ae.csv
2025-10-22T00:51:11.543729,grail,about,49,True,1ae65fa4046a,6.063768999979402,latency-dc717bb725ae.csv
2025-10-22T00:51:12.055932,grail,I,298,True,1ae65fa4046a,6.4894040000353925,latency-dc717bb725ae.csv
2025-10-22T00:51:12.569133,shrek3,with,112,True,1ae65fa4046a,6.898933999991641,latency-dc717bb725ae.csv
2025-10-22T00:51:13.081984,grail,I,298,True,1ae65fa4046a,6.0296180000705135,latency-dc717bb725ae.csv
2025-10-22T00:51:13.593008,shrek3,decree,1,True,1ae65fa4046a,8.263400000032561,latency-dc717bb725ae.csv
2025-10-22T00:51:14.107284,shrek3,right,36,True,1ae65fa4046a,6.6224109999666325,latency-dc717bb725ae.csv
2025-10-22T00:51:14.620340,grail,(as,0,True,1ae65fa4046a,8.109407000006286,latency-dc717bb725ae.csv
2025-10-22T00:51:15.136554,grail,pretty,7,True,1ae65fa4046a,11.979113000052166,latency-dc717bb725ae.csv
2025-10-22T00:51:15.661144,shrek,will,16,True,1ae65fa4046a,4.704427000092437,latency-dc717bb725ae.csv
2025-10-22T00:51:16.170902,shrek,who,29,True,1ae65fa4046a,4.483359000005294,latency-dc717bb725ae.csv
2025-10-22T00:51:16.680855,shrek3,body),0,True,1ae65fa4046a,4.890474000035283,latency-dc717bb725ae.csv
2025-10-22T00:51:17.191264,shrek3,SHOUTING),0,True,1ae65fa4046a,5.534075000014127,latency-dc717bb725ae.csv
2025-10-22T00:51:17.703361,grail,music,21,True,1ae65fa4046a,6.037053000000014,latency-dc717bb725ae.csv
2025-10-22T00:51:18.217096,shrek3,reason,2,True,1ae65fa4046a,5.438185000002704,latency-dc717bb725ae.csv
2025-10-22T00:51:18.729551,grail,“I,0,True,cce8498ef544,13.684167000064916,latency-dc717bb725ae.csv
2025-10-22T00:51:19.248953,grail,it,279,True,cce8498ef544,6.971819999989748,latency-dc717bb725ae.csv
2025-10-22T00:51:19.763362,grail,at,104,True,cce8498ef544,6.985681999935878,latency-dc717bb725ae.csv
2025-10-22T00:51:20.276351,shrek3,BOAT,32,True,cce8498ef544,7.634738000092511,latency-dc717bb725ae.csv
2025-10-22T00:51:20.790430,grail,Michael,11,True,cce8498ef544,7.324606999986827,latency-dc717bb725ae.csv
2025-10-22T00:51:21.304483,shrek,SHREK,433,True,cce8498ef544,7.335411999974895,latency-dc717bb725ae.csv
2025-10-22T00:51:21.818345,grail,the,1600,True,cce8498ef544,6.586253000023135,latency-dc717bb725ae.csv
2025-10-22T00:51:22.331416,shrek,you,409,True,cce8498ef544,6.58777099999952,latency-dc717bb725ae.csv
2025-10-22T00:51:22.844278,shrek,SHREK,433,True,cce8498ef544,7.492445000025327,latency-dc717bb725ae.csv
2025-10-22T00:51:23.357709,shrek3,ho,8,True,cce8498ef544,5.796540000005734,latency-dc717bb725ae.csv
2025-10-22T00:51:23.869938,shrek,you,409,True,cce8498ef544,6.134281999948144,latency-dc717bb725ae.csv
2025-10-22T00:51:24.382952,shrek,I,386,True,cce8498ef544,7.692421000001559,latency-dc717bb725ae.csv
2025-10-22T00:51:24.898589,shrek,you,409,True,cce8498ef544,10.992966000003436,latency-dc717bb725ae.csv
2025-10-22T00:51:25.447013,shrek,No,114,True,cce8498ef544,5.316305000064858,latency-dc717bb725ae.csv
2025-10-22T00:51:25.960542,grail,CALLS,3,True,cce8498ef544,4.409376000012344,latency-dc717bb725ae.csv
2025-10-22T00:51:26.471733,grail,Rostmm,1,True,cce8498ef544,4.231343000014931,latency-dc717bb725ae.csv
2025-10-22T00:51:26.982662,grail,the,1600,True,cce8498ef544,4.33268299991596,latency-dc717bb725ae.csv
2025-10-22T00:51:27.494396,grail,ANOTHER,25,True,cce8498ef544,4.962902999977814,latency-dc717bb725ae.csv
2025-10-22T00:51:28.007518,grail,THREE-HEADED,8,True,cce8498ef544,4.336356000067099,latency-dc717bb725ae.csv
2025-10-22T00:51:28.520163,grail,from,94,True,cce8498ef544,5.810709000002134,latency-dc717bb725ae.csv
2025-10-22T00:51:29.032617,shrek,one,44,True,cce8498ef544,6.876789999978428,latency-dc717bb725ae.csv
2025-10-22T00:51:29.546010,shrek3,WHITE,45,True,cce8498ef544,5.900884000084261,latency-dc717bb725ae.csv
2025-10-22T00:51:30.057858,shrek,who,29,True,cce8498ef544,7.551612000042951,latency-dc717bb725ae.csv
2025-10-22T00:51:30.571804,shrek,tell,25,True,cce8498ef544,6.944356999952106,latency-dc717bb725ae.csv
2025-10-22T00:51:31.085663,grail,cross,13,True,cce8498ef544,8.099087999994481,latency-dc717bb725ae.csv
2025-10-22T00:51:31.603108,shrek3,time,23,True,3235342dfdf1,4.446052000048439,latency-dc717bb725ae.csv
2025-10-22T00:51:32.114631,shrek,he,118,True,cce8498ef544,6.7044630000054894,latency-dc717bb725ae.csv
2025-10-22T00:51:32.630375,shrek,No,114,True,cce8498ef544,7.65230199999678,latency-dc717bb725ae.csv
2025-10-22T00:51:33.146196,grail,Auuuuuuuugh,2,True,cce8498ef544,12.375501999940752,latency-dc717bb725ae.csv
2025-10-22T00:51:33.668395,shrek3,get,39,True,cce8498ef544,10.98663100003705,latency-dc717bb725ae.csv
2025-10-22T00:51:34.192072,shrek3,Be,71,True,cce8498ef544,9.479202000079567,latency-dc717bb725ae.csv
2025-10-22T00:51:34.711402,shrek3,WOLF,7,True,cce8498ef544,14.050930999928823,latency-dc717bb725ae.csv
2025-10-22T00:51:35.236785,shrek,CROWD,5,True,3235342dfdf1,16.111500999954842,latency-dc717bb725ae.csv
2025-10-22T00:51:35.769456,shrek,FARQUAAD,84,True,3235342dfdf1,10.692363999964982,latency-dc717bb725ae.csv
2025-10-22T00:51:36.288347,grail,Auuuuuuuugh,2,True,3235342dfdf1,11.814488000027268,latency-dc717bb725ae.csv
2025-10-22T00:51:36.812339,shrek3,his,238,True,3235342dfdf1,11.317259999941598,latency-dc717bb725ae.csv
2025-10-22T00:51:37.332814,grail,about,49,True,3235342dfdf1,16.485593999959747,latency-dc717bb725ae.csv
2025-10-22T00:51:37.865416,shrek,baby,3,True,3235342dfdf1,6.919693999975607,latency-dc717bb725ae.csv
2025-10-22T00:51:38.380256,shrek,SHREK,433,True,3235342dfdf1,7.136341999967044,latency-dc717bb725ae.csv
2025-10-22T00:51:38.892712,shrek3,to,511,True,3235342dfdf1,6.072127999914301,latency-dc717bb725ae.csv
2025-10-22T00:51:39.403890,shrek,the,535,True,3235342dfdf1,6.1153599999670405,latency-dc717bb725ae.csv
2025-10-22T00:51:39.917216,grail,"Oh,",2,True,3235342dfdf1,5.782613999940622,latency-dc717bb725ae.csv
2025-10-22T00:51:40.432676,shrek,HOOD,13,True,cce8498ef544,13.425141999960031,latency-dc717bb725ae.csv
2025-10-22T00:51:40.954070,shrek,FIONA,211,True,cce8498ef544,6.383271999993667,latency-dc717bb725ae.csv
2025-10-22T00:51:41.469570,shrek3,fall,6,True,cce8498ef544,9.576505000040925,latency-dc717bb725ae.csv
2025-10-22T00:51:41.987428,grail,To,718,True,cce8498ef544,8.303878999981862,latency-dc717bb725ae.csv
2025-10-22T00:51:42.508279,shrek3,MERLIN,73,True,cce8498ef544,6.728198000018892,latency-dc717bb725ae.csv
2025-10-22T00:51:43.021930,shrek3,get,39,True,cce8498ef544,4.294358000038301,latency-dc717bb725ae.csv
2025-10-22T00:51:43.532993,shrek3,what,82,True,cce8498ef544,4.663535999952728,latency-dc717bb725ae.csv
2025-10-22T00:51:44.041874,shrek,ogre,27,True,cce8498ef544,4.490729000053761,latency-dc717bb725ae.csv
2025-10-22T00:51:44.551894,shrek,DONKEY,320,True,cce8498ef544,4.1697679999970205,latency-dc717bb725ae.csv
2025-10-22T00:51:45.061274,grail,"Peng,",0,True,cce8498ef544,9.684061000029942,latency-dc717bb725ae.csv
2025-10-22T00:51:45.580039,shrek3,toward,14,True,cce8498ef544,5.342578000067988,latency-dc717bb725ae.csv
2025-10-22T00:51:46.091311,shrek3,ARTIE,213,True,cce8498ef544,5.758786000001237,latency-dc717bb725ae.csv
2025-10-22T00:51:46.602559,grail,3,18,True,cce8498ef544,5.388305999986187,latency-dc717bb725ae.csv
2025-10-22T00:51:47.113669,shrek,baby,3,True,cce8498ef544,4.629665000038585,latency-dc717bb725ae.csv
2025-10-22T00:51:47.624064,grail,Boom,4,True,cce8498ef544,6.116114999940692,latency-dc717bb725ae.csv
2025-10-22T00:51:48.135804,shrek3,decree,1,True,cce8498ef544,9.797875999993266,latency-dc717bb725ae.csv
2025-10-22T00:51:48.651569,shrek3,at,134,True,cce8498ef544,4.825539999956163,latency-dc717bb725ae.csv
2025-10-22T00:51:49.162192,grail,(as,0,True,cce8498ef544,5.491238999979942,latency-dc717bb725ae.csv
2025-10-22T00:51:49.673826,shrek3,SHREK,678,True,cce8498ef544,5.261119000010694,latency-dc717bb725ae.csv
2025-10-22T00:51:50.185772,shrek3,Im,1,True,cce8498ef544,6.009345000052235,latency-dc717bb725ae.csv
2025-10-22T00:49:54.551547,grail,I,298,False,cce8498ef544,20.3418139999485,latency-e93eca8fd656.csv
2025-10-22T00:49:55.087806,grail,of,684,False,cce8498ef544,15.805283999952737,latency-e93eca8fd656.csv
2025-10-22T00:49:55.612167,grail,54,2,False,cce8498ef544,7.897889999981089,latency-e93eca8fd656.csv
2025-10-22T00:49:56.125458,shrek3,PUSS,196,False,3235342dfdf1,10.120423999978811,latency-e93eca8fd656.csv
2025-10-22T00:49:56.640642,grail,Cleveland,3,False,cce8498ef544,7.906571000035001,latency-e93eca8fd656.csv
2025-10-22T00:49:57.153686,shrek3,ARTIE,213,False,cce8498ef544,9.016158000008543,latency-e93eca8fd656.csv
2025-10-22T00:49:57.668003,shrek,at,62,True,3235342dfdf1,4.791617000023507,latency-e93eca8fd656.csv
2025-10-22T00:49:58.177668,shrek3,Im,1,False,3235342dfdf1,11.65928199998234,latency-e93eca8fd656.csv
2025-10-22T00:49:58.694907,grail,Yeah,13,False,3235342dfdf1,9.202354999956697,latency-e93eca8fd656.csv
2025-10-22T00:49:59.209261,grail,the,1600,True,3235342dfdf1,4.628087000014602,latency-e93eca8fd656.csv
2025-10-22T00:49:59.718678,shrek3,RAPUNZEL,30,False,3235342dfdf1,10.59958700000152,latency-e93eca8fd656.csv
2025-10-22T00:50:00.234062,grail,is,317,True,3235342dfdf1,4.184151000004022,latency-e93eca8fd656.csv
2025-10-22T00:50:00.744206,shrek3,what,82,False,cce8498ef544,16.726797999922383,latency-e93eca8fd656.csv
2025-10-22T00:50:01.266036,shrek3,ho,8,True,cce8498ef544,9.10187500005577,latency-e93eca8fd656.csv
2025-10-22T00:50:01.781399,shrek,DONKEY,320,True,cce8498ef544,8.566428999984055,latency-e93eca8fd656.csv
2025-10-22T00:50:02.295515,shrek,our,11,True,cce8498ef544,5.060389000050236,latency-e93eca8fd656.csv
2025-10-22T00:50:02.811283,grail,the,1600,True,cce8498ef544,6.020532999968964,latency-e93eca8fd656.csv
2025-10-22T00:50:03.328386,shrek,rising,1,True,cce8498ef544,5.402083000035418,latency-e93eca8fd656.csv
2025-10-22T00:50:03.839981,grail,seek,12,False,cce8498ef544,10.585267999999814,latency-e93eca8fd656.csv
2025-10-22T00:50:04.356349,grail,seek,12,True,cce8498ef544,5.129212000042571,latency-e93eca8fd656.csv
2025-10-22T00:50:04.868030,shrek3,the,1285,True,cce8498ef544,8.132009999940237,latency-e93eca8fd656.csv
2025-10-22T00:50:05.385917,shrek,the,535,True,cce8498ef544,6.4569550000896925,latency-e93eca8fd656.csv
2025-10-22T00:50:05.899451,grail,Bridge,30,True,cce8498ef544,5.075965999935761,latency-e93eca8fd656.csv
2025-10-22T00:50:06.410900,shrek,(standing,0,True,cce8498ef544,5.1985709999371466,latency-e93eca8fd656.csv
2025-10-22T00:50:06.922448,grail,Cleveland,3,True,cce8498ef544,4.578046999995422,latency-e93eca8fd656.csv
2025-10-22T00:50:07.436484,shrek,SHREK,433,True,cce8498ef544,5.293139000059455,latency-e93eca8fd656.csv
2025-10-22T00:50:07.947757,shrek,stairs,7,True,cce8498ef544,4.77538600000571,latency-e93eca8fd656.csv
2025-10-22T00:50:08.462394,shrek3,Arg,1,False,cce8498ef544,11.910046000025432,latency-e93eca8fd656.csv
2025-10-22T00:50:08.979787,grail,19Prince,0,True,cce8498ef544,5.635763000100269,latency-e93eca8fd656.csv
2025-10-22T00:50:09.491367,shrek3,PUSS,196,True,cce8498ef544,5.271542999935264,latency-e93eca8fd656.csv
2025-10-22T00:50:10.003024,shrek,your,49,True,cce8498ef544,6.033928999954696,latency-e93eca8fd656.csv
2025-10-22T00:50:10.516454,shrek,FIONA'S,3,True,cce8498ef544,6.095381000022826,latency-e93eca8fd656.csv
2025-10-22T00:50:11.028751,shrek3,OGRE,39,True,cce8498ef544,5.511353999963831,latency-e93eca8fd656.csv
2025-10-22T00:50:11.540498,grail,THREE-HEADED,8,True,cce8498ef544,5.673365999996349,latency-e93eca8fd656.csv
2025-10-22T00:50:12.051680,grail,music,21,False,cce8498ef544,10.431788999994753,latency-e93eca8fd656.csv
2025-10-22T00:50:12.567289,shrek3,decree,1,True,cce8498ef544,5.334460000085528,latency-e93eca8fd656.csv
2025-10-22T00:50:13.078842,shrek3,at,134,True,cce8498ef544,5.864685999995345,latency-e93eca8fd656.csv
2025-10-22T00:50:13.589681,shrek3,Hold,8,True,cce8498ef544,5.2702610000778805,latency-e93eca8fd656.csv
2025-10-22T00:50:14.101624,shrek3,ruby,1,True,cce8498ef544,9.159296000007089,latency-e93eca8fd656.csv
2025-10-22T00:50:14.617733,grail,19Prince,0,True,cce8498ef544,5.594811000037225,latency-e93eca8fd656.csv
2025-10-22T00:50:15.129600,shrek,DONKEY,320,True,cce8498ef544,8.669205000046531,latency-e93eca8fd656.csv
2025-10-22T00:50:15.646477,shrek,FIONA,211,True,cce8498ef544,5.243017999987387,latency-e93eca8fd656.csv
2025-10-22T00:50:16.157835,shrek,HOOD,13,False,cce8498ef544,10.127108000006046,latency-e93eca8fd656.csv
2025-10-22T00:50:16.673361,shrek,GUARD,25,True,cce8498ef544,5.463747000021613,latency-e93eca8fd656.csv
2025-10-22T00:50:17.185037,shrek,rising,1,True,cce8498ef544,5.236914999954934,latency-e93eca8fd656.csv
2025-10-22T00:50:17.695911,shrek3,bed,10,True,cce8498ef544,5.369985000015731,latency-e93eca8fd656.csv
2025-10-22T00:50:18.206482,grail,BEDEVERE,103,True,cce8498ef544,4.210424999996576,latency-e93eca8fd656.csv
2025-10-22T00:50:18.716711,shrek3,what,82,True,cce8498ef544,4.668265999953292,latency-e93eca8fd656.csv
2025-10-22T00:50:19.226324,grail,are,114,True,cce8498ef544,5.427595000014662,latency-e93eca8fd656.csv
2025-10-22T00:50:19.736799,shrek3,SCHOOL,14,False,cce8498ef544,11.23776600002202,latency-e93eca8fd656.csv
2025-10-22T00:50:20.252736,shrek,whole,10,True,cce8498ef544,3.958474000000933,latency-e93eca8fd656.csv
2025-10-22T00:50:20.761562,grail,them,41,True,cce8498ef544,5.712628999958724,latency-e93eca8fd656.csv
2025-10-22T00:50:21.272387,shrek,I,386,True,cce8498ef544,4.4120009999915055,latency-e93eca8fd656.csv
2025-10-22T00:50:21.782688,grail,to,718,True,cce8498ef544,5.10788600001888,latency-e93eca8fd656.csv
2025-10-22T00:50:22.292719,shrek,FARQUAAD,84,True,cce8498ef544,4.711942000085401,latency-e93eca8fd656.csv
2025-10-22T00:50:22.802228,grail,since,10,True,cce8498ef544,4.447692999974606,latency-e93eca8fd656.csv
2025-10-22T00:50:23.316429,shrek3,TO,511,True,cce8498ef544,4.864553999937016,latency-e93eca8fd656.csv
2025-10-22T00:50:23.826448,shrek3,PRINCE,207,True,cce8498ef544,5.502795999973387,latency-e93eca8fd656.csv
2025-10-22T00:50:24.336963,shrek3,"Bay""",0,True,cce8498ef544,4.6874980000666255,latency-e93eca8fd656.csv
2025-10-22T00:50:24.847597,shrek3,WOLF,7,True,cce8498ef544,7.409752000057779,latency-e93eca8fd656.csv
2025-10-22T00:50:25.377114,shrek3,with,112,True,3235342dfdf1,4.67752700001256,latency-e93eca8fd656.csv
2025-10-22T00:50:25.888310,shrek3,fall,6,True,1ae65fa4046a,6.28281000001607,latency-e93eca8fd656.csv
2025-10-22T00:50:26.400887,shrek,GUARD,25,True,1ae65fa4046a,5.800205000014103,latency-e93eca8fd656.csv
2025-10-22T00:50:26.912282,shrek,minute,3,True,1ae65fa4046a,5.655170999943948,latency-e93eca8fd656.csv
2025-10-22T00:50:27.423402,grail,are,114,True,3235342dfdf1,5.166043999906833,latency-e93eca8fd656.csv
2025-10-22T00:50:27.935276,shrek3,CAPTAIN,41,True,3235342dfdf1,2550.872940999966,latency-e93eca8fd656.csv
2025-10-22T00:50:30.991109,grail,and,722,True,3235342dfdf1,4.375022000090212,latency-e93eca8fd656.csv
2025-10-22T00:50:31.500389,shrek,don't,72,True,3235342dfdf1,3.484786000058193,latency-e93eca8fd656.csv
2025-10-22T00:50:32.008745,shrek3,Donkey,243,True,3235342dfdf1,3.811029000075905,latency-e93eca8fd656.csv
2025-10-22T00:50:32.517276,grail,LTD,6,True,3235342dfdf1,4.752917000018897,latency-e93eca8fd656.csv
2025-10-22T00:50:33.027087,shrek3,us,12,True,3235342dfdf1,3.973982000047727,latency-e93eca8fd656.csv
2025-10-22T00:50:33.535664,shrek,FIONA,211,True,1ae65fa4046a,4.342233999977907,latency-e93eca8fd656.csv
2025-10-22T00:50:34.045847,shrek,one,44,True,3235342dfdf1,4.657049999991614,latency-e93eca8fd656.csv
2025-10-22T00:50:34.556893,shrek,I,386,True,3235342dfdf1,4.579770000077588,latency-e93eca8fd656.csv
2025-10-22T00:50:35.067402,shrek,after,10,True,1ae65fa4046a,7.34971500003212,latency-e93eca8fd656.csv
2025-10-22T00:50:35.592812,shrek,happily,2,True,3235342dfdf1,7.422199000075125,latency-e93eca8fd656.csv
2025-10-22T00:50:36.108180,shrek,DONKEY,320,True,3235342dfdf1,7.4607990000004065,latency-e93eca8fd656.csv
2025-10-22T00:50:36.625042,grail,the,1600,True,3235342dfdf1,8.47163499997805,latency-e93eca8fd656.csv
2025-10-22T00:50:37.140950,shrek3,Im,1,True,3235342dfdf1,5.835738999962814,latency-e93eca8fd656.csv
2025-10-22T00:50:37.655392,shrek3,Gingerbread,37,True,3235342dfdf1,6.009188000007271,latency-e93eca8fd656.csv
2025-10-22T00:50:38.168520,shrek3,ARTIE,213,True,3235342dfdf1,4.739794999977676,latency-e93eca8fd656.csv
2025-10-22T00:50:38.679271,shrek,DONKEY,320,True,3235342dfdf1,6.048771999985547,latency-e93eca8fd656.csv
2025-10-22T00:50:39.191952,shrek3,BOAT,32,True,3235342dfdf1,5.600444999913634,latency-e93eca8fd656.csv
2025-10-22T00:50:39.706658,shrek,Shrek,433,True,3235342dfdf1,5.941280000001825,latency-e93eca8fd656.csv
2025-10-22T00:50:40.221140,shrek,SHREK,433,True,3235342dfdf1,7.124187000044913,latency-e93eca8fd656.csv
2025-10-22T00:50:40.736359,shrek3,them,44,True,3235342dfdf1,7.982580999964739,latency-e93eca8fd656.csv
2025-10-22T00:50:41.251785,shrek3,Gingerbread,37,True,3235342dfdf1,6.867430000056629,latency-e93eca8fd656.csv
2025-10-22T00:50:41.765808,grail,on,139,True,3235342dfdf1,5.624379000096269,latency-e93eca8fd656.csv
2025-10-22T00:50:42.280508,grail,from,94,True,3235342dfdf1,6.305964000034692,latency-e93eca8fd656.csv
2025-10-22T00:50:42.794624,shrek3,EVIL,59,True,3235342dfdf1,5.599538999945253,latency-e93eca8fd656.csv
2025-10-22T00:50:43.309523,shrek,MAN,38,True,3235342dfdf1,8.952961000090909,latency-e93eca8fd656.csv
2025-10-22T00:50:43.825233,grail,grabbing,5,True,3235342dfdf1,6.674301999964882,latency-e93eca8fd656.csv
2025-10-22T00:50:44.339570,shrek,rising,1,True,3235342dfdf1,7.098756000004869,latency-e93eca8fd656.csv
2025-10-22T00:50:44.854513,shrek,cottage,4,True,3235342dfdf1,8.890842000027988,latency-e93eca8fd656.csv
2025-10-22T00:50:45.373228,grail,Gallahad,44,True,3235342dfdf1,7.320723000020735,latency-e93eca8fd656.csv
2025-10-22T00:50:45.886400,shrek,HOOD,13,True,3235342dfdf1,5.143279999970218,latency-e93eca8fd656.csv
2025-10-22T00:50:46.396870,shrek3,PRINCE,207,True,3235342dfdf1,5.0582400000394045,latency-e93eca8fd656.csv
2025-10-22T00:50:46.907838,grail,the,1600,True,3235342dfdf1,5.3392840000014985,latency-e93eca8fd656.csv
2025-10-22T00:50:47.419474,shrek3,bed,10,True,3235342dfdf1,5.480915000021014,latency-e93eca8fd656.csv
2025-10-22T00:50:47.930451,grail,is,317,True,3235342dfdf1,4.843288000074608,latency-e93eca8fd656.csv
2025-10-22T00:50:48.442100,shrek,this,79,True,3235342dfdf1,5.110450999950444,latency-e93eca8fd656.csv
2025-10-22T00:50:48.953251,grail,of,684,True,3235342dfdf1,5.418644999963362,latency-e93eca8fd656.csv
2025-10-22T00:50:49.464576,shrek3,WHITE,45,True,3235342dfdf1,5.398215000013806,latency-e93eca8fd656.csv
2025-10-22T00:50:49.976019,shrek3,SHREK,678,True,3235342dfdf1,5.009957999959624,latency-e93eca8fd656.csv
2025-10-22T00:50:50.487239,shrek3,ruby,1,True,3235342dfdf1,5.51529799997752,latency-e93eca8fd656.csv
2025-10-22T00:50:50.999560,shrek,happily,2,True,3235342dfdf1,6.268470000009074,latency-e93eca8fd656.csv
2025-10-22T00:50:51.512309,grail,Jones,7,True,3235342dfdf1,8.213178999994852,latency-e93eca8fd656.csv
2025-10-22T00:50:52.034847,shrek,Nobody,4,True,3235342dfdf1,5.861951999918347,latency-e93eca8fd656.csv
2025-10-22T00:50:52.546897,shrek,SHREK,433,True,3235342dfdf1,6.213028000047416,latency-e93eca8fd656.csv
2025-10-22T00:50:53.060470,shrek3,OGRE,39,True,3235342dfdf1,6.111433000000943,latency-e93eca8fd656.csv
2025-10-22T00:50:53.572867,grail,GALAHAD,87,True,3235342dfdf1,4.957184999966557,latency-e93eca8fd656.csv
2025-10-22T00:50:54.084082,shrek3,dat,1,False,3235342dfdf1,15.332860000057735,latency-e93eca8fd656.csv
2025-10-22T00:50:54.606285,shrek3,the,1285,True,3235342dfdf1,6.36669499999698,latency-e93eca8fd656.csv
2025-10-22T00:50:55.120048,shrek3,ho,8,True,3235342dfdf1,11.283164000019497,latency-e93eca8fd656.csv
2025-10-22T00:50:55.642547,grail,Boom,4,True,1ae65fa4046a,2649.1963080000005,latency-e93eca8fd656.csv
2025-10-22T00:50:58.797210,grail,Footnote,4,True,1ae65fa4046a,5.180823999921813,latency-e93eca8fd656.csv
2025-10-22T00:50:59.308295,shrek3,Guards,23,True,1ae65fa4046a,5.345070000089436,latency-e93eca8fd656.csv
2025-10-22T00:50:59.820002,grail,Yeah,13,True,1ae65fa4046a,4.874404999895887,latency-e93eca8fd656.csv
2025-10-22T00:51:00.330262,shrek3,ARTIE,213,True,1ae65fa4046a,5.534316999955991,latency-e93eca8fd656.csv
2025-10-22T00:51:00.841739,shrek3,time,23,True,1ae65fa4046a,6.149168999968424,latency-e93eca8fd656.csv
2025-10-22T00:51:01.355440,grail,toward,10,True,1ae65fa4046a,5.567993999989085,latency-e93eca8fd656.csv
2025-10-22T00:51:01.866539,grail,the,1600,True,1ae65fa4046a,4.633765999983552,latency-e93eca8fd656.csv
2025-10-22T00:51:02.376675,shrek3,field,3,True,1ae65fa4046a,4.7904709999784245,latency-e93eca8fd656.csv
2025-10-22T00:51:02.886808,shrek,and,318,True,1ae65fa4046a,5.08545899992896,latency-e93eca8fd656.csv
2025-10-22T00:51:03.397897,shrek,not,50,True,1ae65fa4046a,5.082313000002614,latency-e93eca8fd656.csv
2025-10-22T00:51:03.908680,grail,the,1600,True,1ae65fa4046a,5.173980999984451,latency-e93eca8fd656.csv
2025-10-22T00:51:04.419834,shrek,to,268,True,1ae65fa4046a,4.853782000054707,latency-e93eca8fd656.csv
2025-10-22T00:51:04.930210,shrek,gone,3,True,1ae65fa4046a,8.536047999996299,latency-e93eca8fd656.csv
2025-10-22T00:51:05.446912,shrek3,Be,71,True,1ae65fa4046a,5.0896789999796965,latency-e93eca8fd656.csv
2025-10-22T00:51:05.957926,grail,for,118,True,1ae65fa4046a,5.499887999917519,latency-e93eca8fd656.csv
2025-10-22T00:51:06.469081,grail,the,1600,True,1ae65fa4046a,5.148496000060732,latency-e93eca8fd656.csv
2025-10-22T00:51:06.979953,grail,"lute,",0,True,1ae65fa4046a,5.558110000038141,latency-e93eca8fd656.csv
2025-10-22T00:51:07.491741,shrek3,the,1285,True,1ae65fa4046a,5.758487000093737,latency-e93eca8fd656.csv
2025-10-22T00:51:08.003158,grail,the,1600,True,1ae65fa4046a,5.233426000017971,latency-e93eca8fd656.csv
2025-10-22T00:51:08.513919,grail,upon,13,True,1ae65fa4046a,5.033438000054957,latency-e93eca8fd656.csv
2025-10-22T00:51:09.024690,grail,with/,0,True,1ae65fa4046a,4.675204000022859,latency-e93eca8fd656.csv
2025-10-22T00:51:09.534644,grail,pseudonym,1,True,1ae65fa4046a,4.575298000077055,latency-e93eca8fd656.csv
2025-10-22T00:51:10.044838,shrek,MAN,38,True,1ae65fa4046a,5.625660000077914,latency-e93eca8fd656.csv
2025-10-22T00:51:10.556244,grail,seek,12,True,1ae65fa4046a,5.101420999949369,latency-e93eca8fd656.csv
2025-10-22T00:51:11.066205,grail,upon,13,True,1ae65fa4046a,4.912735999937468,latency-e93eca8fd656.csv
2025-10-22T00:51:11.576285,shrek3,get,39,True,1ae65fa4046a,5.048765000083222,latency-e93eca8fd656.csv
2025-10-22T00:51:12.086290,shrek3,reason,2,False,1ae65fa4046a,11.239682999985234,latency-e93eca8fd656.csv
2025-10-22T00:51:12.604475,shrek3,glass,9,True,1ae65fa4046a,4.2412730000478405,latency-e93eca8fd656.csv
2025-10-22T00:51:13.114749,shrek,the,535,True,1ae65fa4046a,4.713882999908492,latency-e93eca8fd656.csv
2025-10-22T00:51:13.624790,grail,for,118,True,1ae65fa4046a,7.145389000015712,latency-e93eca8fd656.csv
2025-10-22T00:51:14.139103,shrek,true,20,True,1ae65fa4046a,5.452977999993891,latency-e93eca8fd656.csv
2025-10-22T00:51:14.650534,grail,Rostmm,1,True,1ae65fa4046a,6.216719999997622,latency-e93eca8fd656.csv
2025-10-22T00:51:15.163108,shrek3,Third,121,True,1ae65fa4046a,12.517622000018491,latency-e93eca8fd656.csv
2025-10-22T00:51:15.684298,grail,king,136,True,1ae65fa4046a,6.224664999990637,latency-e93eca8fd656.csv
2025-10-22T00:51:16.195921,grail,pretty,7,True,1ae65fa4046a,6.4505139999937455,latency-e93eca8fd656.csv
2025-10-22T00:51:16.708182,shrek3,of,275,True,1ae65fa4046a,7.302760000015951,latency-e93eca8fd656.csv
2025-10-22T00:51:17.221898,shrek3,SHREK,678,True,1ae65fa4046a,5.584311000006892,latency-e93eca8fd656.csv
2025-10-22T00:51:17.732757,shrek3,and,576,True,1ae65fa4046a,5.942247000007228,latency-e93eca8fd656.csv
2025-10-22T00:51:18.243794,shrek3,fall,6,True,1ae65fa4046a,6.6866209999716375,latency-e93eca8fd656.csv
2025-10-22T00:51:18.756476,shrek3,of,275,True,cce8498ef544,6.272277000107351,latency-e93eca8fd656.csv
2025-10-22T00:51:19.269350,grail,the,1600,True,cce8498ef544,8.338165000054687,latency-e93eca8fd656.csv
2025-10-22T00:51:19.784415,shrek3,showing,1,True,cce8498ef544,6.284111000013581,latency-e93eca8fd656.csv
2025-10-22T00:51:20.296309,shrek,FIONA,211,True,cce8498ef544,6.9780339999852,latency-e93eca8fd656.csv
2025-10-22T00:51:20.808513,grail,the,1600,True,cce8498ef544,5.672594999964531,latency-e93eca8fd656.csv
2025-10-22T00:51:21.320687,shrek3,TO,511,True,cce8498ef544,5.340305999993689,latency-e93eca8fd656.csv
2025-10-22T00:51:21.832059,shrek,(standing,0,True,cce8498ef544,6.005076999940684,latency-e93eca8fd656.csv
2025-10-22T00:51:22.344238,grail,cross,13,True,cce8498ef544,6.811193000089588,latency-e93eca8fd656.csv
2025-10-22T00:51:22.857686,shrek,GORDO,5,True,cce8498ef544,7.40473700000166,latency-e93eca8fd656.csv
2025-10-22T00:51:23.371897,shrek,Nobody,4,True,cce8498ef544,6.594408000069052,latency-e93eca8fd656.csv
2025-10-22T00:51:23.884885,shrek,its,1,True,cce8498ef544,8.401036000009299,latency-e93eca8fd656.csv
2025-10-22T00:51:24.398521,grail,pretty,7,True,3235342dfdf1,9.545956000010849,latency-e93eca8fd656.csv
2025-10-22T00:51:24.916705,shrek3,SHREK,678,True,3235342dfdf1,32.44761999997081,latency-e93eca8fd656.csv
2025-10-22T00:51:25.461685,shrek,No,114,True,cce8498ef544,10.034917999973914,latency-e93eca8fd656.csv
2025-10-22T00:51:25.980576,shrek3,Hold,8,True,cce8498ef544,5.395208000095408,latency-e93eca8fd656.csv
2025-10-22T00:51:26.493233,shrek3,bed,10,True,cce8498ef544,6.742476999988867,latency-e93eca8fd656.csv
2025-10-22T00:51:27.007504,grail,it,279,True,cce8498ef544,4.8639000000321175,latency-e93eca8fd656.csv
2025-10-22T00:51:27.519751,shrek3,fall,6,True,cce8498ef544,5.0113769999597935,latency-e93eca8fd656.csv
2025-10-22T00:51:28.031836,shrek3,CHARMING,232,True,cce8498ef544,5.186238999954185,latency-e93eca8fd656.csv
2025-10-22T00:51:28.544832,shrek,HOOD,13,True,cce8498ef544,4.966258999957063,latency-e93eca8fd656.csv
2025-10-22T00:51:29.054647,grail,"Oh,",2,True,cce8498ef544,4.498753000007127,latency-e93eca8fd656.csv
2025-10-22T00:51:29.564832,shrek,you,409,True,cce8498ef544,4.463710999971227,latency-e93eca8fd656.csv
2025-10-22T00:51:30.075675,shrek,whole,10,True,cce8498ef544,4.787014999919848,latency-e93eca8fd656.csv
2025-10-22T00:51:30.585994,shrek3,field,3,True,cce8498ef544,5.712768999956097,latency-e93eca8fd656.csv
2025-10-22T00:51:31.097374,shrek3,"Suddenly,",0,True,3235342dfdf1,7.158318000051622,latency-e93eca8fd656.csv
2025-10-22T00:51:31.610460,shrek,Is,132,True,cce8498ef544,6.022497999992993,latency-e93eca8fd656.csv
2025-10-22T00:51:32.121225,shrek,cottage,4,True,3235342dfdf1,7.190942000079303,latency-e93eca8fd656.csv
2025-10-22T00:51:32.633678,shrek3,Whoa,7,True,3235342dfdf1,6.139492999977847,latency-e93eca8fd656.csv
2025-10-22T00:51:33.147263,shrek,FIONA,211,True,cce8498ef544,12.740365000013298,latency-e93eca8fd656.csv
2025-10-22T00:51:33.670039,shrek3,you,328,True,cce8498ef544,12.568309000016598,latency-e93eca8fd656.csv
2025-10-22T00:51:34.193178,grail,Launcelot,107,True,3235342dfdf1,7.449606000022868,latency-e93eca8fd656.csv
2025-10-22T00:51:34.711419,shrek3,the,1285,True,cce8498ef544,16.666206999957467,latency-e93eca8fd656.csv
2025-10-22T00:51:35.237569,shrek3,"meet""",0,True,3235342dfdf1,16.782110000008288,latency-e93eca8fd656.csv
2025-10-22T00:51:35.770521,shrek,fair,2,True,cce8498ef544,11.748332000024677,latency-e93eca8fd656.csv
2025-10-22T00:51:36.290562,shrek3,ruby,1,True,cce8498ef544,12.314377999928183,latency-e93eca8fd656.csv
2025-10-22T00:51:36.814255,grail,BEDEVERE,103,True,cce8498ef544,11.593818999926953,latency-e93eca8fd656.csv
2025-10-22T00:51:37.335233,grail,Jones,7,True,cce8498ef544,17.740356999979667,latency-e93eca8fd656.csv
2025-10-22T00:51:37.876911,shrek3,Im,1,True,cce8498ef544,12.011051000058616,latency-e93eca8fd656.csv
2025-10-22T00:51:38.400105,grail,upon,13,True,3235342dfdf1,7.302267999989453,latency-e93eca8fd656.csv
2025-10-22T00:51:38.913949,shrek3,me,72,True,cce8498ef544,5.966673999978411,latency-e93eca8fd656.csv
2025-10-22T00:51:39.425894,shrek3,Be,71,True,cce8498ef544,6.418370999995204,latency-e93eca8fd656.csv
2025-10-22T00:51:39.938713,shrek3,PRINCE,207,True,cce8498ef544,6.273318000012296,latency-e93eca8fd656.csv
2025-10-22T00:51:40.452219,grail,the,1600,True,3235342dfdf1,9.211429999936628,latency-e93eca8fd656.csv
2025-10-22T00:51:40.971375,shrek,(standing,0,True,cce8498ef544,7.01543100001345,latency-e93eca8fd656.csv
2025-10-22T00:51:41.487687,grail,of,684,True,cce8498ef544,5.585741999993843,latency-e93eca8fd656.csv
2025-10-22T00:51:42.000382,shrek,whistles,2,True,3235342dfdf1,10.23922499996388,latency-e93eca8fd656.csv
2025-10-22T00:51:42.519394,shrek,you,409,True,cce8498ef544,9.771833000058905,latency-e93eca8fd656.csv
2025-10-22T00:51:43.037773,shrek3,them,44,True,3235342dfdf1,8.23852700000316,latency-e93eca8fd656.csv
2025-10-22T00:51:43.556007,grail,Who’s,3,True,3235342dfdf1,10.536369000078594,latency-e93eca8fd656.csv
2025-10-22T00:51:44.076070,shrek3,bed,10,True,3235342dfdf1,7.079083999997238,latency-e93eca8fd656.csv
2025-10-22T00:51:44.589513,grail,G,6,True,cce8498ef544,7.948332000069058,latency-e93eca8fd656.csv
2025-10-22T00:51:45.106061,shrek3,him,87,True,cce8498ef544,11.970607000080236,latency-e93eca8fd656.csv
2025-10-22T00:51:45.637960,shrek3,you,328,True,3235342dfdf1,5.156885000019429,latency-e93eca8fd656.csv
2025-10-22T00:51:46.148473,shrek3,true,1,True,3235342dfdf1,5.149028999994698,latency-e93eca8fd656.csv
2025-10-22T00:51:46.659784,grail,"collective,",0,True,3235342dfdf1,5.6422010000005685,latency-e93eca8fd656.csv
2025-10-22T00:51:47.170808,shrek,who,29,True,3235342dfdf1,4.644200000029741,latency-e93eca8fd656.csv
2025-10-22T00:51:47.681780,grail,witch,30,True,cce8498ef544,6.312573999935012,latency-e93eca8fd656.csv
2025-10-22T00:51:48.194729,grail,the,1600,True,cce8498ef544,9.288366999953723,latency-e93eca8fd656.csv
2025-10-22T00:51:48.710238,shrek,DONKEY,320,True,cce8498ef544,7.13966699993307,latency-e93eca8fd656.csv
2025-10-22T00:51:49.225885,shrek3,Third,121,True,cce8498ef544,7.740709000017887,latency-e93eca8fd656.csv
2025-10-22T00:51:49.741163,shrek3,WHITE,45,True,cce8498ef544,7.718135000004622,latency-e93eca8fd656.csv
2025-10-22T00:51:50.255979,shrek3,"Suddenly,",0,True,cce8498ef544,8.76577000008183,latency-e93eca8fd656.csv
2025-10-22T00:49:55.209360,shrek3,116,1,True,cce8498ef544,7.286272999976973,latency-f03de4e8d27c.csv
2025-10-22T00:49:55.725254,shrek3,of,275,False,cce8498ef544,13.013600000022052,latency-f03de4e8d27c.csv
2025-10-22T00:49:56.245318,shrek3,BOAT,32,False,cce8498ef544,9.8951740000075,latency-f03de4e8d27c.csv
2025-10-22T00:49:56.762017,grail,To,718,False,cce8498ef544,8.95797299995138,latency-f03de4e8d27c.csv
2025-10-22T00:49:57.276358,grail,"Peng,",0,False,cce8498ef544,8.360960000004525,latency-f03de4e8d27c.csv
2025-10-22T00:49:57.789636,grail,pretty,7,True,cce8498ef544,5.722417000015412,latency-f03de4e8d27c.csv
2025-10-22T00:49:58.307256,grail,since,10,False,cce8498ef544,10.146130999942216,latency-f03de4e8d27c.csv
2025-10-22T00:49:58.823573,shrek3,EVIL,59,False,cce8498ef544,10.003482000001895,latency-f03de4e8d27c.csv
2025-10-22T00:49:59.340163,shrek3,"Bay""",0,False,cce8498ef544,10.925521999979535,latency-f03de4e8d27c.csv
2025-10-22T00:49:59.857581,shrek3,time,23,True,cce8498ef544,4.51482699997996,latency-f03de4e8d27c.csv
2025-10-22T00:50:00.368207,shrek,whistles,2,True,cce8498ef544,4.872416000011981,latency-f03de4e8d27c.csv
2025-10-22T00:50:00.879116,grail,them,41,False,cce8498ef544,9.2462060000571,latency-f03de4e8d27c.csv
2025-10-22T00:50:01.394348,grail,king,136,True,cce8498ef544,4.189792000033776,latency-f03de4e8d27c.csv
2025-10-22T00:50:01.904891,shrek,(standing,0,False,cce8498ef544,9.007348999944044,latency-f03de4e8d27c.csv
2025-10-22T00:50:02.419908,grail,the,1600,True,cce8498ef544,4.491581999900518,latency-f03de4e8d27c.csv
2025-10-22T00:50:02.930592,grail,Aaaaugh,9,True,cce8498ef544,4.472155000030398,latency-f03de4e8d27c.csv
2025-10-22T00:50:03.441167,shrek,on,88,False,cce8498ef544,8.734611000022596,latency-f03de4e8d27c.csv
2025-10-22T00:50:03.955853,grail,upon,13,True,cce8498ef544,4.796676000069056,latency-f03de4e8d27c.csv
2025-10-22T00:50:04.467022,grail,Bum,13,False,cce8498ef544,10.7477280000694,latency-f03de4e8d27c.csv
2025-10-22T00:50:04.984606,shrek,don't,72,True,cce8498ef544,7.439150999971389,latency-f03de4e8d27c.csv
2025-10-22T00:50:05.503691,grail,few,8,False,cce8498ef544,9.937838000041666,latency-f03de4e8d27c.csv
2025-10-22T00:50:06.020464,shrek,happily,2,False,cce8498ef544,9.59343500005616,latency-f03de4e8d27c.csv
2025-10-22T00:50:06.535967,shrek3,Im,1,True,cce8498ef544,4.80356999992182,latency-f03de4e8d27c.csv
2025-10-22T00:50:07.046608,grail,chops,3,True,cce8498ef544,4.5429079999621536,latency-f03de4e8d27c.csv
2025-10-22T00:50:07.557269,shrek,SHREK,433,True,cce8498ef544,4.827725999916765,latency-f03de4e8d27c.csv
2025-10-22T00:50:08.067861,grail,Michael,11,True,cce8498ef544,4.204264999998486,latency-f03de4e8d27c.csv
2025-10-22T00:50:08.577789,shrek3,supposed,11,False,cce8498ef544,10.72149599997374,latency-f03de4e8d27c.csv
2025-10-22T00:50:09.095574,shrek3,They,80,False,cce8498ef544,10.86861900000713,latency-f03de4e8d27c.csv
2025-10-22T00:50:09.612489,grail,the,1600,True,cce8498ef544,4.966663999994125,latency-f03de4e8d27c.csv
2025-10-22T00:50:10.123531,shrek3,toward,14,True,cce8498ef544,4.680893999989166,latency-f03de4e8d27c.csv
2025-10-22T00:50:10.634343,shrek,after,10,True,cce8498ef544,4.867473000103928,latency-f03de4e8d27c.csv
2025-10-22T00:50:11.145263,grail,toward,10,False,cce8498ef544,9.201179000001504,latency-f03de4e8d27c.csv
2025-10-22T00:50:11.660421,grail,Footnote,4,False,cce8498ef544,9.588395000037051,latency-f03de4e8d27c.csv
2025-10-22T00:50:12.176408,grail,ANOTHER,25,False,cce8498ef544,8.833019999997305,latency-f03de4e8d27c.csv
2025-10-22T00:50:12.691408,shrek,What,104,False,cce8498ef544,9.738052999978208,latency-f03de4e8d27c.csv
2025-10-22T00:50:13.207250,shrek3,you,328,False,cce8498ef544,11.741946000029202,latency-f03de4e8d27c.csv
2025-10-22T00:50:13.724066,shrek,GORDO,5,True,cce8498ef544,4.4501769999669705,latency-f03de4e8d27c.csv
2025-10-22T00:50:14.235311,shrek3,the,1285,True,cce8498ef544,5.876639000007344,latency-f03de4e8d27c.csv
2025-10-22T00:50:14.746889,shrek3,flaming,2,True,cce8498ef544,4.796800000008261,latency-f03de4e8d27c.csv
2025-10-22T00:50:15.257197,shrek,SHREK,433,True,cce8498ef544,6.650511999964692,latency-f03de4e8d27c.csv
2025-10-22T00:50:15.772972,grail,LTD,6,True,cce8498ef544,4.713077999895177,latency-f03de4e8d27c.csv
2025-10-22T00:50:16.283541,shrek3,the,1285,True,cce8498ef544,4.458937999970658,latency-f03de4e8d27c.csv
2025-10-22T00:50:16.793764,grail,right,66,True,cce8498ef544,4.942834000075891,latency-f03de4e8d27c.csv
2025-10-22T00:50:17.305525,shrek,Is,132,False,cce8498ef544,9.183102999941184,latency-f03de4e8d27c.csv
2025-10-22T00:50:17.820516,shrek3,PUSS,196,True,cce8498ef544,5.227656999977626,latency-f03de4e8d27c.csv
2025-10-22T00:50:18.332140,shrek,ogre,27,True,cce8498ef544,4.594937999968352,latency-f03de4e8d27c.csv
2025-10-22T00:50:18.842711,shrek3,Arg,1,True,cce8498ef544,5.043439000019134,latency-f03de4e8d27c.csv
2025-10-22T00:50:19.353544,shrek,SHREK,433,True,cce8498ef544,4.724049000060404,latency-f03de4e8d27c.csv
2025-10-22T00:50:19.863924,shrek,I,386,True,cce8498ef544,4.163133000020025,latency-f03de4e8d27c.csv
2025-10-22T00:50:20.373051,grail,Tm,5,True,cce8498ef544,4.162341000096603,latency-f03de4e8d27c.csv
2025-10-22T00:50:20.882811,shrek,its,1,True,cce8498ef544,4.179797000006147,latency-f03de4e8d27c.csv
2025-10-22T00:50:21.392015,shrek,SHREK,433,True,cce8498ef544,4.457521999938763,latency-f03de4e8d27c.csv
2025-10-22T00:50:21.902023,grail,Who’s,3,True,cce8498ef544,4.775644000005741,latency-f03de4e8d27c.csv
2025-10-22T00:50:22.413120,shrek,MAN,38,False,cce8498ef544,9.189300999992156,latency-f03de4e8d27c.csv
2025-10-22T00:50:22.928592,shrek,DONKEY,320,True,cce8498ef544,4.746877999991739,latency-f03de4e8d27c.csv
2025-10-22T00:50:23.439479,shrek3,wont,0,True,cce8498ef544,4.989967999904366,latency-f03de4e8d27c.csv
2025-10-22T00:50:23.950750,shrek,But,73,False,cce8498ef544,9.452667999994446,latency-f03de4e8d27c.csv
2025-10-22T00:50:24.466203,shrek,after,10,True,cce8498ef544,4.985326999985773,latency-f03de4e8d27c.csv
2025-10-22T00:50:24.977613,shrek3,MERLIN,73,True,cce8498ef544,7.486370000037823,latency-f03de4e8d27c.csv
2025-10-22T00:50:25.492584,shrek3,get,39,True,cce8498ef544,4.861396000023888,latency-f03de4e8d27c.csv
2025-10-22T00:50:26.003595,shrek,baby,3,False,cce8498ef544,9.564620999981344,latency-f03de4e8d27c.csv
2025-10-22T00:50:26.519582,shrek,Is,132,True,cce8498ef544,5.335609999974622,latency-f03de4e8d27c.csv
2025-10-22T00:50:27.030722,shrek,I,386,True,cce8498ef544,4.764201999932993,latency-f03de4e8d27c.csv
2025-10-22T00:50:27.541456,shrek,Is,132,True,cce8498ef544,4.9534279999079445,latency-f03de4e8d27c.csv
2025-10-22T00:50:28.053110,shrek3,Donkey,243,True,3235342dfdf1,2550.3736739999567,latency-f03de4e8d27c.csv
2025-10-22T00:50:31.109163,shrek3,Cinderella,21,True,3235342dfdf1,5.037551999976131,latency-f03de4e8d27c.csv
2025-10-22T00:50:31.620069,shrek3,2,8,True,3235342dfdf1,4.6817859999919165,latency-f03de4e8d27c.csv
2025-10-22T00:50:32.130607,shrek,Shrek,433,True,3235342dfdf1,4.704758999992009,latency-f03de4e8d27c.csv
2025-10-22T00:50:32.641429,shrek,you,409,True,3235342dfdf1,4.68740799999523,latency-f03de4e8d27c.csv
2025-10-22T00:50:33.151894,shrek,I,386,True,3235342dfdf1,5.044214999998076,latency-f03de4e8d27c.csv
2025-10-22T00:50:33.662497,shrek3,Im,1,True,3235342dfdf1,4.551274999926136,latency-f03de4e8d27c.csv
2025-10-22T00:50:34.174044,shrek,And,318,True,3235342dfdf1,5.361915999969824,latency-f03de4e8d27c.csv
2025-10-22T00:50:34.685380,shrek,at,62,True,3235342dfdf1,4.497571000001699,latency-f03de4e8d27c.csv
2025-10-22T00:50:35.200694,grail,Cleese,10,False,3235342dfdf1,21.285644999920805,latency-f03de4e8d27c.csv
2025-10-22T00:50:35.729690,shrek3,cues,3,True,3235342dfdf1,4.022340999995322,latency-f03de4e8d27c.csv
2025-10-22T00:50:36.238946,grail,at,104,True,3235342dfdf1,4.540563999967162,latency-f03de4e8d27c.csv
2025-10-22T00:50:36.748819,shrek,What,104,True,3235342dfdf1,4.033318999972835,latency-f03de4e8d27c.csv
2025-10-22T00:50:37.257711,grail,“I,0,True,3235342dfdf1,4.12238800004161,latency-f03de4e8d27c.csv
2025-10-22T00:50:37.766489,shrek3,BOAT,32,True,3235342dfdf1,4.409800999951585,latency-f03de4e8d27c.csv
2025-10-22T00:50:38.276664,shrek,after,10,True,3235342dfdf1,4.127166999978726,latency-f03de4e8d27c.csv
2025-10-22T00:50:38.785966,shrek3,SHREK,678,True,3235342dfdf1,3.757086999939929,latency-f03de4e8d27c.csv
2025-10-22T00:50:39.294439,grail,and,722,True,3235342dfdf1,3.726467999968008,latency-f03de4e8d27c.csv
2025-10-22T00:50:39.802892,shrek,whistles,2,True,3235342dfdf1,4.475886000022911,latency-f03de4e8d27c.csv
2025-10-22T00:50:40.312136,shrek,he,118,True,1ae65fa4046a,4.9091379999026685,latency-f03de4e8d27c.csv
2025-10-22T00:50:40.822492,grail,rows,1,True,1ae65fa4046a,4.906250999965778,latency-f03de4e8d27c.csv
2025-10-22T00:50:41.332851,shrek3,WOLF,7,True,1ae65fa4046a,4.621200999963548,latency-f03de4e8d27c.csv
2025-10-22T00:50:41.842882,shrek,No,114,True,1ae65fa4046a,4.129121999994823,latency-f03de4e8d27c.csv
2025-10-22T00:50:42.352840,grail,is,317,True,3235342dfdf1,5.919840000046861,latency-f03de4e8d27c.csv
2025-10-22T00:50:42.869486,shrek,afraid,8,True,3235342dfdf1,6.744722999997066,latency-f03de4e8d27c.csv
2025-10-22T00:50:43.385633,grail,3,18,True,3235342dfdf1,6.635247999952298,latency-f03de4e8d27c.csv
2025-10-22T00:50:43.898341,grail,ANOTHER,25,True,3235342dfdf1,6.780030999948394,latency-f03de4e8d27c.csv
2025-10-22T00:50:44.416890,shrek,"Well,",0,True,3235342dfdf1,6.583288999991055,latency-f03de4e8d27c.csv
2025-10-22T00:50:44.931426,shrek3,an,51,True,3235342dfdf1,11.056085000063833,latency-f03de4e8d27c.csv
2025-10-22T00:50:45.463605,grail,lost,6,True,3235342dfdf1,6.6922539999723085,latency-f03de4e8d27c.csv
2025-10-22T00:50:45.976405,grail,-,259,True,3235342dfdf1,7.5723969999899055,latency-f03de4e8d27c.csv
2025-10-22T00:50:46.490071,shrek,SHREK,433,True,3235342dfdf1,6.946899000013218,latency-f03de4e8d27c.csv
2025-10-22T00:50:47.002247,grail,Guard,106,True,3235342dfdf1,7.162474999972801,latency-f03de4e8d27c.csv
2025-10-22T00:50:47.518078,shrek,help,5,True,3235342dfdf1,7.119354999986172,latency-f03de4e8d27c.csv
2025-10-22T00:50:48.031997,shrek3,EVIL,59,True,3235342dfdf1,6.542785999954504,latency-f03de4e8d27c.csv
2025-10-22T00:50:48.550405,shrek,placed,1,True,1ae65fa4046a,7.035436000023765,latency-f03de4e8d27c.csv
2025-10-22T00:50:49.064529,shrek,SHREK,433,True,1ae65fa4046a,6.886028000053557,latency-f03de4e8d27c.csv
2025-10-22T00:50:49.578861,grail,Guard,106,True,1ae65fa4046a,6.671033999964493,latency-f03de4e8d27c.csv
2025-10-22T00:50:50.092114,shrek3,an,51,True,1ae65fa4046a,5.219194999995125,latency-f03de4e8d27c.csv
2025-10-22T00:50:50.602831,shrek3,WHITE,45,True,1ae65fa4046a,8.752780000008897,latency-f03de4e8d27c.csv
2025-10-22T00:50:51.117989,grail,rows,1,True,1ae65fa4046a,8.01361599997108,latency-f03de4e8d27c.csv
2025-10-22T00:50:51.632701,shrek3,BOAT,32,True,1ae65fa4046a,6.18928300002608,latency-f03de4e8d27c.csv
2025-10-22T00:50:52.143974,shrek3,you,328,True,1ae65fa4046a,6.315493999977662,latency-f03de4e8d27c.csv
2025-10-22T00:50:52.656728,grail,Footnote,4,True,3235342dfdf1,5.119981999996526,latency-f03de4e8d27c.csv
2025-10-22T00:50:53.166996,grail,thus,5,True,3235342dfdf1,6.18205900002522,latency-f03de4e8d27c.csv
2025-10-22T00:50:53.678767,shrek,tale,7,False,3235342dfdf1,10.996976000001268,latency-f03de4e8d27c.csv
2025-10-22T00:50:54.195199,shrek,whistles,2,True,3235342dfdf1,7.248336999964522,latency-f03de4e8d27c.csv
2025-10-22T00:50:54.708937,shrek,its,1,True,3235342dfdf1,5.078029000060269,latency-f03de4e8d27c.csv
2025-10-22T00:50:55.221598,shrek,(standing,0,True,3235342dfdf1,10.327855000014097,latency-f03de4e8d27c.csv
2025-10-22T00:50:55.745087,shrek3,youre,0,True,1ae65fa4046a,2600.445442000023,latency-f03de4e8d27c.csv
2025-10-22T00:50:58.850874,shrek3,decree,1,True,1ae65fa4046a,4.734107999979642,latency-f03de4e8d27c.csv
2025-10-22T00:50:59.360649,shrek,after,10,True,1ae65fa4046a,5.491302999985237,latency-f03de4e8d27c.csv
2025-10-22T00:50:59.872031,grail,"Oh,",2,True,1ae65fa4046a,6.1856210000996725,latency-f03de4e8d27c.csv
2025-10-22T00:51:00.384202,shrek,INSIDE,16,True,1ae65fa4046a,5.021467000005941,latency-f03de4e8d27c.csv
2025-10-22T00:51:00.895526,grail,To,718,True,1ae65fa4046a,5.671824000046399,latency-f03de4e8d27c.csv
2025-10-22T00:51:01.407667,shrek3,fall,6,True,1ae65fa4046a,6.457414999999855,latency-f03de4e8d27c.csv
2025-10-22T00:51:01.920222,shrek3,PUSS,196,True,1ae65fa4046a,4.572225999936563,latency-f03de4e8d27c.csv
2025-10-22T00:51:02.430306,shrek,our,11,True,1ae65fa4046a,4.836207000039394,latency-f03de4e8d27c.csv
2025-10-22T00:51:02.940200,shrek3,PRINCE,207,True,1ae65fa4046a,5.10153100003663,latency-f03de4e8d27c.csv
2025-10-22T00:51:03.451233,shrek3,fall,6,True,1ae65fa4046a,4.782824000017172,latency-f03de4e8d27c.csv
2025-10-22T00:51:03.960922,shrek,to,268,True,1ae65fa4046a,4.075876000001699,latency-f03de4e8d27c.csv
2025-10-22T00:51:04.470331,shrek,He,118,True,1ae65fa4046a,4.228044999990743,latency-f03de4e8d27c.csv
2025-10-22T00:51:04.980358,shrek3,Uh,18,True,1ae65fa4046a,7.84737500009669,latency-f03de4e8d27c.csv
2025-10-22T00:51:05.520097,grail,king,136,True,1ae65fa4046a,3.882943000007799,latency-f03de4e8d27c.csv
2025-10-22T00:51:06.029024,grail,TV,2,True,1ae65fa4046a,3.712403000008635,latency-f03de4e8d27c.csv
2025-10-22T00:51:06.537560,grail,is,317,True,1ae65fa4046a,3.546001999893633,latency-f03de4e8d27c.csv
2025-10-22T00:51:07.045831,grail,LANCELOT,59,True,1ae65fa4046a,4.266795000035017,latency-f03de4e8d27c.csv
2025-10-22T00:51:07.555265,shrek3,did,14,True,1ae65fa4046a,4.490674999942712,latency-f03de4e8d27c.csv
2025-10-22T00:51:08.064981,grail,cross,13,True,1ae65fa4046a,5.595426000013504,latency-f03de4e8d27c.csv
2025-10-22T00:51:08.575741,shrek3,DONKEY,243,True,1ae65fa4046a,4.189140999983465,latency-f03de4e8d27c.csv
2025-10-22T00:51:09.084882,shrek3,SCHOOL,14,True,1ae65fa4046a,4.774661000055858,latency-f03de4e8d27c.csv
2025-10-22T00:51:09.594336,shrek3,Whoa,7,True,1ae65fa4046a,4.781604999948286,latency-f03de4e8d27c.csv
2025-10-22T00:51:10.104764,shrek,cottage,4,True,1ae65fa4046a,5.3808489999482845,latency-f03de4e8d27c.csv
2025-10-22T00:51:10.615798,grail,the,1600,True,1ae65fa4046a,5.516917000022659,latency-f03de4e8d27c.csv
2025-10-22T00:51:11.126362,grail,pathetic,4,True,1ae65fa4046a,4.746831000034035,latency-f03de4e8d27c.csv
2025-10-22T00:51:11.636636,grail,the,1600,True,1ae65fa4046a,5.2218969999557885,latency-f03de4e8d27c.csv
2025-10-22T00:51:12.147615,shrek,this,79,True,1ae65fa4046a,4.807238000012148,latency-f03de4e8d27c.csv
2025-10-22T00:51:12.658497,shrek3,true,1,True,1ae65fa4046a,5.9560519999877215,latency-f03de4e8d27c.csv
2025-10-22T00:51:13.170382,shrek3,CAPTAIN,41,True,1ae65fa4046a,5.348281999999927,latency-f03de4e8d27c.csv
2025-10-22T00:51:13.680673,shrek,Blah,1,True,1ae65fa4046a,5.382686999951147,latency-f03de4e8d27c.csv
2025-10-22T00:51:14.192118,shrek,rising,1,True,1ae65fa4046a,6.495585999914511,latency-f03de4e8d27c.csv
2025-10-22T00:51:14.704903,grail,the,1600,True,1ae65fa4046a,4.32918299998164,latency-f03de4e8d27c.csv
2025-10-22T00:51:15.214831,shrek,SHREK,433,True,1ae65fa4046a,7.816812999976719,latency-f03de4e8d27c.csv
2025-10-22T00:51:15.730737,shrek3,PUSS,196,True,1ae65fa4046a,5.866511000022001,latency-f03de4e8d27c.csv
2025-10-22T00:51:16.242668,grail,the,1600,True,1ae65fa4046a,7.602489999953832,latency-f03de4e8d27c.csv
2025-10-22T00:51:16.755198,shrek,you,409,True,1ae65fa4046a,4.416884999955073,latency-f03de4e8d27c.csv
2025-10-22T00:51:17.265279,shrek3,me,72,True,1ae65fa4046a,6.419641999968917,latency-f03de4e8d27c.csv
2025-10-22T00:51:17.777962,grail,Yeah,13,True,1ae65fa4046a,5.37175199997364,latency-f03de4e8d27c.csv
2025-10-22T00:51:18.288738,grail,are,114,True,1ae65fa4046a,4.752401000018836,latency-f03de4e8d27c.csv
2025-10-22T00:51:18.799064,grail,time,33,True,cce8498ef544,5.829930999993849,latency-f03de4e8d27c.csv
2025-10-22T00:51:19.311318,grail,pretty,7,True,cce8498ef544,5.067284000006112,latency-f03de4e8d27c.csv
2025-10-22T00:51:19.821732,shrek3,SCHOOL,14,True,cce8498ef544,4.988558000036392,latency-f03de4e8d27c.csv
2025-10-22T00:51:20.331964,grail,TV,2,True,cce8498ef544,5.342950999988716,latency-f03de4e8d27c.csv
2025-10-22T00:51:20.842561,shrek3,showing,1,True,cce8498ef544,4.887994000000617,latency-f03de4e8d27c.csv
2025-10-22T00:51:21.353046,shrek,he,118,True,cce8498ef544,4.6806629999309735,latency-f03de4e8d27c.csv
2025-10-22T00:51:21.862909,shrek3,CHARMING,232,True,cce8498ef544,4.610018999983367,latency-f03de4e8d27c.csv
2025-10-22T00:51:22.373019,shrek3,Artie,213,True,cce8498ef544,5.3849160000254415,latency-f03de4e8d27c.csv
2025-10-22T00:51:22.883943,shrek,his,48,True,cce8498ef544,5.018494999944778,latency-f03de4e8d27c.csv
2025-10-22T00:51:23.394181,shrek3,flaming,2,True,cce8498ef544,5.8992959999386585,latency-f03de4e8d27c.csv
2025-10-22T00:51:23.906399,shrek3,an,51,True,cce8498ef544,4.865485999971497,latency-f03de4e8d27c.csv
2025-10-22T00:51:24.416410,shrek,"Ha,",0,True,cce8498ef544,4.886290999934317,latency-f03de4e8d27c.csv
2025-10-22T00:51:24.928151,shrek3,WHITE,45,True,cce8498ef544,27.15207500000361,latency-f03de4e8d27c.csv
2025-10-22T00:51:25.466761,shrek3,showing,1,True,3235342dfdf1,8.624567999959254,latency-f03de4e8d27c.csv
2025-10-22T00:51:25.983733,shrek,stairs,7,True,3235342dfdf1,7.588177999991785,latency-f03de4e8d27c.csv
2025-10-22T00:51:26.497898,shrek,the,535,True,3235342dfdf1,8.776555000054032,latency-f03de4e8d27c.csv
2025-10-22T00:51:27.013124,shrek3,OGRE,39,True,3235342dfdf1,6.942338000044401,latency-f03de4e8d27c.csv
2025-10-22T00:51:27.525858,shrek3,dat,1,True,3235342dfdf1,7.1770039999137225,latency-f03de4e8d27c.csv
2025-10-22T00:51:28.038938,shrek3,us,12,True,3235342dfdf1,8.642761999908544,latency-f03de4e8d27c.csv
2025-10-22T00:51:28.555646,grail,Christ,8,True,cce8498ef544,8.758958000044004,latency-f03de4e8d27c.csv
2025-10-22T00:51:29.070299,shrek,who,29,True,cce8498ef544,7.496200999980829,latency-f03de4e8d27c.csv
2025-10-22T00:51:29.583557,grail,Cleveland,3,True,cce8498ef544,6.469376000040938,latency-f03de4e8d27c.csv
2025-10-22T00:51:30.095707,grail,at,104,True,cce8498ef544,5.905497999947329,latency-f03de4e8d27c.csv
2025-10-22T00:51:30.607631,shrek3,at,134,True,cce8498ef544,5.303917999981422,latency-f03de4e8d27c.csv
2025-10-22T00:51:31.118595,shrek,don't,72,True,cce8498ef544,5.802053000024898,latency-f03de4e8d27c.csv
2025-10-22T00:51:31.630688,shrek3,WHITE,45,True,cce8498ef544,5.822471999977097,latency-f03de4e8d27c.csv
2025-10-22T00:51:32.142699,shrek,not,50,True,cce8498ef544,6.622259999971902,latency-f03de4e8d27c.csv
2025-10-22T00:51:32.654802,shrek,DONKEY,320,True,cce8498ef544,6.829159000062646,latency-f03de4e8d27c.csv
2025-10-22T00:51:33.167282,shrek,INSIDE,16,True,cce8498ef544,7.061948000000484,latency-f03de4e8d27c.csv
2025-10-22T00:51:33.679955,shrek3,CHARMING,232,True,3235342dfdf1,9.336132000044016,latency-f03de4e8d27c.csv
2025-10-22T00:51:34.196331,shrek3,ho,8,True,3235342dfdf1,9.481953999966208,latency-f03de4e8d27c.csv
2025-10-22T00:51:34.713855,shrek3,CHARMING,232,True,3235342dfdf1,8.707944000093448,latency-f03de4e8d27c.csv
2025-10-22T00:51:35.232019,shrek,whistles,2,True,cce8498ef544,15.937134999944648,latency-f03de4e8d27c.csv
2025-10-22T00:51:35.764786,shrek3,dat,1,True,cce8498ef544,4.724045999978443,latency-f03de4e8d27c.csv
2025-10-22T00:51:36.282955,shrek,FARQUAAD,84,True,cce8498ef544,6.166760000041904,latency-f03de4e8d27c.csv
2025-10-22T00:51:36.806031,shrek,gone,3,True,cce8498ef544,5.997099999945021,latency-f03de4e8d27c.csv
2025-10-22T00:51:37.326731,shrek,the,535,True,cce8498ef544,6.3552139999956125,latency-f03de4e8d27c.csv
2025-10-22T00:51:37.858703,shrek3,SHOUTING),0,True,cce8498ef544,6.047361000014462,latency-f03de4e8d27c.csv
2025-10-22T00:51:38.373078,shrek,He,118,True,cce8498ef544,5.445228999974461,latency-f03de4e8d27c.csv
2025-10-22T00:51:38.886864,shrek,But,73,True,cce8498ef544,5.336026000009042,latency-f03de4e8d27c.csv
2025-10-22T00:51:39.400594,grail,witch,30,True,cce8498ef544,6.395041999894602,latency-f03de4e8d27c.csv
2025-10-22T00:51:39.914519,grail,upon,13,True,cce8498ef544,6.939376999980595,latency-f03de4e8d27c.csv
2025-10-22T00:51:40.429171,grail,Bridge,30,True,cce8498ef544,16.534798000066075,latency-f03de4e8d27c.csv
2025-10-22T00:51:40.956441,grail,the,1600,True,3235342dfdf1,4.591607000065778,latency-f03de4e8d27c.csv
2025-10-22T00:51:41.469889,shrek,But,73,True,cce8498ef544,8.807154999999511,latency-f03de4e8d27c.csv
2025-10-22T00:51:41.987924,shrek3,through,43,True,cce8498ef544,10.64320399996177,latency-f03de4e8d27c.csv
2025-10-22T00:51:42.511567,grail,Michael,11,True,3235342dfdf1,8.496388000025945,latency-f03de4e8d27c.csv
2025-10-22T00:51:43.030035,shrek3,CAPTAIN,41,True,cce8498ef544,7.167653000010432,latency-f03de4e8d27c.csv
2025-10-22T00:51:43.546223,shrek,after,10,True,cce8498ef544,6.331530000011298,latency-f03de4e8d27c.csv
2025-10-22T00:51:44.062867,shrek,baby,3,True,cce8498ef544,5.975148000061381,latency-f03de4e8d27c.csv
2025-10-22T00:51:44.574649,shrek3,PRINCE,207,True,cce8498ef544,5.434443000012834,latency-f03de4e8d27c.csv
2025-10-22T00:51:45.086074,shrek3,BOAT,32,True,cce8498ef544,10.3797949999489,latency-f03de4e8d27c.csv
2025-10-22T00:51:45.604826,grail,the,1600,True,cce8498ef544,4.3220140000812535,latency-f03de4e8d27c.csv
2025-10-22T00:51:46.115439,shrek,on,88,True,cce8498ef544,5.489280000006147,latency-f03de4e8d27c.csv
2025-10-22T00:51:46.626552,shrek3,-,110,True,cce8498ef544,5.124616999978571,latency-f03de4e8d27c.csv
2025-10-22T00:51:47.137801,shrek3,right,36,True,cce8498ef544,6.044165000048452,latency-f03de4e8d27c.csv
2025-10-22T00:51:47.649909,shrek3,boomerang,1,True,cce8498ef544,5.785697000078471,latency-f03de4e8d27c.csv
2025-10-22T00:51:48.162302,grail,TV,2,True,cce8498ef544,5.538134999937938,latency-f03de4e8d27c.csv
2025-10-22T00:51:48.673685,grail,it,279,True,cce8498ef544,5.74301500000729,latency-f03de4e8d27c.csv
2025-10-22T00:51:49.184974,shrek3,CAPTAIN,41,True,cce8498ef544,6.689268000059201,latency-f03de4e8d27c.csv
2025-10-22T00:51:49.697338,shrek3,EVIL,59,True,cce8498ef544,6.985374999999294,latency-f03de4e8d27c.csv
2025-10-22T00:51:50.209789,shrek,DONKEY,320,True,cce8498ef544,5.881780999970943,latency-f03de4e8d27c.csv
2025-10-22T00:49:53.703463,shrek3,the,1285,False,cce8498ef544,28.813247999892155,latency-ff95e83afcc0.csv
2025-10-22T00:49:54.241415,shrek3,decree,1,False,cce8498ef544,16.01714000003085,latency-ff95e83afcc0.csv
2025-10-22T00:49:54.765872,shrek,whistles,2,False,cce8498ef544,13.138569000034297,latency-ff95e83afcc0.csv
2025-10-22T00:49:55.286754,grail,19Prince,0,False,cce8498ef544,15.490823999925851,latency-ff95e83afcc0.csv
2025-10-22T00:49:55.810468,grail,LTD,6,False,cce8498ef544,8.557881999990968,latency-ff95e83afcc0.csv
2025-10-22T00:49:56.324930,grail,Gallahad,44,False,cce8498ef544,8.124553000016022,latency-ff95e83afcc0.csv
2025-10-22T00:49:56.838305,grail,Michael,11,False,cce8498ef544,8.328916999971625,latency-ff95e83afcc0.csv
2025-10-22T00:49:57.351693,shrek,gone,3,False,cce8498ef544,7.657826000013301,latency-ff95e83afcc0.csv
2025-10-22T00:49:57.865241,shrek,SHREK,433,True,cce8498ef544,4.107521999912933,latency-ff95e83afcc0.csv
2025-10-22T00:49:58.374513,shrek,swamp,18,False,cce8498ef544,7.702623999989555,latency-ff95e83afcc0.csv
2025-10-22T00:49:58.887505,grail,Who’s,3,False,cce8498ef544,9.04465300004631,latency-ff95e83afcc0.csv
2025-10-22T00:49:59.402677,shrek3,us,12,True,cce8498ef544,4.666291000035017,latency-ff95e83afcc0.csv
2025-10-22T00:49:59.913146,grail,the,1600,True,cce8498ef544,4.757640000093488,latency-ff95e83afcc0.csv
2025-10-22T00:50:00.423813,shrek,the,535,False,cce8498ef544,9.105513000008614,latency-ff95e83afcc0.csv
2025-10-22T00:50:00.938819,shrek3,flaming,2,True,cce8498ef544,5.268618000059178,latency-ff95e83afcc0.csv
2025-10-22T00:50:01.452047,grail,pseudonym,1,True,cce8498ef544,5.165775000023132,latency-ff95e83afcc0.csv
2025-10-22T00:50:01.962244,shrek,you,409,False,cce8498ef544,8.081894000042666,latency-ff95e83afcc0.csv
2025-10-22T00:50:02.475726,grail,with/,0,False,cce8498ef544,8.461139000019102,latency-ff95e83afcc0.csv
2025-10-22T00:50:02.989890,shrek3,Uh,18,True,cce8498ef544,4.739085999972303,latency-ff95e83afcc0.csv
2025-10-22T00:50:03.500463,grail,elected,2,False,cce8498ef544,9.273700999983705,latency-ff95e83afcc0.csv
2025-10-22T00:50:04.015921,shrek,way,26,False,cce8498ef544,10.169221999944966,latency-ff95e83afcc0.csv
2025-10-22T00:50:04.531997,shrek3,an,51,False,cce8498ef544,9.47860800010858,latency-ff95e83afcc0.csv
2025-10-22T00:50:05.047669,shrek3,ruby,1,True,cce8498ef544,7.27951800001847,latency-ff95e83afcc0.csv
2025-10-22T00:50:05.564368,grail,“I,0,True,cce8498ef544,4.907970999965983,latency-ff95e83afcc0.csv
2025-10-22T00:50:06.075795,shrek3,true,1,False,cce8498ef544,10.87854000002153,latency-ff95e83afcc0.csv
2025-10-22T00:50:06.592732,shrek,stairs,7,True,cce8498ef544,4.855280000015227,latency-ff95e83afcc0.csv
2025-10-22T00:50:07.103904,grail,are,114,True,cce8498ef544,4.620927999894775,latency-ff95e83afcc0.csv
2025-10-22T00:50:07.614526,shrek3,glass,9,False,cce8498ef544,11.110475999998926,latency-ff95e83afcc0.csv
2025-10-22T00:50:08.131701,grail,lost,6,False,cce8498ef544,7.522816999994575,latency-ff95e83afcc0.csv
2025-10-22T00:50:08.645072,grail,"Oh,",2,True,cce8498ef544,5.0719860000754124,latency-ff95e83afcc0.csv
2025-10-22T00:50:09.156213,shrek,gone,3,True,cce8498ef544,4.760325999995985,latency-ff95e83afcc0.csv
2025-10-22T00:50:09.667783,shrek,true,20,False,cce8498ef544,8.509220999940226,latency-ff95e83afcc0.csv
2025-10-22T00:50:10.182236,shrek,at,62,True,cce8498ef544,5.024565999974584,latency-ff95e83afcc0.csv
2025-10-22T00:50:10.693445,shrek,transport,1,False,cce8498ef544,8.657140999957846,latency-ff95e83afcc0.csv
2025-10-22T00:50:11.207621,shrek3,PUSS,196,True,cce8498ef544,4.676314999983333,latency-ff95e83afcc0.csv
2025-10-22T00:50:11.718191,shrek3,ruby,1,True,cce8498ef544,4.9569970000220565,latency-ff95e83afcc0.csv
2025-10-22T00:50:12.229021,shrek3,still,18,True,cce8498ef544,4.362019000041073,latency-ff95e83afcc0.csv
2025-10-22T00:50:12.739145,shrek,field,4,False,cce8498ef544,7.400558999961504,latency-ff95e83afcc0.csv
2025-10-22T00:50:13.251874,shrek,the,535,True,cce8498ef544,5.437864999976227,latency-ff95e83afcc0.csv
2025-10-22T00:50:13.762854,shrek,way,26,True,cce8498ef544,4.8802919999388905,latency-ff95e83afcc0.csv
2025-10-22T00:50:14.274096,grail,at,104,True,cce8498ef544,4.65085599989834,latency-ff95e83afcc0.csv
2025-10-22T00:50:14.784704,shrek,who,29,False,cce8498ef544,9.267709000027937,latency-ff95e83afcc0.csv
2025-10-22T00:50:15.298911,grail,the,1600,True,cce8498ef544,6.598172000053637,latency-ff95e83afcc0.csv
2025-10-22T00:50:15.821337,shrek3,me,72,True,cce8498ef544,4.534981000006155,latency-ff95e83afcc0.csv
2025-10-22T00:50:16.331651,grail,-,259,True,cce8498ef544,4.677303999983451,latency-ff95e83afcc0.csv
2025-10-22T00:50:16.841594,grail,To,718,True,cce8498ef544,4.531223999947542,latency-ff95e83afcc0.csv
2025-10-22T00:50:17.351895,grail,GALAHAD,87,True,cce8498ef544,6.192430999931275,latency-ff95e83afcc0.csv
2025-10-22T00:50:17.865465,shrek3,right,36,True,cce8498ef544,4.328128999986802,latency-ff95e83afcc0.csv
2025-10-22T00:50:18.376392,shrek,"Ha,",0,True,cce8498ef544,4.330562999939502,latency-ff95e83afcc0.csv
2025-10-22T00:50:18.886111,shrek3,"Suddenly,",0,False,cce8498ef544,10.229966999986573,latency-ff95e83afcc0.csv
2025-10-22T00:50:19.402382,shrek3,what,82,True,cce8498ef544,4.83084699999381,latency-ff95e83afcc0.csv
2025-10-22T00:50:19.913239,shrek,number,8,False,cce8498ef544,8.248347999938233,latency-ff95e83afcc0.csv
2025-10-22T00:50:20.426461,shrek3,at,134,True,cce8498ef544,4.78829099995437,latency-ff95e83afcc0.csv
2025-10-22T00:50:20.936391,grail,of,684,True,cce8498ef544,4.227228000104333,latency-ff95e83afcc0.csv
2025-10-22T00:50:21.445854,shrek3,TO,511,True,cce8498ef544,4.2256149999957415,latency-ff95e83afcc0.csv
2025-10-22T00:50:21.955545,shrek3,field,3,True,cce8498ef544,4.740934999972524,latency-ff95e83afcc0.csv
2025-10-22T00:50:22.466540,shrek,FIONA,211,True,cce8498ef544,4.845445999990261,latency-ff95e83afcc0.csv
2025-10-22T00:50:22.977777,shrek,true,20,True,cce8498ef544,5.152937000048041,latency-ff95e83afcc0.csv
2025-10-22T00:50:23.488527,shrek,your,49,True,cce8498ef544,4.885837999950127,latency-ff95e83afcc0.csv
2025-10-22T00:50:23.999506,shrek,FIONA,211,True,cce8498ef544,4.5202290000361245,latency-ff95e83afcc0.csv
2025-10-22T00:50:24.510024,shrek,who,29,True,cce8498ef544,4.657506999933503,latency-ff95e83afcc0.csv
2025-10-22T00:50:25.021051,shrek3,-,110,True,cce8498ef544,7.854264999991756,latency-ff95e83afcc0.csv
2025-10-22T00:50:25.538220,shrek3,ho,8,True,cce8498ef544,4.925233999983902,latency-ff95e83afcc0.csv
2025-10-22T00:50:26.049743,shrek,FIONA,211,True,cce8498ef544,5.072988000051737,latency-ff95e83afcc0.csv
2025-10-22T00:50:26.561449,grail,Guard,106,True,cce8498ef544,4.819691000079729,latency-ff95e83afcc0.csv
2025-10-22T00:50:27.072235,shrek,minute,3,True,cce8498ef544,4.918398999961937,latency-ff95e83afcc0.csv
2025-10-22T00:50:28.085812,shrek3,PUSS,196,True,3235342dfdf1,2568.0115610000485,latency-ff95e83afcc0.csv
2025-10-22T00:50:31.159808,shrek,FARQUAAD,84,True,3235342dfdf1,4.949332000023787,latency-ff95e83afcc0.csv
2025-10-22T00:50:31.670586,shrek3,SHREK,678,True,3235342dfdf1,4.411439999898903,latency-ff95e83afcc0.csv
2025-10-22T00:50:32.180806,shrek,not,50,True,3235342dfdf1,4.934905000027356,latency-ff95e83afcc0.csv
2025-10-22T00:50:32.691977,grail,(as,0,True,3235342dfdf1,4.560415000014473,latency-ff95e83afcc0.csv
2025-10-22T00:50:33.202377,shrek,DONKEY,320,True,3235342dfdf1,4.489897999974346,latency-ff95e83afcc0.csv
2025-10-22T00:50:33.712686,shrek3,field,3,True,3235342dfdf1,4.631253999946239,latency-ff95e83afcc0.csv
2025-10-22T00:50:34.224214,shrek,field,4,True,3235342dfdf1,4.521148000094399,latency-ff95e83afcc0.csv
2025-10-22T00:50:34.734131,grail,to,718,True,3235342dfdf1,4.920395999988614,latency-ff95e83afcc0.csv
2025-10-22T00:50:35.244971,grail,I,298,True,3235342dfdf1,7.543553999994401,latency-ff95e83afcc0.csv
2025-10-22T00:50:35.760970,grail,a,666,True,3235342dfdf1,4.246106999971744,latency-ff95e83afcc0.csv
2025-10-22T00:50:36.270625,grail,CALLS,3,True,3235342dfdf1,4.469847000109439,latency-ff95e83afcc0.csv
2025-10-22T00:50:36.781289,grail,Cleveland,3,True,3235342dfdf1,4.62640000000647,latency-ff95e83afcc0.csv
2025-10-22T00:50:37.291431,grail,-,259,True,3235342dfdf1,4.182181999908607,latency-ff95e83afcc0.csv
2025-10-22T00:50:37.801099,shrek3,toward,14,True,3235342dfdf1,4.433083999970222,latency-ff95e83afcc0.csv
2025-10-22T00:50:38.311047,shrek,a,305,True,3235342dfdf1,4.551293999952577,latency-ff95e83afcc0.csv
2025-10-22T00:50:38.821207,shrek3,"meet""",0,True,3235342dfdf1,4.816230000074029,latency-ff95e83afcc0.csv
2025-10-22T00:50:39.332410,shrek3,Ahh,8,False,3235342dfdf1,10.218108000003667,latency-ff95e83afcc0.csv
2025-10-22T00:50:39.848297,grail,I,298,True,3235342dfdf1,4.577188000098431,latency-ff95e83afcc0.csv
2025-10-22T00:50:40.358853,grail,door,14,True,3235342dfdf1,4.886123000005682,latency-ff95e83afcc0.csv
2025-10-22T00:50:40.869431,grail,us,32,False,3235342dfdf1,8.89620800001012,latency-ff95e83afcc0.csv
2025-10-22T00:50:41.383661,shrek,placed,1,True,3235342dfdf1,4.534057000000757,latency-ff95e83afcc0.csv
2025-10-22T00:50:41.893901,shrek,stairs,7,True,3235342dfdf1,4.919967999967412,latency-ff95e83afcc0.csv
2025-10-22T00:50:42.404892,shrek3,Artie,213,True,3235342dfdf1,4.440881000050467,latency-ff95e83afcc0.csv
2025-10-22T00:50:42.915070,shrek3,Guards,23,True,3235342dfdf1,5.118556999946122,latency-ff95e83afcc0.csv
2025-10-22T00:50:43.426539,shrek3,at,134,True,3235342dfdf1,4.65922099999716,latency-ff95e83afcc0.csv
2025-10-22T00:50:43.935831,grail,Footnote,4,True,3235342dfdf1,4.037625000023581,latency-ff95e83afcc0.csv
2025-10-22T00:50:44.445074,shrek,tell,25,True,3235342dfdf1,4.43416400003116,latency-ff95e83afcc0.csv
2025-10-22T00:50:44.954996,shrek,DONKEY,320,True,1ae65fa4046a,16.602233000071465,latency-ff95e83afcc0.csv
2025-10-22T00:50:45.484602,shrek,a,305,True,3235342dfdf1,4.097443999967254,latency-ff95e83afcc0.csv
2025-10-22T00:50:45.994180,shrek,And,318,True,3235342dfdf1,3.767979000031119,latency-ff95e83afcc0.csv
2025-10-22T00:50:46.502647,shrek3,the,1285,True,3235342dfdf1,3.609586000038689,latency-ff95e83afcc0.csv
2025-10-22T00:50:47.012043,shrek,afraid,8,True,1ae65fa4046a,6.542847000105212,latency-ff95e83afcc0.csv
2025-10-22T00:50:47.524177,shrek3,Arg,1,True,1ae65fa4046a,5.493877000048997,latency-ff95e83afcc0.csv
2025-10-22T00:50:48.035510,shrek3,DWARF,10,True,1ae65fa4046a,4.766500000073393,latency-ff95e83afcc0.csv
2025-10-22T00:50:48.546176,shrek,true,20,True,3235342dfdf1,4.602129999966564,latency-ff95e83afcc0.csv
2025-10-22T00:50:49.057959,grail,Ecky-Ecky-Ecky,1,True,3235342dfdf1,4.903365000018312,latency-ff95e83afcc0.csv
2025-10-22T00:50:49.571961,shrek,DONKEY,320,True,3235342dfdf1,4.673370999967119,latency-ff95e83afcc0.csv
2025-10-22T00:50:50.083411,shrek,not,50,True,3235342dfdf1,5.170073000044795,latency-ff95e83afcc0.csv
2025-10-22T00:50:50.595185,grail,I,298,True,3235342dfdf1,4.495931999940694,latency-ff95e83afcc0.csv
2025-10-22T00:50:51.110933,shrek,FIONA'S,3,True,3235342dfdf1,5.088739000029818,latency-ff95e83afcc0.csv
2025-10-22T00:50:51.624602,grail,LANCELOT,59,True,3235342dfdf1,4.993441999999959,latency-ff95e83afcc0.csv
2025-10-22T00:50:52.136051,shrek,you,409,True,3235342dfdf1,4.8433339999292,latency-ff95e83afcc0.csv
2025-10-22T00:50:52.645974,shrek3,at,134,True,3235342dfdf1,4.624059999969177,latency-ff95e83afcc0.csv
2025-10-22T00:50:53.156045,shrek,and,318,True,3235342dfdf1,4.226267000035477,latency-ff95e83afcc0.csv
2025-10-22T00:50:53.666124,shrek3,right,36,True,3235342dfdf1,5.130914999995184,latency-ff95e83afcc0.csv
2025-10-22T00:50:54.177201,grail,(as,0,True,3235342dfdf1,4.647321999982523,latency-ff95e83afcc0.csv
2025-10-22T00:50:54.687832,grail,grabbing,5,True,3235342dfdf1,4.571039999973436,latency-ff95e83afcc0.csv
2025-10-22T00:50:55.198004,grail,Get,47,True,3235342dfdf1,7.085047000032319,latency-ff95e83afcc0.csv
2025-10-22T00:50:55.722325,shrek3,the,1285,True,1ae65fa4046a,2570.567449000009,latency-ff95e83afcc0.csv
2025-10-22T00:50:58.798550,shrek,ogre,27,True,1ae65fa4046a,4.355884000005972,latency-ff95e83afcc0.csv
2025-10-22T00:50:59.308296,shrek3,SHREK,678,True,1ae65fa4046a,5.29872599997816,latency-ff95e83afcc0.csv
2025-10-22T00:50:59.820005,grail,singing,33,True,1ae65fa4046a,5.1333530000192695,latency-ff95e83afcc0.csv
2025-10-22T00:51:00.330412,grail,feel,11,True,1ae65fa4046a,5.252575999975306,latency-ff95e83afcc0.csv
2025-10-22T00:51:00.841708,shrek,FIONA,211,True,1ae65fa4046a,5.673308000041288,latency-ff95e83afcc0.csv
2025-10-22T00:51:01.354125,grail,elected,2,True,1ae65fa4046a,5.61713799993413,latency-ff95e83afcc0.csv
2025-10-22T00:51:01.866256,shrek,this,79,True,1ae65fa4046a,4.539162000014585,latency-ff95e83afcc0.csv
2025-10-22T00:51:02.376581,grail,chops,3,True,1ae65fa4046a,5.156846999966547,latency-ff95e83afcc0.csv
2025-10-22T00:51:02.887369,grail,Guard,106,True,1ae65fa4046a,4.850339999961761,latency-ff95e83afcc0.csv
2025-10-22T00:51:03.397913,grail,Michael,11,True,1ae65fa4046a,5.362704000049234,latency-ff95e83afcc0.csv
2025-10-22T00:51:03.908679,shrek3,WHITE,45,True,1ae65fa4046a,5.499581000094622,latency-ff95e83afcc0.csv
2025-10-22T00:51:04.419833,grail,toward,10,True,1ae65fa4046a,4.647071000022152,latency-ff95e83afcc0.csv
2025-10-22T00:51:04.930211,grail,to,718,True,1ae65fa4046a,8.072565000020404,latency-ff95e83afcc0.csv
2025-10-22T00:51:05.446913,grail,54,2,True,1ae65fa4046a,5.38805099995443,latency-ff95e83afcc0.csv
2025-10-22T00:51:05.957978,grail,is,317,True,1ae65fa4046a,5.499528999962422,latency-ff95e83afcc0.csv
2025-10-22T00:51:06.469181,shrek,and,318,True,1ae65fa4046a,5.336233999969409,latency-ff95e83afcc0.csv
2025-10-22T00:51:06.979954,shrek,No,114,True,1ae65fa4046a,6.026440999903571,latency-ff95e83afcc0.csv
2025-10-22T00:51:07.491741,shrek,you,409,True,1ae65fa4046a,5.804710999996132,latency-ff95e83afcc0.csv
2025-10-22T00:51:08.003158,shrek3,at,134,True,1ae65fa4046a,5.4061060000094585,latency-ff95e83afcc0.csv
2025-10-22T00:51:08.513887,shrek,DONKEY,320,True,1ae65fa4046a,5.0526049999461975,latency-ff95e83afcc0.csv
2025-10-22T00:51:09.024693,shrek,a,305,True,1ae65fa4046a,4.936933000067256,latency-ff95e83afcc0.csv
2025-10-22T00:51:09.534657,shrek,DONKEY,320,True,1ae65fa4046a,4.569704999994428,latency-ff95e83afcc0.csv
2025-10-22T00:51:10.044842,grail,3,18,True,1ae65fa4046a,5.072375000054308,latency-ff95e83afcc0.csv
2025-10-22T00:51:10.556028,shrek,tale,7,True,1ae65fa4046a,4.652015000033316,latency-ff95e83afcc0.csv
2025-10-22T00:51:11.066200,shrek3,field,3,True,1ae65fa4046a,5.010455000046932,latency-ff95e83afcc0.csv
2025-10-22T00:51:11.576541,shrek3,the,1285,True,1ae65fa4046a,4.841644000066481,latency-ff95e83afcc0.csv
2025-10-22T00:51:12.086287,grail,I,298,True,1ae65fa4046a,4.68229299997347,latency-ff95e83afcc0.csv
2025-10-22T00:51:12.603559,shrek3,Im,1,True,1ae65fa4046a,4.881625999928474,latency-ff95e83afcc0.csv
2025-10-22T00:51:13.114750,shrek,the,535,True,1ae65fa4046a,5.619668999997884,latency-ff95e83afcc0.csv
2025-10-22T00:51:13.624815,shrek,and,318,True,1ae65fa4046a,6.076598999925409,latency-ff95e83afcc0.csv
2025-10-22T00:51:14.139035,shrek,and,318,True,1ae65fa4046a,5.242733000045519,latency-ff95e83afcc0.csv
2025-10-22T00:51:14.650534,grail,pause,10,True,1ae65fa4046a,6.481009000026461,latency-ff95e83afcc0.csv
2025-10-22T00:51:15.163110,shrek3,the,1285,True,1ae65fa4046a,12.889252000036322,latency-ff95e83afcc0.csv
2025-10-22T00:51:15.685180,shrek,stairs,7,True,1ae65fa4046a,4.619406999950115,latency-ff95e83afcc0.csv
2025-10-22T00:51:16.195905,grail,LANCELOT,59,True,1ae65fa4046a,6.433507999986432,latency-ff95e83afcc0.csv
2025-10-22T00:51:16.707735,shrek,FIONA,211,True,1ae65fa4046a,7.270051000091371,latency-ff95e83afcc0.csv
2025-10-22T00:51:17.221566,shrek3,Gingerbread,37,True,1ae65fa4046a,5.867178000016793,latency-ff95e83afcc0.csv
2025-10-22T00:51:17.732548,grail,king,136,True,1ae65fa4046a,5.630810999946334,latency-ff95e83afcc0.csv
2025-10-22T00:51:18.243496,shrek,What,104,True,1ae65fa4046a,7.79436599998462,latency-ff95e83afcc0.csv
2025-10-22T00:51:18.757590,shrek,Is,132,True,cce8498ef544,6.135249999942971,latency-ff95e83afcc0.csv
2025-10-22T00:51:19.270264,grail,going,21,True,cce8498ef544,6.855898000026173,latency-ff95e83afcc0.csv
2025-10-22T00:51:19.784138,grail,singing,33,True,cce8498ef544,6.213344000002508,latency-ff95e83afcc0.csv
2025-10-22T00:51:20.296171,shrek3,flaming,2,True,cce8498ef544,7.158616999959122,latency-ff95e83afcc0.csv
2025-10-22T00:51:20.808691,shrek3,Donkey,243,True,cce8498ef544,5.745654999941507,latency-ff95e83afcc0.csv
2025-10-22T00:51:21.320054,grail,the,1600,True,cce8498ef544,5.944160000012744,latency-ff95e83afcc0.csv
2025-10-22T00:51:21.832044,grail,going,21,True,cce8498ef544,5.827443999919524,latency-ff95e83afcc0.csv
2025-10-22T00:51:22.344014,shrek3,SHREK,678,True,cce8498ef544,7.010124999965228,latency-ff95e83afcc0.csv
2025-10-22T00:51:22.857329,shrek,this,79,True,cce8498ef544,7.387123000057727,latency-ff95e83afcc0.csv
2025-10-22T00:51:23.371339,grail,CALLS,3,True,cce8498ef544,7.969614999979058,latency-ff95e83afcc0.csv
2025-10-22T00:51:23.885594,grail,the,1600,True,cce8498ef544,5.448272999956316,latency-ff95e83afcc0.csv
2025-10-22T00:51:24.397009,grail,from,94,True,cce8498ef544,4.900399000007383,latency-ff95e83afcc0.csv
2025-10-22T00:51:24.914683,shrek3,field,3,True,3235342dfdf1,29.668822000076037,latency-ff95e83afcc0.csv
2025-10-22T00:51:25.458316,shrek3,"Suddenly,",0,True,cce8498ef544,11.029284999949596,latency-ff95e83afcc0.csv
2025-10-22T00:51:25.978938,shrek3,SHREK,678,True,cce8498ef544,6.104977000063627,latency-ff95e83afcc0.csv
2025-10-22T00:51:26.493026,shrek,What,104,True,cce8498ef544,6.495901999983289,latency-ff95e83afcc0.csv
2025-10-22T00:51:27.007448,shrek3,at,134,True,cce8498ef544,4.937288999940392,latency-ff95e83afcc0.csv
2025-10-22T00:51:27.520029,shrek,after,10,True,cce8498ef544,4.814647999978661,latency-ff95e83afcc0.csv
2025-10-22T00:51:28.031836,shrek3,WHITE,45,True,cce8498ef544,4.669108000030064,latency-ff95e83afcc0.csv
2025-10-22T00:51:28.544657,grail,Who’s,3,True,cce8498ef544,5.418837999968673,latency-ff95e83afcc0.csv
2025-10-22T00:51:29.054809,shrek3,Guards,23,True,cce8498ef544,4.721871000015199,latency-ff95e83afcc0.csv
2025-10-22T00:51:29.564511,grail,it,279,True,cce8498ef544,4.83116999998856,latency-ff95e83afcc0.csv
2025-10-22T00:51:30.075680,grail,Jones,7,True,cce8498ef544,4.53182299997934,latency-ff95e83afcc0.csv
2025-10-22T00:51:30.585895,shrek3,ho,8,True,cce8498ef544,5.833873000028689,latency-ff95e83afcc0.csv
2025-10-22T00:51:31.096950,shrek,DONKEY,320,True,3235342dfdf1,7.630779000010079,latency-ff95e83afcc0.csv
2025-10-22T00:51:31.610597,shrek3,CAPTAIN,41,True,cce8498ef544,5.656191999946714,latency-ff95e83afcc0.csv
2025-10-22T00:51:32.121095,shrek,rising,1,True,3235342dfdf1,7.021650000069712,latency-ff95e83afcc0.csv
2025-10-22T00:51:32.633512,grail,To,718,True,3235342dfdf1,6.543919000023379,latency-ff95e83afcc0.csv
2025-10-22T00:51:33.147258,grail,Get,47,True,cce8498ef544,11.265855999909036,latency-ff95e83afcc0.csv
2025-10-22T00:51:33.667975,grail,the,1600,True,cce8498ef544,10.70631899995078,latency-ff95e83afcc0.csv
2025-10-22T00:51:34.190876,shrek,a,305,True,cce8498ef544,8.643584999958875,latency-ff95e83afcc0.csv
2025-10-22T00:51:34.710703,shrek3,Cinderella,21,True,cce8498ef544,12.85267200000817,latency-ff95e83afcc0.csv
2025-10-22T00:51:35.235677,shrek,placed,1,True,3235342dfdf1,14.72879200002808,latency-ff95e83afcc0.csv
2025-10-22T00:51:35.768470,grail,with/,0,True,3235342dfdf1,10.623215999999047,latency-ff95e83afcc0.csv
2025-10-22T00:51:36.288116,shrek3,the,1285,True,3235342dfdf1,10.97711900001741,latency-ff95e83afcc0.csv
2025-10-22T00:51:36.812451,shrek3,of,275,True,3235342dfdf1,11.401741999975457,latency-ff95e83afcc0.csv
2025-10-22T00:51:37.333454,shrek3,get,39,True,3235342dfdf1,16.499620999979925,latency-ff95e83afcc0.csv
2025-10-22T00:51:37.865353,shrek3,Artie,213,True,3235342dfdf1,7.23437199997079,latency-ff95e83afcc0.csv
2025-10-22T00:51:38.380946,shrek3,dat,1,True,3235342dfdf1,6.446439999990616,latency-ff95e83afcc0.csv
2025-10-22T00:51:38.892683,shrek3,Be,71,True,3235342dfdf1,6.394451000005574,latency-ff95e83afcc0.csv
2025-10-22T00:51:39.404457,shrek3,and,576,True,3235342dfdf1,5.643712000050982,latency-ff95e83afcc0.csv
2025-10-22T00:51:39.917494,shrek,you,409,True,3235342dfdf1,5.27547699994102,latency-ff95e83afcc0.csv
2025-10-22T00:51:40.431061,shrek,the,535,True,cce8498ef544,17.972048000046925,latency-ff95e83afcc0.csv
2025-10-22T00:51:40.959978,grail,elected,2,True,3235342dfdf1,6.557688000043527,latency-ff95e83afcc0.csv
2025-10-22T00:51:41.472423,shrek3,and,576,True,3235342dfdf1,4.94173899994621,latency-ff95e83afcc0.csv
2025-10-22T00:51:41.983893,grail,right,66,True,cce8498ef544,6.097373999978117,latency-ff95e83afcc0.csv
2025-10-22T00:51:42.502461,shrek,DONKEY,320,True,cce8498ef544,4.730589999894619,latency-ff95e83afcc0.csv
2025-10-22T00:51:43.016681,grail,for,118,True,cce8498ef544,5.110847999958423,latency-ff95e83afcc0.csv
2025-10-22T00:51:43.528339,shrek,FIONA,211,True,cce8498ef544,4.492131000006339,latency-ff95e83afcc0.csv
2025-10-22T00:51:44.039278,shrek3,dat,1,True,cce8498ef544,5.642245999979423,latency-ff95e83afcc0.csv
2025-10-22T00:51:44.550952,shrek,transport,1,True,cce8498ef544,4.635080000070957,latency-ff95e83afcc0.csv
2025-10-22T00:51:45.061347,grail,about,49,True,cce8498ef544,9.153939000043463,latency-ff95e83afcc0.csv
2025-10-22T00:51:45.580079,grail,Aaaaugh,9,True,cce8498ef544,5.606402000012167,latency-ff95e83afcc0.csv
2025-10-22T00:51:46.091564,shrek3,reason,2,True,cce8498ef544,5.265477999955692,latency-ff95e83afcc0.csv
2025-10-22T00:51:46.602555,shrek3,ARTIE,213,True,cce8498ef544,5.670469999927263,latency-ff95e83afcc0.csv
2025-10-22T00:51:47.113713,shrek3,of,275,True,cce8498ef544,4.827526999974907,latency-ff95e83afcc0.csv
2025-10-22T00:51:47.624060,shrek,way,26,True,cce8498ef544,5.816877000029308,latency-ff95e83afcc0.csv
2025-10-22T00:51:48.135806,shrek3,get,39,True,cce8498ef544,7.095836999951644,latency-ff95e83afcc0.csv
2025-10-22T00:51:48.650227,grail,the,1600,True,cce8498ef544,5.19190099998923,latency-ff95e83afcc0.csv
2025-10-22T00:51:49.161959,grail,is,317,True,cce8498ef544,5.695743999922343,latency-ff95e83afcc0.csv
2025-10-22T00:51:49.673798,shrek,trip,1,True,cce8498ef544,5.857221999917783,latency-ff95e83afcc0.csv
2025-10-22T00:51:50.185716,grail,rows,1,True,cce8498ef544,6.011368000031325,latency-ff95e83afcc0.csv
