t_start_utc,file,keyword,count,from_cache,server,latency_ms,source_file
2025-10-21T22:22:08.778785,shrek,"Ha,",0,True,686bdd44bd9e,5.61467399893445,latency-020c2a49274d.csv
2025-10-21T22:22:09.291570,shrek,But,73,True,bab402329d33,6.187336999573745,latency-020c2a49274d.csv
2025-10-21T22:22:09.805144,grail,cross,13,True,bab402329d33,6.453382000472629,latency-020c2a49274d.csv
2025-10-21T22:22:10.319881,grail,Launcelot,107,True,ae1bf9faa4f3,6.3569529993401375,latency-020c2a49274d.csv
2025-10-21T22:22:10.833931,shrek3,JOCKS,2,True,686bdd44bd9e,6.1648529990634415,latency-020c2a49274d.csv
2025-10-21T22:22:11.348290,shrek3,WHITE,45,True,bab402329d33,6.060362000425812,latency-020c2a49274d.csv
2025-10-21T22:22:11.863085,grail,the,1600,True,ae1bf9faa4f3,13.453214000037406,latency-020c2a49274d.csv
2025-10-21T22:22:12.384726,shrek,DONKEY,320,True,686bdd44bd9e,6.5693759970599785,latency-020c2a49274d.csv
2025-10-21T22:22:12.899046,shrek3,ho,8,True,bab402329d33,5.867403000593185,latency-020c2a49274d.csv
2025-10-21T22:22:13.412842,grail,us,32,True,ae1bf9faa4f3,6.80135800212156,latency-020c2a49274d.csv
2025-10-21T22:22:13.927681,shrek3,get,39,True,686bdd44bd9e,6.229010999959428,latency-020c2a49274d.csv
2025-10-21T22:22:14.441782,shrek3,Final,119,True,bab402329d33,5.771246000222163,latency-020c2a49274d.csv
2025-10-21T22:22:14.954585,grail,grabbing,5,True,ae1bf9faa4f3,10.951478998322273,latency-020c2a49274d.csv
2025-10-21T22:22:15.479619,grail,Ecky-Ecky-Ecky,1,True,686bdd44bd9e,5.925377001403831,latency-020c2a49274d.csv
2025-10-21T22:22:15.993822,grail,and,722,True,bab402329d33,6.787391001125798,latency-020c2a49274d.csv
2025-10-21T22:22:16.509280,shrek,Aah,6,True,ae1bf9faa4f3,8.996002001367742,latency-020c2a49274d.csv
2025-10-21T22:22:17.029456,shrek,GUARD,25,True,686bdd44bd9e,10.055810002086218,latency-020c2a49274d.csv
2025-10-21T22:22:17.549640,shrek,not,50,True,bab402329d33,7.971846996952081,latency-020c2a49274d.csv
2025-10-21T22:22:18.067861,shrek3,ARTIE,213,True,ae1bf9faa4f3,7.565011001133826,latency-020c2a49274d.csv
2025-10-21T22:22:18.585645,grail,GALAHAD,87,True,686bdd44bd9e,9.04831400112016,latency-020c2a49274d.csv
2025-10-21T22:22:19.104722,grail,is,317,True,bab402329d33,10.829499002284138,latency-020c2a49274d.csv
2025-10-21T22:22:19.626795,grail,3,18,True,ae1bf9faa4f3,8.518874001310905,latency-020c2a49274d.csv
2025-10-21T22:22:20.145278,shrek,SHREK,433,True,686bdd44bd9e,8.421434002229944,latency-020c2a49274d.csv
2025-10-21T22:22:20.663582,shrek,SHREK,433,True,bab402329d33,9.055047001311324,latency-020c2a49274d.csv
2025-10-21T22:22:21.182079,shrek,you,409,True,ae1bf9faa4f3,8.9834089994838,latency-020c2a49274d.csv
2025-10-21T22:22:21.701443,grail,a,666,True,686bdd44bd9e,9.103915999730816,latency-020c2a49274d.csv
2025-10-21T22:22:22.220715,shrek,number,8,True,bab402329d33,8.613508001872106,latency-020c2a49274d.csv
2025-10-21T22:22:22.739130,shrek,he,118,True,ae1bf9faa4f3,9.531543997582048,latency-020c2a49274d.csv
2025-10-21T22:22:23.258409,shrek,SHREK,433,True,686bdd44bd9e,8.46952599749784,latency-020c2a49274d.csv
2025-10-21T22:22:23.777465,grail,since,10,True,bab402329d33,7.5882069977524225,latency-020c2a49274d.csv
2025-10-21T22:22:24.293981,shrek3,BOAT,32,True,ae1bf9faa4f3,9.502414002781734,latency-020c2a49274d.csv
2025-10-21T22:22:24.816395,shrek3,youre,0,True,686bdd44bd9e,7.856301999709103,latency-020c2a49274d.csv
2025-10-21T22:22:25.334258,grail,THREE-HEADED,8,True,bab402329d33,7.949112998176133,latency-020c2a49274d.csv
2025-10-21T22:22:25.852424,shrek,a,305,True,ae1bf9faa4f3,8.557523000490619,latency-020c2a49274d.csv
2025-10-21T22:22:26.376938,shrek,and,318,True,686bdd44bd9e,8.809325001493562,latency-020c2a49274d.csv
2025-10-21T22:22:26.895781,shrek,DONKEY,320,True,bab402329d33,8.366884001588915,latency-020c2a49274d.csv
2025-10-21T22:22:27.414582,shrek,stairs,7,True,ae1bf9faa4f3,7.932525000796886,latency-020c2a49274d.csv
2025-10-21T22:22:27.932855,grail,music,21,True,686bdd44bd9e,9.15462199918693,latency-020c2a49274d.csv
2025-10-21T22:22:28.452523,grail,the,1600,True,bab402329d33,8.936217000155011,latency-020c2a49274d.csv
2025-10-21T22:22:28.971348,shrek3,ho,8,True,ae1bf9faa4f3,9.323656999185914,latency-020c2a49274d.csv
2025-10-21T22:22:29.491731,shrek3,of,275,True,686bdd44bd9e,9.511804000794656,latency-020c2a49274d.csv
2025-10-21T22:22:30.012329,grail,dancing,10,True,bab402329d33,9.113836000324229,latency-020c2a49274d.csv
2025-10-21T22:22:30.532370,shrek3,"Bay""",0,True,ae1bf9faa4f3,8.41054799820995,latency-020c2a49274d.csv
2025-10-21T22:22:31.051286,shrek3,ho,8,True,686bdd44bd9e,8.004810999409528,latency-020c2a49274d.csv
2025-10-21T22:22:31.572730,shrek,the,535,True,bab402329d33,10.074297999381088,latency-020c2a49274d.csv
2025-10-21T22:22:32.094097,grail,Footnote,4,True,ae1bf9faa4f3,8.264079002401559,latency-020c2a49274d.csv
2025-10-21T22:22:32.612426,shrek,SHREK,433,True,686bdd44bd9e,8.001834001333918,latency-020c2a49274d.csv
2025-10-21T22:22:33.131708,shrek,SHREK,433,True,bab402329d33,8.25917000111076,latency-020c2a49274d.csv
2025-10-21T22:22:33.650778,shrek,What,104,True,ae1bf9faa4f3,8.503568999003619,latency-020c2a49274d.csv
2025-10-21T22:22:34.169677,shrek3,-,110,True,686bdd44bd9e,8.771709999564337,latency-020c2a49274d.csv
2025-10-21T22:22:34.689057,shrek3,Uh,18,True,bab402329d33,8.856733998982236,latency-020c2a49274d.csv
2025-10-21T22:22:35.208278,shrek,a,305,True,ae1bf9faa4f3,7.8621259999636095,latency-020c2a49274d.csv
2025-10-21T22:22:35.726760,shrek3,get,39,True,686bdd44bd9e,8.589056000346318,latency-020c2a49274d.csv
2025-10-21T22:22:36.245954,grail,from,94,True,bab402329d33,8.76767999943695,latency-020c2a49274d.csv
2025-10-21T22:22:36.764863,grail,elected,2,True,ae1bf9faa4f3,8.830058999592438,latency-020c2a49274d.csv
2025-10-21T22:22:37.284179,shrek,DONKEY,320,True,686bdd44bd9e,9.44557099865051,latency-020c2a49274d.csv
2025-10-21T22:22:37.803802,shrek,FIONA'S,3,True,bab402329d33,8.488106999720912,latency-020c2a49274d.csv
2025-10-21T22:22:38.323138,shrek,FIONA,211,True,ae1bf9faa4f3,9.225288999004988,latency-020c2a49274d.csv
2025-10-21T22:22:38.842797,grail,Gallahad,44,True,686bdd44bd9e,8.93345900112763,latency-020c2a49274d.csv
2025-10-21T22:22:39.361586,shrek3,PUSS,196,True,ae1bf9faa4f3,10.881285001232754,latency-020c2a49274d.csv
2025-10-21T22:22:39.882902,grail,Gallahad,44,True,686bdd44bd9e,7.875865998357767,latency-020c2a49274d.csv
2025-10-21T22:22:40.400793,shrek,tale,7,True,ae1bf9faa4f3,8.323259000462713,latency-020c2a49274d.csv
2025-10-21T22:22:40.919859,shrek3,MERLIN,73,True,686bdd44bd9e,8.28118400022504,latency-020c2a49274d.csv
2025-10-21T22:22:41.438128,shrek3,an,51,True,ae1bf9faa4f3,9.872910999547456,latency-020c2a49274d.csv
2025-10-21T22:22:41.960106,grail,elected,2,True,686bdd44bd9e,8.432410002569668,latency-020c2a49274d.csv
2025-10-21T22:22:42.478387,shrek3,SNOW,49,True,686bdd44bd9e,7.703993000177434,latency-020c2a49274d.csv
2025-10-21T22:22:42.995567,shrek,don't,72,True,686bdd44bd9e,9.01488999807043,latency-020c2a49274d.csv
2025-10-21T22:22:43.515475,shrek3,fall,6,True,686bdd44bd9e,8.4570969993365,latency-020c2a49274d.csv
2025-10-21T22:22:44.035411,grail,GALAHAD,87,True,686bdd44bd9e,8.835005999571877,latency-020c2a49274d.csv
2025-10-21T22:22:44.553916,shrek,DONKEY,320,True,686bdd44bd9e,9.875620999082455,latency-020c2a49274d.csv
2025-10-21T22:22:45.074741,shrek3,body),0,True,686bdd44bd9e,9.39837899932172,latency-020c2a49274d.csv
2025-10-21T22:22:45.594982,shrek3,OGRE,39,True,686bdd44bd9e,8.43254899882595,latency-020c2a49274d.csv
2025-10-21T22:22:46.114490,shrek,you,409,True,ae1bf9faa4f3,8.790144001977751,latency-020c2a49274d.csv
2025-10-21T22:22:46.633615,shrek,will,16,True,686bdd44bd9e,9.257734000129858,latency-020c2a49274d.csv
2025-10-21T22:22:47.152711,grail,cross,13,True,686bdd44bd9e,8.403103001910495,latency-020c2a49274d.csv
2025-10-21T22:22:47.671175,shrek3,SHOUTING),0,True,ae1bf9faa4f3,9.07216499763308,latency-020c2a49274d.csv
2025-10-21T22:22:48.190703,shrek3,Shrek,678,True,686bdd44bd9e,9.324100999947404,latency-020c2a49274d.csv
2025-10-21T22:22:48.710377,grail,BEDEVERE,103,True,686bdd44bd9e,8.784885001659859,latency-020c2a49274d.csv
2025-10-21T22:22:49.228386,shrek,number,8,True,ae1bf9faa4f3,8.386493998841615,latency-020c2a49274d.csv
2025-10-21T22:22:49.746837,grail,to,718,True,ae1bf9faa4f3,8.702268001798075,latency-020c2a49274d.csv
2025-10-21T22:22:50.269329,shrek,cottage,4,True,686bdd44bd9e,8.240819999628002,latency-020c2a49274d.csv
2025-10-21T22:22:50.787115,shrek,you,409,True,ae1bf9faa4f3,8.43758300106856,latency-020c2a49274d.csv
2025-10-21T22:22:51.304976,grail,"collective,",0,True,ae1bf9faa4f3,11.094500001490816,latency-020c2a49274d.csv
2025-10-21T22:22:51.831933,shrek3,Final,119,True,686bdd44bd9e,8.517032998497598,latency-020c2a49274d.csv
2025-10-21T22:22:52.349809,shrek3,of,275,True,686bdd44bd9e,7.48124299934716,latency-020c2a49274d.csv
2025-10-21T22:22:52.867057,shrek3,116,1,True,686bdd44bd9e,8.481844000925776,latency-020c2a49274d.csv
2025-10-21T22:22:53.385499,grail,ANOTHER,25,True,ae1bf9faa4f3,8.85616400046274,latency-020c2a49274d.csv
2025-10-21T22:22:53.903979,grail,Who’s,3,True,ae1bf9faa4f3,7.895196999015752,latency-020c2a49274d.csv
2025-10-21T22:22:54.420965,shrek3,with,112,True,ae1bf9faa4f3,7.806486999470508,latency-020c2a49274d.csv
2025-10-21T22:22:54.938646,shrek3,ARTIE,213,True,ae1bf9faa4f3,8.978593999927398,latency-020c2a49274d.csv
2025-10-21T22:22:55.458020,shrek,placed,1,True,686bdd44bd9e,9.068412000488024,latency-020c2a49274d.csv
2025-10-21T22:22:55.977590,grail,Gallahad,44,True,ae1bf9faa4f3,8.54473599974881,latency-020c2a49274d.csv
2025-10-21T22:22:56.495703,shrek3,Cinderella,21,True,686bdd44bd9e,9.55198999872664,latency-020c2a49274d.csv
2025-10-21T22:22:57.016412,grail,sell,1,True,ae1bf9faa4f3,8.75948699831497,latency-020c2a49274d.csv
2025-10-21T22:22:57.538359,grail,CALLS,3,True,ae1bf9faa4f3,9.54699899739353,latency-020c2a49274d.csv
2025-10-21T22:22:58.057546,grail,it,279,True,ae1bf9faa4f3,9.01917499868432,latency-020c2a49274d.csv
2025-10-21T22:22:58.576079,shrek,GUARD,25,True,686bdd44bd9e,14.47045199893182,latency-020c2a49274d.csv
2025-10-21T22:22:59.102559,grail,Auuuuuuuugh,2,True,ae1bf9faa4f3,10.24692499777302,latency-020c2a49274d.csv
2025-10-21T22:22:59.624117,grail,the,1600,True,686bdd44bd9e,9.640729000238936,latency-020c2a49274d.csv
2025-10-21T22:23:00.145337,shrek3,CHARMING,232,True,ae1bf9faa4f3,8.10595900111366,latency-020c2a49274d.csv
2025-10-21T22:23:00.662857,shrek,No,114,True,686bdd44bd9e,9.221579999575624,latency-020c2a49274d.csv
2025-10-21T22:23:01.184155,shrek,(standing,0,True,ae1bf9faa4f3,23.840164998546243,latency-020c2a49274d.csv
2025-10-21T22:23:01.723901,grail,BEDEVERE,103,True,ae1bf9faa4f3,10.665022000466706,latency-020c2a49274d.csv
2025-10-21T22:23:02.246188,shrek3,his,238,True,ae1bf9faa4f3,8.022373996936949,latency-020c2a49274d.csv
2025-10-21T22:23:02.762270,grail,dancing,10,True,ae1bf9faa4f3,7.854002997191856,latency-020c2a49274d.csv
2025-10-21T22:23:03.278144,shrek3,you,328,True,ae1bf9faa4f3,7.71118200282217,latency-020c2a49274d.csv
2025-10-21T22:23:03.794705,shrek,Aah,6,True,ae1bf9faa4f3,9.472948000620818,latency-020c2a49274d.csv
2025-10-21T22:23:04.312612,shrek3,MERLIN,73,True,ae1bf9faa4f3,7.608353000250645,latency-020c2a49274d.csv
2025-10-21T22:23:04.828591,shrek,the,535,True,ae1bf9faa4f3,7.384470998658799,latency-020c2a49274d.csv
2025-10-21T22:23:05.343992,grail,since,10,True,ae1bf9faa4f3,9.418261000973873,latency-020c2a49274d.csv
2025-10-21T22:23:05.861248,grail,on,139,True,ae1bf9faa4f3,12.587802000780355,latency-020c2a49274d.csv
2025-10-21T22:23:06.384545,shrek,on,88,True,ae1bf9faa4f3,13.96754300003522,latency-020c2a49274d.csv
2025-10-21T22:23:06.915351,shrek,SHREK,433,True,ae1bf9faa4f3,11.373205998097546,latency-020c2a49274d.csv
2025-10-21T22:23:07.439917,grail,ANOTHER,25,True,ae1bf9faa4f3,15.899852001894033,latency-020c2a49274d.csv
2025-10-21T22:23:07.972423,shrek3,the,1285,True,686bdd44bd9e,16.606973000307335,latency-020c2a49274d.csv
2025-10-21T22:23:08.502993,shrek3,its,1,True,686bdd44bd9e,18.77080800113617,latency-020c2a49274d.csv
2025-10-21T22:23:45.227611,grail,3,18,True,ae1bf9faa4f3,9.418538000318222,latency-020c2a49274d.csv
2025-10-21T22:23:45.752273,shrek3,get,39,True,686bdd44bd9e,10.25661500170827,latency-020c2a49274d.csv
2025-10-21T22:23:46.283771,shrek3,"meet""",0,True,bab402329d33,11.36766399940825,latency-020c2a49274d.csv
2025-10-21T22:23:46.811618,shrek3,BOAT,32,True,ae1bf9faa4f3,9.146628999587849,latency-020c2a49274d.csv
2025-10-21T22:23:47.336364,shrek,field,4,True,ae1bf9faa4f3,9.56918600058998,latency-020c2a49274d.csv
2025-10-21T22:23:47.864155,shrek,on,88,True,bab402329d33,9.416449996933808,latency-020c2a49274d.csv
2025-10-21T22:23:48.391014,grail,to,718,True,ae1bf9faa4f3,12.367071001790464,latency-020c2a49274d.csv
2025-10-21T22:23:48.918827,shrek3,SHOUTING),0,True,ae1bf9faa4f3,13.129671999195123,latency-020c2a49274d.csv
2025-10-21T22:23:49.445799,shrek3,WHITE,45,True,686bdd44bd9e,12.026738997519717,latency-020c2a49274d.csv
2025-10-21T22:23:49.972533,shrek3,BOAT,32,True,ae1bf9faa4f3,12.1319339996262,latency-020c2a49274d.csv
2025-10-21T22:23:50.500354,shrek3,at,134,True,686bdd44bd9e,14.079517997743096,latency-020c2a49274d.csv
2025-10-21T22:23:51.031463,shrek,FARQUAAD,84,True,ae1bf9faa4f3,10.554398999374826,latency-020c2a49274d.csv
2025-10-21T22:23:51.556190,shrek3,its,1,True,686bdd44bd9e,15.604490999976406,latency-020c2a49274d.csv
2025-10-21T22:23:52.088861,grail,Cleese,10,True,686bdd44bd9e,11.880816997290822,latency-020c2a49274d.csv
2025-10-21T22:23:52.616238,shrek3,WHITE,45,True,ae1bf9faa4f3,16.375663999497192,latency-020c2a49274d.csv
2025-10-21T22:23:53.148962,shrek3,They,80,True,bab402329d33,13.569400998676429,latency-020c2a49274d.csv
2025-10-21T22:23:53.677316,shrek3,of,275,True,bab402329d33,15.516047998971771,latency-020c2a49274d.csv
2025-10-21T22:23:54.209876,shrek3,Hold,8,True,686bdd44bd9e,14.423431999603054,latency-020c2a49274d.csv
2025-10-21T22:23:54.738978,shrek,edge,2,True,bab402329d33,30.16676799961715,latency-020c2a49274d.csv
2025-10-21T22:23:55.284310,grail,witch,30,True,686bdd44bd9e,14.3954559971462,latency-020c2a49274d.csv
2025-10-21T22:23:55.813292,shrek,the,535,True,bab402329d33,14.151925999613011,latency-020c2a49274d.csv
2025-10-21T22:23:56.342641,shrek3,Hold,8,True,ae1bf9faa4f3,13.66092899843352,latency-020c2a49274d.csv
2025-10-21T22:23:56.873002,shrek,I,386,True,ae1bf9faa4f3,16.53371800057357,latency-020c2a49274d.csv
2025-10-21T22:23:57.404135,grail,CALLS,3,True,686bdd44bd9e,16.247614999883808,latency-020c2a49274d.csv
2025-10-21T22:23:57.939758,shrek3,still,18,True,bab402329d33,15.962379999109544,latency-020c2a49274d.csv
2025-10-21T22:23:58.470741,shrek3,with,112,True,ae1bf9faa4f3,15.33035399916116,latency-020c2a49274d.csv
2025-10-21T22:23:59.004097,grail,rows,1,True,bab402329d33,15.68423100252403,latency-020c2a49274d.csv
2025-10-21T22:23:59.538148,shrek,one,44,True,686bdd44bd9e,16.394114998547593,latency-020c2a49274d.csv
2025-10-21T22:24:00.078403,grail,Jones,7,True,686bdd44bd9e,15.80526399993687,latency-020c2a49274d.csv
2025-10-21T22:24:00.610933,shrek3,the,1285,True,bab402329d33,14.781646001210902,latency-020c2a49274d.csv
2025-10-21T22:24:01.142190,grail,pretty,7,True,bab402329d33,78.9581229983014,latency-020c2a49274d.csv
2025-10-21T22:24:01.874870,shrek3,toward,14,True,bab402329d33,10.916602001088904,latency-020c2a49274d.csv
2025-10-21T22:24:02.400132,shrek,Shrek,433,True,ae1bf9faa4f3,9.675663997768424,latency-020c2a49274d.csv
2025-10-21T22:24:02.923237,shrek3,toward,14,True,bab402329d33,8.975324999482837,latency-020c2a49274d.csv
2025-10-21T22:24:03.442383,shrek,minute,3,True,bab402329d33,8.712448998267064,latency-020c2a49274d.csv
2025-10-21T22:24:03.962220,grail,sell,1,True,686bdd44bd9e,8.576856002036948,latency-020c2a49274d.csv
2025-10-21T22:24:04.482378,shrek3,showing,1,True,bab402329d33,8.192182001948822,latency-020c2a49274d.csv
2025-10-21T22:24:05.000652,grail,pseudonym,1,True,ae1bf9faa4f3,7.706115000473801,latency-020c2a49274d.csv
2025-10-21T22:24:05.522118,shrek3,toward,14,True,686bdd44bd9e,9.29180700040888,latency-020c2a49274d.csv
2025-10-21T22:24:06.041117,shrek3,DONKEY,243,True,bab402329d33,7.822703999408986,latency-020c2a49274d.csv
2025-10-21T22:24:06.558975,shrek,fair,2,True,ae1bf9faa4f3,7.304160000785487,latency-020c2a49274d.csv
2025-10-21T22:24:07.077066,shrek3,Shrek,678,True,686bdd44bd9e,8.303392001835164,latency-020c2a49274d.csv
2025-10-21T22:24:07.596173,shrek,a,305,True,686bdd44bd9e,9.235302000888623,latency-020c2a49274d.csv
2025-10-21T22:24:08.115412,shrek3,his,238,True,bab402329d33,8.303380000143079,latency-020c2a49274d.csv
2025-10-21T22:24:08.633644,shrek3,BOAT,32,True,686bdd44bd9e,8.369025999854784,latency-020c2a49274d.csv
2025-10-21T22:22:07.276988,shrek3,ruby,1,True,bab402329d33,13.411015999736264,latency-08948317528c.csv
2025-10-21T22:22:07.798624,shrek,gone,3,True,686bdd44bd9e,12.29143899763585,latency-08948317528c.csv
2025-10-21T22:22:08.318371,shrek,FIONA'S,3,True,bab402329d33,5.8692300008260645,latency-08948317528c.csv
2025-10-21T22:22:08.831310,shrek,FIONA'S,3,True,bab402329d33,5.709893997845938,latency-08948317528c.csv
2025-10-21T22:22:09.344216,shrek,Shrek,433,True,ae1bf9faa4f3,5.80121299935854,latency-08948317528c.csv
2025-10-21T22:22:09.857222,grail,door,14,True,ae1bf9faa4f3,6.589624998014187,latency-08948317528c.csv
2025-10-21T22:22:10.372013,shrek,SHREK,433,True,686bdd44bd9e,6.527444998937426,latency-08948317528c.csv
2025-10-21T22:22:10.885764,grail,grabbing,5,True,bab402329d33,6.7663969966815785,latency-08948317528c.csv
2025-10-21T22:22:11.399823,shrek3,at,134,True,ae1bf9faa4f3,5.886344002647093,latency-08948317528c.csv
2025-10-21T22:22:11.912741,grail,54,2,True,686bdd44bd9e,5.985556999803521,latency-08948317528c.csv
2025-10-21T22:22:12.426336,shrek,DONKEY,320,True,bab402329d33,6.001860001560999,latency-08948317528c.csv
2025-10-21T22:22:12.939572,shrek3,to,511,True,ae1bf9faa4f3,6.556644999363925,latency-08948317528c.csv
2025-10-21T22:22:13.453617,grail,Michael,11,True,686bdd44bd9e,7.246837998536648,latency-08948317528c.csv
2025-10-21T22:22:13.967862,shrek3,WHITE,45,True,bab402329d33,7.13510000059614,latency-08948317528c.csv
2025-10-21T22:22:14.483760,shrek3,"Bay""",0,True,ae1bf9faa4f3,6.035681999492226,latency-08948317528c.csv
2025-10-21T22:22:14.996621,grail,"Peng,",0,True,686bdd44bd9e,15.821146000234876,latency-08948317528c.csv
2025-10-21T22:22:15.531452,grail,feel,11,True,bab402329d33,5.626844002108555,latency-08948317528c.csv
2025-10-21T22:22:16.044650,grail,-,259,True,ae1bf9faa4f3,6.40846500027692,latency-08948317528c.csv
2025-10-21T22:22:16.559810,shrek,stairs,7,True,686bdd44bd9e,9.022457998071332,latency-08948317528c.csv
2025-10-21T22:22:17.079092,grail,the,1600,True,bab402329d33,9.138697001617402,latency-08948317528c.csv
2025-10-21T22:22:17.597799,grail,grabbing,5,True,ae1bf9faa4f3,8.55046200013021,latency-08948317528c.csv
2025-10-21T22:22:18.116180,shrek3,Final,119,True,686bdd44bd9e,8.80512000003364,latency-08948317528c.csv
2025-10-21T22:22:18.635121,shrek,I,386,True,bab402329d33,9.397779998835176,latency-08948317528c.csv
2025-10-21T22:22:19.154812,shrek,rising,1,True,ae1bf9faa4f3,8.417436001764145,latency-08948317528c.csv
2025-10-21T22:22:19.673160,shrek,FARQUAAD,84,True,686bdd44bd9e,8.682814997882815,latency-08948317528c.csv
2025-10-21T22:22:20.192293,shrek,true,20,True,bab402329d33,8.424621999438386,latency-08948317528c.csv
2025-10-21T22:22:20.710785,shrek,SHREK,433,True,ae1bf9faa4f3,9.01784899906488,latency-08948317528c.csv
2025-10-21T22:22:21.229960,shrek3,with,112,True,686bdd44bd9e,9.315026003605452,latency-08948317528c.csv
2025-10-21T22:22:21.749322,shrek,swamp,18,True,bab402329d33,10.22523399660713,latency-08948317528c.csv
2025-10-21T22:22:22.269988,grail,upon,13,True,ae1bf9faa4f3,8.602874997450272,latency-08948317528c.csv
2025-10-21T22:22:22.790228,grail,pause,10,True,686bdd44bd9e,8.317638999869814,latency-08948317528c.csv
2025-10-21T22:22:23.308201,shrek3,CHARMING,232,True,bab402329d33,7.902346998889698,latency-08948317528c.csv
2025-10-21T22:22:23.825425,grail,king,136,True,ae1bf9faa4f3,8.605907001765445,latency-08948317528c.csv
2025-10-21T22:22:24.341794,grail,dancing,10,True,686bdd44bd9e,8.384053999179741,latency-08948317528c.csv
2025-10-21T22:22:24.859564,shrek,FIONA,211,True,bab402329d33,8.079808998445515,latency-08948317528c.csv
2025-10-21T22:22:25.377574,shrek3,field,3,True,ae1bf9faa4f3,8.061628999712411,latency-08948317528c.csv
2025-10-21T22:22:25.895301,shrek3,BOAT,32,True,686bdd44bd9e,8.544445998268202,latency-08948317528c.csv
2025-10-21T22:22:26.413986,shrek3,youre,0,True,bab402329d33,8.558353001717478,latency-08948317528c.csv
2025-10-21T22:22:26.932967,shrek,SHREK,433,True,ae1bf9faa4f3,8.18323000203236,latency-08948317528c.csv
2025-10-21T22:22:27.450501,shrek3,of,275,True,686bdd44bd9e,7.955199998832541,latency-08948317528c.csv
2025-10-21T22:22:27.969097,shrek,gone,3,True,bab402329d33,8.537727997463662,latency-08948317528c.csv
2025-10-21T22:22:28.487469,shrek3,TO,511,True,ae1bf9faa4f3,8.320482000272023,latency-08948317528c.csv
2025-10-21T22:22:29.006265,shrek3,Guards,23,True,686bdd44bd9e,9.970629998861114,latency-08948317528c.csv
2025-10-21T22:22:29.526407,shrek,CROWD,5,True,bab402329d33,9.000450001622085,latency-08948317528c.csv
2025-10-21T22:22:30.046297,shrek,transport,1,True,ae1bf9faa4f3,9.0561479992175,latency-08948317528c.csv
2025-10-21T22:22:30.565825,grail,19Prince,0,True,686bdd44bd9e,9.345474001747789,latency-08948317528c.csv
2025-10-21T22:22:31.084667,shrek3,an,51,True,bab402329d33,15.413393997732785,latency-08948317528c.csv
2025-10-21T22:22:31.613381,grail,ANOTHER,25,True,ae1bf9faa4f3,8.375063000130467,latency-08948317528c.csv
2025-10-21T22:22:32.131422,shrek,a,305,True,686bdd44bd9e,8.484061003400711,latency-08948317528c.csv
2025-10-21T22:22:32.650182,grail,on,139,True,bab402329d33,8.474508998915553,latency-08948317528c.csv
2025-10-21T22:22:33.169123,shrek,SHREK,433,True,ae1bf9faa4f3,8.68569899830618,latency-08948317528c.csv
2025-10-21T22:22:33.688025,grail,them,41,True,686bdd44bd9e,8.778721999988193,latency-08948317528c.csv
2025-10-21T22:22:34.206860,shrek3,WHITE,45,True,bab402329d33,8.88685300014913,latency-08948317528c.csv
2025-10-21T22:22:34.726292,shrek3,get,39,True,ae1bf9faa4f3,7.215846999315545,latency-08948317528c.csv
2025-10-21T22:22:35.243270,grail,the,1600,True,686bdd44bd9e,8.02531400040607,latency-08948317528c.csv
2025-10-21T22:22:35.761029,shrek3,Donkey,243,True,bab402329d33,8.594671002356336,latency-08948317528c.csv
2025-10-21T22:22:36.279994,shrek3,ruby,1,True,ae1bf9faa4f3,9.044443002494518,latency-08948317528c.csv
2025-10-21T22:22:36.798902,shrek,your,49,True,686bdd44bd9e,9.053533998667262,latency-08948317528c.csv
2025-10-21T22:22:37.318092,shrek3,Whoa,7,True,bab402329d33,9.90286599699175,latency-08948317528c.csv
2025-10-21T22:22:37.842117,shrek3,of,275,True,ae1bf9faa4f3,8.252615996752866,latency-08948317528c.csv
2025-10-21T22:22:38.360884,grail,about,49,True,686bdd44bd9e,9.537646001263056,latency-08948317528c.csv
2025-10-21T22:22:38.880321,shrek3,Artie,213,True,bab402329d33,9.24354100061464,latency-08948317528c.csv
2025-10-21T22:22:39.398894,grail,Ecky-Ecky-Ecky,1,True,686bdd44bd9e,9.21110499984934,latency-08948317528c.csv
2025-10-21T22:22:39.917925,shrek,to,268,True,ae1bf9faa4f3,2581.5298880006594,latency-08948317528c.csv
2025-10-21T22:22:43.007323,shrek3,SCHOOL,14,True,ae1bf9faa4f3,8.187059000192676,latency-08948317528c.csv
2025-10-21T22:22:43.523982,shrek,old,10,True,ae1bf9faa4f3,8.70936999854166,latency-08948317528c.csv
2025-10-21T22:22:44.041852,grail,going,21,True,ae1bf9faa4f3,7.964591000927612,latency-08948317528c.csv
2025-10-21T22:22:44.558213,grail,time,33,True,ae1bf9faa4f3,8.52767899777973,latency-08948317528c.csv
2025-10-21T22:22:45.077388,shrek3,PRINCE,207,True,ae1bf9faa4f3,8.032510999328224,latency-08948317528c.csv
2025-10-21T22:22:45.594790,shrek3,OGRE,39,True,ae1bf9faa4f3,8.926958002120955,latency-08948317528c.csv
2025-10-21T22:22:46.114486,shrek,whole,10,True,686bdd44bd9e,8.794838002359029,latency-08948317528c.csv
2025-10-21T22:22:46.633620,shrek3,Third,121,True,ae1bf9faa4f3,9.39868000205024,latency-08948317528c.csv
2025-10-21T22:22:47.152813,shrek3,DONKEY,243,True,ae1bf9faa4f3,8.405250999203417,latency-08948317528c.csv
2025-10-21T22:22:47.671175,grail,Aaaaugh,9,True,686bdd44bd9e,9.54188000105205,latency-08948317528c.csv
2025-10-21T22:22:48.190700,shrek3,DONKEY,243,True,ae1bf9faa4f3,9.40275399989332,latency-08948317528c.csv
2025-10-21T22:22:48.710563,shrek,I,386,True,ae1bf9faa4f3,8.990989001176786,latency-08948317528c.csv
2025-10-21T22:22:49.228386,grail,"Peng,",0,True,686bdd44bd9e,8.326423001562944,latency-08948317528c.csv
2025-10-21T22:22:49.746824,grail,Guard,106,True,686bdd44bd9e,8.64341200212948,latency-08948317528c.csv
2025-10-21T22:22:50.269736,shrek,FIONA,211,True,ae1bf9faa4f3,7.824410000466742,latency-08948317528c.csv
2025-10-21T22:22:50.787115,shrek,he,118,True,686bdd44bd9e,8.473317000607494,latency-08948317528c.csv
2025-10-21T22:22:51.304979,grail,lost,6,True,686bdd44bd9e,10.563237003225368,latency-08948317528c.csv
2025-10-21T22:22:51.831939,grail,them,41,True,ae1bf9faa4f3,8.60218300294946,latency-08948317528c.csv
2025-10-21T22:22:52.350606,shrek,DONKEY,320,True,ae1bf9faa4f3,7.809778999217087,latency-08948317528c.csv
2025-10-21T22:22:52.867467,grail,toward,10,True,ae1bf9faa4f3,8.166585997969378,latency-08948317528c.csv
2025-10-21T22:22:53.385509,grail,thus,5,True,686bdd44bd9e,8.853800001816126,latency-08948317528c.csv
2025-10-21T22:22:53.903488,shrek,one,44,True,686bdd44bd9e,8.543754000129411,latency-08948317528c.csv
2025-10-21T22:22:54.420924,shrek3,fall,6,True,686bdd44bd9e,7.286653999472037,latency-08948317528c.csv
2025-10-21T22:22:54.938439,shrek,at,62,True,686bdd44bd9e,9.070464999240356,latency-08948317528c.csv
2025-10-21T22:22:55.458145,shrek3,116,1,True,ae1bf9faa4f3,8.814435001113452,latency-08948317528c.csv
2025-10-21T22:22:55.977613,shrek,SHREK,433,True,686bdd44bd9e,8.462289999442874,latency-08948317528c.csv
2025-10-21T22:22:56.495702,shrek,What,104,True,ae1bf9faa4f3,9.41497799794888,latency-08948317528c.csv
2025-10-21T22:22:57.016408,shrek3,SHREK,678,True,686bdd44bd9e,8.671265000884887,latency-08948317528c.csv
2025-10-21T22:22:57.538158,shrek,"Ha,",0,True,686bdd44bd9e,8.785963000264019,latency-08948317528c.csv
2025-10-21T22:22:58.057193,shrek,cottage,4,True,686bdd44bd9e,9.384978999150915,latency-08948317528c.csv
2025-10-21T22:22:58.576105,shrek3,of,275,True,ae1bf9faa4f3,14.520415003062226,latency-08948317528c.csv
2025-10-21T22:22:59.102561,shrek,And,318,True,686bdd44bd9e,10.312131998944096,latency-08948317528c.csv
2025-10-21T22:22:59.624126,grail,from,94,True,ae1bf9faa4f3,9.600501998647816,latency-08948317528c.csv
2025-10-21T22:23:00.145339,shrek3,reason,2,True,686bdd44bd9e,8.537117999367183,latency-08948317528c.csv
2025-10-21T22:23:00.663177,shrek,FIONA,211,True,ae1bf9faa4f3,8.907596999051748,latency-08948317528c.csv
2025-10-21T22:23:01.181843,shrek3,the,1285,True,686bdd44bd9e,9.923862002324311,latency-08948317528c.csv
2025-10-21T22:23:01.711261,shrek3,PUSS,196,True,686bdd44bd9e,9.446727002796251,latency-08948317528c.csv
2025-10-21T22:23:02.231423,shrek,CROWD,5,True,686bdd44bd9e,8.102621999569237,latency-08948317528c.csv
2025-10-21T22:23:02.748742,grail,about,49,True,686bdd44bd9e,7.415431999106659,latency-08948317528c.csv
2025-10-21T22:23:03.265096,shrek3,and,576,True,686bdd44bd9e,8.403820000239648,latency-08948317528c.csv
2025-10-21T22:23:03.783185,shrek,true,20,True,686bdd44bd9e,7.515895002143225,latency-08948317528c.csv
2025-10-21T22:23:04.301754,grail,Yeah,13,True,686bdd44bd9e,6.81357700159424,latency-08948317528c.csv
2025-10-21T22:23:04.817632,shrek,happily,2,True,686bdd44bd9e,8.111797000310617,latency-08948317528c.csv
2025-10-21T22:23:05.335676,shrek,and,318,True,686bdd44bd9e,12.405527999362675,latency-08948317528c.csv
2025-10-21T22:23:05.857060,shrek,DONKEY,320,True,686bdd44bd9e,12.229315001604846,latency-08948317528c.csv
2025-10-21T22:23:06.381552,shrek3,toward,14,True,686bdd44bd9e,15.547816001344472,latency-08948317528c.csv
2025-10-21T22:23:06.913745,grail,few,8,True,686bdd44bd9e,12.405726996803423,latency-08948317528c.csv
2025-10-21T22:23:07.439384,grail,"Oh,",2,True,686bdd44bd9e,15.951173001667485,latency-08948317528c.csv
2025-10-21T22:23:07.972014,shrek,He,118,True,ae1bf9faa4f3,16.418577997683315,latency-08948317528c.csv
2025-10-21T22:23:08.502467,grail,CALLS,3,True,ae1bf9faa4f3,15.12498199736001,latency-08948317528c.csv
2025-10-21T22:23:09.033938,grail,"Peng,",0,True,686bdd44bd9e,15.055423999001505,latency-08948317528c.csv
2025-10-21T22:23:09.560272,grail,the,1600,True,686bdd44bd9e,12.25212400095188,latency-08948317528c.csv
2025-10-21T22:23:10.083672,shrek,"Ha,",0,True,686bdd44bd9e,11.79001899799914,latency-08948317528c.csv
2025-10-21T22:23:10.608697,shrek,transport,1,True,686bdd44bd9e,9.867151999060296,latency-08948317528c.csv
2025-10-21T22:23:11.129862,shrek3,time,23,True,686bdd44bd9e,11.984795000898885,latency-08948317528c.csv
2025-10-21T22:23:11.654440,shrek,What,104,True,686bdd44bd9e,11.979048998910002,latency-08948317528c.csv
2025-10-21T22:23:12.179465,shrek,token,1,True,686bdd44bd9e,9.117434001382207,latency-08948317528c.csv
2025-10-21T22:23:12.698885,shrek,will,16,True,686bdd44bd9e,9.67222199687967,latency-08948317528c.csv
2025-10-21T22:23:13.218354,shrek3,his,238,True,686bdd44bd9e,8.757269999478012,latency-08948317528c.csv
2025-10-21T22:23:13.737502,shrek,its,1,True,686bdd44bd9e,9.155240000836784,latency-08948317528c.csv
2025-10-21T22:23:14.257212,grail,To,718,True,686bdd44bd9e,12.181625999801328,latency-08948317528c.csv
2025-10-21T22:23:14.779926,shrek,cottage,4,True,686bdd44bd9e,10.73391099998844,latency-08948317528c.csv
2025-10-21T22:23:15.302930,shrek,What,104,True,686bdd44bd9e,14.82588399812812,latency-08948317528c.csv
2025-10-21T22:23:15.829260,grail,singing,33,True,686bdd44bd9e,8.464546001050621,latency-08948317528c.csv
2025-10-21T22:23:16.348226,shrek,FIONA,211,True,686bdd44bd9e,9.66831900223042,latency-08948317528c.csv
2025-10-21T22:23:16.868711,grail,Tm,5,True,686bdd44bd9e,10.555223998380823,latency-08948317528c.csv
2025-10-21T22:23:17.392544,grail,rows,1,True,686bdd44bd9e,13.33413899919833,latency-08948317528c.csv
2025-10-21T22:23:17.918152,shrek3,Donkey,243,True,686bdd44bd9e,10.9055500033719,latency-08948317528c.csv
2025-10-21T22:23:18.438865,grail,-,259,True,686bdd44bd9e,10.236335001536643,latency-08948317528c.csv
2025-10-21T22:23:18.958764,shrek3,cosmic,1,True,686bdd44bd9e,10.139558002265405,latency-08948317528c.csv
2025-10-21T22:23:19.480097,grail,it,279,True,686bdd44bd9e,10.627723000652622,latency-08948317528c.csv
2025-10-21T22:23:20.000112,shrek,lay,2,True,686bdd44bd9e,10.680518997105535,latency-08948317528c.csv
2025-10-21T22:23:20.520425,shrek3,OGRE,39,True,686bdd44bd9e,8.743029000470415,latency-08948317528c.csv
2025-10-21T22:23:21.040121,shrek,after,10,True,686bdd44bd9e,13.975339999888092,latency-08948317528c.csv
2025-10-21T22:23:21.566472,shrek3,with,112,True,686bdd44bd9e,10.564776999672176,latency-08948317528c.csv
2025-10-21T22:23:22.088904,shrek,lay,2,True,686bdd44bd9e,8.92099599877838,latency-08948317528c.csv
2025-10-21T22:23:22.607576,shrek3,and,576,True,686bdd44bd9e,10.754088001704076,latency-08948317528c.csv
2025-10-21T22:23:23.127586,shrek,fair,2,True,686bdd44bd9e,9.845828000834445,latency-08948317528c.csv
2025-10-21T22:23:23.648414,grail,chops,3,True,686bdd44bd9e,9.534805998555385,latency-08948317528c.csv
2025-10-21T22:23:24.165760,shrek,its,1,True,686bdd44bd9e,11.040010998840444,latency-08948317528c.csv
2025-10-21T22:23:24.688024,grail,the,1600,True,686bdd44bd9e,9.517090002191251,latency-08948317528c.csv
2025-10-21T22:23:25.208516,shrek3,Artie,213,True,686bdd44bd9e,9.50504100183025,latency-08948317528c.csv
2025-10-21T22:23:25.729711,grail,LANCELOT,59,True,686bdd44bd9e,13.711268002225552,latency-08948317528c.csv
2025-10-21T22:23:26.255204,grail,pseudonym,1,True,686bdd44bd9e,9.83924599859165,latency-08948317528c.csv
2025-10-21T22:23:26.776234,grail,singing,33,True,686bdd44bd9e,9.155432002444286,latency-08948317528c.csv
2025-10-21T22:23:27.295942,shrek3,ho,8,True,686bdd44bd9e,9.105732999159954,latency-08948317528c.csv
2025-10-21T22:23:27.814936,shrek,Nobody,4,True,686bdd44bd9e,10.272796997014666,latency-08948317528c.csv
2025-10-21T22:23:28.338944,shrek,after,10,True,686bdd44bd9e,9.198511001159204,latency-08948317528c.csv
2025-10-21T22:23:28.871830,shrek,I,386,True,686bdd44bd9e,9.427381999557838,latency-08948317528c.csv
2025-10-21T22:23:29.392111,shrek3,SHOUTING),0,True,686bdd44bd9e,8.828310998069355,latency-08948317528c.csv
2025-10-21T22:23:29.911162,grail,thus,5,True,686bdd44bd9e,10.4853800003184,latency-08948317528c.csv
2025-10-21T22:23:30.434758,shrek,Nobody,4,True,686bdd44bd9e,9.01626899940311,latency-08948317528c.csv
2025-10-21T22:23:30.954123,shrek3,the,1285,True,686bdd44bd9e,9.52116299959016,latency-08948317528c.csv
2025-10-21T22:23:31.474208,grail,it,279,True,686bdd44bd9e,12.455839998438025,latency-08948317528c.csv
2025-10-21T22:23:31.999018,shrek,I,386,True,686bdd44bd9e,10.211889002675887,latency-08948317528c.csv
2025-10-21T22:23:32.520128,grail,Michael,11,True,686bdd44bd9e,9.187709998514038,latency-08948317528c.csv
2025-10-21T22:23:33.038644,shrek3,Ahh,8,True,686bdd44bd9e,10.68556400059606,latency-08948317528c.csv
2025-10-21T22:23:33.600850,shrek3,its,1,True,686bdd44bd9e,11.302589999104384,latency-08948317528c.csv
2025-10-21T22:23:34.123032,grail,LTD,6,True,686bdd44bd9e,10.352872999646934,latency-08948317528c.csv
2025-10-21T22:23:34.644088,grail,us,32,True,686bdd44bd9e,9.03803599794628,latency-08948317528c.csv
2025-10-21T22:23:35.163581,shrek,edge,2,True,ae1bf9faa4f3,7.728525000857189,latency-08948317528c.csv
2025-10-21T22:23:35.683035,grail,Ecky-Ecky-Ecky,1,True,bab402329d33,20.559512999170693,latency-08948317528c.csv
2025-10-21T22:23:36.213210,shrek3,what,82,True,686bdd44bd9e,8.207439997931942,latency-08948317528c.csv
2025-10-21T22:23:36.730385,shrek,cottage,4,True,bab402329d33,8.47559999965597,latency-08948317528c.csv
2025-10-21T22:23:37.247314,grail,to,718,True,ae1bf9faa4f3,7.615872000314994,latency-08948317528c.csv
2025-10-21T22:23:37.763775,shrek3,CHARMING,232,True,686bdd44bd9e,7.857384996896144,latency-08948317528c.csv
2025-10-21T22:23:38.281770,grail,ANOTHER,25,True,bab402329d33,8.748827000090387,latency-08948317528c.csv
2025-10-21T22:23:38.802420,shrek,Is,132,True,ae1bf9faa4f3,9.044173999427583,latency-08948317528c.csv
2025-10-21T22:23:39.324340,grail,Aaaaugh,9,True,ae1bf9faa4f3,9.102148997044424,latency-08948317528c.csv
2025-10-21T22:23:39.844348,shrek3,what,82,True,bab402329d33,8.348446001036791,latency-08948317528c.csv
2025-10-21T22:23:40.364065,grail,cross,13,True,bab402329d33,9.47500999973272,latency-08948317528c.csv
2025-10-21T22:23:40.885450,shrek,his,48,True,686bdd44bd9e,9.026974999869708,latency-08948317528c.csv
2025-10-21T22:23:41.410188,grail,for,118,True,bab402329d33,9.957029000361215,latency-08948317528c.csv
2025-10-21T22:23:41.935099,shrek3,SHOUTING),0,True,bab402329d33,8.04253299793345,latency-08948317528c.csv
2025-10-21T22:23:42.454620,grail,Jones,7,True,686bdd44bd9e,8.321132001583464,latency-08948317528c.csv
2025-10-21T22:23:42.976336,shrek3,RAPUNZEL,30,True,bab402329d33,8.747961997869425,latency-08948317528c.csv
2025-10-21T22:23:43.496321,grail,LANCELOT,59,True,bab402329d33,9.881816997221904,latency-08948317528c.csv
2025-10-21T22:23:44.016977,grail,is,317,True,ae1bf9faa4f3,10.805627000081586,latency-08948317528c.csv
2025-10-21T22:23:44.553672,shrek3,ARTIE,213,True,bab402329d33,11.36865599983139,latency-08948317528c.csv
2025-10-21T22:23:45.077708,shrek,DONKEY,320,True,bab402329d33,9.010760000819571,latency-08948317528c.csv
2025-10-21T22:23:45.596329,grail,at,104,True,686bdd44bd9e,8.602368001447758,latency-08948317528c.csv
2025-10-21T22:23:46.115580,shrek3,Gingerbread,37,True,686bdd44bd9e,8.736170002521249,latency-08948317528c.csv
2025-10-21T22:23:46.635340,shrek3,cues,3,True,ae1bf9faa4f3,8.981852999568218,latency-08948317528c.csv
2025-10-21T22:23:47.157239,grail,music,21,True,686bdd44bd9e,8.076576003077207,latency-08948317528c.csv
2025-10-21T22:23:47.675308,shrek3,glass,9,True,686bdd44bd9e,9.612245001335396,latency-08948317528c.csv
2025-10-21T22:23:48.196286,shrek3,boomerang,1,True,bab402329d33,8.650764997582883,latency-08948317528c.csv
2025-10-21T22:23:48.716525,shrek,DONKEY,320,True,ae1bf9faa4f3,9.012043999973685,latency-08948317528c.csv
2025-10-21T22:23:49.237008,shrek,SHREK,433,True,bab402329d33,8.70663100067759,latency-08948317528c.csv
2025-10-21T22:23:49.756443,shrek,I,386,True,bab402329d33,8.849089001159882,latency-08948317528c.csv
2025-10-21T22:23:50.275547,grail,and,722,True,ae1bf9faa4f3,8.63091999781318,latency-08948317528c.csv
2025-10-21T22:23:50.793756,shrek3,SHREK,678,True,bab402329d33,9.153833998425398,latency-08948317528c.csv
2025-10-21T22:23:51.314190,shrek3,you,328,True,bab402329d33,10.523968998313649,latency-08948317528c.csv
2025-10-21T22:23:51.841151,shrek3,WHITE,45,True,ae1bf9faa4f3,10.34459299989976,latency-08948317528c.csv
2025-10-21T22:23:52.369159,grail,Jones,7,True,686bdd44bd9e,7.941509000374936,latency-08948317528c.csv
2025-10-21T22:23:52.886519,shrek3,RAPUNZEL,30,True,bab402329d33,8.145085001160624,latency-08948317528c.csv
2025-10-21T22:23:53.405831,shrek,Blah,1,True,ae1bf9faa4f3,7.641790998604847,latency-08948317528c.csv
2025-10-21T22:23:53.924003,shrek,minute,3,True,686bdd44bd9e,10.240268999041293,latency-08948317528c.csv
2025-10-21T22:23:54.450237,shrek,looks,37,True,bab402329d33,9.004376999655506,latency-08948317528c.csv
2025-10-21T22:23:54.969846,grail,elected,2,True,ae1bf9faa4f3,8.531451003364054,latency-08948317528c.csv
2025-10-21T22:23:55.489310,shrek3,"Suddenly,",0,True,686bdd44bd9e,8.495246998791117,latency-08948317528c.csv
2025-10-21T22:23:56.009185,shrek3,Ahh,8,True,bab402329d33,8.55766200038488,latency-08948317528c.csv
2025-10-21T22:23:56.527844,shrek3,flaming,2,True,ae1bf9faa4f3,8.985516000393545,latency-08948317528c.csv
2025-10-21T22:23:57.047472,grail,king,136,True,686bdd44bd9e,8.706118998816237,latency-08948317528c.csv
2025-10-21T22:23:57.567064,shrek,placed,1,True,bab402329d33,8.831963998090941,latency-08948317528c.csv
2025-10-21T22:23:58.086940,grail,king,136,True,ae1bf9faa4f3,8.762094999838155,latency-08948317528c.csv
2025-10-21T22:23:58.604988,shrek3,right,36,True,686bdd44bd9e,9.9616289990081,latency-08948317528c.csv
2025-10-21T22:23:59.128012,grail,3,18,True,bab402329d33,8.680668001034064,latency-08948317528c.csv
2025-10-21T22:23:59.646252,shrek,you,409,True,ae1bf9faa4f3,9.96825699985493,latency-08948317528c.csv
2025-10-21T22:24:00.166838,shrek3,WOLF,7,True,686bdd44bd9e,9.534554999845568,latency-08948317528c.csv
2025-10-21T22:24:00.685925,shrek,a,305,True,bab402329d33,9.872504000668414,latency-08948317528c.csv
2025-10-21T22:24:01.226761,shrek3,SHOUTING),0,True,686bdd44bd9e,34.680518998357,latency-08948317528c.csv
2025-10-21T22:24:01.792164,grail,G,6,True,686bdd44bd9e,16.73850999941351,latency-08948317528c.csv
2025-10-21T22:24:02.320321,grail,“I,0,True,bab402329d33,8.817219000775367,latency-08948317528c.csv
2025-10-21T22:24:02.839482,shrek,after,10,True,bab402329d33,8.80338799834135,latency-08948317528c.csv
2025-10-21T22:24:03.358110,shrek,SHREK,433,True,ae1bf9faa4f3,8.881260000634938,latency-08948317528c.csv
2025-10-21T22:24:03.877452,shrek3,-,110,True,bab402329d33,8.569730998715386,latency-08948317528c.csv
2025-10-21T22:24:04.395380,shrek,tell,25,True,ae1bf9faa4f3,8.407994999288348,latency-08948317528c.csv
2025-10-21T22:24:04.913440,shrek,swamp,18,True,686bdd44bd9e,8.52488300006371,latency-08948317528c.csv
2025-10-21T22:24:05.430526,shrek,whistles,2,True,686bdd44bd9e,8.285519001219654,latency-08948317528c.csv
2025-10-21T22:24:05.947947,shrek,FIONA,211,True,ae1bf9faa4f3,8.152113998221466,latency-08948317528c.csv
2025-10-21T22:24:06.465258,grail,Aaaaugh,9,True,ae1bf9faa4f3,8.619289998023305,latency-08948317528c.csv
2025-10-21T22:24:06.982495,shrek,gone,3,True,bab402329d33,8.278143002826255,latency-08948317528c.csv
2025-10-21T22:24:07.502321,shrek,Blah,1,True,bab402329d33,8.35093600107939,latency-08948317528c.csv
2025-10-21T22:24:08.019984,grail,“I,0,True,686bdd44bd9e,8.971745999588165,latency-08948317528c.csv
2025-10-21T22:24:08.538822,grail,ANOTHER,25,True,bab402329d33,9.083764998649713,latency-08948317528c.csv
2025-10-21T22:22:09.058155,shrek,GUARD,25,True,bab402329d33,6.563359998835949,latency-2f43d4d4aadd.csv
2025-10-21T22:22:09.572827,shrek3,PUSS,196,True,686bdd44bd9e,7.733922000625171,latency-2f43d4d4aadd.csv
2025-10-21T22:22:10.088259,grail,(as,0,True,bab402329d33,6.014725000568433,latency-2f43d4d4aadd.csv
2025-10-21T22:22:10.601265,shrek3,what,82,True,ae1bf9faa4f3,5.945552999037318,latency-2f43d4d4aadd.csv
2025-10-21T22:22:11.114786,grail,"Peng,",0,True,686bdd44bd9e,6.826758999523008,latency-2f43d4d4aadd.csv
2025-10-21T22:22:11.629289,shrek3,Shrek,678,True,bab402329d33,6.154556002002209,latency-2f43d4d4aadd.csv
2025-10-21T22:22:12.148720,shrek,gone,3,True,ae1bf9faa4f3,5.621194999548607,latency-2f43d4d4aadd.csv
2025-10-21T22:22:12.661612,grail,to,718,True,686bdd44bd9e,6.52318599895807,latency-2f43d4d4aadd.csv
2025-10-21T22:22:13.178244,shrek,DONKEY,320,True,bab402329d33,6.410318997950526,latency-2f43d4d4aadd.csv
2025-10-21T22:22:13.694328,shrek,Blah,1,True,ae1bf9faa4f3,6.04853299955721,latency-2f43d4d4aadd.csv
2025-10-21T22:22:14.207776,grail,are,114,True,686bdd44bd9e,5.857161999301752,latency-2f43d4d4aadd.csv
2025-10-21T22:22:14.720554,shrek,help,5,True,bab402329d33,5.644467997626634,latency-2f43d4d4aadd.csv
2025-10-21T22:22:15.232998,grail,the,1600,True,ae1bf9faa4f3,9.155822997854555,latency-2f43d4d4aadd.csv
2025-10-21T22:22:15.753704,shrek,old,10,True,686bdd44bd9e,5.976478998491075,latency-2f43d4d4aadd.csv
2025-10-21T22:22:16.266021,grail,I,298,True,bab402329d33,7.323047997488175,latency-2f43d4d4aadd.csv
2025-10-21T22:22:16.780522,shrek,I,386,True,ae1bf9faa4f3,8.032124002056662,latency-2f43d4d4aadd.csv
2025-10-21T22:22:17.298854,grail,cross,13,True,686bdd44bd9e,8.800223997241119,latency-2f43d4d4aadd.csv
2025-10-21T22:22:17.817033,shrek,I,386,True,bab402329d33,7.554656000138493,latency-2f43d4d4aadd.csv
2025-10-21T22:22:18.333534,shrek,FIONA,211,True,ae1bf9faa4f3,8.412306997342966,latency-2f43d4d4aadd.csv
2025-10-21T22:22:18.851911,shrek,No,114,True,686bdd44bd9e,7.856550000724383,latency-2f43d4d4aadd.csv
2025-10-21T22:22:19.368776,shrek3,us,12,True,bab402329d33,9.00961300067138,latency-2f43d4d4aadd.csv
2025-10-21T22:22:19.889950,shrek,afraid,8,True,bab402329d33,8.795204001216916,latency-2f43d4d4aadd.csv
2025-10-21T22:22:20.408663,shrek,DONKEY,320,True,ae1bf9faa4f3,10.927390998404007,latency-2f43d4d4aadd.csv
2025-10-21T22:22:20.932960,grail,from,94,True,686bdd44bd9e,9.188239997456549,latency-2f43d4d4aadd.csv
2025-10-21T22:22:21.456457,grail,(as,0,True,ae1bf9faa4f3,9.217696002451705,latency-2f43d4d4aadd.csv
2025-10-21T22:22:21.983544,shrek3,Im,1,True,686bdd44bd9e,8.393952000915306,latency-2f43d4d4aadd.csv
2025-10-21T22:22:22.502038,shrek,He,118,True,bab402329d33,7.3549980006646365,latency-2f43d4d4aadd.csv
2025-10-21T22:22:23.020073,shrek3,ruby,1,True,ae1bf9faa4f3,7.267250999575481,latency-2f43d4d4aadd.csv
2025-10-21T22:22:23.536220,shrek,and,318,True,686bdd44bd9e,7.572501999675296,latency-2f43d4d4aadd.csv
2025-10-21T22:22:24.052205,shrek,and,318,True,bab402329d33,7.377360001555644,latency-2f43d4d4aadd.csv
2025-10-21T22:22:24.568319,grail,Christ,8,True,ae1bf9faa4f3,8.718225002667168,latency-2f43d4d4aadd.csv
2025-10-21T22:22:25.087312,shrek,FIONA,211,True,686bdd44bd9e,6.497483002021909,latency-2f43d4d4aadd.csv
2025-10-21T22:22:25.603131,shrek,after,10,True,bab402329d33,8.23412500176346,latency-2f43d4d4aadd.csv
2025-10-21T22:22:26.121008,grail,few,8,True,ae1bf9faa4f3,8.386252000491368,latency-2f43d4d4aadd.csv
2025-10-21T22:22:26.642591,shrek3,Guards,23,True,686bdd44bd9e,8.677236000949051,latency-2f43d4d4aadd.csv
2025-10-21T22:22:27.161592,grail,on,139,True,686bdd44bd9e,9.20840899925679,latency-2f43d4d4aadd.csv
2025-10-21T22:22:27.684190,grail,is,317,True,ae1bf9faa4f3,8.817729998554569,latency-2f43d4d4aadd.csv
2025-10-21T22:22:28.205333,grail,pretty,7,True,ae1bf9faa4f3,9.215267000399765,latency-2f43d4d4aadd.csv
2025-10-21T22:22:28.727397,shrek3,and,576,True,686bdd44bd9e,9.424846000911202,latency-2f43d4d4aadd.csv
2025-10-21T22:22:29.249103,grail,Tm,5,True,bab402329d33,9.695682998426491,latency-2f43d4d4aadd.csv
2025-10-21T22:22:29.768546,shrek3,"Suddenly,",0,True,ae1bf9faa4f3,10.60956699802773,latency-2f43d4d4aadd.csv
2025-10-21T22:22:30.289141,shrek,to,268,True,686bdd44bd9e,11.99665899912361,latency-2f43d4d4aadd.csv
2025-10-21T22:22:30.814038,shrek3,ho,8,True,686bdd44bd9e,9.940931002347495,latency-2f43d4d4aadd.csv
2025-10-21T22:22:31.334168,grail,Jones,7,True,bab402329d33,18.761766001262004,latency-2f43d4d4aadd.csv
2025-10-21T22:22:31.878128,shrek3,Uh,18,True,ae1bf9faa4f3,15.591241000947775,latency-2f43d4d4aadd.csv
2025-10-21T22:22:32.404805,shrek3,Shrek,678,True,686bdd44bd9e,7.523374002630589,latency-2f43d4d4aadd.csv
2025-10-21T22:22:32.921984,grail,-,259,True,bab402329d33,9.548576999804936,latency-2f43d4d4aadd.csv
2025-10-21T22:22:33.443921,shrek,DONKEY,320,True,ae1bf9faa4f3,7.880365999881178,latency-2f43d4d4aadd.csv
2025-10-21T22:22:33.962287,shrek3,reason,2,True,686bdd44bd9e,9.369184997922275,latency-2f43d4d4aadd.csv
2025-10-21T22:22:34.481811,shrek3,PUSS,196,True,bab402329d33,11.889434998010984,latency-2f43d4d4aadd.csv
2025-10-21T22:22:35.005058,shrek3,They,80,True,686bdd44bd9e,10.06420300109312,latency-2f43d4d4aadd.csv
2025-10-21T22:22:35.530481,shrek,help,5,True,ae1bf9faa4f3,10.86383399888291,latency-2f43d4d4aadd.csv
2025-10-21T22:22:36.051791,shrek,gone,3,True,ae1bf9faa4f3,10.168001001147786,latency-2f43d4d4aadd.csv
2025-10-21T22:22:36.573016,grail,the,1600,True,686bdd44bd9e,9.387726000568364,latency-2f43d4d4aadd.csv
2025-10-21T22:22:37.094992,shrek3,SHREK,678,True,686bdd44bd9e,10.609002001729095,latency-2f43d4d4aadd.csv
2025-10-21T22:22:37.616089,grail,Rostmm,1,True,bab402329d33,10.116280998772709,latency-2f43d4d4aadd.csv
2025-10-21T22:22:38.135616,shrek3,2,8,True,686bdd44bd9e,9.567820001393557,latency-2f43d4d4aadd.csv
2025-10-21T22:22:38.655860,shrek,not,50,True,ae1bf9faa4f3,10.355009999329924,latency-2f43d4d4aadd.csv
2025-10-21T22:22:39.177740,shrek3,its,1,True,bab402329d33,10.425902000861242,latency-2f43d4d4aadd.csv
2025-10-21T22:22:39.701421,shrek3,dat,1,True,686bdd44bd9e,2572.1348599981866,latency-2f43d4d4aadd.csv
2025-10-21T22:22:42.783008,shrek,after,10,True,ae1bf9faa4f3,8.217071001126897,latency-2f43d4d4aadd.csv
2025-10-21T22:22:43.301041,shrek,minute,3,True,ae1bf9faa4f3,8.21898099820828,latency-2f43d4d4aadd.csv
2025-10-21T22:22:43.818954,shrek3,EVIL,59,True,ae1bf9faa4f3,8.23555200258852,latency-2f43d4d4aadd.csv
2025-10-21T22:22:44.337957,shrek3,BOAT,32,True,ae1bf9faa4f3,8.699500998773146,latency-2f43d4d4aadd.csv
2025-10-21T22:22:44.857219,grail,to,718,True,ae1bf9faa4f3,10.550083999987692,latency-2f43d4d4aadd.csv
2025-10-21T22:22:45.377522,shrek3,SHREK,678,True,ae1bf9faa4f3,8.30193399815471,latency-2f43d4d4aadd.csv
2025-10-21T22:22:45.895329,shrek,whole,10,True,ae1bf9faa4f3,8.559265002986649,latency-2f43d4d4aadd.csv
2025-10-21T22:22:46.413841,shrek3,of,275,True,ae1bf9faa4f3,8.016624000447337,latency-2f43d4d4aadd.csv
2025-10-21T22:22:46.931978,shrek3,Im,1,True,ae1bf9faa4f3,8.13880900022923,latency-2f43d4d4aadd.csv
2025-10-21T22:22:47.449632,grail,Footnote,4,True,ae1bf9faa4f3,8.187019000615692,latency-2f43d4d4aadd.csv
2025-10-21T22:22:47.967766,shrek,the,535,True,ae1bf9faa4f3,11.071113000070907,latency-2f43d4d4aadd.csv
2025-10-21T22:22:48.489738,grail,G,6,True,ae1bf9faa4f3,12.064499002008231,latency-2f43d4d4aadd.csv
2025-10-21T22:22:49.015278,grail,are,114,True,ae1bf9faa4f3,7.15767300061998,latency-2f43d4d4aadd.csv
2025-10-21T22:22:49.533753,shrek,you,409,True,ae1bf9faa4f3,7.632356002432061,latency-2f43d4d4aadd.csv
2025-10-21T22:22:50.051085,grail,TV,2,True,ae1bf9faa4f3,7.760843000141904,latency-2f43d4d4aadd.csv
2025-10-21T22:22:50.568322,shrek3,ARTIE,213,True,ae1bf9faa4f3,7.615575999807334,latency-2f43d4d4aadd.csv
2025-10-21T22:22:51.085937,shrek,DONKEY,320,True,ae1bf9faa4f3,8.749450000323122,latency-2f43d4d4aadd.csv
2025-10-21T22:22:51.604278,shrek3,the,1285,True,ae1bf9faa4f3,12.26557299742126,latency-2f43d4d4aadd.csv
2025-10-21T22:22:52.128188,shrek,MAN,38,True,ae1bf9faa4f3,7.852581999031827,latency-2f43d4d4aadd.csv
2025-10-21T22:22:52.646729,shrek3,ARTIE,213,True,ae1bf9faa4f3,8.041769000556087,latency-2f43d4d4aadd.csv
2025-10-21T22:22:53.164176,shrek,And,318,True,ae1bf9faa4f3,7.563207000202965,latency-2f43d4d4aadd.csv
2025-10-21T22:22:53.681237,shrek,DONKEY,320,True,ae1bf9faa4f3,8.578290999139426,latency-2f43d4d4aadd.csv
2025-10-21T22:22:54.198090,shrek3,Ahh,8,True,ae1bf9faa4f3,9.909796001011271,latency-2f43d4d4aadd.csv
2025-10-21T22:22:54.717712,grail,"lute,",0,True,ae1bf9faa4f3,8.489974999974947,latency-2f43d4d4aadd.csv
2025-10-21T22:22:55.235566,shrek3,true,1,True,ae1bf9faa4f3,8.176917999662692,latency-2f43d4d4aadd.csv
2025-10-21T22:22:55.754105,shrek3,CHARMING,232,True,ae1bf9faa4f3,8.629081999970367,latency-2f43d4d4aadd.csv
2025-10-21T22:22:56.273252,grail,Ecky-Ecky-Ecky,1,True,ae1bf9faa4f3,7.702524999331217,latency-2f43d4d4aadd.csv
2025-10-21T22:22:56.789797,grail,Who’s,3,True,ae1bf9faa4f3,7.920534997538198,latency-2f43d4d4aadd.csv
2025-10-21T22:22:57.307296,shrek3,BOAT,32,True,ae1bf9faa4f3,7.866110998293152,latency-2f43d4d4aadd.csv
2025-10-21T22:22:57.824685,grail,pretty,7,True,ae1bf9faa4f3,7.506936999561731,latency-2f43d4d4aadd.csv
2025-10-21T22:22:58.343338,shrek3,MERLIN,73,True,ae1bf9faa4f3,8.067082999332342,latency-2f43d4d4aadd.csv
2025-10-21T22:22:58.861995,shrek,FIONA,211,True,ae1bf9faa4f3,9.05002499712282,latency-2f43d4d4aadd.csv
2025-10-21T22:22:59.380700,shrek,SHREK,433,True,ae1bf9faa4f3,8.03290499970899,latency-2f43d4d4aadd.csv
2025-10-21T22:22:59.897591,shrek3,the,1285,True,ae1bf9faa4f3,8.196300001145573,latency-2f43d4d4aadd.csv
2025-10-21T22:23:00.414816,grail,king,136,True,ae1bf9faa4f3,12.987713002075909,latency-2f43d4d4aadd.csv
2025-10-21T22:23:00.937643,shrek3,WHITE,45,True,ae1bf9faa4f3,7.513825999922119,latency-2f43d4d4aadd.csv
2025-10-21T22:23:01.457495,shrek3,wont,0,True,ae1bf9faa4f3,23.500683000747813,latency-2f43d4d4aadd.csv
2025-10-21T22:23:02.010032,shrek,happily,2,True,ae1bf9faa4f3,9.10989700059872,latency-2f43d4d4aadd.csv
2025-10-21T22:23:02.532018,shrek,(standing,0,True,ae1bf9faa4f3,8.759071999520529,latency-2f43d4d4aadd.csv
2025-10-21T22:23:03.050778,grail,are,114,True,ae1bf9faa4f3,8.904231999622425,latency-2f43d4d4aadd.csv
2025-10-21T22:23:03.569844,shrek,SHREK,433,True,ae1bf9faa4f3,7.339563999266829,latency-2f43d4d4aadd.csv
2025-10-21T22:23:04.086549,grail,"lute,",0,True,ae1bf9faa4f3,7.874733000790002,latency-2f43d4d4aadd.csv
2025-10-21T22:23:04.604028,shrek,you,409,True,ae1bf9faa4f3,6.644876997597748,latency-2f43d4d4aadd.csv
2025-10-21T22:23:05.119827,shrek,trip,1,True,ae1bf9faa4f3,6.937996000488056,latency-2f43d4d4aadd.csv
2025-10-21T22:23:05.636018,shrek3,PUSS,196,True,ae1bf9faa4f3,7.358512000791961,latency-2f43d4d4aadd.csv
2025-10-21T22:23:06.152112,shrek3,CHARMING,232,True,ae1bf9faa4f3,9.278056997573003,latency-2f43d4d4aadd.csv
2025-10-21T22:23:06.670839,shrek3,glass,9,True,ae1bf9faa4f3,8.315328999742633,latency-2f43d4d4aadd.csv
2025-10-21T22:23:07.187416,grail,the,1600,True,ae1bf9faa4f3,8.674757998960558,latency-2f43d4d4aadd.csv
2025-10-21T22:23:07.705007,grail,Ecky-Ecky-Ecky,1,True,ae1bf9faa4f3,9.217225000611506,latency-2f43d4d4aadd.csv
2025-10-21T22:23:08.223224,shrek3,"meet""",0,True,ae1bf9faa4f3,7.973032999871066,latency-2f43d4d4aadd.csv
2025-10-21T22:23:08.739560,shrek,SHREK,433,True,ae1bf9faa4f3,8.348838000529213,latency-2f43d4d4aadd.csv
2025-10-21T22:23:09.256460,shrek3,the,1285,True,686bdd44bd9e,2657.177879998926,latency-2f43d4d4aadd.csv
2025-10-21T22:23:12.422582,grail,cross,13,True,686bdd44bd9e,7.087092999427114,latency-2f43d4d4aadd.csv
2025-10-21T22:23:12.938052,shrek,And,318,True,686bdd44bd9e,11.29975900039426,latency-2f43d4d4aadd.csv
2025-10-21T22:23:13.464429,grail,to,718,True,686bdd44bd9e,7.980993999808561,latency-2f43d4d4aadd.csv
2025-10-21T22:23:13.984131,shrek,transport,1,True,686bdd44bd9e,10.695330001908587,latency-2f43d4d4aadd.csv
2025-10-21T22:23:14.505423,shrek,his,48,True,686bdd44bd9e,12.119063998397904,latency-2f43d4d4aadd.csv
2025-10-21T22:23:15.028179,grail,are,114,True,686bdd44bd9e,10.60413300001528,latency-2f43d4d4aadd.csv
2025-10-21T22:23:15.550344,shrek3,reason,2,True,686bdd44bd9e,9.897086998535087,latency-2f43d4d4aadd.csv
2025-10-21T22:23:16.070600,shrek,DONKEY,320,True,686bdd44bd9e,10.272176998114446,latency-2f43d4d4aadd.csv
2025-10-21T22:23:16.590155,shrek3,us,12,True,686bdd44bd9e,11.447928998677526,latency-2f43d4d4aadd.csv
2025-10-21T22:23:17.112611,grail,at,104,True,686bdd44bd9e,13.191527999879328,latency-2f43d4d4aadd.csv
2025-10-21T22:23:17.638045,grail,to,718,True,686bdd44bd9e,10.304563998943197,latency-2f43d4d4aadd.csv
2025-10-21T22:23:18.158542,grail,door,14,True,686bdd44bd9e,10.976773999573195,latency-2f43d4d4aadd.csv
2025-10-21T22:23:18.678983,grail,BEDEVERE,103,True,686bdd44bd9e,9.776242000953062,latency-2f43d4d4aadd.csv
2025-10-21T22:23:19.202735,grail,to,718,True,686bdd44bd9e,10.097457001393195,latency-2f43d4d4aadd.csv
2025-10-21T22:23:19.723619,grail,sell,1,True,686bdd44bd9e,10.135363998415414,latency-2f43d4d4aadd.csv
2025-10-21T22:23:20.243038,shrek3,true,1,True,686bdd44bd9e,10.360718999436358,latency-2f43d4d4aadd.csv
2025-10-21T22:23:20.763912,grail,from,94,True,686bdd44bd9e,9.566453998559156,latency-2f43d4d4aadd.csv
2025-10-21T22:23:21.284620,shrek3,Whoa,7,True,686bdd44bd9e,11.504943999170791,latency-2f43d4d4aadd.csv
2025-10-21T22:23:21.822769,shrek3,PUSS,196,True,686bdd44bd9e,9.787499999220016,latency-2f43d4d4aadd.csv
2025-10-21T22:23:22.346307,grail,them,41,True,686bdd44bd9e,9.029568998812463,latency-2f43d4d4aadd.csv
2025-10-21T22:23:22.865793,shrek,What,104,True,686bdd44bd9e,8.850949998304714,latency-2f43d4d4aadd.csv
2025-10-21T22:23:23.384819,grail,To,718,True,686bdd44bd9e,8.173755999450805,latency-2f43d4d4aadd.csv
2025-10-21T22:23:23.904341,shrek,tell,25,True,686bdd44bd9e,11.328119999234332,latency-2f43d4d4aadd.csv
2025-10-21T22:23:24.430493,shrek,the,535,True,686bdd44bd9e,9.382367999933194,latency-2f43d4d4aadd.csv
2025-10-21T22:23:24.949973,shrek3,right,36,True,686bdd44bd9e,8.301480000227457,latency-2f43d4d4aadd.csv
2025-10-21T22:23:25.469176,shrek,HOOD,13,True,686bdd44bd9e,8.419248999416595,latency-2f43d4d4aadd.csv
2025-10-21T22:23:25.988649,shrek,minute,3,True,686bdd44bd9e,9.591899997758446,latency-2f43d4d4aadd.csv
2025-10-21T22:23:26.512444,grail,G,6,True,686bdd44bd9e,8.354706002137391,latency-2f43d4d4aadd.csv
2025-10-21T22:23:27.035816,shrek,afraid,8,True,686bdd44bd9e,9.164605999103514,latency-2f43d4d4aadd.csv
2025-10-21T22:23:27.555637,shrek,he,118,True,686bdd44bd9e,9.793576999072684,latency-2f43d4d4aadd.csv
2025-10-21T22:23:28.076912,shrek3,Final,119,True,686bdd44bd9e,10.355770999012748,latency-2f43d4d4aadd.csv
2025-10-21T22:23:28.600599,shrek,baby,3,True,686bdd44bd9e,9.95269299892243,latency-2f43d4d4aadd.csv
2025-10-21T22:23:29.120380,shrek,MAN,38,True,686bdd44bd9e,9.48127000083332,latency-2f43d4d4aadd.csv
2025-10-21T22:23:29.639836,shrek3,ruby,1,True,686bdd44bd9e,8.920644999307115,latency-2f43d4d4aadd.csv
2025-10-21T22:23:30.159309,shrek,whole,10,True,686bdd44bd9e,9.56274399868562,latency-2f43d4d4aadd.csv
2025-10-21T22:23:30.680212,shrek,he,118,True,686bdd44bd9e,9.562642997479998,latency-2f43d4d4aadd.csv
2025-10-21T22:23:31.200359,shrek3,Donkey,243,True,686bdd44bd9e,13.03043100051582,latency-2f43d4d4aadd.csv
2025-10-21T22:23:31.727768,grail,are,114,True,686bdd44bd9e,8.618815001682378,latency-2f43d4d4aadd.csv
2025-10-21T22:23:32.245724,shrek3,through,43,True,686bdd44bd9e,9.563022998918314,latency-2f43d4d4aadd.csv
2025-10-21T22:23:32.765794,grail,them,41,True,686bdd44bd9e,8.958227997936774,latency-2f43d4d4aadd.csv
2025-10-21T22:23:33.284875,grail,Gallahad,44,True,686bdd44bd9e,11.798981999163516,latency-2f43d4d4aadd.csv
2025-10-21T22:23:33.811522,shrek3,dat,1,True,686bdd44bd9e,9.651270000176735,latency-2f43d4d4aadd.csv
2025-10-21T22:23:34.330493,shrek,who,29,True,686bdd44bd9e,9.955597000953276,latency-2f43d4d4aadd.csv
2025-10-21T22:23:34.850521,shrek3,the,1285,True,686bdd44bd9e,9.749690001626732,latency-2f43d4d4aadd.csv
2025-10-21T22:23:35.369272,grail,king,136,True,ae1bf9faa4f3,7.863025999540696,latency-2f43d4d4aadd.csv
2025-10-21T22:23:35.887309,shrek3,me,72,True,ae1bf9faa4f3,9.45555199723458,latency-2f43d4d4aadd.csv
2025-10-21T22:23:36.406533,shrek3,its,1,True,686bdd44bd9e,7.627036000485532,latency-2f43d4d4aadd.csv
2025-10-21T22:23:36.924289,shrek3,body),0,True,ae1bf9faa4f3,8.035865001147613,latency-2f43d4d4aadd.csv
2025-10-21T22:23:37.443581,grail,LANCELOT,59,True,ae1bf9faa4f3,8.117407000099774,latency-2f43d4d4aadd.csv
2025-10-21T22:23:37.962929,grail,with/,0,True,bab402329d33,8.893427999282721,latency-2f43d4d4aadd.csv
2025-10-21T22:23:38.481451,shrek,And,318,True,bab402329d33,8.948243001213996,latency-2f43d4d4aadd.csv
2025-10-21T22:23:39.000708,grail,“I,0,True,ae1bf9faa4f3,9.182393001538005,latency-2f43d4d4aadd.csv
2025-10-21T22:23:39.520428,shrek,don't,72,True,686bdd44bd9e,9.267597997677512,latency-2f43d4d4aadd.csv
2025-10-21T22:23:40.040214,grail,the,1600,True,ae1bf9faa4f3,9.235984001861652,latency-2f43d4d4aadd.csv
2025-10-21T22:23:40.559729,shrek3,what,82,True,ae1bf9faa4f3,9.17114600088098,latency-2f43d4d4aadd.csv
2025-10-21T22:23:41.080045,shrek,FARQUAAD,84,True,686bdd44bd9e,9.164163999230368,latency-2f43d4d4aadd.csv
2025-10-21T22:23:41.600231,grail,the,1600,True,bab402329d33,12.15649300138466,latency-2f43d4d4aadd.csv
2025-10-21T22:23:42.127621,shrek3,get,39,True,ae1bf9faa4f3,8.591820998844923,latency-2f43d4d4aadd.csv
2025-10-21T22:23:42.645996,shrek,tale,7,True,686bdd44bd9e,8.67364700025064,latency-2f43d4d4aadd.csv
2025-10-21T22:23:43.164812,grail,-,259,True,bab402329d33,9.111368999583648,latency-2f43d4d4aadd.csv
2025-10-21T22:23:43.684845,shrek3,of,275,True,ae1bf9faa4f3,8.864843999617733,latency-2f43d4d4aadd.csv
2025-10-21T22:23:44.204418,grail,Launcelot,107,True,bab402329d33,8.645574998809025,latency-2f43d4d4aadd.csv
2025-10-21T22:23:44.723381,grail,Butts,2,True,ae1bf9faa4f3,9.693549000076018,latency-2f43d4d4aadd.csv
2025-10-21T22:23:45.242841,grail,Get,47,True,686bdd44bd9e,13.509691998478957,latency-2f43d4d4aadd.csv
2025-10-21T22:23:45.769906,shrek3,and,576,True,686bdd44bd9e,20.88355900195893,latency-2f43d4d4aadd.csv
2025-10-21T22:23:46.302470,grail,ANOTHER,25,True,bab402329d33,11.838606998935576,latency-2f43d4d4aadd.csv
2025-10-21T22:23:46.825157,shrek3,his,238,True,686bdd44bd9e,12.796678001905091,latency-2f43d4d4aadd.csv
2025-10-21T22:23:47.347676,shrek,FARQUAAD,84,True,bab402329d33,15.00838200081489,latency-2f43d4d4aadd.csv
2025-10-21T22:23:47.871622,shrek3,me,72,True,ae1bf9faa4f3,11.129110000183571,latency-2f43d4d4aadd.csv
2025-10-21T22:23:48.395222,shrek,FIONA,211,True,686bdd44bd9e,9.999347999837482,latency-2f43d4d4aadd.csv
2025-10-21T22:23:48.920312,shrek,No,114,True,686bdd44bd9e,12.841834002756514,latency-2f43d4d4aadd.csv
2025-10-21T22:23:49.446582,shrek,his,48,True,bab402329d33,13.825881000229856,latency-2f43d4d4aadd.csv
2025-10-21T22:23:49.973222,grail,19Prince,0,True,686bdd44bd9e,12.825239999074256,latency-2f43d4d4aadd.csv
2025-10-21T22:23:50.500667,shrek,its,1,True,bab402329d33,14.113403001829283,latency-2f43d4d4aadd.csv
2025-10-21T22:23:51.030741,shrek3,with,112,True,bab402329d33,11.146340999403035,latency-2f43d4d4aadd.csv
2025-10-21T22:23:51.556059,shrek3,PUSS,196,True,ae1bf9faa4f3,16.174465999938548,latency-2f43d4d4aadd.csv
2025-10-21T22:23:52.089193,grail,3,18,True,bab402329d33,12.390916999720504,latency-2f43d4d4aadd.csv
2025-10-21T22:23:52.617602,shrek,on,88,True,ae1bf9faa4f3,14.688685001601698,latency-2f43d4d4aadd.csv
2025-10-21T22:23:53.148962,shrek3,Shrek,678,True,ae1bf9faa4f3,13.408781996986365,latency-2f43d4d4aadd.csv
2025-10-21T22:23:53.676060,grail,Rostmm,1,True,bab402329d33,16.470790000312263,latency-2f43d4d4aadd.csv
2025-10-21T22:23:54.208909,shrek,your,49,True,bab402329d33,14.910477999364955,latency-2f43d4d4aadd.csv
2025-10-21T22:23:54.739726,grail,a,666,True,686bdd44bd9e,30.69492700160481,latency-2f43d4d4aadd.csv
2025-10-21T22:23:55.284386,shrek,way,26,True,ae1bf9faa4f3,14.912493999872822,latency-2f43d4d4aadd.csv
2025-10-21T22:23:55.813615,shrek,baby,3,True,bab402329d33,13.648354000906693,latency-2f43d4d4aadd.csv
2025-10-21T22:23:56.342649,shrek,SHREK,433,True,bab402329d33,13.481198999215849,latency-2f43d4d4aadd.csv
2025-10-21T22:23:56.872733,grail,them,41,True,bab402329d33,16.326353001204552,latency-2f43d4d4aadd.csv
2025-10-21T22:23:57.404247,shrek3,the,1285,True,bab402329d33,17.02709199889796,latency-2f43d4d4aadd.csv
2025-10-21T22:23:57.939436,shrek3,RAPUNZEL,30,True,686bdd44bd9e,14.729253998666536,latency-2f43d4d4aadd.csv
2025-10-21T22:23:58.469688,shrek,Nobody,4,True,bab402329d33,16.299815000820672,latency-2f43d4d4aadd.csv
2025-10-21T22:23:59.004806,grail,king,136,True,ae1bf9faa4f3,14.32100500096567,latency-2f43d4d4aadd.csv
2025-10-21T22:23:59.538257,shrek3,SHOUTING),0,True,bab402329d33,16.261034998024115,latency-2f43d4d4aadd.csv
2025-10-21T22:24:00.078462,grail,the,1600,True,ae1bf9faa4f3,15.079813998454483,latency-2f43d4d4aadd.csv
2025-10-21T22:24:00.610339,shrek3,Third,121,True,686bdd44bd9e,15.787167998496445,latency-2f43d4d4aadd.csv
2025-10-21T22:24:01.143332,shrek3,CHARMING,232,True,bab402329d33,78.01688199833734,latency-2f43d4d4aadd.csv
2025-10-21T22:24:01.884233,shrek3,the,1285,True,686bdd44bd9e,11.821427000541007,latency-2f43d4d4aadd.csv
2025-10-21T22:24:02.413135,shrek,don't,72,True,bab402329d33,12.745907999487828,latency-2f43d4d4aadd.csv
2025-10-21T22:24:02.939780,grail,the,1600,True,ae1bf9faa4f3,8.740467001189245,latency-2f43d4d4aadd.csv
2025-10-21T22:24:03.461910,grail,a,666,True,686bdd44bd9e,12.75843400071608,latency-2f43d4d4aadd.csv
2025-10-21T22:24:03.997706,shrek3,to,511,True,bab402329d33,15.219547000015154,latency-2f43d4d4aadd.csv
2025-10-21T22:24:04.531810,grail,Get,47,True,ae1bf9faa4f3,11.755764000554336,latency-2f43d4d4aadd.csv
2025-10-21T22:24:05.054722,shrek3,Final,119,True,ae1bf9faa4f3,9.9996619974263,latency-2f43d4d4aadd.csv
2025-10-21T22:24:05.576234,grail,few,8,True,ae1bf9faa4f3,9.776279999641702,latency-2f43d4d4aadd.csv
2025-10-21T22:24:06.097372,shrek3,of,275,True,ae1bf9faa4f3,13.654146001499612,latency-2f43d4d4aadd.csv
2025-10-21T22:24:06.623486,shrek3,through,43,True,ae1bf9faa4f3,9.463072998187272,latency-2f43d4d4aadd.csv
2025-10-21T22:24:07.145718,shrek,GUARD,25,True,bab402329d33,10.243688000628026,latency-2f43d4d4aadd.csv
2025-10-21T22:24:07.668419,shrek3,DWARF,10,True,bab402329d33,11.00251200114144,latency-2f43d4d4aadd.csv
2025-10-21T22:24:08.190324,grail,LANCELOT,59,True,686bdd44bd9e,12.477876000048129,latency-2f43d4d4aadd.csv
2025-10-21T22:24:08.716960,shrek,not,50,True,686bdd44bd9e,9.753540998644894,latency-2f43d4d4aadd.csv
2025-10-21T22:22:09.380813,shrek3,PUSS,196,True,686bdd44bd9e,5.823422001412837,latency-4708c5b8f906.csv
2025-10-21T22:22:09.894074,grail,“I,0,True,686bdd44bd9e,6.0075649998907465,latency-4708c5b8f906.csv
2025-10-21T22:22:10.407366,shrek3,time,23,True,bab402329d33,6.359056002111174,latency-4708c5b8f906.csv
2025-10-21T22:22:10.921787,shrek,happily,2,True,ae1bf9faa4f3,6.058339000446722,latency-4708c5b8f906.csv
2025-10-21T22:22:11.435925,shrek3,JOCKS,2,True,686bdd44bd9e,6.364897002640646,latency-4708c5b8f906.csv
2025-10-21T22:22:11.979641,grail,“I,0,True,bab402329d33,5.693117000191705,latency-4708c5b8f906.csv
2025-10-21T22:22:12.492695,shrek,lay,2,True,ae1bf9faa4f3,6.276355001318734,latency-4708c5b8f906.csv
2025-10-21T22:22:13.006369,shrek,will,16,True,686bdd44bd9e,6.617499999265419,latency-4708c5b8f906.csv
2025-10-21T22:22:13.520337,shrek3,Ahh,8,True,bab402329d33,6.296481002209475,latency-4708c5b8f906.csv
2025-10-21T22:22:14.033919,shrek,I,386,True,ae1bf9faa4f3,7.320603999687592,latency-4708c5b8f906.csv
2025-10-21T22:22:14.549976,shrek3,EVIL,59,True,686bdd44bd9e,7.054573001369136,latency-4708c5b8f906.csv
2025-10-21T22:22:15.065972,shrek3,PUSS,196,True,bab402329d33,10.201111999776913,latency-4708c5b8f906.csv
2025-10-21T22:22:15.594988,grail,are,114,True,ae1bf9faa4f3,6.087383000703994,latency-4708c5b8f906.csv
2025-10-21T22:22:16.110033,grail,the,1600,True,686bdd44bd9e,6.574369999725604,latency-4708c5b8f906.csv
2025-10-21T22:22:16.625743,grail,“I,0,True,bab402329d33,8.245451001130277,latency-4708c5b8f906.csv
2025-10-21T22:22:17.144827,shrek3,bed,10,True,ae1bf9faa4f3,9.14759399893228,latency-4708c5b8f906.csv
2025-10-21T22:22:17.664909,shrek3,an,51,True,686bdd44bd9e,9.5308970012411,latency-4708c5b8f906.csv
2025-10-21T22:22:18.184493,grail,sell,1,True,ae1bf9faa4f3,9.260433998861116,latency-4708c5b8f906.csv
2025-10-21T22:22:18.706780,grail,king,136,True,ae1bf9faa4f3,10.360718999436358,latency-4708c5b8f906.csv
2025-10-21T22:22:19.227717,grail,Bridge,30,True,bab402329d33,9.129145997576416,latency-4708c5b8f906.csv
2025-10-21T22:22:19.748677,shrek3,an,51,True,bab402329d33,11.981650000961965,latency-4708c5b8f906.csv
2025-10-21T22:22:20.272214,grail,upon,13,True,ae1bf9faa4f3,8.572890001232736,latency-4708c5b8f906.csv
2025-10-21T22:22:20.792338,grail,To,718,True,686bdd44bd9e,8.051573000557255,latency-4708c5b8f906.csv
2025-10-21T22:22:21.310051,shrek,FIONA,211,True,bab402329d33,9.93987800029572,latency-4708c5b8f906.csv
2025-10-21T22:22:21.839891,shrek3,JOCKS,2,True,686bdd44bd9e,9.841464998316953,latency-4708c5b8f906.csv
2025-10-21T22:22:22.367777,grail,Footnote,4,True,bab402329d33,7.789046001562383,latency-4708c5b8f906.csv
2025-10-21T22:22:22.884773,shrek3,glass,9,True,ae1bf9faa4f3,7.7632700013055,latency-4708c5b8f906.csv
2025-10-21T22:22:23.401882,grail,on,139,True,686bdd44bd9e,8.252940999227576,latency-4708c5b8f906.csv
2025-10-21T22:22:23.921578,grail,for,118,True,bab402329d33,7.723231999989366,latency-4708c5b8f906.csv
2025-10-21T22:22:24.436092,shrek3,Artie,213,True,ae1bf9faa4f3,7.330008000280941,latency-4708c5b8f906.csv
2025-10-21T22:22:24.953234,shrek,stairs,7,True,686bdd44bd9e,8.538613998098299,latency-4708c5b8f906.csv
2025-10-21T22:22:25.471125,grail,to,718,True,686bdd44bd9e,8.92481800110545,latency-4708c5b8f906.csv
2025-10-21T22:22:25.990794,grail,singing,33,True,bab402329d33,8.638096001959639,latency-4708c5b8f906.csv
2025-10-21T22:22:26.510003,shrek3,Donkey,243,True,ae1bf9faa4f3,9.2301509976096,latency-4708c5b8f906.csv
2025-10-21T22:22:27.029200,shrek,trip,1,True,bab402329d33,8.351435000804486,latency-4708c5b8f906.csv
2025-10-21T22:22:27.547495,shrek,one,44,True,bab402329d33,8.885867999197217,latency-4708c5b8f906.csv
2025-10-21T22:22:28.067014,shrek3,Whoa,7,True,ae1bf9faa4f3,8.880362001946196,latency-4708c5b8f906.csv
2025-10-21T22:22:28.585822,grail,cross,13,True,bab402329d33,8.778938998148078,latency-4708c5b8f906.csv
2025-10-21T22:22:29.106739,shrek,SHREK,433,True,bab402329d33,8.808020000287797,latency-4708c5b8f906.csv
2025-10-21T22:22:29.626191,shrek,Blah,1,True,ae1bf9faa4f3,9.308807999332204,latency-4708c5b8f906.csv
2025-10-21T22:22:30.145637,shrek3,Final,119,True,bab402329d33,9.020418001455257,latency-4708c5b8f906.csv
2025-10-21T22:22:30.665728,shrek3,PRINCE,207,True,bab402329d33,8.918303999962518,latency-4708c5b8f906.csv
2025-10-21T22:22:31.184113,grail,Yeah,13,True,ae1bf9faa4f3,23.910967000119854,latency-4708c5b8f906.csv
2025-10-21T22:22:31.725128,shrek,SHREK,433,True,686bdd44bd9e,15.42237700050464,latency-4708c5b8f906.csv
2025-10-21T22:22:32.252126,shrek3,116,1,True,bab402329d33,8.590233999711927,latency-4708c5b8f906.csv
2025-10-21T22:22:32.771141,shrek3,Third,121,True,ae1bf9faa4f3,8.211876000132179,latency-4708c5b8f906.csv
2025-10-21T22:22:33.290007,shrek,INSIDE,16,True,686bdd44bd9e,8.583008999266895,latency-4708c5b8f906.csv
2025-10-21T22:22:33.808807,shrek3,of,275,True,bab402329d33,8.378825998079265,latency-4708c5b8f906.csv
2025-10-21T22:22:34.327232,shrek,Aah,6,True,ae1bf9faa4f3,8.43982500009588,latency-4708c5b8f906.csv
2025-10-21T22:22:34.846003,shrek,DONKEY,320,True,686bdd44bd9e,8.00531699860585,latency-4708c5b8f906.csv
2025-10-21T22:22:35.364121,shrek,DONKEY,320,True,bab402329d33,8.576927000831347,latency-4708c5b8f906.csv
2025-10-21T22:22:35.883698,shrek3,Final,119,True,ae1bf9faa4f3,8.855412001139484,latency-4708c5b8f906.csv
2025-10-21T22:22:36.403481,grail,sell,1,True,686bdd44bd9e,8.945952999056317,latency-4708c5b8f906.csv
2025-10-21T22:22:36.922572,shrek,GORDO,5,True,bab402329d33,8.443704999081092,latency-4708c5b8f906.csv
2025-10-21T22:22:37.441129,shrek,to,268,True,ae1bf9faa4f3,8.787404000031529,latency-4708c5b8f906.csv
2025-10-21T22:22:37.963116,shrek3,CAPTAIN,41,True,686bdd44bd9e,10.229023999272613,latency-4708c5b8f906.csv
2025-10-21T22:22:38.483677,shrek3,what,82,True,bab402329d33,9.08616399829043,latency-4708c5b8f906.csv
2025-10-21T22:22:39.003560,grail,pretty,7,True,ae1bf9faa4f3,8.91040400165366,latency-4708c5b8f906.csv
2025-10-21T22:22:39.522838,shrek3,his,238,True,ae1bf9faa4f3,2630.408190001617,latency-4708c5b8f906.csv
2025-10-21T22:22:42.663458,grail,the,1600,True,686bdd44bd9e,8.463848000246799,latency-4708c5b8f906.csv
2025-10-21T22:22:43.182804,shrek3,116,1,True,686bdd44bd9e,8.745215000089956,latency-4708c5b8f906.csv
2025-10-21T22:22:43.702120,shrek3,glass,9,True,686bdd44bd9e,8.584245002566604,latency-4708c5b8f906.csv
2025-10-21T22:22:44.222275,grail,Butts,2,True,686bdd44bd9e,8.850455000356305,latency-4708c5b8f906.csv
2025-10-21T22:22:44.742180,shrek,FIONA,211,True,686bdd44bd9e,9.393137999722969,latency-4708c5b8f906.csv
2025-10-21T22:22:45.263037,shrek,who,29,True,686bdd44bd9e,12.20026500232052,latency-4708c5b8f906.csv
2025-10-21T22:22:45.788669,grail,“I,0,True,686bdd44bd9e,11.387333001039224,latency-4708c5b8f906.csv
2025-10-21T22:22:46.315584,grail,music,21,True,686bdd44bd9e,8.595077000791207,latency-4708c5b8f906.csv
2025-10-21T22:22:46.835528,shrek,its,1,True,ae1bf9faa4f3,8.673771997564472,latency-4708c5b8f906.csv
2025-10-21T22:22:47.354571,shrek3,PUSS,196,True,686bdd44bd9e,11.015801999747056,latency-4708c5b8f906.csv
2025-10-21T22:22:47.879709,shrek,old,10,True,686bdd44bd9e,9.56522599881282,latency-4708c5b8f906.csv
2025-10-21T22:22:48.400642,grail,the,1600,True,686bdd44bd9e,8.40418400184717,latency-4708c5b8f906.csv
2025-10-21T22:22:48.919655,shrek,He,118,True,686bdd44bd9e,8.468039002764272,latency-4708c5b8f906.csv
2025-10-21T22:22:49.441798,grail,singing,33,True,686bdd44bd9e,7.923652003228199,latency-4708c5b8f906.csv
2025-10-21T22:22:49.959710,shrek,FIONA,211,True,686bdd44bd9e,7.862818998546572,latency-4708c5b8f906.csv
2025-10-21T22:22:50.476930,shrek3,"Bay""",0,True,686bdd44bd9e,8.239553000748856,latency-4708c5b8f906.csv
2025-10-21T22:22:50.994886,shrek3,They,80,True,ae1bf9faa4f3,8.141853999404702,latency-4708c5b8f906.csv
2025-10-21T22:22:51.513244,shrek,GUARD,25,True,ae1bf9faa4f3,8.966220000729663,latency-4708c5b8f906.csv
2025-10-21T22:22:52.031226,grail,Auuuuuuuugh,2,True,ae1bf9faa4f3,9.138011002505664,latency-4708c5b8f906.csv
2025-10-21T22:22:52.549915,shrek,trip,1,True,686bdd44bd9e,8.622311001090566,latency-4708c5b8f906.csv
2025-10-21T22:22:53.069941,shrek3,CHARMING,232,True,ae1bf9faa4f3,9.337816998595372,latency-4708c5b8f906.csv
2025-10-21T22:22:53.589583,shrek,old,10,True,ae1bf9faa4f3,8.949417999247089,latency-4708c5b8f906.csv
2025-10-21T22:22:54.108873,grail,-,259,True,ae1bf9faa4f3,11.436540000431703,latency-4708c5b8f906.csv
2025-10-21T22:22:54.631478,shrek3,Gingerbread,37,True,ae1bf9faa4f3,11.104166998848086,latency-4708c5b8f906.csv
2025-10-21T22:22:55.158911,shrek3,SHREK,678,True,ae1bf9faa4f3,8.057539002038538,latency-4708c5b8f906.csv
2025-10-21T22:22:55.676758,shrek3,the,1285,True,ae1bf9faa4f3,8.192737997887889,latency-4708c5b8f906.csv
2025-10-21T22:22:56.198346,shrek,swamp,18,True,686bdd44bd9e,10.48785599778057,latency-4708c5b8f906.csv
2025-10-21T22:22:56.723529,shrek,"Well,",0,True,686bdd44bd9e,8.408910001890035,latency-4708c5b8f906.csv
2025-10-21T22:22:57.242474,shrek,after,10,True,686bdd44bd9e,8.618142001068918,latency-4708c5b8f906.csv
2025-10-21T22:22:57.761074,shrek,And,318,True,686bdd44bd9e,9.556403998431051,latency-4708c5b8f906.csv
2025-10-21T22:22:58.282506,shrek3,what,82,True,686bdd44bd9e,10.19961299971328,latency-4708c5b8f906.csv
2025-10-21T22:22:58.805793,shrek,tell,25,True,ae1bf9faa4f3,8.939938998082653,latency-4708c5b8f906.csv
2025-10-21T22:22:59.324416,shrek3,Third,121,True,686bdd44bd9e,8.98363400119706,latency-4708c5b8f906.csv
2025-10-21T22:22:59.843164,shrek3,Donkey,243,True,ae1bf9faa4f3,8.832501000142656,latency-4708c5b8f906.csv
2025-10-21T22:23:00.362731,shrek,trip,1,True,686bdd44bd9e,9.211361000780016,latency-4708c5b8f906.csv
2025-10-21T22:23:00.881793,grail,Boom,4,True,ae1bf9faa4f3,8.840783000778174,latency-4708c5b8f906.csv
2025-10-21T22:23:01.406711,grail,"lute,",0,True,ae1bf9faa4f3,16.48408199980622,latency-4708c5b8f906.csv
2025-10-21T22:23:01.960275,grail,3,18,True,686bdd44bd9e,11.454613999376306,latency-4708c5b8f906.csv
2025-10-21T22:23:02.488792,shrek3,of,275,True,686bdd44bd9e,7.778792001772672,latency-4708c5b8f906.csv
2025-10-21T22:23:03.006409,shrek3,time,23,True,686bdd44bd9e,8.131325001158984,latency-4708c5b8f906.csv
2025-10-21T22:23:03.524168,grail,since,10,True,686bdd44bd9e,8.069343999522971,latency-4708c5b8f906.csv
2025-10-21T22:23:04.042048,shrek,FIONA,211,True,686bdd44bd9e,8.320076998643344,latency-4708c5b8f906.csv
2025-10-21T22:23:04.564942,shrek3,DONKEY,243,True,686bdd44bd9e,7.920533000287833,latency-4708c5b8f906.csv
2025-10-21T22:23:05.082091,grail,us,32,True,686bdd44bd9e,8.95718600077089,latency-4708c5b8f906.csv
2025-10-21T22:23:05.601116,shrek3,at,134,True,686bdd44bd9e,8.078442999249091,latency-4708c5b8f906.csv
2025-10-21T22:23:06.120755,grail,TV,2,True,686bdd44bd9e,8.529348000593018,latency-4708c5b8f906.csv
2025-10-21T22:23:06.640171,grail,"collective,",0,True,686bdd44bd9e,8.04967599833617,latency-4708c5b8f906.csv
2025-10-21T22:23:07.157993,shrek3,ruby,1,True,686bdd44bd9e,8.069614999840269,latency-4708c5b8f906.csv
2025-10-21T22:23:07.675989,shrek3,true,1,True,686bdd44bd9e,8.3496949991968,latency-4708c5b8f906.csv
2025-10-21T22:23:08.194726,shrek3,time,23,True,686bdd44bd9e,8.570188001613133,latency-4708c5b8f906.csv
2025-10-21T22:23:08.713474,grail,Jones,7,True,686bdd44bd9e,8.60246000229381,latency-4708c5b8f906.csv
2025-10-21T22:23:09.232471,shrek3,Gingerbread,37,True,686bdd44bd9e,8.676983998157084,latency-4708c5b8f906.csv
2025-10-21T22:23:09.750391,grail,of,684,True,686bdd44bd9e,2637.545505000162,latency-4708c5b8f906.csv
2025-10-21T22:23:12.897389,shrek3,true,1,True,686bdd44bd9e,12.990069000807123,latency-4708c5b8f906.csv
2025-10-21T22:23:13.425211,grail,To,718,True,686bdd44bd9e,7.787280999764334,latency-4708c5b8f906.csv
2025-10-21T22:23:13.942604,shrek,you,409,True,686bdd44bd9e,7.76462000067113,latency-4708c5b8f906.csv
2025-10-21T22:23:14.460768,grail,rows,1,True,686bdd44bd9e,8.843439998599933,latency-4708c5b8f906.csv
2025-10-21T22:23:14.978936,shrek,FIONA,211,True,686bdd44bd9e,7.634680998307886,latency-4708c5b8f906.csv
2025-10-21T22:23:15.495899,shrek,afraid,8,True,686bdd44bd9e,7.735253999271663,latency-4708c5b8f906.csv
2025-10-21T22:23:16.012988,grail,3,18,True,686bdd44bd9e,7.19605799895362,latency-4708c5b8f906.csv
2025-10-21T22:23:16.530691,grail,Rostmm,1,True,686bdd44bd9e,7.571308000478893,latency-4708c5b8f906.csv
2025-10-21T22:23:17.046879,shrek,baby,3,True,686bdd44bd9e,8.28642800115631,latency-4708c5b8f906.csv
2025-10-21T22:23:17.565461,grail,Gallahad,44,True,686bdd44bd9e,11.102338001364842,latency-4708c5b8f906.csv
2025-10-21T22:23:18.086114,shrek3,Cinderella,21,True,686bdd44bd9e,7.949060000100871,latency-4708c5b8f906.csv
2025-10-21T22:23:18.603435,shrek3,Ahh,8,True,686bdd44bd9e,8.57133200042881,latency-4708c5b8f906.csv
2025-10-21T22:23:19.121275,shrek,GORDO,5,True,686bdd44bd9e,8.914368998375721,latency-4708c5b8f906.csv
2025-10-21T22:23:19.639083,grail,THREE-HEADED,8,True,686bdd44bd9e,10.621197001455585,latency-4708c5b8f906.csv
2025-10-21T22:23:20.160540,shrek3,ruby,1,True,686bdd44bd9e,7.522435000282712,latency-4708c5b8f906.csv
2025-10-21T22:23:20.677689,shrek,don't,72,True,686bdd44bd9e,8.501257001626072,latency-4708c5b8f906.csv
2025-10-21T22:23:21.196112,grail,-,259,True,686bdd44bd9e,10.44372599790222,latency-4708c5b8f906.csv
2025-10-21T22:23:21.718558,shrek,baby,3,True,686bdd44bd9e,11.63439799711341,latency-4708c5b8f906.csv
2025-10-21T22:23:22.240617,shrek3,2,8,True,686bdd44bd9e,9.51880099819391,latency-4708c5b8f906.csv
2025-10-21T22:23:22.760677,shrek3,BOAT,32,True,686bdd44bd9e,10.674471999664092,latency-4708c5b8f906.csv
2025-10-21T22:23:23.288325,shrek3,WHITE,45,True,686bdd44bd9e,8.154107999871485,latency-4708c5b8f906.csv
2025-10-21T22:23:23.805954,shrek3,SHREK,678,True,686bdd44bd9e,8.468793999782065,latency-4708c5b8f906.csv
2025-10-21T22:23:24.324018,shrek,its,1,True,686bdd44bd9e,10.577702996670268,latency-4708c5b8f906.csv
2025-10-21T22:23:24.850709,shrek3,them,44,True,686bdd44bd9e,10.839009002665987,latency-4708c5b8f906.csv
2025-10-21T22:23:25.377402,grail,right,66,True,686bdd44bd9e,9.607028001482831,latency-4708c5b8f906.csv
2025-10-21T22:23:25.897507,shrek3,EVIL,59,True,686bdd44bd9e,8.961692001321353,latency-4708c5b8f906.csv
2025-10-21T22:23:26.416707,shrek3,them,44,True,686bdd44bd9e,9.750445002282504,latency-4708c5b8f906.csv
2025-10-21T22:23:26.937043,grail,Boom,4,True,686bdd44bd9e,12.46304400046938,latency-4708c5b8f906.csv
2025-10-21T22:23:27.462482,shrek,token,1,True,686bdd44bd9e,9.355979000247316,latency-4708c5b8f906.csv
2025-10-21T22:23:27.982469,shrek3,with,112,True,686bdd44bd9e,9.373909000714775,latency-4708c5b8f906.csv
2025-10-21T22:23:28.501909,shrek,he,118,True,686bdd44bd9e,11.13198600069154,latency-4708c5b8f906.csv
2025-10-21T22:23:29.025244,grail,"collective,",0,True,686bdd44bd9e,9.294259998569032,latency-4708c5b8f906.csv
2025-10-21T22:23:29.544946,shrek,lay,2,True,686bdd44bd9e,9.867049000604313,latency-4708c5b8f906.csv
2025-10-21T22:23:30.064681,grail,Michael,11,True,686bdd44bd9e,9.934654000971932,latency-4708c5b8f906.csv
2025-10-21T22:23:30.584678,grail,on,139,True,686bdd44bd9e,9.998712997912662,latency-4708c5b8f906.csv
2025-10-21T22:23:31.104635,shrek,And,318,True,686bdd44bd9e,10.42869199955021,latency-4708c5b8f906.csv
2025-10-21T22:23:31.630711,grail,the,1600,True,686bdd44bd9e,13.750202000665013,latency-4708c5b8f906.csv
2025-10-21T22:23:32.153715,grail,to,718,True,686bdd44bd9e,10.268411999277305,latency-4708c5b8f906.csv
2025-10-21T22:23:32.674301,shrek3,Im,1,True,686bdd44bd9e,10.45996800166904,latency-4708c5b8f906.csv
2025-10-21T22:23:33.198552,grail,pause,10,True,686bdd44bd9e,10.123907999513904,latency-4708c5b8f906.csv
2025-10-21T22:23:33.719293,grail,the,1600,True,686bdd44bd9e,10.913181002251804,latency-4708c5b8f906.csv
2025-10-21T22:23:34.247078,shrek3,Be,71,True,686bdd44bd9e,11.721088998456253,latency-4708c5b8f906.csv
2025-10-21T22:23:34.768530,shrek3,you,328,True,686bdd44bd9e,9.353802997793537,latency-4708c5b8f906.csv
2025-10-21T22:23:35.291951,grail,singing,33,True,686bdd44bd9e,8.476666000206023,latency-4708c5b8f906.csv
2025-10-21T22:23:35.810398,shrek3,Final,119,True,686bdd44bd9e,8.639730000140844,latency-4708c5b8f906.csv
2025-10-21T22:23:36.333476,shrek3,the,1285,True,bab402329d33,8.087041998805944,latency-4708c5b8f906.csv
2025-10-21T22:23:36.851761,shrek,(standing,0,True,686bdd44bd9e,8.256403001723811,latency-4708c5b8f906.csv
2025-10-21T22:23:37.370090,shrek,not,50,True,686bdd44bd9e,7.83935300205485,latency-4708c5b8f906.csv
2025-10-21T22:23:37.887672,shrek,tale,7,True,ae1bf9faa4f3,8.739140997931827,latency-4708c5b8f906.csv
2025-10-21T22:23:38.408347,shrek3,through,43,True,ae1bf9faa4f3,8.722394002688816,latency-4708c5b8f906.csv
2025-10-21T22:23:38.927207,shrek3,Be,71,True,bab402329d33,10.211503999016712,latency-4708c5b8f906.csv
2025-10-21T22:23:39.448290,shrek3,Arg,1,True,ae1bf9faa4f3,8.570271002099616,latency-4708c5b8f906.csv
2025-10-21T22:23:39.967446,shrek3,the,1285,True,ae1bf9faa4f3,9.105886998440836,latency-4708c5b8f906.csv
2025-10-21T22:23:40.487003,shrek3,SHREK,678,True,bab402329d33,8.917371000279672,latency-4708c5b8f906.csv
2025-10-21T22:23:41.008478,shrek,rising,1,True,ae1bf9faa4f3,9.1377509997983,latency-4708c5b8f906.csv
2025-10-21T22:23:41.528273,grail,Gallahad,44,True,686bdd44bd9e,11.07547399806208,latency-4708c5b8f906.csv
2025-10-21T22:23:42.052928,shrek,baby,3,True,686bdd44bd9e,8.606167997641023,latency-4708c5b8f906.csv
2025-10-21T22:23:42.572208,shrek3,SHREK,678,True,bab402329d33,8.235368000896415,latency-4708c5b8f906.csv
2025-10-21T22:23:43.091288,shrek3,you,328,True,ae1bf9faa4f3,8.182969999324996,latency-4708c5b8f906.csv
2025-10-21T22:23:43.609807,shrek3,EVIL,59,True,686bdd44bd9e,9.58973099841387,latency-4708c5b8f906.csv
2025-10-21T22:23:44.132451,shrek3,SCHOOL,14,True,bab402329d33,9.32114099850878,latency-4708c5b8f906.csv
2025-10-21T22:23:44.652047,shrek,Is,132,True,ae1bf9faa4f3,8.432044000073802,latency-4708c5b8f906.csv
2025-10-21T22:23:45.171744,shrek3,RAPUNZEL,30,True,bab402329d33,9.005230000184383,latency-4708c5b8f906.csv
2025-10-21T22:23:45.691671,shrek,GORDO,5,True,bab402329d33,8.992064998892602,latency-4708c5b8f906.csv
2025-10-21T22:23:46.213001,shrek,I,386,True,ae1bf9faa4f3,8.772830999077996,latency-4708c5b8f906.csv
2025-10-21T22:23:46.732864,shrek,FARQUAAD,84,True,686bdd44bd9e,9.340920998511136,latency-4708c5b8f906.csv
2025-10-21T22:23:47.252782,grail,time,33,True,bab402329d33,9.27391900040675,latency-4708c5b8f906.csv
2025-10-21T22:23:47.772551,shrek,What,104,True,686bdd44bd9e,9.311007001088,latency-4708c5b8f906.csv
2025-10-21T22:23:48.292153,shrek,Shrek,433,True,bab402329d33,9.10500600002706,latency-4708c5b8f906.csv
2025-10-21T22:23:48.816674,shrek3,Uh,18,True,ae1bf9faa4f3,9.83439799892949,latency-4708c5b8f906.csv
2025-10-21T22:23:49.337476,shrek,true,20,True,ae1bf9faa4f3,8.741428002394969,latency-4708c5b8f906.csv
2025-10-21T22:23:49.858465,grail,thus,5,True,bab402329d33,8.99678800124093,latency-4708c5b8f906.csv
2025-10-21T22:23:50.377940,shrek3,CHARMING,232,True,ae1bf9faa4f3,9.175299997878028,latency-4708c5b8f906.csv
2025-10-21T22:23:50.896611,shrek3,OGRE,39,True,686bdd44bd9e,8.798514998488827,latency-4708c5b8f906.csv
2025-10-21T22:23:51.416162,grail,the,1600,True,686bdd44bd9e,11.3917360031337,latency-4708c5b8f906.csv
2025-10-21T22:23:51.938440,grail,Launcelot,107,True,bab402329d33,8.643441000458552,latency-4708c5b8f906.csv
2025-10-21T22:23:52.456072,shrek3,PRINCE,207,True,686bdd44bd9e,9.16378299734788,latency-4708c5b8f906.csv
2025-10-21T22:23:52.976845,shrek,field,4,True,686bdd44bd9e,9.35090400162153,latency-4708c5b8f906.csv
2025-10-21T22:23:53.496310,grail,"Peng,",0,True,bab402329d33,8.851184000377543,latency-4708c5b8f906.csv
2025-10-21T22:23:54.013906,shrek,GUARD,25,True,ae1bf9faa4f3,7.936328001960646,latency-4708c5b8f906.csv
2025-10-21T22:23:54.531221,shrek3,2,8,True,686bdd44bd9e,9.508510996965924,latency-4708c5b8f906.csv
2025-10-21T22:23:55.051050,shrek,and,318,True,bab402329d33,9.287934997701086,latency-4708c5b8f906.csv
2025-10-21T22:23:55.571037,shrek,And,318,True,686bdd44bd9e,9.905268998409156,latency-4708c5b8f906.csv
2025-10-21T22:23:56.090987,shrek,GORDO,5,True,686bdd44bd9e,8.356014001037693,latency-4708c5b8f906.csv
2025-10-21T22:23:56.610191,shrek3,get,39,True,bab402329d33,8.304323000629665,latency-4708c5b8f906.csv
2025-10-21T22:23:57.128869,grail,pretty,7,True,ae1bf9faa4f3,8.464083999569993,latency-4708c5b8f906.csv
2025-10-21T22:23:57.648400,grail,Christ,8,True,686bdd44bd9e,8.650965999549953,latency-4708c5b8f906.csv
2025-10-21T22:23:58.167401,shrek3,right,36,True,ae1bf9faa4f3,9.296072003053268,latency-4708c5b8f906.csv
2025-10-21T22:23:58.686086,grail,19Prince,0,True,ae1bf9faa4f3,9.690184000646695,latency-4708c5b8f906.csv
2025-10-21T22:23:59.206681,shrek3,decree,1,True,686bdd44bd9e,9.45094400231028,latency-4708c5b8f906.csv
2025-10-21T22:23:59.726583,shrek3,and,576,True,bab402329d33,8.951863001129823,latency-4708c5b8f906.csv
2025-10-21T22:24:00.246302,grail,witch,30,True,686bdd44bd9e,8.77920199854998,latency-4708c5b8f906.csv
2025-10-21T22:24:00.765077,grail,Get,47,True,686bdd44bd9e,9.437418000743492,latency-4708c5b8f906.csv
2025-10-21T22:24:01.289747,shrek,FIONA,211,True,ae1bf9faa4f3,85.55756599889719,latency-4708c5b8f906.csv
2025-10-21T22:24:01.899500,shrek3,SNOW,49,True,ae1bf9faa4f3,12.279976999707287,latency-4708c5b8f906.csv
2025-10-21T22:24:02.421961,grail,the,1600,True,686bdd44bd9e,11.989859998720933,latency-4708c5b8f906.csv
2025-10-21T22:24:02.944931,grail,cross,13,True,bab402329d33,10.77165300011984,latency-4708c5b8f906.csv
2025-10-21T22:24:03.467662,shrek,to,268,True,ae1bf9faa4f3,13.532717999623856,latency-4708c5b8f906.csv
2025-10-21T22:24:04.005986,shrek,Blah,1,True,686bdd44bd9e,16.355989002477145,latency-4708c5b8f906.csv
2025-10-21T22:24:04.537958,shrek3,"Bay""",0,True,ae1bf9faa4f3,8.762002002185909,latency-4708c5b8f906.csv
2025-10-21T22:24:05.058423,shrek,And,318,True,686bdd44bd9e,9.793131997867022,latency-4708c5b8f906.csv
2025-10-21T22:24:05.578657,grail,upon,13,True,bab402329d33,9.226088997820623,latency-4708c5b8f906.csv
2025-10-21T22:24:06.099108,shrek3,EVIL,59,True,ae1bf9faa4f3,12.247568000020692,latency-4708c5b8f906.csv
2025-10-21T22:24:06.623616,shrek3,us,12,True,686bdd44bd9e,10.130186998139834,latency-4708c5b8f906.csv
2025-10-21T22:24:07.145853,grail,are,114,True,bab402329d33,10.917380001046697,latency-4708c5b8f906.csv
2025-10-21T22:24:07.670680,shrek3,reason,2,True,ae1bf9faa4f3,10.11754200226278,latency-4708c5b8f906.csv
2025-10-21T22:24:08.191304,shrek,after,10,True,686bdd44bd9e,11.758378001104576,latency-4708c5b8f906.csv
2025-10-21T22:24:08.716916,shrek,Is,132,True,ae1bf9faa4f3,9.975262997613754,latency-4708c5b8f906.csv
2025-10-21T22:22:10.039048,shrek3,"Suddenly,",0,True,686bdd44bd9e,5.63568300276529,latency-5d3bfcd0bf3c.csv
2025-10-21T22:22:10.551380,shrek3,OGRE,39,True,bab402329d33,5.583010999544058,latency-5d3bfcd0bf3c.csv
2025-10-21T22:22:11.063769,shrek,gone,3,True,ae1bf9faa4f3,6.682025999907637,latency-5d3bfcd0bf3c.csv
2025-10-21T22:22:11.578324,grail,LANCELOT,59,True,ae1bf9faa4f3,6.182212000567233,latency-5d3bfcd0bf3c.csv
2025-10-21T22:22:12.092262,shrek3,body),0,True,686bdd44bd9e,5.793151998659596,latency-5d3bfcd0bf3c.csv
2025-10-21T22:22:12.649566,shrek3,flaming,2,True,ae1bf9faa4f3,7.000328001595335,latency-5d3bfcd0bf3c.csv
2025-10-21T22:22:13.166416,shrek3,the,1285,True,686bdd44bd9e,6.315788999927463,latency-5d3bfcd0bf3c.csv
2025-10-21T22:22:13.680098,grail,for,118,True,bab402329d33,6.3659529987489805,latency-5d3bfcd0bf3c.csv
2025-10-21T22:22:14.195807,shrek,I,386,True,ae1bf9faa4f3,7.470706997992238,latency-5d3bfcd0bf3c.csv
2025-10-21T22:22:14.710691,shrek3,Guards,23,True,686bdd44bd9e,6.155933999252738,latency-5d3bfcd0bf3c.csv
2025-10-21T22:22:15.225122,shrek,SHREK,433,True,bab402329d33,9.978427002351964,latency-5d3bfcd0bf3c.csv
2025-10-21T22:22:15.746322,shrek3,ruby,1,True,ae1bf9faa4f3,5.92423600028269,latency-5d3bfcd0bf3c.csv
2025-10-21T22:22:16.259904,grail,few,8,True,686bdd44bd9e,6.569086002855329,latency-5d3bfcd0bf3c.csv
2025-10-21T22:22:16.774588,grail,Bum,13,True,bab402329d33,8.29981200149632,latency-5d3bfcd0bf3c.csv
2025-10-21T22:22:17.293376,grail,Footnote,4,True,ae1bf9faa4f3,7.915549998870119,latency-5d3bfcd0bf3c.csv
2025-10-21T22:22:17.810871,shrek,But,73,True,686bdd44bd9e,7.605134000186808,latency-5d3bfcd0bf3c.csv
2025-10-21T22:22:18.328386,shrek3,his,238,True,bab402329d33,9.815057997911936,latency-5d3bfcd0bf3c.csv
2025-10-21T22:22:18.847933,grail,cross,13,True,ae1bf9faa4f3,8.964380001998506,latency-5d3bfcd0bf3c.csv
2025-10-21T22:22:19.366474,shrek3,"meet""",0,True,686bdd44bd9e,10.19086099768174,latency-5d3bfcd0bf3c.csv
2025-10-21T22:22:19.890532,shrek3,JOCKS,2,True,ae1bf9faa4f3,8.124301999487216,latency-5d3bfcd0bf3c.csv
2025-10-21T22:22:20.408663,shrek3,WHITE,45,True,686bdd44bd9e,10.107750000315718,latency-5d3bfcd0bf3c.csv
2025-10-21T22:22:20.933335,shrek3,right,36,True,bab402329d33,8.872844002326019,latency-5d3bfcd0bf3c.csv
2025-10-21T22:22:21.456453,grail,are,114,True,bab402329d33,9.315678998973452,latency-5d3bfcd0bf3c.csv
2025-10-21T22:22:21.979814,shrek3,ARTIE,213,True,ae1bf9faa4f3,10.507978000532605,latency-5d3bfcd0bf3c.csv
2025-10-21T22:22:22.499106,grail,cross,13,True,686bdd44bd9e,8.18779999826802,latency-5d3bfcd0bf3c.csv
2025-10-21T22:22:23.016334,shrek3,the,1285,True,bab402329d33,7.484164001652971,latency-5d3bfcd0bf3c.csv
2025-10-21T22:22:23.532906,shrek3,Be,71,True,ae1bf9faa4f3,7.811515002686065,latency-5d3bfcd0bf3c.csv
2025-10-21T22:22:24.049291,shrek3,of,275,True,686bdd44bd9e,7.5670309997804,latency-5d3bfcd0bf3c.csv
2025-10-21T22:22:24.566627,grail,-,259,True,bab402329d33,8.72787300249911,latency-5d3bfcd0bf3c.csv
2025-10-21T22:22:25.085584,shrek,don't,72,True,ae1bf9faa4f3,6.913274999533314,latency-5d3bfcd0bf3c.csv
2025-10-21T22:22:25.602300,shrek3,WHITE,45,True,686bdd44bd9e,7.995854000910185,latency-5d3bfcd0bf3c.csv
2025-10-21T22:22:26.119985,shrek,No,114,True,bab402329d33,9.28849499905482,latency-5d3bfcd0bf3c.csv
2025-10-21T22:22:26.642432,grail,elected,2,True,ae1bf9faa4f3,8.6612180020893,latency-5d3bfcd0bf3c.csv
2025-10-21T22:22:27.161592,shrek3,and,576,True,bab402329d33,9.267744000680976,latency-5d3bfcd0bf3c.csv
2025-10-21T22:22:27.684119,grail,toward,10,True,bab402329d33,9.073623998119729,latency-5d3bfcd0bf3c.csv
2025-10-21T22:22:28.206751,shrek,FIONA,211,True,686bdd44bd9e,9.03854700300144,latency-5d3bfcd0bf3c.csv
2025-10-21T22:22:28.730380,shrek3,at,134,True,bab402329d33,8.839201000228059,latency-5d3bfcd0bf3c.csv
2025-10-21T22:22:29.252883,shrek3,CAPTAIN,41,True,ae1bf9faa4f3,8.48976700217463,latency-5d3bfcd0bf3c.csv
2025-10-21T22:22:29.770419,shrek,one,44,True,686bdd44bd9e,9.764076999999816,latency-5d3bfcd0bf3c.csv
2025-10-21T22:22:30.289586,shrek,baby,3,True,bab402329d33,11.422241001127986,latency-5d3bfcd0bf3c.csv
2025-10-21T22:22:30.813981,grail,with/,0,True,bab402329d33,9.291569000197342,latency-5d3bfcd0bf3c.csv
2025-10-21T22:22:31.333885,shrek,FIONA,211,True,ae1bf9faa4f3,19.126980001601623,latency-5d3bfcd0bf3c.csv
2025-10-21T22:22:31.872459,shrek,DONKEY,320,True,bab402329d33,10.658082999725591,latency-5d3bfcd0bf3c.csv
2025-10-21T22:22:32.400190,shrek,CROWD,5,True,bab402329d33,9.20467299874872,latency-5d3bfcd0bf3c.csv
2025-10-21T22:22:32.919512,grail,Butts,2,True,ae1bf9faa4f3,11.303373998089228,latency-5d3bfcd0bf3c.csv
2025-10-21T22:22:33.442895,grail,pause,10,True,bab402329d33,8.598969998274697,latency-5d3bfcd0bf3c.csv
2025-10-21T22:22:33.962284,grail,G,6,True,bab402329d33,9.2435309998109,latency-5d3bfcd0bf3c.csv
2025-10-21T22:22:34.481616,shrek,baby,3,True,686bdd44bd9e,11.413298998377286,latency-5d3bfcd0bf3c.csv
2025-10-21T22:22:35.005137,grail,from,94,True,bab402329d33,10.028340002463665,latency-5d3bfcd0bf3c.csv
2025-10-21T22:22:35.530481,shrek,Nobody,4,True,bab402329d33,10.865107000427088,latency-5d3bfcd0bf3c.csv
2025-10-21T22:22:36.051790,grail,of,684,True,686bdd44bd9e,9.803051998460433,latency-5d3bfcd0bf3c.csv
2025-10-21T22:22:36.573023,grail,king,136,True,bab402329d33,9.315585000877036,latency-5d3bfcd0bf3c.csv
2025-10-21T22:22:37.094997,shrek,FARQUAAD,84,True,bab402329d33,10.565583001152843,latency-5d3bfcd0bf3c.csv
2025-10-21T22:22:37.616055,shrek3,its,1,True,686bdd44bd9e,9.783927001990378,latency-5d3bfcd0bf3c.csv
2025-10-21T22:22:38.135830,shrek,gone,3,True,ae1bf9faa4f3,9.659740997449262,latency-5d3bfcd0bf3c.csv
2025-10-21T22:22:38.655900,shrek3,SNOW,49,True,686bdd44bd9e,10.39122800284531,latency-5d3bfcd0bf3c.csv
2025-10-21T22:22:39.177740,shrek,What,104,True,ae1bf9faa4f3,10.66807199822506,latency-5d3bfcd0bf3c.csv
2025-10-21T22:22:39.701420,grail,LTD,6,True,ae1bf9faa4f3,9.194669000862632,latency-5d3bfcd0bf3c.csv
2025-10-21T22:22:40.221061,shrek,No,114,True,686bdd44bd9e,2603.466974000185,latency-5d3bfcd0bf3c.csv
2025-10-21T22:22:43.334807,grail,a,666,True,686bdd44bd9e,8.826568999211304,latency-5d3bfcd0bf3c.csv
2025-10-21T22:22:43.854029,shrek3,with,112,True,686bdd44bd9e,9.526101999654202,latency-5d3bfcd0bf3c.csv
2025-10-21T22:22:44.378152,grail,to,718,True,ae1bf9faa4f3,9.12929599871859,latency-5d3bfcd0bf3c.csv
2025-10-21T22:22:44.900707,shrek3,PUSS,196,True,686bdd44bd9e,8.46873900081846,latency-5d3bfcd0bf3c.csv
2025-10-21T22:22:45.418824,shrek3,get,39,True,686bdd44bd9e,8.557058001315454,latency-5d3bfcd0bf3c.csv
2025-10-21T22:22:45.937946,shrek3,true,1,True,686bdd44bd9e,11.22951499928604,latency-5d3bfcd0bf3c.csv
2025-10-21T22:22:46.459098,grail,To,718,True,686bdd44bd9e,8.890170000086073,latency-5d3bfcd0bf3c.csv
2025-10-21T22:22:46.978264,grail,TV,2,True,ae1bf9faa4f3,9.021668000059435,latency-5d3bfcd0bf3c.csv
2025-10-21T22:22:47.497393,shrek,old,10,True,686bdd44bd9e,8.992434999527177,latency-5d3bfcd0bf3c.csv
2025-10-21T22:22:48.017267,shrek3,get,39,True,686bdd44bd9e,12.935179998748936,latency-5d3bfcd0bf3c.csv
2025-10-21T22:22:48.558157,shrek,I,386,True,ae1bf9faa4f3,7.503766999434447,latency-5d3bfcd0bf3c.csv
2025-10-21T22:22:49.074420,grail,the,1600,True,686bdd44bd9e,8.815913999569602,latency-5d3bfcd0bf3c.csv
2025-10-21T22:22:49.595590,grail,time,33,True,686bdd44bd9e,7.823346000805031,latency-5d3bfcd0bf3c.csv
2025-10-21T22:22:50.112861,grail,ANOTHER,25,True,ae1bf9faa4f3,7.953199001349276,latency-5d3bfcd0bf3c.csv
2025-10-21T22:22:50.632523,shrek3,PRINCE,207,True,686bdd44bd9e,8.307408999826293,latency-5d3bfcd0bf3c.csv
2025-10-21T22:22:51.157860,shrek3,time,23,True,ae1bf9faa4f3,16.217492000578204,latency-5d3bfcd0bf3c.csv
2025-10-21T22:22:51.691848,grail,for,118,True,ae1bf9faa4f3,10.091636999277398,latency-5d3bfcd0bf3c.csv
2025-10-21T22:22:52.216984,shrek,rising,1,True,ae1bf9faa4f3,8.863603998179315,latency-5d3bfcd0bf3c.csv
2025-10-21T22:22:52.736235,grail,-,259,True,ae1bf9faa4f3,8.802126001683064,latency-5d3bfcd0bf3c.csv
2025-10-21T22:22:53.253364,shrek3,CAPTAIN,41,True,ae1bf9faa4f3,10.063078996608963,latency-5d3bfcd0bf3c.csv
2025-10-21T22:22:53.772994,grail,a,666,True,ae1bf9faa4f3,10.894856000959408,latency-5d3bfcd0bf3c.csv
2025-10-21T22:22:54.291820,shrek,DONKEY,320,True,ae1bf9faa4f3,12.875354001153028,latency-5d3bfcd0bf3c.csv
2025-10-21T22:22:54.815742,shrek,cottage,4,True,ae1bf9faa4f3,8.224765999329975,latency-5d3bfcd0bf3c.csv
2025-10-21T22:22:55.334250,grail,the,1600,True,ae1bf9faa4f3,8.61301400072989,latency-5d3bfcd0bf3c.csv
2025-10-21T22:22:55.855439,grail,at,104,True,686bdd44bd9e,8.081425999989733,latency-5d3bfcd0bf3c.csv
2025-10-21T22:22:56.375696,shrek,after,10,True,686bdd44bd9e,8.80401299946243,latency-5d3bfcd0bf3c.csv
2025-10-21T22:22:56.896730,shrek,CROWD,5,True,ae1bf9faa4f3,13.078400999802398,latency-5d3bfcd0bf3c.csv
2025-10-21T22:22:57.431164,shrek,rising,1,True,686bdd44bd9e,10.981712002831046,latency-5d3bfcd0bf3c.csv
2025-10-21T22:22:57.958297,shrek,afraid,8,True,686bdd44bd9e,9.414737000042804,latency-5d3bfcd0bf3c.csv
2025-10-21T22:22:58.478440,shrek3,and,576,True,686bdd44bd9e,10.377759997936664,latency-5d3bfcd0bf3c.csv
2025-10-21T22:22:59.002771,grail,pretty,7,True,686bdd44bd9e,10.27789499858045,latency-5d3bfcd0bf3c.csv
2025-10-21T22:22:59.528972,shrek3,"Suddenly,",0,True,686bdd44bd9e,12.646594001125775,latency-5d3bfcd0bf3c.csv
2025-10-21T22:23:00.052197,shrek3,an,51,True,686bdd44bd9e,12.042034999467432,latency-5d3bfcd0bf3c.csv
2025-10-21T22:23:00.578788,shrek,Nobody,4,True,686bdd44bd9e,12.792139998055063,latency-5d3bfcd0bf3c.csv
2025-10-21T22:23:01.105221,shrek,will,16,True,ae1bf9faa4f3,21.873081001103856,latency-5d3bfcd0bf3c.csv
2025-10-21T22:23:01.650967,shrek,I,386,True,686bdd44bd9e,11.30586200088146,latency-5d3bfcd0bf3c.csv
2025-10-21T22:23:02.183616,shrek,tell,25,True,ae1bf9faa4f3,7.88831099998788,latency-5d3bfcd0bf3c.csv
2025-10-21T22:23:02.705466,shrek,gone,3,True,ae1bf9faa4f3,8.00396699924022,latency-5d3bfcd0bf3c.csv
2025-10-21T22:23:03.227649,shrek3,SNOW,49,True,ae1bf9faa4f3,9.794669000257272,latency-5d3bfcd0bf3c.csv
2025-10-21T22:23:03.752263,grail,few,8,True,ae1bf9faa4f3,9.906276998663088,latency-5d3bfcd0bf3c.csv
2025-10-21T22:23:04.274596,shrek3,PRINCE,207,True,ae1bf9faa4f3,10.105654000653884,latency-5d3bfcd0bf3c.csv
2025-10-21T22:23:04.795505,shrek,FIONA,211,True,ae1bf9faa4f3,10.380406998592662,latency-5d3bfcd0bf3c.csv
2025-10-21T22:23:05.320395,shrek3,Guards,23,True,ae1bf9faa4f3,11.353300997143378,latency-5d3bfcd0bf3c.csv
2025-10-21T22:23:05.845883,grail,witch,30,True,ae1bf9faa4f3,11.200566001207337,latency-5d3bfcd0bf3c.csv
2025-10-21T22:23:06.373441,grail,the,1600,True,686bdd44bd9e,14.258356997743247,latency-5d3bfcd0bf3c.csv
2025-10-21T22:23:06.908870,shrek,our,11,True,ae1bf9faa4f3,15.65241600110312,latency-5d3bfcd0bf3c.csv
2025-10-21T22:23:07.437336,grail,since,10,True,ae1bf9faa4f3,15.943999998853542,latency-5d3bfcd0bf3c.csv
2025-10-21T22:23:07.974909,shrek,and,318,True,ae1bf9faa4f3,16.141928001161432,latency-5d3bfcd0bf3c.csv
2025-10-21T22:23:08.504482,shrek3,did,14,True,ae1bf9faa4f3,15.207905002171174,latency-5d3bfcd0bf3c.csv
2025-10-21T22:23:45.229250,shrek3,SCHOOL,14,True,686bdd44bd9e,9.791630000108851,latency-5d3bfcd0bf3c.csv
2025-10-21T22:23:45.756096,shrek,DONKEY,320,True,ae1bf9faa4f3,10.80267100041965,latency-5d3bfcd0bf3c.csv
2025-10-21T22:23:46.286166,shrek,edge,2,True,ae1bf9faa4f3,9.674729000835214,latency-5d3bfcd0bf3c.csv
2025-10-21T22:23:46.811624,shrek3,SCHOOL,14,True,686bdd44bd9e,8.890173001418589,latency-5d3bfcd0bf3c.csv
2025-10-21T22:23:47.336241,shrek,And,318,True,bab402329d33,9.554814001603518,latency-5d3bfcd0bf3c.csv
2025-10-21T22:23:47.864164,shrek,SHREK,433,True,ae1bf9faa4f3,10.837668996828144,latency-5d3bfcd0bf3c.csv
2025-10-21T22:23:48.391192,shrek3,116,1,True,bab402329d33,11.901679001312004,latency-5d3bfcd0bf3c.csv
2025-10-21T22:23:48.918017,grail,ANOTHER,25,True,bab402329d33,13.740155001869423,latency-5d3bfcd0bf3c.csv
2025-10-21T22:23:49.445797,shrek,stairs,7,True,bab402329d33,12.492014000599738,latency-5d3bfcd0bf3c.csv
2025-10-21T22:23:49.972595,shrek3,the,1285,True,bab402329d33,11.923066002054838,latency-5d3bfcd0bf3c.csv
2025-10-21T22:23:50.500824,shrek3,through,43,True,ae1bf9faa4f3,12.901999998575777,latency-5d3bfcd0bf3c.csv
2025-10-21T22:23:51.027193,grail,witch,30,True,bab402329d33,12.156165998021606,latency-5d3bfcd0bf3c.csv
2025-10-21T22:23:51.554336,shrek,Nobody,4,True,ae1bf9faa4f3,17.827998999564443,latency-5d3bfcd0bf3c.csv
2025-10-21T22:23:52.087563,grail,Aaaaugh,9,True,686bdd44bd9e,13.504733000445412,latency-5d3bfcd0bf3c.csv
2025-10-21T22:23:52.616807,grail,thus,5,True,686bdd44bd9e,14.962510002078488,latency-5d3bfcd0bf3c.csv
2025-10-21T22:23:53.149124,grail,Auuuuuuuugh,2,True,ae1bf9faa4f3,14.098305997322312,latency-5d3bfcd0bf3c.csv
2025-10-21T22:23:53.677906,grail,rows,1,True,ae1bf9faa4f3,14.102862998697674,latency-5d3bfcd0bf3c.csv
2025-10-21T22:23:54.208779,grail,Footnote,4,True,bab402329d33,15.74555600018357,latency-5d3bfcd0bf3c.csv
2025-10-21T22:23:54.739479,grail,door,14,True,ae1bf9faa4f3,32.14832600133377,latency-5d3bfcd0bf3c.csv
2025-10-21T22:23:55.286790,shrek,gone,3,True,bab402329d33,12.99128800019389,latency-5d3bfcd0bf3c.csv
2025-10-21T22:23:55.813604,shrek3,right,36,True,686bdd44bd9e,13.467010998283511,latency-5d3bfcd0bf3c.csv
2025-10-21T22:23:56.342763,shrek3,supposed,11,True,686bdd44bd9e,13.564492997829802,latency-5d3bfcd0bf3c.csv
2025-10-21T22:23:56.873435,shrek3,at,134,True,bab402329d33,16.085661998658907,latency-5d3bfcd0bf3c.csv
2025-10-21T22:23:57.403825,shrek3,get,39,True,bab402329d33,18.75664999897708,latency-5d3bfcd0bf3c.csv
2025-10-21T22:23:57.940918,shrek3,him,87,True,686bdd44bd9e,13.712060001125792,latency-5d3bfcd0bf3c.csv
2025-10-21T22:23:58.470754,shrek3,WOLF,7,True,686bdd44bd9e,15.777239001181442,latency-5d3bfcd0bf3c.csv
2025-10-21T22:23:59.004970,shrek,your,49,True,686bdd44bd9e,14.539998999680392,latency-5d3bfcd0bf3c.csv
2025-10-21T22:23:59.538225,grail,CALLS,3,True,ae1bf9faa4f3,17.510106998088304,latency-5d3bfcd0bf3c.csv
2025-10-21T22:24:00.080276,shrek3,SNOW,49,True,ae1bf9faa4f3,13.833557000907604,latency-5d3bfcd0bf3c.csv
2025-10-21T22:24:00.612412,shrek,placed,1,True,686bdd44bd9e,14.223610000044571,latency-5d3bfcd0bf3c.csv
2025-10-21T22:24:01.142675,grail,ANOTHER,25,True,ae1bf9faa4f3,32.500287001312245,latency-5d3bfcd0bf3c.csv
2025-10-21T22:24:01.745251,grail,few,8,True,686bdd44bd9e,10.328200001822552,latency-5d3bfcd0bf3c.csv
2025-10-21T22:24:02.268532,shrek,DONKEY,320,True,ae1bf9faa4f3,8.3584649983095,latency-5d3bfcd0bf3c.csv
2025-10-21T22:24:02.786750,shrek,and,318,True,686bdd44bd9e,8.0502439996053,latency-5d3bfcd0bf3c.csv
2025-10-21T22:24:03.304276,shrek3,the,1285,True,686bdd44bd9e,8.784812001977116,latency-5d3bfcd0bf3c.csv
2025-10-21T22:24:03.824440,grail,TV,2,True,ae1bf9faa4f3,8.264434000011533,latency-5d3bfcd0bf3c.csv
2025-10-21T22:24:04.342365,shrek3,SHREK,678,True,686bdd44bd9e,8.603243000834482,latency-5d3bfcd0bf3c.csv
2025-10-21T22:24:04.860551,grail,CALLS,3,True,bab402329d33,8.49196999843116,latency-5d3bfcd0bf3c.csv
2025-10-21T22:24:05.377941,grail,grabbing,5,True,bab402329d33,9.648341001593508,latency-5d3bfcd0bf3c.csv
2025-10-21T22:24:05.897281,shrek3,dat,1,True,686bdd44bd9e,8.55157900150516,latency-5d3bfcd0bf3c.csv
2025-10-21T22:24:06.416207,grail,are,114,True,bab402329d33,7.714811999903759,latency-5d3bfcd0bf3c.csv
2025-10-21T22:24:06.933771,shrek,looks,37,True,bab402329d33,8.050918997469125,latency-5d3bfcd0bf3c.csv
2025-10-21T22:24:07.452069,grail,pseudonym,1,True,686bdd44bd9e,8.88118399961968,latency-5d3bfcd0bf3c.csv
2025-10-21T22:24:07.972092,grail,"lute,",0,True,686bdd44bd9e,8.313809001265327,latency-5d3bfcd0bf3c.csv
2025-10-21T22:24:08.490958,grail,Guard,106,True,ae1bf9faa4f3,8.486752001772402,latency-5d3bfcd0bf3c.csv
2025-10-21T22:22:08.492708,grail,Get,47,True,686bdd44bd9e,5.914979999943171,latency-676fef50da7a.csv
2025-10-21T22:22:09.006200,shrek3,ruby,1,True,686bdd44bd9e,6.190498002979439,latency-676fef50da7a.csv
2025-10-21T22:22:09.520720,shrek,its,1,True,ae1bf9faa4f3,5.963824998616474,latency-676fef50da7a.csv
2025-10-21T22:22:10.034718,shrek3,"Bay""",0,True,ae1bf9faa4f3,6.48557900058222,latency-676fef50da7a.csv
2025-10-21T22:22:10.548771,shrek3,an,51,True,686bdd44bd9e,6.029182000929723,latency-676fef50da7a.csv
2025-10-21T22:22:11.063376,shrek3,at,134,True,bab402329d33,6.670183000096586,latency-676fef50da7a.csv
2025-10-21T22:22:11.607351,grail,Yeah,13,True,686bdd44bd9e,6.292486999882385,latency-676fef50da7a.csv
2025-10-21T22:22:12.121131,shrek,will,16,True,bab402329d33,6.102045997977257,latency-676fef50da7a.csv
2025-10-21T22:22:12.634774,shrek,FIONA'S,3,True,bab402329d33,7.01120900339447,latency-676fef50da7a.csv
2025-10-21T22:22:13.149773,grail,"Peng,",0,True,ae1bf9faa4f3,6.156534000183456,latency-676fef50da7a.csv
2025-10-21T22:22:13.664091,grail,cross,13,True,686bdd44bd9e,6.661561998043908,latency-676fef50da7a.csv
2025-10-21T22:22:14.178120,grail,BEDEVERE,103,True,bab402329d33,6.378129997756332,latency-676fef50da7a.csv
2025-10-21T22:22:14.693043,shrek,DONKEY,320,True,ae1bf9faa4f3,7.840689999284223,latency-676fef50da7a.csv
2025-10-21T22:22:15.207517,shrek,placed,1,True,686bdd44bd9e,9.844154999882448,latency-676fef50da7a.csv
2025-10-21T22:22:15.727506,shrek3,us,12,True,bab402329d33,5.893920999369584,latency-676fef50da7a.csv
2025-10-21T22:22:16.240812,grail,sell,1,True,ae1bf9faa4f3,6.415544998162659,latency-676fef50da7a.csv
2025-10-21T22:22:16.755364,shrek3,CAPTAIN,41,True,686bdd44bd9e,8.20931899943389,latency-676fef50da7a.csv
2025-10-21T22:22:17.273484,shrek,token,1,True,bab402329d33,8.475971000734717,latency-676fef50da7a.csv
2025-10-21T22:22:17.792463,grail,on,139,True,ae1bf9faa4f3,7.46130900006392,latency-676fef50da7a.csv
2025-10-21T22:22:18.310558,shrek,"Well,",0,True,686bdd44bd9e,8.28769300278509,latency-676fef50da7a.csv
2025-10-21T22:22:18.829386,shrek,HOOD,13,True,bab402329d33,9.232758999132784,latency-676fef50da7a.csv
2025-10-21T22:22:19.349795,grail,Michael,11,True,ae1bf9faa4f3,8.103192998532904,latency-676fef50da7a.csv
2025-10-21T22:22:19.868338,shrek,swamp,18,True,686bdd44bd9e,9.065125999768496,latency-676fef50da7a.csv
2025-10-21T22:22:20.387669,shrek3,cues,3,True,bab402329d33,8.603604997915681,latency-676fef50da7a.csv
2025-10-21T22:22:20.906769,grail,rows,1,True,ae1bf9faa4f3,8.278651999717113,latency-676fef50da7a.csv
2025-10-21T22:22:21.425251,shrek3,supposed,11,True,686bdd44bd9e,8.963801999925636,latency-676fef50da7a.csv
2025-10-21T22:22:21.947733,shrek,DONKEY,320,True,bab402329d33,16.572033997363178,latency-676fef50da7a.csv
2025-10-21T22:22:22.476304,shrek,help,5,True,ae1bf9faa4f3,7.475929000065662,latency-676fef50da7a.csv
2025-10-21T22:22:22.993005,shrek3,WHITE,45,True,686bdd44bd9e,7.8629039999214,latency-676fef50da7a.csv
2025-10-21T22:22:23.510350,grail,a,666,True,bab402329d33,7.836182001483394,latency-676fef50da7a.csv
2025-10-21T22:22:24.025504,grail,"collective,",0,True,ae1bf9faa4f3,8.555240998248337,latency-676fef50da7a.csv
2025-10-21T22:22:24.546981,shrek3,SHREK,678,True,686bdd44bd9e,7.906959999672836,latency-676fef50da7a.csv
2025-10-21T22:22:25.066966,shrek,who,29,True,bab402329d33,8.334064998052781,latency-676fef50da7a.csv
2025-10-21T22:22:25.586006,grail,Michael,11,True,ae1bf9faa4f3,8.56515300256433,latency-676fef50da7a.csv
2025-10-21T22:22:26.104392,shrek,cottage,4,True,686bdd44bd9e,8.475216000078944,latency-676fef50da7a.csv
2025-10-21T22:22:26.622822,shrek3,boomerang,1,True,bab402329d33,8.696748001966625,latency-676fef50da7a.csv
2025-10-21T22:22:27.141957,grail,LTD,6,True,ae1bf9faa4f3,8.10482300221338,latency-676fef50da7a.csv
2025-10-21T22:22:27.659546,shrek,DONKEY,320,True,686bdd44bd9e,8.31702600044082,latency-676fef50da7a.csv
2025-10-21T22:22:28.177868,grail,sell,1,True,bab402329d33,8.303000999148935,latency-676fef50da7a.csv
2025-10-21T22:22:28.696958,shrek3,Hold,8,True,ae1bf9faa4f3,9.479997999733314,latency-676fef50da7a.csv
2025-10-21T22:22:29.217827,shrek,cottage,4,True,686bdd44bd9e,10.309678000339773,latency-676fef50da7a.csv
2025-10-21T22:22:29.741790,grail,Cleveland,3,True,bab402329d33,8.752459001698298,latency-676fef50da7a.csv
2025-10-21T22:22:30.261292,grail,from,94,True,ae1bf9faa4f3,8.712011000170605,latency-676fef50da7a.csv
2025-10-21T22:22:30.780294,shrek3,the,1285,True,686bdd44bd9e,8.385553999687545,latency-676fef50da7a.csv
2025-10-21T22:22:31.298311,shrek,will,16,True,bab402329d33,9.586254000168992,latency-676fef50da7a.csv
2025-10-21T22:22:31.824061,shrek,SHREK,433,True,ae1bf9faa4f3,8.235019999119686,latency-676fef50da7a.csv
2025-10-21T22:22:32.344010,shrek3,still,18,True,686bdd44bd9e,8.220129999244818,latency-676fef50da7a.csv
2025-10-21T22:22:32.862081,shrek,"Ha,",0,True,bab402329d33,7.208699000329943,latency-676fef50da7a.csv
2025-10-21T22:22:33.379340,grail,thus,5,True,ae1bf9faa4f3,8.5210380020726,latency-676fef50da7a.csv
2025-10-21T22:22:33.897523,grail,few,8,True,686bdd44bd9e,14.410013001906918,latency-676fef50da7a.csv
2025-10-21T22:22:34.430993,shrek3,OGRE,39,True,bab402329d33,7.948649999889312,latency-676fef50da7a.csv
2025-10-21T22:22:34.949037,shrek3,toward,14,True,ae1bf9faa4f3,8.006172996829264,latency-676fef50da7a.csv
2025-10-21T22:22:35.467361,grail,"Peng,",0,True,686bdd44bd9e,9.7664929999155,latency-676fef50da7a.csv
2025-10-21T22:22:35.987569,grail,a,666,True,bab402329d33,8.85267600096995,latency-676fef50da7a.csv
2025-10-21T22:22:36.506135,shrek3,SHREK,678,True,ae1bf9faa4f3,8.565310003177729,latency-676fef50da7a.csv
2025-10-21T22:22:37.025365,shrek,not,50,True,686bdd44bd9e,8.271889000752708,latency-676fef50da7a.csv
2025-10-21T22:22:37.543936,grail,cross,13,True,bab402329d33,8.49822600139305,latency-676fef50da7a.csv
2025-10-21T22:22:38.063715,shrek,FIONA,211,True,ae1bf9faa4f3,9.615828999812948,latency-676fef50da7a.csv
2025-10-21T22:22:38.583789,grail,dancing,10,True,686bdd44bd9e,9.70515299923136,latency-676fef50da7a.csv
2025-10-21T22:22:39.103631,shrek3,time,23,True,bab402329d33,8.784246998402523,latency-676fef50da7a.csv
2025-10-21T22:22:39.622416,shrek,SHREK,433,True,686bdd44bd9e,9.195762002491392,latency-676fef50da7a.csv
2025-10-21T22:22:40.140816,grail,since,10,True,686bdd44bd9e,8.579485998780001,latency-676fef50da7a.csv
2025-10-21T22:22:40.659325,grail,Footnote,4,True,ae1bf9faa4f3,9.620343000278808,latency-676fef50da7a.csv
2025-10-21T22:22:41.184971,shrek3,them,44,True,686bdd44bd9e,11.372420998668533,latency-676fef50da7a.csv
2025-10-21T22:22:41.707774,shrek,FARQUAAD,84,True,ae1bf9faa4f3,8.734580002055736,latency-676fef50da7a.csv
2025-10-21T22:22:42.232220,shrek,Blah,1,True,ae1bf9faa4f3,8.069007999438327,latency-676fef50da7a.csv
2025-10-21T22:22:42.750654,shrek3,Uh,18,True,686bdd44bd9e,8.875032999640098,latency-676fef50da7a.csv
2025-10-21T22:22:43.269871,grail,Butts,2,True,686bdd44bd9e,8.77882100030547,latency-676fef50da7a.csv
2025-10-21T22:22:43.788574,grail,Bum,13,True,686bdd44bd9e,8.5052110007382,latency-676fef50da7a.csv
2025-10-21T22:22:44.307022,shrek,the,535,True,686bdd44bd9e,8.805527999356855,latency-676fef50da7a.csv
2025-10-21T22:22:44.825883,shrek3,Arg,1,True,686bdd44bd9e,8.3809139978257,latency-676fef50da7a.csv
2025-10-21T22:22:45.347017,grail,and,722,True,686bdd44bd9e,8.827551999274874,latency-676fef50da7a.csv
2025-10-21T22:22:45.866037,shrek,INSIDE,16,True,686bdd44bd9e,8.291792997624725,latency-676fef50da7a.csv
2025-10-21T22:22:46.384051,shrek,Is,132,True,686bdd44bd9e,9.813974000280725,latency-676fef50da7a.csv
2025-10-21T22:22:46.905596,shrek3,ho,8,True,686bdd44bd9e,8.45590399694629,latency-676fef50da7a.csv
2025-10-21T22:22:47.424374,grail,the,1600,True,686bdd44bd9e,9.251333001884632,latency-676fef50da7a.csv
2025-10-21T22:22:47.943418,shrek3,the,1285,True,686bdd44bd9e,10.497011000552448,latency-676fef50da7a.csv
2025-10-21T22:22:48.467050,grail,Cleveland,3,True,686bdd44bd9e,8.288460998301161,latency-676fef50da7a.csv
2025-10-21T22:22:48.984627,grail,TV,2,True,686bdd44bd9e,7.102059997123433,latency-676fef50da7a.csv
2025-10-21T22:22:49.500845,grail,elected,2,True,686bdd44bd9e,7.307945998036303,latency-676fef50da7a.csv
2025-10-21T22:22:50.018441,grail,Bridge,30,True,686bdd44bd9e,8.302034002554137,latency-676fef50da7a.csv
2025-10-21T22:22:50.536471,shrek3,SHOUTING),0,True,686bdd44bd9e,7.8256019987748,latency-676fef50da7a.csv
2025-10-21T22:22:51.053936,shrek,SHREK,433,True,686bdd44bd9e,8.402679002756486,latency-676fef50da7a.csv
2025-10-21T22:22:51.574856,shrek3,SHREK,678,True,686bdd44bd9e,8.675274999404792,latency-676fef50da7a.csv
2025-10-21T22:22:52.094309,shrek,SHREK,433,True,686bdd44bd9e,8.293808001326397,latency-676fef50da7a.csv
2025-10-21T22:22:52.612955,shrek,your,49,True,686bdd44bd9e,8.402797000599094,latency-676fef50da7a.csv
2025-10-21T22:22:53.131086,grail,Cleese,10,True,686bdd44bd9e,7.599748998472933,latency-676fef50da7a.csv
2025-10-21T22:22:53.648463,shrek3,decree,1,True,686bdd44bd9e,11.564581000129692,latency-676fef50da7a.csv
2025-10-21T22:22:54.171475,shrek3,Artie,213,True,686bdd44bd9e,9.048435000295283,latency-676fef50da7a.csv
2025-10-21T22:22:54.690333,grail,it,279,True,686bdd44bd9e,7.839597001293441,latency-676fef50da7a.csv
2025-10-21T22:22:55.207899,grail,Yeah,13,True,686bdd44bd9e,8.735659001104068,latency-676fef50da7a.csv
2025-10-21T22:22:55.727091,grail,to,718,True,686bdd44bd9e,7.790431001922116,latency-676fef50da7a.csv
2025-10-21T22:22:56.244890,shrek3,SNOW,49,True,686bdd44bd9e,9.571423997840611,latency-676fef50da7a.csv
2025-10-21T22:22:56.763434,grail,on,139,True,686bdd44bd9e,9.438393997697858,latency-676fef50da7a.csv
2025-10-21T22:22:57.283011,grail,is,317,True,686bdd44bd9e,9.457700998609653,latency-676fef50da7a.csv
2025-10-21T22:22:57.802906,grail,pause,10,True,686bdd44bd9e,8.280320002086228,latency-676fef50da7a.csv
2025-10-21T22:22:58.322393,shrek,SHREK,433,True,686bdd44bd9e,11.01821299744188,latency-676fef50da7a.csv
2025-10-21T22:22:58.845289,grail,Bridge,30,True,686bdd44bd9e,8.993493996968027,latency-676fef50da7a.csv
2025-10-21T22:22:59.364505,shrek,GUARD,25,True,686bdd44bd9e,8.821473998978036,latency-676fef50da7a.csv
2025-10-21T22:22:59.883633,shrek,DONKEY,320,True,686bdd44bd9e,8.366041001863778,latency-676fef50da7a.csv
2025-10-21T22:23:00.402071,grail,Boom,4,True,686bdd44bd9e,8.638077997602522,latency-676fef50da7a.csv
2025-10-21T22:23:00.924949,shrek,its,1,True,686bdd44bd9e,7.778162998874905,latency-676fef50da7a.csv
2025-10-21T22:23:01.442258,grail,the,1600,True,686bdd44bd9e,13.998938997247024,latency-676fef50da7a.csv
2025-10-21T22:23:01.976524,shrek3,an,51,True,ae1bf9faa4f3,15.35007799975574,latency-676fef50da7a.csv
2025-10-21T22:23:02.505177,shrek,SHREK,433,True,ae1bf9faa4f3,8.234605000325246,latency-676fef50da7a.csv
2025-10-21T22:23:03.025079,grail,To,718,True,ae1bf9faa4f3,10.14841199867078,latency-676fef50da7a.csv
2025-10-21T22:23:03.544728,grail,-,259,True,686bdd44bd9e,9.015840998472411,latency-676fef50da7a.csv
2025-10-21T22:23:04.063333,shrek,to,268,True,ae1bf9faa4f3,10.006348999013426,latency-676fef50da7a.csv
2025-10-21T22:23:04.585775,shrek3,SHREK,678,True,ae1bf9faa4f3,7.537347002653405,latency-676fef50da7a.csv
2025-10-21T22:23:05.102789,grail,with/,0,True,686bdd44bd9e,8.165453000401612,latency-676fef50da7a.csv
2025-10-21T22:23:05.619530,shrek,our,11,True,ae1bf9faa4f3,8.556691998819588,latency-676fef50da7a.csv
2025-10-21T22:23:06.139081,shrek,SHREK,433,True,ae1bf9faa4f3,7.205960999272065,latency-676fef50da7a.csv
2025-10-21T22:23:06.655606,shrek,and,318,True,ae1bf9faa4f3,8.507303002261324,latency-676fef50da7a.csv
2025-10-21T22:23:07.172938,shrek,"Well,",0,True,ae1bf9faa4f3,8.596013998612761,latency-676fef50da7a.csv
2025-10-21T22:23:07.690957,shrek,CROWD,5,True,ae1bf9faa4f3,8.58097399759572,latency-676fef50da7a.csv
2025-10-21T22:23:08.209620,shrek,you,409,True,ae1bf9faa4f3,8.59043599848519,latency-676fef50da7a.csv
2025-10-21T22:23:08.728936,shrek,FIONA,211,True,ae1bf9faa4f3,9.322597998107083,latency-676fef50da7a.csv
2025-10-21T22:23:09.249578,shrek3,Final,119,True,686bdd44bd9e,2655.332926999108,latency-676fef50da7a.csv
2025-10-21T22:23:12.415636,shrek3,SHREK,678,True,686bdd44bd9e,8.021468998776982,latency-676fef50da7a.csv
2025-10-21T22:23:12.933826,shrek3,get,39,True,686bdd44bd9e,13.330656998732591,latency-676fef50da7a.csv
2025-10-21T22:23:13.463484,shrek,FARQUAAD,84,True,686bdd44bd9e,9.450247001950627,latency-676fef50da7a.csv
2025-10-21T22:23:13.984127,shrek,looks,37,True,686bdd44bd9e,10.811562999151649,latency-676fef50da7a.csv
2025-10-21T22:23:14.504697,grail,19Prince,0,True,686bdd44bd9e,13.002054001844954,latency-676fef50da7a.csv
2025-10-21T22:23:15.028179,shrek,tell,25,True,686bdd44bd9e,11.413170999730935,latency-676fef50da7a.csv
2025-10-21T22:23:15.551609,shrek,swamp,18,True,686bdd44bd9e,8.600584002124378,latency-676fef50da7a.csv
2025-10-21T22:23:16.070734,grail,to,718,True,686bdd44bd9e,10.508379000384592,latency-676fef50da7a.csv
2025-10-21T22:23:16.590257,shrek3,supposed,11,True,686bdd44bd9e,11.480253000627272,latency-676fef50da7a.csv
2025-10-21T22:23:17.112599,grail,Michael,11,True,686bdd44bd9e,12.603119997947942,latency-676fef50da7a.csv
2025-10-21T22:23:17.638034,shrek,you,409,True,686bdd44bd9e,9.5406059990637,latency-676fef50da7a.csv
2025-10-21T22:23:18.158499,shrek,trip,1,True,686bdd44bd9e,10.789958996610949,latency-676fef50da7a.csv
2025-10-21T22:23:18.678967,grail,Auuuuuuuugh,2,True,686bdd44bd9e,10.33638200169662,latency-676fef50da7a.csv
2025-10-21T22:23:19.202735,grail,"Oh,",2,True,686bdd44bd9e,10.2129100014281,latency-676fef50da7a.csv
2025-10-21T22:23:19.723620,grail,Butts,2,True,686bdd44bd9e,9.973521002393682,latency-676fef50da7a.csv
2025-10-21T22:23:20.242973,grail,Cleveland,3,True,686bdd44bd9e,10.364305999246426,latency-676fef50da7a.csv
2025-10-21T22:23:20.763894,shrek3,cues,3,True,686bdd44bd9e,9.72610900134896,latency-676fef50da7a.csv
2025-10-21T22:23:21.284727,shrek3,116,1,True,686bdd44bd9e,11.497490002511768,latency-676fef50da7a.csv
2025-10-21T22:23:21.835153,shrek,FARQUAAD,84,True,686bdd44bd9e,12.049578999722144,latency-676fef50da7a.csv
2025-10-21T22:23:22.374794,grail,ANOTHER,25,True,686bdd44bd9e,8.597620002547046,latency-676fef50da7a.csv
2025-10-21T22:23:22.893186,shrek3,"Suddenly,",0,True,686bdd44bd9e,7.393932999548269,latency-676fef50da7a.csv
2025-10-21T22:23:23.410518,shrek3,Donkey,243,True,686bdd44bd9e,7.556566000857856,latency-676fef50da7a.csv
2025-10-21T22:23:23.928195,shrek3,with,112,True,686bdd44bd9e,12.25882200014894,latency-676fef50da7a.csv
2025-10-21T22:23:24.447622,shrek3,toward,14,True,686bdd44bd9e,7.557201999588869,latency-676fef50da7a.csv
2025-10-21T22:23:24.964470,shrek3,ARTIE,213,True,686bdd44bd9e,8.071667998592602,latency-676fef50da7a.csv
2025-10-21T22:23:25.480747,shrek,What,104,True,686bdd44bd9e,7.7822800012654625,latency-676fef50da7a.csv
2025-10-21T22:23:25.998359,shrek,But,73,True,686bdd44bd9e,9.971039999072673,latency-676fef50da7a.csv
2025-10-21T22:23:26.519299,shrek3,true,1,True,686bdd44bd9e,10.894750997977098,latency-676fef50da7a.csv
2025-10-21T22:23:27.040201,shrek,No,114,True,686bdd44bd9e,7.865436000429327,latency-676fef50da7a.csv
2025-10-21T22:23:27.557198,grail,the,1600,True,686bdd44bd9e,9.43763200120884,latency-676fef50da7a.csv
2025-10-21T22:23:28.077272,shrek,And,318,True,686bdd44bd9e,10.458238000865094,latency-676fef50da7a.csv
2025-10-21T22:23:28.600598,shrek,tale,7,True,686bdd44bd9e,9.331716999440689,latency-676fef50da7a.csv
2025-10-21T22:23:29.119748,grail,Jones,7,True,686bdd44bd9e,9.368369002913823,latency-676fef50da7a.csv
2025-10-21T22:23:29.639834,shrek3,SHREK,678,True,686bdd44bd9e,9.19598000109545,latency-676fef50da7a.csv
2025-10-21T22:23:30.159301,shrek3,JOCKS,2,True,686bdd44bd9e,9.625833998143207,latency-676fef50da7a.csv
2025-10-21T22:23:30.680212,shrek3,EVIL,59,True,686bdd44bd9e,9.303438000642927,latency-676fef50da7a.csv
2025-10-21T22:23:31.200358,shrek3,the,1285,True,686bdd44bd9e,12.446466997062087,latency-676fef50da7a.csv
2025-10-21T22:23:31.726873,shrek3,his,238,True,686bdd44bd9e,9.495524998783369,latency-676fef50da7a.csv
2025-10-21T22:23:32.245749,shrek3,time,23,True,686bdd44bd9e,10.321134999685455,latency-676fef50da7a.csv
2025-10-21T22:23:32.765804,shrek3,Uh,18,True,686bdd44bd9e,9.615704999305308,latency-676fef50da7a.csv
2025-10-21T22:23:33.284875,shrek3,Im,1,True,686bdd44bd9e,12.465922001865692,latency-676fef50da7a.csv
2025-10-21T22:23:33.811531,shrek3,flaming,2,True,686bdd44bd9e,8.926315000280738,latency-676fef50da7a.csv
2025-10-21T22:23:34.330402,shrek,FIONA,211,True,686bdd44bd9e,10.191222001594724,latency-676fef50da7a.csv
2025-10-21T22:23:34.850551,shrek,number,8,True,686bdd44bd9e,8.977427001809701,latency-676fef50da7a.csv
2025-10-21T22:23:35.368573,grail,To,718,True,686bdd44bd9e,9.940936000930378,latency-676fef50da7a.csv
2025-10-21T22:23:35.888291,shrek3,cosmic,1,True,686bdd44bd9e,8.31773699974292,latency-676fef50da7a.csv
2025-10-21T22:23:36.406533,shrek3,RAPUNZEL,30,True,bab402329d33,7.582038000691682,latency-676fef50da7a.csv
2025-10-21T22:23:36.924113,shrek,FARQUAAD,84,True,bab402329d33,8.250245999079198,latency-676fef50da7a.csv
2025-10-21T22:23:37.443585,shrek3,TO,511,True,686bdd44bd9e,8.146164000208955,latency-676fef50da7a.csv
2025-10-21T22:23:37.962878,grail,the,1600,True,686bdd44bd9e,8.817301997623872,latency-676fef50da7a.csv
2025-10-21T22:23:38.481453,grail,music,21,True,ae1bf9faa4f3,8.96430100328871,latency-676fef50da7a.csv
2025-10-21T22:23:39.000831,shrek3,BOAT,32,True,686bdd44bd9e,9.99872200191021,latency-676fef50da7a.csv
2025-10-21T22:23:39.520435,grail,19Prince,0,True,bab402329d33,9.23260899799061,latency-676fef50da7a.csv
2025-10-21T22:23:40.040211,grail,about,49,True,bab402329d33,9.179559001495363,latency-676fef50da7a.csv
2025-10-21T22:23:40.559729,grail,pseudonym,1,True,686bdd44bd9e,9.094854998693336,latency-676fef50da7a.csv
2025-10-21T22:23:41.080065,shrek,Blah,1,True,bab402329d33,9.595172999979695,latency-676fef50da7a.csv
2025-10-21T22:23:41.607659,grail,for,118,True,ae1bf9faa4f3,11.420899001677752,latency-676fef50da7a.csv
2025-10-21T22:23:42.133395,shrek,FIONA,211,True,686bdd44bd9e,7.350579999183537,latency-676fef50da7a.csv
2025-10-21T22:23:42.649840,shrek,Aah,6,True,bab402329d33,8.056827002292266,latency-676fef50da7a.csv
2025-10-21T22:23:43.167550,grail,Gallahad,44,True,ae1bf9faa4f3,8.063405999564566,latency-676fef50da7a.csv
2025-10-21T22:23:43.686136,shrek3,Third,121,True,686bdd44bd9e,8.125937998556765,latency-676fef50da7a.csv
2025-10-21T22:23:44.204424,shrek3,Uh,18,True,686bdd44bd9e,8.491037002386292,latency-676fef50da7a.csv
2025-10-21T22:23:44.723391,shrek3,Third,121,True,bab402329d33,9.818952999921748,latency-676fef50da7a.csv
2025-10-21T22:23:45.242815,grail,Ecky-Ecky-Ecky,1,True,ae1bf9faa4f3,14.033796000148868,latency-676fef50da7a.csv
2025-10-21T22:23:45.769894,shrek,a,305,True,bab402329d33,21.781109000585275,latency-676fef50da7a.csv
2025-10-21T22:23:46.305375,shrek3,them,44,True,ae1bf9faa4f3,10.234622001007663,latency-676fef50da7a.csv
2025-10-21T22:23:46.825100,grail,few,8,True,ae1bf9faa4f3,12.303216997679556,latency-676fef50da7a.csv
2025-10-21T22:23:47.347676,grail,them,41,True,686bdd44bd9e,15.08195999849704,latency-676fef50da7a.csv
2025-10-21T22:23:47.871563,shrek3,get,39,True,bab402329d33,10.8568590003415,latency-676fef50da7a.csv
2025-10-21T22:23:48.395109,shrek,FIONA,211,True,ae1bf9faa4f3,10.684270000638207,latency-676fef50da7a.csv
2025-10-21T22:23:48.920702,shrek3,Shrek,678,True,bab402329d33,13.14377900052932,latency-676fef50da7a.csv
2025-10-21T22:23:49.448544,shrek3,flaming,2,True,ae1bf9faa4f3,10.981673000060256,latency-676fef50da7a.csv
2025-10-21T22:23:49.972571,shrek3,PRINCE,207,True,ae1bf9faa4f3,15.037922999908917,latency-676fef50da7a.csv
2025-10-21T22:23:50.502287,shrek,old,10,True,bab402329d33,12.66993099852698,latency-676fef50da7a.csv
2025-10-21T22:23:51.027899,grail,Cleese,10,True,ae1bf9faa4f3,12.930895998579215,latency-676fef50da7a.csv
2025-10-21T22:23:51.555506,shrek3,them,44,True,686bdd44bd9e,14.724130000104196,latency-676fef50da7a.csv
2025-10-21T22:23:52.087909,grail,sell,1,True,bab402329d33,13.5699359998398,latency-676fef50da7a.csv
2025-10-21T22:23:52.617011,grail,pseudonym,1,True,bab402329d33,15.1820899991435,latency-676fef50da7a.csv
2025-10-21T22:23:53.149474,grail,LTD,6,True,686bdd44bd9e,13.208473999839043,latency-676fef50da7a.csv
2025-10-21T22:23:53.676791,shrek,DONKEY,320,True,ae1bf9faa4f3,15.613998999469914,latency-676fef50da7a.csv
2025-10-21T22:23:54.208794,grail,Michael,11,True,686bdd44bd9e,15.186639000603464,latency-676fef50da7a.csv
2025-10-21T22:23:54.750404,grail,CALLS,3,True,bab402329d33,20.999844000471057,latency-676fef50da7a.csv
2025-10-21T22:23:55.286130,shrek3,the,1285,True,686bdd44bd9e,12.67242700123461,latency-676fef50da7a.csv
2025-10-21T22:23:55.813607,shrek,FIONA'S,3,True,ae1bf9faa4f3,13.3243809978012,latency-676fef50da7a.csv
2025-10-21T22:23:56.342020,shrek,and,318,True,686bdd44bd9e,13.979096002003644,latency-676fef50da7a.csv
2025-10-21T22:23:56.872351,grail,door,14,True,686bdd44bd9e,16.40618000237737,latency-676fef50da7a.csv
2025-10-21T22:23:57.403831,grail,Ecky-Ecky-Ecky,1,True,ae1bf9faa4f3,15.92453699777252,latency-676fef50da7a.csv
2025-10-21T22:23:57.939256,shrek,he,118,True,ae1bf9faa4f3,14.007665999088204,latency-676fef50da7a.csv
2025-10-21T22:23:58.469035,grail,Cleese,10,True,686bdd44bd9e,17.05415499964147,latency-676fef50da7a.csv
2025-10-21T22:23:59.005614,shrek3,Arg,1,True,bab402329d33,15.133865003008395,latency-676fef50da7a.csv
2025-10-21T22:23:59.539739,shrek,field,4,True,bab402329d33,16.189575999305816,latency-676fef50da7a.csv
2025-10-21T22:24:00.078838,shrek,CROWD,5,True,686bdd44bd9e,15.714025998022407,latency-676fef50da7a.csv
2025-10-21T22:24:00.611093,grail,chops,3,True,ae1bf9faa4f3,14.873139996780084,latency-676fef50da7a.csv
2025-10-21T22:24:01.141414,shrek,who,29,True,686bdd44bd9e,79.49238699802663,latency-676fef50da7a.csv
2025-10-21T22:24:01.878126,shrek,SHREK,433,True,ae1bf9faa4f3,9.861547001492,latency-676fef50da7a.csv
2025-10-21T22:24:02.401785,grail,Who’s,3,True,686bdd44bd9e,8.109220001642825,latency-676fef50da7a.csv
2025-10-21T22:24:02.923232,grail,3,18,True,686bdd44bd9e,8.561614999052836,latency-676fef50da7a.csv
2025-10-21T22:24:03.442383,grail,Get,47,True,ae1bf9faa4f3,8.92267100061872,latency-676fef50da7a.csv
2025-10-21T22:24:03.962234,grail,"lute,",0,True,ae1bf9faa4f3,8.096225999906892,latency-676fef50da7a.csv
2025-10-21T22:24:04.480988,shrek3,WHITE,45,True,686bdd44bd9e,8.365992998733418,latency-676fef50da7a.csv
2025-10-21T22:24:04.999697,shrek,tell,25,True,bab402329d33,7.608513999002753,latency-676fef50da7a.csv
2025-10-21T22:24:05.521235,shrek3,glass,9,True,ae1bf9faa4f3,10.240634001092983,latency-676fef50da7a.csv
2025-10-21T22:24:06.040932,shrek3,Be,71,True,686bdd44bd9e,7.940076000522822,latency-676fef50da7a.csv
2025-10-21T22:24:06.558552,shrek,true,20,True,bab402329d33,7.719743000052404,latency-676fef50da7a.csv
2025-10-21T22:24:07.077058,shrek,I,386,True,ae1bf9faa4f3,8.4071560013399,latency-676fef50da7a.csv
2025-10-21T22:24:07.596345,shrek3,right,36,True,bab402329d33,9.030963003169743,latency-676fef50da7a.csv
2025-10-21T22:24:08.115412,shrek,not,50,True,ae1bf9faa4f3,8.247514000686351,latency-676fef50da7a.csv
2025-10-21T22:24:08.633462,shrek3,boomerang,1,True,ae1bf9faa4f3,8.559255998989101,latency-676fef50da7a.csv
2025-10-21T22:22:09.700286,grail,cross,13,True,ae1bf9faa4f3,5.66433399944799,latency-9a9f8a28f945.csv
2025-10-21T22:22:10.213305,grail,Bum,13,True,686bdd44bd9e,6.785896002838854,latency-9a9f8a28f945.csv
2025-10-21T22:22:10.728185,shrek3,Whoa,7,True,bab402329d33,6.566161002410809,latency-9a9f8a28f945.csv
2025-10-21T22:22:11.243675,grail,-,259,True,ae1bf9faa4f3,5.814954001834849,latency-9a9f8a28f945.csv
2025-10-21T22:22:11.756797,shrek3,DONKEY,243,True,686bdd44bd9e,6.104208001488587,latency-9a9f8a28f945.csv
2025-10-21T22:22:12.272654,grail,seek,12,True,bab402329d33,6.182632998388726,latency-9a9f8a28f945.csv
2025-10-21T22:22:12.786631,shrek3,DWARF,10,True,ae1bf9faa4f3,6.506341997010168,latency-9a9f8a28f945.csv
2025-10-21T22:22:13.300830,shrek3,them,44,True,686bdd44bd9e,5.88794999930542,latency-9a9f8a28f945.csv
2025-10-21T22:22:13.813689,shrek,its,1,True,bab402329d33,6.673328000033507,latency-9a9f8a28f945.csv
2025-10-21T22:22:14.327797,shrek,I,386,True,ae1bf9faa4f3,7.961400002386654,latency-9a9f8a28f945.csv
2025-10-21T22:22:14.843669,shrek,number,8,True,686bdd44bd9e,5.987174001347739,latency-9a9f8a28f945.csv
2025-10-21T22:22:15.357036,grail,ANOTHER,25,True,bab402329d33,11.479643999336986,latency-9a9f8a28f945.csv
2025-10-21T22:22:15.882319,grail,is,317,True,ae1bf9faa4f3,5.7819870016828645,latency-9a9f8a28f945.csv
2025-10-21T22:22:16.396326,grail,toward,10,True,686bdd44bd9e,8.572326998546487,latency-9a9f8a28f945.csv
2025-10-21T22:22:16.914990,grail,Cleese,10,True,bab402329d33,9.4279410004674,latency-9a9f8a28f945.csv
2025-10-21T22:22:17.435380,grail,upon,13,True,ae1bf9faa4f3,11.58828799816547,latency-9a9f8a28f945.csv
2025-10-21T22:22:17.958817,shrek3,showing,1,True,686bdd44bd9e,8.266822002042318,latency-9a9f8a28f945.csv
2025-10-21T22:22:18.477126,shrek3,what,82,True,bab402329d33,8.33889299974544,latency-9a9f8a28f945.csv
2025-10-21T22:22:18.996744,shrek3,true,1,True,ae1bf9faa4f3,8.433519000391243,latency-9a9f8a28f945.csv
2025-10-21T22:22:19.515586,shrek,GUARD,25,True,686bdd44bd9e,8.266981996712275,latency-9a9f8a28f945.csv
2025-10-21T22:22:20.034404,grail,to,718,True,bab402329d33,8.074152003246127,latency-9a9f8a28f945.csv
2025-10-21T22:22:20.552685,shrek,And,318,True,ae1bf9faa4f3,8.37735000095563,latency-9a9f8a28f945.csv
2025-10-21T22:22:21.071561,shrek,What,104,True,686bdd44bd9e,8.799579001788516,latency-9a9f8a28f945.csv
2025-10-21T22:22:21.594258,shrek,DONKEY,320,True,bab402329d33,10.561746999883326,latency-9a9f8a28f945.csv
2025-10-21T22:22:22.117383,shrek,DONKEY,320,True,ae1bf9faa4f3,8.224417000747053,latency-9a9f8a28f945.csv
2025-10-21T22:22:22.635116,shrek3,"Bay""",0,True,686bdd44bd9e,8.208716997614829,latency-9a9f8a28f945.csv
2025-10-21T22:22:23.153109,shrek,way,26,True,bab402329d33,7.991160000528907,latency-9a9f8a28f945.csv
2025-10-21T22:22:23.671385,shrek3,with,112,True,ae1bf9faa4f3,7.730690002063056,latency-9a9f8a28f945.csv
2025-10-21T22:22:24.186820,shrek3,Gingerbread,37,True,686bdd44bd9e,8.377664002182428,latency-9a9f8a28f945.csv
2025-10-21T22:22:24.704963,shrek3,the,1285,True,bab402329d33,8.318950000102632,latency-9a9f8a28f945.csv
2025-10-21T22:22:25.224071,grail,cross,13,True,ae1bf9faa4f3,7.842770999559434,latency-9a9f8a28f945.csv
2025-10-21T22:22:25.742054,shrek,he,118,True,686bdd44bd9e,8.105643999442691,latency-9a9f8a28f945.csv
2025-10-21T22:22:26.261217,shrek3,Im,1,True,bab402329d33,8.646379999845522,latency-9a9f8a28f945.csv
2025-10-21T22:22:26.780457,shrek,Aah,6,True,ae1bf9faa4f3,7.7296590025071055,latency-9a9f8a28f945.csv
2025-10-21T22:22:27.298859,grail,the,1600,True,686bdd44bd9e,8.167164000042249,latency-9a9f8a28f945.csv
2025-10-21T22:22:27.817231,shrek3,flaming,2,True,bab402329d33,9.069648000149757,latency-9a9f8a28f945.csv
2025-10-21T22:22:28.336334,shrek,our,11,True,ae1bf9faa4f3,10.081133001222042,latency-9a9f8a28f945.csv
2025-10-21T22:22:28.855825,grail,CALLS,3,True,686bdd44bd9e,7.508204998885048,latency-9a9f8a28f945.csv
2025-10-21T22:22:29.374266,grail,elected,2,True,bab402329d33,9.207547998812515,latency-9a9f8a28f945.csv
2025-10-21T22:22:29.894457,shrek,But,73,True,ae1bf9faa4f3,8.761358996707713,latency-9a9f8a28f945.csv
2025-10-21T22:22:30.413961,grail,feel,11,True,686bdd44bd9e,8.972790001280373,latency-9a9f8a28f945.csv
2025-10-21T22:22:30.933293,grail,rows,1,True,bab402329d33,7.824798998626647,latency-9a9f8a28f945.csv
2025-10-21T22:22:31.450770,shrek3,Ahh,8,True,ae1bf9faa4f3,10.400014001788804,latency-9a9f8a28f945.csv
2025-10-21T22:22:31.971409,shrek,No,114,True,686bdd44bd9e,8.025184000871377,latency-9a9f8a28f945.csv
2025-10-21T22:22:32.488810,grail,since,10,True,bab402329d33,8.795274003205122,latency-9a9f8a28f945.csv
2025-10-21T22:22:33.007417,shrek3,Guards,23,True,ae1bf9faa4f3,7.415593998302938,latency-9a9f8a28f945.csv
2025-10-21T22:22:33.524526,shrek,INSIDE,16,True,686bdd44bd9e,8.494507001159946,latency-9a9f8a28f945.csv
2025-10-21T22:22:34.043067,grail,with/,0,True,bab402329d33,8.837129997118609,latency-9a9f8a28f945.csv
2025-10-21T22:22:34.562596,grail,the,1600,True,ae1bf9faa4f3,8.274427000287687,latency-9a9f8a28f945.csv
2025-10-21T22:22:35.080822,shrek3,Hold,8,True,686bdd44bd9e,8.653458000480896,latency-9a9f8a28f945.csv
2025-10-21T22:22:35.599817,grail,"Oh,",2,True,bab402329d33,9.391509000124644,latency-9a9f8a28f945.csv
2025-10-21T22:22:36.120652,shrek3,wont,0,True,ae1bf9faa4f3,9.946875001332955,latency-9a9f8a28f945.csv
2025-10-21T22:22:36.641830,shrek3,to,511,True,686bdd44bd9e,8.659283997985767,latency-9a9f8a28f945.csv
2025-10-21T22:22:37.161096,grail,54,2,True,bab402329d33,9.696798002551075,latency-9a9f8a28f945.csv
2025-10-21T22:22:37.681295,shrek3,decree,1,True,ae1bf9faa4f3,8.935711997764884,latency-9a9f8a28f945.csv
2025-10-21T22:22:38.199881,shrek3,through,43,True,686bdd44bd9e,9.393457999976818,latency-9a9f8a28f945.csv
2025-10-21T22:22:38.719699,shrek,Aah,6,True,bab402329d33,8.734323000680888,latency-9a9f8a28f945.csv
2025-10-21T22:22:39.239121,shrek3,true,1,True,ae1bf9faa4f3,9.018054999614831,latency-9a9f8a28f945.csv
2025-10-21T22:22:39.757839,shrek,GORDO,5,True,686bdd44bd9e,2591.7815800021344,latency-9a9f8a28f945.csv
2025-10-21T22:22:42.859113,shrek3,"Bay""",0,True,686bdd44bd9e,8.962554999015993,latency-9a9f8a28f945.csv
2025-10-21T22:22:43.379825,shrek3,to,511,True,686bdd44bd9e,8.61347200043383,latency-9a9f8a28f945.csv
2025-10-21T22:22:43.898157,shrek,I,386,True,686bdd44bd9e,8.142770999256754,latency-9a9f8a28f945.csv
2025-10-21T22:22:44.421314,shrek,after,10,True,686bdd44bd9e,7.717300999502186,latency-9a9f8a28f945.csv
2025-10-21T22:22:44.938987,shrek3,ho,8,True,686bdd44bd9e,7.7244069980224594,latency-9a9f8a28f945.csv
2025-10-21T22:22:45.455835,shrek3,Donkey,243,True,686bdd44bd9e,8.249190999777056,latency-9a9f8a28f945.csv
2025-10-21T22:22:45.974333,grail,To,718,True,686bdd44bd9e,8.65431799684302,latency-9a9f8a28f945.csv
2025-10-21T22:22:46.491556,shrek3,bed,10,True,686bdd44bd9e,9.150199002760928,latency-9a9f8a28f945.csv
2025-10-21T22:22:47.013639,grail,music,21,True,686bdd44bd9e,7.180036998761352,latency-9a9f8a28f945.csv
2025-10-21T22:22:47.530437,shrek,Is,132,True,686bdd44bd9e,8.498235998558812,latency-9a9f8a28f945.csv
2025-10-21T22:22:48.049779,shrek,stairs,7,True,686bdd44bd9e,16.29683699866291,latency-9a9f8a28f945.csv
2025-10-21T22:22:48.577877,shrek3,bed,10,True,686bdd44bd9e,7.333898000069894,latency-9a9f8a28f945.csv
2025-10-21T22:22:49.093324,shrek3,did,14,True,686bdd44bd9e,9.533798998745624,latency-9a9f8a28f945.csv
2025-10-21T22:22:49.611405,grail,king,136,True,686bdd44bd9e,6.676471002720064,latency-9a9f8a28f945.csv
2025-10-21T22:22:50.126619,shrek,token,1,True,686bdd44bd9e,8.124265001242748,latency-9a9f8a28f945.csv
2025-10-21T22:22:50.643441,shrek3,the,1285,True,686bdd44bd9e,8.861408998200204,latency-9a9f8a28f945.csv
2025-10-21T22:22:51.160895,shrek3,the,1285,True,686bdd44bd9e,29.79009800037602,latency-9a9f8a28f945.csv
2025-10-21T22:22:51.704238,grail,are,114,True,686bdd44bd9e,9.97829599873512,latency-9a9f8a28f945.csv
2025-10-21T22:22:52.225244,shrek3,Uh,18,True,686bdd44bd9e,8.462076999421697,latency-9a9f8a28f945.csv
2025-10-21T22:22:52.742761,shrek3,WHITE,45,True,686bdd44bd9e,7.040574997517979,latency-9a9f8a28f945.csv
2025-10-21T22:22:53.258002,shrek,HOOD,13,True,686bdd44bd9e,9.046928000316257,latency-9a9f8a28f945.csv
2025-10-21T22:22:53.778871,shrek3,Im,1,True,686bdd44bd9e,7.827984001778532,latency-9a9f8a28f945.csv
2025-10-21T22:22:54.295008,shrek3,"meet""",0,True,686bdd44bd9e,12.70968099925085,latency-9a9f8a28f945.csv
2025-10-21T22:22:54.826459,shrek,HOOD,13,True,686bdd44bd9e,8.327048999490216,latency-9a9f8a28f945.csv
2025-10-21T22:22:55.344633,shrek,will,16,True,686bdd44bd9e,12.048837001202628,latency-9a9f8a28f945.csv
2025-10-21T22:22:55.865442,shrek3,ARTIE,213,True,686bdd44bd9e,9.201461001794089,latency-9a9f8a28f945.csv
2025-10-21T22:22:56.382328,shrek3,CHARMING,232,True,686bdd44bd9e,8.136276999721304,latency-9a9f8a28f945.csv
2025-10-21T22:22:56.901451,grail,dancing,10,True,686bdd44bd9e,16.73609099816531,latency-9a9f8a28f945.csv
2025-10-21T22:22:57.433051,shrek,Blah,1,True,686bdd44bd9e,9.443443999771262,latency-9a9f8a28f945.csv
2025-10-21T22:22:57.959930,grail,since,10,True,ae1bf9faa4f3,7.885271003033267,latency-9a9f8a28f945.csv
2025-10-21T22:22:58.481079,shrek3,Be,71,True,ae1bf9faa4f3,8.933617998991394,latency-9a9f8a28f945.csv
2025-10-21T22:22:59.004547,shrek,But,73,True,ae1bf9faa4f3,8.31841499893926,latency-9a9f8a28f945.csv
2025-10-21T22:22:59.528952,grail,Christ,8,True,ae1bf9faa4f3,11.05863599877921,latency-9a9f8a28f945.csv
2025-10-21T22:23:00.052023,shrek,GUARD,25,True,ae1bf9faa4f3,12.169067002105294,latency-9a9f8a28f945.csv
2025-10-21T22:23:00.578786,shrek,a,305,True,ae1bf9faa4f3,11.689586001011776,latency-9a9f8a28f945.csv
2025-10-21T22:23:01.104698,grail,to,718,True,686bdd44bd9e,22.89732999997796,latency-9a9f8a28f945.csv
2025-10-21T22:23:01.651007,shrek3,WOLF,7,True,ae1bf9faa4f3,10.103194999828702,latency-9a9f8a28f945.csv
2025-10-21T22:23:02.183099,shrek,I,386,True,686bdd44bd9e,8.308985001349356,latency-9a9f8a28f945.csv
2025-10-21T22:23:02.705451,grail,Christ,8,True,686bdd44bd9e,8.342391000041971,latency-9a9f8a28f945.csv
2025-10-21T22:23:03.227635,grail,"Peng,",0,True,686bdd44bd9e,9.5270560013887,latency-9a9f8a28f945.csv
2025-10-21T22:23:03.750558,shrek3,Gingerbread,37,True,686bdd44bd9e,9.239516002708116,latency-9a9f8a28f945.csv
2025-10-21T22:23:04.273076,shrek,SHREK,433,True,686bdd44bd9e,9.59372000215808,latency-9a9f8a28f945.csv
2025-10-21T22:23:04.793993,grail,music,21,True,686bdd44bd9e,11.285753000265686,latency-9a9f8a28f945.csv
2025-10-21T22:23:05.319318,shrek,minute,3,True,686bdd44bd9e,11.11895499707316,latency-9a9f8a28f945.csv
2025-10-21T22:23:05.844948,shrek,you,409,True,686bdd44bd9e,12.50686300045345,latency-9a9f8a28f945.csv
2025-10-21T22:23:06.374119,shrek3,CAPTAIN,41,True,ae1bf9faa4f3,15.172169001743896,latency-9a9f8a28f945.csv
2025-10-21T22:23:06.909107,shrek,DONKEY,320,True,686bdd44bd9e,14.147727000818122,latency-9a9f8a28f945.csv
2025-10-21T22:23:07.437579,shrek,trip,1,True,686bdd44bd9e,15.766360000270652,latency-9a9f8a28f945.csv
2025-10-21T22:23:07.971518,grail,the,1600,True,ae1bf9faa4f3,16.607683002803242,latency-9a9f8a28f945.csv
2025-10-21T22:23:08.501665,shrek,tale,7,True,ae1bf9faa4f3,14.8924060013087,latency-9a9f8a28f945.csv
2025-10-21T22:23:45.230969,shrek,cottage,4,True,bab402329d33,8.573809998779325,latency-9a9f8a28f945.csv
2025-10-21T22:23:45.755289,shrek,FARQUAAD,84,True,bab402329d33,10.673717999452492,latency-9a9f8a28f945.csv
2025-10-21T22:23:46.287590,shrek3,the,1285,True,686bdd44bd9e,8.583440001530107,latency-9a9f8a28f945.csv
2025-10-21T22:23:46.811933,shrek,rising,1,True,bab402329d33,8.735958999750437,latency-9a9f8a28f945.csv
2025-10-21T22:23:47.336227,shrek,SHREK,433,True,686bdd44bd9e,9.42082300025504,latency-9a9f8a28f945.csv
2025-10-21T22:23:47.864164,shrek3,true,1,True,686bdd44bd9e,10.902612000791123,latency-9a9f8a28f945.csv
2025-10-21T22:23:48.391015,shrek3,SHREK,678,True,686bdd44bd9e,11.87998699970194,latency-9a9f8a28f945.csv
2025-10-21T22:23:48.918010,shrek,What,104,True,686bdd44bd9e,14.083217000006698,latency-9a9f8a28f945.csv
2025-10-21T22:23:49.445802,grail,them,41,True,ae1bf9faa4f3,12.623651000467362,latency-9a9f8a28f945.csv
2025-10-21T22:23:49.972498,grail,with/,0,True,686bdd44bd9e,12.65591400078847,latency-9a9f8a28f945.csv
2025-10-21T22:23:50.501103,shrek,and,318,True,686bdd44bd9e,13.487063999491513,latency-9a9f8a28f945.csv
2025-10-21T22:23:51.029906,shrek,happily,2,True,686bdd44bd9e,10.912485002336323,latency-9a9f8a28f945.csv
2025-10-21T22:23:51.555565,shrek3,dat,1,True,bab402329d33,16.013900996767916,latency-9a9f8a28f945.csv
2025-10-21T22:23:52.087954,shrek3,reason,2,True,ae1bf9faa4f3,12.241032996826108,latency-9a9f8a28f945.csv
2025-10-21T22:23:52.616238,grail,toward,10,True,bab402329d33,15.761684000608511,latency-9a9f8a28f945.csv
2025-10-21T22:23:53.148998,shrek,DONKEY,320,True,686bdd44bd9e,13.47042599809356,latency-9a9f8a28f945.csv
2025-10-21T22:23:53.675982,shrek3,SCHOOL,14,True,686bdd44bd9e,15.945854000165127,latency-9a9f8a28f945.csv
2025-10-21T22:23:54.209551,shrek3,PUSS,196,True,ae1bf9faa4f3,13.76232899929164,latency-9a9f8a28f945.csv
2025-10-21T22:23:54.737698,shrek3,true,1,True,686bdd44bd9e,32.45771499859984,latency-9a9f8a28f945.csv
2025-10-21T22:23:55.284381,shrek3,Cinderella,21,True,bab402329d33,14.062197999010095,latency-9a9f8a28f945.csv
2025-10-21T22:23:55.813297,shrek3,right,36,True,ae1bf9faa4f3,13.41298399711377,latency-9a9f8a28f945.csv
2025-10-21T22:23:56.342021,shrek3,"Suddenly,",0,True,ae1bf9faa4f3,13.907937001931714,latency-9a9f8a28f945.csv
2025-10-21T22:23:56.873208,shrek,DONKEY,320,True,686bdd44bd9e,17.266541999561014,latency-9a9f8a28f945.csv
2025-10-21T22:23:57.406021,grail,TV,2,True,ae1bf9faa4f3,15.494380000745878,latency-9a9f8a28f945.csv
2025-10-21T22:23:57.940453,shrek,after,10,True,ae1bf9faa4f3,13.26628199967672,latency-9a9f8a28f945.csv
2025-10-21T22:23:58.471235,grail,a,666,True,bab402329d33,16.755230997659964,latency-9a9f8a28f945.csv
2025-10-21T22:23:59.006160,grail,right,66,True,686bdd44bd9e,13.7364259971946,latency-9a9f8a28f945.csv
2025-10-21T22:23:59.538874,grail,Boom,4,True,686bdd44bd9e,16.698782001185464,latency-9a9f8a28f945.csv
2025-10-21T22:24:00.078493,grail,singing,33,True,bab402329d33,14.418826998735312,latency-9a9f8a28f945.csv
2025-10-21T22:24:00.608294,shrek3,Arg,1,True,bab402329d33,15.589881997584598,latency-9a9f8a28f945.csv
2025-10-21T22:24:01.143101,grail,the,1600,True,686bdd44bd9e,88.05482599927927,latency-9a9f8a28f945.csv
2025-10-21T22:24:01.897301,grail,Cleese,10,True,bab402329d33,11.890667999978175,latency-9a9f8a28f945.csv
2025-10-21T22:24:02.421717,shrek,FIONA,211,True,ae1bf9faa4f3,9.969896000256997,latency-9a9f8a28f945.csv
2025-10-21T22:24:02.943815,grail,the,1600,True,686bdd44bd9e,10.562819999904605,latency-9a9f8a28f945.csv
2025-10-21T22:24:03.466671,shrek,Is,132,True,bab402329d33,14.998424998339033,latency-9a9f8a28f945.csv
2025-10-21T22:24:04.003924,grail,Christ,8,True,ae1bf9faa4f3,14.02783699813881,latency-9a9f8a28f945.csv
2025-10-21T22:24:04.532437,shrek3,ho,8,True,686bdd44bd9e,10.103366999828722,latency-9a9f8a28f945.csv
2025-10-21T22:24:05.054303,grail,are,114,True,bab402329d33,10.509237999940524,latency-9a9f8a28f945.csv
2025-10-21T22:24:05.576208,grail,is,317,True,bab402329d33,9.980240000004414,latency-9a9f8a28f945.csv
2025-10-21T22:24:06.098024,shrek,tell,25,True,686bdd44bd9e,11.433496998506598,latency-9a9f8a28f945.csv
2025-10-21T22:24:06.622233,shrek3,Gingerbread,37,True,686bdd44bd9e,10.797888000524836,latency-9a9f8a28f945.csv
2025-10-21T22:24:07.145878,shrek,rising,1,True,686bdd44bd9e,9.76432700190344,latency-9a9f8a28f945.csv
2025-10-21T22:24:07.667882,shrek,whole,10,True,ae1bf9faa4f3,11.507475999678718,latency-9a9f8a28f945.csv
2025-10-21T22:24:08.190686,grail,toward,10,True,ae1bf9faa4f3,11.557460002222795,latency-9a9f8a28f945.csv
2025-10-21T22:22:07.517003,shrek3,of,275,True,ae1bf9faa4f3,12.649031999899307,latency-b8fd703bcb50.csv
2025-10-21T22:22:08.037098,shrek,to,268,True,ae1bf9faa4f3,5.79841700164252,latency-b8fd703bcb50.csv
2025-10-21T22:22:08.549908,shrek3,SHREK,678,True,bab402329d33,6.193514000187861,latency-b8fd703bcb50.csv
2025-10-21T22:22:09.063264,shrek3,DONKEY,243,True,ae1bf9faa4f3,5.088295001769438,latency-b8fd703bcb50.csv
2025-10-21T22:22:09.576456,grail,Who’s,3,True,bab402329d33,7.239787999424152,latency-b8fd703bcb50.csv
2025-10-21T22:22:10.108506,shrek3,Uh,18,True,ae1bf9faa4f3,5.861925001227064,latency-b8fd703bcb50.csv
2025-10-21T22:22:10.621290,grail,Boom,4,True,686bdd44bd9e,6.435295999835944,latency-b8fd703bcb50.csv
2025-10-21T22:22:11.134680,shrek,swamp,18,True,bab402329d33,6.168444000650197,latency-b8fd703bcb50.csv
2025-10-21T22:22:11.648230,grail,rows,1,True,ae1bf9faa4f3,6.182052002259297,latency-b8fd703bcb50.csv
2025-10-21T22:22:12.161970,shrek3,SHREK,678,True,686bdd44bd9e,5.542136001167819,latency-b8fd703bcb50.csv
2025-10-21T22:22:12.675129,shrek3,SHREK,678,True,bab402329d33,8.242374002293218,latency-b8fd703bcb50.csv
2025-10-21T22:22:13.191654,shrek,one,44,True,ae1bf9faa4f3,5.785435998404864,latency-b8fd703bcb50.csv
2025-10-21T22:22:13.704594,grail,"Peng,",0,True,686bdd44bd9e,6.511045998195186,latency-b8fd703bcb50.csv
2025-10-21T22:22:14.217837,shrek,and,318,True,bab402329d33,6.369008999172365,latency-b8fd703bcb50.csv
2025-10-21T22:22:14.731643,shrek,its,1,True,ae1bf9faa4f3,5.254832998616621,latency-b8fd703bcb50.csv
2025-10-21T22:22:15.243650,grail,lost,6,True,686bdd44bd9e,9.347602997877402,latency-b8fd703bcb50.csv
2025-10-21T22:22:15.770055,shrek,the,535,True,bab402329d33,6.118313001934439,latency-b8fd703bcb50.csv
2025-10-21T22:22:16.283340,shrek,you,409,True,ae1bf9faa4f3,8.590469999035122,latency-b8fd703bcb50.csv
2025-10-21T22:22:16.800219,grail,elected,2,True,686bdd44bd9e,8.796251997409854,latency-b8fd703bcb50.csv
2025-10-21T22:22:17.319023,shrek,way,26,True,bab402329d33,8.547612000256777,latency-b8fd703bcb50.csv
2025-10-21T22:22:17.836184,shrek,your,49,True,ae1bf9faa4f3,7.858114000555361,latency-b8fd703bcb50.csv
2025-10-21T22:22:18.353355,grail,To,718,True,686bdd44bd9e,8.772440000029746,latency-b8fd703bcb50.csv
2025-10-21T22:22:18.872087,grail,the,1600,True,bab402329d33,7.379572998615913,latency-b8fd703bcb50.csv
2025-10-21T22:22:19.388858,grail,Aaaaugh,9,True,ae1bf9faa4f3,9.742786001879722,latency-b8fd703bcb50.csv
2025-10-21T22:22:19.909910,shrek,Shrek,433,True,686bdd44bd9e,8.581376998336054,latency-b8fd703bcb50.csv
2025-10-21T22:22:20.428326,shrek,ogre,27,True,bab402329d33,9.871736998320555,latency-b8fd703bcb50.csv
2025-10-21T22:22:20.948222,shrek3,PUSS,196,True,ae1bf9faa4f3,11.345794002409091,latency-b8fd703bcb50.csv
2025-10-21T22:22:21.468915,grail,singing,33,True,686bdd44bd9e,11.13703399823862,latency-b8fd703bcb50.csv
2025-10-21T22:22:22.007155,shrek,I,386,True,bab402329d33,7.389418999082409,latency-b8fd703bcb50.csv
2025-10-21T22:22:22.523734,shrek,DONKEY,320,True,ae1bf9faa4f3,7.561239999631653,latency-b8fd703bcb50.csv
2025-10-21T22:22:23.040622,grail,time,33,True,686bdd44bd9e,7.711433001531986,latency-b8fd703bcb50.csv
2025-10-21T22:22:23.557141,shrek,after,10,True,bab402329d33,7.794862001901492,latency-b8fd703bcb50.csv
2025-10-21T22:22:24.072095,grail,with/,0,True,ae1bf9faa4f3,6.529962000058731,latency-b8fd703bcb50.csv
2025-10-21T22:22:24.586267,shrek,SHREK,433,True,686bdd44bd9e,7.289900997420773,latency-b8fd703bcb50.csv
2025-10-21T22:22:25.102574,shrek,DONKEY,320,True,bab402329d33,6.763311997929122,latency-b8fd703bcb50.csv
2025-10-21T22:22:25.618406,shrek,don't,72,True,ae1bf9faa4f3,7.674481999856653,latency-b8fd703bcb50.csv
2025-10-21T22:22:26.134859,shrek3,Whoa,7,True,686bdd44bd9e,10.75302100070985,latency-b8fd703bcb50.csv
2025-10-21T22:22:26.654277,grail,of,684,True,bab402329d33,8.858184002747294,latency-b8fd703bcb50.csv
2025-10-21T22:22:27.171577,shrek3,glass,9,True,ae1bf9faa4f3,10.772204001114003,latency-b8fd703bcb50.csv
2025-10-21T22:22:27.691868,shrek3,supposed,11,True,686bdd44bd9e,9.90788099807105,latency-b8fd703bcb50.csv
2025-10-21T22:22:28.211553,shrek,on,88,True,bab402329d33,9.13849999778904,latency-b8fd703bcb50.csv
2025-10-21T22:22:28.731995,shrek,its,1,True,ae1bf9faa4f3,7.834203002857976,latency-b8fd703bcb50.csv
2025-10-21T22:22:29.253209,grail,witch,30,True,686bdd44bd9e,8.526168003299972,latency-b8fd703bcb50.csv
2025-10-21T22:22:29.770599,grail,the,1600,True,bab402329d33,10.1257579990488,latency-b8fd703bcb50.csv
2025-10-21T22:22:30.289715,shrek,SHREK,433,True,ae1bf9faa4f3,12.435872002242832,latency-b8fd703bcb50.csv
2025-10-21T22:22:30.813989,shrek3,116,1,True,ae1bf9faa4f3,9.22734699997818,latency-b8fd703bcb50.csv
2025-10-21T22:22:31.333886,shrek3,body),0,True,686bdd44bd9e,18.92101300109061,latency-b8fd703bcb50.csv
2025-10-21T22:22:31.872345,shrek,SHREK,433,True,686bdd44bd9e,10.120337003172608,latency-b8fd703bcb50.csv
2025-10-21T22:22:32.400190,shrek,No,114,True,ae1bf9faa4f3,9.328115000243995,latency-b8fd703bcb50.csv
2025-10-21T22:22:32.919521,shrek,ogre,27,True,686bdd44bd9e,11.255026001890656,latency-b8fd703bcb50.csv
2025-10-21T22:22:33.442839,shrek,But,73,True,686bdd44bd9e,8.506313002726529,latency-b8fd703bcb50.csv
2025-10-21T22:22:33.962295,shrek,DONKEY,320,True,ae1bf9faa4f3,9.116796998569043,latency-b8fd703bcb50.csv
2025-10-21T22:22:34.481632,shrek3,SHREK,678,True,ae1bf9faa4f3,12.118137998186285,latency-b8fd703bcb50.csv
2025-10-21T22:22:35.005282,shrek3,through,43,True,ae1bf9faa4f3,10.479355998540996,latency-b8fd703bcb50.csv
2025-10-21T22:22:35.532179,shrek3,TO,511,True,686bdd44bd9e,9.892123001918662,latency-b8fd703bcb50.csv
2025-10-21T22:22:36.052080,grail,Bum,13,True,bab402329d33,9.57672000004095,latency-b8fd703bcb50.csv
2025-10-21T22:22:36.573033,shrek,DONKEY,320,True,ae1bf9faa4f3,9.485634000157006,latency-b8fd703bcb50.csv
2025-10-21T22:22:37.094991,shrek,after,10,True,ae1bf9faa4f3,10.791048000101,latency-b8fd703bcb50.csv
2025-10-21T22:22:37.616066,grail,king,136,True,ae1bf9faa4f3,9.902933998091612,latency-b8fd703bcb50.csv
2025-10-21T22:22:38.135580,shrek3,Be,71,True,bab402329d33,9.82120600019698,latency-b8fd703bcb50.csv
2025-10-21T22:22:38.655829,shrek3,ruby,1,True,bab402329d33,10.22337900212733,latency-b8fd703bcb50.csv
2025-10-21T22:22:39.177740,grail,from,94,True,686bdd44bd9e,10.709713002142962,latency-b8fd703bcb50.csv
2025-10-21T22:22:39.701631,shrek3,glass,9,True,686bdd44bd9e,9.087811002245871,latency-b8fd703bcb50.csv
2025-10-21T22:22:40.221064,grail,Footnote,4,True,ae1bf9faa4f3,8.787001999735367,latency-b8fd703bcb50.csv
2025-10-21T22:22:40.739918,shrek,CROWD,5,True,686bdd44bd9e,7.938521997857606,latency-b8fd703bcb50.csv
2025-10-21T22:22:41.258738,shrek,the,535,True,ae1bf9faa4f3,10.33691600241582,latency-b8fd703bcb50.csv
2025-10-21T22:22:41.779882,grail,us,32,True,686bdd44bd9e,9.325945997261442,latency-b8fd703bcb50.csv
2025-10-21T22:22:42.302974,shrek3,showing,1,True,ae1bf9faa4f3,8.666746998642338,latency-b8fd703bcb50.csv
2025-10-21T22:22:42.820919,shrek,FIONA,211,True,ae1bf9faa4f3,7.713015998888295,latency-b8fd703bcb50.csv
2025-10-21T22:22:43.338436,shrek3,"Bay""",0,True,ae1bf9faa4f3,7.815741999365855,latency-b8fd703bcb50.csv
2025-10-21T22:22:43.854827,grail,rows,1,True,ae1bf9faa4f3,10.942838998744264,latency-b8fd703bcb50.csv
2025-10-21T22:22:44.378127,shrek,(standing,0,True,686bdd44bd9e,9.719866000523323,latency-b8fd703bcb50.csv
2025-10-21T22:22:44.901880,shrek,GORDO,5,True,ae1bf9faa4f3,7.346056001551915,latency-b8fd703bcb50.csv
2025-10-21T22:22:45.418825,shrek,will,16,True,ae1bf9faa4f3,8.635356000013417,latency-b8fd703bcb50.csv
2025-10-21T22:22:45.938154,shrek3,"Bay""",0,True,ae1bf9faa4f3,10.669864001101814,latency-b8fd703bcb50.csv
2025-10-21T22:22:46.459058,shrek3,Ahh,8,True,ae1bf9faa4f3,8.85890300196479,latency-b8fd703bcb50.csv
2025-10-21T22:22:46.978250,shrek,our,11,True,686bdd44bd9e,8.93505700150854,latency-b8fd703bcb50.csv
2025-10-21T22:22:47.497416,grail,going,21,True,ae1bf9faa4f3,8.782931003224803,latency-b8fd703bcb50.csv
2025-10-21T22:22:48.017258,shrek3,and,576,True,ae1bf9faa4f3,12.923550999403233,latency-b8fd703bcb50.csv
2025-10-21T22:22:48.557768,grail,Ecky-Ecky-Ecky,1,True,686bdd44bd9e,7.952243002364412,latency-b8fd703bcb50.csv
2025-10-21T22:22:49.074446,shrek,DONKEY,320,True,ae1bf9faa4f3,8.754513000894804,latency-b8fd703bcb50.csv
2025-10-21T22:22:49.595635,shrek,baby,3,True,ae1bf9faa4f3,7.853447001252789,latency-b8fd703bcb50.csv
2025-10-21T22:22:50.112716,shrek3,fall,6,True,686bdd44bd9e,8.753436999541009,latency-b8fd703bcb50.csv
2025-10-21T22:22:50.632612,shrek3,ARTIE,213,True,ae1bf9faa4f3,7.7750409982400015,latency-b8fd703bcb50.csv
2025-10-21T22:22:51.151238,shrek,Aah,6,True,686bdd44bd9e,9.576977998221992,latency-b8fd703bcb50.csv
2025-10-21T22:22:51.679803,shrek3,Gingerbread,37,True,686bdd44bd9e,8.411748000071384,latency-b8fd703bcb50.csv
2025-10-21T22:22:52.204070,shrek,And,318,True,686bdd44bd9e,7.289130000572186,latency-b8fd703bcb50.csv
2025-10-21T22:22:52.721177,shrek,FIONA'S,3,True,686bdd44bd9e,8.178732001397293,latency-b8fd703bcb50.csv
2025-10-21T22:22:53.240155,grail,Rostmm,1,True,686bdd44bd9e,8.186586001102114,latency-b8fd703bcb50.csv
2025-10-21T22:22:53.758972,shrek3,SHREK,678,True,686bdd44bd9e,10.897402000409784,latency-b8fd703bcb50.csv
2025-10-21T22:22:54.281887,shrek,lay,2,True,686bdd44bd9e,8.853475999785587,latency-b8fd703bcb50.csv
2025-10-21T22:22:54.810832,shrek3,to,511,True,686bdd44bd9e,9.291719001339516,latency-b8fd703bcb50.csv
2025-10-21T22:22:55.333056,grail,thus,5,True,686bdd44bd9e,9.286631000577472,latency-b8fd703bcb50.csv
2025-10-21T22:22:55.856461,shrek,SHREK,433,True,ae1bf9faa4f3,8.18965200232924,latency-b8fd703bcb50.csv
2025-10-21T22:22:56.375709,shrek3,TO,511,True,ae1bf9faa4f3,9.558813999319682,latency-b8fd703bcb50.csv
2025-10-21T22:22:56.896730,grail,To,718,True,686bdd44bd9e,18.698919000598835,latency-b8fd703bcb50.csv
2025-10-21T22:22:57.432756,grail,pretty,7,True,ae1bf9faa4f3,9.4152790006774,latency-b8fd703bcb50.csv
2025-10-21T22:22:57.962269,shrek,tale,7,True,686bdd44bd9e,7.537094999861438,latency-b8fd703bcb50.csv
2025-10-21T22:22:58.481424,shrek,trip,1,True,686bdd44bd9e,10.06682300067041,latency-b8fd703bcb50.csv
2025-10-21T22:22:59.007026,shrek,lay,2,True,686bdd44bd9e,7.631455999216996,latency-b8fd703bcb50.csv
2025-10-21T22:22:59.529495,shrek3,the,1285,True,686bdd44bd9e,11.705220000294505,latency-b8fd703bcb50.csv
2025-10-21T22:23:00.051995,shrek3,RAPUNZEL,30,True,686bdd44bd9e,11.5704679992632,latency-b8fd703bcb50.csv
2025-10-21T22:23:00.578904,shrek,you,409,True,686bdd44bd9e,13.312207996932557,latency-b8fd703bcb50.csv
2025-10-21T22:23:01.106327,shrek,this,79,True,ae1bf9faa4f3,36.28989000208094,latency-b8fd703bcb50.csv
2025-10-21T22:23:01.661508,shrek3,the,1285,True,ae1bf9faa4f3,15.7928919979895,latency-b8fd703bcb50.csv
2025-10-21T22:23:02.196854,grail,are,114,True,686bdd44bd9e,11.53802699991502,latency-b8fd703bcb50.csv
2025-10-21T22:23:02.717483,shrek,this,79,True,ae1bf9faa4f3,9.1360429978522,latency-b8fd703bcb50.csv
2025-10-21T22:23:03.235583,grail,Rostmm,1,True,686bdd44bd9e,11.49802100189845,latency-b8fd703bcb50.csv
2025-10-21T22:23:03.757712,shrek,don't,72,True,686bdd44bd9e,9.353987999929814,latency-b8fd703bcb50.csv
2025-10-21T22:23:04.277396,shrek,our,11,True,686bdd44bd9e,9.155883999483194,latency-b8fd703bcb50.csv
2025-10-21T22:23:04.797117,shrek,he,118,True,686bdd44bd9e,9.898301999783143,latency-b8fd703bcb50.csv
2025-10-21T22:23:05.321075,shrek,FARQUAAD,84,True,686bdd44bd9e,10.908051997830626,latency-b8fd703bcb50.csv
2025-10-21T22:23:05.846063,grail,it,279,True,686bdd44bd9e,12.062014000548515,latency-b8fd703bcb50.csv
2025-10-21T22:23:06.374551,grail,Get,47,True,686bdd44bd9e,13.41417699950398,latency-b8fd703bcb50.csv
2025-10-21T22:23:06.908788,grail,upon,13,True,686bdd44bd9e,14.087235998886172,latency-b8fd703bcb50.csv
2025-10-21T22:23:07.435609,shrek,tale,7,True,686bdd44bd9e,15.472908999072388,latency-b8fd703bcb50.csv
2025-10-21T22:23:07.970987,shrek,I,386,True,686bdd44bd9e,15.87257299979683,latency-b8fd703bcb50.csv
2025-10-21T22:23:08.501554,grail,of,684,True,686bdd44bd9e,16.606254001089837,latency-b8fd703bcb50.csv
2025-10-21T22:23:09.035340,shrek3,of,275,True,686bdd44bd9e,13.995704000990372,latency-b8fd703bcb50.csv
2025-10-21T22:23:09.559951,grail,Aaaaugh,9,True,686bdd44bd9e,13.295062999532092,latency-b8fd703bcb50.csv
2025-10-21T22:23:10.083708,shrek3,SNOW,49,True,686bdd44bd9e,13.727673998801038,latency-b8fd703bcb50.csv
2025-10-21T22:23:10.612001,shrek,you,409,True,686bdd44bd9e,8.376603000215255,latency-b8fd703bcb50.csv
2025-10-21T22:23:11.129955,shrek,tell,25,True,686bdd44bd9e,12.113281998608729,latency-b8fd703bcb50.csv
2025-10-21T22:23:11.654593,grail,king,136,True,686bdd44bd9e,11.26559600015753,latency-b8fd703bcb50.csv
2025-10-21T22:23:12.178430,grail,I,298,True,686bdd44bd9e,10.602403999655508,latency-b8fd703bcb50.csv
2025-10-21T22:23:12.698880,shrek,to,268,True,686bdd44bd9e,9.484743997745682,latency-b8fd703bcb50.csv
2025-10-21T22:23:13.218353,grail,sell,1,True,686bdd44bd9e,9.142824997979917,latency-b8fd703bcb50.csv
2025-10-21T22:23:13.737466,shrek3,the,1285,True,686bdd44bd9e,9.34178099851124,latency-b8fd703bcb50.csv
2025-10-21T22:23:14.257211,shrek3,ARTIE,213,True,686bdd44bd9e,12.366888997348724,latency-b8fd703bcb50.csv
2025-10-21T22:23:14.779839,shrek3,DWARF,10,True,686bdd44bd9e,10.896108997258125,latency-b8fd703bcb50.csv
2025-10-21T22:23:15.302108,shrek3,OGRE,39,True,686bdd44bd9e,14.439388000027977,latency-b8fd703bcb50.csv
2025-10-21T22:23:15.828911,shrek3,"meet""",0,True,686bdd44bd9e,8.742291000089608,latency-b8fd703bcb50.csv
2025-10-21T22:23:16.348223,shrek,and,318,True,686bdd44bd9e,9.465166000154568,latency-b8fd703bcb50.csv
2025-10-21T22:23:16.868319,grail,Get,47,True,686bdd44bd9e,11.51293099974282,latency-b8fd703bcb50.csv
2025-10-21T22:23:17.392541,shrek3,did,14,True,686bdd44bd9e,14.07995500267134,latency-b8fd703bcb50.csv
2025-10-21T22:23:17.918314,shrek3,Be,71,True,686bdd44bd9e,10.167134998482652,latency-b8fd703bcb50.csv
2025-10-21T22:23:18.438640,grail,THREE-HEADED,8,True,686bdd44bd9e,10.378708997450303,latency-b8fd703bcb50.csv
2025-10-21T22:23:18.958764,shrek3,boomerang,1,True,686bdd44bd9e,10.153564002393978,latency-b8fd703bcb50.csv
2025-10-21T22:23:19.480098,shrek3,true,1,True,686bdd44bd9e,9.393322001415072,latency-b8fd703bcb50.csv
2025-10-21T22:23:20.000112,shrek,on,88,True,686bdd44bd9e,9.516300000541378,latency-b8fd703bcb50.csv
2025-10-21T22:23:20.519752,grail,Who’s,3,True,686bdd44bd9e,9.526104000542546,latency-b8fd703bcb50.csv
2025-10-21T22:23:21.040201,grail,Aaaaugh,9,True,686bdd44bd9e,13.246100999822374,latency-b8fd703bcb50.csv
2025-10-21T22:23:21.565829,grail,is,317,True,686bdd44bd9e,11.078863000875572,latency-b8fd703bcb50.csv
2025-10-21T22:23:22.088081,shrek3,MERLIN,73,True,686bdd44bd9e,9.250259998225374,latency-b8fd703bcb50.csv
2025-10-21T22:23:22.607570,shrek,old,10,True,686bdd44bd9e,9.853552997810766,latency-b8fd703bcb50.csv
2025-10-21T22:23:23.127352,shrek,I,386,True,686bdd44bd9e,10.55347600049572,latency-b8fd703bcb50.csv
2025-10-21T22:23:23.648442,shrek3,Whoa,7,True,686bdd44bd9e,9.544364998873789,latency-b8fd703bcb50.csv
2025-10-21T22:23:24.165782,shrek3,"Bay""",0,True,686bdd44bd9e,10.942810997221386,latency-b8fd703bcb50.csv
2025-10-21T22:23:24.688022,grail,the,1600,True,686bdd44bd9e,9.84328299819026,latency-b8fd703bcb50.csv
2025-10-21T22:23:25.208504,shrek3,DONKEY,243,True,686bdd44bd9e,10.65480800025398,latency-b8fd703bcb50.csv
2025-10-21T22:23:25.733378,shrek,true,20,True,686bdd44bd9e,9.482588000537362,latency-b8fd703bcb50.csv
2025-10-21T22:23:26.255101,shrek,lay,2,True,686bdd44bd9e,10.290460002579492,latency-b8fd703bcb50.csv
2025-10-21T22:23:26.776235,shrek3,you,328,True,686bdd44bd9e,9.142634000454564,latency-b8fd703bcb50.csv
2025-10-21T22:23:27.295943,shrek,cottage,4,True,686bdd44bd9e,8.652659998915624,latency-b8fd703bcb50.csv
2025-10-21T22:23:27.814727,shrek,FIONA,211,True,686bdd44bd9e,11.727190998499282,latency-b8fd703bcb50.csv
2025-10-21T22:23:28.338945,grail,time,33,True,686bdd44bd9e,9.309305001806932,latency-b8fd703bcb50.csv
2025-10-21T22:23:28.873737,shrek3,ruby,1,True,686bdd44bd9e,8.110273000056623,latency-b8fd703bcb50.csv
2025-10-21T22:23:29.392891,grail,us,32,True,686bdd44bd9e,8.12496199796442,latency-b8fd703bcb50.csv
2025-10-21T22:23:29.911182,grail,few,8,True,686bdd44bd9e,11.80160400326713,latency-b8fd703bcb50.csv
2025-10-21T22:23:30.434758,grail,pathetic,4,True,686bdd44bd9e,9.16470500305877,latency-b8fd703bcb50.csv
2025-10-21T22:23:30.954276,shrek,its,1,True,686bdd44bd9e,10.205495000263909,latency-b8fd703bcb50.csv
2025-10-21T22:23:31.474088,shrek3,Ahh,8,True,686bdd44bd9e,12.945191003382206,latency-b8fd703bcb50.csv
2025-10-21T22:23:31.999053,grail,Bum,13,True,686bdd44bd9e,10.065469999972263,latency-b8fd703bcb50.csv
2025-10-21T22:23:32.519654,shrek,stairs,7,True,686bdd44bd9e,10.789181000291135,latency-b8fd703bcb50.csv
2025-10-21T22:23:33.039617,shrek,lay,2,True,686bdd44bd9e,9.87205400087987,latency-b8fd703bcb50.csv
2025-10-21T22:23:33.600842,grail,-,259,True,686bdd44bd9e,12.000888000329724,latency-b8fd703bcb50.csv
2025-10-21T22:23:34.123173,shrek3,They,80,True,686bdd44bd9e,10.74512400009553,latency-b8fd703bcb50.csv
2025-10-21T22:23:34.643995,shrek,CROWD,5,True,686bdd44bd9e,8.443459999398328,latency-b8fd703bcb50.csv
2025-10-21T22:23:35.163125,grail,thus,5,True,686bdd44bd9e,8.158448999893153,latency-b8fd703bcb50.csv
2025-10-21T22:23:35.683086,shrek3,right,36,True,ae1bf9faa4f3,9.050306001881836,latency-b8fd703bcb50.csv
2025-10-21T22:23:36.204251,grail,grabbing,5,True,ae1bf9faa4f3,8.167029998730868,latency-b8fd703bcb50.csv
2025-10-21T22:23:36.722530,shrek,DONKEY,320,True,686bdd44bd9e,7.831805000023451,latency-b8fd703bcb50.csv
2025-10-21T22:23:37.240906,shrek3,to,511,True,bab402329d33,8.322238998516696,latency-b8fd703bcb50.csv
2025-10-21T22:23:37.760375,shrek,token,1,True,ae1bf9faa4f3,8.671202998812078,latency-b8fd703bcb50.csv
2025-10-21T22:23:38.280871,shrek3,PRINCE,207,True,686bdd44bd9e,9.196917002554985,latency-b8fd703bcb50.csv
2025-10-21T22:23:38.802403,grail,at,104,True,bab402329d33,8.9825409995683,latency-b8fd703bcb50.csv
2025-10-21T22:23:39.324347,grail,to,718,True,686bdd44bd9e,9.184683000057705,latency-b8fd703bcb50.csv
2025-10-21T22:23:39.844348,grail,I,298,True,686bdd44bd9e,8.755538998229895,latency-b8fd703bcb50.csv
2025-10-21T22:23:40.364043,grail,is,317,True,ae1bf9faa4f3,9.435481999389594,latency-b8fd703bcb50.csv
2025-10-21T22:23:40.885459,grail,door,14,True,ae1bf9faa4f3,9.119747999648098,latency-b8fd703bcb50.csv
2025-10-21T22:23:41.409406,shrek3,and,576,True,686bdd44bd9e,10.230873002001315,latency-b8fd703bcb50.csv
2025-10-21T22:23:41.935112,shrek3,you,328,True,ae1bf9faa4f3,7.694510000874288,latency-b8fd703bcb50.csv
2025-10-21T22:23:42.454051,shrek,whole,10,True,ae1bf9faa4f3,8.998226003313903,latency-b8fd703bcb50.csv
2025-10-21T22:23:42.976337,grail,since,10,True,686bdd44bd9e,8.77765699988231,latency-b8fd703bcb50.csv
2025-10-21T22:23:43.496324,shrek,trip,1,True,ae1bf9faa4f3,10.958858001686169,latency-b8fd703bcb50.csv
2025-10-21T22:23:44.018159,shrek,ogre,27,True,686bdd44bd9e,9.56408099955297,latency-b8fd703bcb50.csv
2025-10-21T22:23:44.553672,grail,Boom,4,True,686bdd44bd9e,10.676697998860618,latency-b8fd703bcb50.csv
2025-10-21T22:23:45.077869,shrek,edge,2,True,ae1bf9faa4f3,9.053154000866924,latency-b8fd703bcb50.csv
2025-10-21T22:23:45.596326,shrek,Shrek,433,True,ae1bf9faa4f3,8.943754000938497,latency-b8fd703bcb50.csv
2025-10-21T22:23:46.115585,grail,are,114,True,bab402329d33,8.727132000785787,latency-b8fd703bcb50.csv
2025-10-21T22:23:46.635324,shrek,DONKEY,320,True,bab402329d33,8.864893999998458,latency-b8fd703bcb50.csv
2025-10-21T22:23:47.156894,grail,Ecky-Ecky-Ecky,1,True,ae1bf9faa4f3,8.117497000057483,latency-b8fd703bcb50.csv
2025-10-21T22:23:47.675304,shrek,old,10,True,bab402329d33,9.404505999555113,latency-b8fd703bcb50.csv
2025-10-21T22:23:48.196273,grail,pseudonym,1,True,ae1bf9faa4f3,8.625701997516444,latency-b8fd703bcb50.csv
2025-10-21T22:23:48.716517,shrek,GORDO,5,True,686bdd44bd9e,9.27913000123226,latency-b8fd703bcb50.csv
2025-10-21T22:23:49.237008,shrek,DONKEY,320,True,686bdd44bd9e,8.60321800064412,latency-b8fd703bcb50.csv
2025-10-21T22:23:49.756437,grail,TV,2,True,ae1bf9faa4f3,8.815802000754047,latency-b8fd703bcb50.csv
2025-10-21T22:23:50.275547,shrek,to,268,True,686bdd44bd9e,8.533011001418345,latency-b8fd703bcb50.csv
2025-10-21T22:23:50.793752,shrek3,with,112,True,686bdd44bd9e,8.708754001418129,latency-b8fd703bcb50.csv
2025-10-21T22:23:51.314213,shrek,don't,72,True,ae1bf9faa4f3,10.528553000767715,latency-b8fd703bcb50.csv
2025-10-21T22:23:51.860690,shrek3,2,8,True,686bdd44bd9e,13.147571000445168,latency-b8fd703bcb50.csv
2025-10-21T22:23:52.384352,grail,chops,3,True,bab402329d33,7.336219998251181,latency-b8fd703bcb50.csv
2025-10-21T22:23:52.899538,grail,sell,1,True,ae1bf9faa4f3,10.06497100024717,latency-b8fd703bcb50.csv
2025-10-21T22:23:53.418250,grail,thus,5,True,686bdd44bd9e,9.161840000160735,latency-b8fd703bcb50.csv
2025-10-21T22:23:53.936778,shrek,And,318,True,bab402329d33,14.403706998564305,latency-b8fd703bcb50.csv
2025-10-21T22:23:54.466775,shrek,GUARD,25,True,ae1bf9faa4f3,8.29876599891577,latency-b8fd703bcb50.csv
2025-10-21T22:23:54.984206,shrek,DONKEY,320,True,686bdd44bd9e,8.912773999327328,latency-b8fd703bcb50.csv
2025-10-21T22:23:55.501620,grail,Gallahad,44,True,bab402329d33,8.157570999173913,latency-b8fd703bcb50.csv
2025-10-21T22:23:56.017732,shrek,INSIDE,16,True,ae1bf9faa4f3,8.344681999005843,latency-b8fd703bcb50.csv
2025-10-21T22:23:56.534030,grail,Launcelot,107,True,686bdd44bd9e,7.719379998889053,latency-b8fd703bcb50.csv
2025-10-21T22:23:57.050689,grail,3,18,True,bab402329d33,7.963063999341102,latency-b8fd703bcb50.csv
2025-10-21T22:23:57.568217,shrek3,TO,511,True,ae1bf9faa4f3,8.13452000147663,latency-b8fd703bcb50.csv
2025-10-21T22:23:58.086946,grail,king,136,True,686bdd44bd9e,8.674026001244783,latency-b8fd703bcb50.csv
2025-10-21T22:23:58.605567,shrek,No,114,True,bab402329d33,9.759158998349449,latency-b8fd703bcb50.csv
2025-10-21T22:23:59.128006,shrek3,supposed,11,True,ae1bf9faa4f3,8.592862002842594,latency-b8fd703bcb50.csv
2025-10-21T22:23:59.646252,grail,ANOTHER,25,True,686bdd44bd9e,9.80993600023794,latency-b8fd703bcb50.csv
2025-10-21T22:24:00.166824,grail,Cleveland,3,True,bab402329d33,9.19898099891725,latency-b8fd703bcb50.csv
2025-10-21T22:24:00.685926,grail,Bum,13,True,ae1bf9faa4f3,9.678379003162265,latency-b8fd703bcb50.csv
2025-10-21T22:24:01.216496,shrek3,ARTIE,213,True,ae1bf9faa4f3,41.85780799889472,latency-b8fd703bcb50.csv
2025-10-21T22:24:01.791435,grail,with/,0,True,ae1bf9faa4f3,13.59236600183067,latency-b8fd703bcb50.csv
2025-10-21T22:24:02.320141,shrek3,Arg,1,True,686bdd44bd9e,8.835381002427312,latency-b8fd703bcb50.csv
2025-10-21T22:24:02.839488,shrek,FARQUAAD,84,True,ae1bf9faa4f3,8.847626002534525,latency-b8fd703bcb50.csv
2025-10-21T22:24:03.358114,shrek3,me,72,True,686bdd44bd9e,8.781085001828615,latency-b8fd703bcb50.csv
2025-10-21T22:24:03.877454,grail,(as,0,True,686bdd44bd9e,8.41149800180574,latency-b8fd703bcb50.csv
2025-10-21T22:24:04.395381,shrek,trip,1,True,bab402329d33,8.286930002213921,latency-b8fd703bcb50.csv
2025-10-21T22:24:04.913440,shrek,MAN,38,True,ae1bf9faa4f3,8.905406997655518,latency-b8fd703bcb50.csv
2025-10-21T22:24:05.430727,grail,"lute,",0,True,bab402329d33,8.014733000891283,latency-b8fd703bcb50.csv
2025-10-21T22:24:05.947628,shrek,swamp,18,True,bab402329d33,8.538131998648169,latency-b8fd703bcb50.csv
2025-10-21T22:24:06.465285,grail,grabbing,5,True,686bdd44bd9e,8.154851999279344,latency-b8fd703bcb50.csv
2025-10-21T22:24:06.982482,shrek3,its,1,True,686bdd44bd9e,8.294365998153808,latency-b8fd703bcb50.csv
2025-10-21T22:24:07.502587,shrek3,dat,1,True,ae1bf9faa4f3,8.240369999839459,latency-b8fd703bcb50.csv
2025-10-21T22:24:08.020081,shrek3,EVIL,59,True,ae1bf9faa4f3,8.089023001957685,latency-b8fd703bcb50.csv
2025-10-21T22:24:08.538321,grail,TV,2,True,686bdd44bd9e,8.466297997074435,latency-b8fd703bcb50.csv
2025-10-21T22:22:08.203628,shrek3,Im,1,True,686bdd44bd9e,5.8090610000363085,latency-c253bd3a3fa0.csv
2025-10-21T22:22:08.717396,grail,with/,0,True,ae1bf9faa4f3,6.599256001209142,latency-c253bd3a3fa0.csv
2025-10-21T22:22:09.231619,shrek,cottage,4,True,686bdd44bd9e,6.059966002794681,latency-c253bd3a3fa0.csv
2025-10-21T22:22:09.745470,grail,chops,3,True,686bdd44bd9e,6.523323001601966,latency-c253bd3a3fa0.csv
2025-10-21T22:22:10.259728,grail,thus,5,True,bab402329d33,6.159517000924097,latency-c253bd3a3fa0.csv
2025-10-21T22:22:10.773214,shrek3,showing,1,True,ae1bf9faa4f3,5.456311999296304,latency-c253bd3a3fa0.csv
2025-10-21T22:22:11.301725,shrek3,DONKEY,243,True,686bdd44bd9e,6.081305000407156,latency-c253bd3a3fa0.csv
2025-10-21T22:22:11.814920,grail,pseudonym,1,True,bab402329d33,6.079355000110809,latency-c253bd3a3fa0.csv
2025-10-21T22:22:12.328472,shrek3,Final,119,True,ae1bf9faa4f3,6.280419001996052,latency-c253bd3a3fa0.csv
2025-10-21T22:22:12.841771,grail,at,104,True,686bdd44bd9e,6.05306600118638,latency-c253bd3a3fa0.csv
2025-10-21T22:22:13.355678,grail,at,104,True,bab402329d33,5.753360001108376,latency-c253bd3a3fa0.csv
2025-10-21T22:22:13.868707,shrek,you,409,True,ae1bf9faa4f3,6.82682700062287,latency-c253bd3a3fa0.csv
2025-10-21T22:22:14.383671,shrek3,PUSS,196,True,686bdd44bd9e,12.65418599723489,latency-c253bd3a3fa0.csv
2025-10-21T22:22:14.908586,shrek,FIONA,211,True,bab402329d33,7.322551999095594,latency-c253bd3a3fa0.csv
2025-10-21T22:22:15.424015,shrek,your,49,True,ae1bf9faa4f3,4.9045509986171965,latency-c253bd3a3fa0.csv
2025-10-21T22:22:15.935520,shrek,true,20,True,686bdd44bd9e,5.738320996897528,latency-c253bd3a3fa0.csv
2025-10-21T22:22:16.449863,shrek3,WHITE,45,True,bab402329d33,9.776977000001352,latency-c253bd3a3fa0.csv
2025-10-21T22:22:16.969913,shrek3,glass,9,True,ae1bf9faa4f3,9.78648000091198,latency-c253bd3a3fa0.csv
2025-10-21T22:22:17.491250,grail,a,666,True,686bdd44bd9e,8.573028997489018,latency-c253bd3a3fa0.csv
2025-10-21T22:22:18.009566,shrek,And,318,True,bab402329d33,7.256868000695249,latency-c253bd3a3fa0.csv
2025-10-21T22:22:18.526996,grail,toward,10,True,ae1bf9faa4f3,8.972422001534142,latency-c253bd3a3fa0.csv
2025-10-21T22:22:19.046306,grail,rows,1,True,686bdd44bd9e,8.171735997166252,latency-c253bd3a3fa0.csv
2025-10-21T22:22:19.564234,shrek,way,26,True,bab402329d33,8.46066099984455,latency-c253bd3a3fa0.csv
2025-10-21T22:22:20.082759,shrek3,SCHOOL,14,True,ae1bf9faa4f3,9.929292002198054,latency-c253bd3a3fa0.csv
2025-10-21T22:22:20.602425,grail,us,32,True,686bdd44bd9e,9.356712002045242,latency-c253bd3a3fa0.csv
2025-10-21T22:22:21.122431,shrek,Shrek,433,True,bab402329d33,8.269024998298846,latency-c253bd3a3fa0.csv
2025-10-21T22:22:21.641610,grail,on,139,True,ae1bf9faa4f3,9.361617998365546,latency-c253bd3a3fa0.csv
2025-10-21T22:22:22.161521,grail,pathetic,4,True,686bdd44bd9e,8.452661997580435,latency-c253bd3a3fa0.csv
2025-10-21T22:22:22.679477,grail,Bum,13,True,bab402329d33,7.857139000407187,latency-c253bd3a3fa0.csv
2025-10-21T22:22:23.196936,shrek,who,29,True,ae1bf9faa4f3,8.165308998286491,latency-c253bd3a3fa0.csv
2025-10-21T22:22:23.714938,shrek,after,10,True,686bdd44bd9e,8.068221002758946,latency-c253bd3a3fa0.csv
2025-10-21T22:22:24.230303,grail,Cleese,10,True,bab402329d33,8.043343997996999,latency-c253bd3a3fa0.csv
2025-10-21T22:22:24.747845,shrek,after,10,True,ae1bf9faa4f3,7.793963999574771,latency-c253bd3a3fa0.csv
2025-10-21T22:22:25.264790,shrek3,cosmic,1,True,686bdd44bd9e,8.378581998840673,latency-c253bd3a3fa0.csv
2025-10-21T22:22:25.783310,shrek3,PUSS,196,True,bab402329d33,8.1052429995907,latency-c253bd3a3fa0.csv
2025-10-21T22:22:26.301878,grail,Guard,106,True,ae1bf9faa4f3,8.474105001369026,latency-c253bd3a3fa0.csv
2025-10-21T22:22:26.820485,shrek,SHREK,433,True,686bdd44bd9e,9.75485599701642,latency-c253bd3a3fa0.csv
2025-10-21T22:22:27.340585,shrek,What,104,True,bab402329d33,7.306944000447402,latency-c253bd3a3fa0.csv
2025-10-21T22:22:27.858415,shrek3,SNOW,49,True,ae1bf9faa4f3,8.338037001522025,latency-c253bd3a3fa0.csv
2025-10-21T22:22:28.377058,grail,singing,33,True,686bdd44bd9e,8.064789999480126,latency-c253bd3a3fa0.csv
2025-10-21T22:22:28.896106,shrek,who,29,True,bab402329d33,8.341223001480103,latency-c253bd3a3fa0.csv
2025-10-21T22:22:29.414939,shrek,Aah,6,True,ae1bf9faa4f3,8.643181001389166,latency-c253bd3a3fa0.csv
2025-10-21T22:22:29.934875,shrek,true,20,True,686bdd44bd9e,9.07216500127106,latency-c253bd3a3fa0.csv
2025-10-21T22:22:30.454876,grail,To,718,True,bab402329d33,9.606252002413385,latency-c253bd3a3fa0.csv
2025-10-21T22:22:30.974739,grail,ANOTHER,25,True,ae1bf9faa4f3,8.660520001285477,latency-c253bd3a3fa0.csv
2025-10-21T22:22:31.493871,shrek3,PRINCE,207,True,686bdd44bd9e,9.863078998023411,latency-c253bd3a3fa0.csv
2025-10-21T22:22:32.018119,shrek,looks,37,True,bab402329d33,8.523471999069443,latency-c253bd3a3fa0.csv
2025-10-21T22:22:32.537645,shrek3,with,112,True,ae1bf9faa4f3,8.827858000586275,latency-c253bd3a3fa0.csv
2025-10-21T22:22:33.056735,shrek3,"Bay""",0,True,686bdd44bd9e,8.2056309984182,latency-c253bd3a3fa0.csv
2025-10-21T22:22:33.575086,grail,“I,0,True,bab402329d33,8.80287300242344,latency-c253bd3a3fa0.csv
2025-10-21T22:22:34.094327,shrek3,the,1285,True,ae1bf9faa4f3,9.135373999015428,latency-c253bd3a3fa0.csv
2025-10-21T22:22:34.614011,grail,door,14,True,686bdd44bd9e,8.650175001093885,latency-c253bd3a3fa0.csv
2025-10-21T22:22:35.133650,grail,the,1600,True,bab402329d33,7.824422998965019,latency-c253bd3a3fa0.csv
2025-10-21T22:22:35.664647,shrek,ogre,27,True,ae1bf9faa4f3,9.388524002133636,latency-c253bd3a3fa0.csv
2025-10-21T22:22:36.184382,shrek3,true,1,True,686bdd44bd9e,9.820569001021797,latency-c253bd3a3fa0.csv
2025-10-21T22:22:36.705388,grail,pathetic,4,True,bab402329d33,8.599376000347547,latency-c253bd3a3fa0.csv
2025-10-21T22:22:37.224594,shrek3,SHREK,678,True,ae1bf9faa4f3,8.413382001890568,latency-c253bd3a3fa0.csv
2025-10-21T22:22:37.743197,shrek,FIONA'S,3,True,686bdd44bd9e,8.742474001337541,latency-c253bd3a3fa0.csv
2025-10-21T22:22:38.262372,shrek,swamp,18,True,bab402329d33,8.504000001266832,latency-c253bd3a3fa0.csv
2025-10-21T22:22:38.781948,grail,the,1600,True,ae1bf9faa4f3,9.157888998743148,latency-c253bd3a3fa0.csv
2025-10-21T22:22:39.301102,shrek3,and,576,True,686bdd44bd9e,8.762929999647895,latency-c253bd3a3fa0.csv
2025-10-21T22:22:39.819528,shrek3,youre,0,True,ae1bf9faa4f3,7.878663996962132,latency-c253bd3a3fa0.csv
2025-10-21T22:22:40.337940,shrek,swamp,18,True,686bdd44bd9e,8.227656999224564,latency-c253bd3a3fa0.csv
2025-10-21T22:22:40.856819,shrek3,Gingerbread,37,True,ae1bf9faa4f3,8.425189000263344,latency-c253bd3a3fa0.csv
2025-10-21T22:22:41.376309,grail,sell,1,True,686bdd44bd9e,11.195884999324337,latency-c253bd3a3fa0.csv
2025-10-21T22:22:41.900448,shrek,GORDO,5,True,ae1bf9faa4f3,6.78311199953896,latency-c253bd3a3fa0.csv
2025-10-21T22:22:42.416198,shrek3,at,134,True,ae1bf9faa4f3,7.828202000382589,latency-c253bd3a3fa0.csv
2025-10-21T22:22:42.934356,grail,Butts,2,True,ae1bf9faa4f3,9.132667997619135,latency-c253bd3a3fa0.csv
2025-10-21T22:22:43.453278,shrek,What,104,True,ae1bf9faa4f3,8.849403999192873,latency-c253bd3a3fa0.csv
2025-10-21T22:22:43.971252,shrek,SHREK,433,True,ae1bf9faa4f3,8.909819000109565,latency-c253bd3a3fa0.csv
2025-10-21T22:22:44.489573,shrek,looks,37,True,ae1bf9faa4f3,9.338810999906856,latency-c253bd3a3fa0.csv
2025-10-21T22:22:45.009346,shrek3,Whoa,7,True,ae1bf9faa4f3,8.616508999693906,latency-c253bd3a3fa0.csv
2025-10-21T22:22:45.528117,shrek3,me,72,True,ae1bf9faa4f3,8.66052600031253,latency-c253bd3a3fa0.csv
2025-10-21T22:22:46.047698,shrek3,SHREK,678,True,ae1bf9faa4f3,8.81860399749712,latency-c253bd3a3fa0.csv
2025-10-21T22:22:46.566977,shrek,lay,2,True,ae1bf9faa4f3,8.731701000215253,latency-c253bd3a3fa0.csv
2025-10-21T22:22:47.086898,shrek3,RAPUNZEL,30,True,ae1bf9faa4f3,10.113671996805351,latency-c253bd3a3fa0.csv
2025-10-21T22:22:47.607608,grail,music,21,True,ae1bf9faa4f3,9.199184998578858,latency-c253bd3a3fa0.csv
2025-10-21T22:22:48.129527,shrek3,"meet""",0,True,ae1bf9faa4f3,8.255432003352325,latency-c253bd3a3fa0.csv
2025-10-21T22:22:48.650796,shrek3,Shrek,678,True,ae1bf9faa4f3,8.015030001843115,latency-c253bd3a3fa0.csv
2025-10-21T22:22:49.169092,shrek3,SNOW,49,True,ae1bf9faa4f3,7.649716000742046,latency-c253bd3a3fa0.csv
2025-10-21T22:22:49.686744,grail,Launcelot,107,True,ae1bf9faa4f3,7.223577998956898,latency-c253bd3a3fa0.csv
2025-10-21T22:22:50.203015,shrek3,did,14,True,ae1bf9faa4f3,8.198807001463138,latency-c253bd3a3fa0.csv
2025-10-21T22:22:50.720683,shrek,trip,1,True,ae1bf9faa4f3,7.554252999398159,latency-c253bd3a3fa0.csv
2025-10-21T22:22:51.237394,shrek3,PRINCE,207,True,ae1bf9faa4f3,9.124546999373706,latency-c253bd3a3fa0.csv
2025-10-21T22:22:51.756356,grail,54,2,True,ae1bf9faa4f3,8.997554999950808,latency-c253bd3a3fa0.csv
2025-10-21T22:22:52.275101,shrek3,toward,14,True,ae1bf9faa4f3,6.796279998525279,latency-c253bd3a3fa0.csv
2025-10-21T22:22:52.791658,grail,Eolio,2,True,ae1bf9faa4f3,8.363064000150189,latency-c253bd3a3fa0.csv
2025-10-21T22:22:53.310519,grail,Cleese,10,True,ae1bf9faa4f3,8.384815002500545,latency-c253bd3a3fa0.csv
2025-10-21T22:22:53.828675,shrek,you,409,True,ae1bf9faa4f3,8.571800000936491,latency-c253bd3a3fa0.csv
2025-10-21T22:22:54.346175,shrek3,the,1285,True,ae1bf9faa4f3,9.76634999824455,latency-c253bd3a3fa0.csv
2025-10-21T22:22:54.865884,shrek3,SHREK,678,True,ae1bf9faa4f3,7.630991000041831,latency-c253bd3a3fa0.csv
2025-10-21T22:22:55.383134,shrek,after,10,True,ae1bf9faa4f3,7.472149001841899,latency-c253bd3a3fa0.csv
2025-10-21T22:22:55.899318,shrek3,decree,1,True,ae1bf9faa4f3,7.412146002025111,latency-c253bd3a3fa0.csv
2025-10-21T22:22:56.415757,shrek3,bed,10,True,ae1bf9faa4f3,8.571700000175042,latency-c253bd3a3fa0.csv
2025-10-21T22:22:56.933746,shrek,GUARD,25,True,ae1bf9faa4f3,9.842960000241874,latency-c253bd3a3fa0.csv
2025-10-21T22:22:57.453898,shrek3,showing,1,True,ae1bf9faa4f3,11.253623000811784,latency-c253bd3a3fa0.csv
2025-10-21T22:22:57.973721,grail,Eolio,2,True,ae1bf9faa4f3,9.975498000130756,latency-c253bd3a3fa0.csv
2025-10-21T22:22:58.492893,grail,Who’s,3,True,ae1bf9faa4f3,12.800151998817457,latency-c253bd3a3fa0.csv
2025-10-21T22:22:59.015158,shrek,And,318,True,ae1bf9faa4f3,12.10938599979272,latency-c253bd3a3fa0.csv
2025-10-21T22:22:59.537440,shrek,placed,1,True,ae1bf9faa4f3,10.275339998770503,latency-c253bd3a3fa0.csv
2025-10-21T22:23:00.058315,shrek,FIONA,211,True,ae1bf9faa4f3,9.164143000816694,latency-c253bd3a3fa0.csv
2025-10-21T22:23:00.581236,shrek3,still,18,True,ae1bf9faa4f3,10.780650001834148,latency-c253bd3a3fa0.csv
2025-10-21T22:23:01.106173,grail,Christ,8,True,686bdd44bd9e,35.744649001571815,latency-c253bd3a3fa0.csv
2025-10-21T22:23:01.660232,shrek,DONKEY,320,True,686bdd44bd9e,17.31832799850963,latency-c253bd3a3fa0.csv
2025-10-21T22:23:02.197083,shrek3,supposed,11,True,ae1bf9faa4f3,11.374215999239825,latency-c253bd3a3fa0.csv
2025-10-21T22:23:02.717468,grail,few,8,True,686bdd44bd9e,9.616408999136183,latency-c253bd3a3fa0.csv
2025-10-21T22:23:03.235654,shrek,after,10,True,ae1bf9faa4f3,11.564119002287043,latency-c253bd3a3fa0.csv
2025-10-21T22:23:03.758463,grail,is,317,True,ae1bf9faa4f3,10.611871999572031,latency-c253bd3a3fa0.csv
2025-10-21T22:23:04.278917,shrek3,wont,0,True,ae1bf9faa4f3,9.20970700099133,latency-c253bd3a3fa0.csv
2025-10-21T22:23:04.798103,shrek3,time,23,True,ae1bf9faa4f3,11.662160002742894,latency-c253bd3a3fa0.csv
2025-10-21T22:23:05.323966,shrek3,SHOUTING),0,True,ae1bf9faa4f3,9.94664699828718,latency-c253bd3a3fa0.csv
2025-10-21T22:23:05.847624,shrek,trip,1,True,ae1bf9faa4f3,11.16416900185868,latency-c253bd3a3fa0.csv
2025-10-21T22:23:06.374797,grail,To,718,True,ae1bf9faa4f3,17.553183999552857,latency-c253bd3a3fa0.csv
2025-10-21T22:23:06.911015,shrek3,Be,71,True,ae1bf9faa4f3,13.7537410009827,latency-c253bd3a3fa0.csv
2025-10-21T22:23:07.438902,shrek3,CAPTAIN,41,True,ae1bf9faa4f3,16.85837500190246,latency-c253bd3a3fa0.csv
2025-10-21T22:23:07.971795,shrek,Is,132,True,686bdd44bd9e,16.78226300282404,latency-c253bd3a3fa0.csv
2025-10-21T22:23:08.502285,shrek3,SHREK,678,True,686bdd44bd9e,16.16342099805479,latency-c253bd3a3fa0.csv
2025-10-21T22:23:09.036986,shrek,to,268,True,686bdd44bd9e,12.885326003015509,latency-c253bd3a3fa0.csv
2025-10-21T22:23:09.560189,shrek,to,268,True,686bdd44bd9e,2566.000383998471,latency-c253bd3a3fa0.csv
2025-10-21T22:23:12.635394,shrek,its,1,True,686bdd44bd9e,8.643047000077786,latency-c253bd3a3fa0.csv
2025-10-21T22:23:13.154585,shrek,he,118,True,686bdd44bd9e,8.583910999732325,latency-c253bd3a3fa0.csv
2025-10-21T22:23:13.673148,shrek3,of,275,True,686bdd44bd9e,8.833799001877196,latency-c253bd3a3fa0.csv
2025-10-21T22:23:14.191849,shrek,He,118,True,686bdd44bd9e,8.801336000033189,latency-c253bd3a3fa0.csv
2025-10-21T22:23:14.711313,shrek3,cosmic,1,True,686bdd44bd9e,7.830344999092631,latency-c253bd3a3fa0.csv
2025-10-21T22:23:15.229914,shrek3,and,576,True,686bdd44bd9e,7.615894999617012,latency-c253bd3a3fa0.csv
2025-10-21T22:23:15.747405,grail,Cleveland,3,True,686bdd44bd9e,9.1458809984033,latency-c253bd3a3fa0.csv
2025-10-21T22:23:16.267132,grail,Boom,4,True,686bdd44bd9e,8.433565999439452,latency-c253bd3a3fa0.csv
2025-10-21T22:23:16.785594,shrek,INSIDE,16,True,686bdd44bd9e,8.691450999322115,latency-c253bd3a3fa0.csv
2025-10-21T22:23:17.304947,grail,Footnote,4,True,686bdd44bd9e,8.3243359986227,latency-c253bd3a3fa0.csv
2025-10-21T22:23:17.824929,shrek,whistles,2,True,686bdd44bd9e,8.562140999856638,latency-c253bd3a3fa0.csv
2025-10-21T22:23:18.342888,grail,from,94,True,686bdd44bd9e,8.760378001170466,latency-c253bd3a3fa0.csv
2025-10-21T22:23:18.862506,grail,to,718,True,686bdd44bd9e,8.661659998324467,latency-c253bd3a3fa0.csv
2025-10-21T22:23:19.382061,shrek3,CHARMING,232,True,686bdd44bd9e,8.44802199935657,latency-c253bd3a3fa0.csv
2025-10-21T22:23:19.902206,shrek,FIONA,211,True,686bdd44bd9e,8.112296996841906,latency-c253bd3a3fa0.csv
2025-10-21T22:23:20.420856,shrek3,decree,1,True,686bdd44bd9e,7.94266600132687,latency-c253bd3a3fa0.csv
2025-10-21T22:23:20.938606,shrek,FIONA'S,3,True,686bdd44bd9e,7.97493900245172,latency-c253bd3a3fa0.csv
2025-10-21T22:23:21.456962,grail,the,1600,True,686bdd44bd9e,9.766739000042437,latency-c253bd3a3fa0.csv
2025-10-21T22:23:21.977365,shrek,on,88,True,686bdd44bd9e,8.050010001170449,latency-c253bd3a3fa0.csv
2025-10-21T22:23:22.493763,shrek3,me,72,True,686bdd44bd9e,8.028123000258347,latency-c253bd3a3fa0.csv
2025-10-21T22:23:23.011186,grail,dancing,10,True,686bdd44bd9e,9.70653200056404,latency-c253bd3a3fa0.csv
2025-10-21T22:23:23.531176,grail,CALLS,3,True,686bdd44bd9e,8.22538899956271,latency-c253bd3a3fa0.csv
2025-10-21T22:23:24.049154,shrek,Shrek,433,True,686bdd44bd9e,7.446852996508824,latency-c253bd3a3fa0.csv
2025-10-21T22:23:24.565540,grail,Get,47,True,686bdd44bd9e,11.228483999730088,latency-c253bd3a3fa0.csv
2025-10-21T22:23:25.090573,grail,"Peng,",0,True,686bdd44bd9e,8.855133997712983,latency-c253bd3a3fa0.csv
2025-10-21T22:23:25.610100,grail,the,1600,True,686bdd44bd9e,8.635663998575183,latency-c253bd3a3fa0.csv
2025-10-21T22:23:26.128846,shrek,FIONA,211,True,686bdd44bd9e,8.729637000215007,latency-c253bd3a3fa0.csv
2025-10-21T22:23:26.648238,shrek,looks,37,True,686bdd44bd9e,8.732330999919213,latency-c253bd3a3fa0.csv
2025-10-21T22:23:27.169807,grail,door,14,True,686bdd44bd9e,8.734791997994762,latency-c253bd3a3fa0.csv
2025-10-21T22:23:27.689963,shrek,this,79,True,686bdd44bd9e,10.29852099964046,latency-c253bd3a3fa0.csv
2025-10-21T22:23:28.211007,shrek,whistles,2,True,686bdd44bd9e,8.381095001823269,latency-c253bd3a3fa0.csv
2025-10-21T22:23:28.729310,grail,I,298,True,686bdd44bd9e,8.614783997472841,latency-c253bd3a3fa0.csv
2025-10-21T22:23:29.248649,grail,To,718,True,686bdd44bd9e,10.635340000590077,latency-c253bd3a3fa0.csv
2025-10-21T22:23:29.771598,shrek,your,49,True,686bdd44bd9e,12.1876009980042,latency-c253bd3a3fa0.csv
2025-10-21T22:23:30.300017,grail,at,104,True,686bdd44bd9e,7.709429999522399,latency-c253bd3a3fa0.csv
2025-10-21T22:23:30.818958,shrek,placed,1,True,686bdd44bd9e,8.498637002048781,latency-c253bd3a3fa0.csv
2025-10-21T22:23:31.338860,grail,Guard,106,True,686bdd44bd9e,10.9670849997201,latency-c253bd3a3fa0.csv
2025-10-21T22:23:31.861203,grail,from,94,True,686bdd44bd9e,10.965307003061753,latency-c253bd3a3fa0.csv
2025-10-21T22:23:32.383977,grail,I,298,True,686bdd44bd9e,8.8468069989176,latency-c253bd3a3fa0.csv
2025-10-21T22:23:32.902901,shrek3,CAPTAIN,41,True,686bdd44bd9e,8.019337001314852,latency-c253bd3a3fa0.csv
2025-10-21T22:23:33.420944,grail,chops,3,True,686bdd44bd9e,9.54368800012162,latency-c253bd3a3fa0.csv
2025-10-21T22:23:33.939909,grail,going,21,True,686bdd44bd9e,7.987143999343971,latency-c253bd3a3fa0.csv
2025-10-21T22:23:34.457367,grail,it,279,True,686bdd44bd9e,8.121850998577429,latency-c253bd3a3fa0.csv
2025-10-21T22:23:34.974930,shrek3,dat,1,True,ae1bf9faa4f3,17.035174001648556,latency-c253bd3a3fa0.csv
2025-10-21T22:23:35.501903,shrek3,They,80,True,686bdd44bd9e,8.507485999871278,latency-c253bd3a3fa0.csv
2025-10-21T22:23:36.019676,shrek3,Arg,1,True,bab402329d33,8.061725999141345,latency-c253bd3a3fa0.csv
2025-10-21T22:23:36.536935,shrek,I,386,True,ae1bf9faa4f3,7.848070999898482,latency-c253bd3a3fa0.csv
2025-10-21T22:23:37.054699,grail,THREE-HEADED,8,True,686bdd44bd9e,7.943622000311734,latency-c253bd3a3fa0.csv
2025-10-21T22:23:37.572397,shrek,Blah,1,True,bab402329d33,8.351336000487208,latency-c253bd3a3fa0.csv
2025-10-21T22:23:38.090707,shrek3,ARTIE,213,True,ae1bf9faa4f3,7.996276999620022,latency-c253bd3a3fa0.csv
2025-10-21T22:23:38.608719,shrek3,ARTIE,213,True,686bdd44bd9e,9.037019997776952,latency-c253bd3a3fa0.csv
2025-10-21T22:23:39.128197,shrek3,fall,6,True,bab402329d33,8.501133001118433,latency-c253bd3a3fa0.csv
2025-10-21T22:23:39.647069,shrek,at,62,True,ae1bf9faa4f3,8.848369998304406,latency-c253bd3a3fa0.csv
2025-10-21T22:23:40.166679,shrek,one,44,True,686bdd44bd9e,8.715461000974756,latency-c253bd3a3fa0.csv
2025-10-21T22:23:40.685484,grail,3,18,True,bab402329d33,8.758840998780215,latency-c253bd3a3fa0.csv
2025-10-21T22:23:41.205241,shrek,And,318,True,ae1bf9faa4f3,9.94539800012717,latency-c253bd3a3fa0.csv
2025-10-21T22:23:41.727689,grail,singing,33,True,686bdd44bd9e,7.120559002942173,latency-c253bd3a3fa0.csv
2025-10-21T22:23:42.243962,shrek,stairs,7,True,bab402329d33,7.658582999283681,latency-c253bd3a3fa0.csv
2025-10-21T22:23:42.761666,shrek3,the,1285,True,ae1bf9faa4f3,9.288495999498991,latency-c253bd3a3fa0.csv
2025-10-21T22:23:43.281208,shrek,trip,1,True,686bdd44bd9e,9.222276999935277,latency-c253bd3a3fa0.csv
2025-10-21T22:23:43.800778,shrek,CROWD,5,True,bab402329d33,8.555398999305908,latency-c253bd3a3fa0.csv
2025-10-21T22:23:44.319590,grail,feel,11,True,ae1bf9faa4f3,9.931975000654347,latency-c253bd3a3fa0.csv
2025-10-21T22:23:44.840146,shrek,rising,1,True,686bdd44bd9e,8.758913998462958,latency-c253bd3a3fa0.csv
2025-10-21T22:23:45.358846,grail,king,136,True,bab402329d33,9.021202000440098,latency-c253bd3a3fa0.csv
2025-10-21T22:23:45.877616,shrek,No,114,True,ae1bf9faa4f3,8.821288000035565,latency-c253bd3a3fa0.csv
2025-10-21T22:23:46.396728,grail,pause,10,True,686bdd44bd9e,8.967589998064796,latency-c253bd3a3fa0.csv
2025-10-21T22:23:46.915900,grail,BEDEVERE,103,True,bab402329d33,8.643081000627717,latency-c253bd3a3fa0.csv
2025-10-21T22:23:47.434948,shrek,Shrek,433,True,ae1bf9faa4f3,8.501157000864623,latency-c253bd3a3fa0.csv
2025-10-21T22:23:47.953769,shrek,help,5,True,686bdd44bd9e,8.849423000356182,latency-c253bd3a3fa0.csv
2025-10-21T22:23:48.472975,shrek,true,20,True,bab402329d33,9.058774998266015,latency-c253bd3a3fa0.csv
2025-10-21T22:23:48.992160,grail,since,10,True,ae1bf9faa4f3,8.536738001566846,latency-c253bd3a3fa0.csv
2025-10-21T22:23:49.510540,shrek,baby,3,True,686bdd44bd9e,9.300089001044398,latency-c253bd3a3fa0.csv
2025-10-21T22:23:50.029209,shrek,you,409,True,bab402329d33,8.444793002126971,latency-c253bd3a3fa0.csv
2025-10-21T22:23:50.546758,shrek,I,386,True,ae1bf9faa4f3,7.930605999717954,latency-c253bd3a3fa0.csv
2025-10-21T22:23:51.063934,grail,To,718,True,686bdd44bd9e,8.131454997055698,latency-c253bd3a3fa0.csv
2025-10-21T22:23:51.581181,grail,a,666,True,bab402329d33,14.611368002078962,latency-c253bd3a3fa0.csv
2025-10-21T22:23:52.106379,shrek3,me,72,True,ae1bf9faa4f3,11.792268996941855,latency-c253bd3a3fa0.csv
2025-10-21T22:23:52.625981,shrek3,CAPTAIN,41,True,686bdd44bd9e,10.977885998727288,latency-c253bd3a3fa0.csv
2025-10-21T22:23:53.152430,shrek,stairs,7,True,bab402329d33,10.986305002006702,latency-c253bd3a3fa0.csv
2025-10-21T22:23:53.677212,shrek,the,535,True,686bdd44bd9e,14.89295000283164,latency-c253bd3a3fa0.csv
2025-10-21T22:23:54.208771,grail,I,298,True,ae1bf9faa4f3,14.310190999822224,latency-c253bd3a3fa0.csv
2025-10-21T22:23:54.737581,shrek3,field,3,True,ae1bf9faa4f3,34.183095001935726,latency-c253bd3a3fa0.csv
2025-10-21T22:23:55.287236,shrek3,dat,1,True,ae1bf9faa4f3,13.045511001109844,latency-c253bd3a3fa0.csv
2025-10-21T22:23:55.814514,grail,the,1600,True,686bdd44bd9e,13.1170109998493,latency-c253bd3a3fa0.csv
2025-10-21T22:23:56.343083,shrek,will,16,True,bab402329d33,13.664071000675904,latency-c253bd3a3fa0.csv
2025-10-21T22:23:56.873987,grail,Yeah,13,True,ae1bf9faa4f3,25.90279300056864,latency-c253bd3a3fa0.csv
2025-10-21T22:23:57.415672,shrek3,you,328,True,686bdd44bd9e,15.4650810000021,latency-c253bd3a3fa0.csv
2025-10-21T22:23:57.944814,shrek,DONKEY,320,True,bab402329d33,11.987493999185972,latency-c253bd3a3fa0.csv
2025-10-21T22:23:58.471655,shrek3,true,1,True,ae1bf9faa4f3,16.432991997135105,latency-c253bd3a3fa0.csv
2025-10-21T22:23:59.006078,shrek,tale,7,True,ae1bf9faa4f3,14.007949001097586,latency-c253bd3a3fa0.csv
2025-10-21T22:23:59.538752,shrek,DONKEY,320,True,ae1bf9faa4f3,16.599296999629587,latency-c253bd3a3fa0.csv
2025-10-21T22:24:00.079052,grail,the,1600,True,bab402329d33,14.982724002038594,latency-c253bd3a3fa0.csv
2025-10-21T22:24:00.610344,shrek,rising,1,True,ae1bf9faa4f3,14.963949000957657,latency-c253bd3a3fa0.csv
2025-10-21T22:24:01.141419,grail,music,21,True,ae1bf9faa4f3,33.77466900201398,latency-c253bd3a3fa0.csv
2025-10-21T22:24:01.745683,shrek,(standing,0,True,bab402329d33,9.646196998801315,latency-c253bd3a3fa0.csv
2025-10-21T22:24:02.266926,grail,Aaaaugh,9,True,bab402329d33,8.588136999605922,latency-c253bd3a3fa0.csv
2025-10-21T22:24:02.786026,grail,time,33,True,ae1bf9faa4f3,8.404088002862409,latency-c253bd3a3fa0.csv
2025-10-21T22:24:03.304283,shrek,Nobody,4,True,bab402329d33,8.528515001671622,latency-c253bd3a3fa0.csv
2025-10-21T22:24:03.824438,shrek,I,386,True,bab402329d33,8.416231998126023,latency-c253bd3a3fa0.csv
2025-10-21T22:24:04.342312,grail,pathetic,4,True,ae1bf9faa4f3,8.31306100008078,latency-c253bd3a3fa0.csv
2025-10-21T22:24:04.860090,shrek3,WHITE,45,True,686bdd44bd9e,8.397773999604397,latency-c253bd3a3fa0.csv
2025-10-21T22:24:05.377941,grail,and,722,True,ae1bf9faa4f3,9.463334001338808,latency-c253bd3a3fa0.csv
2025-10-21T22:24:05.897197,shrek3,did,14,True,ae1bf9faa4f3,8.626390997960698,latency-c253bd3a3fa0.csv
2025-10-21T22:24:06.416185,grail,THREE-HEADED,8,True,686bdd44bd9e,7.679434002056951,latency-c253bd3a3fa0.csv
2025-10-21T22:24:06.933771,shrek,lay,2,True,ae1bf9faa4f3,8.47002299997257,latency-c253bd3a3fa0.csv
2025-10-21T22:24:07.452067,grail,“I,0,True,ae1bf9faa4f3,8.870136996847577,latency-c253bd3a3fa0.csv
2025-10-21T22:24:07.972151,shrek,you,409,True,bab402329d33,8.176645998901222,latency-c253bd3a3fa0.csv
2025-10-21T22:24:08.490960,shrek3,Ahh,8,True,bab402329d33,8.553135998226935,latency-c253bd3a3fa0.csv
2025-10-21T22:22:07.845969,shrek3,TO,511,True,bab402329d33,6.147172000055434,latency-dd9befb9f2a1.csv
2025-10-21T22:22:08.371091,grail,lost,6,True,ae1bf9faa4f3,6.353270000545308,latency-dd9befb9f2a1.csv
2025-10-21T22:22:08.885958,shrek3,bed,10,True,ae1bf9faa4f3,6.413708997570211,latency-dd9befb9f2a1.csv
2025-10-21T22:22:09.399116,grail,since,10,True,bab402329d33,5.183381003007526,latency-dd9befb9f2a1.csv
2025-10-21T22:22:09.910721,shrek3,reason,2,True,bab402329d33,5.753628000093158,latency-dd9befb9f2a1.csv
2025-10-21T22:22:10.424053,shrek3,toward,14,True,ae1bf9faa4f3,6.120230002125027,latency-dd9befb9f2a1.csv
2025-10-21T22:22:10.968238,shrek,SHREK,433,True,686bdd44bd9e,6.138401000498561,latency-dd9befb9f2a1.csv
2025-10-21T22:22:11.482207,shrek,Shrek,433,True,bab402329d33,5.776638998213457,latency-dd9befb9f2a1.csv
2025-10-21T22:22:11.995115,grail,ANOTHER,25,True,ae1bf9faa4f3,6.072692001907853,latency-dd9befb9f2a1.csv
2025-10-21T22:22:12.508197,shrek3,"Suddenly,",0,True,686bdd44bd9e,5.817172997922171,latency-dd9befb9f2a1.csv
2025-10-21T22:22:13.021605,grail,pause,10,True,bab402329d33,6.94023100004415,latency-dd9befb9f2a1.csv
2025-10-21T22:22:13.536739,shrek3,Cinderella,21,True,ae1bf9faa4f3,6.373242002155166,latency-dd9befb9f2a1.csv
2025-10-21T22:22:14.050932,shrek,its,1,True,686bdd44bd9e,8.12693800253328,latency-dd9befb9f2a1.csv
2025-10-21T22:22:14.566336,grail,upon,13,True,bab402329d33,8.218055998440832,latency-dd9befb9f2a1.csv
2025-10-21T22:22:15.083364,shrek3,the,1285,True,ae1bf9faa4f3,9.755215000041062,latency-dd9befb9f2a1.csv
2025-10-21T22:22:15.603381,grail,Boom,4,True,686bdd44bd9e,5.850736000866164,latency-dd9befb9f2a1.csv
2025-10-21T22:22:16.115583,shrek3,TO,511,True,bab402329d33,5.742224999266909,latency-dd9befb9f2a1.csv
2025-10-21T22:22:16.628890,grail,Yeah,13,True,ae1bf9faa4f3,7.4439939999138,latency-dd9befb9f2a1.csv
2025-10-21T22:22:17.145980,grail,19Prince,0,True,686bdd44bd9e,8.57051600178238,latency-dd9befb9f2a1.csv
2025-10-21T22:22:17.664917,shrek,ogre,27,True,bab402329d33,8.877696000126889,latency-dd9befb9f2a1.csv
2025-10-21T22:22:18.184537,shrek,tale,7,True,bab402329d33,9.085601999686332,latency-dd9befb9f2a1.csv
2025-10-21T22:22:18.706810,shrek,FIONA,211,True,686bdd44bd9e,10.366112997871824,latency-dd9befb9f2a1.csv
2025-10-21T22:22:19.227661,grail,GALAHAD,87,True,686bdd44bd9e,9.35026899969671,latency-dd9befb9f2a1.csv
2025-10-21T22:22:19.749734,shrek3,SCHOOL,14,True,ae1bf9faa4f3,11.387240996555192,latency-dd9befb9f2a1.csv
2025-10-21T22:22:20.274459,shrek,don't,72,True,686bdd44bd9e,7.370205999905011,latency-dd9befb9f2a1.csv
2025-10-21T22:22:20.792426,shrek,token,1,True,bab402329d33,8.108198002446443,latency-dd9befb9f2a1.csv
2025-10-21T22:22:21.310102,grail,pathetic,4,True,ae1bf9faa4f3,10.523036999074977,latency-dd9befb9f2a1.csv
2025-10-21T22:22:21.838480,grail,3,18,True,ae1bf9faa4f3,9.896332001517294,latency-dd9befb9f2a1.csv
2025-10-21T22:22:22.359780,shrek3,PRINCE,207,True,686bdd44bd9e,8.06204799664556,latency-dd9befb9f2a1.csv
2025-10-21T22:22:22.879110,shrek3,2,8,True,bab402329d33,8.921017000830034,latency-dd9befb9f2a1.csv
2025-10-21T22:22:23.397902,shrek,FIONA,211,True,ae1bf9faa4f3,8.214497996959835,latency-dd9befb9f2a1.csv
2025-10-21T22:22:23.917169,shrek,FIONA,211,True,686bdd44bd9e,8.022416997846449,latency-dd9befb9f2a1.csv
2025-10-21T22:22:24.432874,grail,them,41,True,bab402329d33,9.112682000704808,latency-dd9befb9f2a1.csv
2025-10-21T22:22:24.952752,shrek,FIONA,211,True,ae1bf9faa4f3,8.275786000012886,latency-dd9befb9f2a1.csv
2025-10-21T22:22:25.471134,grail,to,718,True,bab402329d33,8.839072997943731,latency-dd9befb9f2a1.csv
2025-10-21T22:22:25.990797,grail,the,1600,True,ae1bf9faa4f3,8.479274001729209,latency-dd9befb9f2a1.csv
2025-10-21T22:22:26.510026,shrek3,of,275,True,686bdd44bd9e,9.217050999723142,latency-dd9befb9f2a1.csv
2025-10-21T22:22:27.029212,shrek,SHREK,433,True,686bdd44bd9e,8.483732999593485,latency-dd9befb9f2a1.csv
2025-10-21T22:22:27.547521,shrek,I,386,True,ae1bf9faa4f3,8.944303001044318,latency-dd9befb9f2a1.csv
2025-10-21T22:22:28.067018,shrek,on,88,True,686bdd44bd9e,8.440016998065403,latency-dd9befb9f2a1.csv
2025-10-21T22:22:28.585843,shrek3,CHARMING,232,True,686bdd44bd9e,8.645359001093311,latency-dd9befb9f2a1.csv
2025-10-21T22:22:29.106823,shrek,tale,7,True,ae1bf9faa4f3,8.805851000943221,latency-dd9befb9f2a1.csv
2025-10-21T22:22:29.626199,shrek3,boomerang,1,True,686bdd44bd9e,9.340912001789548,latency-dd9befb9f2a1.csv
2025-10-21T22:22:30.145651,shrek,(standing,0,True,686bdd44bd9e,9.13693099937518,latency-dd9befb9f2a1.csv
2025-10-21T22:22:30.665730,grail,and,722,True,ae1bf9faa4f3,8.64235699918936,latency-dd9befb9f2a1.csv
2025-10-21T22:22:31.184124,shrek,Is,132,True,686bdd44bd9e,28.580201000295347,latency-dd9befb9f2a1.csv
2025-10-21T22:22:31.730267,shrek3,SHOUTING),0,False,bab402329d33,54.783577001217054,latency-dd9befb9f2a1.csv
2025-10-21T22:22:32.296731,shrek3,BOAT,32,True,ae1bf9faa4f3,8.394936001423048,latency-dd9befb9f2a1.csv
2025-10-21T22:22:32.815227,shrek3,his,238,True,686bdd44bd9e,8.435433002887294,latency-dd9befb9f2a1.csv
2025-10-21T22:22:33.333221,grail,door,14,True,bab402329d33,9.067166000022551,latency-dd9befb9f2a1.csv
2025-10-21T22:22:33.852293,grail,few,8,True,ae1bf9faa4f3,8.770741998887388,latency-dd9befb9f2a1.csv
2025-10-21T22:22:34.371768,grail,Who’s,3,True,686bdd44bd9e,9.218425999279134,latency-dd9befb9f2a1.csv
2025-10-21T22:22:34.890891,shrek,Aah,6,True,bab402329d33,8.280637997813756,latency-dd9befb9f2a1.csv
2025-10-21T22:22:35.409369,shrek3,WHITE,45,True,ae1bf9faa4f3,7.821991999662714,latency-dd9befb9f2a1.csv
2025-10-21T22:22:35.927425,grail,To,718,True,686bdd44bd9e,8.905866998247802,latency-dd9befb9f2a1.csv
2025-10-21T22:22:36.447852,shrek,edge,2,True,bab402329d33,8.092594998743152,latency-dd9befb9f2a1.csv
2025-10-21T22:22:36.966185,grail,Guard,106,True,ae1bf9faa4f3,9.030347999214428,latency-dd9befb9f2a1.csv
2025-10-21T22:22:37.486124,grail,the,1600,True,686bdd44bd9e,9.261625000362985,latency-dd9befb9f2a1.csv
2025-10-21T22:22:38.006701,grail,lost,6,True,bab402329d33,7.900486001744866,latency-dd9befb9f2a1.csv
2025-10-21T22:22:38.525379,shrek,and,318,True,ae1bf9faa4f3,8.410055997956078,latency-dd9befb9f2a1.csv
2025-10-21T22:22:39.043643,shrek3,Gingerbread,37,True,686bdd44bd9e,9.204804999171756,latency-dd9befb9f2a1.csv
2025-10-21T22:22:39.562619,grail,3,18,True,ae1bf9faa4f3,8.97354699918651,latency-dd9befb9f2a1.csv
2025-10-21T22:22:40.081917,shrek,true,20,True,ae1bf9faa4f3,8.65229999908479,latency-dd9befb9f2a1.csv
2025-10-21T22:22:40.600890,shrek3,WOLF,7,True,686bdd44bd9e,10.38354599950253,latency-dd9befb9f2a1.csv
2025-10-21T22:22:41.124384,shrek,true,20,True,ae1bf9faa4f3,10.052001998701598,latency-dd9befb9f2a1.csv
2025-10-21T22:22:41.644844,grail,CALLS,3,True,686bdd44bd9e,8.333113997650798,latency-dd9befb9f2a1.csv
2025-10-21T22:22:42.162723,shrek3,them,44,True,686bdd44bd9e,7.229890001326567,latency-dd9befb9f2a1.csv
2025-10-21T22:22:42.678825,shrek3,body),0,True,ae1bf9faa4f3,8.455362996755866,latency-dd9befb9f2a1.csv
2025-10-21T22:22:43.195978,shrek3,get,39,True,ae1bf9faa4f3,8.386092998989625,latency-dd9befb9f2a1.csv
2025-10-21T22:22:43.712914,shrek3,CAPTAIN,41,True,ae1bf9faa4f3,8.937817001424264,latency-dd9befb9f2a1.csv
2025-10-21T22:22:44.230299,grail,CALLS,3,True,ae1bf9faa4f3,8.023832000617404,latency-dd9befb9f2a1.csv
2025-10-21T22:22:44.746712,grail,19Prince,0,True,ae1bf9faa4f3,7.929002997116186,latency-dd9befb9f2a1.csv
2025-10-21T22:22:45.265955,shrek3,boomerang,1,True,ae1bf9faa4f3,10.166044001380214,latency-dd9befb9f2a1.csv
2025-10-21T22:22:45.788693,grail,a,666,True,ae1bf9faa4f3,10.512991997529753,latency-dd9befb9f2a1.csv
2025-10-21T22:22:46.315586,shrek,happily,2,True,ae1bf9faa4f3,8.822953997878358,latency-dd9befb9f2a1.csv
2025-10-21T22:22:46.835531,shrek3,-,110,True,686bdd44bd9e,8.66773999950965,latency-dd9befb9f2a1.csv
2025-10-21T22:22:47.354574,shrek,SHREK,433,True,ae1bf9faa4f3,12.116171998059144,latency-dd9befb9f2a1.csv
2025-10-21T22:22:47.882130,grail,Michael,11,True,ae1bf9faa4f3,8.528136000677478,latency-dd9befb9f2a1.csv
2025-10-21T22:22:48.402268,shrek,Aah,6,True,ae1bf9faa4f3,8.065490001172293,latency-dd9befb9f2a1.csv
2025-10-21T22:22:48.919716,grail,pause,10,True,ae1bf9faa4f3,8.262254999863217,latency-dd9befb9f2a1.csv
2025-10-21T22:22:49.442370,shrek,SHREK,433,True,ae1bf9faa4f3,7.384450997051317,latency-dd9befb9f2a1.csv
2025-10-21T22:22:49.959871,grail,and,722,True,ae1bf9faa4f3,7.295728999451967,latency-dd9befb9f2a1.csv
2025-10-21T22:22:50.476908,grail,about,49,True,ae1bf9faa4f3,8.181631998013472,latency-dd9befb9f2a1.csv
2025-10-21T22:22:50.994799,shrek3,with,112,True,686bdd44bd9e,8.306191997689893,latency-dd9befb9f2a1.csv
2025-10-21T22:22:51.513247,shrek,INSIDE,16,True,686bdd44bd9e,8.870763002050808,latency-dd9befb9f2a1.csv
2025-10-21T22:22:52.031260,grail,rows,1,True,686bdd44bd9e,9.130034999543568,latency-dd9befb9f2a1.csv
2025-10-21T22:22:52.549926,shrek,help,5,True,ae1bf9faa4f3,8.73609399786801,latency-dd9befb9f2a1.csv
2025-10-21T22:22:53.069932,shrek,FIONA'S,3,True,686bdd44bd9e,9.498367002379382,latency-dd9befb9f2a1.csv
2025-10-21T22:22:53.589613,grail,Bridge,30,True,686bdd44bd9e,8.5288340014813,latency-dd9befb9f2a1.csv
2025-10-21T22:22:54.108589,shrek3,Gingerbread,37,True,686bdd44bd9e,11.020367001037812,latency-dd9befb9f2a1.csv
2025-10-21T22:22:54.631222,grail,To,718,True,686bdd44bd9e,10.988565998559352,latency-dd9befb9f2a1.csv
2025-10-21T22:22:55.155424,grail,going,21,True,686bdd44bd9e,9.384267999848817,latency-dd9befb9f2a1.csv
2025-10-21T22:22:55.676165,shrek,SHREK,433,True,686bdd44bd9e,8.531412000593264,latency-dd9befb9f2a1.csv
2025-10-21T22:22:56.198396,grail,"Oh,",2,True,ae1bf9faa4f3,10.496222999790916,latency-dd9befb9f2a1.csv
2025-10-21T22:22:56.725554,shrek3,Arg,1,True,ae1bf9faa4f3,9.820160001254408,latency-dd9befb9f2a1.csv
2025-10-21T22:22:57.244173,shrek,FARQUAAD,84,True,ae1bf9faa4f3,7.957977999467403,latency-dd9befb9f2a1.csv
2025-10-21T22:22:57.761146,shrek,FIONA,211,True,ae1bf9faa4f3,9.451889000047233,latency-dd9befb9f2a1.csv
2025-10-21T22:22:58.282541,grail,are,114,True,ae1bf9faa4f3,10.28882700120448,latency-dd9befb9f2a1.csv
2025-10-21T22:22:58.805766,shrek,FIONA,211,True,686bdd44bd9e,8.992562001367332,latency-dd9befb9f2a1.csv
2025-10-21T22:22:59.324388,shrek3,WHITE,45,True,ae1bf9faa4f3,9.104101001867091,latency-dd9befb9f2a1.csv
2025-10-21T22:22:59.842935,shrek3,SNOW,49,True,686bdd44bd9e,9.162272999674316,latency-dd9befb9f2a1.csv
2025-10-21T22:23:00.362733,grail,the,1600,True,ae1bf9faa4f3,9.220569001627156,latency-dd9befb9f2a1.csv
2025-10-21T22:23:00.881770,shrek3,the,1285,True,686bdd44bd9e,8.356087000720436,latency-dd9befb9f2a1.csv
2025-10-21T22:23:01.400020,shrek3,EVIL,59,True,686bdd44bd9e,48.73977599709178,latency-dd9befb9f2a1.csv
2025-10-21T22:23:01.978390,grail,sell,1,True,686bdd44bd9e,13.531796997995116,latency-dd9befb9f2a1.csv
2025-10-21T22:23:02.509028,grail,from,94,True,686bdd44bd9e,8.217695001803804,latency-dd9befb9f2a1.csv
2025-10-21T22:23:03.026618,grail,thus,5,True,686bdd44bd9e,9.329937998700188,latency-dd9befb9f2a1.csv
2025-10-21T22:23:03.544722,shrek,fair,2,True,ae1bf9faa4f3,9.609983000700597,latency-dd9befb9f2a1.csv
2025-10-21T22:23:04.063459,grail,the,1600,True,686bdd44bd9e,9.764368001924597,latency-dd9befb9f2a1.csv
2025-10-21T22:23:04.585795,shrek,FIONA,211,True,686bdd44bd9e,7.467774998076493,latency-dd9befb9f2a1.csv
2025-10-21T22:23:05.102791,shrek3,EVIL,59,True,ae1bf9faa4f3,8.225036999647273,latency-dd9befb9f2a1.csv
2025-10-21T22:23:05.621045,shrek3,Gingerbread,37,True,686bdd44bd9e,9.27009800216183,latency-dd9befb9f2a1.csv
2025-10-21T22:23:06.141631,grail,king,136,True,686bdd44bd9e,6.986481999774696,latency-dd9befb9f2a1.csv
2025-10-21T22:23:06.660807,shrek,"Well,",0,True,686bdd44bd9e,7.6095900003565475,latency-dd9befb9f2a1.csv
2025-10-21T22:23:07.177326,shrek3,glass,9,True,686bdd44bd9e,8.297006999782752,latency-dd9befb9f2a1.csv
2025-10-21T22:23:07.695675,grail,"Oh,",2,True,686bdd44bd9e,8.145709998643724,latency-dd9befb9f2a1.csv
2025-10-21T22:23:08.217140,shrek,lay,2,True,686bdd44bd9e,7.375827000942081,latency-dd9befb9f2a1.csv
2025-10-21T22:23:08.734541,shrek,FARQUAAD,84,True,686bdd44bd9e,7.549141002527904,latency-dd9befb9f2a1.csv
2025-10-21T22:23:09.252571,grail,to,718,True,686bdd44bd9e,9.087777998502132,latency-dd9befb9f2a1.csv
2025-10-21T22:23:09.772258,shrek3,and,576,True,686bdd44bd9e,10.122707000846276,latency-dd9befb9f2a1.csv
2025-10-21T22:23:10.292790,grail,Michael,11,True,686bdd44bd9e,7.625563001056435,latency-dd9befb9f2a1.csv
2025-10-21T22:23:10.810131,shrek3,"meet""",0,True,686bdd44bd9e,7.724777002295013,latency-dd9befb9f2a1.csv
2025-10-21T22:23:11.327360,grail,the,1600,True,686bdd44bd9e,8.568384000682272,latency-dd9befb9f2a1.csv
2025-10-21T22:23:11.845478,grail,Jones,7,True,686bdd44bd9e,7.4658010016719345,latency-dd9befb9f2a1.csv
2025-10-21T22:23:12.362692,shrek,rising,1,True,686bdd44bd9e,7.987859000422759,latency-dd9befb9f2a1.csv
2025-10-21T22:23:12.881384,grail,are,114,True,686bdd44bd9e,7.388198999251472,latency-dd9befb9f2a1.csv
2025-10-21T22:23:13.398964,grail,Eolio,2,True,686bdd44bd9e,8.309378998092143,latency-dd9befb9f2a1.csv
2025-10-21T22:23:13.917312,shrek3,time,23,True,686bdd44bd9e,9.07234599799267,latency-dd9befb9f2a1.csv
2025-10-21T22:23:14.437505,grail,Boom,4,True,686bdd44bd9e,8.385762997932034,latency-dd9befb9f2a1.csv
2025-10-21T22:23:14.956417,grail,"Peng,",0,True,686bdd44bd9e,8.240674000262516,latency-dd9befb9f2a1.csv
2025-10-21T22:23:15.474503,shrek3,TO,511,True,686bdd44bd9e,9.021025001857195,latency-dd9befb9f2a1.csv
2025-10-21T22:23:15.992375,shrek,SHREK,433,True,686bdd44bd9e,8.682895000674762,latency-dd9befb9f2a1.csv
2025-10-21T22:23:16.513128,grail,Get,47,True,686bdd44bd9e,8.507471000484657,latency-dd9befb9f2a1.csv
2025-10-21T22:23:17.031669,shrek3,Gingerbread,37,True,686bdd44bd9e,8.4853150001436,latency-dd9befb9f2a1.csv
2025-10-21T22:23:17.550887,shrek3,"Suddenly,",0,True,686bdd44bd9e,9.144237999862526,latency-dd9befb9f2a1.csv
2025-10-21T22:23:18.073237,shrek3,"meet""",0,True,686bdd44bd9e,9.072802000446243,latency-dd9befb9f2a1.csv
2025-10-21T22:23:18.592962,shrek3,MERLIN,73,True,686bdd44bd9e,8.290215002489276,latency-dd9befb9f2a1.csv
2025-10-21T22:23:19.112154,grail,going,21,True,686bdd44bd9e,8.930364001571434,latency-dd9befb9f2a1.csv
2025-10-21T22:23:19.632881,shrek3,TO,511,True,686bdd44bd9e,11.55986099911388,latency-dd9befb9f2a1.csv
2025-10-21T22:23:20.155713,grail,for,118,True,686bdd44bd9e,10.278618003212614,latency-dd9befb9f2a1.csv
2025-10-21T22:23:20.676835,shrek,INSIDE,16,True,686bdd44bd9e,9.765562001120998,latency-dd9befb9f2a1.csv
2025-10-21T22:23:21.196113,shrek,minute,3,True,686bdd44bd9e,11.034180999558885,latency-dd9befb9f2a1.csv
2025-10-21T22:23:21.718671,shrek,(standing,0,True,686bdd44bd9e,11.547453999810386,latency-dd9befb9f2a1.csv
2025-10-21T22:23:22.240622,shrek3,flaming,2,True,686bdd44bd9e,10.08624699898064,latency-dd9befb9f2a1.csv
2025-10-21T22:23:22.760353,shrek,DONKEY,320,True,686bdd44bd9e,11.33413100251346,latency-dd9befb9f2a1.csv
2025-10-21T22:23:23.285617,shrek,swamp,18,True,686bdd44bd9e,8.780538002611138,latency-dd9befb9f2a1.csv
2025-10-21T22:23:23.804732,grail,"Oh,",2,True,686bdd44bd9e,9.603110000171,latency-dd9befb9f2a1.csv
2025-10-21T22:23:24.323986,shrek,after,10,True,686bdd44bd9e,15.423648997966666,latency-dd9befb9f2a1.csv
2025-10-21T22:23:24.855444,grail,for,118,True,686bdd44bd9e,9.980319999158382,latency-dd9befb9f2a1.csv
2025-10-21T22:23:25.377599,grail,Guard,106,True,686bdd44bd9e,10.029201999714132,latency-dd9befb9f2a1.csv
2025-10-21T22:23:25.897510,grail,(as,0,True,686bdd44bd9e,9.992461000365438,latency-dd9befb9f2a1.csv
2025-10-21T22:23:26.416709,shrek,lay,2,True,686bdd44bd9e,10.37716200153227,latency-dd9befb9f2a1.csv
2025-10-21T22:23:26.939023,grail,rows,1,True,686bdd44bd9e,10.78756500282907,latency-dd9befb9f2a1.csv
2025-10-21T22:23:27.462489,shrek,But,73,True,686bdd44bd9e,9.29109099888592,latency-dd9befb9f2a1.csv
2025-10-21T22:23:27.982434,shrek,FIONA,211,True,686bdd44bd9e,9.413845000381116,latency-dd9befb9f2a1.csv
2025-10-21T22:23:28.501914,shrek,and,318,True,686bdd44bd9e,10.685125998861622,latency-dd9befb9f2a1.csv
2025-10-21T22:23:29.025249,grail,Guard,106,True,686bdd44bd9e,9.395525998115772,latency-dd9befb9f2a1.csv
2025-10-21T22:23:29.544971,shrek,minute,3,True,686bdd44bd9e,9.680183997261338,latency-dd9befb9f2a1.csv
2025-10-21T22:23:30.064676,shrek,FIONA,211,True,686bdd44bd9e,10.395296001661336,latency-dd9befb9f2a1.csv
2025-10-21T22:23:30.584684,shrek3,fall,6,True,686bdd44bd9e,10.1195210008882,latency-dd9befb9f2a1.csv
2025-10-21T22:23:31.104637,shrek3,They,80,True,686bdd44bd9e,11.514236000948586,latency-dd9befb9f2a1.csv
2025-10-21T22:23:31.630711,shrek3,him,87,True,686bdd44bd9e,12.531286000012187,latency-dd9befb9f2a1.csv
2025-10-21T22:23:32.153720,grail,Tm,5,True,686bdd44bd9e,11.489868000353454,latency-dd9befb9f2a1.csv
2025-10-21T22:23:32.674856,shrek3,Artie,213,True,686bdd44bd9e,9.338480998849263,latency-dd9befb9f2a1.csv
2025-10-21T22:23:33.198557,shrek3,ruby,1,True,686bdd44bd9e,11.307592001685409,latency-dd9befb9f2a1.csv
2025-10-21T22:23:33.719823,shrek3,and,576,True,686bdd44bd9e,11.361230997863458,latency-dd9befb9f2a1.csv
2025-10-21T22:23:34.253501,grail,lost,6,True,686bdd44bd9e,8.272030001535313,latency-dd9befb9f2a1.csv
2025-10-21T22:23:34.770928,grail,LANCELOT,59,True,686bdd44bd9e,8.12777299870504,latency-dd9befb9f2a1.csv
2025-10-21T22:23:35.292562,shrek3,field,3,True,ae1bf9faa4f3,7.936281999718631,latency-dd9befb9f2a1.csv
2025-10-21T22:23:35.810590,shrek3,through,43,True,bab402329d33,9.187904001009883,latency-dd9befb9f2a1.csv
2025-10-21T22:23:36.333490,shrek,I,386,True,ae1bf9faa4f3,8.060443000431405,latency-dd9befb9f2a1.csv
2025-10-21T22:23:36.851750,shrek,who,29,True,ae1bf9faa4f3,8.176068997272523,latency-dd9befb9f2a1.csv
2025-10-21T22:23:37.370084,grail,"Oh,",2,True,bab402329d33,7.835652002540883,latency-dd9befb9f2a1.csv
2025-10-21T22:23:37.887676,shrek3,116,1,True,bab402329d33,8.845899999869289,latency-dd9befb9f2a1.csv
2025-10-21T22:23:38.408351,shrek3,them,44,True,686bdd44bd9e,8.56939000004786,latency-dd9befb9f2a1.csv
2025-10-21T22:23:38.927210,shrek3,Guards,23,True,686bdd44bd9e,10.249424001813168,latency-dd9befb9f2a1.csv
2025-10-21T22:23:39.448269,grail,54,2,True,bab402329d33,8.551033999538049,latency-dd9befb9f2a1.csv
2025-10-21T22:23:39.967450,shrek,at,62,True,686bdd44bd9e,9.138932000496425,latency-dd9befb9f2a1.csv
2025-10-21T22:23:40.487007,grail,elected,2,True,686bdd44bd9e,9.00888400065014,latency-dd9befb9f2a1.csv
2025-10-21T22:23:41.008475,shrek3,time,23,True,bab402329d33,8.678795999003341,latency-dd9befb9f2a1.csv
2025-10-21T22:23:41.528279,grail,19Prince,0,True,ae1bf9faa4f3,11.117660000309115,latency-dd9befb9f2a1.csv
2025-10-21T22:23:42.061412,shrek3,wont,0,True,bab402329d33,8.103497999400133,latency-dd9befb9f2a1.csv
2025-10-21T22:23:42.578762,shrek,What,104,True,ae1bf9faa4f3,8.507988997735083,latency-dd9befb9f2a1.csv
2025-10-21T22:23:43.097644,shrek,DONKEY,320,True,686bdd44bd9e,7.897046001744457,latency-dd9befb9f2a1.csv
2025-10-21T22:23:43.614508,shrek,CROWD,5,True,bab402329d33,8.283678998850519,latency-dd9befb9f2a1.csv
2025-10-21T22:23:44.134192,grail,pause,10,True,ae1bf9faa4f3,8.106317000056151,latency-dd9befb9f2a1.csv
2025-10-21T22:23:44.652033,grail,"collective,",0,True,686bdd44bd9e,8.979073001682991,latency-dd9befb9f2a1.csv
2025-10-21T22:23:45.171723,grail,"lute,",0,True,686bdd44bd9e,9.16964299904066,latency-dd9befb9f2a1.csv
2025-10-21T22:23:45.691660,grail,LANCELOT,59,True,ae1bf9faa4f3,8.706070999323856,latency-dd9befb9f2a1.csv
2025-10-21T22:23:46.212987,shrek,FIONA,211,True,686bdd44bd9e,9.345531001599738,latency-dd9befb9f2a1.csv
2025-10-21T22:23:46.732879,shrek3,body),0,True,bab402329d33,9.278057001210982,latency-dd9befb9f2a1.csv
2025-10-21T22:23:47.252787,grail,at,104,True,ae1bf9faa4f3,9.143788000073982,latency-dd9befb9f2a1.csv
2025-10-21T22:23:47.772507,grail,"lute,",0,True,ae1bf9faa4f3,8.67134299915051,latency-dd9befb9f2a1.csv
2025-10-21T22:23:48.292161,shrek3,fall,6,True,686bdd44bd9e,9.083742999791866,latency-dd9befb9f2a1.csv
2025-10-21T22:23:48.816146,shrek3,get,39,True,bab402329d33,10.779354997794144,latency-dd9befb9f2a1.csv
2025-10-21T22:23:49.337478,shrek,edge,2,True,686bdd44bd9e,8.440028999757487,latency-dd9befb9f2a1.csv
2025-10-21T22:23:49.857992,shrek,FIONA'S,3,True,686bdd44bd9e,9.338190000562465,latency-dd9befb9f2a1.csv
2025-10-21T22:23:50.377904,grail,thus,5,True,bab402329d33,8.507239999744343,latency-dd9befb9f2a1.csv
2025-10-21T22:23:50.896538,shrek,number,8,True,ae1bf9faa4f3,8.769177002250217,latency-dd9befb9f2a1.csv
2025-10-21T22:23:51.416150,grail,Get,47,True,bab402329d33,11.348527001246111,latency-dd9befb9f2a1.csv
2025-10-21T22:23:51.938555,shrek3,reason,2,True,ae1bf9faa4f3,8.4496780000336,latency-dd9befb9f2a1.csv
2025-10-21T22:23:52.456047,grail,Christ,8,True,ae1bf9faa4f3,9.306107996962965,latency-dd9befb9f2a1.csv
2025-10-21T22:23:52.976872,shrek,old,10,True,bab402329d33,9.168457996565849,latency-dd9befb9f2a1.csv
2025-10-21T22:23:53.496373,grail,right,66,True,ae1bf9faa4f3,8.643741999549093,latency-dd9befb9f2a1.csv
2025-10-21T22:23:54.014726,shrek,whistles,2,True,686bdd44bd9e,7.120933001715457,latency-dd9befb9f2a1.csv
2025-10-21T22:23:54.531225,grail,going,21,True,bab402329d33,9.060831998795038,latency-dd9befb9f2a1.csv
2025-10-21T22:23:55.051047,shrek,happily,2,True,ae1bf9faa4f3,8.901530000002822,latency-dd9befb9f2a1.csv
2025-10-21T22:23:55.571035,shrek3,DWARF,10,True,ae1bf9faa4f3,9.60036200194736,latency-dd9befb9f2a1.csv
2025-10-21T22:23:56.090990,grail,TV,2,True,bab402329d33,8.81591300276341,latency-dd9befb9f2a1.csv
2025-10-21T22:23:56.610232,shrek,And,318,True,ae1bf9faa4f3,8.858032000716776,latency-dd9befb9f2a1.csv
2025-10-21T22:23:57.128872,shrek,FIONA,211,True,686bdd44bd9e,8.897394000086933,latency-dd9befb9f2a1.csv
2025-10-21T22:23:57.648401,grail,are,114,True,bab402329d33,9.06329500139691,latency-dd9befb9f2a1.csv
2025-10-21T22:23:58.167402,shrek3,EVIL,59,True,bab402329d33,9.380741998029407,latency-dd9befb9f2a1.csv
2025-10-21T22:23:58.686089,grail,I,298,True,686bdd44bd9e,9.601514000678437,latency-dd9befb9f2a1.csv
2025-10-21T22:23:59.206686,shrek,tell,25,True,bab402329d33,9.534371998597637,latency-dd9befb9f2a1.csv
2025-10-21T22:23:59.726590,grail,To,718,True,ae1bf9faa4f3,8.985788001155015,latency-dd9befb9f2a1.csv
2025-10-21T22:24:00.246276,shrek3,CAPTAIN,41,True,ae1bf9faa4f3,9.54801499756286,latency-dd9befb9f2a1.csv
2025-10-21T22:24:00.765302,grail,us,32,True,bab402329d33,8.712725000805221,latency-dd9befb9f2a1.csv
2025-10-21T22:24:01.289723,shrek3,get,39,True,bab402329d33,84.30533999853651,latency-dd9befb9f2a1.csv
2025-10-21T22:24:01.903376,shrek3,Guards,23,True,686bdd44bd9e,11.608674998569768,latency-dd9befb9f2a1.csv
2025-10-21T22:24:02.424894,shrek3,an,51,True,bab402329d33,12.18443299876526,latency-dd9befb9f2a1.csv
2025-10-21T22:24:02.946984,shrek,FIONA,211,True,ae1bf9faa4f3,10.50013300118735,latency-dd9befb9f2a1.csv
2025-10-21T22:24:03.469134,shrek,number,8,True,686bdd44bd9e,11.925453000003472,latency-dd9befb9f2a1.csv
2025-10-21T22:24:04.006147,shrek,whole,10,True,bab402329d33,13.93392299723928,latency-dd9befb9f2a1.csv
2025-10-21T22:24:04.533195,grail,singing,33,True,bab402329d33,9.65233500028262,latency-dd9befb9f2a1.csv
2025-10-21T22:24:05.054306,shrek3,and,576,True,686bdd44bd9e,10.548235000896966,latency-dd9befb9f2a1.csv
2025-10-21T22:24:05.577233,shrek,after,10,True,686bdd44bd9e,9.635099999286467,latency-dd9befb9f2a1.csv
2025-10-21T22:24:06.098185,shrek3,you,328,True,bab402329d33,11.334490998706316,latency-dd9befb9f2a1.csv
2025-10-21T22:24:06.622359,shrek,CROWD,5,True,bab402329d33,10.634031001245605,latency-dd9befb9f2a1.csv
2025-10-21T22:24:07.145826,shrek3,DWARF,10,True,ae1bf9faa4f3,10.017797998443712,latency-dd9befb9f2a1.csv
2025-10-21T22:24:07.668248,shrek3,at,134,True,686bdd44bd9e,11.545090001163771,latency-dd9befb9f2a1.csv
2025-10-21T22:24:08.190644,shrek,who,29,True,bab402329d33,11.091527998360108,latency-dd9befb9f2a1.csv
2025-10-21T22:24:08.715621,grail,ANOTHER,25,True,bab402329d33,11.0701550001977,latency-dd9befb9f2a1.csv
